date,year,actual_pm25,predicted_pm25,biomass_burning,calendar_seasonal,external_environmental,meteorology,pm25_persistence,wind_ventilation
2020-01-01,2020,294.84,312.53629398228935,0.3659264077683882,0.0,112.02150604595325,-1.3778490383740216,54.54215895896474,3.822019267114417
2020-01-02,2020,263.03,258.81361876871955,-0.11054978481007807,0.0,55.816173161192424,1.374915159028988,53.27810004129068,5.292447851155171
2020-01-03,2020,205.46,223.66536655279015,-0.7954994451086808,0.0,31.170850269078887,0.7333249933449381,44.69404321751965,4.700115177093147
2020-01-04,2020,263.24,235.25842235724514,0.9244580541819309,0.0,32.14430837258726,1.6562276247392027,48.717127665196145,8.653768299678376
2020-01-05,2020,218.68,216.1971578202217,0.5684176942892498,0.0,20.53745101636856,0.5142523068740288,44.51799504192862,6.896509419898795
2020-01-06,2020,220.28,200.96767478681116,0.4746861083550771,0.0,-11.243780675774998,1.1255628088315754,58.24955398257672,9.199120221960271
2020-01-07,2020,255.75,252.37244356922704,-0.1235089401560911,0.0,53.76251626156463,1.0069695857162155,49.572695977581375,4.991238343658478
2020-01-08,2020,293.11,253.02264864053996,0.7992802846657578,0.0,48.08216984109785,1.7452196370024955,53.28202541596602,5.951421120945376
2020-01-09,2020,199.65,221.67060580376238,-1.0740316205139016,0.0,29.579745732210245,1.0240831091384164,43.958884894460894,5.019391347604297
2020-01-10,2020,318.41,295.8623487192553,0.4225434330154285,0.0,88.71110133015114,2.1497917123811705,53.18009145011246,8.236288452733298
2020-01-11,2020,335.83,302.56265120373683,-0.2842849707195283,0.0,94.24797931566374,1.420594579107678,55.76347138189584,8.252358556927254
2020-01-12,2020,331.67,325.5176542121624,0.04642872618318879,0.0,116.44568941857763,0.2353429287464111,57.986165930986125,7.641494866807382
2020-01-13,2020,228.61,265.61167635217447,-0.7800359121869811,0.0,73.83847989895169,-0.39421490504403567,47.5205359346583,2.2643789949337587
2020-01-14,2020,369.9,364.53692745965833,0.09219369959482131,0.0,151.7280942506009,1.059543977700675,62.308266485734976,6.1862967051638025
2020-01-15,2020,248.59,226.59973370819407,-0.04076994865487654,0.0,24.126965839057846,1.627088095440681,49.06915959639886,8.654757785088908
2020-01-16,2020,279.82,260.5675409005299,0.14585521547339517,0.0,52.16834190352464,1.9330687064749275,56.77606695637686,6.381675777817315
2020-01-17,2020,333.87,324.5030269321782,-0.7511474715151804,0.0,115.88170517258374,1.204588478100668,57.55618387645642,7.4491645356909215
2020-01-18,2020,378.5,371.1717445461634,0.16208066118293074,0.0,153.19931307166328,1.673922461894795,64.17644334817227,8.797452662387432
2020-01-19,2020,190.64,189.39577793092897,-0.20819421007588823,0.0,-35.039361388322064,1.599636588311821,67.27045480971532,12.610709790437134
2020-01-20,2020,285.63,274.8410791139376,-0.01283536555601314,0.0,63.6400719978082,1.8422527218752454,59.305711406262176,6.903346012685109
2020-01-21,2020,216.31,244.79875134884358,-1.0904816219381888,0.0,52.117051659173285,1.2859929377136425,46.01781753221344,3.3058385008188362
2020-01-22,2020,271.73,284.0698267763652,-0.4655099479772494,0.0,81.97686206917314,1.694661473209516,51.27162497396599,6.429655867130883
2020-01-23,2020,347.3,356.3683647024804,-0.363400353053711,0.0,148.3255791698425,1.3682147523507675,59.746414134382945,4.1290246580955685
2020-01-24,2020,299.61,287.7909292794465,0.45934001090705373,0.0,85.83553969420265,0.7886150220307421,51.963380618777066,5.581521592667225
2020-01-25,2020,259.31,259.58192000332633,-0.21239179957585166,0.0,58.85909390897654,-0.05730362847220888,53.00592144017875,4.824067741356325
2020-01-26,2020,338.25,346.32672496366393,-0.4115929397219044,0.0,146.70304685035828,0.23484774518751247,59.17786486767784,-2.5399739006994735
2020-01-27,2020,264.41,252.2112230882806,-0.2986327761053819,0.0,57.008002266696664,1.237398284965844,49.369113103991054,1.7328098678697472
2020-01-28,2020,339.78,350.636304582157,-0.20118647608365392,0.0,144.00605236335372,0.8234093790572994,60.4096982230745,2.435798751892461
2020-01-29,2020,316.48,319.69098891516546,-0.36477099278883146,0.0,118.67633764255766,0.22172812702522735,53.83280111203514,4.162360685474281
2020-01-30,2020,394.76,358.3210359833865,0.4579689126418658,0.0,145.1923349586669,2.874817913552802,62.74759410886914,3.885787748793233
2020-01-31,2020,217.58,215.94923777342387,0.4525375324915605,0.0,24.840908016460556,0.513481619027264,44.58220488478521,2.397573379796624
2020-02-01,2020,133.72,167.49683947985343,-0.19341493025364193,0.0,-39.69464909112203,0.871777249666826,61.233683598825095,2.116910311874936
2020-02-02,2020,165.16,188.19287917016817,-0.9528164696541253,0.0,16.29904831570466,0.21208996839139138,29.407021000267648,0.06500401459611209
2020-02-03,2020,113.95,135.11627578075593,-0.9117286352363071,0.0,-54.65033621044571,0.5836398500550781,41.475267905088636,5.456900530431678
2020-02-04,2020,219.65,179.1235223274233,1.0112554277082981,0.0,-25.308998818451794,1.8631810308309082,44.5848567120356,13.810695634437785
2020-02-05,2020,115.87,127.17289833790228,0.08969022362439334,0.0,-63.372697673588036,0.597396933261663,42.984700793817346,3.7112757199240862
2020-02-06,2020,192.14,168.33614916786445,0.5674398810173505,0.0,-31.181732690671254,2.225980917966377,43.01596193038941,10.545966788300008
2020-02-07,2020,192.08,188.52843426157494,-0.1330665157201823,0.0,3.5236107105141836,0.6544940659267711,34.218413692449786,7.1024499675417685
2020-02-08,2020,222.53,204.10377144570452,0.35756751014895916,0.0,29.199568660761518,1.1714029986047316,25.68401779951168,4.528682135814929
2020-02-09,2020,115.12,124.40597224844801,-1.047381904144219,0.0,-63.44704408549689,0.7100316609725864,38.99779544252254,6.030038793731304
2020-02-10,2020,153.68,181.0566084553176,-0.5958961907383109,0.0,21.59734559345649,0.3776492404779133,14.461126865155144,2.053850606104027
2020-02-11,2020,182.65,168.83961756585765,-0.06564875905762549,0.0,-30.146717536642868,1.960505427194596,46.07963261607544,7.849313477425399
2020-02-12,2020,160.86,148.76432005582137,0.18102209475352715,0.0,-41.6360947228634,1.5775990880029247,39.432735904906195,6.046525350159773
2020-02-13,2020,224.76,214.1519343778651,-0.39153674397110316,0.0,40.33073178395944,1.3477974246550195,29.137980573653394,0.5644289987059247
2020-02-14,2020,203.18,206.99791450852933,-0.5713079438213553,0.0,41.93533253511604,-0.04836494923720852,23.587472294323142,-1.0677497687137198
2020-02-15,2020,114.89,151.37533308358016,-0.8803001937413782,0.0,-5.906065651551568,0.50361746268758,24.13016678370957,-9.634617658386393
2020-02-16,2020,116.5,127.96962455302773,-0.9553131835055851,0.0,-35.27782055811058,-0.929308689078316,22.87159215051722,-0.9020575076575807
2020-02-17,2020,114.96,137.62627834304118,-0.5424513891092725,0.0,-27.221373613056176,-1.0226293746760657,23.78819684676791,-0.5379964677477611
2020-02-18,2020,141.84,130.41706760977064,0.4178594768307384,0.0,-40.38755824230586,0.45218387491668866,18.15198919618377,8.620060963282375
2020-02-19,2020,200.68,203.61767044914123,-0.09046572203604965,0.0,56.35255484829987,-0.3636772027134641,0.2873072228625613,4.269418961866054
2020-02-20,2020,136.03,130.85216787566566,0.6482171254852915,0.0,-51.99211765309646,0.18474726424147145,35.692648408765685,3.1561403894070734
2020-02-21,2020,213.38,197.59680451742759,0.6443271568680609,0.0,32.329476604712504,0.3015125897297426,18.12465878357799,3.034297041676868
2020-02-22,2020,166.54,183.42454257709701,0.4734612014071833,0.0,23.588434768626026,0.4949174770719566,18.029574186644215,-2.3243773975148256
2020-02-23,2020,135.72,130.89803187405457,0.5250732476530191,0.0,-53.20032311404977,0.9458562364225861,35.839100571340296,3.6257925918261558
2020-02-24,2020,218.86,200.80891294915992,0.32839144316942226,0.0,33.149285886502646,1.416412024743857,19.722723871869434,3.0295673820119906
2020-02-25,2020,188.64,167.15756015189675,0.007482180352944429,0.0,-27.088888368384513,2.4194546602318665,44.19264681584691,4.46433252298693
2020-02-26,2020,166.45,158.94306210570699,0.08121699126914939,0.0,-28.53249255492931,2.3351913922074323,39.689545586477216,2.207068349819647
2020-02-27,2020,222.39,220.3747708123657,0.0987950700601618,0.0,53.66107726891142,1.6824003574463364,17.869890370547875,3.900075404537545
2020-02-28,2020,153.5,163.47839056394693,-0.04486686165983833,0.0,-30.26905713296238,2.092622352638077,45.67696307165369,2.8601967934144423
2020-02-29,2020,206.33,199.83439614119536,0.17142324591913916,0.0,28.06406396136242,0.8526847720230555,24.603710774543472,2.979981046484414
2020-03-01,2020,53.63,100.36649097377209,-1.5127884773876639,0.0,-66.69556802895247,0.1117984929953682,32.387148852344204,-7.0866322060897415
2020-03-02,2020,64.75,78.08606769559074,-1.0629248927841266,0.0,-51.51556098176273,0.02418575083898905,-8.719530849372443,-3.802633672191045
2020-03-03,2020,51.99,73.01122729568395,-0.6376853782541394,0.0,-49.74041970607611,0.2724649531188109,-16.987725760388393,-3.0579391535789573
2020-03-04,2020,58.95,52.35308336623071,-0.30007944249416035,0.0,-52.00140976407971,1.1751264169872535,-39.555769582945146,-0.12731660209998663
2020-03-05,2020,39.73,47.5401955843548,-0.8561481150418859,0.0,-52.683939340812984,0.9053420972909542,-42.23178981415982,-0.7558015837839815
2020-03-06,2020,59.96,54.90236946646864,-0.4427601215126875,0.0,-47.792401586217686,0.6760504827372379,-40.70401174918264,0.002960099781901565
2020-03-07,2020,64.31,54.68168610560829,-0.3711159256473042,0.0,-44.65314975404834,0.6082792790210045,-43.52881272442526,-0.5360471101542902
2020-03-08,2020,45.69,47.25564523347931,-0.7274796011397737,0.0,-53.2523704146184,0.7898721281353461,-41.66973111681594,-1.0471781029443776
2020-03-09,2020,65.38,57.65948126676348,2.485471012149368,0.0,-50.64151157522174,0.8792934781364635,-38.325015598620055,0.09871160945698473
2020-03-10,2020,67.23,52.28347609792894,-0.158675868312167,0.0,-49.863448855511145,1.2560650445195698,-42.57838808879772,0.46539152516768084
2020-03-11,2020,43.71,52.463160682740096,-0.46325773979863705,0.0,-45.85434717592694,0.5992927605347521,-43.71806825870165,-1.2629912442302305
2020-03-12,2020,47.51,50.12686059915429,-0.5384120023960466,0.0,-46.59930141351458,0.5861769990901021,-45.926575162435896,-0.5575601624515698
2020-03-13,2020,41.43,45.81734752899293,0.35249075588627105,0.0,-55.302327765368815,0.9191845792074669,-42.60227684576177,-0.7122555358326328
2020-03-14,2020,38.61,45.24419527212453,-0.20709453363165603,0.0,-51.05489963891144,0.5256063185550054,-47.823098097121694,0.641148882372151
2020-03-15,2020,44.11,44.929212678634414,1.1147608473421804,0.0,-55.88877188432895,0.6463914110591082,-43.93400755301541,-0.17169248328453915
2020-03-16,2020,40.47,44.90676795414941,0.6349483848768611,0.0,-49.973173894412824,0.3611622670663999,-47.342862988059224,-1.9358381561844114
2020-03-17,2020,51.63,48.08684535531935,-0.293806584763166,0.0,-53.083829050265344,1.05878993763606,-42.36240134023432,-0.39443994791633885
2020-03-18,2020,45.6,51.25430642232147,-0.42213668425787476,0.0,-44.36086718863606,0.6674622782476938,-47.27767148494429,-0.515012838951207
2020-03-19,2020,46.82,47.379174052273804,-0.3556354214671112,0.0,-53.45670811996713,1.065339154207735,-42.55590400717638,-0.4804498941854854
2020-03-20,2020,61.67,54.057913613914,1.5155822399513421,0.0,-51.250781150972514,0.880209916733319,-39.855099278042196,-0.3945304546183596
2020-03-21,2020,62.08,55.26972374734509,0.1704012977837035,0.0,-45.80157861614515,0.8254618049437371,-43.10625124367767,0.019158163577956
2020-03-22,2020,37.78,48.48856404268781,-0.5115454654308624,0.0,-49.044437388808845,0.8476206311930529,-44.27065303207722,-1.6949530430509148
2020-03-23,2020,52.15,52.32878263270644,-0.17947936854260432,0.0,-51.631146137444304,0.9001577558947838,-39.51858121878157,-0.40470073928223405
2020-03-24,2020,53.69,52.265402362384194,-0.20847532450123785,0.0,-47.30017734408706,0.7597112494241132,-43.16363363466121,-0.9845549246526792
2020-03-25,2020,47.55,52.78410387601268,1.4339216412489266,0.0,-47.785859169862846,0.7066564883371357,-43.27791203354507,-1.4552353910276512
2020-03-26,2020,61.45,59.28818563600434,0.7715316471306998,0.0,-45.04011886476023,0.9732016038823154,-41.100291523481786,0.5213304323709659
2020-03-27,2020,56.92,53.38618685416112,-0.30156985523303087,0.0,-50.25045997803204,1.0682198548119144,-40.04322591958992,-0.24930958865850292
2020-03-28,2020,66.43,59.92767366224952,0.41928135648301,0.0,-43.28154849183122,0.9385536662009932,-42.626165138263815,1.315019928797824
2020-03-29,2020,50.22,61.768955253899485,0.8421096285416616,0.0,-42.181319944409445,0.7067394117480803,-40.64074666134574,-0.12035952149781463
2020-03-30,2020,57.05,54.55641167878921,0.23030873761433757,0.0,-51.2786205604234,1.261663030968682,-38.96014071081056,0.14066884057767837
2020-03-31,2020,68.6,60.04922184130418,0.7072255305969515,0.0,-49.3756487981386,1.4985852703752873,-37.778553235377956,1.835080732985845
2020-04-01,2020,71.45,64.933551062518,-0.2883973452391628,0.0,-45.71816440022932,1.3931870237124366,-32.32390404837067,-1.2917025082176212
2020-04-02,2020,69.98,61.88535820840438,2.014437852962377,0.0,-52.69848655942624,0.9444522984237123,-30.460926044031716,-1.076651680386205
2020-04-03,2020,56.01,57.41791122739924,1.552791567920371,0.0,-54.35279913590441,0.8397478459160387,-31.78549865650396,-1.998862734891313
2020-04-04,2020,70.63,67.50138871184498,1.8478936609789343,0.0,-40.07465993297622,1.1045312562009333,-39.99503623936187,1.456127626140661
2020-04-05,2020,46.42,53.38290990329509,0.7591180596093604,0.0,-55.11136226768013,0.6008689281236874,-33.723010974379605,-2.305236183240538
2020-04-06,2020,53.96,56.8308114508112,1.7308058144522735,0.0,-50.35435526080076,0.6966283049394264,-38.00378162197612,-0.4010181266658692
2020-04-07,2020,65.17,64.61631682403025,2.3548135856776007,0.0,-42.271821729935525,0.8235424082544467,-40.45736084382382,1.0046110629948684
2020-04-08,2020,65.27,61.86780659677493,1.5435423007234916,0.0,-45.167255619365804,0.8738620777052686,-39.22343942367529,0.6785649205250207
2020-04-09,2020,64.83,58.85425947000963,1.646002056287326,0.0,-49.28769352033006,0.6671193644233339,-38.05591385938635,0.7222130881529627
2020-04-10,2020,57.32,52.373887775929546,1.9809629358687908,0.0,-53.57906110326849,0.44403718809540077,-39.27427505208789,-0.3603085335408389
2020-04-11,2020,49.09,51.49880387666769,1.1671626122595729,0.0,-49.91372607284885,0.3161959172601194,-42.22582832316634,-1.0075325976989764
2020-04-12,2020,46.04,48.209018912634626,1.333080903108992,0.0,-53.96596263629113,-0.01777919703036543,-40.83861251820132,-1.4642399798139556
2020-04-13,2020,61.36,59.287441340479866,2.0288933650982965,0.0,-45.68311885686205,0.26099155956640796,-40.34677326999866,-0.1350837981864867
2020-04-14,2020,36.49,47.0256093176794,0.7443566673565971,0.0,-51.287161891324736,-0.7941375461565895,-41.65485582889378,-3.1451244241649077
2020-04-15,2020,70.33,60.38643400803302,1.0171362514337536,0.0,-44.93934252960248,-0.01253733737794787,-38.69715957448498,-0.1441951427978638
2020-04-16,2020,55.38,56.38444432617919,1.3689240468441275,0.0,-52.481780301048204,-0.5875044642842705,-33.12343472301232,-1.9542925731829164
2020-04-17,2020,41.66,55.88404910125841,0.5361907607133662,0.0,-41.79490339243817,-0.7270997621715868,-43.55400476644256,-1.7386660792652964
2020-04-18,2020,52.83,55.067128793209015,0.6984040014009071,0.0,-47.333516658429986,-0.42841404699485786,-40.16563652817438,-0.8662403154551556
2020-04-19,2020,49.31,50.438585353249366,1.0762357982248363,0.0,-50.73190293377247,-0.5544925110475413,-40.191637725371464,-2.3221496156467465
2020-04-20,2020,61.87,57.86629270787713,1.2844651053333807,0.0,-46.052551608509035,0.0737331953225768,-40.2233967307531,-0.3784895943791313
2020-04-21,2020,54.84,53.55788295063151,1.1334471014426124,0.0,-51.06463025118118,0.15371516951788322,-39.058433122852804,-0.7687482871579381
2020-04-22,2020,57.81,54.56559104309095,1.2151077092976574,0.0,-50.44872148410943,0.3860408840993873,-38.91692477481181,-0.8324436322473525
2020-04-23,2020,46.83,81.72751971350743,0.43901414909676945,0.0,-22.620810784228514,0.14501375701786673,-37.128929923062806,-2.269299826178141
2020-04-24,2020,51.03,49.38646872051516,1.0742972016810308,0.0,-51.54632822786182,-0.33680332407838554,-40.40595625737421,-2.5612730127140275
2020-04-25,2020,45.35,49.79171475692296,0.8333116368616034,0.0,-50.5192149754435,-0.5518665117929973,-40.879411318158745,-2.2536364154062025
2020-04-26,2020,40.93,45.307897855494545,1.037747115082496,0.0,-52.35922039789448,-0.7829828545473284,-42.51545098980176,-3.234727358207052
2020-04-27,2020,37.21,46.40962525715025,0.7429955875762176,0.0,-52.89109924401856,-0.1729603359711972,-42.10314523974436,-2.3286978515544736
2020-04-28,2020,42.99,48.69866281470301,0.869152428106619,0.0,-49.414334696914096,0.36468587607014774,-43.65841996106309,-2.6249531723592727
2020-04-29,2020,50.16,51.307915032553495,1.1830965302560754,0.0,-49.95268981326612,0.2083597797747196,-42.051142767217605,-1.2422410378561684
2020-04-30,2020,44.03,48.99380338317502,0.6077662104602419,0.0,-47.51663127333283,-0.009301985428255544,-44.779119382968865,-2.4714425264177255
2020-05-01,2020,66.22,59.31883546999646,0.9550711834913568,0.0,-42.67910759493904,0.41392498595811167,-42.3085966749807,-0.22498877039588078
2020-05-02,2020,47.13,53.06882202385089,0.3979780675456742,0.0,-46.44004812202574,-0.37839903181539347,-41.32846143108068,-2.344779799635497
2020-05-03,2020,65.08,55.70206642513,1.5212415930521448,0.0,-49.9253713149276,-0.13071289016041493,-37.858298454485585,-1.0673248492110627
2020-05-04,2020,52.32,53.60183289858903,0.6545533794761407,0.0,-47.04751794082353,0.2006113112850746,-41.48192743620947,-1.8864187560014307
2020-05-05,2020,67.17,62.36224249733969,2.37209573035011,0.0,-42.48757368131715,0.5796038254982153,-41.33277869845864,0.06836298040448802
2020-05-06,2020,44.06,49.02690689555518,0.7171103700065923,0.0,-53.14424249516761,-0.1597942347017375,-38.56850016846082,-2.9801989169839502
2020-05-07,2020,51.09,51.86217660805967,1.0289615948359354,0.0,-51.13854892914507,-0.2202663972124745,-39.32665612011663,-1.6438458811644712
2020-05-08,2020,39.24,45.46428591945301,1.2099080817692398,0.0,-54.35389078770274,-0.4919545410975824,-41.53340584772811,-2.5289033266503913
2020-05-09,2020,64.28,56.67847398782757,1.4649320138915738,0.0,-45.249258675504414,0.04539911442950716,-42.78464206229409,0.039511256442289186
2020-05-10,2020,49.45,51.43334322947943,1.046557367402941,0.0,-48.65054656650595,-0.4455902694637642,-42.6723020667098,-1.0073075761065595
2020-05-11,2020,56.38,56.42742382483934,0.7727553564256118,0.0,-42.482257269725956,-0.2251325624550642,-43.53950552596327,-1.2609685143048264
2020-05-12,2020,58.73,55.8062908554073,1.4196080755214229,0.0,-48.87716559921321,-0.19874385777279188,-39.44692495503962,-0.25301514895107863
2020-05-13,2020,37.22,50.14894830319183,0.8816815085120638,0.0,-50.22453473706729,-0.5024592690400982,-41.40440228585755,-1.7638692542179935
2020-05-14,2020,65.07,59.87846707938101,1.1651120622207298,0.0,-42.56854815209228,0.13368140621254535,-41.37817811090888,-0.6361324669137534
2020-05-15,2020,54.36,56.01679775047916,2.1615728498012428,0.0,-50.07361671413907,-0.3688036223939747,-38.89568811233231,0.030801008680543453
2020-05-16,2020,68.08,59.901861799273,2.3045256521567805,0.0,-49.30982783963294,-0.18173613365571403,-37.150556957608664,1.0769247371509736
2020-05-17,2020,45.34,51.73115289189951,0.9474144714483663,0.0,-53.50424310365726,-0.6648185942454066,-36.24929020316324,-1.9604420193457226
2020-05-18,2020,36.94,48.60776306535176,1.1215598374299083,0.0,-52.20385534881654,-0.784401519713878,-40.16154047634379,-2.526531768066728
2020-05-19,2020,67.37,57.443878680837706,1.4635689304367734,0.0,-49.783561720338604,-0.09869690850797629,-37.39445933405201,0.09449537243681151
2020-05-20,2020,64.44,58.276480125335794,2.4131968318957755,0.0,-51.159204954625594,-0.33660232274503665,-35.66421556477876,-0.13922620527340035
2020-05-21,2020,58.55,59.998252075912816,2.2103515588276204,0.0,-42.878213748176634,-0.32820165421864905,-41.59227380670403,-0.5759426146783502
2020-05-22,2020,44.09,50.162523089861494,0.9655198198477952,0.0,-50.8375509761803,-0.6924267613693764,-39.73487648419432,-2.7006748491049017
2020-05-23,2020,64.29,58.584861447153116,0.947174422493702,0.0,-45.43881827860702,-0.14831587292948412,-39.37069228866588,-0.5670188760006938
2020-05-24,2020,69.85,59.484468278516154,2.5194907968544014,0.0,-48.00373087734273,-0.2823637475293322,-38.543730505902026,0.632270271573212
2020-05-25,2020,54.9,55.13282651109058,2.2362900359021687,0.0,-53.934696168238446,-0.7437607792011677,-33.42236377834486,-2.1651751398897616
2020-05-26,2020,45.77,51.53508523162226,2.0644637110871153,0.0,-50.861515809683745,-1.0850861987577547,-40.27612538934973,-1.469183422535881
2020-05-27,2020,44.96,49.52823909703995,1.608188738835244,0.0,-52.324799266037154,-0.9212275756443784,-40.45807078640979,-1.5383843545664755
2020-05-28,2020,58.95,54.31126189441694,0.6756632910278542,0.0,-43.774397595082604,-0.8488841386164325,-42.82592092790429,-2.077731075870102
2020-05-29,2020,39.61,49.84699821332411,0.33841500639193456,0.0,-45.51573123474983,-1.0990891844669899,-43.97883009804195,-3.0602986166716946
2020-05-30,2020,52.41,52.20387181994985,1.2527013775490974,0.0,-50.554093088555156,-0.5865963244560338,-39.12486605231912,-1.9458064331314944
2020-05-31,2020,54.42,55.44316349897096,0.7579753028049846,0.0,-44.92075864689285,-0.12211395340014905,-42.476482898145534,-0.9579886462576557
2020-06-01,2020,66.64,55.238219485846706,1.749490945251105,0.0,-51.0806394358797,0.6011269208519915,-38.79116748106112,-0.40312380417795063
2020-06-02,2020,94.6,89.25386389998656,0.6046466092042218,0.0,-16.399794817834525,0.2828955534590073,-36.15371362862552,-2.2427021570791155
2020-06-03,2020,112.67,99.39353937291244,0.350023986849217,0.0,-40.389048454309574,0.23737562805276252,-2.1259968318732985,-1.841347296669448
2020-06-04,2020,96.32,97.9961274146769,-0.28212577874046507,0.0,-32.18993799086253,-0.2531082677119082,-8.544335179053022,-3.8968977098177606
2020-06-05,2020,111.55,95.88664675814636,-0.1785537592673992,0.0,-42.39341021579351,-0.18618749562497597,-1.0294445036305273,-3.4882896083999597
2020-06-06,2020,86.96,93.55124093931097,-0.06207335377081017,0.0,-42.39513935100944,-0.4672718509982222,-2.6484463719625686,-4.038360473810462
2020-06-07,2020,65.89,92.2381606150771,-0.4383466299083051,0.0,-37.62554103795375,-0.7885572734927,-6.717076193737862,-5.3548505906932276
2020-06-08,2020,112.55,94.98494710071184,-0.08664783542020124,0.0,-40.38855982961373,-0.14014198623934668,-6.704373620384426,-0.8578619684934979
2020-06-09,2020,112.47,128.28235111020996,-0.34241528424745304,0.0,8.799090486172329,-1.0702236132583964,-13.58342546191352,-8.683207357405392
2020-06-10,2020,107.74,101.97621589641616,0.13872373049360354,0.0,-36.449002716550424,-0.37138299846751904,-2.1028759415299287,-2.4017785183919274
2020-06-11,2020,87.03,99.3860066969407,-0.7822151793837252,0.0,-31.276094959249544,-0.6271794488223468,-5.7547352738669035,-5.336300782599489
2020-06-12,2020,122.44,115.86198451373059,-0.7378934417821967,0.0,-21.33171685598637,-0.47133109179985233,-1.3278120865700411,-3.4317943509935467
2020-06-13,2020,105.44,104.12412004642388,-0.5689285017141185,0.0,-29.57924983973965,-0.6339949931328889,-4.225466337185257,-4.030772622666929
2020-06-14,2020,67.21,73.9381547612198,-0.45718053811525056,0.0,-56.22626056672561,-1.0105466413831714,-6.936758630941576,-4.593631202476714
2020-06-15,2020,69.52,80.09616477608076,-0.11175510668863536,0.0,-50.50972223134132,-1.191529692627471,-8.790003817978041,-2.4633567161463428
2020-06-16,2020,99.23,111.18062343540205,-0.9355063025466623,0.0,-22.157162217948716,-1.2213817112843257,-3.6916687981994416,-3.976189875481497
2020-06-17,2020,77.95,86.99205338749579,0.33404186080328935,0.0,-48.351493510677415,-1.226581949379528,-3.5667317085988963,-3.3597136455141174
2020-06-18,2020,119.85,113.6530437352135,-0.4003226633672188,0.0,-23.440208789103853,-1.0676771757382963,-0.9389793149837051,-3.6623006624560634
2020-06-19,2020,105.9,89.95265963804293,0.3197693749923466,0.0,-47.53860980642775,-0.7577061102442374,-1.901297970769539,-3.332028190370374
2020-06-20,2020,66.79,74.41740435898119,-0.303463206624187,0.0,-55.01206834501992,-1.1740263741207857,-7.195417383538947,-5.060152672577515
2020-06-21,2020,113.05,109.30797208188582,-0.332538307610016,0.0,-20.808905062620404,-0.9993465730499848,-7.6346403018833815,-4.07913001381302
2020-06-22,2020,115.07,98.80973745064988,-0.020485937163201334,0.0,-43.02123152919625,-0.7399592441749154,1.3585294967818262,-1.9296476764602026
2020-06-23,2020,81.26,97.02219608883321,-0.41645475893294887,0.0,-40.414572060299164,-0.7614858681718033,-1.607503997809427,-2.9403195668163016
2020-06-24,2020,129.16,116.48000489211265,-0.19887304541721895,0.0,-23.05317632498446,0.24385338464888467,-0.9407158478652522,-2.733615615131879
2020-06-25,2020,69.15,83.86089949142841,0.05024799520800699,0.0,-49.69305586312575,-0.5001538685462831,-4.5179798649150165,-4.640691248055026
2020-06-26,2020,110.65,102.711140729676,0.5156972437900855,0.0,-38.68131449254631,0.10344245712860697,0.48107535288351677,-2.8702921724427175
2020-06-27,2020,95.17,96.29878195823676,-0.18484985068863102,0.0,-42.27059213933815,0.1405005473143133,-0.3928093837404467,-4.155999556173045
2020-06-28,2020,82.39,86.34937160966507,0.4745862719177213,0.0,-47.79389815790581,-0.4343763841432856,-3.9548278984592153,-5.104644562606974
2020-06-29,2020,92.26,100.4101323968841,-0.5261601717797777,0.0,-31.678715728310895,-0.5002471341427648,-4.7978645799167134,-5.249412329828345
2020-06-30,2020,87.19,86.61924647849226,0.009868340118867766,0.0,-47.669653336097156,-0.80248771000958,-3.23711105681139,-4.84390209957121
2020-07-01,2020,57.45,92.69166304627763,-0.3026546119101947,0.0,-39.20796442614419,-0.9955688937178233,-4.008393150042691,-5.9562882127700005
2020-07-02,2020,40.31,61.375170400248365,-0.5133451171466941,0.0,-55.06845875356346,-0.602163014974211,-22.121502718041718,-3.481892336887635
2020-07-03,2020,66.57,55.902383496575915,0.21606030527636116,0.0,-50.25782344843272,0.3369895248904076,-38.48576085223866,0.9303856262179088
2020-07-04,2020,60.56,60.12695164536984,0.40991261454887895,0.0,-43.00394601928213,-0.45818583155258213,-38.563387080377,-1.41997437882989
2020-07-05,2020,53.26,53.3427667434649,0.6961278173563439,0.0,-47.462852038215644,-0.42008617236452317,-41.60166010861728,-1.0312950955563012
2020-07-06,2020,43.1,47.28560213356787,-0.5508976854512286,0.0,-52.827794256189975,-0.03991255031625779,-40.95003700820326,-1.5082887071337896
2020-07-07,2020,60.02,50.782471062389575,-0.3059761289658838,0.0,-51.88546072305886,0.12294358843735245,-40.27905592035992,-0.032512094525416924
2020-07-08,2020,26.04,38.51487733212357,-0.7477397622605637,0.0,-56.469688636142564,-0.3471899631541503,-47.13868916052606,0.05565251334426248
2020-07-09,2020,47.52,41.6202407144434,-0.44442101797557404,0.0,-56.205644626302615,-0.15065380670555,-44.41101239618125,-0.3305597792539558
2020-07-10,2020,27.53,42.378510743529475,-0.5337752093395643,0.0,-47.37084386419255,-0.5317255508802398,-48.83145853292252,-3.5162184399984953
2020-07-11,2020,50.76,49.93762165706945,-0.7131394971525182,0.0,-47.83656372626021,-0.0923500700629582,-44.89972907381952,0.31687168350224604
2020-07-12,2020,25.86,39.0728845377322,-1.283531420332284,0.0,-53.96566768285378,-0.44423779451682094,-47.845049348869864,-0.5511615565574759
2020-07-13,2020,25.62,38.88819150155766,-1.0735109265547225,0.0,-55.47668708607966,-0.17843716210728644,-46.97628961776753,-0.5694160467954175
2020-07-14,2020,51.51,44.16007614044452,0.2547996071352507,0.0,-54.507533696429796,0.14339081258837807,-44.28869093685059,-0.6044219868609935
2020-07-15,2020,57.38,48.32480640281941,1.89147737140451,0.0,-54.704894971913774,0.04505048802079399,-41.124467799149876,-0.9448910264046113
2020-07-16,2020,43.76,42.683745494640746,-0.22670591960527214,0.0,-55.84308877297897,0.01948882302797106,-42.829002725843836,-1.599478250821248
2020-07-17,2020,57.16,66.1064240702739,-0.2486859467939034,0.0,-33.46090735132101,-0.00757242358007805,-45.31813877537696,1.9791962264831127
2020-07-18,2020,50.14,50.744947397470575,-0.2945207966909871,0.0,-43.77486864715475,0.0008678581310540834,-49.19000583589678,0.8409424782193713
2020-07-19,2020,65.7,49.08634744911368,-0.07202314048866072,0.0,-50.69438882128735,0.3522889708323561,-45.95233541240634,2.2902735116012036
2020-07-20,2020,26.05,39.42948800015952,-0.6460491102420816,0.0,-54.26663841434046,-0.4824092159046477,-48.57516007143483,0.23721247121872646
2020-07-21,2020,23.6,37.4970720464234,-0.8355901538780782,0.0,-56.20660970565757,-0.45769991321755893,-50.70293389409836,2.537373372412314
2020-07-22,2020,39.65,38.24676961162502,-0.6192279159472398,0.0,-51.98074628741581,-0.2053094500362937,-52.03110110157593,-0.0793779742623075
2020-07-23,2020,47.94,41.516509280886915,-0.35952428528297614,0.0,-56.15633680665876,0.24318020958671924,-49.08326208551907,3.7099199078987786
2020-07-24,2020,24.16,34.829900472249186,-0.49639203434226603,0.0,-57.07768104552602,-0.6856493056063911,-50.48204152963202,0.4091320464937935
2020-07-25,2020,22.42,35.45691396253348,-0.7016360933037902,0.0,-53.24282982622445,-0.7032247924232709,-53.077153628895445,0.019225962518473583
2020-07-26,2020,26.9,33.50845492085358,-0.8257850269712146,0.0,-57.76331796942041,-0.5851928031459104,-51.79028693281062,1.310505312339767
2020-07-27,2020,24.28,36.24394957617132,-0.7392938038731783,0.0,-56.80758184025773,-0.5038106889374652,-49.740588743395215,0.872692311772775
2020-07-28,2020,44.82,41.75049407030194,-0.6395388470089526,0.0,-54.857396991501055,-0.08499934184019181,-47.44175702640389,1.6116539361936728
2020-07-29,2020,32.84,40.3088811551576,-0.7642578499833499,0.0,-55.68366569927925,-0.08045463369209029,-48.20883435888401,1.8835613561339535
2020-07-30,2020,37.92,40.89292774384846,-0.8520131293600937,0.0,-54.70353359426258,-0.15419799522634722,-48.193480846314124,1.6336209681492362
2020-07-31,2020,48.7,42.177331300881534,-0.5996180755547481,0.0,-53.36487204867282,-0.26118415892173663,-48.054825479638914,1.2952987228070714
2020-08-01,2020,25.32,36.067248758107404,-1.0805860552997484,0.0,-56.486640228651794,-0.47165888524816124,-49.22638913720201,0.1699907236466495
2020-08-02,2020,39.44,38.77985234681184,-0.9326981169128536,0.0,-55.38921439171676,-0.4182229665254358,-48.85415118272911,1.2116066638337681
2020-08-03,2020,43.38,48.910413430299066,-0.7144446652784706,0.0,-43.95034826291709,-0.4738182932579576,-50.8666724071401,1.753164718030112
2020-08-04,2020,57.23,45.01207256152502,-0.4332705925241522,0.0,-55.04148377482928,0.25464153772339443,-47.40416852136446,4.473821571657264
2020-08-05,2020,30.92,38.8580589402571,-0.8977859256342996,0.0,-55.455042766193934,0.001935733254830551,-48.97998612788639,1.0264056858545132
2020-08-06,2020,60.73,53.46853974169798,-0.29150421875400634,0.0,-46.31502418712635,0.12636737315324925,-46.588554102581625,3.3747225361444535
2020-08-07,2020,36.59,42.62283858606543,-0.6748458832458704,0.0,-53.610419573052845,-0.36122300430791077,-49.73002370037788,3.8368184061871426
2020-08-08,2020,60.6,46.06021225562411,-0.7218767538808759,0.0,-53.5157465591367,-0.04345559069370235,-46.323857645676085,3.502616464148809
2020-08-09,2020,54.67,50.948146344099506,-0.6008787688636321,0.0,-44.76039557617787,-0.018347101747049527,-49.664122550634744,2.8293580006599623
2020-08-10,2020,37.66,41.83012082275457,-0.8603307959951711,0.0,-53.5270367625473,-0.3779146293383449,-48.26263156994813,1.6955022397209945
2020-08-11,2020,55.12,41.957410291486575,-0.517085344514988,0.0,-55.743212607078924,-0.17811590241109543,-48.800814249019595,4.0341060536487285
2020-08-12,2020,41.1,42.0400137004562,-0.48406509721117974,0.0,-53.6018250276284,-0.2679615499009578,-49.56113581395597,2.792468848290489
2020-08-13,2020,29.95,41.693718572540774,-0.9860180211299061,0.0,-49.29208504412972,-0.26790586973753827,-53.52204145177423,2.5992366184501177
2020-08-14,2020,42.34,40.88653916249688,-0.6674855196817309,0.0,-55.60261406491372,-0.09925353654774258,-49.64512181421418,3.7384817569920425
2020-08-15,2020,36.7,39.29872786607669,-0.7462682939110704,0.0,-56.26349797931414,-0.4327866048593255,-50.84900515443331,4.427753557732088
2020-08-16,2020,59.01,54.177160672674475,-0.23428446591958135,0.0,-42.775109937839275,-0.41273833954971434,-49.597865662185946,4.034626737306173
2020-08-17,2020,59.85,47.24889951610676,1.6814833160457991,0.0,-54.827166765554814,0.07897334795891335,-47.34513436081869,4.498211637613104
2020-08-18,2020,49.1,49.52201924580423,-0.3395508708284187,0.0,-44.69198927421318,-0.3681370560484601,-51.57189648388024,3.331060589911755
2020-08-19,2020,31.01,42.1521157371355,-0.11257059335581449,0.0,-51.241946130568785,-0.7184923108061975,-51.08837462467512,2.150967055679147
2020-08-20,2020,52.97,45.24929526075499,-0.18022599553021607,0.0,-53.440611539653496,-0.014399403342776215,-48.714484985479196,4.436484843898253
2020-08-21,2020,58.75,46.40266798257143,-0.32141758970652573,0.0,-52.80699683473647,0.04779059859707307,-48.572815451404644,4.893574918959785
2020-08-22,2020,22.72,37.847695358917726,-0.6780902151694133,0.0,-56.68572554661494,-1.1022114380195023,-50.58461980864772,3.735810026507224
2020-08-23,2020,42.34,40.86289647428314,-0.5087452327955224,0.0,-56.08899094392815,-0.37632322260198803,-49.55753108084952,4.231954613595962
2020-08-24,2020,22.45,38.81900012094072,-0.899438379039939,0.0,-56.40448739650206,-0.22029996899517956,-51.5099744506145,4.6906679752297515
2020-08-25,2020,60.96,46.44511305567093,-0.020251361079527207,0.0,-54.694439835844655,0.276963001661261,-47.501002868368815,5.221311778440327
2020-08-26,2020,49.83,49.20323900972396,1.8873692391745862,0.0,-50.43118320301217,-0.05345205444052535,-49.674788022391105,4.3127607095314895
2020-08-27,2020,60.45,48.816324238544766,2.73264491986192,0.0,-54.305130121489796,-0.005405023031747738,-47.14019123852094,4.371873360862812
2020-08-28,2020,28.89,39.407367800368654,-0.35072454386837715,0.0,-53.70115747203192,-0.5237936272635662,-52.24566452962509,3.0661756322952827
2020-08-29,2020,30.42,39.15330531226002,-0.22081954013224722,0.0,-55.13240304802591,-0.5561012665294297,-51.45673548202753,3.356832308112838
2020-08-30,2020,65.08,52.57286197099,3.028303896451939,0.0,-52.011696507627114,-0.16530826635995033,-47.4309025260705,5.989933033732957
2020-08-31,2020,56.99,51.930605342740925,0.040086430404352814,0.0,-48.3929371075586,0.32904439781349404,-48.0524824328721,4.844361714091547
2020-09-01,2020,49.92,44.75284966229064,0.15760785977832537,0.0,-54.377511950832,0.10436323820174666,-48.94676110237991,4.65261927666052
2020-09-02,2020,26.4,39.83064645572741,-0.5767241231688139,0.0,-51.27247964226494,-0.5842658660535672,-52.25928090674515,1.360864653097553
2020-09-03,2020,25.98,33.20920246189215,-0.580533274364888,0.0,-57.78725027405313,-0.3087383434866781,-53.826302986569225,2.5494949995038856
2020-09-04,2020,24.7,34.79113688833387,-0.6619058055232673,0.0,-57.620574175131374,-0.5786696918506484,-53.51652927197476,4.006283491951914
2020-09-05,2020,27.92,35.289225473291715,-0.5015288366731592,0.0,-57.46173927125399,-0.5143592067411397,-52.77270397018742,3.3770244172853214
2020-09-06,2020,22.57,34.65409149959114,-0.5756773447571488,0.0,-55.80359770481459,-0.6418479673543865,-54.11562958436947,2.628311760024361
2020-09-07,2020,57.83,52.55252074913079,0.6352178421195169,0.0,-47.5747662552346,0.10219681161584537,-47.695507473467075,3.9228474832349587
2020-09-08,2020,58.04,45.21815155355145,-0.0069277499828993075,0.0,-55.093083626332664,0.020938410114277675,-48.009915012783026,5.1446071916735425
2020-09-09,2020,37.07,40.736433613439225,-0.42711436420991866,0.0,-56.2529486161315,-0.2888782335079739,-49.37805111648717,3.920893602913651
2020-09-10,2020,57.8,51.8234457310613,-0.23173157092744123,0.0,-46.051158477444105,0.11212198486287463,-49.67293197700275,4.504613430710409
2020-09-11,2020,61.84,55.27718713144799,1.2419257089501567,0.0,-43.73846341777708,0.0718747246635974,-50.161302253565516,4.700620028314465
2020-09-12,2020,48.62,49.78345337569222,0.7877012203728945,0.0,-49.287510004731956,0.018616643063772503,-47.941019083585545,3.0431322597108594
2020-09-13,2020,61.54,51.50900691117012,2.0789205589198962,0.0,-49.876286172460496,0.19534686285536296,-48.07218356368839,4.02067688468161
2020-09-14,2020,41.45,43.843497531351574,-0.34668182629204974,0.0,-52.918721235100996,-0.35408978829162957,-49.75284484018712,4.053302880361018
2020-09-15,2020,49.31,48.096427017436696,-0.14324245414859577,0.0,-48.43651817422482,-0.15581378970438184,-49.4115363715164,3.0810054661684667
2020-09-16,2020,50.23,45.25701726977358,-0.16903547910736585,0.0,-51.46381137781325,0.1345215625654177,-50.52787328323633,4.120683506502663
2020-09-17,2020,28.52,37.97933005053844,-0.2283059987869153,0.0,-55.75954762745128,-0.16275572597261462,-50.85322122763179,1.8206282895185157
2020-09-18,2020,29.2,40.148029463603805,-0.7458801519564765,0.0,-54.682144740000076,-0.15679906324131282,-50.904528698396014,3.4748497763349393
2020-09-19,2020,54.95,45.20645984665771,-0.24833895590787455,0.0,-55.12202781504022,0.2609195030282639,-48.28815709346022,5.44153186717495
2020-09-20,2020,42.9,40.66938667933358,-0.8259824004088102,0.0,-56.07534532144255,-0.011934958887931002,-49.4200438931023,3.8401609123125944
2020-09-21,2020,62.87,46.66680319740579,-0.1811778884428143,0.0,-55.00337130205037,0.4671159318619484,-46.9661566288239,5.187860743998253
2020-09-22,2020,63.25,49.61694167553154,-0.21087382630918716,0.0,-49.34293981606296,0.14985860764077713,-48.603811119989004,4.462175489389342
2020-09-23,2020,28.45,41.978822429942454,-0.8137045319253612,0.0,-54.48591286429587,-0.44401803249619887,-49.465023392726025,4.024948910523138
2020-09-24,2020,57.07,47.41518159354118,-0.35345104143001677,0.0,-53.29595060211925,0.07082853726917476,-46.872756834075325,4.703979193033973
2020-09-25,2020,52.6,45.39061943484181,0.1753409988769783,0.0,-54.117421388572694,-0.021267800003865384,-46.90350654012022,3.0949418237987585
2020-09-26,2020,42.16,40.88341133992684,-0.7834548581345799,0.0,-55.25160647319338,-0.22202250096987144,-50.17927637470939,4.157239206071438
2020-09-27,2020,28.1,39.25691635862572,-1.0470350590759474,0.0,-56.33291559065748,-0.26877931965197505,-50.10600973561632,3.849123722764657
2020-09-28,2020,28.01,36.78134830508779,-0.6289718261199138,0.0,-56.36314435872094,-0.353769570814829,-52.10991053467498,3.0746122545555266
2020-09-29,2020,59.76,74.04089395721486,1.0723453162564507,0.0,-28.634791747379033,0.2708416037692587,-46.69105608941406,4.861022533119656
2020-09-30,2020,44.27,48.84415173539069,0.2350235830776839,0.0,-49.643538182554124,-0.11224679019625315,-49.506674557247166,4.709055341447964
2020-10-01,2020,130.01,88.96260948306549,1.0229730900126293,0.0,-20.312199049241354,0.394059343865429,-40.869229672926544,5.564473430492975
2020-10-02,2020,111.6,116.82532254736641,-0.6442115016733846,0.0,-38.2699065697117,-0.9785389906321459,1.464010757890195,12.09143651063098
2020-10-03,2020,126.12,135.0349196929728,-0.6652954994698724,0.0,-19.658442166975533,-0.9129948330747949,1.1518075595262736,11.957312292104183
2020-10-04,2020,160.92,172.76518417505906,-1.0827821983188297,0.0,35.911590259818134,-1.1703166305761883,-13.94094753822058,9.88510794149423
2020-10-05,2020,123.32,124.61671974645634,-0.20763479046204886,0.0,-47.42723840080705,-0.24111529242030097,17.913507091808746,11.416668797474523
2020-10-06,2020,231.49,200.720169691923,0.08770204406467619,0.0,39.68703180919417,0.4799937273670625,4.081495325740325,13.221414444694098
2020-10-07,2020,215.34,201.56693545983325,0.25292242765255213,0.0,32.24606819918407,0.18260242304967994,14.834480133987284,10.88832993509709
2020-10-08,2020,153.66,146.90555202618253,-0.39061479115662884,0.0,-33.00491733859719,-1.4900605314126323,31.816271027551128,6.812341318935219
2020-10-09,2020,192.4,181.48142593761102,0.24388523880212895,0.0,-0.1320571038574999,-0.3097918517732922,27.893812649124374,10.62304466445288
2020-10-10,2020,127.14,138.195255184923,-1.2109739140539173,0.0,-39.25187593765,-0.6606324936869848,30.344016206082397,5.812188983368963
2020-10-11,2020,179.68,190.62587277407656,-1.3047807270191027,0.0,30.043213792054356,-0.8584136175881787,11.7982790443286,7.785041941438396
2020-10-12,2020,191.03,202.56734737516905,-0.12829284177624306,0.0,33.3318106649956,-0.8857968561165727,18.61221593066597,8.474878136537736
2020-10-13,2020,208.77,202.73740737754758,0.17783437766678817,0.0,28.176738718232137,-0.6670404717992655,21.708363008818008,10.178979403767174
2020-10-14,2020,223.98,201.85757675119655,0.4828188876636861,0.0,8.332175425367481,0.10545703002170337,35.470844383131976,14.3037486841492
2020-10-15,2020,217.92,206.9057583064535,0.6319174112879878,0.0,27.766992673546216,-0.21782920621018328,25.797209126976412,9.764935959990433
2020-10-16,2020,204.04,205.0212214233253,0.4760644450676498,0.0,25.121472809709594,-0.40708899815524263,28.278525268868876,8.389715556971675
2020-10-17,2020,233.79,212.8950729410204,1.36642840766901,0.0,27.309489866031026,0.6470373311747304,31.434966549995277,8.974618445287726
2020-10-18,2020,215.51,225.38549311798278,0.8164867408962564,0.0,47.35619339948989,-1.645229196531663,29.747738199028035,5.947771634237704
2020-10-19,2020,180.64,169.1292059083883,0.9574134842865863,0.0,-37.608151610656854,-1.5748970193912468,53.501472574157056,10.690836139130392
2020-10-20,2020,194.76,205.71742199474335,0.1368014137023782,0.0,26.331950569176318,-0.1900036851294063,29.781245127978686,6.494896228152689
2020-10-21,2020,175.03,160.07866000657273,2.3847820498979413,0.0,-41.38123080321067,-1.2064782882338585,45.247073905168094,11.871980802088585
2020-10-22,2020,231.33,228.08799980862605,1.307725868950887,0.0,50.87565922400516,-0.9960229819652533,27.0357883514929,6.702317005280094
2020-10-23,2020,190.68,204.54496713387707,0.484411571559735,0.0,22.81756686355393,-0.1237028618918519,30.52250633335033,7.681652886442165
2020-10-24,2020,231.38,251.40922284758082,1.0089373493684866,0.0,69.48901672287892,-0.8738880078991298,31.94320599871692,6.679418443653778
2020-10-25,2020,236.29,216.43758983641456,1.2518616543644694,0.0,27.059037040527183,0.2291230224967818,35.807006528264125,8.928029249899078
2020-10-26,2020,148.99,153.70189360803803,1.1968089342629475,0.0,-43.50026504468036,-1.7729330165477764,47.55844612010901,7.05730427403148
2020-10-27,2020,119.88,137.6468526485431,0.9423722000815823,0.0,-53.11988614041043,-1.0895634179247085,40.26496312541883,7.486434540515027
2020-10-28,2020,222.58,212.78267413614284,0.9199488027228389,0.0,36.518238546660534,0.5286773234037241,23.37754214203156,8.275734980460879
2020-10-29,2020,122.74,132.84703896855,0.5570658358825006,0.0,-53.861561868083726,-1.2780437011295191,37.94190673100225,6.3251396300160065
2020-10-30,2020,136.87,142.56383197963027,0.9494127951348341,0.0,-38.407404917899655,-1.3630249294461567,31.001772617559027,7.220544073419832
2020-10-31,2020,198.32,196.35961750449925,-0.46768709915762774,0.0,25.411471107958796,0.7339353372283571,20.743215622026742,6.776150195580215
2020-11-01,2020,362.87,305.9774901730857,2.1947183497910685,0.0,115.97886837695692,3.097920227357564,34.27584783012903,7.2676030479893114
2020-11-02,2020,237.19,238.47744982179498,1.749214890998111,0.0,54.136754332741475,-0.6695911223668426,34.22505991451895,5.873479465041104
2020-11-03,2020,332.54,339.65204820422485,1.094881997576065,0.0,143.77837171804228,-0.744571202539321,51.33728895966203,1.0235443906208783
2020-11-04,2020,249.62,240.485544710047,1.6484224811710746,0.0,50.788894365819154,-0.5280692381952404,39.99770333976356,5.416061420625566
2020-11-05,2020,366.43,335.38378016162227,1.9999631846130532,0.0,125.53521879530275,1.7968425752814836,55.53147063282945,7.35775263273341
2020-11-06,2020,225.74,219.60769006566633,1.0805872971512587,0.0,23.71167359649247,0.6173437334409325,43.890064288237575,7.145488809481551
2020-11-07,2020,289.41,308.8081580425832,0.483207297121453,0.0,107.9908330390888,1.3169448095134002,53.24050805208237,2.614132503914323
2020-11-08,2020,257.11,251.99004741612487,1.6962796113598886,0.0,55.36110664482948,-1.4090582766296744,46.87263683017237,6.306550265530013
2020-11-09,2020,255.77,255.22388254198162,1.3076657541560253,0.0,53.251537896214245,-1.4688842082837987,52.286869644210256,6.6841611148214986
2020-11-10,2020,234.91,243.76345877920045,0.5854410485222106,0.0,50.335834691355295,-1.3111369661986787,46.97244504332522,4.018342621333809
2020-11-11,2020,346.58,309.62769814359365,2.538052471247691,0.0,98.65583720852602,1.6405928797512754,56.797930055950005,6.832753187256135
2020-11-12,2020,307.49,322.9802648861262,0.9393666411958536,0.0,116.55199718178451,1.9764739695603002,55.87322187131347,4.476672881410128
2020-11-13,2020,371.52,366.9646268711738,0.8169905715517055,0.0,149.6012523911825,-0.6605022145380445,64.79419839693507,9.250155385179138
2020-11-14,2020,350.01,335.33422817096556,1.9592426017434807,0.0,119.59620899926595,3.100829971201401,58.63008857065963,8.885325687233076
2020-11-15,2020,198.91,188.24872977450775,1.1071041423537609,0.0,-36.79005823938795,-0.22739363240339855,67.48656423549734,13.50998092758547
2020-11-16,2020,272.64,270.6318950675009,0.3099913273865844,0.0,69.74793989562421,-0.6485191844247777,51.385210083626404,6.674740604426843
2020-11-17,2020,338.52,343.74598210482304,0.5488190397951905,0.0,140.86314389547402,-0.2730755131474192,58.42326721030987,1.0212951315269705
2020-11-18,2020,214.91,220.49316050416982,0.599290848563905,0.0,23.12963051063472,0.4447533471870637,46.256796354858984,6.9001571020627
2020-11-19,2020,201.28,205.23738516418706,0.05082500874016338,0.0,-2.938655323780506,0.4354300608736551,55.370963846847715,9.156289230643516
2020-11-20,2020,319.78,318.7675192119825,0.9578825137707547,0.0,115.09048260654632,0.012025601456425561,55.05891686136352,4.4856792879836025
2020-11-21,2020,270.32,304.4631316312659,0.23402546309255906,0.0,109.648205318878,-2.162838595510668,52.02930437195951,1.5519027319833565
2020-11-22,2020,230.99,245.6355148570209,-0.023204302165498687,0.0,47.627582279907635,-0.4190385390204169,49.76947478102032,5.518168296416125
2020-11-23,2020,183.88,210.26864177956043,0.20375282746283313,0.0,19.744237148689475,-0.7627926760237663,42.32527196861443,5.595640169955068
2020-11-24,2020,336.02,341.43648047795864,0.7979707561808137,0.0,139.7946260514633,-1.1798321936817058,56.14476067254249,2.7164228505908867
2020-11-25,2020,377.94,370.2939973815382,0.8384862268351138,0.0,152.96450492549536,-0.432844721018342,64.64264519838409,9.11867341097912
2020-11-26,2020,386.82,357.33408118342857,1.1853775975539618,0.0,142.69050878397084,0.1239320755530611,62.089822340721796,8.08190804476571
2020-11-27,2020,329.12,296.9706825919709,1.8733165925212587,0.0,86.17191762198219,0.6759738881498112,57.664323149714946,7.42261899874044
2020-11-28,2020,289.6,277.56470565316994,0.6343486308051653,0.0,64.1297575947866,-0.005846386428985495,62.26955436732061,7.374359105823409
2020-11-29,2020,323.98,298.91458077570934,-0.015400279952710785,0.0,95.62939020476314,-0.38145930635945247,55.15504300641948,5.364474809976289
2020-11-30,2020,264.04,278.63779868233127,-0.8339359817558544,0.0,82.44219093900423,-0.806070539163217,50.64497951239519,4.028102410989824
2020-12-01,2020,364.62,359.1197831804446,-0.030336875744314762,0.0,148.3164860973074,-0.01015770138251039,62.13559467362377,5.54566464577681
2020-12-02,2020,198.6,212.16253230128027,-1.0320495046781257,0.0,19.57360742087543,-0.05713046072354397,45.07191431572004,5.443658189224103
2020-12-03,2020,351.96,328.05219005465,0.454327492023285,0.0,115.73982016209321,1.3875000006181288,58.52527837594738,8.782731683106055
2020-12-04,2020,338.21,358.38477773838605,-0.11831358248464656,0.0,148.91350562392236,-0.4049195469348387,59.86337154294434,6.968601360076198
2020-12-05,2020,236.35,233.33402419226107,-0.23839181346471422,0.0,33.10916106510152,0.19807697600173502,49.33774846229669,7.764897161463856
2020-12-06,2020,372.63,363.0454814569515,-0.2218147787923369,0.0,148.85461798744356,0.1286752311470536,61.85162719298276,9.26984348330858
2020-12-07,2020,232.35,233.5100105688515,-0.11295992292415483,0.0,37.093228051176986,0.4565758461425115,46.280611010525085,6.630023243068997
2020-12-08,2020,322.8,325.0604665310613,-0.1106646299184741,0.0,116.37692461938356,2.203787414794446,57.540354643203756,5.887532142735949
2020-12-09,2020,279.99,297.9148105544351,-0.41871911176779997,0.0,97.82105498256949,0.8115001058537299,50.951715356366144,5.586726880551655
2020-12-10,2020,376.55,360.6652046550325,0.28704471078997035,0.0,142.77573883384642,0.46533769669015634,62.94561301683966,11.028938056004764
2020-12-11,2020,216.77,245.1814590385774,-0.5578667793530891,0.0,51.57167181488544,-0.5146376597041502,48.55741147107755,2.9623478508092855
2020-12-12,2020,248.71,233.8413119438993,0.6075214856323372,0.0,27.965096926194768,0.7414267230292576,53.5796805207117,7.785053947469061
2020-12-13,2020,364.21,340.83878653768085,1.4630362143416566,0.0,125.62324427153172,2.7833349895892203,60.715964944778534,7.090673776577403
2020-12-14,2020,358.32,360.5599040129457,0.3411428622016561,0.0,149.1994826039029,0.5814325071063887,62.185241109189135,5.0900725896828725
2020-12-15,2020,226.59,245.9330349374538,-0.3371243626361696,0.0,46.8363083508384,0.34156795398829354,50.01014660009719,5.9196040543035515
2020-12-16,2020,220.81,279.14865106023973,-0.774036188620878,0.0,89.82313786394477,-1.969012275272335,47.11023601362153,1.7957933057041493
2020-12-17,2020,384.46,368.19777580094944,0.13543781415246903,0.0,153.04703775986562,1.1486395583793283,61.880395075829206,8.823733251860295
2020-12-18,2020,323.08,336.83699834473157,-1.0116353939241796,0.0,137.84491938209226,-0.065149889568584,57.30163716466214,-0.3953052593929972
2020-12-19,2020,309.89,279.7305865854721,0.12861539854186466,0.0,65.87956667096059,0.5807270570755424,62.734194275228376,7.244950842802618
2020-12-20,2020,244.26,231.3728565743142,-0.5844076155924532,0.0,28.161997381935684,0.5332991670006216,52.98768933841933,7.11174596168858
2020-12-21,2020,242.12,257.9249181087379,-0.9213844967148028,0.0,59.302769448857006,-1.4203048881307616,52.98442193296886,4.816883770895083
2020-12-22,2020,307.15,271.2162455454389,0.2757397051862091,0.0,60.48991960676261,1.0708022968120676,58.700357028011695,7.516894567803458
2020-12-23,2020,369.63,361.6544003705322,0.0899838627229275,0.0,144.59135903634547,0.8673541661034251,63.380572824662764,9.562598139836128
2020-12-24,2020,191.02,217.5323718185277,-1.3678627808848536,0.0,28.216278217987465,-0.1503125293888154,42.174493026205084,5.4972435437466345
2020-12-25,2020,306.14,311.62799802557606,-1.376138851437291,0.0,111.9116513545833,-0.8368476795200621,54.569123288575234,4.197677572512784
2020-12-26,2020,333.16,327.5962209383513,-0.5583416757706146,0.0,120.6523662553226,-0.4651150128476323,58.110647421389146,6.694131609396241
2020-12-27,2020,224.05,219.65576507909608,-0.6304556472014816,0.0,23.662039955589883,0.26146774289295155,46.85184663646138,6.348334050491085
2020-12-28,2020,240.0,245.89691173311257,-0.25738187420710895,0.0,48.42988104073467,-0.727296311341164,50.14443887412353,5.14473766294041
2020-12-29,2020,215.74,226.02487951012344,-0.8167876806720824,0.0,36.15092756603216,-0.5400803714634492,43.92561540260693,4.142672252757383
2020-12-30,2020,244.28,234.22010578437795,-0.052101882236780014,0.0,37.11949376835528,0.8219282893903217,46.3164784669072,6.851774801099693
2020-12-31,2020,328.42,326.96935153478626,1.1195803280527772,0.0,121.18288083591926,-1.5195233308147695,58.2244878141788,4.7993935465883055
2021-01-01,2021,262.93,284.4787471643302,-0.6085626944682782,0.0,92.03531971081713,-1.9426795258774203,51.13041079269451,0.7017265403021626
2021-01-02,2021,350.83,335.2162736685758,0.4346361452166243,0.0,122.703238686221,-0.5725960854255843,60.64770736823364,8.840755213467904
2021-01-03,2021,279.11,277.4319172719019,-0.2446459291840588,0.0,82.06869916593827,-0.04750152088014921,48.74984105308948,3.742992162076277
2021-01-04,2021,224.89,235.96672760732912,-0.21338980824512355,0.0,43.653315581145606,0.9857364216129989,47.547007176380646,0.8315258955726097
2021-01-05,2021,203.11,217.92550284581105,-0.3658846396685547,0.0,26.0573784794859,0.7745636034600789,45.85830526323063,2.4386077984408745
2021-01-06,2021,362.63,359.4671660036793,0.2785586328274905,0.0,150.03618759944925,1.3261892565396658,60.733899021203015,3.9297991527965115
2021-01-07,2021,282.84,268.5425787346107,-0.1779408148189558,0.0,59.75439125091432,2.0940886307176507,55.56205689653653,8.147450430398534
2021-01-08,2021,366.38,352.37583605893116,-0.33872332219874185,0.0,136.67252617713132,2.654093256482294,62.3750491531339,7.850358453520529
2021-01-09,2021,370.44,357.38004160841956,-0.24136164572487218,0.0,143.95888241946105,2.9091733348988336,60.72468680170119,6.8661283572216325
2021-01-10,2021,273.96,267.3971621799792,-0.26464797531827633,0.0,60.05010353738157,2.1301469193203397,57.62334715398429,4.695680203748664
2021-01-11,2021,251.84,239.10243277836736,0.9385798215225001,0.0,28.400206101967115,1.9974378457352162,57.77612313479235,6.827553533487623
2021-01-12,2021,281.97,238.1791149916015,0.49722033195718307,0.0,26.98696699901152,2.0284289085010294,58.58535009967353,6.918616311595547
2021-01-13,2021,316.01,330.9744981922379,-1.4497657627636267,0.0,129.18024848741527,0.34889092744483274,56.98042648992092,2.752165709357755
2021-01-14,2021,275.6,245.26123785605185,0.7258740177118694,0.0,40.29670350883676,2.3518916993921044,51.76985683970208,6.954379449546946
2021-01-15,2021,351.9,357.5143546820639,-0.10544061158651158,0.0,147.25511221721567,0.5792220269348252,61.9347862186028,4.68814249003454
2021-01-16,2021,307.29,315.4190224944903,-0.17699749474317722,0.0,113.97893406812413,-0.7785551784755081,54.7363245421313,4.496784216590988
2021-01-17,2021,190.56,205.95313105185053,-0.8705454311924832,0.0,3.5809533185911535,0.7347439587005175,52.9116595854282,6.433787279460756
2021-01-18,2021,264.73,277.31488181225745,-0.6130727577893171,0.0,82.03036036650278,0.5039601635144738,48.374799221762515,3.8563024774047783
2021-01-19,2021,300.65,315.898098047614,-1.1614477009016109,0.0,111.91406208666926,0.22730842487880257,56.113132146744185,5.642510749361008
2021-01-20,2021,323.49,308.90568353422884,0.45869580309298075,0.0,102.03836336711737,2.4999637392296883,56.070511166849684,4.6756171170764835
2021-01-21,2021,234.8,230.86088669210687,-0.5788364204440015,0.0,38.67379897982419,1.440306636188038,46.894071777989225,1.2690133776868326
2021-01-22,2021,365.01,342.61450840419707,0.16053740930660781,0.0,127.36432667894789,1.854330295367717,61.01944478241805,9.053336897294173
2021-01-23,2021,332.4,340.0496809969097,-0.42689205811783043,0.0,134.19961234298734,1.4608261178619883,57.02046100684794,4.633141246468496
2021-01-24,2021,266.64,254.3875521701699,-0.02495265244808023,0.0,53.13950621937659,1.7729320665423471,53.536826040547155,2.800708155288768
2021-01-25,2021,305.37,309.46535578906196,-0.7539197741558034,0.0,106.68622472156613,0.3558411885976973,54.26521905378965,5.749458258402873
2021-01-26,2021,369.09,356.64478296792527,-0.08102897239090626,0.0,143.09349883356344,2.1764694221619783,61.13885110676094,7.154460236967827
2021-01-27,2021,385.16,369.17982978118516,-0.510859162127802,0.0,152.83305146741148,1.6869985101902143,63.06821821386555,8.939888410983372
2021-01-28,2021,248.12,284.9642796214345,-1.1296122035695875,0.0,93.92510065304302,-1.612415671311527,47.91018689680466,2.7084876056054097
2021-01-29,2021,262.67,273.0429172541271,-0.7190192358808914,0.0,62.85856710845686,0.7409107710950441,60.650138049944836,6.349788219648301
2021-01-30,2021,307.13,315.74303755857045,-1.4517165473274964,0.0,118.20669484556143,-1.4843438891946106,54.44091331227966,2.8689574963885534
2021-01-31,2021,302.61,307.25615535406763,-1.3452474669003742,0.0,110.17085951043957,-1.223417003607773,53.25414274446534,3.237285228808314
2021-02-01,2021,199.49,228.4149825930146,-0.7436125791453528,0.0,43.786867574197224,-1.468257422134601,46.567595709475675,-2.890143030240484
2021-02-02,2021,207.46,204.4067450787569,-0.47996129981733376,0.0,19.848537554405837,0.17476516252199076,42.848339294531335,-1.1474679737473352
2021-02-03,2021,158.08,186.2647827790102,-0.06089215603715881,0.0,0.4281982042479069,0.3585276384841888,44.41468747326124,-2.038270721808441
2021-02-04,2021,209.88,203.62711477501983,-0.26902967591929894,0.0,26.201963880509854,0.7993375265259364,32.19021133999727,1.5420993630434203
2021-02-05,2021,191.76,149.11822693213452,-0.3197626532224358,0.0,-54.46689048064584,1.5079452750722813,49.10434504880259,10.13005740126549
2021-02-06,2021,217.46,198.51142959406556,-0.8464882818862342,0.0,21.991095906208198,0.9415064327256063,31.04289674992955,2.2198864462256784
2021-02-07,2021,176.7,187.24551665074617,-1.69520626693862,0.0,19.784456182195314,0.6080646321696391,27.66686605297464,-2.2811962905173635
2021-02-08,2021,218.0,216.8765279728488,-0.6944453313972692,0.0,42.7384284649481,1.0821911446291659,27.391318906472844,3.1965024473334607
2021-02-09,2021,196.06,175.02239018765493,-0.043231696125658164,0.0,-28.89530495982232,2.0254152415983637,52.21470384740935,6.55827541373257
2021-02-10,2021,155.98,161.21521589890247,-0.29372278996234724,0.0,-30.614488924860673,1.723195572202652,44.39777582956468,2.8399238710955284
2021-02-11,2021,224.93,221.9408107704961,-0.24419941068969536,0.0,47.18923053957026,1.4057881642090326,27.139285921987973,3.288173214556515
2021-02-12,2021,221.56,215.70421219223047,0.056900245913847014,0.0,35.20602818130942,1.196437315524333,31.920271903003858,4.162042205616764
2021-02-13,2021,227.68,224.02047540873266,-0.26549049150176296,0.0,49.606514028123364,1.319730800831811,27.38084265874043,2.8163460716766635
2021-02-14,2021,233.79,226.37033576622605,0.050105198364484765,0.0,49.01689409152707,1.3183085805794057,31.07570117574894,1.7467943791437535
2021-02-15,2021,195.8,201.7863233075753,0.12208538181961896,0.0,21.14740877655877,0.6802114944758378,36.232226540116045,0.4418587737422065
2021-02-16,2021,219.21,206.55210373666145,0.4965095437826683,0.0,26.68809297325358,0.991775567679925,34.38206649670878,0.8311268143738451
2021-02-17,2021,192.69,208.0061855887031,-0.05121737853931648,0.0,32.12159521688073,0.34995393051953394,31.250545501652905,1.1727759773267392
2021-02-18,2021,183.93,194.36433758247037,-0.07840031940128968,0.0,22.405593617728616,0.3709616648216484,31.37629211882743,-2.8726418403686615
2021-02-19,2021,180.39,162.61656251064207,-0.10101811269014477,0.0,-34.2362984823618,2.0008848843810463,50.317372647160916,1.4730892332895682
2021-02-20,2021,115.7,136.6909018504358,-0.32825277367390643,0.0,-44.04503834044345,1.6981787039619243,40.19065272293841,-3.9871708032096285
2021-02-21,2021,160.87,146.85957475551496,0.07594301001674704,0.0,-36.15441532278722,2.3567922929102436,38.04018958375983,-0.6214671492469979
2021-02-22,2021,156.67,148.3417080901223,-0.10704680218804025,0.0,-34.455753024723904,2.373977094600397,40.22837201350277,-2.8603735319318404
2021-02-23,2021,174.89,157.20998932046552,0.03584682185568684,0.0,-26.584174994414195,2.354074996151777,42.25219641989526,-4.0104862638856815
2021-02-24,2021,162.02,155.97823760524938,-0.3560307610942344,0.0,-27.741813452467635,1.3502584963057696,43.207337037293314,-3.6440460556506165
2021-02-25,2021,207.58,195.70292157848093,-0.6966139177421804,0.0,35.026295262453516,0.4772084444190125,24.556568089074865,-6.823068640586815
2021-02-26,2021,136.86,138.72216408409074,-0.14135157427124526,0.0,-36.01180029838546,1.0942542702896165,35.443713221696626,-4.8251838761014225
2021-02-27,2021,143.07,139.9132497034503,-0.48475412475327556,0.0,-31.723761077314478,1.0894845377401399,32.78690691551839,-4.917158888602886
2021-02-28,2021,110.28,113.10338980150028,-0.997584316058278,0.0,-51.5698711322743,-0.6503721954191827,28.344419051766792,-5.18573394737731
2021-03-01,2021,95.67,112.34686640716032,-0.07396639043274811,0.0,-27.885302752977296,0.5147341855082386,0.8001150920560325,-4.171246067856363
2021-03-02,2021,133.84,102.0961361915252,0.6418764285732675,0.0,-49.39766116003686,1.3082054345476903,7.944571026905285,-1.5633878793266154
2021-03-03,2021,134.58,121.83536844528753,0.6630425015955689,0.0,-24.857536981133062,1.2922061196050734,4.105732372273607,-2.530607907916143
2021-03-04,2021,106.58,116.36684394834711,-0.3908652769858182,0.0,-22.48978107580232,0.6626618694677693,1.6265518826208862,-6.204255791815946
2021-03-05,2021,128.04,117.6567193142944,0.5926245311295053,0.0,-21.37598683366362,0.8861988100858406,-2.0471960206114215,-3.5614535135084644
2021-03-06,2021,68.57,93.77529719830942,-0.520386254683416,0.0,-39.393523559915366,-0.2931100086252133,-3.6862208364823816,-5.493994482847063
2021-03-07,2021,129.04,102.09799367534893,0.8993694426160961,0.0,-43.649552621664526,1.1923160500682575,2.8051547070025467,-2.3118262435362347
2021-03-08,2021,71.44,81.77994263763982,-0.25384957795091195,0.0,-54.090184347546455,0.2011023093291957,-2.5919187760703397,-4.647739310984131
2021-03-09,2021,76.33,90.71537923338492,-0.021576834894161553,0.0,-42.38267562009254,-0.45557934161103714,-3.708311085886825,-5.879010224993098
2021-03-10,2021,74.75,96.38098369802191,-0.9957550921182331,0.0,-32.298588404769724,-0.6339287424419284,-7.766216494672016,-5.08705990883869
2021-03-11,2021,99.86,92.61893729140435,-0.07855643119591764,0.0,-46.22603889285822,0.7567079356335907,-1.4975314377410232,-3.4981762232962814
2021-03-12,2021,92.63,95.67532230629762,-0.32182631244348875,0.0,-42.60621168068009,0.1849453915618324,-0.8581998938581004,-3.8859175391453187
2021-03-13,2021,100.17,97.74703856143357,-0.7338932210501201,0.0,-37.40910686465793,0.16262408584582147,-3.5938074409516414,-3.841310338615319
2021-03-14,2021,125.97,108.99171896598936,1.5341239609487738,0.0,-39.85020142367659,0.6636289433886142,2.859764823252856,0.6218703212130867
2021-03-15,2021,121.94,118.98989534839114,0.11251704771577736,0.0,-21.072651758183362,1.2601455935850896,-1.1264751491531677,-3.3461727264357077
2021-03-16,2021,69.53,76.98286673578134,0.10201179641119178,0.0,-56.360001934610274,0.23550009657780974,-6.091555678522365,-4.065619884937398
2021-03-17,2021,65.37,89.4663264451307,-0.2057329915956944,0.0,-44.20095134218515,-0.05118433052018681,-3.944426871666837,-5.293910359764314
2021-03-18,2021,98.33,86.00113324579152,0.2857159142903636,0.0,-46.100384817012774,0.8696756240986737,-10.030763468664814,-2.185642347782215
2021-03-19,2021,120.35,104.5723462677192,-0.23030182459817813,0.0,-35.81466126417981,0.08198633065075905,0.34929636463728375,-2.9765056796536293
2021-03-20,2021,106.43,114.52821643073094,0.2034812202126462,0.0,-23.296608712842353,0.5844656753790575,-2.84104948566773,-3.2846046072133843
2021-03-21,2021,125.31,119.1266474328569,0.5984198302880566,0.0,-20.875560460785707,0.434536048345679,-1.9418427613674276,-2.251437564486217
2021-03-22,2021,78.9,89.1825030194966,-0.3858093088409853,0.0,-44.53250891013935,-0.3879420618251437,-3.3618585077890932,-5.311910532771351
2021-03-23,2021,102.49,109.54765534661743,-1.0305223173117504,0.0,-23.891031131000215,-0.12328231083590238,-3.8643860951421116,-4.705655139955089
2021-03-24,2021,105.03,88.69882626723391,0.4665686379161562,0.0,-49.451403166221624,0.9514575543805137,-2.6653933324363606,-3.764935767267157
2021-03-25,2021,98.75,105.24979395274497,0.9398774823006067,0.0,-36.78821935963282,-0.20014006574789733,0.6013626664370122,-2.465619111474551
2021-03-26,2021,125.42,106.70426950995207,0.8349287983592033,0.0,-36.76186552302355,0.02861104600291456,1.8084853163434125,-2.368422468592528
2021-03-27,2021,109.76,113.18482824800255,-0.6685247875620799,0.0,-21.795351994880107,0.0640018446483262,-2.7614389075060752,-4.8163902475600056
2021-03-28,2021,73.78,92.53431841805305,-0.5633313841134622,0.0,-41.595567191651355,-0.7575456394068161,-2.0917147056789887,-5.620055001959067
2021-03-29,2021,111.39,112.4019991801013,-0.8993843097870635,0.0,-22.738594275525898,-0.5299778337955557,-2.6391898238403133,-3.9533869178125336
2021-03-30,2021,63.26,93.53507357226935,-0.5780820432685944,0.0,-36.93165702661433,-1.3445963028168624,-4.50974722689809,-6.263376168995369
2021-03-31,2021,73.08,84.38760925536597,-0.05868288410320471,0.0,-37.58427831116764,-0.6986156504083827,-16.822444206916494,-3.610902032901064
2021-04-01,2021,135.13,119.11453803261668,0.5206623481772195,0.0,-20.972614340303767,0.03619954908773551,-0.8736573888705026,-2.758584476336347
2021-04-02,2021,111.16,99.4863130953284,0.27721208986923707,0.0,-36.27657304683014,-0.33514336730868527,-2.862786894760458,-4.478928026504169
2021-04-03,2021,87.14,97.51888426722002,0.14595334506435248,0.0,-38.899717818152006,-0.4001713892654189,-1.9961684228304446,-4.493543788459146
2021-04-04,2021,95.61,100.4776820833553,0.6938379179798306,0.0,-39.098271042651824,-0.20741090607013896,-1.0355959228047165,-3.0374103039607254
2021-04-05,2021,87.76,99.28186796771905,0.19438962193131756,0.0,-37.15049750262601,-0.22950854921782848,-2.0027201187885018,-4.692327824442738
2021-04-06,2021,135.19,99.5243194633394,0.3267535974267613,0.0,-44.099370708622814,0.7447432417000331,2.1512557769167624,-2.761594784944044
2021-04-07,2021,85.78,104.99763269483013,0.8661347873838674,0.0,-24.166850805831174,-1.6652174394618044,-7.022115120552046,-6.1768510675713575
2021-04-08,2021,83.53,95.37236425123808,0.27689314702546997,0.0,-41.75014364299174,-0.4823990921240487,-1.5649948999385719,-4.269523601595852
2021-04-09,2021,125.76,102.46709075138298,0.7377312509436058,0.0,-41.902753585474834,0.35405067195806317,2.0049751446733577,-1.8894450715799398
2021-04-10,2021,127.26,108.80491982009563,1.5034455123201895,0.0,-36.82243511054693,0.43400519147484073,2.0688492187905796,-1.5414773328056792
2021-04-11,2021,88.59,85.3508265019802,0.4028472363354416,0.0,-52.46335814879851,0.013746825516083739,-1.805311032696062,-3.9596307192394855
2021-04-12,2021,111.06,101.77259044512829,0.7319850009115226,0.0,-41.315549442420156,0.06815387763169059,1.0162696624591963,-1.8908009943169657
2021-04-13,2021,78.07,86.93594428277906,0.2142219389931981,0.0,-46.30105180635949,-0.8097216372923347,-4.664222601894616,-4.66581395153069
2021-04-14,2021,130.22,126.0064722289095,0.6153003148246559,0.0,3.5488137225023735,-1.2302164418546504,-11.28737681290794,-8.802580894517321
2021-04-15,2021,81.6,94.44131566168852,0.5116141158545034,0.0,-39.64428756959004,-0.6103437332962826,-2.836362694380041,-6.141836797762233
2021-04-16,2021,108.48,104.27107069766357,0.21368125199249022,0.0,-29.49178976136567,-0.5027054073552015,-4.610183595439336,-4.500464131031223
2021-04-17,2021,75.71,75.65147050144294,0.6587277661245045,0.0,-56.992930905315454,-0.5959240293925511,-6.347990936101919,-4.232943734734464
2021-04-18,2021,87.7,87.88146483109809,0.4169239701874029,0.0,-48.70837809247875,-0.476933931946556,-2.7797054757450734,-3.7329739797814088
2021-04-19,2021,124.79,107.45302270603759,0.811753476594488,0.0,-36.57705157636973,-0.36885231982204914,2.40826416553429,-1.9836233807622075
2021-04-20,2021,90.65,86.86565764707639,0.14545750545319505,0.0,-47.89269077374136,-0.6580100764737546,-3.176492501087675,-4.715138847936306
2021-04-21,2021,117.93,104.33897456943109,0.4428085474200514,0.0,-35.116960611442344,-0.12263004159021487,0.23561486247048347,-4.262390528289514
2021-04-22,2021,72.96,83.62671430773298,-0.03927045261266658,0.0,-48.684843693449906,-0.4014185858737128,-4.724999818447411,-5.685285482745649
2021-04-23,2021,83.27,86.54444799779631,0.15608980685260998,0.0,-47.67101852629547,0.0785478955464238,-4.294260361878897,-4.8874431572907024
2021-04-24,2021,98.48,95.07493667219028,0.5401346001846452,0.0,-43.48527241415925,0.1356527796051237,-1.391326184787358,-3.886784449515289
2021-04-25,2021,128.99,122.3444780344117,1.1460450640553126,0.0,-20.362758310879524,0.16692451822542242,0.6383392852094656,-2.4066048630615433
2021-04-26,2021,73.38,83.81108120885987,0.10320761494902206,0.0,-48.367575864715974,-0.4960737232246496,-4.97413035916583,-5.616878799845391
2021-04-27,2021,130.48,104.31671867202567,1.2578059092980869,0.0,-39.02671397326463,-0.019249853476525344,0.9105309614892096,-1.96818671288311
2021-04-28,2021,88.91,95.17454505135338,0.6260882968953865,0.0,-39.906454842875256,-0.6475432204996766,-2.5163209142094436,-5.543756608820506
2021-04-29,2021,108.0,103.14136962662023,0.9856896242607148,0.0,-36.3760355814632,-0.5016537219956146,-1.4950204449133198,-2.6341425901310194
2021-04-30,2021,88.54,79.35925956966156,0.476800340422313,0.0,-53.533750193222,-0.5765443684317406,-5.169158770889126,-5.000619779080606
2021-05-01,2021,89.91,87.75144866935209,0.2243314261756138,0.0,-47.75560205960117,-0.8205173531315239,-2.985068943852656,-4.0742267411008175
2021-05-02,2021,112.94,112.46965281736284,0.27651871554658525,0.0,-23.6546089954967,-0.889687091420557,-1.7652326295095544,-4.659869522619615
2021-05-03,2021,93.84,85.88522688072766,0.1910576560943137,0.0,-48.24689404297873,-0.7657173071607747,-3.2017093010627624,-5.2540424650267585
2021-05-04,2021,128.06,104.14038591238358,0.9462008266921935,0.0,-38.580402276186,0.5051521361155034,1.6981148041109106,-3.5912119192117937
2021-05-05,2021,117.88,103.11144515646187,0.27720117941725547,0.0,-34.940810236777324,0.442075268839345,-1.2152223720698099,-4.614331023810231
2021-05-06,2021,87.91,99.10656931904656,0.2565231555352794,0.0,-36.620561333050986,-0.503272576430471,-1.7574032357288047,-5.431249032141126
2021-05-07,2021,90.46,105.18434381001855,-0.1878783446885367,0.0,-23.38807942630135,-1.3535930024317129,-6.139438516160457,-6.909199241262093
2021-05-08,2021,81.15,91.15623031161893,0.12376459323602644,0.0,-40.665662404121534,-1.269332592023443,-2.9572692382921426,-7.237802388042758
2021-05-09,2021,66.97,91.79315753046741,-0.10793786344708636,0.0,-40.758527846553605,-1.3120028868939893,-3.3956553187458507,-5.79525089475491
2021-05-10,2021,99.18,97.52714370899395,0.26061507398857453,0.0,-35.43053440179906,-0.7353890540942964,-5.6825184124618,-4.047561837502344
2021-05-11,2021,127.34,105.5561626578112,0.29688751171305117,0.0,-35.30560041875809,-0.49533741237284884,1.2309677318913033,-3.3332870955250753
2021-05-12,2021,81.66,93.24975570353052,-0.08414679182473678,0.0,-39.829837895061324,-0.8267126193438676,-3.416584224357276,-5.75549510674475
2021-05-13,2021,71.7,83.0529986129651,0.12647238734355523,0.0,-48.66904537760317,-1.2111022050484037,-5.082813929341055,-5.273044603248288
2021-05-14,2021,111.39,111.96544894576773,0.018204051811117006,0.0,-23.596374693423492,-0.08896221771018414,-2.5037269696343323,-5.02622356613809
2021-05-15,2021,70.77,75.64410660318744,0.29824291572518113,0.0,-55.25078903645551,-0.6193160823118722,-7.002057773092046,-4.944505761540918
2021-05-16,2021,78.26,91.07639509035694,0.18926118625591776,0.0,-41.92845307831717,-0.9531936389778016,-4.440261108741247,-4.953490610725445
2021-05-17,2021,71.24,82.43543688021686,0.02523409144945013,0.0,-49.4477443456515,-1.3237560795179821,-5.610052578940557,-4.37077654798504
2021-05-18,2021,131.46,118.68255519810171,0.23222483085170156,0.0,-19.848997113809595,-0.23388276321921017,-1.5427713953496722,-3.086550701234113
2021-05-19,2021,105.97,103.15919919114661,0.13346316162198724,0.0,-37.72726527846946,-0.34186267927440284,0.6486908405677192,-2.7163591941620857
2021-05-20,2021,104.58,103.61049928538263,0.5298078544692416,0.0,-39.54888016842458,0.3879094963437323,0.6354081793350863,-1.5562784172033663
2021-05-21,2021,110.48,109.32303955075655,0.149622735069966,0.0,-25.15609609459893,1.0773203146098764,-4.795024004748901,-5.115315740437877
2021-05-22,2021,97.33,98.03186611093615,0.1569151740566043,0.0,-41.75180598175825,1.1061112014419203,-0.29646974098038426,-4.345416882686346
2021-05-23,2021,123.45,101.00364258430531,0.8431412941294911,0.0,-42.66685643921146,1.7764741950008371,1.0785745800605686,-3.19022338653685
2021-05-24,2021,113.46,97.84042663815784,0.7584315172150504,0.0,-45.571752766763446,1.348914628585677,0.7134289063869521,-2.5711279881290507
2021-05-25,2021,75.17,91.97130762977336,0.3496870285387028,0.0,-43.21226725640814,-0.62958328234166,-3.6214833456051028,-4.077577855273135
2021-05-26,2021,118.69,101.26132846164157,0.41423326862583876,0.0,-37.12376763802027,0.16912223179635832,-0.3384591039649423,-5.022332637657867
2021-05-27,2021,116.41,92.09206466219712,0.23416544795476563,0.0,-46.93220915757045,0.04740169087788959,-0.7386804597711403,-3.6811452001564713
2021-05-28,2021,106.42,101.29670471788326,0.4905482620310094,0.0,-36.04988389417187,-0.242976763493823,-1.917212270263448,-4.146302957081378
2021-05-29,2021,80.45,90.17044835063074,0.07318523199394912,0.0,-44.483262689672856,-0.8909067832619249,-2.890880472516709,-4.800219276774436
2021-05-30,2021,100.11,96.51799754948291,0.15473384706934823,0.0,-42.42565229917612,-0.7228925486797301,-0.5171293752868791,-3.1335944153064865
2021-05-31,2021,113.69,108.42367302724915,0.29524031865360956,0.0,-28.28205033050637,-0.11555755913231078,-1.9478881555004643,-4.688603587128059
2021-06-01,2021,115.29,116.67003242971045,0.1369263159578264,0.0,-19.802760984868,-0.010812840030446969,-2.304609681039957,-4.511242721171415
2021-06-02,2021,108.6,114.55988453214009,0.006771688978908286,0.0,-20.57686386352007,-0.0031834941467748235,-3.467386182605952,-4.561985957428538
2021-06-03,2021,113.0,103.41396271019032,0.11965946556808305,0.0,-30.00322760767459,-0.05248781934943679,-4.970163634787804,-4.842350034428516
2021-06-04,2021,90.15,95.64768741061287,0.2829298088899643,0.0,-41.86394418839623,-0.33712522949730694,-1.6029748449409447,-3.9937304763055277
2021-06-05,2021,85.49,95.33548652429026,-0.4739909156558078,0.0,-41.251100269508306,-0.5162115264764748,-1.2697170700092757,-4.316026034922682
2021-06-06,2021,137.15,121.46637874643015,0.08595318539238402,0.0,-18.247618666986853,0.23948410846534007,-0.7277160974913124,-3.0462561238118093
2021-06-07,2021,121.85,109.53142312283134,0.1708627486471193,0.0,-32.67478506067238,-0.07077288487480218,1.6398417280216853,-2.696255749152896
2021-06-08,2021,123.02,118.02501476907548,0.8781073958996566,0.0,-21.42878135074883,-0.038625034181964724,-1.3658791558382193,-3.1823394269178102
2021-06-09,2021,75.55,81.39179240397138,0.3591577791132591,0.0,-52.998060235338805,-0.7712132872711744,-3.3438224059024786,-5.016801787491832
2021-06-10,2021,109.48,100.73122117257836,-0.38489305819589625,0.0,-35.0916201704325,-0.5427622084166072,-2.201384169718781,-4.210651561520357
2021-06-11,2021,113.2,110.02243510137721,-0.6470640467644899,0.0,-24.422135227026136,-0.707517254205182,-2.6739583007640313,-4.689422410725755
2021-06-12,2021,78.63,87.5387566484395,-0.18307895846567646,0.0,-47.30779636928799,-1.2329830127188677,-2.0301924279985433,-4.869724923952214
2021-06-13,2021,92.32,96.07542420453659,0.27165286408895617,0.0,-41.02292461355936,-0.6676866443236071,-1.3075954364047029,-4.360554306127505
2021-06-14,2021,111.99,99.29884815414363,0.6447340634462232,0.0,-42.12948420203642,-0.014472643885527492,0.824291071062591,-3.1887524753060257
2021-06-15,2021,85.15,79.51452043999697,0.06961221667169984,0.0,-54.16022371373341,-0.5342126786635867,-5.128834126067489,-3.894353599072544
2021-06-16,2021,87.12,94.72145112174582,-0.45752229688538604,0.0,-41.19667992270792,-0.19108766316598913,-1.4741958420639671,-5.121595494293557
2021-06-17,2021,101.64,97.82916430480829,-0.1446486002035829,0.0,-42.0974541977382,0.18570215825609437,0.06362768523122098,-3.340595081599977
2021-06-18,2021,75.15,73.92921973305486,-0.36489488518911206,0.0,-58.73947281659563,-0.32586568884418543,-6.685669648956469,-3.1174095682220533
2021-06-19,2021,131.53,106.28047200790508,0.05273642906085818,0.0,-39.01816922853505,0.4514585937293573,1.4736884960182794,0.15822537676882395
2021-06-20,2021,117.42,103.54714052596813,-0.07480858830289899,0.0,-40.72510176435569,0.42349014686444775,2.2942873962743127,-1.5332590053747834
2021-06-21,2021,85.27,97.43403927016945,-0.48602537477962715,0.0,-38.42651466301448,-0.22574086593027337,-1.7285097406988972,-4.861702426269942
2021-06-22,2021,81.91,95.23952518712939,-0.31812130142726475,0.0,-42.385285279494575,-0.17848798403987806,-0.9720269327806568,-4.069085655991217
2021-06-23,2021,116.85,102.28525924796332,-0.35657012622819095,0.0,-40.26101054779307,0.09536288555331532,2.5845398152512606,-2.939595119682845
2021-06-24,2021,120.36,104.77290079038212,-0.12569890331225703,0.0,-37.4631332334188,0.048068248552375986,2.1422268026403652,-2.99109446494252
2021-06-25,2021,90.66,109.24179852348867,-0.237886923691158,0.0,-24.572544170594625,-0.6837342491677523,-4.040985032347084,-4.385583441573289
2021-06-26,2021,118.99,114.71213233530443,0.09061607277731823,0.0,-22.20517925687778,-0.29628637793816476,-2.1194133426692936,-3.9201371008501953
2021-06-27,2021,92.23,89.63762537872222,0.029512287921618544,0.0,-48.2379389313679,-0.31682734093328585,-1.4044459045894315,-3.595207073171112
2021-06-28,2021,126.2,118.93522965075503,-0.2238762156178164,0.0,-19.52758795658296,0.00047925160182732407,-0.5839138883641879,-3.8924038811443884
2021-06-29,2021,117.88,106.83306299646131,0.3923015369617199,0.0,-29.659830832953695,-0.2038279380020177,-2.9004079649731684,-3.9577041454341013
2021-06-30,2021,123.29,118.73583077270372,0.7634873430195128,0.0,-19.99308654078538,-0.7925925308381883,-0.8501254664647835,-3.554384373090022
2021-07-01,2021,37.25,67.62232436215363,-0.3207610626227001,0.0,-59.117686862822886,-1.0338019706209909,-9.284964779003285,-5.782993303638875
2021-07-02,2021,51.28,70.62773810300054,-0.2419551827479759,0.0,-45.260258884469586,-1.1325074129121742,-21.730605722353104,-4.169467035379423
2021-07-03,2021,57.08,52.021195356346944,0.3941064757619499,0.0,-51.41515170224122,-0.7245031463291437,-38.41037870020693,-0.9854099115004045
2021-07-04,2021,50.94,49.789512666226564,-0.28198492133192965,0.0,-50.80136038410726,-0.7704670396369647,-40.1860706733985,-1.3331366561613602
2021-07-05,2021,24.98,45.76631483949779,-0.8687482417914713,0.0,-49.06361394325659,-1.0376371860389668,-43.83010000920188,-2.596118121075695
2021-07-06,2021,63.23,51.34601023568464,-0.13839553680877476,0.0,-51.476896060828246,-0.18245858781572438,-40.7319123205648,0.7131404008395985
2021-07-07,2021,39.97,47.534424524388726,0.1423407630904861,0.0,-50.98748188245668,-0.9104181138742381,-42.84516691969983,-1.0273816635332889
2021-07-08,2021,35.87,46.586783467847646,0.27094300046110364,0.0,-52.28269825376615,-0.9676246473062667,-41.36470130516874,-2.2316676672352975
2021-07-09,2021,47.41,49.633513205661046,0.012554604870790326,0.0,-48.99543989673403,-0.6026231492776281,-42.83812630298153,-1.1053843910790502
2021-07-10,2021,53.48,51.82579977953403,0.8700496453647435,0.0,-46.38667268092379,-0.49814624364411286,-44.08896058448242,-1.2330026976428932
2021-07-11,2021,29.01,43.266416764436656,0.24444158815456138,0.0,-54.250821503399756,-0.4169931250890456,-43.453578040028106,-2.019164496063674
2021-07-12,2021,61.9,53.091983714938415,-0.013899117778662852,0.0,-47.53661203706073,0.23136272460128873,-43.39739982163744,0.6459996259515343
2021-07-13,2021,54.33,45.93129077051577,-0.1693672362638487,0.0,-51.70529463004821,-0.07167553436644605,-46.152348730563475,0.8674445608954781
2021-07-14,2021,61.31,50.0572625206343,-0.18032933687379976,0.0,-50.97709775974711,-0.008962063152835015,-44.102508822672604,2.1636281622182825
2021-07-15,2021,47.24,44.34804184874224,-0.37571013763290945,0.0,-53.83992707892343,-0.19986035437562627,-45.746182731191475,1.3471898100033073
2021-07-16,2021,34.3,42.66247376430779,-0.8673633205248578,0.0,-49.0994785762436,-0.5444450416030262,-50.01599565177111,0.027224013588092677
2021-07-17,2021,61.82,43.13870051816853,-0.7371572517142654,0.0,-55.198214304415686,0.2484096080533852,-45.504565970387745,1.1676960957700884
2021-07-18,2021,51.7,43.15901809533241,-0.7125380460832119,0.0,-54.99657312418447,0.48838204469385316,-47.369783965100005,2.586998845143886
2021-07-19,2021,32.88,38.92347791799151,-1.0994192158730454,0.0,-55.69178744514941,-0.371265864348799,-48.89628879580063,1.8197068983011304
2021-07-20,2021,28.13,38.432051479573445,-0.9164290578844639,0.0,-53.01340955764696,-0.06772674853040997,-50.8337548298031,0.10083933257610656
2021-07-21,2021,31.9,36.712414148385704,-0.7206166828836501,0.0,-56.506258214384054,-0.4959622077717932,-49.88721731239094,1.1599362249538505
2021-07-22,2021,51.33,49.100826084594374,-0.30477045236746025,0.0,-46.77295333966505,-0.5095762037882622,-48.941594714492226,2.4671884540449716
2021-07-23,2021,50.89,51.05476404348142,-0.4178221325692259,0.0,-46.491979519808986,0.12349628863076752,-48.24733302311706,2.9258700894833223
2021-07-24,2021,31.02,38.384203384162895,-1.0029379826841462,0.0,-55.33425059779355,-0.41257990891626595,-49.12593768954552,1.097377222239945
2021-07-25,2021,33.55,37.23407060376553,-0.8627060103504413,0.0,-56.25557918830318,-0.438405408755403,-48.13695871837007,-0.234812411317776
2021-07-26,2021,52.36,49.735027124189195,-0.3837493674531153,0.0,-44.39760087013872,-0.07761546868998334,-49.47361174046582,0.9050722300743709
2021-07-27,2021,37.7,46.30969635014753,-0.4966567058502075,0.0,-47.17051229623454,-0.04838624311179082,-50.067085776108215,0.929805030589663
2021-07-28,2021,61.67,51.342082346948,-0.21387023421634077,0.0,-47.70558780661253,0.36546016494472955,-46.89733242011938,2.6308803020891434
2021-07-29,2021,46.34,44.689540543149825,-0.5327176241878716,0.0,-53.777308416101896,0.2406923785612955,-47.70974054307416,3.306082407089865
2021-07-30,2021,34.05,38.73611013113842,-0.23435702039130601,0.0,-56.58652339909241,-0.6326797963940809,-49.786265152947266,2.8134031591012514
2021-07-31,2021,29.08,39.65060801086685,-0.5958482635554497,0.0,-56.09582283032759,-0.9086091846373713,-49.49390742203451,3.582263370559122
2021-08-01,2021,60.87,43.78829495139123,-0.11403329881961552,0.0,-54.8148126862543,-0.19999783921878278,-47.2067269453107,2.9613333801321113
2021-08-02,2021,56.64,42.69134777065588,-0.13409796532512636,0.0,-55.59970756791216,0.041437407681469404,-47.52405657238831,2.745240127737898
2021-08-03,2021,49.93,44.71867896975663,-0.11747173748754194,0.0,-55.7720871706393,0.15924526530078403,-46.733359355212244,4.019819626932418
2021-08-04,2021,42.97,41.81223724051978,-0.4831097271906142,0.0,-55.58563319089254,-0.24066903162028513,-48.87661500478254,3.8357318541433076
2021-08-05,2021,41.09,44.05142479968517,-0.8223205225551606,0.0,-52.692947406908814,-0.32181073357557743,-48.677194977711,3.4031660995733
2021-08-06,2021,55.88,51.36383574750082,-0.507615567374742,0.0,-44.294687954119325,0.3602030076515573,-50.31502900437393,2.9584329248548356
2021-08-07,2021,59.28,51.448644700217045,-0.18451560809802126,0.0,-47.43422284401991,0.37742265631976174,-48.47634685952995,4.003775014683111
2021-08-08,2021,33.19,36.53385148354504,-0.9599012724512901,0.0,-57.04614470013645,-0.3613984326983567,-51.70347688301508,3.442240430984118
2021-08-09,2021,47.19,41.61884869029509,-0.580181646729599,0.0,-51.85608617424618,-0.2921767908815055,-50.655086448184505,1.839847409475087
2021-08-10,2021,40.97,40.257452648444286,-0.6839752853828147,0.0,-54.49937291185065,-0.22238727616524978,-51.14919849981241,3.6498542807932925
2021-08-11,2021,32.07,40.034550123117555,-0.8561281077187083,0.0,-53.886752681798754,-0.42398428331263116,-50.22194884262326,2.2608316977087126
2021-08-12,2021,41.34,42.174445482011215,-0.6090208863056632,0.0,-54.55634353488106,0.012210296662277464,-48.369313584130005,2.5343808498029654
2021-08-13,2021,47.35,45.065771203812986,-0.359000219044335,0.0,-47.89275631425384,-0.30780387877723603,-51.53735740700695,2.000156682032587
2021-08-14,2021,27.84,40.296856310252764,-0.3902946514741483,0.0,-53.78131899050668,-0.32302041441013174,-51.74227158826868,3.371229614049915
2021-08-15,2021,60.68,52.64121273973906,-0.0943756581686267,0.0,-47.277301320957456,0.011324716736889784,-47.532417359404114,4.3714500206700135
2021-08-16,2021,37.94,41.1881576226395,-0.28478395296650433,0.0,-54.854624550742024,-0.3575766569543644,-48.81238598616535,2.33499642860532
2021-08-17,2021,62.63,56.0901560542162,0.16559941335622583,0.0,-43.90471259470273,0.3511431434217961,-47.34914403038769,3.6647377816656466
2021-08-18,2021,49.35,49.62674147163395,2.6591212225988805,0.0,-53.889817102030726,-0.18773715914740233,-45.8948684618199,3.777510631170529
2021-08-19,2021,58.82,51.45684795298067,2.051965021993589,0.0,-52.12121595284949,0.07987697856721623,-44.37255778193423,2.6562473463412384
2021-08-20,2021,57.99,49.86107467188147,3.03591472285472,0.0,-54.06517773908849,-0.011118411228968755,-47.17536920820161,4.914292966683706
2021-08-21,2021,58.26,46.27009735696518,0.548609087763751,0.0,-54.927352969324474,0.2835733349938223,-48.060033192709845,5.262768755379933
2021-08-22,2021,48.89,46.675090245038035,-0.1666294216403178,0.0,-50.06015255305491,0.3471057220977082,-51.31292803456099,4.705162191334309
2021-08-23,2021,36.65,39.186396006939454,-0.29011922191172507,0.0,-56.53536343530496,-0.7420549866906437,-49.70071762085712,3.2921189308413594
2021-08-24,2021,26.65,34.79790322545843,-0.6894933817194541,0.0,-56.86788162627032,-0.9451515970917914,-51.48496243495519,1.6228599246327393
2021-08-25,2021,40.57,40.084151963048086,-0.461238124124092,0.0,-55.44880814764238,-0.3473997231355016,-49.326374563037284,2.505440180125008
2021-08-26,2021,46.53,43.91105814246348,-0.5976437026023858,0.0,-54.489001871369695,0.006347640139148486,-49.38566690529624,5.214490640730214
2021-08-27,2021,47.98,41.71977473039826,-0.7836696699354639,0.0,-55.56761024605781,-0.02532060139007171,-48.51505895426476,3.4489018611840225
2021-08-28,2021,23.54,36.45897105092271,-1.0937904788566315,0.0,-56.69662073991973,-0.4743174335047768,-50.84119137514867,2.4023587374905397
2021-08-29,2021,25.75,35.904579760515254,-0.3309194802184464,0.0,-57.19865659481535,-0.38994640296178507,-51.631642175859405,2.293212073507898
2021-08-30,2021,40.5,44.35714419888274,1.5460566142234902,0.0,-54.039871181136675,-0.19176972766158507,-50.05438056163027,3.934576714225609
2021-08-31,2021,59.6,53.68927289327459,1.1965150154517417,0.0,-48.8103613751442,0.3873773246214419,-47.663300175219646,5.4165097627034795
2021-09-01,2021,60.54,52.69150726085634,3.01301246893891,0.0,-51.9364672320281,0.29332731912810106,-47.50999881584584,5.669101179801473
2021-09-02,2021,42.43,39.88704878903755,-0.462558646951827,0.0,-56.679485545978764,-0.1368987848336644,-49.74713586920308,3.750595295142483
2021-09-03,2021,40.17,43.28956973430624,-0.4297178582054579,0.0,-50.06506013861635,-0.8679352542341381,-51.62945786749338,3.1192085119934125
2021-09-04,2021,31.12,38.72966187528557,-0.4222301388194504,0.0,-56.375037363343765,-0.6698003989131365,-51.05160506775255,4.085802503251984
2021-09-05,2021,30.67,37.07370532936364,-0.7761418138721803,0.0,-56.467431434919746,-0.8150754468548331,-50.978218430427106,2.9480401145754422
2021-09-06,2021,37.55,46.093353971285325,-0.5109222471147932,0.0,-46.918587429491446,-0.9584281546571176,-51.665472247423295,2.9842317091097232
2021-09-07,2021,60.8,52.071797302929205,-0.35043590032717375,0.0,-45.41274100809544,-0.15340988669458902,-49.7318128395813,4.557664596765256
2021-09-08,2021,60.83,53.08776412514873,-0.42607453404757806,0.0,-47.39461567152891,0.4151794047273101,-48.458331173921565,5.789073759057296
2021-09-09,2021,60.08,51.65724624946091,-0.2602644330709514,0.0,-49.29336780252542,0.5412713228941454,-48.09214917235854,5.599223993659676
2021-09-10,2021,62.4,52.312790474407066,-0.10231016413056482,0.0,-48.803982014474435,0.47233771495348387,-47.50783507977877,5.092047676975323
2021-09-11,2021,58.74,52.35746912190277,-0.08553316350962337,0.0,-48.46336954088298,0.21236097923623498,-48.187123236267304,5.7186017424640685
2021-09-12,2021,34.58,41.19370712794774,-0.5775328805992839,0.0,-55.69138077775432,-0.4667014691289413,-49.438761136483826,4.205551051051482
2021-09-13,2021,41.85,45.60374748295375,-0.6699718162258513,0.0,-47.492831749371206,-0.6781545605877565,-52.40442736082292,3.686600629098755
2021-09-14,2021,31.06,42.18206705750571,-0.8206279228223171,0.0,-46.494818282049636,-0.8625877997925766,-55.481095098887074,2.67866382019416
2021-09-15,2021,38.76,40.647913107838995,-0.43877392440259727,0.0,-55.63033733846427,-0.7648349140577778,-50.715500674432924,5.034827618334319
2021-09-16,2021,26.44,37.633004041581465,-0.9507863720209873,0.0,-57.327438251789715,-0.4865431340759377,-51.40019096703895,4.63543042564493
2021-09-17,2021,63.53,47.39010235097085,-0.39203296057056175,0.0,-55.00237538415378,0.1885361523294066,-47.63112592081816,7.064568123321281
2021-09-18,2021,38.82,48.04152990449046,-0.6543921357196623,0.0,-46.48146755855766,-0.35193601290991244,-52.19083719321071,4.557630464025466
2021-09-19,2021,29.4,40.494907499389235,-0.5379267133595705,0.0,-55.23050586070173,-0.7472160953465303,-50.26347528505043,4.111499112985288
2021-09-20,2021,49.66,47.894806056134456,-0.3229204373351492,0.0,-48.92516725768283,-0.22764863464510285,-49.14340706855519,3.3514171134902933
2021-09-21,2021,49.98,42.46423109838028,-0.4904715317321436,0.0,-55.16351640555138,-0.300850139874127,-49.54393878913778,4.80047562381329
2021-09-22,2021,46.47,42.60592739543289,-0.3227583328652341,0.0,-55.989396702796796,-0.03808335779774936,-49.07019821151593,4.863831659546358
2021-09-23,2021,57.15,55.95683042391068,-0.07807337060977584,0.0,-41.72227667179388,-0.35377836546551966,-50.63565933892289,5.584085829839877
2021-09-24,2021,54.63,46.66287442991344,-0.289850262155237,0.0,-53.22983183325924,0.07235035198362598,-48.60064446059894,5.548318293080541
2021-09-25,2021,46.45,47.1205168556227,-0.4549502381853372,0.0,-49.45622791101797,-0.4322611051792197,-49.714213298465545,4.015637067608129
2021-09-26,2021,29.75,36.68667136440665,-0.6315351150286033,0.0,-58.16899582763793,-0.5266550800676424,-50.96891561856341,3.8202406648415943
2021-09-27,2021,47.18,41.064745261462285,-0.5537095463903895,0.0,-56.53555399423262,-0.20668181486475312,-50.166479066052176,5.364637342139525
2021-09-28,2021,46.16,45.48584238556158,-0.3797519435995316,0.0,-49.474043331764264,-0.3191373995953004,-51.66654733305141,4.1627900527100605
2021-09-29,2021,31.85,38.86031012591587,-0.9526323093484993,0.0,-56.37217036653607,-0.5584973539597522,-50.608191633901065,4.189269448799248
2021-09-30,2021,40.6,42.5375642247911,-0.8358100344187929,0.0,-53.95976191100927,-0.32018371464511286,-50.43020141459784,4.920988958599448
2021-10-01,2021,181.47,149.03774763352445,-0.008777729645731952,0.0,50.71809021249691,-0.807450796506685,-48.62640686083144,4.599760467148508
2021-10-02,2021,202.4,164.09591930399512,0.12637505089521056,0.0,-18.128038214763333,0.6856426852291202,20.990087633966567,17.25931980780513
2021-10-03,2021,160.05,146.69264916513387,-0.526857073990521,0.0,-36.79406233583785,0.2904332589177137,26.91358063534779,13.647022339834407
2021-10-04,2021,216.25,211.68577950892916,-0.01311899219734075,0.0,48.642890176610884,-0.32548461497759107,9.975758471845715,10.243202126785192
2021-10-05,2021,135.97,145.68257084756704,-0.31412599890421156,0.0,-36.65156267015081,-0.05452363744464307,27.69921784746888,11.841032965735387
2021-10-06,2021,117.63,139.07925388712567,-0.40465541375082026,0.0,-29.894432075373004,-0.2751595808956478,19.3443526474844,7.146615968798401
2021-10-07,2021,216.75,212.0137050395449,0.05385335673739418,0.0,54.781384987223845,-0.48054318380236294,3.4423364122960036,11.054141126227199
2021-10-08,2021,187.97,202.07296521346467,-0.4914717403863093,0.0,35.00866445108276,-0.3884685531505926,18.14584560069853,6.635863114358202
2021-10-09,2021,144.29,139.04677118265576,-0.1691508708466951,0.0,-51.28067807082348,0.2780613001261838,37.19029001458719,9.865716468750067
2021-10-10,2021,112.6,125.60249427094402,-1.03112397596285,0.0,-55.191250714989685,-0.30780600679144804,30.447943993800113,8.522198634025584
2021-10-11,2021,219.63,214.73159179471142,-0.050687407215409985,0.0,49.514752420437716,-1.4479710433907356,14.030990539537648,9.521974944479494
2021-10-12,2021,207.25,204.78324225934384,-0.3381895822794865,0.0,37.31705792795408,-1.4996765993571661,18.126883747467772,8.014634424696416
2021-10-13,2021,143.08,176.1189877708058,-1.5204919836129172,0.0,23.512256546292026,-2.3888828755023197,10.217041920152566,3.1365318226137107
2021-10-14,2021,186.6,160.36422037147747,-0.9059630384798996,0.0,-26.853544159746797,-0.20358945476077198,35.32904643310749,9.835738250494684
2021-10-15,2021,111.01,142.40258162140537,-1.4277218507598164,0.0,-34.037363628631994,-2.231553178902627,30.55352326611048,6.383164672726657
2021-10-16,2021,184.23,191.628607025858,0.5149222721972436,0.0,32.10221095618809,-0.5636495472541662,6.470993407268827,9.941597596595344
2021-10-17,2021,135.97,134.19224678000998,1.5219263569085917,0.0,-52.876488917978065,-0.3138915691209485,32.13164713182632,10.56652143751168
2021-10-18,2021,147.79,149.87272298464177,1.8484557608793135,0.0,-31.11602818087124,0.48151700123758223,23.213008942905667,12.283237119627866
2021-10-19,2021,146.06,157.0632826702072,0.18449505978117187,0.0,-26.904088020594642,0.6856624585707479,30.662222548713068,9.272458282874318
2021-10-20,2021,171.67,158.29144868891845,1.4891614890484368,0.0,-31.686710547040875,0.6869099307606154,29.806096879221847,14.83345859606609
2021-10-21,2021,121.6,135.39735688933226,1.215311361108053,0.0,-53.3670846837914,0.5380922139852444,32.325128866482636,11.5233767906855
2021-10-22,2021,167.13,153.9287903967252,1.5143758806020708,0.0,-33.09709192933279,0.749445345903998,26.71696679151351,14.882561967175855
2021-10-23,2021,180.16,192.15214194923595,0.6917102955875298,0.0,24.95731473854913,-0.6229489567604962,15.569039345361535,8.394494185635605
2021-10-24,2021,132.63,148.34416836884498,0.606998593986862,0.0,-40.45585927642627,0.07056823476105674,33.80529793743495,11.154630538225762
2021-10-25,2021,141.21,148.4801678973295,2.1208367672460313,0.0,-35.84578723756803,0.5820255106294494,29.08445943709597,9.376101079063629
2021-10-26,2021,187.19,180.47907498569782,1.1535421737636875,0.0,-20.558100375466463,1.5278119679372502,40.62434192074459,14.568946957856303
2021-10-27,2021,169.82,161.85838606830313,1.9749268072088872,0.0,-33.493485169176886,1.851414305059801,36.9960525389553,11.366945245393467
2021-10-28,2021,172.17,173.97707308073825,1.4549786563311318,0.0,-26.01775816857608,1.6606928922985045,40.382063456122374,13.33456390369975
2021-10-29,2021,191.63,172.5605670097967,2.4860627409317804,0.0,-29.025510267001998,1.6671133633914246,40.76571556127819,13.50465327033469
2021-10-30,2021,165.45,183.23615266852755,-0.6423917002225885,0.0,22.99259702872741,-0.3370304885313512,13.786982334784401,4.273463152906984
2021-10-31,2021,189.48,207.5973865206096,0.6726608270111297,0.0,43.968439133854915,-0.37472889136206783,12.650558497108504,7.51792461313459
2021-11-01,2021,258.46,212.72175356521558,1.4341568141183365,0.0,29.652302894376817,1.5566739834536374,24.4236205474386,12.492466984965267
2021-11-02,2021,239.13,227.50525567804135,1.40973495347817,0.0,38.12568260990479,-0.027919965520690853,35.605249625333656,9.229976113983192
2021-11-03,2021,366.71,345.77030304138884,1.2983060878909285,0.0,139.73501993563937,-0.28844119472481444,55.28497399791114,6.577911873809244
2021-11-04,2021,203.23,213.11357766275356,0.11244697599506154,0.0,21.059179127487244,-0.08184617394542777,41.94947962045739,6.911785771897053
2021-11-05,2021,317.38,326.18522670379537,0.7742163532411166,0.0,123.09540660217286,0.7201061798802786,53.82107565186199,4.611889575776412
2021-11-06,2021,354.95,333.1805082720447,1.3622119319542174,0.0,123.9491850203394,1.9264772253502058,57.79762341420982,4.982478339328657
2021-11-07,2021,390.6,369.7636983873472,0.7862803506540346,0.0,152.84997477351615,-0.13391832110312185,64.28603259813463,8.81279664528223
2021-11-08,2021,278.16,328.1206207143034,-0.1773568070496257,0.0,131.81629223012908,-1.5753756655073956,53.169016834736404,1.7255117811324292
2021-11-09,2021,199.85,219.09822365760772,-0.3795903760254036,0.0,22.243727934850504,-0.30395800891612856,49.17026756410385,5.205244202732528
2021-11-10,2021,206.73,242.84273707565023,0.2637708941803286,0.0,51.90450281839584,-2.0797810107896733,44.336870203655245,5.254841829345932
2021-11-11,2021,200.12,212.1386223334814,0.07068734306628033,0.0,21.929054800827373,-0.12586145865260298,40.49646921274269,6.6057400946352365
2021-11-12,2021,251.71,242.04322750288975,0.5041633673411758,0.0,47.127955004504784,-0.22258664132284006,43.87263228344328,7.598531148060724
2021-11-13,2021,213.53,211.20648752841404,0.13433407531828423,0.0,19.48020805590954,0.12480771289879296,41.27270306250553,7.031902280919483
2021-11-14,2021,278.06,279.84919438203536,1.599561358269063,0.0,81.3134779081257,0.7387231981515804,48.535088963824165,4.49981061280286
2021-11-15,2021,298.15,268.95003246817447,1.820387672940027,0.0,60.51918055271886,1.2801477207129057,53.50355421572976,8.664229965210088
2021-11-16,2021,284.33,268.8860411573884,1.6758721062931583,0.0,59.97015579484804,1.1192150522309672,54.64669777984997,8.311568083303436
2021-11-17,2021,325.2,319.60002285746,1.6397545767420911,0.0,111.51661691522602,0.16082171050279387,56.20476745598319,6.915529858143481
2021-11-18,2021,368.41,362.467097567464,0.9332118032587868,0.0,147.73338931091348,-0.35516980176998186,63.76246614117824,7.230667773020072
2021-11-19,2021,354.14,354.23343719659294,0.7312455042526349,0.0,145.4203813977089,-0.11820883472618948,60.013476741642314,5.024010046851799
2021-11-20,2021,322.69,317.85371502048275,1.6200142042887442,0.0,109.86728853443466,1.6609716400530632,56.28176326126752,5.261145039576227
2021-11-21,2021,342.25,341.4774269465984,0.025497426993435046,0.0,134.9732667139768,-1.1784867086835953,57.362733494216165,7.131883679233597
2021-11-22,2021,321.28,284.980614433856,1.6979016947624606,0.0,71.13083780343224,1.0790799452172741,59.06270649071899,8.847556158863194
2021-11-23,2021,331.56,330.82072167224965,-0.3080493303967354,0.0,131.7802815289345,-1.481079271999461,55.81869600928251,1.8483403955662236
2021-11-24,2021,376.7,336.66719447472525,1.638962490300006,0.0,121.63693136094656,3.2837496265021358,58.33142304430335,8.613595611811126
2021-11-25,2021,268.68,291.4877870188932,0.9861754509800981,0.0,93.44325903899603,0.13639119209310127,49.98389178273398,3.775537213227428
2021-11-26,2021,317.79,315.8691760370137,1.386626056245251,0.0,109.32076253020418,0.7400123956272603,55.25379402515833,6.005448688916224
2021-11-27,2021,243.93,245.40395410059963,0.3627455999268242,0.0,45.4967884910186,0.4979069715458627,49.57679239804463,6.307188299201045
2021-11-28,2021,216.88,224.5989963441668,0.5503792407364876,0.0,23.964550058328214,0.5955445015390796,49.2046671399397,7.1213230627609265
2021-11-29,2021,298.71,275.0410837265414,0.6560755881295105,0.0,62.80952500484164,2.080913323584005,57.866622611193854,8.4654148579296
2021-11-30,2021,275.3,256.2544226036457,0.44345071385706497,0.0,48.85518178129372,0.6075294105383731,54.82166332509049,8.364065032003364
2021-12-01,2021,318.5,329.0224711981393,0.7460041695096207,0.0,120.5765271408846,0.6302832644603883,57.576038369606245,6.331085912815792
2021-12-02,2021,231.58,234.24162334529376,0.220443918977434,0.0,36.42948626465081,0.20317313676342674,47.41701835868241,6.808969325357218
2021-12-03,2021,224.55,224.3683651213526,0.6096655848349734,0.0,25.620732451249935,0.26031492648234744,48.28981014324478,6.425309674678167
2021-12-04,2021,195.63,211.92326374446327,0.004807700425921595,0.0,20.193158010941346,0.00188018715536592,43.74337176589958,4.817513739178663
2021-12-05,2021,317.5,318.571662978241,-0.11980056302367507,0.0,116.82234753356174,0.6959033694933384,51.26575522815291,6.744925069194235
2021-12-06,2021,196.23,200.8107845898552,-0.4673565400280789,0.0,-9.796902812205609,0.7402721996682033,56.720403763296396,10.451835638261649
2021-12-07,2021,289.88,332.85429345925513,-1.1973584606037475,0.0,135.14917418185024,-0.5144317595155079,54.840049836561334,1.4143273201009396
2021-12-08,2021,261.22,274.98307497844434,-1.1719622276079023,0.0,80.6326106512625,-0.14602750106544832,48.02013228646571,4.485789428527031
2021-12-09,2021,307.46,309.579823670198,-1.0880452085061811,0.0,108.66973837808607,-0.2333416018954396,54.83921082305227,4.229728938598944
2021-12-10,2021,380.97,362.7810452976878,-0.15353858007317517,0.0,145.52858217969703,1.2481115271683003,64.16210790249743,8.833249927536592
2021-12-11,2021,262.33,279.51934402782285,-0.7202300382561885,0.0,88.78282955056733,-0.9314671109010766,47.99937923089458,1.2263000546552094
2021-12-12,2021,275.78,264.9567113421058,-0.48175559886166447,0.0,58.844452138469315,-0.4386350033946112,57.178172772761116,6.691944692269015
2021-12-13,2021,330.51,318.3385319018329,-0.703925367754102,0.0,110.165390740629,-0.05650666875001718,56.73441795732211,9.036622899524023
2021-12-14,2021,222.62,246.7519234866781,-1.3009938283158144,0.0,55.70238866919512,-1.3777591795863209,47.214964892774205,3.3507905917485443
2021-12-15,2021,281.53,283.75397811275906,-0.8767288414516591,0.0,83.48836188157644,-0.19826025756541676,50.8431386217164,7.33493436762161
2021-12-16,2021,206.9,212.46466504393396,-0.9991318794359935,0.0,18.192733927474503,0.14706775754882173,44.50327317431575,7.458189723168582
2021-12-17,2021,301.67,304.04669414370176,-0.1547017242673454,0.0,105.12471317002098,-0.604596879074456,53.071530405012105,3.4472168311481846
2021-12-18,2021,296.46,306.6916343016694,-1.021639691195027,0.0,111.4564810078259,-2.5251144949833724,53.77583044605839,1.8435446931013635
2021-12-19,2021,379.87,356.72276200759575,-0.2673458101446263,0.0,149.18163170831173,0.3450488920494965,63.237683881625976,1.0632109948896007
2021-12-20,2021,187.91,214.31897367932663,-0.36541872775721673,0.0,25.91585684529083,-0.19993880090900248,41.08212145758734,4.7238205642523905
2021-12-21,2021,260.52,243.3977762244097,0.024076516457841687,0.0,38.82745191031737,0.7450345475265372,53.01413152172851,7.624549387517156
2021-12-22,2021,245.48,251.73848291676873,-0.7847769785678761,0.0,59.10000784415402,-0.5099593115180135,45.53522184914643,5.235457172691682
2021-12-23,2021,205.28,216.58735925607664,-0.4442747365050933,0.0,21.42007340678192,0.19598482644031023,44.83951904234101,7.413524376156155
2021-12-24,2021,357.31,353.1595476259603,-0.13088072449349597,0.0,141.63341401746325,0.6253594319157314,59.47267347854956,8.39644908166391
2021-12-25,2021,315.43,337.46321817827726,-0.3910762563005281,0.0,131.06789352119,-0.17189119491982824,57.374489246423934,6.421270521021567
2021-12-26,2021,375.34,366.1411142623422,-0.11613757326463378,0.0,151.60544645162736,0.9536000927185665,63.033801554808,7.501871395589842
2021-12-27,2021,315.79,318.5707175283914,-0.8598612181719226,0.0,115.32632672928135,-0.013521258978043016,55.77808520185515,5.177155733543377
2021-12-28,2021,339.0,300.7500346064265,-0.45593217937548597,0.0,89.17264895212962,1.198865554088251,56.74002186210178,10.93189807662107
2021-12-29,2021,205.57,219.30667075663033,-0.7283248779517024,0.0,23.122675170155887,0.017936518300884913,48.20041444040065,5.531437164862043
2021-12-30,2021,318.36,305.0939512934047,-0.6688842647092302,0.0,100.15982869446346,0.19298222841234228,54.16315096996441,8.084341324411483
2021-12-31,2021,309.91,317.748135577924,-0.4650992376949791,0.0,115.79227094646185,-1.2494190873154927,55.57489341707984,4.9329571985307865
2022-01-01,2022,262.12,283.902951959155,-1.1004559363652884,0.0,89.81518065345236,-1.7816585874655888,50.98567682861281,2.821676660057778
2022-01-02,2022,275.29,268.3999780511158,-0.21587126725011313,0.0,61.9579698805843,1.3553581460406656,55.30078640809105,6.839202542786677
2022-01-03,2022,390.95,368.89742870896515,0.4600327865973892,0.0,148.33646119073882,1.2285033852984908,64.39050929405303,11.319389711414972
2022-01-04,2022,301.63,319.367005043218,-0.03503667574637957,0.0,119.83219366754145,-1.27517704569786,55.26550830806477,2.4169844481931397
2022-01-05,2022,239.84,238.45327755396778,0.08061006025648065,0.0,33.79883382702887,0.6994223907598635,53.15252276505354,7.559356170006846
2022-01-06,2022,299.74,274.42962907372237,0.010086751976404906,0.0,62.73687001342579,1.9205865012321022,59.78162916244149,6.8179243037839825
2022-01-07,2022,350.38,335.22382476604884,1.0647390334449396,0.0,121.86918831791647,1.5188617826032842,58.71511583541179,8.893387455810078
2022-01-08,2022,271.26,264.8393559960288,-0.9060948939720048,0.0,59.665743081660246,2.038834299230426,56.38010524664342,4.4982359216040155
2022-01-09,2022,272.98,270.2315869592005,-0.1324024065403026,0.0,61.530938079575186,2.084066798100105,57.96419086260041,5.62226128460204
2022-01-10,2022,276.96,304.1660298418433,-0.5497926145309682,0.0,105.05914463287928,0.697273356382538,51.03697063134415,4.759901494906045
2022-01-11,2022,357.67,318.57146506929627,-0.11439194341955662,0.0,104.93743050327913,2.4451956302373508,59.71411082516664,8.426587713170543
2022-01-12,2022,211.5,218.35316594639804,0.3030472129124343,0.0,20.422542820605997,1.369161263569418,46.78296873865364,6.312913569794023
2022-01-13,2022,351.68,344.9910457982774,0.34631558794350514,0.0,133.48405203363805,1.0641077749823045,59.71676626441397,7.217271796437101
2022-01-14,2022,213.43,223.76355667519135,-0.1428709117199444,0.0,29.072851806046884,1.141134089118467,44.292588156160114,6.237321194723604
2022-01-15,2022,341.99,358.8198389096795,-0.19986298354654852,0.0,148.5432725083678,0.4876174821331493,60.44943488719296,6.3768446746697185
2022-01-16,2022,381.91,368.20879541125527,0.15096385791872663,0.0,151.85463613120754,1.347415232168474,62.2126064398253,9.48064140927316
2022-01-17,2022,188.72,183.33592724732452,-0.12161649662519936,0.0,-39.2113509135647,1.2547395000936779,65.91937998101784,12.332242835540214
2022-01-18,2022,321.04,281.6183436746354,0.8784539769988418,0.0,66.23494539771056,2.4977448552136714,61.47385434187672,7.370812761972956
2022-01-19,2022,285.2,295.7773901256862,-0.6900568401005025,0.0,94.61202166643741,0.6334008381620837,52.16502159473833,5.894470525587233
2022-01-20,2022,210.98,219.53806497296011,-0.09934464343186167,0.0,20.749847518648114,1.4273614569895476,48.047207190292646,6.250461109599491
2022-01-21,2022,327.57,311.9301128157862,-0.3217170490590024,0.0,102.16041451973747,1.7347343939811022,57.09866964793798,8.09547896232644
2022-01-22,2022,234.16,234.84935067854497,0.22438722278400122,0.0,38.3445463045865,1.56890654311517,46.407448374516214,5.14152989268143
2022-01-23,2022,358.61,353.36386699765103,0.39381978051177635,0.0,141.6329474673073,2.16943159322085,61.120811654736045,4.884324161013611
2022-01-24,2022,327.76,318.67163727912543,0.023797972841375338,0.0,111.53144608572016,1.6231387286637677,55.83447095984172,6.49625119119646
2022-01-25,2022,337.91,328.1620183530075,0.9942627196186663,0.0,117.50675135291478,1.0583889728127231,58.728380448125776,6.711702518673083
2022-01-26,2022,330.71,319.5208365199628,0.5931056192189423,0.0,112.4434983663964,0.7857213825831538,57.18645690235076,5.349521908551295
2022-01-27,2022,297.47,294.0230240280056,0.6762839146836402,0.0,91.62954804603507,0.5180077051345354,51.79217018287065,6.244481838419996
2022-01-28,2022,254.19,269.2478263450861,0.39835679301944527,0.0,64.54706901843082,1.2323467271508213,55.77226114446635,4.135260321155731
2022-01-29,2022,283.4,267.75546864721525,0.5753543803420814,0.0,61.226562940918534,1.809834583764541,57.60182618156148,3.379358219765748
2022-01-30,2022,319.78,312.84398920015735,0.6708946298909125,0.0,109.31445335842355,0.06825069970291847,54.840797172472506,4.787060998805086
2022-01-31,2022,360.99,345.84326604841385,0.7709366009020704,0.0,134.40213881174355,0.7749691532911678,60.92580951844437,5.806879623169832
2022-02-01,2022,220.69,214.55065207548643,-0.4416847148260395,0.0,27.90125018465067,0.25598497307692925,44.65898299991702,-0.9864137081946187
2022-02-02,2022,212.84,214.9264814016001,0.2075341373364161,0.0,28.599793033814933,0.6245235608628481,45.52075748491335,-3.188659156190053
2022-02-03,2022,144.14,191.68274385809312,-0.8654848685711904,0.0,15.120515413016758,0.16941652091102835,37.787044346860306,-3.69127989498625
2022-02-04,2022,182.19,186.84490008379106,-1.3644502177447058,0.0,22.033970138554803,0.3397061313512991,25.476812338818764,-2.8036706480519547
2022-02-05,2022,113.89,137.62945398516564,-1.038191027928976,0.0,-44.29838225856505,0.548678628907401,38.50239729142758,0.7524190104622661
2022-02-06,2022,112.85,132.35425234890425,-1.2209449603380043,0.0,-52.93661420395998,0.13438429088520576,35.87429513163604,7.340599749818771
2022-02-07,2022,222.53,202.94418287899032,0.86902968466443,0.0,29.801053002573862,0.9656994345756534,22.83283809741942,5.313030318894274
2022-02-08,2022,198.47,194.46952723244377,0.26011885336467366,0.0,20.907076115452718,0.7240089805521958,25.64720998375244,3.7685809584592973
2022-02-09,2022,213.66,198.48877374001088,0.40043843214322394,0.0,25.380882327276858,1.042150045069669,22.982134172466246,5.520636422192358
2022-02-10,2022,123.74,143.43926803956512,-0.8691792516827167,0.0,-39.10650933207144,0.9654880437720431,36.88465426191398,2.402281976771022
2022-02-11,2022,150.11,138.0875176251029,-0.46824755224588394,0.0,-48.35548040003152,1.3903862176037958,35.25640711010197,7.101919908811634
2022-02-12,2022,221.19,213.9711133855684,-0.37759990297994295,0.0,47.10659878652492,1.26196504768133,20.015051693759464,2.802565419720262
2022-02-13,2022,203.75,198.51993849544746,-0.29149457768583675,0.0,27.328575409441175,0.5488774954046667,24.89328661363441,2.878161213790612
2022-02-14,2022,191.15,200.90990501001116,0.09192039166073532,0.0,27.979846040871994,0.1836563770594141,26.328754069149323,3.1631957904071766
2022-02-15,2022,207.15,198.55517612485943,0.5516536814893298,0.0,24.333060426078482,0.5360019884599626,28.320633780936852,1.651293907032316
2022-02-16,2022,181.22,169.2089176309857,-0.3241013429741276,0.0,-28.77218213899263,1.732277321997894,46.50167253336872,6.9087189167231875
2022-02-17,2022,131.43,134.26938190618137,-0.8833183589233049,0.0,-43.95861509967335,1.2721586348270928,31.641608235992756,3.0350161530953876
2022-02-18,2022,146.06,142.89115809514576,-1.1012448994023978,0.0,-34.17857424246469,1.2123962971687705,30.852839857033217,2.943208741947936
2022-02-19,2022,133.81,147.9313508296234,-1.2991907133050271,0.0,-29.89426307182751,0.42546292791898477,35.688394317983835,-0.1515849720097704
2022-02-20,2022,143.03,143.02683238010874,-0.5911748543691336,0.0,-26.641676447541453,0.7633905363427302,26.461494276779455,-0.12773347196550466
2022-02-21,2022,202.14,206.8886563327281,-0.6050798157031683,0.0,53.97729174390103,-0.5579957035766842,8.858954580129184,2.052953187115542
2022-02-22,2022,145.86,146.39846430218336,-0.3215339091566839,0.0,-35.53761932724896,0.5540726445115385,36.72632414777715,1.8146884054373928
2022-02-23,2022,195.23,150.2519806093053,0.4579191252890775,0.0,-45.29088541620522,1.6590902790593116,44.050882791865206,6.212441488433877
2022-02-24,2022,164.35,149.18761601034493,-0.0530454069908949,0.0,-30.18071497537298,1.6958466392158706,36.604918093280006,-2.041920680649887
2022-02-25,2022,179.07,187.2145024310695,-0.02140421558293773,0.0,26.107396540375166,0.3369190332454864,20.358397982336438,-2.729339250167161
2022-02-26,2022,191.21,196.16756682129773,-0.06625253334683301,0.0,31.610131641976125,0.3472696711466872,21.75748409152605,-0.6435983908670595
2022-02-27,2022,204.5,196.05281327213163,-0.27367030213466287,0.0,31.627822669060592,0.7423741048349513,23.443800730227856,-2.6500462707195527
2022-02-28,2022,197.6,191.54135750116143,-0.719098810804621,0.0,25.39084002734508,0.5426623926749147,24.6110516509584,-1.4466300998749437
2022-03-01,2022,115.18,143.1037057172042,-0.9511352544637135,0.0,-31.737132531307658,0.3231198135599657,33.98905788825505,-1.6827365397020526
2022-03-02,2022,110.46,118.51489387644982,-1.1203719220848973,0.0,-55.14798135902014,1.0924130212841252,28.992244207596425,1.536057587811903
2022-03-03,2022,120.31,119.27279262034946,-0.036863137042731794,0.0,-40.53643260812292,1.5299494682564427,15.523113990134098,-0.36950743373806383
2022-03-04,2022,109.88,105.47008347830165,-0.05228065540076762,0.0,-44.63567311249863,1.2062705076192433,6.666381258911691,-0.8771468611924996
2022-03-05,2022,82.56,100.00566462998873,-0.2277527206406131,0.0,-45.228804438961056,0.8444917907857092,4.390540700778947,-2.935343042836844
2022-03-06,2022,118.01,124.85807283043766,-0.2620409853714772,0.0,-21.661707098430483,1.6100684240514718,5.411258020954797,-3.4020378716289774
2022-03-07,2022,103.29,101.6885934753509,-0.23399547379862073,0.0,-41.758103221962095,0.957177043875808,5.00471657681317,-5.443733790440151
2022-03-08,2022,114.55,105.26950551948202,0.21644628931385368,0.0,-36.50334089124819,1.2032347001943067,-0.38228438704191037,-2.4270825325986403
2022-03-09,2022,106.67,96.84853841381693,0.676033389184296,0.0,-46.46174788034306,1.9567144667963428,-0.0514815915724518,-2.433512311110634
2022-03-10,2022,111.28,107.01628577086059,0.41841471144630227,0.0,-37.60873347363091,1.0836959149025092,0.7585140539428559,-0.7981377766628905
2022-03-11,2022,119.09,118.92296550285208,0.4533743212981318,0.0,-20.067557678255792,1.368914204616566,-2.121255198770494,-3.873042486898846
2022-03-12,2022,100.21,97.19926175995535,-0.2601098898878393,0.0,-40.49646859913916,0.3455658438471075,-1.2113911842814775,-4.340866751446125
2022-03-13,2022,92.73,95.47476009501408,-0.12570307917844392,0.0,-42.074313386111676,0.3946100436508437,-1.603050864703563,-4.2793149595057445
2022-03-14,2022,77.49,95.44228701995578,-0.6854285637639095,0.0,-37.93808358489211,-0.3268653974504131,-3.3298629128246295,-5.440004861975946
2022-03-15,2022,133.59,121.16890353844498,0.0927806897841606,0.0,-20.764008443442904,1.3936304922476659,0.3710258769700183,-3.087057417976566
2022-03-16,2022,122.17,120.30058997910196,0.3105155882663235,0.0,-18.891745549623636,1.0701896269648412,-1.498905445998353,-3.851996581369699
2022-03-17,2022,126.35,102.98070533163133,0.8162933002771946,0.0,-40.0419474989998,0.5695565418268246,1.151778881870094,-2.6775082342059084
2022-03-18,2022,124.23,114.13071113509912,-0.378614136337661,0.0,-21.815181177350578,1.1070567147568315,-3.7432849810665294,-4.201797625765518
2022-03-19,2022,119.93,115.62975981466263,-0.2991964872963707,0.0,-19.886567837743296,0.9207310234533294,-3.2829819916797502,-4.984757232933753
2022-03-20,2022,92.11,105.94137699191941,-0.5718139343485023,0.0,-27.548158331523243,0.3000120073927729,-4.992453437001066,-4.4087416534631405
2022-03-21,2022,116.4,98.01298097855981,0.7087878233251026,0.0,-45.00153754292168,0.38817251581855067,1.3023314075729844,-2.5473055660978536
2022-03-22,2022,89.36,91.110921891543,0.4293840419966942,0.0,-46.1933045504967,-0.431702561115616,-2.559874940597288,-3.296112439106692
2022-03-23,2022,71.4,85.25397561717071,-0.24364026848398285,0.0,-47.87476116823809,-0.470676062881489,-3.89882680545145,-5.42065241863677
2022-03-24,2022,118.57,119.53302911481106,0.41015466109479015,0.0,-19.15945434461827,0.4167804095755487,-1.3970926350395727,-3.899891317063983
2022-03-25,2022,119.92,101.83694166557923,0.47966778753628964,0.0,-41.13578478205318,0.15913111678359562,1.0611836022243368,-1.88978839977454
2022-03-26,2022,121.99,103.76579352781305,0.0452829212742413,0.0,-38.855580117389366,0.35108066852452546,0.4541833120848997,-1.3917055975437476
2022-03-27,2022,106.16,90.93856871019472,0.731476995376484,0.0,-46.47389731543187,0.405663195131729,-1.8477684631757743,-5.039438042568276
2022-03-28,2022,73.41,78.93297988417773,-0.08946187867813643,0.0,-52.965874206809566,-0.2648399392857551,-5.9406643662239835,-4.968712065687541
2022-03-29,2022,75.52,76.7404818864755,0.14142762250276786,0.0,-54.543033782788,-0.5200076945085434,-6.767464335323648,-4.732972264269501
2022-03-30,2022,68.36,93.36690243358986,-0.7661244518767891,0.0,-32.2462999873047,-1.3668452666778244,-8.232318874591899,-7.184041326821408
2022-03-31,2022,96.13,91.50797642847509,-0.0930449476983775,0.0,-44.11167766142822,-0.709268817102561,-3.3054115226740897,-3.4351529634845406
2022-04-01,2022,80.87,97.68533463831587,0.0405694754333662,0.0,-39.30184255004538,-1.037892312300929,-0.8489359479532004,-4.32909636768064
2022-04-02,2022,77.6,88.24081871115439,0.3177055714628826,0.0,-44.901645907728444,-0.9264728994847515,-4.28375732335833,-5.127543070599439
2022-04-03,2022,116.74,107.25605505085382,0.2680453988248351,0.0,-29.421270460664815,-0.5704135709354141,-2.0245518485489673,-4.15828680868453
2022-04-04,2022,83.54,85.31263832772666,0.4624121143727714,0.0,-47.5995035522306,-1.1971005289458558,-4.681524266482933,-4.834177779849388
2022-04-05,2022,71.93,93.05290017257896,0.6124989711190857,0.0,-40.457049213217914,-1.0349862475062757,-3.81289769348501,-5.417197985193697
2022-04-06,2022,109.62,104.09393821238952,0.9690525653141306,0.0,-31.10909110056047,-0.7896771878736129,-3.0888991620420523,-5.049979243311184
2022-04-07,2022,71.47,81.85623903644034,0.11801284637586615,0.0,-48.37218913692214,-1.2037585712293506,-6.128867200824665,-5.719491241822117
2022-04-08,2022,77.16,82.46654355889508,0.16235720335549955,0.0,-48.61660552614398,-1.153936253838865,-5.649596903867051,-5.438207301473154
2022-04-09,2022,126.95,108.86514970996626,0.8882549237200822,0.0,-29.73507800624492,-0.33635224853708756,-1.0020360613110806,-4.112171238523367
2022-04-10,2022,89.38,98.82690364093669,0.4388559718066022,0.0,-35.960822115051684,-0.23460889622216263,-3.1214148635734693,-5.457638796885225
2022-04-11,2022,113.32,108.16366921493008,0.7194897243904249,0.0,-27.520664891305497,-0.41510155009005095,-3.632291056096648,-4.150295352830632
2022-04-12,2022,66.42,82.41896322128791,0.11190297665047942,0.0,-48.23586598786079,-1.3246135983236624,-6.1021839807171245,-5.192808529323777
2022-04-13,2022,127.8,102.22072423581584,0.7306602253334181,0.0,-34.724408232896835,0.21186269544115524,-4.553673119445277,-2.6062496734795193
2022-04-14,2022,100.69,104.40965091075503,0.4187143376346237,0.0,-23.14635291194192,-2.1908672043330983,-7.158129912522556,-6.67624573894468
2022-04-15,2022,69.94,80.4113962469987,0.354879258790641,0.0,-50.44864540307455,-1.3114947134010746,-6.263940006047791,-5.0819352301312435
2022-04-16,2022,76.8,82.55569736354585,0.48725108500590364,0.0,-47.83710021783506,-1.2078406964398858,-7.097021975439288,-4.952123172608437
2022-04-17,2022,75.3,81.28809834603592,0.09145383016353024,0.0,-48.719660608205416,-1.2550590327443267,-6.246256609532358,-5.744911574508036
2022-04-18,2022,100.08,108.02393874768376,0.09146404406106942,0.0,-21.91930254261577,-2.318544725822621,-5.11945608131487,-5.872754287486799
2022-04-19,2022,94.48,95.15049978762545,0.20280670880488996,0.0,-40.939962523916265,-0.5478885362164734,-2.129003136321119,-4.5979850655882855
2022-04-20,2022,90.96,90.8753017341996,0.355601321827487,0.0,-43.615663896042776,-0.39109488428947786,-2.904025471937908,-5.732047676220281
2022-04-21,2022,132.8,117.27238488661287,1.0419517013235424,0.0,-21.44573300975524,-1.4796966411998516,-0.24575382552533664,-3.7609156790929137
2022-04-22,2022,71.11,78.03619214037084,0.45500730644999815,0.0,-53.577438556756235,-1.013160314384002,-5.316089509854453,-5.674659125947375
2022-04-23,2022,90.89,99.66193946920053,0.24552562053229654,0.0,-38.95598296663771,-0.24673945774285744,-0.2876761465728426,-4.255719921240962
2022-04-24,2022,82.2,104.01998928198451,0.5652525648281804,0.0,-23.7876660133156,-2.165041009028368,-6.956081313458757,-6.799007287903566
2022-04-25,2022,116.35,112.5607056687495,1.1125566991062934,0.0,-22.733587350490357,-1.407728432422116,-2.4901398139677307,-5.0829277743392245
2022-04-26,2022,98.94,105.36881529890887,0.973014305429896,0.0,-34.87566820153027,-0.2543621700550094,-0.10566666051425244,-3.531034315284065
2022-04-27,2022,124.8,106.17859372658475,0.9847586075202008,0.0,-35.2299925114274,0.08631454232623706,1.2236552023107312,-4.0486744550076255
2022-04-28,2022,84.73,100.33725592606952,0.2025017333954654,0.0,-25.388519255815776,-2.2508872413988468,-8.300658118452672,-7.087713532521079
2022-04-29,2022,81.25,105.6248299344876,0.461919076450076,0.0,-23.422092983676073,-2.463387548510044,-5.58750303798068,-6.526637912658367
2022-04-30,2022,127.16,114.23188096387926,1.0729580855212446,0.0,-20.743452261180586,-1.4327691480485365,-2.279688384430907,-5.547699668844556
2022-05-01,2022,93.71,101.65663986005119,0.3189434042985027,0.0,-33.67356934289857,-0.8201303791819261,-2.334717967573761,-4.996418195455692
2022-05-02,2022,130.99,115.6296894437797,0.6305755308305855,0.0,-22.77682636253082,-0.683709140174712,-0.16549088986001248,-4.537392035348027
2022-05-03,2022,98.35,100.3250563392265,0.6285304201017793,0.0,-35.172500300255486,-0.427206817198157,-2.8128104897851722,-5.0534888144990715
2022-05-04,2022,84.13,85.04789774881527,-0.009082386474535617,0.0,-48.41074718271627,-1.0216416779516613,-3.383109611801693,-5.290053733103393
2022-05-05,2022,125.91,104.24524786570237,1.0309428914210637,0.0,-37.93077517278538,-0.672774707442554,1.5405154342534977,-2.885192920606826
2022-05-06,2022,71.95,74.8584506690801,0.34807794415862364,0.0,-57.20865905156392,-0.9439880468487747,-5.627894598515244,-4.871617919013177
2022-05-07,2022,122.37,115.28025279194668,0.6255501575642498,0.0,-22.68080860553688,-0.5386796494467355,-1.5057719912852672,-3.782569460211323
2022-05-08,2022,68.92,73.64929734811123,0.40193115547423897,0.0,-57.30343197363618,-0.8650832950101304,-6.6358656864326635,-5.110785193146407
2022-05-09,2022,73.93,83.860696747049,0.1287948609729866,0.0,-48.36119056994678,-1.075124443704594,-5.140942533410635,-4.853372907724648
2022-05-10,2022,72.0,81.06089508506379,0.03264948025473702,0.0,-49.274807773045694,-1.3087562186339032,-6.085309741209974,-5.465413003163846
2022-05-11,2022,108.25,109.68946329071741,0.18856534191128124,0.0,-22.123919569130095,-1.1538571945616471,-4.964558032334995,-5.419299596029864
2022-05-12,2022,114.95,100.3606927145629,0.9348123294350589,0.0,-38.37144035320815,-0.8465505863987721,-0.18523496496341751,-4.333426051164508
2022-05-13,2022,65.99,89.74160187150177,0.015507671540401849,0.0,-40.81786804318379,-1.7164917483492763,-4.397164712522404,-6.504913636845835
2022-05-14,2022,76.92,89.14487082050313,0.6199114115948691,0.0,-37.95528743626195,-1.3172270618885211,-10.446761505015896,-4.9182969287880995
2022-05-15,2022,75.3,76.54481700142361,0.8660431964560746,0.0,-54.18191541887752,-1.0834659292144022,-7.363157279686757,-4.855219908116496
2022-05-16,2022,87.74,98.62540046478581,0.6485627073325332,0.0,-28.627635559892866,-1.9482700507317328,-8.050257291982202,-6.559531680802397
2022-05-17,2022,93.83,91.53085778852784,0.2339202347884634,0.0,-42.24515514517507,-1.0202010680248184,-2.527780308975453,-6.072458264947839
2022-05-18,2022,85.73,83.62322478419934,0.1779531214341231,0.0,-48.19540432207193,-1.2013896809813094,-4.765818507857669,-5.5546481671864205
2022-05-19,2022,116.73,102.45544854285195,0.20132807130189873,0.0,-35.24806922043459,-0.38491852741564464,-1.162936516277461,-4.112487605184859
2022-05-20,2022,123.68,114.95537791897819,0.22338271540374605,0.0,-22.506478075819825,-0.7379489813187414,-0.35649921243838856,-4.829610867711395
2022-05-21,2022,104.87,98.3598874057901,0.7340707890800006,0.0,-39.17227674844959,-0.6893246252781625,-0.42691927132066976,-5.2481950791040095
2022-05-22,2022,87.12,84.2755085126856,0.1512091111062858,0.0,-48.21294734963615,-1.1548681024446092,-4.274653131399512,-5.395764355803395
2022-05-23,2022,105.33,95.84817543893747,0.4778883657945817,0.0,-41.33736523429703,-0.6651290945760964,-0.7238252499908162,-5.065925688855845
2022-05-24,2022,106.52,101.66625966510965,0.6929334096780717,0.0,-36.54614985716446,-0.35524860538211306,-0.6586635175097295,-4.629144105374916
2022-05-25,2022,78.55,85.00645302083721,-0.014439456469634099,0.0,-48.95470023290959,-0.2469216853565624,-3.895909747172674,-5.044108198116715
2022-05-26,2022,99.14,101.06891733209096,0.2087903978808426,0.0,-33.41066067585303,-0.18454947710485117,-2.799456292612626,-5.907738961082053
2022-05-27,2022,71.56,85.90662452461643,-0.028435111338620783,0.0,-47.949300754519456,-0.12607106041820404,-4.734025896143674,-4.418074993826535
2022-05-28,2022,85.74,91.71675338223,0.1292335200210317,0.0,-43.228696853580765,-0.8385345070337248,-3.0211132202916025,-4.486667897747873
2022-05-29,2022,92.74,102.24323414439645,0.2650120406762695,0.0,-36.138274889813864,-0.4376463381324455,-0.7513912163201866,-3.856997792876242
2022-05-30,2022,124.72,120.20622298611079,0.5353181120653672,0.0,-18.77071470235622,-0.35932948554162514,0.21387535783843292,-4.575458636757674
2022-05-31,2022,103.92,115.94053857787353,0.8617061332240432,0.0,-19.70640798400098,-0.6258614083590394,-2.360575178406565,-5.390855325446521
2022-06-01,2022,127.94,118.91278159403404,1.0230848587928245,0.0,-18.76038705990588,-0.33903895783912386,-1.058895203828976,-5.114514384047219
2022-06-02,2022,100.78,108.11568002931801,0.6226495379110611,0.0,-24.73953904612633,-1.0998830943031803,-4.779633748496451,-5.050445960529742
2022-06-03,2022,134.75,142.21765164143247,0.09993750729984796,0.0,32.25549308305511,-2.550678187858585,-18.570785841741596,-12.178847260184916
2022-06-04,2022,120.39,112.39806191231979,-0.1412405131580172,0.0,-22.504978360832986,-1.081245139260309,-2.873099097376804,-4.163907317914697
2022-06-05,2022,122.69,113.36650609750421,0.6497873104398225,0.0,-22.287896960169483,-1.579264182879991,-2.6032754509650635,-3.9753769597837443
2022-06-06,2022,86.47,104.962283898732,-0.8367339864938125,0.0,-23.4994515144081,-2.348441718772408,-5.909792396210858,-5.6058288262454505
2022-06-07,2022,102.06,86.13485190985402,0.784983747397116,0.0,-51.94266081053399,-0.6915864508883585,-1.0481621944868014,-4.130254722496377
2022-06-08,2022,125.54,106.5240559877576,-0.14204684359642525,0.0,-28.335516880179277,-0.6763840059867386,-2.803188021445223,-4.68134060189714
2022-06-09,2022,83.05,101.20263957333182,-0.02167252894307503,0.0,-29.60994183565096,-1.2530011549788844,-5.533374247022037,-5.541903000935808
2022-06-10,2022,116.51,110.28233547628132,-0.1783279908405342,0.0,-22.033089666610906,-1.9163325890866005,-3.768805104458575,-4.983641513584669
2022-06-11,2022,134.31,142.8830460166669,-0.18778538179865428,0.0,35.17850225596304,-2.746109686663804,-19.224491246151615,-13.299602265544625
2022-06-12,2022,133.09,112.95621952765582,0.39563629628238994,0.0,-21.907998854254537,-1.8819042622664506,-2.280142573170276,-4.531903419797802
2022-06-13,2022,103.26,98.10061213947523,0.8715605889234086,0.0,-39.82943367944922,-0.7925204187588829,-0.2756114780212897,-5.035915214081352
2022-06-14,2022,95.19,93.35572456373983,-0.27116376560250294,0.0,-41.7384989769265,-0.8397495431687255,-1.4829287574344343,-5.4744667339909165
2022-06-15,2022,93.29,96.16256132862128,-0.4044835932835931,0.0,-38.27666793858918,-1.1340495293413724,-1.7735000798904257,-5.411269871136629
2022-06-16,2022,91.48,108.05796069074445,-0.8477384534193751,0.0,-22.59000504283724,-2.188980157009519,-3.905705527747855,-5.572142469104137
2022-06-17,2022,110.48,111.80508774954538,-0.45047697289826205,0.0,-22.115181267899324,-1.8889056369574146,-1.673612940635095,-5.229267772926989
2022-06-18,2022,93.66,97.1972358960455,-0.046875895970358517,0.0,-41.02096071878518,-0.7864317560457437,-1.4059358238224502,-2.7050922501935633
2022-06-19,2022,125.56,117.14776614066281,-0.1787214051046226,0.0,-21.841715884823355,0.1397974752826608,-0.18868284637523702,-3.9454435391790112
2022-06-20,2022,94.18,93.0107397583089,-0.2155562595831254,0.0,-46.75560375689027,0.08717034868818649,-1.5000240688161282,-1.7677788459519923
2022-06-21,2022,96.18,98.14685970235186,-0.34019852665999784,0.0,-43.53065758316085,0.3786438897060619,0.8628004548464121,-2.3862608732423705
2022-06-22,2022,99.1,110.8838053065882,-0.6032007390445633,0.0,-26.597183492334818,0.15161143787557663,-2.5427420020596565,-2.6872122387108437
2022-06-23,2022,109.41,118.6267250977429,0.18951972724299265,0.0,-21.352312431647473,0.09313779431219679,-1.1050817635510906,-2.3610705694759995
2022-06-24,2022,98.12,95.63188229761552,-0.07151009342540254,0.0,-44.467537218359396,0.12378367626997999,-0.8511126682077652,-2.264273739524731
2022-06-25,2022,120.94,115.1714480516365,-0.2961436999932436,0.0,-24.104084046176194,-0.1506122243854358,-0.30363007039420387,-3.1366142482770667
2022-06-26,2022,83.12,90.1153472789435,-0.07113196792178096,0.0,-46.89331734171215,-0.48641120864050985,-1.9808082990135336,-3.615516244631124
2022-06-27,2022,107.87,114.47622163844166,-0.5471853879954178,0.0,-23.3826223953423,-0.28216651984071994,-0.6645065737934694,-3.809829825449137
2022-06-28,2022,129.17,110.34355473974563,-0.1215295458932665,0.0,-29.499042528985875,-0.12572211091987678,-0.18862356745976205,-2.88405984785838
2022-06-29,2022,116.82,94.80952347860672,0.4082469467823668,0.0,-47.31569650674762,-0.5030451185753723,0.5865714069879187,-1.5290855907030754
2022-06-30,2022,98.93,108.7301183146996,-0.8690037210444996,0.0,-26.9954685278829,-0.9844132169548093,-2.6162797825643382,-2.9672487777166423
2022-07-01,2022,52.54,79.07979915790425,-0.5909891936399537,0.0,-60.15355657952137,-1.114191985964017,-5.457988912373439,3.233993488540908
2022-07-02,2022,58.8,65.05102791748041,-0.5348626476346806,0.0,-56.89860266694229,-0.5384135620477003,-21.53896275072617,1.3993372039690337
2022-07-03,2022,31.26,39.57996763312434,-0.8218407900813939,0.0,-56.19362445525359,-0.37894864121734295,-46.15524477198605,-0.03290604920001802
2022-07-04,2022,53.55,49.49942844111577,-0.1832441048736638,0.0,-49.16007780312042,-0.14072453703251175,-43.25880503276808,-0.9202524219517608
2022-07-05,2022,34.83,42.571651816259916,0.6573976867066723,0.0,-54.50416002043196,-0.20400489524941795,-43.92313404271292,-2.616979252914881
2022-07-06,2022,62.08,48.91019677126789,0.969857090591397,0.0,-54.760485711851906,0.6017604093629634,-41.86432949141326,0.8008621337168778
2022-07-07,2022,45.32,49.245194128896195,0.991338456657325,0.0,-49.62099078075015,-0.2815194614445801,-43.46870368599279,-1.5374627404358958
2022-07-08,2022,47.13,45.343141000744225,-0.2707863988824611,0.0,-55.24479972787313,0.1851989757074596,-41.37445231115625,-1.1145518779134027
2022-07-09,2022,65.54,55.42483716692015,-0.002587264696180272,0.0,-44.8167873443363,0.3705029088613501,-44.11755896086509,0.8287354870939201
2022-07-10,2022,60.67,54.33839392760369,-0.09622403319911732,0.0,-44.369683667439396,0.20852143071561224,-44.2331782781058,-0.3335738652299633
2022-07-11,2022,44.07,45.180224227984525,-0.01873068420883718,0.0,-53.24382249713755,-0.12312134292270469,-45.20645794758165,0.6098243589724953
2022-07-12,2022,56.08,50.46589076502829,-0.13575263015211467,0.0,-47.83276411736198,0.24234584450736946,-45.321365604499434,0.3508949316721235
2022-07-13,2022,53.48,48.06707051717622,-0.2687032086510993,0.0,-46.72679635015062,0.1714819805147541,-49.003983594566705,0.7325393491675352
2022-07-14,2022,40.03,41.27771161684128,-0.6498936929531425,0.0,-55.863736530759745,0.06364337039838633,-48.630374405340625,3.1955405346339743
2022-07-15,2022,37.2,40.3123512203976,-0.5748055722824804,0.0,-52.92918642466749,-0.3643131369654909,-50.00068860243066,1.0188126158815944
2022-07-16,2022,54.32,41.66682986455824,-0.2010149933563711,0.0,-55.59688637815684,0.16761425458432783,-47.32109626537867,1.455680906003286
2022-07-17,2022,31.23,40.16272131853675,-0.3502009966164204,0.0,-50.65053565643681,-0.16073714881756512,-51.49886780497306,-0.33946941548193554
2022-07-18,2022,46.01,41.84732967375245,-0.8723207268744775,0.0,-54.906084981896406,-0.21273409073985616,-46.99095712306059,1.6668942554613881
2022-07-19,2022,55.3,42.19949625662065,-0.4985056591882699,0.0,-54.536542580226225,0.07923487594633863,-47.40135547396808,1.3941327531945187
2022-07-20,2022,30.81,39.526730544173745,-0.9864657941511048,0.0,-51.77795212875039,-0.38501622821185844,-50.7401322201165,0.2537645745411362
2022-07-21,2022,48.02,49.02873268281759,-0.821282609503392,0.0,-45.33448696118804,-0.07575202858939262,-51.00138736542105,3.0991093066570734
2022-07-22,2022,54.26,47.227456670221734,-0.7185060925067454,0.0,-48.669942787420595,0.17038937028910262,-48.8931608545645,2.1761446935620694
2022-07-23,2022,24.31,41.4753684431201,-0.9332933822895306,0.0,-50.08621941896195,-0.5210356966018921,-51.75974418619744,1.6131287863084895
2022-07-24,2022,50.75,43.30290099182713,-0.3487810155380956,0.0,-55.49038945789675,-0.04650055288837368,-47.3969967721935,3.4230364494812813
2022-07-25,2022,30.74,39.70624795233157,-0.8677321417389825,0.0,-55.15037642024697,-0.2505532624283472,-50.48206461085612,3.294442046739756
2022-07-26,2022,50.85,43.98633597572214,-0.8064216378086138,0.0,-54.512280221346955,-0.1568859497521231,-46.3552984847949,2.6546899285625067
2022-07-27,2022,37.54,39.2175435469426,-1.0467583786288277,0.0,-56.09481077770117,-0.17899085956062666,-48.16732689461135,1.542898116582144
2022-07-28,2022,37.53,38.58267288756329,-0.9953621734461497,0.0,-56.9699374784953,-0.20441726141850133,-48.85713060223502,2.446988062296217
2022-07-29,2022,22.67,35.3407581832316,-0.9882836061728625,0.0,-56.48815296518558,-0.25426351040530504,-50.46699367274563,0.37591959687828924
2022-07-30,2022,54.32,52.17375451857389,1.0321695516377267,0.0,-46.889670209344615,-0.18489274810576423,-49.06796080791699,4.121576391440806
2022-07-31,2022,39.8,44.46591783477031,0.5253045840172086,0.0,-48.599224540871404,-0.4324230055553292,-51.479620536558045,1.289348992875401
2022-08-01,2022,30.76,43.27921418461363,0.4425300588863138,0.0,-50.336614166497746,-0.8506422259264486,-50.71049651730174,1.571904694591021
2022-08-02,2022,50.57,41.75477682189152,0.20849654078913096,0.0,-55.218911658468826,-0.13262789703501215,-49.35562081167188,3.090908307415709
2022-08-03,2022,28.9,41.89157183608537,-0.22200523316986875,0.0,-51.144583894805805,-0.1514491615573207,-51.90664520093127,2.153722985687588
2022-08-04,2022,56.08,51.899807444122764,-0.10608220289308933,0.0,-44.370799218642595,0.18553503078219302,-49.20076109902166,2.2293825930355307
2022-08-05,2022,62.09,46.72533937383761,0.026592656440429262,0.0,-52.29089862647979,0.2545082100197532,-48.133785485454695,3.7063902784502667
2022-08-06,2022,61.57,51.56249631522731,-0.23266909690929433,0.0,-48.417712496567205,0.41863074871611905,-46.98361052815149,3.615325347277246
2022-08-07,2022,53.69,45.893997347602735,-0.43368426356264717,0.0,-53.045000472813136,-0.11124372546957939,-47.01183069112201,3.333224159707469
2022-08-08,2022,36.91,45.00635283336819,-0.9430759721646964,0.0,-48.061718935564535,-0.604908210997258,-51.55739544456078,3.0109190557930265
2022-08-09,2022,63.34,48.27091528168971,-0.21410743261197895,0.0,-52.30285878131989,-0.21906032802701067,-46.714567355421764,4.5589768382076405
2022-08-10,2022,22.38,38.135418251033116,-1.1976489642228096,0.0,-56.13287709366757,-0.42224911549141786,-49.15506770953373,1.880728793086347
2022-08-11,2022,46.49,42.91064947119681,-0.7035972729977564,0.0,-55.301804865952874,0.1400328005386588,-49.29142871372005,4.904915182466251
2022-08-12,2022,49.92,42.84845948976956,-0.5869680942842269,0.0,-55.30306756112673,0.1287646470736136,-47.793496304752765,3.2406944619972164
2022-08-13,2022,51.43,43.658155655431266,-0.5493435121670719,0.0,-55.24823328761768,0.07704483148600039,-47.82328621988913,4.03944150275684
2022-08-14,2022,59.1,44.269904891310624,-0.652687869452026,0.0,-53.39915500656428,0.09428546724376285,-48.7883932532241,3.8533232124449355
2022-08-15,2022,37.94,40.64427453634683,-0.8988845813883637,0.0,-56.6923832406994,0.09013639332798444,-48.613819536557614,3.59669316080205
2022-08-16,2022,61.39,51.73415275112124,-0.49308437880902795,0.0,-48.55613739933613,0.5016462949216948,-48.298365532825386,5.417561426307859
2022-08-17,2022,36.99,47.1493140173629,-0.77594093138951,0.0,-47.4374455818447,-0.17810856962411076,-51.52155679235034,3.8998335517090292
2022-08-18,2022,40.48,41.08646029427657,-1.02119294676829,0.0,-55.00949548731007,-0.17350434664829972,-49.28673999931924,3.414860733459855
2022-08-19,2022,56.17,70.65523843558827,0.1997379533915713,0.0,-29.02127304151172,-0.09717346647290903,-45.791768767624966,2.20318341694389
2022-08-20,2022,38.59,40.09646308275208,-0.9065066906378806,0.0,-56.147649399233465,-0.11925752627655002,-48.9573779283321,3.0647222863699795
2022-08-21,2022,23.29,35.02651207773447,-0.9526426337269855,0.0,-57.55195652629225,-0.15380692907912308,-51.998281400913015,2.520667226883637
2022-08-22,2022,53.18,41.948193229222234,-0.29826762574058885,0.0,-55.99862276762523,0.05095659878310853,-48.994181329571006,4.025776012513507
2022-08-23,2022,37.62,40.691877694992,-0.45073889721810473,0.0,-55.65493858408107,-0.27059154598395796,-49.99589280413957,3.9015071855527124
2022-08-24,2022,38.53,74.62315721725832,-0.5516828962701712,0.0,-26.963551052296573,-0.36251140971276646,-44.94958400791526,4.287954242590546
2022-08-25,2022,41.93,40.93426441184479,-0.36275941444177995,0.0,-56.31676903799895,-0.0946468193178499,-49.679760555736486,4.225667898477303
2022-08-26,2022,34.72,39.543691346256445,-0.5243456335645271,0.0,-54.02199747954239,-0.12973969836847304,-50.64149631211813,1.6987381289875558
2022-08-27,2022,60.48,47.38110185814338,0.607239723179127,0.0,-53.878374254143296,0.06502896095115335,-47.69452583133767,5.119200918631469
2022-08-28,2022,26.49,40.79993258873587,-0.38383079044609664,0.0,-54.12114105553624,-0.48445947758408925,-50.07685321871994,2.7036847901594854
2022-08-29,2022,60.14,47.06408357044791,-0.11341615551519696,0.0,-52.71949705567043,0.05736092097613332,-48.18361332751488,4.8607168473097335
2022-08-30,2022,42.4,46.71488521654098,-0.38855772424114704,0.0,-48.72843163537345,-0.49881463578499036,-50.05624467614598,3.2244015472239353
2022-08-31,2022,46.92,44.916452159925655,0.34407966752918595,0.0,-54.30618124164752,0.11397173976886527,-47.769718630571475,3.3717682839837844
2022-09-01,2022,37.14,44.29368596232609,-0.369290657133679,0.0,-49.832970146454834,-0.5464214647643636,-50.21417901475316,2.0940149045695016
2022-09-02,2022,54.94,50.89183184421455,1.7474916433786065,0.0,-49.59852909147481,-0.1362003996913833,-48.41695087120681,4.133488222346565
2022-09-03,2022,31.49,42.457961665484866,2.263693142669258,0.0,-55.09236844076733,-0.3907687938053475,-49.43274623140147,1.9476196479269927
2022-09-04,2022,45.48,49.573228637755335,0.6243815794970059,0.0,-47.99425900118168,-0.08650350026355347,-48.005952350400634,1.8730295692415184
2022-09-05,2022,49.29,43.08971265246158,-0.07260128388366685,0.0,-54.58390302915957,0.16246602212705125,-48.63966075991417,3.0608793624292865
2022-09-06,2022,40.18,41.97618576976606,-0.18948135873029615,0.0,-55.17642561049013,-0.2528909630597347,-47.738502324292426,2.170953685476081
2022-09-07,2022,33.94,40.331931599193645,-0.5302853394160615,0.0,-55.8828646904855,-0.17368518305572278,-49.7467319619783,3.5029664332665047
2022-09-08,2022,44.04,43.6426709211836,-0.31238389764864194,0.0,-55.12849935089243,0.0689959092967218,-48.37846156681342,4.230487486378598
2022-09-09,2022,36.83,42.56291855299355,-0.5853655056883976,0.0,-48.981983406571295,-0.4147468410249614,-53.01571064663622,2.3981926120517696
2022-09-10,2022,53.23,43.33678757886992,-0.6955492757701899,0.0,-54.46827773475886,0.32526882218020037,-49.390956166404145,4.403769592760463
2022-09-11,2022,26.55,40.68452895678106,-0.549048982140435,0.0,-51.40792235047555,-0.5655298832831737,-54.18142360620384,4.225921438022092
2022-09-12,2022,26.22,37.652084916856516,-0.9915372289535301,0.0,-56.516852538354556,-0.2940995695026142,-51.46172848369106,3.7537703964955824
2022-09-13,2022,34.17,41.23485989106049,-0.8280832363696768,0.0,-53.48552778770155,-0.46588021598463575,-50.03563561793933,2.887454408192885
2022-09-14,2022,62.77,55.60964210341887,-0.411964345042204,0.0,-45.63630127917096,-0.08770186647270387,-46.643165913720736,5.226243166962691
2022-09-15,2022,31.17,42.129968977885866,-0.7964800284224317,0.0,-55.14880340892219,-0.05105167542141119,-50.03091489663709,4.994686646426539
2022-09-16,2022,53.37,44.97082137598939,-0.5816515758025859,0.0,-55.82647481531607,0.17818902174075762,-47.92186967235536,5.960096076859815
2022-09-17,2022,44.65,41.126404040376194,-0.6435256242381087,0.0,-55.631869721920474,0.0864523725420201,-50.02006586428634,4.172880537416108
2022-09-18,2022,30.26,40.25504587123115,-0.8551054287322478,0.0,-55.32251604231258,-0.3721013269047199,-50.77747207900682,4.4197084073247845
2022-09-19,2022,29.34,36.55890552318987,-0.6841182931946458,0.0,-57.79230950947222,-0.6858223383748502,-51.645606241727194,4.204229565095882
2022-09-20,2022,36.38,40.83318923788804,-0.36701453157685787,0.0,-55.79220488643726,-0.34099263349199305,-50.4445629123537,4.615431860885275
2022-09-21,2022,28.49,37.277942702126964,-0.39631064642441544,0.0,-57.196130258215454,-0.3935340294010017,-51.46179663293689,3.5631819282425377
2022-09-22,2022,38.79,44.123377198843365,1.2370078540218583,0.0,-53.40055360313731,-0.3886697499276139,-50.65572567603989,4.168786033064144
2022-09-23,2022,28.33,38.347654925725465,-0.46256150429029685,0.0,-57.03818656219562,-0.4739564190206062,-51.76969426915683,4.929521339526905
2022-09-24,2022,58.3,55.06737330832991,-0.0618620118275757,0.0,-43.70129896590183,-0.1083268930743069,-50.258152256359445,6.034481094630207
2022-09-25,2022,36.43,41.62995172581746,-0.3501117207976834,0.0,-55.7036309406624,-0.3729446000934036,-50.148252329949244,5.042358976457671
2022-09-26,2022,39.14,39.94305452826163,-0.5042039852137898,0.0,-57.036520931718435,-0.5402855361732194,-49.67352427132637,4.535056911830665
2022-09-27,2022,30.85,39.40012965963886,-0.5662649386814324,0.0,-56.700904116731195,-0.4697815782624749,-50.344274622535806,4.318822574986945
2022-09-28,2022,51.83,50.62153287741677,-0.33161540709394394,0.0,-48.223898289129046,-0.15640503927694716,-48.17375364962766,4.344672921682078
2022-09-29,2022,62.74,46.239919088813885,-0.17221493118586095,0.0,-53.78612513728973,0.27861285270449865,-48.53149696432009,5.288610928042264
2022-09-30,2022,49.96,46.861267342658515,-0.49932633010869215,0.0,-53.38807321738959,0.2695376171271002,-48.10035837627731,5.416955308444139
2022-10-01,2022,216.32,164.3786361631567,0.04153198927816118,0.0,60.74734126783348,0.33020296636142715,-46.7471605162343,6.844188115055424
2022-10-02,2022,216.93,204.06753210916975,-0.16073445144458479,0.0,48.93069879341887,-0.0762073042323865,0.5814620395956789,11.629780690970161
2022-10-03,2022,128.81,145.34520422201965,-0.7168617032032361,0.0,-29.48568605784374,0.2617461705154196,24.846545895172746,7.276927576515801
2022-10-04,2022,139.93,143.48771682902375,-1.1606303255218555,0.0,-28.84149625469926,0.184135665479974,20.30287385716551,9.840301545736992
2022-10-05,2022,208.26,167.55043347723353,0.4751653053393299,0.0,-27.25240325670704,0.8618177231213253,33.85699907632162,16.44632228829555
2022-10-06,2022,161.39,148.7095806244254,-0.3822459595900709,0.0,-42.511293858949664,0.703663682824932,33.20202694362902,14.534897475648732
2022-10-07,2022,175.54,172.82986642727545,0.493695102600403,0.0,-22.2331642034639,0.8121229503242048,34.17643901486755,16.418241222084625
2022-10-08,2022,171.48,172.33782680448633,-0.23564352729606364,0.0,-26.734696568391186,0.7588756700037456,41.567456364048645,13.819302525258468
2022-10-09,2022,215.35,208.23809535401782,0.1348496805396008,0.0,33.86839399468857,0.47382698326834194,20.484524291892587,10.113968062766027
2022-10-10,2022,108.04,126.86726670000276,-1.0935920673813173,0.0,-57.81637041008966,0.166412502743031,32.9170925588538,9.531191775014493
2022-10-11,2022,219.23,217.86389461743667,0.04891903140764066,0.0,57.47634213496175,1.0827136760393377,5.842952468662759,10.250434965502635
2022-10-12,2022,221.18,176.40528167684414,-0.12064784149891822,0.0,-25.141427920963853,1.4915111184056469,41.41741432864726,15.595899651391417
2022-10-13,2022,113.94,131.83951535556906,-1.533055884798887,0.0,-40.51705880824732,0.21085352166539834,22.64314939635391,7.873094789733873
2022-10-14,2022,129.29,149.74546194332058,-1.6006595464023992,0.0,-26.80209125759439,0.2751165333330565,23.14518453561204,11.565379337509428
2022-10-15,2022,156.99,173.08620147864008,-0.5217744771368158,0.0,5.689683149684876,0.27347009521037025,13.618457987901301,10.863832382117849
2022-10-16,2022,224.12,216.88753841844223,0.9481696425374612,0.0,56.503058326114235,0.43519715631362454,3.6458291430828345,12.192751809531314
2022-10-17,2022,177.53,187.90222234413739,-0.20484983470734403,0.0,25.59564277472773,-0.1964100796421839,11.545963842622157,7.999343300274545
2022-10-18,2022,161.43,162.9101282511838,1.3500664660408734,0.0,-31.957392255421293,-0.10200345407163655,38.6822169769175,11.774708176856086
2022-10-19,2022,147.98,145.78733909718994,1.3240213458910766,0.0,-43.98431862639245,-0.08931592525720936,34.36111908889374,11.013300873191968
2022-10-20,2022,199.18,175.02137146000894,1.5062165178550002,0.0,-28.03255103353573,0.7714228678026849,41.90669840312704,15.707052363897562
2022-10-21,2022,202.47,198.23076687783006,0.8685611680471711,0.0,25.302159478211788,-0.02616394768504418,21.749956404669398,7.173721433724335
2022-10-22,2022,179.7,170.2490820732711,0.6808513266512648,0.0,-27.459390220755232,-0.03336006678050829,40.80725114028026,13.09119755301282
2022-10-23,2022,111.64,156.25153889607546,0.2541233680399426,0.0,-32.55563568957884,-0.3234743920755707,35.5343966785593,10.179596590268094
2022-10-24,2022,143.29,149.2252606511779,0.7284462575285122,0.0,-32.93147333625355,0.7922632614392129,27.72951124016497,9.743980887436212
2022-10-25,2022,192.6,174.8538968364709,0.9630185463338536,0.0,-23.059522103108215,1.064551112538311,37.92816916296325,14.795147776881473
2022-10-26,2022,144.35,149.02745362890929,2.147376871457582,0.0,-45.630918456089425,0.6689993179762593,35.8470659905949,12.832397564107069
2022-10-27,2022,132.34,178.766292232045,0.12525869217924585,0.0,21.154573312009013,-0.17188806688921193,9.65546651916026,4.8403494347230245
2022-10-28,2022,223.13,214.24482358219888,1.3757603295414562,0.0,41.4843689808433,0.2391379836856089,18.06437802972609,9.918645917539605
2022-10-29,2022,205.21,193.21290454366886,0.8266861740712931,0.0,19.563195537662526,0.4388795915279458,20.711998598694407,8.5096123008501
2022-10-30,2022,125.0,147.79794946761152,1.7763314064178075,0.0,-37.191423415008934,0.04686869016554338,30.856167037515068,9.147473407659566
2022-10-31,2022,149.78,185.90013678731756,0.3869528475138807,0.0,26.50976273170267,-0.4383782470479256,9.029934534509813,7.249332579776683
2022-11-01,2022,244.85,224.92351708630147,2.2236947961771065,0.0,45.56575619612875,0.28783362676758284,23.240461645715264,10.443238480649796
2022-11-02,2022,355.74,332.33693379428996,1.0719482111458387,0.0,145.3218922071015,-0.3851148255436939,35.31850667688759,7.847169183835914
2022-11-03,2022,287.67,309.03806704763025,0.5581263705279154,0.0,114.3013859370752,0.46030825057438857,46.78446826414658,3.771245884444247
2022-11-04,2022,230.06,209.88435897738017,1.7401163222452727,0.0,-4.509557635957649,0.24616475375867627,56.93245568105138,12.312647515419869
2022-11-05,2022,306.59,303.639087278123,2.5878100322405726,0.0,100.07182815612941,0.6022534830811925,49.83767342087149,7.376989844937205
2022-11-06,2022,218.64,228.823265804627,0.6261553938007354,0.0,44.642144924463054,-0.7682339116895897,35.68678606520586,5.473880991984466
2022-11-07,2022,199.33,204.85750418011764,0.7253310519014551,0.0,6.2762897024913284,-0.31029242027064546,47.20388329951538,7.799760205617855
2022-11-08,2022,371.31,363.71718211320166,0.24905126709217934,0.0,152.41298959691224,0.14589789209950993,59.810610873152804,7.936100143081465
2022-11-09,2022,328.2,328.38337046660484,1.3182246241015172,0.0,115.99798333201508,2.643157823348381,56.51772353469185,8.74374881158511
2022-11-10,2022,366.71,351.64406829170315,0.5470674997090901,0.0,139.96563865877116,0.42024690678937415,61.16743052906164,6.381152356508372
2022-11-11,2022,198.79,212.80404808663272,-0.5337783885790415,0.0,15.898343567292262,-0.010888010883494448,49.26835389999018,5.019484677950472
2022-11-12,2022,213.82,230.04412620552046,0.07249951835036172,0.0,36.301456780103514,-0.27550223752377406,45.32234759406756,5.460792209660138
2022-11-13,2022,258.63,254.6384920096351,0.9382264766794131,0.0,56.937465973138615,-0.07744073315787572,47.631292850093295,6.046415102018477
2022-11-14,2022,280.3,283.75201135509116,1.1452552242225538,0.0,85.85890857789198,0.7702025962400042,49.57605739919765,3.23905521667727
2022-11-15,2022,293.9,332.1691846930532,-0.10193368674432676,0.0,133.93477106668536,-1.484747065030676,55.988922457144206,0.6696395801354584
2022-11-16,2022,212.54,246.5390268224438,1.017519783700479,0.0,53.159527627969865,-1.492430384934717,46.207295997092714,4.484581457752736
2022-11-17,2022,306.56,269.79951310861975,1.8083597377716099,0.0,59.66023954951164,1.1050478200485276,55.85957531572097,8.203758344704092
2022-11-18,2022,351.34,340.23449195587796,1.5957876636258315,0.0,125.87470723899293,2.64832965296716,59.244120617074955,7.70901444235432
2022-11-19,2022,339.16,352.7251118720506,0.6994138109527188,0.0,146.00358187488092,-0.7060383262041665,62.21682764203663,1.3487945295209696
2022-11-20,2022,263.98,262.350149052667,1.3871954344374124,0.0,57.270398127544006,0.269585389087737,53.52646303514526,6.733974725589756
2022-11-21,2022,281.6,310.454694305107,-0.4209114853076407,0.0,114.4939043163255,-1.7582853648977226,53.75609778654867,1.221356711575212
2022-11-22,2022,244.42,238.16966848171344,0.7662778989797923,0.0,38.335821918417146,0.09712528146349754,48.12926118041897,7.678649861571756
2022-11-23,2022,312.01,311.58798664517803,1.103880571545159,0.0,107.89394357817704,-0.13330199567804762,56.327542251116334,3.2333898991546843
2022-11-24,2022,266.51,285.891637733919,0.4746332500681127,0.0,92.85063195224919,-1.605698141731925,51.20274511038514,-0.1932067779139438
2022-11-25,2022,266.24,266.67645893517505,0.5473112053275796,0.0,61.684047540056376,-0.12611023908573704,54.43149131645646,6.977186771557688
2022-11-26,2022,288.98,298.19603311961856,0.3082518694916667,0.0,102.97158397544362,-2.765524974940325,52.67608084438293,1.8431090643776558
2022-11-27,2022,272.0,299.7712224789516,-0.5568959697408763,0.0,105.91690895834671,-2.9275431963384193,52.18992393550827,1.986296410313238
2022-11-28,2022,223.66,237.4435367306652,0.06485225385463443,0.0,43.759161937773584,-1.1471019475050723,46.83503121500523,4.76906093067415
2022-11-29,2022,208.71,215.26714042843997,-0.0544807296010269,0.0,21.70074975983452,-0.08588575941252055,44.76798917535583,5.77623564140073
2022-11-30,2022,317.81,342.5985096567803,-0.26416865421343316,0.0,138.9885171152512,-0.9816905648461882,56.89263249661416,4.800686923112225
2022-12-01,2022,259.62,279.5934756735471,-0.9540897605620504,0.0,86.49249124587803,-0.8540357042296101,50.08808576407897,1.6584917875195946
2022-12-02,2022,228.87,221.53697081184947,-0.19870451600429528,0.0,23.26387095773417,0.563465379706977,47.2384863910786,7.507320258471851
2022-12-03,2022,289.45,315.26763033986185,-0.9179387114847891,0.0,117.28813907681388,-0.7771621511634159,53.7215009086555,2.790558876178349
2022-12-04,2022,309.45,315.0035583635922,-1.0788551594967488,0.0,113.38893074758286,-0.48062313755646535,55.586684990133584,4.4248885820670045
2022-12-05,2022,229.57,233.51710044987783,0.409901610751066,0.0,32.500262315225235,0.49765864556636735,49.22346726995293,7.723278267520266
2022-12-06,2022,275.73,237.38926359745906,0.6827180540992749,0.0,30.5035262744283,0.9489033063946715,53.814286958359304,8.277296663315083
2022-12-07,2022,347.44,328.15165978247927,1.7445530893196175,0.0,114.51727201545016,0.6611494693116573,59.02701112347216,9.039141744062556
2022-12-08,2022,196.62,234.86091636879817,-0.7000482237208653,0.0,45.199643978113215,-0.9703355327380242,44.02530991214027,4.1438138941411085
2022-12-09,2022,229.6,270.97596774882686,-1.2288031190991353,0.0,79.7127542824289,-0.5705603719151551,46.799608482178975,3.100436134370981
2022-12-10,2022,219.51,223.29500786350013,-0.1813130517285511,0.0,28.965963410857825,0.3076239074705873,44.63825535685212,6.401945899185923
2022-12-11,2022,233.59,214.44099001635303,0.20154091529678847,0.0,15.895397124631508,0.729155174007021,45.806504138490894,8.645860323064364
2022-12-12,2022,361.03,334.7558437790231,0.45599612331635586,0.0,121.8104851460905,1.6978407550113543,59.22442382456172,8.404565589181638
2022-12-13,2022,223.04,207.04568986346302,-0.24163080018544697,0.0,-4.869682424300587,0.5806873982041943,59.10279910434794,9.310984244534305
2022-12-14,2022,369.12,333.42258945147245,0.4626580851846744,0.0,120.71018922148001,0.7662729317610241,59.81167099700834,8.509265875175965
2022-12-15,2022,214.0,246.08877377702964,-0.814717281632561,0.0,59.01364212725847,-0.8519849004961634,42.05750859231985,3.52179289871743
2022-12-16,2022,257.08,295.56170605080285,-0.9784388771868832,0.0,106.05457496616236,-3.152408861807627,50.441882849613144,0.03356363315936173
2022-12-17,2022,243.69,227.78255341360628,0.1935080633177809,0.0,26.758803026496913,0.3134345118636192,50.59798180218666,6.756293668879134
2022-12-18,2022,278.85,274.39173904975144,-0.9512867576513523,0.0,77.55748485067726,-0.34022472840881945,50.583151700674314,4.380081643598179
2022-12-19,2022,220.09,215.68518750275913,0.046154728132530236,0.0,15.158220661872615,0.3988746646800039,49.71950810602232,7.19989700118959
2022-12-20,2022,196.26,212.46976581514852,-0.06065406795621495,0.0,18.66936997652537,-0.06518521066170929,44.88995763977033,5.873745136608359
2022-12-21,2022,221.9,245.60521588682894,-0.6652927832121318,0.0,53.94101952135717,0.5128962422327648,43.33384913376188,5.320211431826952
2022-12-22,2022,389.87,367.7014711955278,0.24444980445553613,0.0,155.35870640735442,1.3969664137584035,57.40845247321536,10.130363755881385
2022-12-23,2022,205.95,221.60062417263651,-0.20072046259617987,0.0,32.47972430486198,0.2034029279281898,40.270310548080964,5.685374513499241
2022-12-24,2022,239.8,240.27948306917463,-0.3777751836863646,0.0,40.56517229893055,0.9222307490825632,49.6672757590468,6.340047104938436
2022-12-25,2022,346.84,353.9071148821329,-0.33537401457194366,0.0,146.70863118839878,1.0827790985022032,60.12497916730672,3.1635671016350013
2022-12-26,2022,317.58,326.07258564556304,0.5753026791286717,0.0,119.9762793716865,-0.39708324283007607,57.11623725618397,5.639317240532004
2022-12-27,2022,236.9,248.6129418599469,-0.5440322233360566,0.0,52.80113637613391,0.6167657479062904,46.90079814432834,5.67574147405126
2022-12-28,2022,204.21,213.99726333232576,-0.14810091988495308,0.0,21.73539778964573,0.5829933743049438,47.00395042175536,1.6604903256421517
2022-12-29,2022,300.03,307.95682738712804,-1.0577276365229986,0.0,109.70740318278844,-0.542113792332049,53.78159008569875,2.905143206634462
2022-12-30,2022,383.61,367.5261217831626,0.0012605268258094604,0.0,152.5540394904214,1.3216550566437393,65.26531453422788,5.221319834181293
2022-12-31,2022,199.18,208.06592849569932,-0.455373695533559,0.0,16.09017217488644,0.19157504520144886,44.8651716869691,4.211850943313577
2023-01-01,2023,239.46,229.86533645324525,0.352207528109308,0.0,28.815426905030336,0.7004124166935356,50.115553277164096,6.719203985385771
2023-01-02,2023,381.49,359.63565222053234,0.5773248460899318,0.0,141.63253331472012,1.7854855077193061,61.975077605207744,10.502698605933634
2023-01-03,2023,320.85,310.73349734070206,0.15513496798421783,0.0,102.57127423681113,1.0099321374136956,54.86077563587759,8.973848021753078
2023-01-04,2023,236.58,243.0244289275162,-0.3372167873109045,0.0,40.04747536590635,1.3071716451850792,51.88170553567328,6.96276082720009
2023-01-05,2023,312.09,308.62478987074843,0.07232391071807302,0.0,104.42957075583396,-0.09080171495415784,56.098166211033096,4.95299836725516
2023-01-06,2023,212.71,216.70053320616057,-0.4082846285632392,0.0,19.634053917612512,1.615828700061352,46.33504728504292,6.361355591144718
2023-01-07,2023,377.39,355.4768596636793,0.16344033274254188,0.0,142.11643516723157,1.7149136537577299,62.308259250118496,6.011278918966876
2023-01-08,2023,316.18,316.6995344622808,-1.1705101782832221,0.0,113.62998802890894,0.6320014874913684,54.462530925302694,5.982991857998635
2023-01-09,2023,305.62,321.4077167004491,-0.7356673378698256,0.0,118.35063976400536,0.17620192582888544,56.651303622607806,3.80270638501431
2023-01-10,2023,323.93,321.6973493264535,-0.91157366637849,0.0,114.03492021966021,0.7531557489968237,57.96303999203971,6.695274691273313
2023-01-11,2023,354.84,349.53815971764766,-0.1095270531177174,0.0,137.76109640014045,1.603577356936344,58.844258372090536,8.276222300736277
2023-01-12,2023,246.66,230.5117324560043,0.5572486010121513,0.0,30.07820926394059,1.524478533617149,48.48710876113036,6.702154955442018
2023-01-13,2023,294.02,294.6843655294465,-0.3771196858211534,0.0,94.13695502448076,1.6567920325945267,51.95157064402982,4.153635173300671
2023-01-14,2023,359.52,355.70466118546966,-0.45711033138015966,0.0,148.11587355555744,1.6988297603536173,60.505601573156476,2.6789342869195085
2023-01-15,2023,335.57,342.9737286526961,-0.7729652790872446,0.0,137.63551973796925,2.1652017529133096,59.77471158878433,1.008728511253952
2023-01-16,2023,303.21,313.4482136545384,-1.0853764084467943,0.0,114.5017661755854,-0.6039816251603108,53.77358548960367,3.6996876820948774
2023-01-17,2023,311.94,317.58854065733544,-1.1944767902591897,0.0,117.32150411871113,-0.7617419571994088,55.48347899034442,3.5772439548767694
2023-01-18,2023,329.09,321.2685201211125,-0.5882956573237698,0.0,118.2536814691243,-1.0184708180404065,56.1511432587816,5.307929527709647
2023-01-19,2023,303.74,310.29114174337536,-1.2335116843072291,0.0,109.73544769292988,-0.9528520943669609,53.17571994548312,6.403805542774696
2023-01-20,2023,311.05,311.15120572623636,-0.932745044846601,0.0,111.42676482578518,-0.8117193977189642,53.39319627509706,4.913176727057639
2023-01-21,2023,284.12,273.8959895337647,-0.10221853350054899,0.0,65.5746046594532,0.9043839976166187,56.79921993140671,7.557467137926597
2023-01-22,2023,293.96,300.4250065283027,-0.6562662680158762,0.0,98.44106028537699,-0.2874976605586971,53.45489872220837,6.31027910842988
2023-01-23,2023,371.63,366.0753600856949,0.019159621688506795,0.0,150.65929197283435,1.1533740360606564,63.646026074983396,7.434976039265391
2023-01-24,2023,218.15,225.6365173988474,-0.6186672350842863,0.0,40.64389473246736,-0.6003224644602272,45.61858338800642,-2.569503362944364
2023-01-25,2023,312.9,318.71273583724627,0.6417837855576104,0.0,114.38320659223022,0.5226692323345095,55.02805535745268,4.974488528808027
2023-01-26,2023,303.74,335.448347131335,-1.0165298147464752,0.0,136.66183828086068,0.2755192937359741,55.79751951791192,0.5674675127099233
2023-01-27,2023,296.51,276.03685575096307,0.5015734312501966,0.0,65.17238739233464,1.7963145092057116,59.35526766350741,6.048780413802019
2023-01-28,2023,233.49,255.36824123248763,-1.2712368810296204,0.0,58.18391766905605,-0.9231555421145761,52.85161235591059,3.364571289802213
2023-01-29,2023,334.08,331.0775150122975,-0.7673758913992448,0.0,123.03600492471962,0.11675382114060857,58.360589321715686,7.169010495258968
2023-01-30,2023,211.28,212.23278906223214,-0.7662875259670686,0.0,22.658501797657877,0.20858258937392,43.97767625737081,2.991783602934248
2023-01-31,2023,339.59,326.12512620725977,-0.5514983502510826,0.0,117.80675317847347,1.3110299679435955,57.164409022601916,7.231900047629334
2023-02-01,2023,164.87,193.69680424276984,-1.2608677082962298,0.0,15.157017692077915,0.6245729304856595,40.408679907605176,-4.395130919965206
2023-02-02,2023,127.79,149.32736676174594,-1.062301920340839,0.0,-42.71698318109227,1.3630319047877686,51.97472809649216,-3.393640478963631
2023-02-03,2023,175.55,184.47731517851597,-1.366774462846453,0.0,21.26866319426082,0.2539649695013398,24.08411774389815,-2.925188607160436
2023-02-04,2023,153.81,153.50724724799906,-0.9946802001715885,0.0,-32.885111520562546,1.573718698181304,43.75477858472603,-1.1039906550371543
2023-02-05,2023,180.11,171.14908552959082,-0.7509624543418765,0.0,-14.296132339594823,1.353094763018994,40.508722300954844,1.171830918691563
2023-02-06,2023,169.35,168.84869359469806,-0.09737459915528379,0.0,-30.645519725316824,0.9385679167610285,49.38538102110975,6.105106640436791
2023-02-07,2023,224.72,221.10892080417426,-0.4221497188443192,0.0,46.011083923127266,0.7110911670229529,31.152731257457496,0.49363183454878895
2023-02-08,2023,191.15,161.77224596391744,-0.7934357096017388,0.0,-34.66037268697887,2.0279190554268367,45.39935429504925,6.636248669159198
2023-02-09,2023,192.06,199.65190637979111,0.10345225516308812,0.0,31.065921783087852,-0.41764810545129655,24.73380428759976,1.003843818528893
2023-02-10,2023,180.68,206.28583283322584,-0.5812133304878854,0.0,46.08620110973896,-0.612347519511506,18.4447748432427,-0.2141146106188349
2023-02-11,2023,148.21,149.7515126712565,-1.0192905852710692,0.0,-32.15976154622459,1.058567621799976,39.02282226710384,-0.31335742701463065
2023-02-12,2023,212.69,196.3866447373605,-0.4350888421584262,0.0,29.050605730920196,0.6491088227144444,25.20324357722111,-1.2437568921994853
2023-02-13,2023,116.09,131.9642446116221,-0.45648248778526795,0.0,-49.30078270581069,0.26626229477386154,36.65788774083278,1.63482742874877
2023-02-14,2023,197.82,200.3236055565842,-0.6859543541704323,0.0,37.724498538806536,0.07141174779794682,21.54158335453727,-1.49046607124962
2023-02-15,2023,232.54,212.21687650437988,-0.8103200956974549,0.0,43.3689885394403,0.2259070817979765,24.85345396208751,1.416314675888887
2023-02-16,2023,111.42,133.46385316350504,-1.6966988476132867,0.0,-38.627564325508885,-1.5054028003444657,33.5735641443492,-1.4425773482404665
2023-02-17,2023,214.78,205.56351510722422,-0.04635709213147629,0.0,35.00186945006943,0.8172570324391718,21.963667348788785,4.664546027195543
2023-02-18,2023,204.58,212.71706273432116,-0.3538715998317791,0.0,49.45243084198617,0.5716576034130031,17.814501073008277,2.0698124748829536
2023-02-19,2023,132.59,177.6937361991852,-0.08977014623579338,0.0,16.65035979104312,0.6304597020546446,20.189750012919447,-2.849595501458673
2023-02-20,2023,209.82,195.31133774444004,0.5321038869622835,0.0,32.393021873035956,1.1235155369175245,21.624635181240308,-3.5244710745785346
2023-02-21,2023,236.66,221.08329281491046,0.06270835831169869,0.0,47.94137580881644,1.2756230094294982,31.402713405765567,-2.7616601082751573
2023-02-22,2023,230.27,219.7388896476545,-0.3215887994233287,0.0,45.50266952508139,0.5091969694218468,33.30616078923242,-2.4200811775205033
2023-02-23,2023,174.23,168.50250106799965,-0.5272102594296301,0.0,-8.330259488191748,0.7095606436157293,39.97251755372449,-6.484639722581788
2023-02-24,2023,116.93,120.60849849450513,-0.934044938191104,0.0,-58.605241930702945,0.5305236177552304,41.120311172188465,-4.665581767407309
2023-02-25,2023,210.16,183.02585704294378,0.10680554620599927,0.0,11.172872415665964,1.060406860878195,32.035589841068145,-4.512349961736799
2023-02-26,2023,205.45,207.98480324294525,-0.9029362461932031,0.0,46.89162148975118,-0.8139860668744173,23.584456211302108,-3.9368844859026475
2023-02-27,2023,162.72,182.97464436976497,-1.8265694667934425,0.0,24.52761188029288,0.24036922612115233,23.768994556116226,-6.898294166834361
2023-02-28,2023,201.67,204.99465447603896,-1.1411387446496153,0.0,43.21074734660903,-0.471112768323607,27.377317516776728,-7.143691215235989
2023-03-01,2023,104.82,116.98786825364442,-1.070502245351949,0.0,-54.18572393373229,-0.6898721632594832,34.8122586875072,-5.040824432381638
2023-03-02,2023,70.11,108.67302115748481,-1.8916595426224094,0.0,-35.08876553885948,-1.109996634275795,11.252419731974923,-7.651509199594877
2023-03-03,2023,109.89,103.97519914117903,0.24816696843452227,0.0,-38.20142735637584,-0.018557687056631494,3.564826116996196,-4.780341241681929
2023-03-04,2023,136.3,124.45455901786617,0.16485808753545875,0.0,-20.45134809488823,1.0026616146942098,4.366341830678262,-3.7904867610159707
2023-03-05,2023,92.48,97.20486811345675,0.36945386956848913,0.0,-50.10711574148245,0.9063876556796526,6.597611876957423,-3.724001888128659
2023-03-06,2023,124.25,112.44564831654043,0.1903498666298841,0.0,-30.67344155050238,0.5247832064638458,1.7865874109986501,-2.5451629579120567
2023-03-07,2023,126.99,116.09627129722334,-0.12177853475585493,0.0,-25.86134118395632,0.7689035144620397,2.266545086227506,-4.118589925616472
2023-03-08,2023,80.78,94.07412257892915,-0.5227648583893946,0.0,-43.48039073486831,0.17745239648403432,-1.170615794772416,-4.092090770387247
2023-03-09,2023,89.1,91.94766211439499,-0.2562622042627033,0.0,-50.04747361003436,0.9176238181358294,1.1706337586219924,-2.999391988928389
2023-03-10,2023,110.09,115.70298275722786,-0.14851675717197552,0.0,-23.02527036971843,1.2176263344288218,-2.278699974369288,-3.2246888168036563
2023-03-11,2023,68.26,92.19569342876855,-0.5958551567364276,0.0,-41.66100273645556,0.11843387283712531,-3.593362384328968,-5.235052507410627
2023-03-12,2023,99.6,93.95863504197388,-0.30176326381043395,0.0,-43.91256527789554,0.7042967487122395,-2.103138070068984,-3.5907274358260226
2023-03-13,2023,77.25,79.39595619819616,-0.13329937112812335,0.0,-55.70094217370617,0.37189567061643136,-5.082285339326219,-3.221944929122245
2023-03-14,2023,75.38,79.20442539124424,0.20151297635664253,0.0,-54.89820582036542,0.4760407763600583,-6.020751523437292,-3.716703358532273
2023-03-15,2023,125.53,123.50597620632954,0.6052998850825217,0.0,-19.900457859348787,0.8939682510956909,1.1284349438374637,-2.3838013551999144
2023-03-16,2023,131.2,109.06090960254589,0.18886439092840196,0.0,-32.320292672537065,0.2761575102690522,1.0049128112165264,-3.2512647781936925
2023-03-17,2023,94.86,95.22500145908458,-0.029757759232812014,0.0,-41.11900607546217,-0.16336516662614672,-1.8876094310762142,-4.7377924493807475
2023-03-18,2023,125.06,106.21783000746751,-0.1835179024661059,0.0,-39.205827521116326,0.38499958744762,2.566709886993778,-0.5070663842542049
2023-03-19,2023,96.47,109.01018880794865,-0.8713854690501045,0.0,-23.15820892660246,1.2545818477793198,-6.100300927483653,-5.2770300575569795
2023-03-20,2023,109.25,104.7649504797976,0.23393274428886607,0.0,-37.291903012565385,0.957627606941777,-0.04395994539396275,-2.253279254336175
2023-03-21,2023,77.62,98.27323266374911,-0.525171454555911,0.0,-38.60548934787824,0.8659363084595499,-3.2722705593666417,-3.352304623772211
2023-03-22,2023,124.05,118.4750823047139,-0.5999842314488624,0.0,-21.94813129693804,1.8207438696899227,-1.2275007818024353,-2.7325775956492095
2023-03-23,2023,96.0,98.50106773375806,-0.4947263711680827,0.0,-41.546783847015796,1.4665044352618934,0.056854171106256235,-4.143312995288734
2023-03-24,2023,106.02,105.2146640845558,0.00216725390360252,0.0,-38.40305597529688,1.495501659783565,1.5129251838957192,-2.5554063785926564
2023-03-25,2023,129.35,105.93552483933834,-0.18719856583618477,0.0,-35.840846775813674,1.7946755033067738,0.4549841188098327,-3.44862178199132
2023-03-26,2023,67.38,80.81962509717067,-0.19005752948501276,0.0,-53.09197096883215,0.8137075633994024,-4.798059294880484,-5.076527013893463
2023-03-27,2023,119.31,104.99524741913528,0.9217938948943825,0.0,-39.585099676728326,2.024151833237009,-0.22848119538098066,-1.29964977774922
2023-03-28,2023,128.65,113.97783028906393,0.8955893192758021,0.0,-37.51620549468158,1.7487774555324067,4.93579911688023,0.7513375511942264
2023-03-29,2023,116.65,133.33750093317673,-0.3309577385684055,0.0,14.830349092512286,1.0266701556554914,-15.742631965531825,-9.60846095175311
2023-03-30,2023,136.66,123.04351546296667,0.5972375933610136,0.0,-20.21005581581559,2.227279681132377,-1.0364304887893812,-1.6970478477842612
2023-03-31,2023,76.84,98.96801201266317,-0.5329713908593827,0.0,-33.21364313654626,0.7325375794533365,-6.56285986839203,-4.617583511854965
2023-04-01,2023,104.29,99.03595749380314,0.07735045948855451,0.0,-42.62605563492253,0.8604679895726401,0.029700704187943572,-2.468038365386003
2023-04-02,2023,128.98,109.89403866172609,0.5956679271439762,0.0,-39.47500233048797,1.3058234314800699,3.567432891186007,0.7375844015411582
2023-04-03,2023,89.28,93.81169448162265,0.17259295743594116,0.0,-47.03836811956408,1.6343334467666726,-0.4875119257037501,-3.631884218174809
2023-04-04,2023,95.57,99.08105747907824,0.1882527357937467,0.0,-42.50828476668511,1.171549833744302,-0.5359895392067204,-2.3970031254310142
2023-04-05,2023,113.39,107.35104811233046,0.3596888475066202,0.0,-31.871032512746563,0.9781040191248842,-2.51280388246329,-2.765440699953851
2023-04-06,2023,100.27,101.54661909914192,0.8948507155480898,0.0,-39.952045337031365,0.7251402498396019,-0.883710754649389,-2.4001481154279167
2023-04-07,2023,68.61,75.79394877765199,0.41876057377784043,0.0,-56.660350925532505,0.6750932956974502,-7.50041929234524,-4.301667214808382
2023-04-08,2023,105.8,102.126656195762,0.4736638771316349,0.0,-36.700668544573844,0.27465396035633055,-2.077055885446035,-3.006469552569033
2023-04-09,2023,133.86,123.65450718135781,1.144528171136814,0.0,-20.799871906610214,1.1179379199026347,1.500717125564285,-2.4713364694983486
2023-04-10,2023,88.52,98.27615539914879,0.5330806803637652,0.0,-38.33326384400327,-0.056907489360913596,-2.6231032839664996,-4.406183004747121
2023-04-11,2023,119.16,118.84314614449633,1.076806220823715,0.0,-20.887684966592197,0.6053207610151361,-1.3373668318432617,-3.7764613797695574
2023-04-12,2023,73.24,84.88133148794063,0.4472017080430656,0.0,-47.746076516207225,0.05592225594542061,-5.269535566963616,-5.7687127337394
2023-04-13,2023,102.81,109.9801027327413,0.5770305382787926,0.0,-22.175176572865062,-0.9909609876475243,-4.546651086799994,-6.046671499087395
2023-04-14,2023,125.08,110.52008030111914,0.5390750902488826,0.0,-23.629516786307082,-0.7862738656532153,-3.630890984106512,-5.13484549392535
2023-04-15,2023,109.23,92.88438718943142,0.257677604677895,0.0,-45.89909589432594,-0.44263893399490745,-0.09807373311471324,-4.096014194673704
2023-04-16,2023,82.23,102.98845403967148,0.057814871788550354,0.0,-25.689395907413545,-1.7785963070048367,-5.938594983045782,-6.825305975515185
2023-04-17,2023,102.93,107.86822286168403,-0.043420434398936,0.0,-21.144375308521,-1.6373628837705492,-5.311504516469505,-7.157646336018568
2023-04-18,2023,120.09,115.9551227120337,1.0834144086119295,0.0,-21.562104641355514,-0.9073632832536902,-0.629784841834153,-5.191571270997382
2023-04-19,2023,133.3,119.80235750897118,1.619625728108847,0.0,-21.52822349360046,-0.7043625605571844,0.5426136067380014,-3.2898281125806417
2023-04-20,2023,116.88,102.24550797806236,0.4553031813129356,0.0,-35.040274694888815,0.03309803956062238,-1.7146573693787168,-4.650493519406212
2023-04-21,2023,74.42,85.48081835278786,0.11538126979772952,0.0,-48.086832424252826,-1.0506679237653709,-3.543628980053011,-5.115965929801387
2023-04-22,2023,133.84,117.1408423802785,0.3824003455730347,0.0,-19.161234503389277,-0.48534677555626604,-3.410375620581793,-3.3471334066298573
2023-04-23,2023,75.68,88.14834586855184,-0.2605032940466606,0.0,-47.121018094981565,-0.8997493511839993,-2.8378929453157546,-3.895022786782801
2023-04-24,2023,69.16,96.53710566618494,-0.05816560415549851,0.0,-31.950032953368087,-0.729466166512758,-8.492657084829537,-5.395104865811659
2023-04-25,2023,76.07,88.54202158118336,-0.056981468671969696,0.0,-45.52068766958504,-0.30383925317619076,-4.349287980282625,-4.389714387963836
2023-04-26,2023,93.19,92.71376396928014,0.22096471654434358,0.0,-42.79807363096779,-0.4399812506402348,-2.9279606220080012,-4.503717584511009
2023-04-27,2023,90.77,89.83498380187717,-0.0037804440745781293,0.0,-46.501995865654806,0.015240039179662157,-2.4364173012190866,-4.400594967216609
2023-04-28,2023,117.81,99.39373482235722,0.9288763562768051,0.0,-39.82945432966616,-0.24417706820602658,-0.5592427304044887,-4.064799746505896
2023-04-29,2023,74.47,92.70714005267799,0.3439891765717715,0.0,-41.29241072365603,-0.855208124281468,-3.667524635640358,-4.984237981178718
2023-04-30,2023,93.85,84.66166432873574,0.0878610494465778,0.0,-50.52610476560682,0.14406784933679176,-4.519546564616074,-3.687145580687284
2023-05-01,2023,74.08,78.39464061495713,0.16493715024730382,0.0,-54.6828918728171,0.1172500596841077,-6.206468318727748,-4.1607187442921125
2023-05-02,2023,65.91,91.7185434958332,0.05334339593765369,0.0,-40.150680822610475,-0.3436629091284176,-5.303458345724796,-5.6995301635035425
2023-05-03,2023,89.65,84.01410002774935,0.15151150596081348,0.0,-48.20218234217832,0.8395680634271514,-9.61263713872505,-2.3246924015976522
2023-05-04,2023,126.24,120.65282862520934,0.18881960849299523,0.0,-18.993316750915337,1.395967391461356,-0.8521528940873946,-4.249021070604581
2023-05-05,2023,87.39,80.15545859420273,0.29001176418110997,0.0,-54.66905593873804,0.9134318330091744,-5.408628475577951,-4.132832929534407
2023-05-06,2023,131.86,129.25005884761768,0.583402472003704,0.0,2.839712335826822,1.227194991986947,-10.613772233846028,-7.949011059215995
2023-05-07,2023,91.56,86.82309617047115,0.3415752555471613,0.0,-50.256805400787016,1.0456146457241031,-3.185135869013949,-4.284684801861708
2023-05-08,2023,100.05,97.0964254238465,0.2312223949167931,0.0,-44.684652284933605,0.7769255967507009,0.5187901618446227,-2.908392785594845
2023-05-09,2023,69.35,93.13636699860534,0.35975567522683305,0.0,-41.111543521592665,-0.9281746788592515,-3.2402411756199365,-5.105961641412445
2023-05-10,2023,120.7,115.36760306929463,0.8721211909018025,0.0,-22.189799455014636,-0.16879337053527962,-2.8573870588861565,-3.4510705780336486
2023-05-11,2023,101.81,111.45730629978651,0.21508633066760674,0.0,-23.121779640401797,-0.4075497227154763,-3.601833665888912,-4.789149342737323
2023-05-12,2023,95.71,89.49458529789158,0.42448435923578015,0.0,-47.448029139267135,-0.8419365682759297,-1.6961981292416108,-4.10626756542245
2023-05-13,2023,108.79,101.4135127672257,0.905088989291793,0.0,-38.21079032213711,-0.36893487305532446,-0.010507584451084462,-4.063875783285536
2023-05-14,2023,72.48,77.75913797284474,0.19274218174187824,0.0,-53.63430480897818,-0.9938066560362346,-6.655165090612149,-4.312859994133561
2023-05-15,2023,71.17,74.38462935243932,0.20689381264717255,0.0,-55.45021693500247,-0.708101425681527,-7.850808302510336,-4.975670137876166
2023-05-16,2023,119.41,117.26345243569516,1.1452534511262347,0.0,-20.248057135179305,-1.1006940000223926,-2.0008396226168554,-3.694742598475029
2023-05-17,2023,115.4,113.51943292516204,0.17984901923677185,0.0,-21.041073028129823,-0.9459009259100093,-2.176702802133689,-5.659271678763848
2023-05-18,2023,114.62,105.42578633433031,0.7714313999590154,0.0,-36.453674437768456,-0.057668914886918915,0.44395036591842363,-2.440784419754391
2023-05-19,2023,93.33,107.60097735004815,0.468983193542711,0.0,-24.08652868775666,-1.3945123230106902,-4.661963052535575,-5.887534121054332
2023-05-20,2023,119.31,102.3720838292735,1.1628844602498787,0.0,-38.37166178216741,-0.27118269776845527,0.7680292833921403,-4.078517775295151
2023-05-21,2023,111.97,112.55879058139544,0.8654667164916954,0.0,-20.508126329335887,-0.9469474947579384,-4.597098105760072,-5.417036546105016
2023-05-22,2023,128.72,116.07942231864735,1.3601823725896067,0.0,-20.235334488534313,-0.6159486733461053,-1.8103603922809848,-5.7816488406433235
2023-05-23,2023,83.63,78.92162924711756,1.0379008071660396,0.0,-52.52172812968997,-0.616228199797765,-6.855279232897715,-5.285568338525684
2023-05-24,2023,111.61,112.3662681651368,0.15726074153222125,0.0,-18.842982617676252,-1.4193565412168283,-4.044694495255435,-6.646491263109343
2023-05-25,2023,93.76,93.37701288302085,0.2322366802814603,0.0,-42.09836011524177,-0.9862898364926486,-2.1934596767941046,-4.739646509594912
2023-05-26,2023,108.45,115.2185598439865,0.20899592792675387,0.0,-20.281277525111655,-0.5861401661525036,-2.0955686044585065,-5.189982129080073
2023-05-27,2023,99.02,99.76079845323422,0.7212250407784035,0.0,-37.87129715933611,-0.9035667784256822,-1.1410856825061115,-4.207009308139257
2023-05-28,2023,125.01,118.00378149380853,0.4617946119440341,0.0,-20.671656214214376,0.6218542925399378,-0.8538872077417698,-4.7168563295818675
2023-05-29,2023,85.04,97.29338032704568,0.10911115635104529,0.0,-36.648021078177806,-0.33707047069829965,-4.3539390824538735,-4.639232538838132
2023-05-30,2023,87.81,101.70381707741325,0.4237983834869634,0.0,-35.47973719658811,-0.06563626778028712,-2.8666715615128218,-3.4704686210552214
2023-05-31,2023,115.71,105.798896580837,1.0096511142123796,0.0,-36.54363303277881,0.17925965374030722,0.336619630633308,-2.3455331258329655
2023-06-01,2023,130.08,122.07383845045503,0.7253993904883971,0.0,-21.291298863219666,0.975883684215958,1.0621266260429656,-2.560804727935128
2023-06-02,2023,72.81,93.43075977121057,0.13481761007500656,0.0,-43.48369550536384,0.010466042083281075,-2.424786654459287,-3.9685740619870544
2023-06-03,2023,93.67,98.65110955893032,0.7646421113094393,0.0,-40.17380082335104,0.27604155250450113,-0.3785324432121504,-4.999773179183172
2023-06-04,2023,78.96,87.32856227307943,-0.21060059266924627,0.0,-47.23948243223383,0.2591939752273217,-4.416617671199808,-4.226463346907868
2023-06-05,2023,130.55,121.01961671683983,0.42939921912500384,0.0,-19.62723417889387,0.42556024367035233,-0.9816964579295537,-2.3889444499947032
2023-06-06,2023,121.24,131.62197235299902,0.034400632701559936,0.0,15.676321696002466,-1.453324401051856,-15.963083583571017,-9.834874331944503
2023-06-07,2023,109.41,103.5506313966977,0.3798628812959797,0.0,-37.52089397071053,-0.49783402652845365,0.09782446453945459,-2.0708602927613806
2023-06-08,2023,115.73,113.59643744591241,0.5656556298113002,0.0,-21.3231170155041,-0.459678173930436,-4.697404334175403,-3.651551001151601
2023-06-09,2023,80.17,85.1020187517073,0.45283957454288326,0.0,-48.14729784332268,-1.1209216061301752,-4.210075004160944,-5.0350587100843125
2023-06-10,2023,88.66,85.90379460451102,0.5036488967736001,0.0,-47.96680652940782,-0.9421892911030026,-3.6917804024922685,-5.161610410122066
2023-06-11,2023,130.69,152.08699328488387,-0.21164817311022405,0.0,44.183114814706386,-2.3869075513019435,-19.666111063700765,-12.993987082572499
2023-06-12,2023,81.66,94.08561460877465,-0.15313058365812895,0.0,-39.78405849305529,-1.525616409830289,-2.806900149940917,-4.807212095603416
2023-06-13,2023,106.68,110.31144936855719,0.39865734523285046,0.0,-23.194427977788912,-1.9358829189892983,-3.200390671142724,-4.919038749617371
2023-06-14,2023,84.1,93.90261331158553,-0.3486731217457004,0.0,-39.06310160210899,-1.1619361636248025,-2.3616872197206877,-6.324520922076869
2023-06-15,2023,90.34,109.03423889962266,0.15945350719822943,0.0,-22.6230757498889,-2.3132545115701504,-3.8679633206158455,-5.483453366363184
2023-06-16,2023,67.99,88.2128277014584,-0.5377857037932451,0.0,-43.945906834995085,-1.4640412722950051,-2.902759464642557,-6.099211363678369
2023-06-17,2023,78.56,90.92933662660491,-0.7306267618965241,0.0,-39.55606062213058,-1.214857776097305,-5.012804702379984,-5.718845851753267
2023-06-18,2023,129.04,105.03361126912199,0.48567582005263027,0.0,-38.41317344214155,-0.5560474522352663,3.254592398601185,-2.89996839601778
2023-06-19,2023,69.16,95.51532623643492,-0.5465720026897044,0.0,-41.53697904174557,-1.158533237913555,-1.037971130390832,-3.3671506916881615
2023-06-20,2023,80.48,89.17178639658523,0.7918960809097769,0.0,-48.13145979904172,-0.5467184426921721,-2.9018702288900857,-3.2025935545632085
2023-06-21,2023,123.47,117.07631261465582,-0.4649529746900619,0.0,-22.69223614306378,0.3548970981288526,-0.4699099174902943,-2.8140177890913507
2023-06-22,2023,131.64,107.83795614225201,1.4163121560049097,0.0,-41.130721857002015,0.6405724163379911,3.908152704039872,-0.15889161799144097
2023-06-23,2023,122.07,113.65921870731613,-0.3027097246797789,0.0,-24.198900714934176,0.4925058962387754,-2.162973821373305,-3.3312352687980447
2023-06-24,2023,96.61,81.95383419458119,-0.07335979871341378,0.0,-57.08789735365984,-0.28065522712749746,-0.3664985086690984,-3.4002872581110615
2023-06-25,2023,99.85,100.5568639494414,-0.3036073723365799,0.0,-41.43865277711568,0.40093929444429616,1.4453176830070835,-2.709665219420207
2023-06-26,2023,79.04,81.2298838519785,-0.2293133573408436,0.0,-56.43266989064798,-0.629142206703296,-2.2448487567321096,-2.3966742774596264
2023-06-27,2023,114.38,118.57547817543562,-0.5665834373064103,0.0,-24.64948868385045,0.19573276707096815,-0.9225329580108506,1.3558181466696368
2023-06-28,2023,119.49,116.25698824413524,-0.6002314195013505,0.0,-28.44190539050643,-0.12838050292000783,-0.6929787157171443,2.9579519319173073
2023-06-29,2023,97.37,96.34067597193255,-0.08643921020589995,0.0,-48.02479050675443,-0.21300852107236962,0.3948843624889462,1.1074975066138308
2023-06-30,2023,93.92,111.47814481754278,-0.4315222264192148,0.0,-25.58265637615863,-0.1130916175561611,-2.7389056103375617,-2.818211692848304
2023-07-01,2023,46.86,70.24094582809366,0.3048362530303444,0.0,-63.08482723315913,-0.8501919344030654,-8.502161156142456,-0.7892424420940957
2023-07-02,2023,42.9,57.36606482330502,0.5698285380998488,0.0,-59.11951836868473,-0.6649158635163859,-22.7220586698356,-3.859803153620111
2023-07-03,2023,29.12,38.83891892227722,-0.538670068553692,0.0,-56.29359954036261,-0.4812326191654231,-43.92480093058713,-3.085310259915997
2023-07-04,2023,28.39,39.29267309593223,-0.16132756961206451,0.0,-56.83965296988112,-0.1967091662002406,-44.903608319461505,-1.768561219774993
2023-07-05,2023,22.37,37.87018478813129,-0.5656883056021812,0.0,-55.3060616292959,-0.5987010003553781,-48.732026550501445,-0.08987006697609726
2023-07-06,2023,51.22,43.67429408915684,-0.4048910744649718,0.0,-52.76726468836184,-0.2580817625865305,-46.78716938169601,0.7291686554038106
2023-07-07,2023,48.24,41.3232733870283,-0.2586028779455408,0.0,-55.66585671615461,-0.14563186622735025,-48.18521769839663,2.4160502048899977
2023-07-08,2023,41.59,41.16751320710844,-0.5963762132144868,0.0,-55.70757253932917,-0.2646460348374417,-46.87172002594965,1.4452956795768004
2023-07-09,2023,58.8,44.692258454816695,-0.5938838327551785,0.0,-55.242952526210786,0.47081744790628455,-46.422438295019845,3.3181833200339845
2023-07-10,2023,41.95,41.43969906951309,-1.0166265742948455,0.0,-55.24971037252109,-0.07587312854285627,-47.27119561399687,1.8905724180062735
2023-07-11,2023,32.07,37.12527276852297,-1.0605183907191742,0.0,-57.066913677388214,-0.6174993295236086,-47.75320095228566,0.46087277757692896
2023-07-12,2023,28.71,36.20923825120415,-0.988079719868818,0.0,-56.595024468493975,-0.854237863736057,-47.4285337738209,-1.087418263738577
2023-07-13,2023,42.14,46.259387800101905,-0.8247592687575561,0.0,-48.264151088433074,-0.20280631886799172,-48.40847971756327,0.7970518528615934
2023-07-14,2023,27.03,38.35980041799474,-0.966428218298378,0.0,-55.55785332817217,-0.48986097920627025,-48.45794258610115,0.6693531889103621
2023-07-15,2023,42.21,40.25089980590575,-0.7702922801350665,0.0,-55.69945468223567,-0.2530422575511165,-47.61542517257131,1.426581857536141
2023-07-16,2023,31.48,36.853558811593224,-1.0234494650445525,0.0,-56.675655934760236,-0.36737775652402493,-50.266219009002945,2.023728636062704
2023-07-17,2023,55.16,46.408102231626636,-0.514121800339554,0.0,-50.476153687251816,-0.02282191217462068,-48.39109264494064,2.649759935471076
2023-07-18,2023,33.31,38.99186085025263,-0.7848926390322296,0.0,-54.77845002016127,-0.49508673890539295,-49.385127902589105,1.2728858100780607
2023-07-19,2023,31.51,39.127052925773576,-0.8264420102876429,0.0,-54.92582820604304,-0.4616744051165603,-48.84994363350404,1.028408839862429
2023-07-20,2023,42.4,40.079935877066845,-0.6097734082937232,0.0,-56.32349806474571,-0.36280433066796064,-46.776079673139485,0.9895590130513034
2023-07-21,2023,60.56,53.81931714450898,-0.45684879247101706,0.0,-44.912855135693746,0.274755905696564,-46.479875534794935,2.231608360909741
2023-07-22,2023,35.38,39.82507234494702,-0.8777120796662429,0.0,-55.566048395171755,-0.263953079169317,-47.42092875750057,0.7911823155922616
2023-07-23,2023,28.23,43.781989253702605,-1.00706215291166,0.0,-47.24257268236474,-0.5039232182241683,-51.02445614726469,0.39747111360562076
2023-07-24,2023,41.48,47.775615929985314,-0.6593371637973282,0.0,-46.22693256421693,-0.11137155774002205,-49.28525312565727,0.8959780005341471
2023-07-25,2023,62.24,53.201773653945075,-0.388974978898485,0.0,-45.18839850253968,0.11866869295091564,-47.740168218106255,3.238114319675519
2023-07-26,2023,59.42,46.62573060091832,-0.5344287032127213,0.0,-52.041156632801375,0.06772489928907224,-47.632271097144645,3.6033297939260955
2023-07-27,2023,54.48,43.605945127725434,-0.6628787015639218,0.0,-55.63030364246706,0.37459880481725144,-47.45479736582756,3.816793691904376
2023-07-28,2023,22.94,35.929917206233554,-0.9282818701085273,0.0,-55.802243763417835,-0.8339597020709937,-51.83520319751934,2.1670733984876684
2023-07-29,2023,24.18,36.887916870537325,-0.7006054988002893,0.0,-54.79997294981688,-1.0040850234293044,-51.591817108556434,1.8218651102776322
2023-07-30,2023,55.29,51.11431069889778,-0.27114945048614153,0.0,-44.22292913259509,-0.1358261166868258,-49.267969211786976,1.8496522695898163
2023-07-31,2023,60.06,53.51317360667213,0.2667281782452711,0.0,-46.529688415603786,0.23696408655104,-47.66478023051161,4.041417647128649
2023-08-01,2023,39.67,40.77647819097253,-0.5229217256537217,0.0,-54.29475178817297,-0.26219696723060176,-49.91382105567212,2.607637386839608
2023-08-02,2023,37.24,40.06764799249076,-0.7226240967091437,0.0,-52.96747354841393,-0.4036264523251901,-50.27114988348426,1.2699896325608155
2023-08-03,2023,30.02,37.29114912087457,-0.6320586708127576,0.0,-56.40038242773555,-0.5195917655053636,-49.84944789317799,1.5300975372439307
2023-08-04,2023,53.14,47.98114858587967,2.046112677168034,0.0,-54.87032801499706,-0.10789333543360242,-46.99284544816741,4.743570366447326
2023-08-05,2023,53.06,42.08817232234001,-0.5834867457437285,0.0,-55.31430883108367,-0.03479135516431367,-48.46556306626742,3.323789979736573
2023-08-06,2023,54.5,52.60658970895659,0.7368779063881827,0.0,-44.439181862270594,-0.04485496739286418,-48.977563720102914,2.1687800114719287
2023-08-07,2023,60.47,47.400473818601114,-0.25457290510995145,0.0,-51.75944267060085,-0.027930642991817245,-47.927486550894514,4.207374247335722
2023-08-08,2023,47.48,45.8213848507414,-0.1869833617235621,0.0,-52.63850284733608,-0.13780122437876038,-46.99893289287878,2.62107283619563
2023-08-09,2023,31.38,44.705096130527274,-0.6542029513664152,0.0,-51.752642870631725,-0.47199638385874615,-48.10789296352091,2.529298959042553
2023-08-10,2023,36.83,42.82095654754026,-0.6620523275005604,0.0,-53.112885711284655,-0.5139865759039166,-49.17208281047921,3.119431631846033
2023-08-11,2023,31.86,39.31234109479713,-0.47150843250586316,0.0,-55.45170203844364,-0.3195383799633332,-50.378941068719826,2.7714986735673763
2023-08-12,2023,58.69,45.369811228658556,-0.2109597481179432,0.0,-53.66469229347165,-0.08210552552780945,-47.02101815473449,3.1860546096479125
2023-08-13,2023,43.49,41.117670870096035,-0.5382579106522976,0.0,-55.32181048053928,-0.16111876947969805,-49.65064434629535,3.6269700362000314
2023-08-14,2023,31.8,39.25793254448222,-0.7862271020267777,0.0,-56.20575396876708,-0.13715803979952387,-50.07893924047339,3.3034785546864778
2023-08-15,2023,49.06,47.274672750133305,-0.5484607982341875,0.0,-47.23580942571447,-0.059265798501770814,-50.809041392273926,2.7647178239949652
2023-08-16,2023,29.53,38.509577062133395,-0.8673319796674301,0.0,-55.953432106439436,-0.15854773604316524,-49.70600619315673,2.0323627365775883
2023-08-17,2023,65.94,48.35488561311147,0.45389511988131714,0.0,-53.813256553353405,0.16012708529510097,-46.816229543452195,5.20781716387805
2023-08-18,2023,27.67,40.668957195816745,-1.0487640484996046,0.0,-56.23419216182164,-0.24429851802649588,-47.00000015122742,2.03367973452906
2023-08-19,2023,37.6,40.056525442097175,-1.0195652738597212,0.0,-55.146160318079346,-0.12196137622406185,-48.499936309127,1.6816163785246105
2023-08-20,2023,29.97,39.059582117880396,-1.032575457535825,0.0,-55.684529388664004,-0.3268690206833236,-50.12543662566595,3.0664602695670395
2023-08-21,2023,35.15,39.999471563594795,-0.8721855780652293,0.0,-55.641020413893976,-0.04661608085504673,-48.453928395743,1.8506896912897595
2023-08-22,2023,53.04,43.42640228613567,-0.694622154479112,0.0,-53.447135701907094,0.2244487016227747,-49.85162412829767,4.032803228334107
2023-08-23,2023,33.81,39.382292815599534,-0.8143735435146257,0.0,-55.400229822677744,-0.42991189502944727,-51.48816031588856,4.35243605184714
2023-08-24,2023,32.07,40.73730483778969,-0.8327474511927733,0.0,-53.718790195440505,-0.2632631779373988,-50.63611903090172,3.025692352399224
2023-08-25,2023,59.7,52.95183412388052,-0.5970421598572245,0.0,-44.4808997735906,0.22455621306654416,-49.404946786114344,4.047634289513286
2023-08-26,2023,32.28,45.05180241881557,-0.9927415374303832,0.0,-48.77333473175286,-0.3719327893167357,-50.07720547403471,2.1044846104877957
2023-08-27,2023,58.62,45.051645364053044,-0.7106050705770603,0.0,-54.067384228754904,-0.016805196150629725,-48.08011980467754,4.764027323350725
2023-08-28,2023,43.87,46.99906246895784,-0.8626694641285426,0.0,-45.51367789236513,-0.608828269812334,-50.66254030347808,1.4842460578790866
2023-08-29,2023,43.96,43.1125867518817,-0.41338625178962146,0.0,-54.06316576274495,-0.20498786526255577,-49.03795938015364,3.6695536709698624
2023-08-30,2023,47.72,42.50753301054272,-0.9285523542297217,0.0,-53.61768755867016,-0.2163110684195385,-48.28604689137568,2.3935985423753143
2023-08-31,2023,29.23,40.419024104458096,-1.0685719644382823,0.0,-52.87448488124359,-0.4622059023840487,-51.083150803424616,2.744905315086075
2023-09-01,2023,32.59,39.16979939550863,-0.27784774050825417,0.0,-55.56894195456979,-0.3400547544732486,-49.33709055148796,1.5312020556847648
2023-09-02,2023,61.23,48.286079153577404,0.7901164947951459,0.0,-54.48778260487288,0.2592157590126913,-46.75335765586384,5.315354819643751
2023-09-03,2023,53.8,50.94993093021481,0.43532708749236587,0.0,-47.68234853117437,-0.4071355633944361,-46.88101923346097,2.322574829889283
2023-09-04,2023,30.32,42.697035982747394,-0.45582372862760756,0.0,-54.56302103585296,-0.4301523229555198,-48.44331138401083,3.426812113331601
2023-09-05,2023,61.49,52.656337906138404,1.7593944665936845,0.0,-50.791887151116285,-0.0556732274386587,-44.658073091397775,3.2400445686349153
2023-09-06,2023,32.33,44.67541749291103,1.0188965231805487,0.0,-52.03930962076773,-0.44234942173627095,-49.71129115658874,2.686938827960413
2023-09-07,2023,62.21,56.90562904835722,1.0200844473965374,0.0,-44.92055900267959,0.20756943347781723,-47.41588145933742,4.85188328863714
2023-09-08,2023,34.47,43.003688682264304,1.2769712682290209,0.0,-55.335884176310095,-0.18397742244426535,-48.71016512640158,2.794211798328647
2023-09-09,2023,47.93,44.6963279467893,0.015959425453177915,0.0,-54.48753518018015,-0.11480823025040855,-48.847759456300416,4.967939047204628
2023-09-10,2023,57.36,48.505091704782984,2.0945787992049474,0.0,-54.95561109862854,0.09335199838429198,-47.334378645947325,5.44461831090731
2023-09-11,2023,50.46,45.84539324691253,0.22543718456638276,0.0,-54.876799961564366,0.3369820303264289,-47.95945086556114,4.956692518282693
2023-09-12,2023,31.92,38.95732363592488,-0.4765271211748217,0.0,-56.78146918106878,-0.2545421549056099,-51.06509811670486,4.372427868916474
2023-09-13,2023,41.95,40.794083216811146,-0.26025836660153134,0.0,-52.643860315310235,-0.47553173456544895,-51.0015215088063,2.0127228012321914
2023-09-14,2023,59.91,42.223784677189734,-0.034213208214262006,0.0,-55.48821953823956,-0.1146032408735167,-49.9905229947579,4.688811318412589
2023-09-15,2023,55.44,50.13966395547265,2.51497359374248,0.0,-54.08979053798901,-0.010241417806681252,-47.0519307875512,5.614120764215086
2023-09-16,2023,55.27,48.615195845837,2.609853183824938,0.0,-55.044300763458686,0.19494228035883804,-47.350020338902304,5.04218914315197
2023-09-17,2023,39.34,45.59003969310812,-0.35508799358437626,0.0,-50.91477462212305,-0.31643331788166146,-50.71547657561665,4.729279861451216
2023-09-18,2023,48.46,46.174594450652855,-0.3823882664805272,0.0,-52.680073337953814,0.03694745037899943,-48.381175126946516,4.418751390792009
2023-09-19,2023,48.52,43.54844788530372,-0.2619752597734293,0.0,-54.221059230456554,-0.21101682275838315,-49.546549910692875,4.626516768122719
2023-09-20,2023,21.99,34.947626505490504,-0.9190298619416751,0.0,-57.61318157751822,-0.7077570492109667,-51.516467745659945,2.541530398958896
2023-09-21,2023,40.18,38.61437646052318,-0.7291024080455302,0.0,-54.63468173756464,-0.23403483508866604,-51.819012830760116,2.868675931119744
2023-09-22,2023,60.45,58.584823755901354,-0.46942365754045845,0.0,-39.63247868956865,0.11882533105282572,-48.68178454953223,4.0871529806274
2023-09-23,2023,24.44,36.77814754449778,-0.957381837919478,0.0,-57.14566009970497,-0.5033300410605877,-51.05761629144153,3.2796034737621094
2023-09-24,2023,33.16,40.65933239722667,-0.863866627053678,0.0,-55.13739994479501,-0.31855836195392817,-50.132328104302125,3.9489530944687137
2023-09-25,2023,28.58,37.814101732500056,-0.7688109480936411,0.0,-57.51275431222207,-0.22303809146756676,-51.35264178728745,4.508814530708326
2023-09-26,2023,22.81,37.87811637382212,0.016325949413810104,0.0,-56.056226561983465,-0.43306392286980616,-51.79703068573214,2.9855792541313173
2023-09-27,2023,48.12,41.810323886819624,-0.3395125771419997,0.0,-56.17349416213935,0.07165500730434977,-49.380360596773706,4.469503874707997
2023-09-28,2023,53.37,52.2967821102122,-0.2375636600306231,0.0,-47.322167101036776,0.16004111751449884,-48.742832340681424,5.2767717535841046
2023-09-29,2023,37.29,39.74793734406988,-0.5744914577131515,0.0,-55.935156346743405,0.1334000024248895,-50.849168604900086,3.810821410139182
2023-09-30,2023,49.6,45.77846746052677,-0.020583153850771446,0.0,-53.64644628507287,0.4760880755220007,-49.14308978933191,4.949966272397583
2023-10-01,2023,174.18,90.54643730362555,1.2751493199135069,0.0,-15.522214486505163,0.42796865116450994,-45.23701880711891,6.440020285309375
2023-10-02,2023,154.64,147.41669154020295,-0.5353621159282362,0.0,-22.11512214572951,-0.014431145158893599,15.715678712011567,11.203395894145421
2023-10-03,2023,199.2,199.39836765504597,-0.3695939880001375,0.0,47.62895742872603,-0.7984753648884473,-0.2871488054722411,10.062096043818308
2023-10-04,2023,126.65,147.33163820378297,-0.8640764583144467,0.0,-25.30225506511966,-1.6446073962206407,25.069515613212282,6.910529169362735
2023-10-05,2023,222.5,209.7725624528228,-0.10322768125501919,0.0,44.70316352533984,-0.052325534263572226,11.37318059208636,10.689239210052802
2023-10-06,2023,158.65,144.8892464616141,0.07855150368005853,0.0,-37.82989762533167,-1.139336152098061,28.16141351308343,12.455982881417532
2023-10-07,2023,174.47,177.4993354535608,-0.5226834215343181,0.0,21.529704938839565,-0.3297175093368847,7.230760704907495,6.428738399822416
2023-10-08,2023,140.21,175.72315228863667,-1.4852265831706812,0.0,22.521650555583086,-2.7568305525847903,13.656541221298403,0.6244853066478118
2023-10-09,2023,167.07,151.8230240853669,-0.24869650613871155,0.0,-37.72966976298827,-0.39307861231924784,34.0889896101761,12.942947015774486
2023-10-10,2023,124.27,129.10749880058677,-1.0131166440467558,0.0,-53.39778608548129,-1.0401616117840493,33.005233175968115,8.390797625068036
2023-10-11,2023,131.91,143.49333770785873,-1.5732806537169086,0.0,-27.9901095381552,-1.6467576902051646,24.317046224107063,7.223907024966234
2023-10-12,2023,117.22,131.8140080595737,-1.5424577835699385,0.0,-36.8948663077826,-1.219970502321022,19.421237810667552,8.887532501717123
2023-10-13,2023,138.11,134.04163660029693,-0.8650068999450649,0.0,-32.160943669789994,-0.6041173529750902,13.534939370602714,10.974232811541778
2023-10-14,2023,197.03,191.41614404831557,-0.5141164602763277,0.0,35.88377532346351,-0.4619017771764738,3.901556114190253,9.444298507252075
2023-10-15,2023,209.04,207.1518275746983,-0.9022470956080585,0.0,46.33849060679435,-1.4353344025231214,12.113265918592546,7.875120206579899
2023-10-16,2023,123.9,139.61516926460428,0.4917210306107545,0.0,-41.694957254131204,-1.5839003232274222,29.217636566744975,10.022136903744531
2023-10-17,2023,230.08,215.71934968961875,0.7142353398572885,0.0,44.96835585076984,0.3342670791033422,16.47594835809988,10.06401072092542
2023-10-18,2023,179.33,189.3300417947588,-0.5369555664829387,0.0,25.647298257326494,-0.2903872236410343,14.896221446949758,6.451332539744224
2023-10-19,2023,172.88,162.58220629730377,0.40859338070494083,0.0,-27.550901920054034,1.0786388319016127,36.122928882671296,9.360414781217358
2023-10-20,2023,180.4,195.56796575507767,0.32552381922169704,0.0,28.230016027874893,-0.43959046214745257,16.762863885503318,7.526620143762649
2023-10-21,2023,210.06,226.25100860704188,0.7775409827245598,0.0,56.64742418557793,-0.29434769149645,17.576210882113994,8.381647907259167
2023-10-22,2023,182.07,175.19797436144597,1.444464227440555,0.0,-27.667675202164748,0.9450900386921547,44.199969874451796,13.113593082163506
2023-10-23,2023,121.64,129.26661731134615,1.3505971656399272,0.0,-57.09873423172243,0.3665854905147703,32.725008117780376,8.760628428270598
2023-10-24,2023,153.94,168.33923417045133,0.5662676933930512,0.0,-24.95461115133077,0.5204542372515684,35.30799854777356,13.736592502501644
2023-10-25,2023,216.04,196.85481892837572,0.6400550584501072,0.0,11.443384590819035,0.3432657900968829,30.195639306040455,11.069941842107003
2023-10-26,2023,172.16,164.76022160761738,2.2082904721233554,0.0,-33.33903147915804,0.5095144259842351,39.986775233949956,12.232140613855147
2023-10-27,2023,188.76,162.58322368634094,2.9364104816855354,0.0,-35.594903220404376,0.7543566655087066,39.271029661639574,12.0537977570488
2023-10-28,2023,177.12,174.33782469328966,1.6219570348900052,0.0,-27.774460456101128,-0.08066006141196377,44.391104001058075,13.017351833992098
2023-10-29,2023,214.59,208.99812083029016,1.064610272509328,0.0,30.873683821227136,0.8272949622793109,23.941861816916777,9.128137616494831
2023-10-30,2023,210.88,207.57261771529258,1.372860563962237,0.0,28.161359189885456,0.127478559200941,25.37537202010361,9.373015041277478
2023-10-31,2023,203.24,214.45900692670924,1.3187779616136046,0.0,42.336070240684975,-0.726278221219369,21.16769354337812,7.200211061389063
2023-11-01,2023,302.24,308.1745006625611,0.9916951071908251,0.0,120.74618757281849,-0.0008639792790394174,37.71389839804412,5.561051222924289
2023-11-02,2023,393.07,372.4333605136734,1.0849786501372616,0.0,156.25044326246467,0.0071836789507598794,61.764199188718635,10.16402339253889
2023-11-03,2023,196.21,208.62247566262536,-0.2892843895064123,0.0,19.242918579544376,-0.6659449502994361,42.32616305228267,4.846091029741796
2023-11-04,2023,298.38,320.3569277508594,-0.011861258973255961,0.0,120.63382587845028,0.64905223340739,51.90984885119042,4.013529705921968
2023-11-05,2023,373.56,363.6448506898201,0.8417176699266271,0.0,150.08851749284204,0.06928641223234443,62.67698305685711,6.805813717098396
2023-11-06,2023,366.24,353.91531402104937,1.1306330224168475,0.0,143.14057026682323,-0.781495953568928,62.20560523672814,5.057469107787021
2023-11-07,2023,347.66,334.5508423792232,1.0486392782359562,0.0,122.66428040458847,1.8292646551253415,57.827304436646926,8.018821263764254
2023-11-08,2023,254.75,227.53424293789647,0.3631016785437714,0.0,23.510763581213904,0.034486521283871474,52.224761586372,8.23859722962069
2023-11-09,2023,200.48,219.87469482498622,0.1863525691824775,0.0,26.503063880742395,-0.3806298106803701,44.352796666114536,6.050579178765016
2023-11-10,2023,227.36,241.58732265421125,0.2637407112234542,0.0,51.214430552116156,-1.9319493825570209,43.221888784327355,5.656679648239017
2023-11-11,2023,359.41,334.7375152263368,1.7902066103156342,0.0,118.71120214138305,4.226218100879599,58.04476471845946,8.802591314435475
2023-11-12,2023,333.74,331.99947655897654,1.3414724311563726,0.0,121.9405493987028,2.7297192621562387,56.36271229223418,6.4624908338636935
2023-11-13,2023,332.92,340.12933962563795,0.42783991176573444,0.0,134.3109369841689,-0.26851952870769114,58.122726192710935,4.373823724836694
2023-11-14,2023,341.35,331.54833447553284,1.6154104283902257,0.0,118.5169195362154,3.0155898445130047,59.00725606529112,6.23062626026017
2023-11-15,2023,318.23,337.24859756767745,0.5748206731922447,0.0,132.1020364182851,-0.20446299698714696,56.89551742414848,4.718153708175752
2023-11-16,2023,334.27,332.2444987551548,1.5682660365648722,0.0,118.87853495102145,2.9389658892518935,58.58788328981199,7.108316247641608
2023-11-17,2023,288.06,276.3806600307686,1.1613128657270484,0.0,64.85136616627032,1.6792350849785986,57.879042404701224,7.6471711682286765
2023-11-18,2023,373.14,364.47187418140874,0.5644123833086554,0.0,148.49105423136302,0.8273201657303337,62.14487530611644,9.281679754026785
2023-11-19,2023,304.92,289.54256472418905,1.6108058003286896,0.0,80.47574747453345,1.9654451598992948,55.43100398629244,6.897029962272844
2023-11-20,2023,239.05,231.7303229164036,0.8824262139913273,0.0,28.043329443471897,0.3413953594298088,51.83813175183059,7.462507806817606
2023-11-21,2023,258.06,241.48133788267242,0.9403119377421225,0.0,38.326543022319505,0.12618953640028013,51.4139059730826,7.511855072265606
2023-11-22,2023,354.5,332.78740188066956,1.765012763318252,0.0,117.37516010885591,4.02315826222748,59.79003747397638,6.671500931427931
2023-11-23,2023,334.19,332.75123493256467,1.4330688188228173,0.0,121.55962070818273,1.9106692419698974,58.141652224279845,6.543691598446368
2023-11-24,2023,257.59,251.5457228336989,1.172932364670412,0.0,47.34662424983242,0.10921404531362369,52.345692391490815,7.408727441529291
2023-11-25,2023,291.02,307.8368559131487,1.0460062159888668,0.0,104.89956329639759,0.9541952795861427,53.78331426659464,3.9912445137188683
2023-11-26,2023,342.92,313.35333542662534,2.3195610812330556,0.0,100.02774227267152,1.1916044363248002,57.16907589792176,9.482819397611273
2023-11-27,2023,257.42,238.61700223880598,1.1985488536677211,0.0,34.6809007071243,0.3784280782412738,51.08171307519152,8.114879183719385
2023-11-28,2023,223.39,230.58978211993153,1.0271944229737118,0.0,31.903935455051347,0.42265556112820146,48.232258501499054,5.84120583841716
2023-11-29,2023,231.85,257.29583264752006,-0.316096558570373,0.0,61.55847826757355,1.295809305659748,48.8908272231407,2.7042820688532845
2023-11-30,2023,389.59,373.50403879603226,0.32200963173930575,0.0,153.924205050144,1.6708276906860315,64.53485880854072,9.88960527405887
2023-12-01,2023,391.44,370.06360844071685,0.4816475969008626,0.0,150.43180495910545,2.029619145234125,63.090284366372764,10.867720032239953
2023-12-02,2023,292.2,278.46153517666045,0.4877062032084545,0.0,62.19143545600325,2.4928651940104043,62.39104525881671,7.7359507237586485
2023-12-03,2023,269.59,274.8192453616523,-0.2917450919264413,0.0,61.078112309289864,2.212154277492904,61.477439211795605,7.180752314137735
2023-12-04,2023,286.68,292.60476392255345,-1.0026656499058633,0.0,90.46979116220497,1.635959166363413,51.62621507145604,6.712931831572941
2023-12-05,2023,271.93,235.2269408165965,0.2104924680625411,0.0,27.578202107290007,1.732038424588157,54.08341362830019,8.460261847493259
2023-12-06,2023,370.3,342.39964765582124,1.0119716157988607,0.0,125.50526559400637,1.9498167021085484,62.76964249098562,8.000418912059303
2023-12-07,2023,296.98,276.8088106125665,0.20267547263956837,0.0,69.69703534291357,1.4590664730262524,55.031472710898726,7.256028272225883
2023-12-08,2023,283.64,284.6356228315642,-0.05378551975137701,0.0,73.29594778892228,1.2092202340723968,59.404512955031805,7.617195032426629
2023-12-09,2023,211.45,219.98086231261018,-0.4814611622762703,0.0,23.18515271654713,0.02703190986420395,47.90137501887857,6.186231488734023
2023-12-10,2023,271.04,269.0725941131566,-0.006309825536786495,0.0,60.726050731256436,1.0871571876777548,56.878889498498935,7.224274180397498
2023-12-11,2023,349.49,344.0067003546145,0.3442729441506072,0.0,137.8862062973044,0.4241895489947582,58.853735327352865,3.3357638959494254
2023-12-12,2023,310.97,311.2027977946427,0.10222063496277708,0.0,109.54428298249128,-0.3771615502312645,54.65847090865208,4.112452477905103
2023-12-13,2023,356.27,339.96201595805627,0.871911901300958,0.0,125.44258115946056,1.009835187790266,60.315741024004765,9.159414344637728
2023-12-14,2023,231.44,253.1812606332544,-0.9594322554914408,0.0,54.50645487562057,-0.8429103080736142,51.88423634245882,5.430379637877175
2023-12-15,2023,291.03,302.9852436479351,-0.9919333994902164,0.0,104.81394331965119,-0.6579613883047168,52.922922050425115,3.7357407247918486
2023-12-16,2023,239.87,229.08225694686095,0.15256234328058174,0.0,24.79429837779725,0.46377429335483905,52.219474970726914,8.289614620838734
2023-12-17,2023,348.44,335.8352427516768,0.7897212084796565,0.0,124.54687325010207,0.08041633972846884,59.995392596037036,7.260307016467879
2023-12-18,2023,298.15,309.114171135696,-0.7397489742966677,0.0,110.62442593150745,-1.1974631639729756,54.1472395717525,3.1171854298434143
2023-12-19,2023,324.03,332.5119710304161,-1.075270891282484,0.0,133.0889101800668,-0.036450744289433235,58.16086553506816,-0.7886153900092755
2023-12-20,2023,342.95,338.27508522284984,-0.3611520600954386,0.0,135.08912162405773,-0.14234405515655088,57.73187659497087,2.795050778212123
2023-12-21,2023,231.05,233.4817624912604,0.0829058489567921,0.0,34.276391040414616,0.1615097714737367,49.18169364631064,6.616729843242581
2023-12-22,2023,319.08,317.8964784923269,-0.32778169347548947,0.0,114.6484068912566,-0.5444494417490462,55.6933920055608,5.2643783898722205
2023-12-23,2023,315.93,325.4821613300428,-0.2985426164542854,0.0,120.11344736726981,-0.33545872657310905,56.08223560405516,6.757947360883261
2023-12-24,2023,213.74,220.3644892109448,-1.1222758602598588,0.0,25.159784748783654,0.24464050266985599,46.985910304466074,5.933897174422574
2023-12-25,2023,308.8,312.2367747638807,-1.1682995227977704,0.0,109.36728324185694,0.022001171316298723,55.592314479809275,5.260943052834114
2023-12-26,2023,251.7,249.08198512648852,-0.21294589503614217,0.0,47.42973653454583,1.2856097710620862,50.48330102057383,6.933751354480351
2023-12-27,2023,279.4,261.34501225634574,0.42060421164844497,0.0,50.656041035825794,1.591162427579008,56.90723570308397,8.6074365373458
2023-12-28,2023,302.3,305.3886432498515,-1.0162219892497215,0.0,101.1003590040628,0.13915155405261348,55.45243852742301,6.55038381270045
2023-12-29,2023,243.92,235.5332674306002,1.0951052271316808,0.0,33.26485340916752,1.0653004708595506,48.708886382885154,8.236589599694108
2023-12-30,2023,337.92,323.6883302559834,0.8373443255741784,0.0,113.12692903079237,1.5478687491065775,58.33144880663903,6.682207003008764
2023-12-31,2023,227.32,252.40907002157456,-0.9070048675913363,0.0,55.815778518561025,0.90783773024505,47.643246617811826,5.7866796816854364
2024-01-01,2024,231.43,267.79620562463526,0.50148627332417,0.0,59.953468886770956,1.3655675208605766,55.771636409263046,7.041514193553068
2024-01-02,2024,307.74,261.81088141016403,-0.19207133598437556,0.0,57.536048982929216,1.1737977793230088,53.037269915857124,7.093303727175982
2024-01-03,2024,231.77,217.40987455515784,-0.21133126819538647,0.0,20.580525750215156,1.380476879824236,45.60361871349327,6.894052138958205
2024-01-04,2024,360.27,347.79086486085225,0.18610445241419932,0.0,133.30382860123055,1.4195729836353128,61.79480501820365,7.924021464506163
2024-01-05,2024,223.45,220.49540311620495,-0.3958065031673264,0.0,22.757523267511242,1.4902184845806443,45.898924824682254,7.5820107017356735
2024-01-06,2024,280.05,306.46106522046693,-0.4929116437162882,0.0,97.57095688706909,1.0919284470115458,55.90798552653041,9.22057366270967
2024-01-07,2024,256.53,229.78842662003245,0.40220640116733575,0.0,29.52425074087007,1.2272891229537146,47.8388866788961,7.633261335283249
2024-01-08,2024,330.14,359.01907738273655,0.7012717876317096,0.0,142.95823692071025,1.4709160995338084,62.06369646739914,8.662423766599893
2024-01-09,2024,267.41,262.6269852158559,-0.22385919461101067,0.0,59.35167718470772,2.061295101670868,50.814369703072494,7.460970080152708
2024-01-10,2024,382.03,356.72684548813277,-0.061608511158693646,0.0,143.43788777876952,1.5067556016299575,62.04998702207696,6.631291255952112
2024-01-11,2024,248.9,262.09649209832185,0.2561203090073988,0.0,57.515778165700084,2.091007009610361,51.66572361076133,7.405330662379471
2024-01-12,2024,290.16,285.0811404448672,-0.23860568247235936,0.0,80.12607531430753,1.45335041465107,54.16381660411864,6.413971453399703
2024-01-13,2024,273.11,224.1639841914488,-0.05590882861509121,0.0,25.453881777706712,1.7282944323169647,47.027373220995635,6.847811248182096
2024-01-14,2024,370.8,363.90415346860834,-0.03698511407941564,0.0,147.01344829147894,1.5319047221402995,62.268122657978076,9.965130570229189
2024-01-15,2024,316.52,312.18413132070543,-0.06660832027316481,0.0,109.25580956807468,0.07502640217530604,54.0210392594431,5.736332070423406
2024-01-16,2024,202.84,211.48623167012673,-0.04813037504833423,0.0,-6.240238198712004,1.0913469658638695,62.21898108993246,11.301739847228117
2024-01-17,2024,218.66,258.15351965530255,-1.3831428331165216,0.0,55.61277484872676,2.0736083252820645,53.6786752319335,5.009071741614367
2024-01-18,2024,238.68,256.7838582342069,-0.8332345099965043,0.0,55.337867348995005,1.6271564168139405,51.784752990451985,5.704783647079513
2024-01-19,2024,237.98,317.0877829901984,-0.043631089999838404,0.0,112.72229480583667,0.2486435110832603,53.296600318524284,7.701343103892013
2024-01-20,2024,267.32,300.2245072286863,-1.0650851468875808,0.0,96.83329695928958,1.029172882154081,53.50584665265618,6.758743540611737
2024-01-21,2024,287.89,264.27874193798795,-0.6223377008860714,0.0,59.85229113048131,1.8329434778929328,52.23367161856544,7.819641071071576
2024-01-22,2024,367.43,323.7236472176859,-1.1418478749753602,0.0,118.7392524660328,0.28352988859715067,57.16358980129982,5.516590595869645
2024-01-23,2024,316.79,313.8854052851195,-0.5019829636731659,0.0,107.58949348431464,0.5078550632303732,56.07985839845273,7.047648961932229
2024-01-24,2024,214.99,221.5025093908609,-0.8627912586507883,0.0,21.73753544395616,1.3566502758168426,50.785919744120896,5.322662844755514
2024-01-25,2024,248.97,261.20801404332417,-0.6550112063975208,0.0,57.344375363182145,1.7372069298239523,52.978083911677096,6.640826704175485
2024-01-26,2024,258.45,219.44246730483792,-0.7280844025522013,0.0,23.06038511237683,1.56899251557891,45.3831160480689,6.995525690503055
2024-01-27,2024,296.36,313.55919756129134,-0.7623201225098781,0.0,112.4511726815953,0.9439627483154049,55.60561096851788,2.1582389445105186
2024-01-28,2024,323.21,324.2664896404383,-1.0296642081442058,0.0,118.03407490838632,0.5123535420546895,57.60179831664402,5.985394740635499
2024-01-29,2024,226.45,240.2768373778463,-0.7020031747274822,0.0,45.5200012400101,1.9208050945080726,48.69729247492488,1.6782094022680132
2024-01-30,2024,284.9,247.36048407374747,-0.5229679437627884,0.0,54.165674667442346,1.9038723867960057,48.917229640652884,-0.26585701824328906
2024-01-31,2024,291.33,310.3832097219783,-0.3895837558802307,0.0,104.56232057533133,2.2532750098934122,55.57899593877203,5.215669612999514
2024-02-01,2024,118.78,175.93038937332588,-0.21284906932962644,0.0,-37.10374580134361,1.485667585444005,64.11315662487807,4.485627692814722
2024-02-02,2024,185.92,159.39085759186676,-1.2434502880399556,0.0,-36.01027100927776,1.398162343367796,48.905536859114456,3.1783473458397298
2024-02-03,2024,162.29,148.92810266065624,-1.0730131513756997,0.0,-40.986630610842475,1.1605617026445019,43.37611408691291,3.2885382924544353
2024-02-04,2024,197.2,208.23053094063195,0.34752157535981554,0.0,29.971760731713537,1.0791769743834312,31.708760179781336,1.9607791385312816
2024-02-05,2024,141.66,137.84903157684673,-0.2527681855757615,0.0,-51.860231912682664,0.8755891539283,41.40995349116074,4.513956689153501
2024-02-06,2024,201.69,198.30366679838136,-0.7966393962719484,0.0,24.134472079934987,0.962372031729591,26.545308261745763,4.295621480380656
2024-02-07,2024,174.75,203.69493669557926,-0.527371088992822,0.0,31.354629310737472,0.9987273818717275,28.736429950700668,-0.030011199600244343
2024-02-08,2024,233.88,190.88526975723394,-0.583210393524582,0.0,26.593070234226666,0.9244842449410209,20.990596887869597,-0.2022035571412597
2024-02-09,2024,188.41,212.79296081567563,-0.5887930668268513,0.0,41.80277272726406,0.08492348418065446,27.302618336541506,1.028906993653805
2024-02-10,2024,157.32,150.98287035580236,-0.15681430808921037,0.0,-35.014565268880375,1.0354160017921359,40.41900369429571,1.537297895821443
2024-02-11,2024,211.01,187.6560173588449,0.2202494390035584,0.0,7.321379002474824,0.38708457042739974,34.25421845605898,2.310553550017756
2024-02-12,2024,160.19,192.23745480634076,0.1753602620785228,0.0,6.771137218329471,0.7802128209842063,36.640469966025165,4.707742198061136
2024-02-13,2024,207.01,205.0971777169437,0.07575467607897213,0.0,28.315226618021462,0.7611184502754054,30.085556596090615,2.6969890356148483
2024-02-14,2024,195.86,198.11263610910672,-0.229592660119012,0.0,24.519981426938067,0.7393475666380988,28.303953322110555,1.6164141126766711
2024-02-15,2024,124.11,137.2489058250036,-0.44484379505990207,0.0,-53.97684866749435,1.258856073915918,42.81589267010358,4.43331720267556
2024-02-16,2024,139.18,152.9305832983936,-0.6293044781685452,0.0,-31.562975768700316,2.1304510302267623,35.237969288036076,4.591910886136778
2024-02-17,2024,123.84,130.66134479291196,-0.8780648881197416,0.0,-56.4350332519138,1.3936775040124842,37.365984195007975,6.05224889306252
2024-02-18,2024,142.4,142.5745289444395,-0.49628741850069585,0.0,-25.97667791530674,1.4554875351561516,20.033954082116637,4.395520320111402
2024-02-19,2024,170.23,189.40582493407294,-0.20695568841851278,0.0,35.2169328260742,0.7687508327615427,14.377493881267892,-3.912929258474809
2024-02-20,2024,216.76,143.20402845099133,-0.4862448322575716,0.0,-27.31287232568586,1.5407486571616582,33.73369421264664,-7.433829601736232
2024-02-21,2024,127.58,129.79961328145941,-0.8583670261839054,0.0,-42.46317567672877,1.3946962292930294,32.31625625660781,-3.7523288423912993
2024-02-22,2024,168.38,138.28238087647853,-0.8618693578918053,0.0,-32.46119325745487,1.0235339585236578,29.50967198312632,-2.090294790687592
2024-02-23,2024,197.0,149.24843012609256,-1.091101078340502,0.0,-30.977950345799563,0.15660542810676656,37.530246291100454,0.4680974901625569
2024-02-24,2024,126.74,126.10327143428029,-0.7019868974392868,0.0,-57.05967832024911,0.02946593815551418,37.18071600919963,3.492222363750906
2024-02-25,2024,190.7,147.3102671481481,-0.44793514595578376,0.0,-28.89708350392407,-1.3398455482015998,31.392338609046956,3.440260396319826
2024-02-26,2024,153.46,144.76932329742377,-1.0320215411197626,0.0,-33.25365122259341,-1.561927812475929,36.381358431187195,1.0730331015630055
2024-02-27,2024,135.5,153.18738143116437,-0.8718570839638125,0.0,-26.66838620421717,-1.0085860068292734,37.90218740832567,0.6714909769860458
2024-02-28,2024,129.61,122.306896276743,-0.9455240083735175,0.0,-50.03075331701303,0.17548137550227677,28.780313461108936,1.1648464246555228
2024-02-29,2024,226.3,198.58197845785944,-0.6861255820814465,0.0,50.37940851804472,-0.3717153012593387,7.2525340870232,-1.1546556047298884
2024-03-01,2024,124.97,135.96563643251204,-1.2130201249314592,0.0,-35.24616714205205,0.503910186217372,33.226295066310875,-4.4679138938952825
2024-03-02,2024,85.88,137.79009890356986,-0.6803792457023659,0.0,-31.344345716087858,1.578245047988283,27.956170349176162,-2.8821238726670444
2024-03-03,2024,116.91,137.02701743388548,-0.8387550994415576,0.0,-28.991870119377456,1.541075576032571,18.3884490171657,3.765585718643796
2024-03-04,2024,67.27,115.30562501769192,-0.11946274826156583,0.0,-43.71424076098747,1.3316061674066624,9.802634944749318,4.842555073922426
2024-03-05,2024,94.06,116.29748980075763,-0.3816972670159707,0.0,-31.944986248930796,1.347910872727871,0.20458501687399355,3.9091450862399806
2024-03-06,2024,96.28,110.87742446666475,-0.23071428244033476,0.0,-46.89041404098986,1.4243705179732264,9.397005990332776,4.014643940926361
2024-03-07,2024,100.68,114.76490182106251,-0.22176102408218945,0.0,-44.07096087861321,0.872419490598899,9.04456843967404,5.978103452622174
2024-03-08,2024,89.35,121.74577663383783,0.03671702351768258,0.0,-25.831983980006587,1.1611655470399063,0.3520570034484205,2.8652886989755757
2024-03-09,2024,97.01,91.11718135851625,-0.1454451468157572,0.0,-55.704269942038394,1.2403560067958916,-2.9375598470023294,5.501567946714016
2024-03-10,2024,74.25,84.24187419342114,0.043958012070959424,0.0,-52.89749997879728,1.611512132752784,-3.8793584822275253,-3.799269831240451
2024-03-11,2024,121.49,101.5892779393714,0.0919725259032766,0.0,-41.91791898939324,0.9969796000040217,0.10305023273445801,-0.8473377707397048
2024-03-12,2024,79.47,100.85817400420689,-0.0612773756488095,0.0,-41.7463383295903,0.975305510716198,0.5145641124476055,-1.986612254580559
2024-03-13,2024,108.21,101.02335013574968,-0.058210248041496604,0.0,-40.24980967738742,0.5943877559257222,-0.8159759752643398,-1.6095740603454909
2024-03-14,2024,122.5,119.18173204350677,-0.11084168106151435,0.0,-21.464122311989556,0.958452302413256,-0.975747535768742,-2.388541070949256
2024-03-15,2024,93.16,101.3153000809598,-0.05957734698058795,0.0,-40.920015466204056,0.19395636340956185,0.89124490162789,-1.9528407117557391
2024-03-16,2024,98.71,84.090940202772,0.02917002661109569,0.0,-53.543723172252626,1.3022197063203425,-3.8490495066685764,-3.0102091921009544
2024-03-17,2024,108.05,93.03085473326149,0.04183671018053228,0.0,-47.90431638824489,1.32611853975634,-1.4665676673989687,-2.1287488018941696
2024-03-18,2024,71.09,94.69506548001159,0.9666019787919062,0.0,-47.06551497963974,1.1242686848030155,-1.075925254828729,-2.4168972899772143
2024-03-19,2024,128.02,105.9896317215926,-0.292161264030651,0.0,-38.38315811399606,0.5772926524127258,1.2119382948138777,-0.2868121884698577
2024-03-20,2024,90.83,96.65537059174716,0.7928679448376375,0.0,-46.23810494912018,1.043802477249757,-0.6057249985613193,-1.5000022235213595
2024-03-21,2024,126.06,117.13470365636769,-0.6566534602054506,0.0,-21.61914013158376,0.6009835189052769,-1.546758651267469,-2.8062599603434166
2024-03-22,2024,102.19,109.58959000258184,-0.8291608242271421,0.0,-25.090196055271186,0.263922263166693,-3.681323328418058,-4.23618439353109
2024-03-23,2024,127.62,142.30524857863335,0.041551375474150276,0.0,25.27472877838598,0.3710655439098097,-17.094829941652407,-9.449799518346701
2024-03-24,2024,109.92,101.20460715184866,0.43447696969909566,0.0,-38.76828364579166,-0.1484060333598241,-1.0384081309398088,-2.4373043486218964
2024-03-25,2024,76.8,91.7743140982995,0.3397527002342086,0.0,-46.94452201752235,0.7199113249383601,-1.621951055976547,-3.881409194236415
2024-03-26,2024,76.51,95.60153633400398,0.08194279297879732,0.0,-41.00281383169049,-0.3255865846876163,-1.6076510810797042,-4.706887302379775
2024-03-27,2024,77.47,90.47163922406781,0.578909292310273,0.0,-47.73443696603362,0.6384544058515123,-2.553653065762114,-3.6201667831605633
2024-03-28,2024,99.23,98.77987114053691,0.9670607538823953,0.0,-41.606984489464246,-0.5208463740359929,0.012352905070994957,-3.2342439957790954
2024-03-29,2024,126.72,105.85995888627414,-0.6179888395012788,0.0,-29.14621703415908,-0.8148925955976208,-2.2527535525048714,-4.470721432825642
2024-03-30,2024,115.34,115.58231340845066,-0.371278636373094,0.0,-20.762611789076722,-0.6947191328437464,-2.144004449694447,-3.607604924423946
2024-03-31,2024,121.81,116.79289455611121,0.7833178213943248,0.0,-20.862668862929358,-0.9155024532054643,-2.746748996289946,-2.6280352937209748
2024-04-01,2024,119.29,112.10277037148113,0.2983635798652362,0.0,-22.66639637490149,-0.305774311567572,-4.603527756004691,-3.7824271067729462
2024-04-02,2024,134.62,143.87161884914383,0.42738224857121426,0.0,28.25374094027178,0.04347240642745068,-17.291168653929148,-10.724340433059984
2024-04-03,2024,131.02,114.84194039544758,0.05220467441793225,0.0,-21.671985211145213,0.02633617456510501,-2.8339223549401096,-3.893225228312809
2024-04-04,2024,107.22,92.7383772723636,0.17787383450087493,0.0,-46.223887844656545,0.2717363974957674,-0.23663871884008447,-4.413238736999101
2024-04-05,2024,117.0,114.96876592519702,1.0011723168993278,0.0,-21.409085403477977,-0.7338461728721036,-3.693076107186659,-3.35893104902808
2024-04-06,2024,66.81,99.82845965155069,0.7562338233035917,0.0,-38.66044461215461,-0.4443428110482737,-1.7596687326265317,-3.225850356785997
2024-04-07,2024,72.56,97.08997470129792,0.8358368126833902,0.0,-39.54982338245597,-0.11391687012157903,-5.838143463181112,-1.4065107364894394
2024-04-08,2024,114.11,103.88585165988454,0.8888765681977682,0.0,-35.43109715747588,-0.2271638491776601,-1.2208804739724815,-3.286415768549694
2024-04-09,2024,120.21,111.58754209993005,0.4957841565335721,0.0,-22.84156812881085,-0.9809622223482304,-4.029901191079039,-4.218342855228048
2024-04-10,2024,90.23,94.78879727521227,0.15336088288282174,0.0,-40.966148953486275,-0.5378518295292194,-2.116868771893685,-4.906226393624222
2024-04-11,2024,116.8,95.4966106377774,0.6063273061016448,0.0,-40.90948363871674,-0.5917665755724594,-2.0173174694906035,-4.753681325407444
2024-04-12,2024,72.99,80.55442228451818,0.26352677020804294,0.0,-51.57191491187796,-0.6768018496867005,-5.795770529097171,-4.82714953589076
2024-04-13,2024,102.45,108.43430723438674,0.22690577565468525,0.0,-24.708904477061516,-1.441559537301945,-3.611593171134767,-5.193073696632351
2024-04-14,2024,83.0,85.92772665146784,0.13673861755650435,0.0,-49.37266076415453,-1.0990212728228155,-3.3409143988478234,-3.5589478711262017
2024-04-15,2024,71.83,78.86136619561972,0.7940595724971057,0.0,-54.01991545556454,-0.38930120367237564,-6.964988982574999,-3.721020075928183
2024-04-16,2024,92.82,107.25774671324864,1.2528471067367222,0.0,-29.84202142724775,-0.7345208339762439,-2.8805129559173537,-3.7005775172093243
2024-04-17,2024,67.83,85.12619592676155,0.5412214178859123,0.0,-48.750755575492434,-0.8143707995404997,-4.868227158255147,-4.144204298698956
2024-04-18,2024,79.98,91.70558300375951,0.614190857874984,0.0,-40.020356710974156,-0.7683614987433869,-5.912935178392615,-5.369486806867932
2024-04-19,2024,127.93,96.73889580095431,0.565697860640922,0.0,-39.286038461310135,-0.670907819467313,-2.037037229599245,-4.995350890172493
2024-04-20,2024,92.26,102.02741343465041,0.7076910222162979,0.0,-34.81901571627488,-0.5027692840979333,-2.6375480990517888,-3.8834768290038046
2024-04-21,2024,79.76,84.1497276507387,0.18586751043358124,0.0,-48.991130512494124,-1.10012063105476,-4.583460229904495,-4.523960827104225
2024-04-22,2024,99.45,84.26898259075683,0.49013391758167885,0.0,-48.016557694012036,-1.1850125344111497,-5.734754528616898,-4.447358910647443
2024-04-23,2024,100.68,97.75812058844322,0.47188187505655105,0.0,-40.77496508060593,-0.5435020180828165,-0.9072708316876215,-3.6505556970997155
2024-04-24,2024,90.0,114.36399461333048,1.2024094588273273,0.0,-22.527572847778504,-1.0579761135702632,-2.1796631908605635,-4.2357350341501405
2024-04-25,2024,113.66,105.66613517454223,1.2157870926791263,0.0,-36.73253270750863,-0.06301803466155229,1.0501872427222851,-2.966820759551358
2024-04-26,2024,108.76,121.01395421145311,0.2565005993355238,0.0,0.9571549244147852,-1.2067576251469785,-11.291660191485654,-10.863815836526989
2024-04-27,2024,71.96,71.25987725737711,0.7511032648089799,0.0,-57.868434156481975,-0.5621120017681593,-9.10998621748314,-5.113225972561136
2024-04-28,2024,100.54,80.47379148581521,0.3955926594294373,0.0,-51.43971255286644,-0.9542826062993652,-5.8761747107691455,-4.814163644541931
2024-04-29,2024,101.82,115.27020585707044,0.7625749578456877,0.0,-21.126241849598205,-1.1736350368764126,-1.329263811177063,-5.025760743986302
2024-04-30,2024,130.22,125.29299370599243,0.3528635394830551,0.0,7.848265416472119,-1.6962710142004307,-13.912989381474645,-10.461407195150048
2024-05-01,2024,118.94,103.22720921797689,0.6186927460941286,0.0,-38.15369251865039,-0.2486757701243077,0.23576202134758217,-2.387409601552648
2024-05-02,2024,122.91,112.60595680959172,0.9977160575286482,0.0,-24.025100612081772,-0.4202873578387602,-2.874104591568291,-4.23479902731061
2024-05-03,2024,103.45,109.47664786059738,0.9760380224793627,0.0,-25.114007169839716,-0.5617445955962852,-4.61902486266059,-4.3671458746478855
2024-05-04,2024,91.71,93.78036464448058,0.3370490275147689,0.0,-41.387738762463165,-0.21728611391833544,-2.1932896151189043,-5.920902232396566
2024-05-05,2024,117.86,108.07269319380839,0.7346225685732897,0.0,-25.725278452629173,-1.4744592955796387,-3.552696787438377,-5.072027179980281
2024-05-06,2024,123.14,111.50186220936992,1.1006781272043542,0.0,-24.192979202962377,-1.3104563998911503,-2.552933422872927,-4.704979232970706
2024-05-07,2024,67.46,75.99121145131029,0.34260742685098844,0.0,-55.472881406062534,-0.47930714065807195,-6.756978580999158,-4.804761188683536
2024-05-08,2024,99.72,97.01222595396369,0.8119955616314442,0.0,-39.83753294068445,-0.27241220871964383,-2.98748769750069,-3.8648691016256476
2024-05-09,2024,129.96,112.97731625992888,0.1804638867255979,0.0,-22.683315013434488,-0.9821204487538806,-1.8303672657096295,-4.869877239761456
2024-05-10,2024,102.86,96.94423736722294,0.8352860105294042,0.0,-37.2986435182387,-0.5347388975241794,-3.5071034813563995,-5.713095087049778
2024-05-11,2024,103.2,80.26802848765163,0.2825570548713889,0.0,-52.94159870987362,-0.9923083020751818,-4.792320670931589,-4.450833225201914
2024-05-12,2024,70.93,98.9543883138561,0.34711732491099917,0.0,-39.16453246295776,-0.5879222367054328,-0.8554508201922513,-3.947355832062318
2024-05-13,2024,122.32,112.94200805085731,0.8924872567856879,0.0,-23.11796355593926,-0.9407932490198492,-3.2768458083433347,-3.7774089334885907
2024-05-14,2024,124.43,103.44454693067189,0.5557197736484562,0.0,-38.196258307307744,-0.7605789794396527,0.5479287530969419,-1.8647966501887823
2024-05-15,2024,110.34,112.19601265032931,0.7048864984118175,0.0,-20.72661864481469,-1.3148757882321065,-3.8372420717848064,-5.792669684113578
2024-05-16,2024,98.74,97.65112129761778,0.39461108346246865,0.0,-40.193374812767416,-0.5002996970718421,-1.608561187619581,-3.603786429248572
2024-05-17,2024,79.68,84.25355789109067,0.007257342988164266,0.0,-47.75497124165665,-1.2184178387594553,-4.889869118980165,-5.052973593364058
2024-05-18,2024,109.92,109.62125450576131,1.329463665680707,0.0,-23.648270013659637,-2.2802782819257903,-3.5385500830708305,-5.4036431221259225
2024-05-19,2024,80.52,109.25702611219413,0.9197603711398695,0.0,-22.751186238382815,-2.5081502611231326,-3.851654714799614,-5.714275385502891
2024-05-20,2024,102.97,113.75920371239563,0.9472032345019167,0.0,-22.90913969281059,-1.9354140259258559,-1.3663631761476895,-4.139614968084721
2024-05-21,2024,110.87,110.88101316097905,0.04274645367991814,0.0,-22.79333658171211,-2.010395095261899,-1.9784612091527993,-5.542072747436746
2024-05-22,2024,110.4,95.68908693435773,0.2411767321288112,0.0,-41.5589947314114,-0.49001285281277135,-1.390428732792422,-4.275185821617272
2024-05-23,2024,132.27,110.46755816242941,0.34353924441743466,0.0,-22.630896161437423,-1.3002531059889106,-3.2094781048273013,-5.897886050597095
2024-05-24,2024,93.67,92.01032377486354,0.5448304532607107,0.0,-43.23100280415677,-0.7654145083359172,-2.1814186292738293,-5.519203077493362
2024-05-25,2024,88.32,102.61382701550194,0.5511457585831986,0.0,-35.082998452038076,-0.8854178039505395,-1.3873825081261912,-3.744052319828882
2024-05-26,2024,82.96,100.22788272826763,0.861055564067959,0.0,-36.29552839542313,-0.7863406415470916,-1.6341832822090256,-5.0796528574834
2024-05-27,2024,86.83,114.60860536600524,1.0802643805339587,0.0,-21.72262828548154,-2.0567173508929906,-1.4913830394562095,-4.3634626795605715
2024-05-28,2024,104.9,80.9483637362377,0.5435753882140879,0.0,-53.532385209079706,-0.910825655877622,-3.847855372413127,-4.466677755468516
2024-05-29,2024,130.22,103.29561753814266,0.559324368270478,0.0,-33.9919507677259,-0.8739070855041049,-1.2891735095411627,-4.271207808219216
2024-05-30,2024,70.15,99.53114907449844,0.6429649338987733,0.0,-35.23431924492925,-0.7911725441336825,-3.142600372566703,-5.106256038633305
2024-05-31,2024,93.47,80.45122457622854,0.9564422786925992,0.0,-52.01375837538519,-1.1590170125288155,-5.890688690226521,-4.604285965186271
2024-06-01,2024,84.78,98.74463193972178,0.47583508023917387,0.0,-35.310784977852045,-0.8043859688535262,-2.5421927003825013,-6.236371834291787
2024-06-02,2024,92.06,109.23503470329064,0.48301724711473504,0.0,-23.17923790224897,-2.550859359166315,-3.4470171064094934,-5.23340051686202
2024-06-03,2024,128.57,112.19114027426873,0.6393939095488886,0.0,-22.59776278411131,-1.7409565475350053,-1.7672478037672232,-5.504818840729265
2024-06-04,2024,103.0,87.94317117596371,1.016275137907526,0.0,-46.72867038467892,-1.100152028905966,-2.843720107130564,-5.563093782091031
2024-06-05,2024,65.76,85.13604981012948,0.2584207492127952,0.0,-47.47117369746655,-1.2447040736424353,-4.061259429892155,-5.5077660789445195
2024-06-06,2024,127.46,112.47673566037128,0.19015807515501934,0.0,-3.7985320635451423,-1.6111225437350865,-17.79617453705647,-7.670125611309478
2024-06-07,2024,94.88,110.68695758070331,0.44763541665829015,0.0,-22.195986770975367,-2.1818547615730406,-3.9221594688091237,-4.6232091754602385
2024-06-08,2024,92.21,98.47907170442919,-0.0002645466449790468,0.0,-38.40246045092354,-1.0122250903546284,-2.0361563287050553,-3.2323542198049036
2024-06-09,2024,100.81,86.61483641229721,0.4322416258796855,0.0,-47.264887446031686,-1.228915429052127,-4.219711945656785,-4.266422733704542
2024-06-10,2024,111.99,113.03803417261881,0.3493418821588242,0.0,-20.144469960433263,-1.9730171531042233,-3.141289494608318,-5.215063442256843
2024-06-11,2024,110.1,111.88975770310196,0.13493667960752725,0.0,-22.020732495904856,-2.1578235667892054,-2.172659377015651,-5.056495877658405
2024-06-12,2024,126.77,98.15323691135602,-0.05334118021755532,0.0,-38.06940175403561,-1.0631478783173807,-1.493802810889802,-4.329601806045864
2024-06-13,2024,75.66,94.42688027182938,-0.25076335687813667,0.0,-41.204899559956196,-0.8000450662252054,-1.9634043983839646,-4.516539687589643
2024-06-14,2024,95.03,98.96955089309604,-0.5433122128452201,0.0,-36.92223569249649,-0.9687692229921332,-0.44409795155345355,-5.314566367878902
2024-06-15,2024,89.07,84.68450169357565,0.2595622212328581,0.0,-47.561215667237306,-1.0280383228711338,-4.622564108194162,-5.525774770217091
2024-06-16,2024,139.69,115.7732495770712,0.35986468152994533,0.0,-19.6264508023893,-1.633555340927665,-1.6252616306306287,-4.863879671373716
2024-06-17,2024,94.07,113.64193209586105,0.11410458201262003,0.0,-24.407065219402476,-1.6730503676335333,1.421484372508143,-4.976073612486193
2024-06-18,2024,79.86,89.1962875779311,0.2565811353882108,0.0,-45.955153718831234,-1.1005309682318238,-1.6076478300596202,-5.559493381197015
2024-06-19,2024,106.28,107.77174650629584,-0.4825203281109892,0.0,-23.768498525101577,-1.7053841305194886,-4.323576675160904,-5.110806175673643
2024-06-20,2024,112.57,87.66649381414346,-0.1244843075341283,0.0,-47.66490876910124,-1.030791671637163,-1.486262847453656,-5.189590930992976
2024-06-21,2024,64.76,113.43992900857147,0.5347179135092148,0.0,-23.63881378315005,-1.9474518827127065,-1.6120299925842887,-3.059025587353379
2024-06-22,2024,74.48,80.32202837778132,0.18342210272152407,0.0,-45.17492107391594,-1.0368650842874487,-13.47432545989962,-3.337814447700303
2024-06-23,2024,115.98,111.7387486593547,-0.7315528823414315,0.0,-22.700431788225455,-0.967283397707034,-2.8667239410214025,-4.157791672212636
2024-06-24,2024,111.15,102.73841357520477,-0.19469472499076163,0.0,-31.39444556159744,-0.8289182924278502,-3.7325564801217626,-4.273503706520256
2024-06-25,2024,84.12,89.83872448540914,0.7223213230809744,0.0,-47.82601847824353,-1.1449270562775846,-1.6422929359735754,-3.4328907080394275
2024-06-26,2024,88.44,98.25039886242232,0.04433361138613002,0.0,-41.957209388002994,-0.7611552651107104,-0.023568847495525347,-2.21453358921735
2024-06-27,2024,93.88,76.08625945248065,-0.1610903907498818,0.0,-59.575967021747516,-0.447408227145914,-5.223672646399371,-1.6681346023389436
2024-06-28,2024,73.64,102.04704268807578,0.2060109684937419,0.0,-40.84311219329233,0.10190802253003034,1.2688131168001364,-1.8491095673184166
2024-06-29,2024,114.41,104.00030222434185,-0.32480492194709487,0.0,-31.27266769971065,-0.0683884941343503,-4.3369666864921665,-3.1594023142367025
2024-06-30,2024,130.24,116.1882900191982,-0.3044181444113963,0.0,-24.409837836350782,0.08588791769229731,0.36928745878281655,-2.7151617173772324
2024-07-01,2024,53.83,95.15641348270724,-0.01953094477503281,0.0,-46.835672965157,0.15850314110402336,-0.7618612461422467,-0.5475568431852543
2024-07-02,2024,49.54,60.64364721445755,-0.36069820254130885,0.0,-57.34076848429129,-0.8661608142624727,-20.71186614924285,-3.2393914760665514
2024-07-03,2024,24.78,63.928847305557525,-0.3335106198109104,0.0,-58.75288155555942,-0.7972938571183684,-21.086045553105432,1.736046550289291
2024-07-04,2024,30.6,41.20175170965162,-0.9440141357607758,0.0,-52.038502732344966,-0.26189225822954154,-48.46376239965106,-0.25260910522409763
2024-07-05,2024,49.2,38.56794247362826,-0.8561806604133799,0.0,-56.06312563703527,-0.2907914123901112,-47.82688927872686,0.44239712133206505
2024-07-06,2024,25.51,39.59224983522382,-0.8082648211833483,0.0,-56.32112613255212,-0.08362934803419794,-47.26014439192622,0.9028821880579261
2024-07-07,2024,52.57,40.694691144164956,-0.45930887001612053,0.0,-54.80974123360673,-0.45761128504236703,-47.65819190068973,0.9170120926578361
2024-07-08,2024,62.66,46.21602324988933,-0.3306476921381056,0.0,-49.57849624075102,0.013311831877203709,-48.46591675255555,1.4152397625945785
2024-07-09,2024,50.66,45.422204864030746,-0.354713734779798,0.0,-49.73592882586015,-0.2275329636582375,-46.2718284772974,-1.150323475235563
2024-07-10,2024,41.4,38.695247396860395,-0.5808774646948831,0.0,-56.99786779639166,-0.4552390096336628,-46.70379823278192,0.27049755950049226
2024-07-11,2024,67.24,53.1055739868107,-0.5722538081666,0.0,-40.833151871918865,-0.3559547809398626,-47.96236728686688,-0.3332306061592872
2024-07-12,2024,30.28,45.18127087293871,-0.5972003967727953,0.0,-55.91682400162519,-0.28323369896047285,-42.829849465491975,1.6458460949267402
2024-07-13,2024,56.81,42.60767677927185,-0.7511299100795782,0.0,-55.784740609476515,-0.11867986995527571,-45.35083378093821,1.450528608858956
2024-07-14,2024,46.02,45.99669728397316,-0.6009981636046894,0.0,-46.52045182874894,-0.07273523946326485,-49.44623545283126,-0.5254143722412595
2024-07-15,2024,27.74,39.38574448179199,-0.6984127221161828,0.0,-56.28344317193399,0.08207427873309889,-47.026344251541396,0.14933800778755382
2024-07-16,2024,29.36,42.980544200653505,-0.6771742255544992,0.0,-51.725166470247665,-0.2281274364626973,-49.19785997434603,1.6463399664021507
2024-07-17,2024,42.57,47.431376982871406,-0.451692753088992,0.0,-49.050991197209974,-0.2722591239940823,-47.4581900170307,1.5019777333328364
2024-07-18,2024,33.9,41.41553256448528,-0.6211214812692685,0.0,-55.16883824830292,0.01875324458905671,-45.463283901431225,-0.5125093899630058
2024-07-19,2024,28.45,41.255392854204935,-0.4833278593366045,0.0,-55.689057225436976,0.19083986868845015,-45.81843336033385,-0.10716091023841576
2024-07-20,2024,61.84,47.81878127896946,-0.40203849345561216,0.0,-46.53643888611375,-0.04124478685157916,-47.50211739331424,-0.8619115021579212
2024-07-21,2024,48.49,49.01330832776362,0.015087204927271919,0.0,-46.482615676358854,0.012867821813335317,-48.77640265165919,1.081839288178526
2024-07-22,2024,54.64,43.9735685522005,-0.48188556154636364,0.0,-53.94211297804351,-0.05315005129473514,-46.60024161749719,1.8884264197196197
2024-07-23,2024,59.89,49.49425896720546,-0.28175273309613874,0.0,-45.30354573678036,0.03128953966710236,-48.90637395304811,0.7921095096002084
2024-07-24,2024,25.12,43.30864987154427,-0.2588572115887788,0.0,-54.45656725691573,-0.3476196430978503,-47.6246499690929,2.8338116113770226
2024-07-25,2024,31.82,39.584235733549555,-0.4402786256642712,0.0,-56.328456507689246,-0.3426682610050367,-48.034550857612956,1.5676576446584654
2024-07-26,2024,55.62,39.82010442988331,-0.40679656514309465,0.0,-56.303282492867595,-0.11964757328144598,-48.89249250862074,2.3797912289338514
2024-07-27,2024,45.81,48.73933345590538,-0.29243008592148995,0.0,-47.600838994350354,-0.13406662924280177,-47.32752633256272,0.9316631571205913
2024-07-28,2024,33.95,41.08183771389557,-0.7471336865885962,0.0,-55.13970529829893,-0.344766468105632,-49.25519640778301,3.4061072338096503
2024-07-29,2024,51.19,38.95185722861348,-0.7116218267930594,0.0,-56.201214982437854,-0.22216077018580874,-47.85645672717169,0.7807791943393005
2024-07-30,2024,42.24,39.84519875342358,-0.7535689593586165,0.0,-55.7314059634566,0.0014117185980455568,-49.52968831387207,2.6959179306506136
2024-07-31,2024,38.75,46.79804553415443,-0.7688503269530059,0.0,-48.49688833327753,0.1316229945968833,-47.88698709414718,0.6566159530726526
2024-08-01,2024,44.98,43.56945334570232,-0.9610981307061275,0.0,-52.332524217826105,-0.14991497793428546,-47.98379333828233,1.8342516695884974
2024-08-02,2024,30.14,43.8393425569805,-0.6518856264918242,0.0,-50.05573868104872,0.12407668602516754,-51.48514413595862,2.7455019735923876
2024-08-03,2024,30.54,39.93898497674356,-0.7769985846242454,0.0,-56.24500162480504,-0.19483950889695978,-48.55004386207976,2.5433362162870834
2024-08-04,2024,58.07,45.832520466603626,1.6342019369285907,0.0,-55.02860945768982,-0.0822992188564687,-47.47794504945474,3.624639914813622
2024-08-05,2024,56.54,76.34957971039016,0.7829395875606389,0.0,-25.676418712943487,-0.12853358542762072,-43.9757026511986,2.184762731536705
2024-08-06,2024,35.5,47.15456186314539,2.3891828542687836,0.0,-55.096543478526755,-0.15042011724490548,-46.24731255228407,3.0971228160700033
2024-08-07,2024,35.12,41.446393884045776,-0.28628952654730844,0.0,-56.33237732796529,-0.1912430867944727,-48.74507645995094,3.8388479444412096
2024-08-08,2024,57.38,45.51716270258508,-0.3714680688576312,0.0,-49.75996630819242,0.18150664659053037,-49.94434359000867,2.2489016821912164
2024-08-09,2024,59.13,47.94349279298961,-0.3795650609510781,0.0,-46.66047587004791,-0.1620432119551703,-49.848425876237734,1.8314704713192125
2024-08-10,2024,25.52,45.0754346873942,-0.026929353902264877,0.0,-53.13310718837912,-0.37676441635160796,-48.267811734354375,3.7175150395191485
2024-08-11,2024,34.61,48.359038172920364,-0.45099682763792714,0.0,-43.81336628191476,-0.8212116536674063,-52.7096104868497,2.9916910821275993
2024-08-12,2024,43.81,41.27762838019473,-0.6485040233943626,0.0,-54.40037784625515,-0.3256975472299381,-50.67461340050367,4.164288856715418
2024-08-13,2024,40.84,41.02954818851533,-0.7169026436471099,0.0,-55.36573133250219,-0.3331116268166534,-50.13012369757621,4.412885148195295
2024-08-14,2024,27.72,41.20985930300215,-0.7046360956822738,0.0,-54.482552727108825,-0.46592252058209693,-49.20139229245628,2.901830597969204
2024-08-15,2024,30.17,37.493128232967706,-0.9150460945473381,0.0,-54.97999391743363,-0.6805164334305707,-51.535364047164606,2.441516384681716
2024-08-16,2024,52.27,40.78969887263456,-0.6968360797354751,0.0,-53.13666752052255,-0.577150357343183,-51.52389246334963,3.561712952722777
2024-08-17,2024,29.71,41.57829851491085,-0.7903486357996177,0.0,-56.3708357591735,-0.17995808933299995,-48.03055588538351,3.78746454373852
2024-08-18,2024,32.31,42.40422324186361,-0.7729985862925839,0.0,-52.30379370876738,-0.3248561451202356,-50.35657715654948,2.999916497731236
2024-08-19,2024,62.39,50.84421296988927,-0.12399306558195577,0.0,-46.75357459079333,-0.041076360086433616,-48.400520967629554,3.0008456131179746
2024-08-20,2024,32.65,40.72134501117045,-0.6274991686733988,0.0,-56.32621410244771,-0.19257139952876715,-49.22038047219135,3.925477813149479
2024-08-21,2024,67.12,52.41287815394507,-0.5007487212612565,0.0,-44.503041634548076,0.16152995414112686,-49.39506691047159,3.487673125222574
2024-08-22,2024,50.98,46.31143401009814,-0.5121069526982154,0.0,-56.30662014166611,-0.11227430394755951,-43.61306258643338,3.6929656539810707
2024-08-23,2024,59.03,40.92052713820945,-0.8085061009569507,0.0,-56.093382721456,-0.14952545254249555,-48.37102558462808,3.1804346569308435
2024-08-24,2024,22.21,39.296924687792256,-0.7430702881533121,0.0,-56.433188437989,-0.1598110780645291,-49.140714433530945,2.611176584667746
2024-08-25,2024,51.05,37.93740760513623,-0.7545360747936023,0.0,-56.63600516950613,-0.4676091466969236,-51.9162163354174,4.549241990687809
2024-08-26,2024,53.9,46.526598792276644,-0.7827178587663558,0.0,-48.55975692792482,-0.17951944283664595,-52.32340188213868,5.209462563080555
2024-08-27,2024,61.74,41.16762778850171,-0.7579803783623014,0.0,-55.212940675145,-0.1151039932605638,-50.150331554473674,4.2414520488805
2024-08-28,2024,25.15,40.507793997345246,-0.6054203362008221,0.0,-56.54900384222238,0.21749209486745516,-50.427425247106825,4.7096189871456104
2024-08-29,2024,41.59,49.06691847631578,-0.5214239289257716,0.0,-46.69010289232213,-0.14986135924620797,-50.949758681907404,4.21553299785474
2024-08-30,2024,46.93,38.90004445502089,-0.8258098092791135,0.0,-56.847258932932604,0.012938324260675108,-51.12752502069592,4.52516755280525
2024-08-31,2024,55.26,40.318378478655994,-0.4129859235554445,0.0,-56.36654704880648,-0.5340751327788769,-49.03520132136605,3.504655564300067
2024-09-01,2024,36.53,47.30821155304614,-0.22039447575051477,0.0,-49.018103538897726,-0.36312510271934373,-49.502445985949095,3.2497483155003155
2024-09-02,2024,32.18,38.65155390470002,-0.6068018609591411,0.0,-57.0867100452053,-0.2445899212139946,-50.853628734607675,4.280752125824036
2024-09-03,2024,31.01,42.135345549545235,-0.3601849590817065,0.0,-54.363904900546174,-0.15988527947308484,-50.645264336805774,4.502052684590032
2024-09-04,2024,29.71,50.39896764870435,-0.3723499794645401,0.0,-48.713878922644575,0.3255849550447201,-48.5420880338254,4.539167288732181
2024-09-05,2024,42.82,43.095416735997325,-0.4160933380530308,0.0,-51.86822736665133,-0.1609697288010438,-50.00740647999949,2.385581308640027
2024-09-06,2024,33.32,38.48631010871181,-0.5876818137767279,0.0,-56.78377153631193,-0.42465092724225423,-50.93228023448646,4.052162279666811
2024-09-07,2024,29.21,38.68058547994583,-0.7034656383475955,0.0,-57.022139524315094,-0.2025469559817607,-50.65076038371954,4.096965641447626
2024-09-08,2024,50.94,75.77362370104802,-0.529432536080886,0.0,-23.652419926573188,-0.20071616188123675,-46.67101209853957,3.664672083260356
2024-09-09,2024,27.56,40.12370940563984,-0.7476566966365841,0.0,-56.299591068041686,-0.4633087188096441,-49.17073903390965,3.6424725821751007
2024-09-10,2024,47.86,77.98982863826345,-0.47511589618768924,0.0,-22.198711539577054,-0.38251385805116356,-47.06398691057973,4.947624501796832
2024-09-11,2024,24.33,47.419016939384555,-0.3466705935614426,0.0,-48.98671615525344,-0.32019334134856225,-50.16085934091636,4.070924029601956
2024-09-12,2024,22.27,41.88311794281066,-0.6868862325720984,0.0,-56.5875284860536,-0.3047824094797841,-49.367520000113444,5.667302730166786
2024-09-13,2024,52.09,49.42571290038668,0.32709069808145264,0.0,-49.789076146108954,-0.27066998939312775,-49.26064052506712,5.256476522012077
2024-09-14,2024,24.81,43.03508031780143,-0.1427000159975746,0.0,-55.89099884644314,-0.2425311007701445,-48.78726240000816,4.936040340158014
2024-09-15,2024,50.66,46.09911801612056,0.3102167141839317,0.0,-53.356587752128824,-0.12820731252731693,-48.92008209499947,5.031246120729264
2024-09-16,2024,23.3,40.39023039442705,-0.6064177956028469,0.0,-56.456637405848376,0.042203573855925644,-50.14036023758658,4.388909918746722
2024-09-17,2024,40.02,42.10423863392073,-0.6911323964347824,0.0,-56.05312239766431,0.04998784100307725,-49.08431734116597,4.720290587319889
2024-09-18,2024,48.33,37.393649400550274,-0.8294743481767184,0.0,-57.76244942066996,-0.22701430484351273,-50.8170513573003,3.8671064906781942
2024-09-19,2024,60.23,39.8471274281748,-0.7251997751233938,0.0,-57.265243513184316,-0.11956174174421207,-50.14461734908251,4.939217466446879
2024-09-20,2024,42.8,48.70435963967669,-0.5564377841597629,0.0,-47.31171590518129,0.1518413538440936,-51.379704037214346,4.637843671525216
2024-09-21,2024,25.77,37.64636561128365,-0.6767653589837671,0.0,-57.80779887405859,-0.2581279278958515,-50.34683632861871,3.573361759977937
2024-09-22,2024,43.48,45.445225195426026,-0.34246796591410067,0.0,-49.346855121713276,-0.4397122433286583,-50.85378212203839,3.2655103075584138
2024-09-23,2024,60.01,39.36287537161052,-0.4218622594508462,0.0,-56.59516653684107,-0.44165859254834017,-50.75385146223855,4.41288188182685
2024-09-24,2024,61.64,49.69243135115532,-0.5368966563386782,0.0,-46.19567681157708,0.007368600905406725,-50.390254800826085,3.6453586781292304
2024-09-25,2024,61.41,45.04591579081298,-0.7065823839445576,0.0,-50.788737211967906,-0.25607834957820097,-50.35676339768506,3.9915447931266366
2024-09-26,2024,30.26,47.95444248179726,-0.5047799040447478,0.0,-48.69623005862329,-0.05174279859320578,-51.19208782405518,5.236750726251771
2024-09-27,2024,23.81,41.14551653313205,-0.902602142694428,0.0,-56.21862417466313,-0.14787860890328416,-48.9638425371349,4.215931655665519
2024-09-28,2024,33.12,37.87803839368333,-0.9739450980852002,0.0,-57.30217378553722,-0.09229894148624812,-51.497391243989014,4.581315121918739
2024-09-29,2024,60.61,43.42755997434016,-0.604080341238577,0.0,-52.082426746505625,0.06192020524188119,-50.93928726186334,3.82890177784349
2024-09-30,2024,30.67,43.46682301662788,-0.5918890056742131,0.0,-52.88751954928483,0.2025240993160785,-50.2475142090345,3.8286893404428226
2024-10-01,2024,138.22,82.38687381837177,-0.025312326709974464,0.0,-17.87016974970272,-0.16190377705965053,-45.94769925493764,3.229426585919385
2024-10-02,2024,124.14,138.74587888055842,-0.6521762900200258,0.0,-22.893651787137944,0.6520054123764036,5.508779481737382,12.96838972274
2024-10-03,2024,206.85,170.453356829379,-0.22964757319222612,0.0,33.54856775250153,-1.42628843324313,-13.539809817962759,8.938002560413098
2024-10-04,2024,131.67,136.97010450933536,-0.18489758427985956,0.0,-49.630056543015705,0.16031698294841693,31.067379084902527,12.394830227917659
2024-10-05,2024,194.57,154.1133434765852,-0.9181160242363824,0.0,-22.753094918033458,0.30900296444372355,23.01437561507862,11.298643498469813
2024-10-06,2024,188.94,172.23454641062276,-0.9779318389807551,0.0,-0.2786470315656149,-0.33519626721401885,20.442920654975897,10.22086855254474
2024-10-07,2024,204.03,186.3843765010898,-0.045724915169671254,0.0,26.756984297939784,-1.5261609681525847,8.032286428238972,10.004459317370817
2024-10-08,2024,165.38,211.93808330200292,-0.28570477735887256,0.0,45.84286722945713,-0.28528647756204223,14.991396417360273,8.512278569243776
2024-10-09,2024,135.25,178.51849583321697,-1.0104942537009753,0.0,-2.0908247465937624,0.2228195573239538,29.21497871347075,9.019484221854615
2024-10-10,2024,171.7,196.60825393248285,-0.206565215690789,0.0,29.121051398673842,-0.22856745539106313,16.644377177634546,8.115425686393857
2024-10-11,2024,113.04,154.06798116963517,-0.5490539711205186,0.0,-36.70605954002595,0.23192581525126876,36.078884765346935,11.849751759320913
2024-10-12,2024,222.96,210.16968080360857,-0.2212188667845506,0.0,47.5653568598096,-0.5496055219184286,10.15337789422729,10.059238097411825
2024-10-13,2024,160.53,177.38426364915384,-0.23649794190326395,0.0,-23.399142811333295,-0.12534110805172752,43.98075103703482,14.001962132544742
2024-10-14,2024,118.37,140.0472662397702,-1.0120423765647615,0.0,-40.85309455419352,0.1406509017588901,30.725552439237227,7.883667488669943
2024-10-15,2024,150.74,160.18701818162668,-1.1686655788962825,0.0,-26.779714625125454,-0.46601920352451354,31.939609061320972,13.499276186989324
2024-10-16,2024,159.17,143.52988963950276,0.7144827367272646,0.0,-48.29922729605134,-0.134844802311136,35.36191688717365,12.725029773101582
2024-10-17,2024,183.5,185.59990250626277,0.8784714568066898,0.0,0.34069491228505033,-0.2311440198026384,26.892013037817563,14.557334778293807
2024-10-18,2024,210.67,198.78324514071144,0.7174319228473746,0.0,27.778622656502083,-0.06585307756008046,17.663152547227444,9.527358750832196
2024-10-19,2024,156.71,156.07549163677083,1.5040103983116881,0.0,-35.99108807747121,-0.01695948959035587,37.44902030427342,9.96797616038477
2024-10-20,2024,124.83,143.53612135504883,1.4767515199603516,0.0,-49.00531402711428,0.0772579889941615,36.83892437052724,10.985969161818966
2024-10-21,2024,134.92,161.5765935175994,2.2403926956026647,0.0,-28.77205480102967,0.11002234686136245,33.08049367282046,11.755207262481923
2024-10-22,2024,179.55,196.804433632242,0.8621233629553255,0.0,32.66297465898578,-0.1140559800189346,9.49299209428417,10.737867155173214
2024-10-23,2024,111.06,149.4799362691523,1.9027856171928672,0.0,-39.03421292667803,0.2788130998173565,32.55162842631293,10.618389711644697
2024-10-24,2024,169.09,188.5932187224657,-0.3305068112819871,0.0,30.726331250167064,-0.303593853586988,3.7047222158368576,11.633733580468204
2024-10-25,2024,139.12,163.0922698959597,0.9236620105118521,0.0,-25.31230732111662,-0.3956024771239891,33.464356809334625,11.249628533491276
2024-10-26,2024,192.47,187.93232842097393,0.11907878581003685,0.0,26.430968196030022,-0.0017481794640318501,6.3075623787157635,11.913934899019331
2024-10-27,2024,220.54,211.52548669745647,1.2821417593697024,0.0,45.81324644933196,-0.45495502203551974,11.868525896770594,9.853995273156963
2024-10-28,2024,217.94,174.0706140445191,1.3773706306304887,0.0,-22.932213637929706,0.29005615097793,36.885534482970904,15.287334077006877
2024-10-29,2024,210.77,199.56601812328455,0.6959882254830343,0.0,27.20603918969876,-0.08205530700858034,18.02319716496926,10.56031650927961
2024-10-30,2024,141.32,146.58913002225074,1.6435447907344767,0.0,-39.38912174929733,0.370162815451204,32.077381545491775,8.724630279008109
2024-10-31,2024,169.82,194.3666046085096,-0.07557426507836196,0.0,29.62764500278779,-0.3016930793938894,18.44471787335493,3.5089767359767277
2024-11-01,2024,324.51,296.00629450000645,0.9603611321846007,0.0,122.12699624644088,0.5519369332775625,22.566131556618103,6.638336290623307
2024-11-02,2024,300.87,228.85726004105058,1.4013625255648372,0.0,50.74151404621709,-1.2235694624477729,28.907437835553925,5.867982755299813
2024-11-03,2024,340.63,344.85385107801415,1.3290302598408246,0.0,140.3387174059752,-1.8175614833393654,55.0503750337493,6.790757520926539
2024-11-04,2024,184.65,218.93727033033522,0.9378772098044666,0.0,25.44637484639329,-0.5698319771278878,43.20307087967114,6.7572470307316355
2024-11-05,2024,301.33,305.9300270602723,1.3164762986979985,0.0,105.6810689968493,0.05620343219020735,48.9413983744928,6.772347617179842
2024-11-06,2024,388.9,359.80217073569713,0.8480933332537338,0.0,151.78809730889566,-0.5463152956624089,55.82272117271569,8.727041875632642
2024-11-07,2024,234.06,184.24663198269337,0.6737907669389906,0.0,-35.67210115398572,-0.038161649430004864,62.7740149195432,13.346556758764917
2024-11-08,2024,274.98,222.84081796323142,0.24705501651808268,0.0,21.757207819264124,-0.28059529142995443,50.055487438664386,7.899130639352518
2024-11-09,2024,345.33,324.2352212400394,1.546490202984766,0.0,114.58581998404075,1.0133822869973463,57.34847001680803,6.578526408345879
2024-11-10,2024,284.94,304.06223437098845,1.3592978209313704,0.0,97.7282205707946,0.43168696533931916,53.43838894967708,7.942107723383474
2024-11-11,2024,308.68,352.979451147004,0.3293638910575689,0.0,139.883846222166,-0.8383730342314356,61.003993929709125,9.438087797439225
2024-11-12,2024,323.34,300.17053202824036,1.5786461782747236,0.0,96.69720637837301,0.9197114834694935,53.78025374105752,4.032181906202595
2024-11-13,2024,310.59,298.4835654408773,1.1407872714038798,0.0,92.79812308786865,0.4428105996895404,52.83006724306459,8.109244897988036
2024-11-14,2024,368.72,351.3357446427623,0.6544591804105229,0.0,141.346225576644,-1.540490360758092,60.116822702637144,7.596195202966329
2024-11-15,2024,282.46,266.90561078183293,1.5943978603205462,0.0,62.03896064510216,-1.8921256598247425,55.40752582960273,6.594319765769347
2024-11-16,2024,391.94,352.09843260531596,0.558294706600569,0.0,143.5112440996767,-1.6069902412177277,58.986975691627414,7.486376007766992
2024-11-17,2024,364.7,338.5520736621491,0.5878706498443954,0.0,133.67629274294413,-1.3467243260155526,55.90962696480685,6.56247528970786
2024-11-18,2024,196.03,238.84892622233997,0.767012216305714,0.0,39.234835318232925,-0.6427180958915991,49.65758551324563,6.6696789295849745
2024-11-19,2024,321.58,343.61343830995554,0.35058749507519266,0.0,136.13310913135956,-1.1806595084723053,56.39424786575158,8.753620985379516
2024-11-20,2024,195.67,221.1659197742921,0.7369235400278219,0.0,21.916589432964397,0.4671165014880182,47.51681757029908,7.365940388650564
2024-11-21,2024,208.92,265.4201455954429,0.597781503197893,0.0,59.72683114332957,-0.31058929913874667,55.80183534896022,6.441754558230888
2024-11-22,2024,374.9,357.04075761673016,0.538923697891432,0.0,148.29477624257495,-1.0137421355292207,59.02461963829452,7.033647832636762
2024-11-23,2024,290.09,324.3086676600056,1.3752715761910546,0.0,116.95433014609937,1.9085466346083055,54.6997303767407,6.208256585504029
2024-11-24,2024,238.79,226.30894971766324,0.40042219315314137,0.0,26.09103804181776,-0.024994390694754245,49.72131415710976,6.958637375414876
2024-11-25,2024,261.12,242.3443118771707,0.07493371097311093,0.0,44.99515458024937,-0.8341517887277974,49.04221951012914,5.903623523684291
2024-11-26,2024,208.32,216.8253425632767,0.047527118203166366,0.0,19.574465229969743,-0.13636149951542254,47.29938177771007,6.877797596046882
2024-11-27,2024,293.98,305.0362544010244,0.38967831354008803,0.0,99.69540306295835,0.939789883154633,53.040308976856195,7.808541823652256
2024-11-28,2024,240.21,248.7749313497239,-0.09336984052587077,0.0,46.704650184577254,-0.09490347093274969,51.24663981868783,7.849382317054566
2024-11-29,2024,212.79,229.558630501442,0.23180186654002286,0.0,30.74737927706426,0.15464686177653975,47.22614349424777,8.036126660951004
2024-11-30,2024,268.1,325.5791496481439,0.35675908487309127,0.0,117.74669991157914,1.167534901464213,56.380162050995885,6.765461358370443
2024-12-01,2024,254.26,265.41617300412355,-0.3191880478151876,0.0,64.24947307705426,0.5729653053042206,51.02743117717838,6.722959151538499
2024-12-02,2024,196.45,213.81366496336054,0.32541545725265153,0.0,14.059527164946976,0.4221413303759124,48.060180596490795,7.783868073432036
2024-12-03,2024,214.23,218.70532345737513,-0.20244771475202988,0.0,24.045472902759634,0.3209254948912451,44.31580924719605,7.063031186417987
2024-12-04,2024,226.1,249.6895964173309,-0.42921163056683304,0.0,56.267488831962815,0.15912013653381696,43.35072851350498,7.178938225033422
2024-12-05,2024,210.63,230.20690417186245,-0.33264299745074616,0.0,39.44920437029478,-0.07964017640352479,41.10629568912362,6.901154945436031
2024-12-06,2024,197.71,235.19789773987392,-0.657640613463545,0.0,45.99197168550044,-0.23760821445014796,40.343951578989,6.5946909624357595
2024-12-07,2024,260.93,234.29353498355903,-0.02898696159456536,0.0,47.51697973160565,-0.27600747663578606,38.13225982414559,5.786757525175503
2024-12-08,2024,290.42,245.3585926245079,-0.3978363181617625,0.0,54.40575353815246,-0.5260560140744852,42.76751165147274,5.9466874262561475
2024-12-09,2024,223.04,220.12673060004306,0.32844488339460637,0.0,23.974514509542544,0.018432072589140727,45.12834380324171,7.5144629904127775
2024-12-10,2024,335.86,314.50018374279136,0.08893720289852755,0.0,112.66021330997351,-1.646506010995237,56.03119479643131,4.2038121036217575
2024-12-11,2024,317.35,293.1094946535144,0.2428555434937768,0.0,93.67862571251959,-1.1604503401455257,53.127725399337585,4.058205997446827
2024-12-12,2024,229.59,241.01655936829474,0.0935425013350514,0.0,43.43483560515652,-0.5261842669823973,48.52463405618579,6.327199131737084
2024-12-13,2024,333.77,323.21090737580477,-0.21169341467055627,0.0,119.99416380616813,-1.1424689484181592,56.815170152207415,4.593203439655294
2024-12-14,2024,313.61,343.22354355848546,-0.37241478008704276,0.0,137.16600110834085,-0.9569417164353315,59.05313380439382,5.171232801411098
2024-12-15,2024,313.99,257.67404945077436,-0.6083061771654652,0.0,57.14051986245929,-0.6017703532276315,52.19243997874348,6.388633799102213
2024-12-16,2024,342.05,314.5192173936673,-0.8332212552869943,0.0,111.20355487400252,-1.5639678405215518,56.71001057686934,5.840308697741775
2024-12-17,2024,240.4,258.79855910526675,-1.0761617326676889,0.0,57.877054512661466,-1.2121987172838722,53.25866032687908,6.788672374815121
2024-12-18,2024,333.15,325.10353733709985,-0.41318170383189184,0.0,119.11296273744018,-0.5923795607269116,58.23125916336564,5.602344359990583
2024-12-19,2024,292.22,305.38724992103255,-0.6688111519577239,0.0,98.95581133771547,-0.26757633457875096,54.777026209404724,9.42826751958614
2024-12-20,2024,366.69,364.89573069437523,-0.12793243738662888,0.0,149.8996352020069,0.09175445418019795,64.23611805470958,7.633623080002417
2024-12-21,2024,229.39,218.02252858733965,0.03242828676955558,0.0,21.49455412658597,-0.13098004713864775,47.31781280265065,6.1461810776096595
2024-12-22,2024,300.49,282.3431392569017,-1.0249533067127528,0.0,79.44306601478624,-0.695213258418824,53.88897986657311,7.568727599812068
2024-12-23,2024,250.22,227.96275129820077,-1.0989468096415627,0.0,32.46209472028014,-0.1965034034399154,46.753891516049904,6.8796829340901375
2024-12-24,2024,272.65,222.14865929063473,-0.4119041551019713,0.0,23.340952189112265,0.27565513357860505,47.42602199006245,8.355401792121027
2024-12-25,2024,232.04,248.15036525822913,0.004804340572113347,0.0,44.72173755138379,0.5845963517517572,51.31870678788433,8.357987885774673
2024-12-26,2024,268.11,259.9361705397955,-0.44569089104990556,0.0,55.918223078394206,0.9259995578565812,54.21936980606096,6.155736647670954
2024-12-27,2024,292.67,257.7644673331629,-0.6659803614636243,0.0,58.28073004843348,-0.20637347298001224,51.58855517563356,5.605003602676902
2024-12-28,2024,232.77,221.15085161680597,0.19194301144555262,0.0,22.33339296429626,0.5113727415349137,47.32388362612204,7.627726932544704
2024-12-29,2024,242.44,256.5981136335032,0.3040310154465579,0.0,49.28121380954486,2.139648689563086,53.60395215867018,8.106735619415737
2024-12-30,2024,368.27,329.38956434082377,0.08990916558178362,0.0,120.85935490311665,1.8379290226501748,58.13108809829322,5.308750810319665
2024-12-31,2024,348.83,357.5691567117787,0.34014321619873,0.0,142.85453180631302,2.2346953885581327,61.68650817829728,7.290745781549191
