trajectory_id,synthetic_date,rejection_reason,pm25,ventilation_index,precipitation,season,generator_seed,generator_version,phase_version
SYNTH_8B_batch_0004_00002,SYNTH-SYNTH_8B_batch_0004_00002-D015,EXTREME_TAIL_PHYSICAL_ENVIRONMENT_INCONSISTENCY: VI (6092.6 > 4500),294.91971497932064,6092.597496838996,0.0,Post-Monsoon,813289766,HP-STG-v1.0.0,Phase 8B v1.0.0
SYNTH_8B_batch_0004_00006,SYNTH-SYNTH_8B_batch_0004_00006-D005,EXTREME_TAIL_PHYSICAL_ENVIRONMENT_INCONSISTENCY: VI (5569.7 > 4500),366.4283211913284,5569.734040345002,0.0,Post-Monsoon,3965342040,HP-STG-v1.0.0,Phase 8B v1.0.0
SYNTH_8B_batch_0004_00006,SYNTH-SYNTH_8B_batch_0004_00006-D006,EXTREME_TAIL_PHYSICAL_ENVIRONMENT_INCONSISTENCY: VI (5837.6 > 4500),277.2184574675701,5837.56836259019,0.0,Post-Monsoon,3965342040,HP-STG-v1.0.0,Phase 8B v1.0.0
SYNTH_8B_batch_0004_00010,SYNTH-SYNTH_8B_batch_0004_00010-D008,EXTREME_TAIL_PHYSICAL_ENVIRONMENT_INCONSISTENCY: VI (7990.5 > 4500),303.57278889132675,7990.474021892217,0.0,Post-Monsoon,42835252,HP-STG-v1.0.0,Phase 8B v1.0.0
SYNTH_8B_batch_0004_00010,SYNTH-SYNTH_8B_batch_0004_00010-D009,EXTREME_TAIL_PHYSICAL_ENVIRONMENT_INCONSISTENCY: VI (4504.5 > 4500),277.52064550725953,4504.543580002139,0.0,Post-Monsoon,42835252,HP-STG-v1.0.0,Phase 8B v1.0.0
SYNTH_8B_batch_0004_00010,SYNTH-SYNTH_8B_batch_0004_00010-D028,EXTREME_TAIL_PHYSICAL_ENVIRONMENT_INCONSISTENCY: VI (5363.0 > 4500),302.3336250335741,5363.019909224262,0.0,Post-Monsoon,42835252,HP-STG-v1.0.0,Phase 8B v1.0.0
SYNTH_8B_batch_0004_00014,SYNTH-SYNTH_8B_batch_0004_00014-D010,EXTREME_TAIL_PHYSICAL_ENVIRONMENT_INCONSISTENCY: VI (8705.1 > 4500),352.4277706726586,8705.062185918938,0.0,Post-Monsoon,2270473029,HP-STG-v1.0.0,Phase 8B v1.0.0
SYNTH_8B_batch_0004_00018,SYNTH-SYNTH_8B_batch_0004_00018-D027,EXTREME_TAIL_PHYSICAL_ENVIRONMENT_INCONSISTENCY: VI (5980.5 > 4500),265.903377471404,5980.5017082682725,0.0,Post-Monsoon,1737505966,HP-STG-v1.0.0,Phase 8B v1.0.0
SYNTH_8B_batch_0004_00022,SYNTH-SYNTH_8B_batch_0004_00022-D004,EXTREME_TAIL_PHYSICAL_ENVIRONMENT_INCONSISTENCY: VI (5111.2 > 4500),354.6931570378444,5111.188575760579,0.0,Post-Monsoon,353778899,HP-STG-v1.0.0,Phase 8B v1.0.0
SYNTH_8B_batch_0004_00022,SYNTH-SYNTH_8B_batch_0004_00022-D013,EXTREME_TAIL_PHYSICAL_ENVIRONMENT_INCONSISTENCY: VI (5207.6 > 4500),288.3379001502562,5207.602473906333,0.0,Post-Monsoon,353778899,HP-STG-v1.0.0,Phase 8B v1.0.0
SYNTH_8B_batch_0004_00030,SYNTH-SYNTH_8B_batch_0004_00030-D029,EXTREME_TAIL_PHYSICAL_ENVIRONMENT_INCONSISTENCY: VI (6962.8 > 4500),389.7951738660569,6962.790193070605,0.0,Post-Monsoon,3038675972,HP-STG-v1.0.0,Phase 8B v1.0.0
SYNTH_8B_batch_0004_00030,SYNTH-SYNTH_8B_batch_0004_00030-D030,EXTREME_TAIL_PHYSICAL_ENVIRONMENT_INCONSISTENCY: VI (7320.3 > 4500),250.79773725689918,7320.338670347752,0.0,Post-Monsoon,3038675972,HP-STG-v1.0.0,Phase 8B v1.0.0
SYNTH_8B_batch_0004_00034,SYNTH-SYNTH_8B_batch_0004_00034-D013,EXTREME_TAIL_PHYSICAL_ENVIRONMENT_INCONSISTENCY: VI (5857.4 > 4500),305.0909460850923,5857.384080361296,0.0,Post-Monsoon,3790002071,HP-STG-v1.0.0,Phase 8B v1.0.0
SYNTH_8B_batch_0004_00034,SYNTH-SYNTH_8B_batch_0004_00034-D016,EXTREME_TAIL_PHYSICAL_ENVIRONMENT_INCONSISTENCY: VI (7638.4 > 4500),352.4231245957903,7638.4134125658975,0.0,Post-Monsoon,3790002071,HP-STG-v1.0.0,Phase 8B v1.0.0
SYNTH_8B_batch_0004_00041,SYNTH-SYNTH_8B_batch_0004_00041-D004,EXTREME_TAIL_PHYSICAL_ENVIRONMENT_INCONSISTENCY: VI (6785.3 > 4500),262.0059710429341,6785.326662641202,0.0,Winter,3519178131,HP-STG-v1.0.0,Phase 8B v1.0.0
SYNTH_8B_batch_0004_00042,SYNTH-SYNTH_8B_batch_0004_00042-D006,EXTREME_TAIL_PHYSICAL_ENVIRONMENT_INCONSISTENCY: VI (6597.5 > 4500),268.0595820554166,6597.450005429451,0.0,Post-Monsoon,2224019803,HP-STG-v1.0.0,Phase 8B v1.0.0
SYNTH_8B_batch_0004_00054,SYNTH-SYNTH_8B_batch_0004_00054-D016,EXTREME_TAIL_PHYSICAL_ENVIRONMENT_INCONSISTENCY: VI (4750.7 > 4500),349.0392509409726,4750.669506942756,0.0,Post-Monsoon,3084231156,HP-STG-v1.0.0,Phase 8B v1.0.0
SYNTH_8B_batch_0004_00054,SYNTH-SYNTH_8B_batch_0004_00054-D017,EXTREME_TAIL_PHYSICAL_ENVIRONMENT_INCONSISTENCY: VI (6522.3 > 4500),267.9591027046687,6522.261561048484,0.0,Post-Monsoon,3084231156,HP-STG-v1.0.0,Phase 8B v1.0.0
SYNTH_8B_batch_0004_00054,SYNTH-SYNTH_8B_batch_0004_00054-D027,EXTREME_TAIL_PHYSICAL_ENVIRONMENT_INCONSISTENCY: VI (4630.5 > 4500),467.4669688483415,4630.50811087133,0.0,Post-Monsoon,3084231156,HP-STG-v1.0.0,Phase 8B v1.0.0
SYNTH_8B_batch_0004_00058,SYNTH-SYNTH_8B_batch_0004_00058-D009,EXTREME_TAIL_PHYSICAL_ENVIRONMENT_INCONSISTENCY: VI (5278.9 > 4500),341.15177164075476,5278.939105723992,0.0,Post-Monsoon,1970389017,HP-STG-v1.0.0,Phase 8B v1.0.0
SYNTH_8B_batch_0004_00058,SYNTH-SYNTH_8B_batch_0004_00058-D010,EXTREME_TAIL_PHYSICAL_ENVIRONMENT_INCONSISTENCY: VI (5033.6 > 4500),265.3758449810068,5033.645721177784,0.0,Post-Monsoon,1970389017,HP-STG-v1.0.0,Phase 8B v1.0.0
SYNTH_8B_batch_0004_00058,SYNTH-SYNTH_8B_batch_0004_00058-D019,EXTREME_TAIL_PHYSICAL_ENVIRONMENT_INCONSISTENCY: VI (7800.9 > 4500),381.485663132869,7800.85895787375,0.0,Post-Monsoon,1970389017,HP-STG-v1.0.0,Phase 8B v1.0.0
SYNTH_8B_batch_0004_00058,SYNTH-SYNTH_8B_batch_0004_00058-D021,EXTREME_TAIL_PHYSICAL_ENVIRONMENT_INCONSISTENCY: VI (5687.9 > 4500),354.73971967110754,5687.860217364515,0.0,Post-Monsoon,1970389017,HP-STG-v1.0.0,Phase 8B v1.0.0
SYNTH_8B_batch_0004_00058,SYNTH-SYNTH_8B_batch_0004_00058-D022,EXTREME_TAIL_PHYSICAL_ENVIRONMENT_INCONSISTENCY: VI (6443.3 > 4500),273.1054090289639,6443.348857203285,0.0,Post-Monsoon,1970389017,HP-STG-v1.0.0,Phase 8B v1.0.0
SYNTH_8B_batch_0004_00062,SYNTH-SYNTH_8B_batch_0004_00062-D002,EXTREME_TAIL_PHYSICAL_ENVIRONMENT_INCONSISTENCY: VI (8630.7 > 4500),271.8216058661557,8630.727504707935,0.0,Post-Monsoon,1414375793,HP-STG-v1.0.0,Phase 8B v1.0.0
SYNTH_8B_batch_0004_00062,SYNTH-SYNTH_8B_batch_0004_00062-D003,EXTREME_TAIL_PHYSICAL_ENVIRONMENT_INCONSISTENCY: VI (5549.5 > 4500),261.06724697608126,5549.4710334640795,0.0,Post-Monsoon,1414375793,HP-STG-v1.0.0,Phase 8B v1.0.0
SYNTH_8B_batch_0004_00062,SYNTH-SYNTH_8B_batch_0004_00062-D016,EXTREME_TAIL_PHYSICAL_ENVIRONMENT_INCONSISTENCY: VI (8552.1 > 4500),258.04910169898153,8552.108448920422,0.0,Post-Monsoon,1414375793,HP-STG-v1.0.0,Phase 8B v1.0.0
SYNTH_8B_batch_0004_00062,SYNTH-SYNTH_8B_batch_0004_00062-D022,EXTREME_TAIL_PHYSICAL_ENVIRONMENT_INCONSISTENCY: VI (5787.4 > 4500),336.1248401585656,5787.403641960814,0.0,Post-Monsoon,1414375793,HP-STG-v1.0.0,Phase 8B v1.0.0
SYNTH_8B_batch_0004_00062,SYNTH-SYNTH_8B_batch_0004_00062-D024,EXTREME_TAIL_PHYSICAL_ENVIRONMENT_INCONSISTENCY: VI (5704.8 > 4500),299.62768498899385,5704.768551646483,0.0,Post-Monsoon,1414375793,HP-STG-v1.0.0,Phase 8B v1.0.0
SYNTH_8B_batch_0004_00062,SYNTH-SYNTH_8B_batch_0004_00062-D026,EXTREME_TAIL_PHYSICAL_ENVIRONMENT_INCONSISTENCY: VI (9007.0 > 4500),299.97623009767074,9007.001017041468,0.0,Post-Monsoon,1414375793,HP-STG-v1.0.0,Phase 8B v1.0.0
SYNTH_8B_batch_0004_00065,SYNTH-SYNTH_8B_batch_0004_00065-D006,EXTREME_TAIL_PHYSICAL_ENVIRONMENT_INCONSISTENCY: VI (9727.6 > 4500),264.10863453560677,9727.593526551605,0.0,Winter,2775695715,HP-STG-v1.0.0,Phase 8B v1.0.0
SYNTH_8B_batch_0004_00066,SYNTH-SYNTH_8B_batch_0004_00066-D007,EXTREME_TAIL_PHYSICAL_ENVIRONMENT_INCONSISTENCY: VI (7283.2 > 4500),342.5309699390125,7283.179131008423,0.0,Post-Monsoon,912534515,HP-STG-v1.0.0,Phase 8B v1.0.0
SYNTH_8B_batch_0004_00066,SYNTH-SYNTH_8B_batch_0004_00066-D011,EXTREME_TAIL_PHYSICAL_ENVIRONMENT_INCONSISTENCY: VI (6661.0 > 4500),392.96722033710114,6661.035321751417,0.0,Post-Monsoon,912534515,HP-STG-v1.0.0,Phase 8B v1.0.0
SYNTH_8B_batch_0004_00066,SYNTH-SYNTH_8B_batch_0004_00066-D012,EXTREME_TAIL_PHYSICAL_ENVIRONMENT_INCONSISTENCY: VI (7105.1 > 4500),274.92808164997746,7105.055937393254,0.0,Post-Monsoon,912534515,HP-STG-v1.0.0,Phase 8B v1.0.0
SYNTH_8B_batch_0004_00070,SYNTH-SYNTH_8B_batch_0004_00070-D004,EXTREME_TAIL_PHYSICAL_ENVIRONMENT_INCONSISTENCY: VI (6249.4 > 4500),398.5957315165366,6249.432311281286,0.0,Post-Monsoon,2551617933,HP-STG-v1.0.0,Phase 8B v1.0.0
SYNTH_8B_batch_0004_00070,SYNTH-SYNTH_8B_batch_0004_00070-D005,EXTREME_TAIL_PHYSICAL_ENVIRONMENT_INCONSISTENCY: VI (6356.1 > 4500),350.55734983605953,6356.101271516521,0.0,Post-Monsoon,2551617933,HP-STG-v1.0.0,Phase 8B v1.0.0
SYNTH_8B_batch_0004_00070,SYNTH-SYNTH_8B_batch_0004_00070-D006,EXTREME_TAIL_PHYSICAL_ENVIRONMENT_INCONSISTENCY: VI (4955.6 > 4500),289.144441701727,4955.552215790919,0.0,Post-Monsoon,2551617933,HP-STG-v1.0.0,Phase 8B v1.0.0
SYNTH_8B_batch_0004_00070,SYNTH-SYNTH_8B_batch_0004_00070-D014,EXTREME_TAIL_PHYSICAL_ENVIRONMENT_INCONSISTENCY: VI (7203.3 > 4500),358.2352694260805,7203.343453721714,0.0,Post-Monsoon,2551617933,HP-STG-v1.0.0,Phase 8B v1.0.0
SYNTH_8B_batch_0004_00070,SYNTH-SYNTH_8B_batch_0004_00070-D015,EXTREME_TAIL_PHYSICAL_ENVIRONMENT_INCONSISTENCY: VI (6280.4 > 4500),307.90992689179444,6280.400443849811,0.0,Post-Monsoon,2551617933,HP-STG-v1.0.0,Phase 8B v1.0.0
SYNTH_8B_batch_0004_00070,SYNTH-SYNTH_8B_batch_0004_00070-D016,EXTREME_TAIL_PHYSICAL_ENVIRONMENT_INCONSISTENCY: VI (6427.3 > 4500),274.5451165394287,6427.270665499479,0.0,Post-Monsoon,2551617933,HP-STG-v1.0.0,Phase 8B v1.0.0
SYNTH_8B_batch_0004_00070,SYNTH-SYNTH_8B_batch_0004_00070-D017,EXTREME_TAIL_PHYSICAL_ENVIRONMENT_INCONSISTENCY: VI (5554.6 > 4500),271.61882987180155,5554.55759727798,0.0,Post-Monsoon,2551617933,HP-STG-v1.0.0,Phase 8B v1.0.0
SYNTH_8B_batch_0004_00074,SYNTH-SYNTH_8B_batch_0004_00074-D004,EXTREME_TAIL_PHYSICAL_ENVIRONMENT_INCONSISTENCY: VI (7690.6 > 4500),284.2446993818271,7690.620293885752,0.0,Post-Monsoon,1440864244,HP-STG-v1.0.0,Phase 8B v1.0.0
SYNTH_8B_batch_0004_00074,SYNTH-SYNTH_8B_batch_0004_00074-D020,EXTREME_TAIL_PHYSICAL_ENVIRONMENT_INCONSISTENCY: VI (6844.6 > 4500),267.7485745866895,6844.602892259213,0.0,Post-Monsoon,1440864244,HP-STG-v1.0.0,Phase 8B v1.0.0
SYNTH_8B_batch_0004_00074,SYNTH-SYNTH_8B_batch_0004_00074-D022,EXTREME_TAIL_PHYSICAL_ENVIRONMENT_INCONSISTENCY: VI (7342.1 > 4500),295.7810553263266,7342.085780057037,0.0,Post-Monsoon,1440864244,HP-STG-v1.0.0,Phase 8B v1.0.0
SYNTH_8B_batch_0004_00082,SYNTH-SYNTH_8B_batch_0004_00082-D020,EXTREME_TAIL_PHYSICAL_ENVIRONMENT_INCONSISTENCY: VI (8039.9 > 4500),356.53795922498864,8039.86766895532,0.0,Post-Monsoon,1915553613,HP-STG-v1.0.0,Phase 8B v1.0.0
SYNTH_8B_batch_0004_00082,SYNTH-SYNTH_8B_batch_0004_00082-D021,EXTREME_TAIL_PHYSICAL_ENVIRONMENT_INCONSISTENCY: VI (6144.3 > 4500),256.2708942556741,6144.290603325594,0.0,Post-Monsoon,1915553613,HP-STG-v1.0.0,Phase 8B v1.0.0
SYNTH_8B_batch_0004_00086,SYNTH-SYNTH_8B_batch_0004_00086-D017,EXTREME_TAIL_PHYSICAL_ENVIRONMENT_INCONSISTENCY: VI (8259.6 > 4500),325.61782972491943,8259.595104899603,0.0,Post-Monsoon,3530788806,HP-STG-v1.0.0,Phase 8B v1.0.0
SYNTH_8B_batch_0004_00086,SYNTH-SYNTH_8B_batch_0004_00086-D018,EXTREME_TAIL_PHYSICAL_ENVIRONMENT_INCONSISTENCY: VI (6292.0 > 4500),252.07069209805374,6291.982943809173,0.0,Post-Monsoon,3530788806,HP-STG-v1.0.0,Phase 8B v1.0.0
SYNTH_8B_batch_0004_00093,SYNTH-SYNTH_8B_batch_0004_00093-D005,EXTREME_TAIL_PHYSICAL_ENVIRONMENT_INCONSISTENCY: VI (6675.0 > 4500),272.80894900943304,6674.981090062143,0.0,Winter,969165729,HP-STG-v1.0.0,Phase 8B v1.0.0
SYNTH_8B_batch_0004_00094,SYNTH-SYNTH_8B_batch_0004_00094-D019,EXTREME_TAIL_PHYSICAL_ENVIRONMENT_INCONSISTENCY: VI (5765.4 > 4500),304.29388116641616,5765.410293165677,0.0,Post-Monsoon,3974362288,HP-STG-v1.0.0,Phase 8B v1.0.0
SYNTH_8B_batch_0004_00097,SYNTH-SYNTH_8B_batch_0004_00097-D004,EXTREME_TAIL_PHYSICAL_ENVIRONMENT_INCONSISTENCY: VI (8529.4 > 4500),266.5183253800876,8529.350511561763,0.0,Winter,4046111534,HP-STG-v1.0.0,Phase 8B v1.0.0
SYNTH_8B_batch_0004_00098,SYNTH-SYNTH_8B_batch_0004_00098-D016,EXTREME_TAIL_PHYSICAL_ENVIRONMENT_INCONSISTENCY: VI (9172.1 > 4500),346.10189511988534,9172.120884415455,0.0,Post-Monsoon,1204848345,HP-STG-v1.0.0,Phase 8B v1.0.0
SYNTH_8B_batch_0004_00101,SYNTH-SYNTH_8B_batch_0004_00101-D009,EXTREME_TAIL_PHYSICAL_ENVIRONMENT_INCONSISTENCY: VI (6705.4 > 4500),270.8634030128754,6705.419743804073,0.0,Winter,4148789498,HP-STG-v1.0.0,Phase 8B v1.0.0
SYNTH_8B_batch_0004_00102,SYNTH-SYNTH_8B_batch_0004_00102-D004,EXTREME_TAIL_PHYSICAL_ENVIRONMENT_INCONSISTENCY: VI (5822.1 > 4500),323.64300029795186,5822.131727099327,0.0,Post-Monsoon,2036789075,HP-STG-v1.0.0,Phase 8B v1.0.0
SYNTH_8B_batch_0004_00106,SYNTH-SYNTH_8B_batch_0004_00106-D004,EXTREME_TAIL_PHYSICAL_ENVIRONMENT_INCONSISTENCY: VI (7132.2 > 4500),279.49619517037274,7132.221225472026,0.0,Post-Monsoon,4108599543,HP-STG-v1.0.0,Phase 8B v1.0.0
SYNTH_8B_batch_0004_00110,SYNTH-SYNTH_8B_batch_0004_00110-D029,EXTREME_TAIL_PHYSICAL_ENVIRONMENT_INCONSISTENCY: VI (7564.4 > 4500),316.6118415188105,7564.354622998558,0.0,Post-Monsoon,2345978065,HP-STG-v1.0.0,Phase 8B v1.0.0
SYNTH_8B_batch_0004_00113,SYNTH-SYNTH_8B_batch_0004_00113-D002,EXTREME_TAIL_PHYSICAL_ENVIRONMENT_INCONSISTENCY: VI (6786.7 > 4500),253.96448449320525,6786.72049281155,0.0,Winter,1344278058,HP-STG-v1.0.0,Phase 8B v1.0.0
SYNTH_8B_batch_0004_00114,SYNTH-SYNTH_8B_batch_0004_00114-D004,EXTREME_TAIL_PHYSICAL_ENVIRONMENT_INCONSISTENCY: VI (4914.5 > 4500),302.97851315176814,4914.508011955949,0.0,Post-Monsoon,1388403986,HP-STG-v1.0.0,Phase 8B v1.0.0
SYNTH_8B_batch_0004_00114,SYNTH-SYNTH_8B_batch_0004_00114-D011,EXTREME_TAIL_PHYSICAL_ENVIRONMENT_INCONSISTENCY: VI (6769.3 > 4500),320.1393515792812,6769.291746881763,0.0,Post-Monsoon,1388403986,HP-STG-v1.0.0,Phase 8B v1.0.0
SYNTH_8B_batch_0004_00114,SYNTH-SYNTH_8B_batch_0004_00114-D013,EXTREME_TAIL_PHYSICAL_ENVIRONMENT_INCONSISTENCY: VI (7260.2 > 4500),305.2620572530942,7260.236338858702,0.0,Post-Monsoon,1388403986,HP-STG-v1.0.0,Phase 8B v1.0.0
SYNTH_8B_batch_0004_00118,SYNTH-SYNTH_8B_batch_0004_00118-D009,EXTREME_TAIL_PHYSICAL_ENVIRONMENT_INCONSISTENCY: VI (7168.7 > 4500),356.2075037781003,7168.656046977026,0.0,Post-Monsoon,2961059840,HP-STG-v1.0.0,Phase 8B v1.0.0
SYNTH_8B_batch_0004_00118,SYNTH-SYNTH_8B_batch_0004_00118-D010,EXTREME_TAIL_PHYSICAL_ENVIRONMENT_INCONSISTENCY: VI (5345.5 > 4500),272.04010569922656,5345.4814286984365,0.0,Post-Monsoon,2961059840,HP-STG-v1.0.0,Phase 8B v1.0.0
SYNTH_8B_batch_0004_00118,SYNTH-SYNTH_8B_batch_0004_00118-D029,EXTREME_TAIL_PHYSICAL_ENVIRONMENT_INCONSISTENCY: VI (6204.5 > 4500),405.96876043200825,6204.497764679691,0.0,Post-Monsoon,2961059840,HP-STG-v1.0.0,Phase 8B v1.0.0
SYNTH_8B_batch_0004_00118,SYNTH-SYNTH_8B_batch_0004_00118-D030,EXTREME_TAIL_PHYSICAL_ENVIRONMENT_INCONSISTENCY: VI (9114.3 > 4500),271.40304132474904,9114.281632897642,0.0,Post-Monsoon,2961059840,HP-STG-v1.0.0,Phase 8B v1.0.0
SYNTH_8B_batch_0004_00126,SYNTH-SYNTH_8B_batch_0004_00126-D004,EXTREME_TAIL_PHYSICAL_ENVIRONMENT_INCONSISTENCY: VI (6134.1 > 4500),319.6095797583505,6134.100946637439,0.0,Post-Monsoon,2877785220,HP-STG-v1.0.0,Phase 8B v1.0.0
SYNTH_8B_batch_0004_00126,SYNTH-SYNTH_8B_batch_0004_00126-D005,EXTREME_TAIL_PHYSICAL_ENVIRONMENT_INCONSISTENCY: VI (7964.1 > 4500),263.0779219463275,7964.144156247379,0.0,Post-Monsoon,2877785220,HP-STG-v1.0.0,Phase 8B v1.0.0
SYNTH_8B_batch_0004_00126,SYNTH-SYNTH_8B_batch_0004_00126-D012,EXTREME_TAIL_PHYSICAL_ENVIRONMENT_INCONSISTENCY: VI (6313.8 > 4500),404.67078281577085,6313.799223248143,0.0,Post-Monsoon,2877785220,HP-STG-v1.0.0,Phase 8B v1.0.0
SYNTH_8B_batch_0004_00126,SYNTH-SYNTH_8B_batch_0004_00126-D013,EXTREME_TAIL_PHYSICAL_ENVIRONMENT_INCONSISTENCY: VI (5347.1 > 4500),326.3186146463396,5347.102630115384,0.0,Post-Monsoon,2877785220,HP-STG-v1.0.0,Phase 8B v1.0.0
SYNTH_8B_batch_0004_00126,SYNTH-SYNTH_8B_batch_0004_00126-D014,EXTREME_TAIL_PHYSICAL_ENVIRONMENT_INCONSISTENCY: VI (5272.1 > 4500),279.591912339456,5272.147430494281,0.0,Post-Monsoon,2877785220,HP-STG-v1.0.0,Phase 8B v1.0.0
SYNTH_8B_batch_0004_00126,SYNTH-SYNTH_8B_batch_0004_00126-D023,EXTREME_TAIL_PHYSICAL_ENVIRONMENT_INCONSISTENCY: VI (7622.7 > 4500),330.5223205544923,7622.66203102389,0.0,Post-Monsoon,2877785220,HP-STG-v1.0.0,Phase 8B v1.0.0
SYNTH_8B_batch_0004_00130,SYNTH-SYNTH_8B_batch_0004_00130-D010,EXTREME_TAIL_PHYSICAL_ENVIRONMENT_INCONSISTENCY: VI (6631.9 > 4500),272.92108098221496,6631.905837603709,0.0,Post-Monsoon,3170670944,HP-STG-v1.0.0,Phase 8B v1.0.0
SYNTH_8B_batch_0004_00133,SYNTH-SYNTH_8B_batch_0004_00133-D002,EXTREME_TAIL_PHYSICAL_ENVIRONMENT_INCONSISTENCY: VI (7553.1 > 4500),301.1108037440537,7553.064549775469,0.0,Winter,4127490352,HP-STG-v1.0.0,Phase 8B v1.0.0
SYNTH_8B_batch_0004_00134,SYNTH-SYNTH_8B_batch_0004_00134-D023,EXTREME_TAIL_PHYSICAL_ENVIRONMENT_INCONSISTENCY: VI (7475.0 > 4500),361.966579722237,7475.043831991634,0.0,Post-Monsoon,2858815663,HP-STG-v1.0.0,Phase 8B v1.0.0
SYNTH_8B_batch_0004_00134,SYNTH-SYNTH_8B_batch_0004_00134-D024,EXTREME_TAIL_PHYSICAL_ENVIRONMENT_INCONSISTENCY: VI (6981.3 > 4500),295.2830286494773,6981.27618586957,0.0,Post-Monsoon,2858815663,HP-STG-v1.0.0,Phase 8B v1.0.0
SYNTH_8B_batch_0004_00134,SYNTH-SYNTH_8B_batch_0004_00134-D029,EXTREME_TAIL_PHYSICAL_ENVIRONMENT_INCONSISTENCY: VI (6518.4 > 4500),326.4117111363055,6518.407481736957,0.0,Post-Monsoon,2858815663,HP-STG-v1.0.0,Phase 8B v1.0.0
SYNTH_8B_batch_0004_00138,SYNTH-SYNTH_8B_batch_0004_00138-D013,EXTREME_TAIL_PHYSICAL_ENVIRONMENT_INCONSISTENCY: VI (4937.2 > 4500),348.56449851801665,4937.179547004519,0.0,Post-Monsoon,415031203,HP-STG-v1.0.0,Phase 8B v1.0.0
SYNTH_8B_batch_0004_00138,SYNTH-SYNTH_8B_batch_0004_00138-D026,EXTREME_TAIL_PHYSICAL_ENVIRONMENT_INCONSISTENCY: VI (5810.8 > 4500),289.15153288620377,5810.831301315162,0.0,Post-Monsoon,415031203,HP-STG-v1.0.0,Phase 8B v1.0.0
SYNTH_8B_batch_0004_00142,SYNTH-SYNTH_8B_batch_0004_00142-D007,EXTREME_TAIL_PHYSICAL_ENVIRONMENT_INCONSISTENCY: VI (7010.3 > 4500),251.96244221570026,7010.292809111817,0.0,Post-Monsoon,1570217587,HP-STG-v1.0.0,Phase 8B v1.0.0
SYNTH_8B_batch_0004_00146,SYNTH-SYNTH_8B_batch_0004_00146-D004,EXTREME_TAIL_PHYSICAL_ENVIRONMENT_INCONSISTENCY: VI (6958.7 > 4500),378.03366996688953,6958.659930862615,0.0,Post-Monsoon,2168833970,HP-STG-v1.0.0,Phase 8B v1.0.0
SYNTH_8B_batch_0004_00146,SYNTH-SYNTH_8B_batch_0004_00146-D005,EXTREME_TAIL_PHYSICAL_ENVIRONMENT_INCONSISTENCY: VI (5896.0 > 4500),320.6391260209089,5896.046615290558,0.0,Post-Monsoon,2168833970,HP-STG-v1.0.0,Phase 8B v1.0.0
SYNTH_8B_batch_0004_00146,SYNTH-SYNTH_8B_batch_0004_00146-D006,EXTREME_TAIL_PHYSICAL_ENVIRONMENT_INCONSISTENCY: VI (4971.2 > 4500),277.787927181393,4971.21788816802,0.0,Post-Monsoon,2168833970,HP-STG-v1.0.0,Phase 8B v1.0.0
SYNTH_8B_batch_0004_00146,SYNTH-SYNTH_8B_batch_0004_00146-D021,EXTREME_TAIL_PHYSICAL_ENVIRONMENT_INCONSISTENCY: VI (6459.9 > 4500),274.5238602774265,6459.86527392741,0.0,Post-Monsoon,2168833970,HP-STG-v1.0.0,Phase 8B v1.0.0
SYNTH_8B_batch_0004_00149,SYNTH-SYNTH_8B_batch_0004_00149-D003,EXTREME_TAIL_PHYSICAL_ENVIRONMENT_INCONSISTENCY: VI (9518.6 > 4500),261.3621019624597,9518.596613351941,0.0,Winter,3276799140,HP-STG-v1.0.0,Phase 8B v1.0.0
SYNTH_8B_batch_0004_00150,SYNTH-SYNTH_8B_batch_0004_00150-D004,EXTREME_TAIL_PHYSICAL_ENVIRONMENT_INCONSISTENCY: VI (6303.9 > 4500),259.1603800038712,6303.93201390328,0.0,Post-Monsoon,4017280391,HP-STG-v1.0.0,Phase 8B v1.0.0
SYNTH_8B_batch_0004_00150,SYNTH-SYNTH_8B_batch_0004_00150-D009,EXTREME_TAIL_PHYSICAL_ENVIRONMENT_INCONSISTENCY: VI (6155.2 > 4500),307.42645758874386,6155.207101019709,0.0,Post-Monsoon,4017280391,HP-STG-v1.0.0,Phase 8B v1.0.0
SYNTH_8B_batch_0004_00150,SYNTH-SYNTH_8B_batch_0004_00150-D010,EXTREME_TAIL_PHYSICAL_ENVIRONMENT_INCONSISTENCY: VI (6048.7 > 4500),259.4489530441696,6048.725116827882,0.0,Post-Monsoon,4017280391,HP-STG-v1.0.0,Phase 8B v1.0.0
SYNTH_8B_batch_0004_00150,SYNTH-SYNTH_8B_batch_0004_00150-D020,EXTREME_TAIL_PHYSICAL_ENVIRONMENT_INCONSISTENCY: VI (5249.8 > 4500),330.3957172353175,5249.776655267705,0.0,Post-Monsoon,4017280391,HP-STG-v1.0.0,Phase 8B v1.0.0
SYNTH_8B_batch_0004_00154,SYNTH-SYNTH_8B_batch_0004_00154-D013,EXTREME_TAIL_PHYSICAL_ENVIRONMENT_INCONSISTENCY: VI (6230.5 > 4500),275.91144021170953,6230.526713075173,0.0,Post-Monsoon,148834445,HP-STG-v1.0.0,Phase 8B v1.0.0
SYNTH_8B_batch_0004_00158,SYNTH-SYNTH_8B_batch_0004_00158-D003,EXTREME_TAIL_PHYSICAL_ENVIRONMENT_INCONSISTENCY: VI (7247.4 > 4500),334.99472091453237,7247.353701705097,0.0,Post-Monsoon,1841219309,HP-STG-v1.0.0,Phase 8B v1.0.0
SYNTH_8B_batch_0004_00158,SYNTH-SYNTH_8B_batch_0004_00158-D004,EXTREME_TAIL_PHYSICAL_ENVIRONMENT_INCONSISTENCY: VI (6422.6 > 4500),256.5835421949015,6422.582956689185,0.0,Post-Monsoon,1841219309,HP-STG-v1.0.0,Phase 8B v1.0.0
SYNTH_8B_batch_0004_00165,SYNTH-SYNTH_8B_batch_0004_00165-D002,EXTREME_TAIL_PHYSICAL_ENVIRONMENT_INCONSISTENCY: VI (5399.6 > 4500),283.70566079192946,5399.601792791001,0.0,Winter,1321603384,HP-STG-v1.0.0,Phase 8B v1.0.0
SYNTH_8B_batch_0004_00166,SYNTH-SYNTH_8B_batch_0004_00166-D002,EXTREME_TAIL_PHYSICAL_ENVIRONMENT_INCONSISTENCY: VI (6547.4 > 4500),337.42526492330137,6547.392789892582,0.0,Post-Monsoon,995042123,HP-STG-v1.0.0,Phase 8B v1.0.0
SYNTH_8B_batch_0004_00166,SYNTH-SYNTH_8B_batch_0004_00166-D004,EXTREME_TAIL_PHYSICAL_ENVIRONMENT_INCONSISTENCY: VI (7725.4 > 4500),260.2473279529111,7725.367055898257,0.0,Post-Monsoon,995042123,HP-STG-v1.0.0,Phase 8B v1.0.0
SYNTH_8B_batch_0004_00170,SYNTH-SYNTH_8B_batch_0004_00170-D017,EXTREME_TAIL_PHYSICAL_ENVIRONMENT_INCONSISTENCY: VI (5063.0 > 4500),315.2571442626832,5062.951057905005,0.0,Post-Monsoon,3420631798,HP-STG-v1.0.0,Phase 8B v1.0.0
SYNTH_8B_batch_0004_00170,SYNTH-SYNTH_8B_batch_0004_00170-D020,EXTREME_TAIL_PHYSICAL_ENVIRONMENT_INCONSISTENCY: VI (5638.5 > 4500),323.3449129756651,5638.476815608527,0.0,Post-Monsoon,3420631798,HP-STG-v1.0.0,Phase 8B v1.0.0
SYNTH_8B_batch_0004_00170,SYNTH-SYNTH_8B_batch_0004_00170-D021,EXTREME_TAIL_PHYSICAL_ENVIRONMENT_INCONSISTENCY: VI (6365.8 > 4500),256.8547885186526,6365.769012357925,0.0,Post-Monsoon,3420631798,HP-STG-v1.0.0,Phase 8B v1.0.0
SYNTH_8B_batch_0004_00174,SYNTH-SYNTH_8B_batch_0004_00174-D008,EXTREME_TAIL_PHYSICAL_ENVIRONMENT_INCONSISTENCY: VI (7168.2 > 4500),281.7696648967979,7168.168353034106,0.0,Post-Monsoon,944454004,HP-STG-v1.0.0,Phase 8B v1.0.0
SYNTH_8B_batch_0004_00174,SYNTH-SYNTH_8B_batch_0004_00174-D011,EXTREME_TAIL_PHYSICAL_ENVIRONMENT_INCONSISTENCY: VI (5486.1 > 4500),252.85303581757933,5486.09675140449,0.0,Post-Monsoon,944454004,HP-STG-v1.0.0,Phase 8B v1.0.0
SYNTH_8B_batch_0004_00174,SYNTH-SYNTH_8B_batch_0004_00174-D016,EXTREME_TAIL_PHYSICAL_ENVIRONMENT_INCONSISTENCY: VI (5230.3 > 4500),287.02601479597746,5230.304267928872,0.0,Post-Monsoon,944454004,HP-STG-v1.0.0,Phase 8B v1.0.0
SYNTH_8B_batch_0004_00177,SYNTH-SYNTH_8B_batch_0004_00177-D006,EXTREME_TAIL_PHYSICAL_ENVIRONMENT_INCONSISTENCY: VI (5658.9 > 4500),275.3443313072706,5658.881589565121,0.0,Winter,4110873667,HP-STG-v1.0.0,Phase 8B v1.0.0
SYNTH_8B_batch_0004_00178,SYNTH-SYNTH_8B_batch_0004_00178-D006,EXTREME_TAIL_PHYSICAL_ENVIRONMENT_INCONSISTENCY: VI (6501.4 > 4500),391.70102241626705,6501.356221986527,0.0,Post-Monsoon,261389362,HP-STG-v1.0.0,Phase 8B v1.0.0
SYNTH_8B_batch_0004_00178,SYNTH-SYNTH_8B_batch_0004_00178-D007,EXTREME_TAIL_PHYSICAL_ENVIRONMENT_INCONSISTENCY: VI (8248.2 > 4500),300.85427836490015,8248.23557454562,0.0,Post-Monsoon,261389362,HP-STG-v1.0.0,Phase 8B v1.0.0
SYNTH_8B_batch_0004_00182,SYNTH-SYNTH_8B_batch_0004_00182-D022,EXTREME_TAIL_PHYSICAL_ENVIRONMENT_INCONSISTENCY: VI (5018.5 > 4500),261.5265587880163,5018.548945308764,0.0,Post-Monsoon,929048171,HP-STG-v1.0.0,Phase 8B v1.0.0
SYNTH_8B_batch_0004_00189,SYNTH-SYNTH_8B_batch_0004_00189-D003,EXTREME_TAIL_PHYSICAL_ENVIRONMENT_INCONSISTENCY: VI (8762.1 > 4500),281.1939980580873,8762.14548101926,0.0,Winter,3831915678,HP-STG-v1.0.0,Phase 8B v1.0.0
SYNTH_8B_batch_0004_00189,SYNTH-SYNTH_8B_batch_0004_00189-D011,EXTREME_TAIL_PHYSICAL_ENVIRONMENT_INCONSISTENCY: VI (7930.1 > 4500),268.0580463585592,7930.058542336875,0.0,Winter,3831915678,HP-STG-v1.0.0,Phase 8B v1.0.0
SYNTH_8B_batch_0004_00190,SYNTH-SYNTH_8B_batch_0004_00190-D008,EXTREME_TAIL_PHYSICAL_ENVIRONMENT_INCONSISTENCY: VI (7427.0 > 4500),264.4823909296724,7427.029598677173,0.0,Post-Monsoon,9043616,HP-STG-v1.0.0,Phase 8B v1.0.0
SYNTH_8B_batch_0004_00190,SYNTH-SYNTH_8B_batch_0004_00190-D021,EXTREME_TAIL_PHYSICAL_ENVIRONMENT_INCONSISTENCY: VI (6395.7 > 4500),330.28086372990873,6395.657603523805,0.0,Post-Monsoon,9043616,HP-STG-v1.0.0,Phase 8B v1.0.0
SYNTH_8B_batch_0004_00190,SYNTH-SYNTH_8B_batch_0004_00190-D022,EXTREME_TAIL_PHYSICAL_ENVIRONMENT_INCONSISTENCY: VI (7788.1 > 4500),268.99990918162814,7788.074069858501,0.0,Post-Monsoon,9043616,HP-STG-v1.0.0,Phase 8B v1.0.0
SYNTH_8B_batch_0004_00197,SYNTH-SYNTH_8B_batch_0004_00197-D003,EXTREME_TAIL_PHYSICAL_ENVIRONMENT_INCONSISTENCY: VI (6369.8 > 4500),274.8345093610499,6369.805752775649,0.0,Winter,2836326585,HP-STG-v1.0.0,Phase 8B v1.0.0
SYNTH_8B_batch_0004_00198,SYNTH-SYNTH_8B_batch_0004_00198-D029,EXTREME_TAIL_PHYSICAL_ENVIRONMENT_INCONSISTENCY: VI (5548.3 > 4500),349.4013822562027,5548.312798579967,0.0,Post-Monsoon,116898114,HP-STG-v1.0.0,Phase 8B v1.0.0
SYNTH_8B_batch_0004_00198,SYNTH-SYNTH_8B_batch_0004_00198-D030,EXTREME_TAIL_PHYSICAL_ENVIRONMENT_INCONSISTENCY: VI (4810.7 > 4500),278.62048511971784,4810.66762242588,0.0,Post-Monsoon,116898114,HP-STG-v1.0.0,Phase 8B v1.0.0
SYNTH_8B_batch_0004_00202,SYNTH-SYNTH_8B_batch_0004_00202-D005,EXTREME_TAIL_PHYSICAL_ENVIRONMENT_INCONSISTENCY: VI (5104.4 > 4500),389.4839940219907,5104.426410485272,0.0,Post-Monsoon,3644092639,HP-STG-v1.0.0,Phase 8B v1.0.0
SYNTH_8B_batch_0004_00202,SYNTH-SYNTH_8B_batch_0004_00202-D006,EXTREME_TAIL_PHYSICAL_ENVIRONMENT_INCONSISTENCY: VI (8076.4 > 4500),322.8560601849806,8076.392175858704,0.0,Post-Monsoon,3644092639,HP-STG-v1.0.0,Phase 8B v1.0.0
SYNTH_8B_batch_0004_00202,SYNTH-SYNTH_8B_batch_0004_00202-D010,EXTREME_TAIL_PHYSICAL_ENVIRONMENT_INCONSISTENCY: VI (7227.4 > 4500),323.4744683817182,7227.446298892163,0.0,Post-Monsoon,3644092639,HP-STG-v1.0.0,Phase 8B v1.0.0
SYNTH_8B_batch_0004_00202,SYNTH-SYNTH_8B_batch_0004_00202-D011,EXTREME_TAIL_PHYSICAL_ENVIRONMENT_INCONSISTENCY: VI (5770.0 > 4500),278.77786960426045,5770.040739611808,0.0,Post-Monsoon,3644092639,HP-STG-v1.0.0,Phase 8B v1.0.0
SYNTH_8B_batch_0004_00202,SYNTH-SYNTH_8B_batch_0004_00202-D018,EXTREME_TAIL_PHYSICAL_ENVIRONMENT_INCONSISTENCY: VI (6175.1 > 4500),297.89529582293216,6175.118536945139,0.0,Post-Monsoon,3644092639,HP-STG-v1.0.0,Phase 8B v1.0.0
SYNTH_8B_batch_0004_00202,SYNTH-SYNTH_8B_batch_0004_00202-D024,EXTREME_TAIL_PHYSICAL_ENVIRONMENT_INCONSISTENCY: VI (6098.1 > 4500),319.5048820944198,6098.0805476276,0.0,Post-Monsoon,3644092639,HP-STG-v1.0.0,Phase 8B v1.0.0
SYNTH_8B_batch_0004_00206,SYNTH-SYNTH_8B_batch_0004_00206-D025,EXTREME_TAIL_PHYSICAL_ENVIRONMENT_INCONSISTENCY: VI (6882.9 > 4500),256.98237902033947,6882.90587946644,0.0,Post-Monsoon,1408500279,HP-STG-v1.0.0,Phase 8B v1.0.0
SYNTH_8B_batch_0004_00218,SYNTH-SYNTH_8B_batch_0004_00218-D018,EXTREME_TAIL_PHYSICAL_ENVIRONMENT_INCONSISTENCY: VI (7699.9 > 4500),298.95601678833077,7699.903439621111,0.0,Post-Monsoon,2058846033,HP-STG-v1.0.0,Phase 8B v1.0.0
SYNTH_8B_batch_0004_00222,SYNTH-SYNTH_8B_batch_0004_00222-D002,EXTREME_TAIL_PHYSICAL_ENVIRONMENT_INCONSISTENCY: VI (4960.6 > 4500),280.78261845773017,4960.563453708142,0.0,Post-Monsoon,4013833198,HP-STG-v1.0.0,Phase 8B v1.0.0
SYNTH_8B_batch_0004_00222,SYNTH-SYNTH_8B_batch_0004_00222-D024,EXTREME_TAIL_PHYSICAL_ENVIRONMENT_INCONSISTENCY: VI (6529.4 > 4500),276.3455352345723,6529.398955104783,0.0,Post-Monsoon,4013833198,HP-STG-v1.0.0,Phase 8B v1.0.0
SYNTH_8B_batch_0004_00229,SYNTH-SYNTH_8B_batch_0004_00229-D006,EXTREME_TAIL_PHYSICAL_ENVIRONMENT_INCONSISTENCY: VI (8254.3 > 4500),285.8765433407635,8254.28700072856,0.0,Winter,3405796765,HP-STG-v1.0.0,Phase 8B v1.0.0
SYNTH_8B_batch_0004_00230,SYNTH-SYNTH_8B_batch_0004_00230-D002,EXTREME_TAIL_PHYSICAL_ENVIRONMENT_INCONSISTENCY: VI (6679.9 > 4500),301.8211906763599,6679.860613211302,0.0,Post-Monsoon,2538674728,HP-STG-v1.0.0,Phase 8B v1.0.0
SYNTH_8B_batch_0004_00230,SYNTH-SYNTH_8B_batch_0004_00230-D017,EXTREME_TAIL_PHYSICAL_ENVIRONMENT_INCONSISTENCY: VI (10270.8 > 4500),261.5120021711248,10270.781645425941,0.0,Post-Monsoon,2538674728,HP-STG-v1.0.0,Phase 8B v1.0.0
SYNTH_8B_batch_0004_00230,SYNTH-SYNTH_8B_batch_0004_00230-D023,EXTREME_TAIL_PHYSICAL_ENVIRONMENT_INCONSISTENCY: VI (6403.2 > 4500),263.70061091679895,6403.155491444407,0.0,Post-Monsoon,2538674728,HP-STG-v1.0.0,Phase 8B v1.0.0
SYNTH_8B_batch_0004_00234,SYNTH-SYNTH_8B_batch_0004_00234-D029,EXTREME_TAIL_PHYSICAL_ENVIRONMENT_INCONSISTENCY: VI (7249.5 > 4500),352.5187173828153,7249.490785503418,0.0,Post-Monsoon,2044646014,HP-STG-v1.0.0,Phase 8B v1.0.0
SYNTH_8B_batch_0004_00234,SYNTH-SYNTH_8B_batch_0004_00234-D030,EXTREME_TAIL_PHYSICAL_ENVIRONMENT_INCONSISTENCY: VI (7751.6 > 4500),295.9807461557821,7751.617429734017,0.0,Post-Monsoon,2044646014,HP-STG-v1.0.0,Phase 8B v1.0.0
SYNTH_8B_batch_0004_00242,SYNTH-SYNTH_8B_batch_0004_00242-D008,EXTREME_TAIL_PHYSICAL_ENVIRONMENT_INCONSISTENCY: VI (6915.7 > 4500),324.871897697609,6915.748587200244,0.0,Post-Monsoon,46156707,HP-STG-v1.0.0,Phase 8B v1.0.0
SYNTH_8B_batch_0004_00242,SYNTH-SYNTH_8B_batch_0004_00242-D009,EXTREME_TAIL_PHYSICAL_ENVIRONMENT_INCONSISTENCY: VI (6102.1 > 4500),305.6463562368379,6102.112097556279,0.0,Post-Monsoon,46156707,HP-STG-v1.0.0,Phase 8B v1.0.0
SYNTH_8B_batch_0004_00242,SYNTH-SYNTH_8B_batch_0004_00242-D010,EXTREME_TAIL_PHYSICAL_ENVIRONMENT_INCONSISTENCY: VI (6874.7 > 4500),260.56161691811366,6874.74967784061,0.0,Post-Monsoon,46156707,HP-STG-v1.0.0,Phase 8B v1.0.0
SYNTH_8B_batch_0004_00245,SYNTH-SYNTH_8B_batch_0004_00245-D002,EXTREME_TAIL_PHYSICAL_ENVIRONMENT_INCONSISTENCY: VI (6366.3 > 4500),277.59962150588683,6366.346451318772,0.0,Winter,1906868372,HP-STG-v1.0.0,Phase 8B v1.0.0
SYNTH_8B_batch_0004_00246,SYNTH-SYNTH_8B_batch_0004_00246-D003,EXTREME_TAIL_PHYSICAL_ENVIRONMENT_INCONSISTENCY: VI (5104.1 > 4500),293.03900236770556,5104.0796906675805,0.0,Post-Monsoon,2101247548,HP-STG-v1.0.0,Phase 8B v1.0.0
SYNTH_8B_batch_0004_00249,SYNTH-SYNTH_8B_batch_0004_00249-D004,EXTREME_TAIL_PHYSICAL_ENVIRONMENT_INCONSISTENCY: VI (9869.9 > 4500),294.23707764969413,9869.947170417321,0.0,Winter,3210205705,HP-STG-v1.0.0,Phase 8B v1.0.0
SYNTH_8B_batch_0004_00250,SYNTH-SYNTH_8B_batch_0004_00250-D002,EXTREME_TAIL_PHYSICAL_ENVIRONMENT_INCONSISTENCY: VI (5943.4 > 4500),312.1279309455053,5943.419776204256,0.0,Post-Monsoon,45053904,HP-STG-v1.0.0,Phase 8B v1.0.0
SYNTH_8B_batch_0004_00250,SYNTH-SYNTH_8B_batch_0004_00250-D003,EXTREME_TAIL_PHYSICAL_ENVIRONMENT_INCONSISTENCY: VI (6678.7 > 4500),261.9614955016487,6678.71274837794,0.0,Post-Monsoon,45053904,HP-STG-v1.0.0,Phase 8B v1.0.0
SYNTH_8B_batch_0004_00250,SYNTH-SYNTH_8B_batch_0004_00250-D029,EXTREME_TAIL_PHYSICAL_ENVIRONMENT_INCONSISTENCY: VI (6922.0 > 4500),252.7234877690989,6921.990711844484,0.0,Post-Monsoon,45053904,HP-STG-v1.0.0,Phase 8B v1.0.0
SYNTH_8B_batch_0004_00258,SYNTH-SYNTH_8B_batch_0004_00258-D003,EXTREME_TAIL_PHYSICAL_ENVIRONMENT_INCONSISTENCY: VI (5390.2 > 4500),380.12916147417593,5390.238130926592,0.0,Post-Monsoon,2996722275,HP-STG-v1.0.0,Phase 8B v1.0.0
SYNTH_8B_batch_0004_00258,SYNTH-SYNTH_8B_batch_0004_00258-D010,EXTREME_TAIL_PHYSICAL_ENVIRONMENT_INCONSISTENCY: VI (6178.5 > 4500),302.97376641687185,6178.547256959744,0.0,Post-Monsoon,2996722275,HP-STG-v1.0.0,Phase 8B v1.0.0
SYNTH_8B_batch_0004_00262,SYNTH-SYNTH_8B_batch_0004_00262-D007,EXTREME_TAIL_PHYSICAL_ENVIRONMENT_INCONSISTENCY: VI (5515.1 > 4500),337.31082597524903,5515.120726681095,0.0,Post-Monsoon,386527116,HP-STG-v1.0.0,Phase 8B v1.0.0
SYNTH_8B_batch_0004_00269,SYNTH-SYNTH_8B_batch_0004_00269-D003,EXTREME_TAIL_PHYSICAL_ENVIRONMENT_INCONSISTENCY: VI (9118.1 > 4500),254.21080139186293,9118.081499132408,0.0,Winter,3383083305,HP-STG-v1.0.0,Phase 8B v1.0.0
SYNTH_8B_batch_0004_00270,SYNTH-SYNTH_8B_batch_0004_00270-D010,EXTREME_TAIL_PHYSICAL_ENVIRONMENT_INCONSISTENCY: VI (6459.4 > 4500),342.99396200202955,6459.39496063085,0.0,Post-Monsoon,1343268544,HP-STG-v1.0.0,Phase 8B v1.0.0
SYNTH_8B_batch_0004_00270,SYNTH-SYNTH_8B_batch_0004_00270-D011,EXTREME_TAIL_PHYSICAL_ENVIRONMENT_INCONSISTENCY: VI (7259.4 > 4500),262.8168255656455,7259.4296441797005,0.0,Post-Monsoon,1343268544,HP-STG-v1.0.0,Phase 8B v1.0.0
SYNTH_8B_batch_0004_00273,SYNTH-SYNTH_8B_batch_0004_00273-D003,EXTREME_TAIL_PHYSICAL_ENVIRONMENT_INCONSISTENCY: VI (6852.2 > 4500),290.8845662666021,6852.200126043887,0.0,Winter,3489355776,HP-STG-v1.0.0,Phase 8B v1.0.0
SYNTH_8B_batch_0004_00273,SYNTH-SYNTH_8B_batch_0004_00273-D008,EXTREME_TAIL_PHYSICAL_ENVIRONMENT_INCONSISTENCY: VI (7584.4 > 4500),254.81149625623453,7584.393546166592,0.0,Winter,3489355776,HP-STG-v1.0.0,Phase 8B v1.0.0
SYNTH_8B_batch_0004_00274,SYNTH-SYNTH_8B_batch_0004_00274-D014,EXTREME_TAIL_PHYSICAL_ENVIRONMENT_INCONSISTENCY: VI (5139.4 > 4500),326.397839496261,5139.405396986419,0.0,Post-Monsoon,15407292,HP-STG-v1.0.0,Phase 8B v1.0.0
SYNTH_8B_batch_0004_00274,SYNTH-SYNTH_8B_batch_0004_00274-D019,EXTREME_TAIL_PHYSICAL_ENVIRONMENT_INCONSISTENCY: VI (5417.0 > 4500),358.8592611062053,5416.970583614541,0.0,Post-Monsoon,15407292,HP-STG-v1.0.0,Phase 8B v1.0.0
SYNTH_8B_batch_0004_00274,SYNTH-SYNTH_8B_batch_0004_00274-D020,EXTREME_TAIL_PHYSICAL_ENVIRONMENT_INCONSISTENCY: VI (6856.2 > 4500),281.3288093375699,6856.232922764496,0.0,Post-Monsoon,15407292,HP-STG-v1.0.0,Phase 8B v1.0.0
SYNTH_8B_batch_0004_00278,SYNTH-SYNTH_8B_batch_0004_00278-D003,EXTREME_TAIL_PHYSICAL_ENVIRONMENT_INCONSISTENCY: VI (8598.5 > 4500),282.67491994372995,8598.494554539036,0.0,Post-Monsoon,307036035,HP-STG-v1.0.0,Phase 8B v1.0.0
SYNTH_8B_batch_0004_00282,SYNTH-SYNTH_8B_batch_0004_00282-D013,EXTREME_TAIL_PHYSICAL_ENVIRONMENT_INCONSISTENCY: VI (5969.1 > 4500),268.24720961636126,5969.124987298646,0.0,Post-Monsoon,2389667719,HP-STG-v1.0.0,Phase 8B v1.0.0
SYNTH_8B_batch_0004_00286,SYNTH-SYNTH_8B_batch_0004_00286-D008,EXTREME_TAIL_PHYSICAL_ENVIRONMENT_INCONSISTENCY: VI (6145.5 > 4500),318.7663428626786,6145.4740615493965,0.0,Post-Monsoon,35615602,HP-STG-v1.0.0,Phase 8B v1.0.0
SYNTH_8B_batch_0004_00286,SYNTH-SYNTH_8B_batch_0004_00286-D009,EXTREME_TAIL_PHYSICAL_ENVIRONMENT_INCONSISTENCY: VI (6427.6 > 4500),290.9736670875612,6427.57191470339,0.0,Post-Monsoon,35615602,HP-STG-v1.0.0,Phase 8B v1.0.0
SYNTH_8B_batch_0004_00290,SYNTH-SYNTH_8B_batch_0004_00290-D009,EXTREME_TAIL_PHYSICAL_ENVIRONMENT_INCONSISTENCY: VI (7285.9 > 4500),320.22175059054985,7285.899881943263,0.0,Post-Monsoon,2112182368,HP-STG-v1.0.0,Phase 8B v1.0.0
SYNTH_8B_batch_0004_00290,SYNTH-SYNTH_8B_batch_0004_00290-D010,EXTREME_TAIL_PHYSICAL_ENVIRONMENT_INCONSISTENCY: VI (7088.9 > 4500),250.75372885647897,7088.942684275463,0.0,Post-Monsoon,2112182368,HP-STG-v1.0.0,Phase 8B v1.0.0
SYNTH_8B_batch_0004_00290,SYNTH-SYNTH_8B_batch_0004_00290-D025,EXTREME_TAIL_PHYSICAL_ENVIRONMENT_INCONSISTENCY: VI (6999.0 > 4500),285.61447692113484,6998.985138226789,0.0,Post-Monsoon,2112182368,HP-STG-v1.0.0,Phase 8B v1.0.0
SYNTH_8B_batch_0004_00294,SYNTH-SYNTH_8B_batch_0004_00294-D013,EXTREME_TAIL_PHYSICAL_ENVIRONMENT_INCONSISTENCY: VI (5831.6 > 4500),262.7583791529708,5831.627500680968,0.0,Post-Monsoon,3888111720,HP-STG-v1.0.0,Phase 8B v1.0.0
SYNTH_8B_batch_0004_00294,SYNTH-SYNTH_8B_batch_0004_00294-D017,EXTREME_TAIL_PHYSICAL_ENVIRONMENT_INCONSISTENCY: VI (5513.2 > 4500),295.55293494791863,5513.224527131239,0.0,Post-Monsoon,3888111720,HP-STG-v1.0.0,Phase 8B v1.0.0
SYNTH_8B_batch_0004_00294,SYNTH-SYNTH_8B_batch_0004_00294-D018,EXTREME_TAIL_PHYSICAL_ENVIRONMENT_INCONSISTENCY: VI (5061.5 > 4500),285.39215779955555,5061.490002449062,0.0,Post-Monsoon,3888111720,HP-STG-v1.0.0,Phase 8B v1.0.0
SYNTH_8B_batch_0004_00298,SYNTH-SYNTH_8B_batch_0004_00298-D007,EXTREME_TAIL_PHYSICAL_ENVIRONMENT_INCONSISTENCY: VI (6554.3 > 4500),355.1356251642583,6554.306077034994,0.0,Post-Monsoon,1982962852,HP-STG-v1.0.0,Phase 8B v1.0.0
SYNTH_8B_batch_0004_00298,SYNTH-SYNTH_8B_batch_0004_00298-D010,EXTREME_TAIL_PHYSICAL_ENVIRONMENT_INCONSISTENCY: VI (6815.6 > 4500),327.39068691766005,6815.637201188123,0.0,Post-Monsoon,1982962852,HP-STG-v1.0.0,Phase 8B v1.0.0
SYNTH_8B_batch_0004_00298,SYNTH-SYNTH_8B_batch_0004_00298-D020,EXTREME_TAIL_PHYSICAL_ENVIRONMENT_INCONSISTENCY: VI (6538.7 > 4500),350.68866992840384,6538.720508175619,0.0,Post-Monsoon,1982962852,HP-STG-v1.0.0,Phase 8B v1.0.0
SYNTH_8B_batch_0004_00298,SYNTH-SYNTH_8B_batch_0004_00298-D021,EXTREME_TAIL_PHYSICAL_ENVIRONMENT_INCONSISTENCY: VI (5619.8 > 4500),271.47234599376606,5619.803468208611,0.0,Post-Monsoon,1982962852,HP-STG-v1.0.0,Phase 8B v1.0.0
SYNTH_8B_batch_0004_00298,SYNTH-SYNTH_8B_batch_0004_00298-D027,EXTREME_TAIL_PHYSICAL_ENVIRONMENT_INCONSISTENCY: VI (5850.1 > 4500),344.3651628474584,5850.1333524638,0.0,Post-Monsoon,1982962852,HP-STG-v1.0.0,Phase 8B v1.0.0
SYNTH_8B_batch_0004_00298,SYNTH-SYNTH_8B_batch_0004_00298-D028,EXTREME_TAIL_PHYSICAL_ENVIRONMENT_INCONSISTENCY: VI (6249.4 > 4500),287.06210143634047,6249.365132964052,0.0,Post-Monsoon,1982962852,HP-STG-v1.0.0,Phase 8B v1.0.0
SYNTH_8B_batch_0004_00301,SYNTH-SYNTH_8B_batch_0004_00301-D003,EXTREME_TAIL_PHYSICAL_ENVIRONMENT_INCONSISTENCY: VI (6771.7 > 4500),305.32528310555205,6771.731058887567,0.0,Winter,3984937482,HP-STG-v1.0.0,Phase 8B v1.0.0
SYNTH_8B_batch_0004_00305,SYNTH-SYNTH_8B_batch_0004_00305-D003,EXTREME_TAIL_PHYSICAL_ENVIRONMENT_INCONSISTENCY: VI (8469.2 > 4500),285.6585077670077,8469.209651770836,0.0,Winter,1524418663,HP-STG-v1.0.0,Phase 8B v1.0.0
SYNTH_8B_batch_0004_00306,SYNTH-SYNTH_8B_batch_0004_00306-D002,EXTREME_TAIL_PHYSICAL_ENVIRONMENT_INCONSISTENCY: VI (6296.3 > 4500),324.32442344446685,6296.328067733118,0.0,Post-Monsoon,2744218447,HP-STG-v1.0.0,Phase 8B v1.0.0
SYNTH_8B_batch_0004_00306,SYNTH-SYNTH_8B_batch_0004_00306-D005,EXTREME_TAIL_PHYSICAL_ENVIRONMENT_INCONSISTENCY: VI (5887.2 > 4500),307.8870573153026,5887.236664492418,0.0,Post-Monsoon,2744218447,HP-STG-v1.0.0,Phase 8B v1.0.0
SYNTH_8B_batch_0004_00306,SYNTH-SYNTH_8B_batch_0004_00306-D006,EXTREME_TAIL_PHYSICAL_ENVIRONMENT_INCONSISTENCY: VI (7038.3 > 4500),271.0201748664966,7038.253520313647,0.0,Post-Monsoon,2744218447,HP-STG-v1.0.0,Phase 8B v1.0.0
SYNTH_8B_batch_0004_00306,SYNTH-SYNTH_8B_batch_0004_00306-D025,EXTREME_TAIL_PHYSICAL_ENVIRONMENT_INCONSISTENCY: VI (7003.2 > 4500),284.7806913305566,7003.215091232265,0.0,Post-Monsoon,2744218447,HP-STG-v1.0.0,Phase 8B v1.0.0
SYNTH_8B_batch_0004_00306,SYNTH-SYNTH_8B_batch_0004_00306-D028,EXTREME_TAIL_PHYSICAL_ENVIRONMENT_INCONSISTENCY: VI (5880.9 > 4500),272.1021675685565,5880.8750637683415,0.0,Post-Monsoon,2744218447,HP-STG-v1.0.0,Phase 8B v1.0.0
SYNTH_8B_batch_0004_00310,SYNTH-SYNTH_8B_batch_0004_00310-D006,EXTREME_TAIL_PHYSICAL_ENVIRONMENT_INCONSISTENCY: VI (7089.9 > 4500),255.92331608402526,7089.94729252839,0.0,Post-Monsoon,2565194836,HP-STG-v1.0.0,Phase 8B v1.0.0
SYNTH_8B_batch_0004_00310,SYNTH-SYNTH_8B_batch_0004_00310-D012,EXTREME_TAIL_PHYSICAL_ENVIRONMENT_INCONSISTENCY: VI (8234.5 > 4500),405.6121990173998,8234.465839195811,0.0,Post-Monsoon,2565194836,HP-STG-v1.0.0,Phase 8B v1.0.0
SYNTH_8B_batch_0004_00310,SYNTH-SYNTH_8B_batch_0004_00310-D013,EXTREME_TAIL_PHYSICAL_ENVIRONMENT_INCONSISTENCY: VI (7134.7 > 4500),356.68355406980515,7134.714784547661,0.0,Post-Monsoon,2565194836,HP-STG-v1.0.0,Phase 8B v1.0.0
SYNTH_8B_batch_0004_00314,SYNTH-SYNTH_8B_batch_0004_00314-D010,EXTREME_TAIL_PHYSICAL_ENVIRONMENT_INCONSISTENCY: VI (7872.4 > 4500),338.86996760179306,7872.391737857324,0.0,Post-Monsoon,7318450,HP-STG-v1.0.0,Phase 8B v1.0.0
SYNTH_8B_batch_0004_00318,SYNTH-SYNTH_8B_batch_0004_00318-D030,EXTREME_TAIL_PHYSICAL_ENVIRONMENT_INCONSISTENCY: VI (5603.2 > 4500),364.75130081636416,5603.228201088481,0.0,Post-Monsoon,3049628562,HP-STG-v1.0.0,Phase 8B v1.0.0
SYNTH_8B_batch_0004_00326,SYNTH-SYNTH_8B_batch_0004_00326-D011,EXTREME_TAIL_PHYSICAL_ENVIRONMENT_INCONSISTENCY: VI (6246.0 > 4500),313.5498026582408,6245.994758351737,0.0,Post-Monsoon,2331713222,HP-STG-v1.0.0,Phase 8B v1.0.0
SYNTH_8B_batch_0004_00326,SYNTH-SYNTH_8B_batch_0004_00326-D012,EXTREME_TAIL_PHYSICAL_ENVIRONMENT_INCONSISTENCY: VI (5754.8 > 4500),268.8303774862573,5754.847095975249,0.0,Post-Monsoon,2331713222,HP-STG-v1.0.0,Phase 8B v1.0.0
SYNTH_8B_batch_0004_00330,SYNTH-SYNTH_8B_batch_0004_00330-D005,EXTREME_TAIL_PHYSICAL_ENVIRONMENT_INCONSISTENCY: VI (7136.4 > 4500),356.6348738147806,7136.442013470746,0.0,Post-Monsoon,2988193262,HP-STG-v1.0.0,Phase 8B v1.0.0
SYNTH_8B_batch_0004_00330,SYNTH-SYNTH_8B_batch_0004_00330-D006,EXTREME_TAIL_PHYSICAL_ENVIRONMENT_INCONSISTENCY: VI (6537.3 > 4500),293.1075930639345,6537.280619903047,0.0,Post-Monsoon,2988193262,HP-STG-v1.0.0,Phase 8B v1.0.0
SYNTH_8B_batch_0004_00330,SYNTH-SYNTH_8B_batch_0004_00330-D007,EXTREME_TAIL_PHYSICAL_ENVIRONMENT_INCONSISTENCY: VI (7739.7 > 4500),265.143397862902,7739.6953026617975,0.0,Post-Monsoon,2988193262,HP-STG-v1.0.0,Phase 8B v1.0.0
SYNTH_8B_batch_0004_00330,SYNTH-SYNTH_8B_batch_0004_00330-D014,EXTREME_TAIL_PHYSICAL_ENVIRONMENT_INCONSISTENCY: VI (5622.1 > 4500),339.738911115159,5622.070193502724,0.0,Post-Monsoon,2988193262,HP-STG-v1.0.0,Phase 8B v1.0.0
SYNTH_8B_batch_0004_00330,SYNTH-SYNTH_8B_batch_0004_00330-D015,EXTREME_TAIL_PHYSICAL_ENVIRONMENT_INCONSISTENCY: VI (6488.0 > 4500),297.4298125101789,6487.975149523668,0.0,Post-Monsoon,2988193262,HP-STG-v1.0.0,Phase 8B v1.0.0
SYNTH_8B_batch_0004_00330,SYNTH-SYNTH_8B_batch_0004_00330-D016,EXTREME_TAIL_PHYSICAL_ENVIRONMENT_INCONSISTENCY: VI (5820.1 > 4500),250.25087622299384,5820.064763815635,0.0,Post-Monsoon,2988193262,HP-STG-v1.0.0,Phase 8B v1.0.0
SYNTH_8B_batch_0004_00330,SYNTH-SYNTH_8B_batch_0004_00330-D024,EXTREME_TAIL_PHYSICAL_ENVIRONMENT_INCONSISTENCY: VI (6766.2 > 4500),335.5071486602725,6766.171233545727,0.0,Post-Monsoon,2988193262,HP-STG-v1.0.0,Phase 8B v1.0.0
SYNTH_8B_batch_0004_00330,SYNTH-SYNTH_8B_batch_0004_00330-D025,EXTREME_TAIL_PHYSICAL_ENVIRONMENT_INCONSISTENCY: VI (7204.8 > 4500),262.82619503717103,7204.839701048897,0.0,Post-Monsoon,2988193262,HP-STG-v1.0.0,Phase 8B v1.0.0
SYNTH_8B_batch_0004_00330,SYNTH-SYNTH_8B_batch_0004_00330-D028,EXTREME_TAIL_PHYSICAL_ENVIRONMENT_INCONSISTENCY: VI (6571.8 > 4500),318.61728301241925,6571.807352972768,0.0,Post-Monsoon,2988193262,HP-STG-v1.0.0,Phase 8B v1.0.0
SYNTH_8B_batch_0004_00330,SYNTH-SYNTH_8B_batch_0004_00330-D029,EXTREME_TAIL_PHYSICAL_ENVIRONMENT_INCONSISTENCY: VI (7794.9 > 4500),256.87958362867647,7794.927908391772,0.0,Post-Monsoon,2988193262,HP-STG-v1.0.0,Phase 8B v1.0.0
SYNTH_8B_batch_0004_00334,SYNTH-SYNTH_8B_batch_0004_00334-D016,EXTREME_TAIL_PHYSICAL_ENVIRONMENT_INCONSISTENCY: VI (7041.1 > 4500),253.20559598258748,7041.111947076584,0.0,Post-Monsoon,328029785,HP-STG-v1.0.0,Phase 8B v1.0.0
SYNTH_8B_batch_0004_00334,SYNTH-SYNTH_8B_batch_0004_00334-D024,EXTREME_TAIL_PHYSICAL_ENVIRONMENT_INCONSISTENCY: VI (6894.4 > 4500),274.07577619852964,6894.4122503135,0.0,Post-Monsoon,328029785,HP-STG-v1.0.0,Phase 8B v1.0.0
SYNTH_8B_batch_0004_00338,SYNTH-SYNTH_8B_batch_0004_00338-D008,EXTREME_TAIL_PHYSICAL_ENVIRONMENT_INCONSISTENCY: VI (6642.2 > 4500),397.0968794368031,6642.152129234695,0.0,Post-Monsoon,1247515731,HP-STG-v1.0.0,Phase 8B v1.0.0
SYNTH_8B_batch_0004_00338,SYNTH-SYNTH_8B_batch_0004_00338-D009,EXTREME_TAIL_PHYSICAL_ENVIRONMENT_INCONSISTENCY: VI (5718.5 > 4500),293.20715282833254,5718.534384135958,0.0,Post-Monsoon,1247515731,HP-STG-v1.0.0,Phase 8B v1.0.0
SYNTH_8B_batch_0004_00338,SYNTH-SYNTH_8B_batch_0004_00338-D010,EXTREME_TAIL_PHYSICAL_ENVIRONMENT_INCONSISTENCY: VI (5787.5 > 4500),255.34362630296295,5787.505386445247,0.0,Post-Monsoon,1247515731,HP-STG-v1.0.0,Phase 8B v1.0.0
SYNTH_8B_batch_0004_00338,SYNTH-SYNTH_8B_batch_0004_00338-D020,EXTREME_TAIL_PHYSICAL_ENVIRONMENT_INCONSISTENCY: VI (7095.3 > 4500),263.71980272921763,7095.284448050364,0.0,Post-Monsoon,1247515731,HP-STG-v1.0.0,Phase 8B v1.0.0
SYNTH_8B_batch_0004_00338,SYNTH-SYNTH_8B_batch_0004_00338-D022,EXTREME_TAIL_PHYSICAL_ENVIRONMENT_INCONSISTENCY: VI (6263.6 > 4500),266.8021403555658,6263.590405124619,0.0,Post-Monsoon,1247515731,HP-STG-v1.0.0,Phase 8B v1.0.0
SYNTH_8B_batch_0004_00342,SYNTH-SYNTH_8B_batch_0004_00342-D003,EXTREME_TAIL_PHYSICAL_ENVIRONMENT_INCONSISTENCY: VI (6183.8 > 4500),270.05022704053613,6183.849028096161,0.0,Post-Monsoon,1058846045,HP-STG-v1.0.0,Phase 8B v1.0.0
SYNTH_8B_batch_0004_00342,SYNTH-SYNTH_8B_batch_0004_00342-D011,EXTREME_TAIL_PHYSICAL_ENVIRONMENT_INCONSISTENCY: VI (6881.4 > 4500),318.6243610785374,6881.35959355263,0.0,Post-Monsoon,1058846045,HP-STG-v1.0.0,Phase 8B v1.0.0
SYNTH_8B_batch_0004_00346,SYNTH-SYNTH_8B_batch_0004_00346-D004,EXTREME_TAIL_PHYSICAL_ENVIRONMENT_INCONSISTENCY: VI (6655.5 > 4500),367.43734592728333,6655.4849042057585,0.0,Post-Monsoon,1623417831,HP-STG-v1.0.0,Phase 8B v1.0.0
SYNTH_8B_batch_0004_00346,SYNTH-SYNTH_8B_batch_0004_00346-D005,EXTREME_TAIL_PHYSICAL_ENVIRONMENT_INCONSISTENCY: VI (7916.0 > 4500),263.68884653491796,7915.970465165018,0.0,Post-Monsoon,1623417831,HP-STG-v1.0.0,Phase 8B v1.0.0
SYNTH_8B_batch_0004_00346,SYNTH-SYNTH_8B_batch_0004_00346-D015,EXTREME_TAIL_PHYSICAL_ENVIRONMENT_INCONSISTENCY: VI (7389.1 > 4500),257.69985493354363,7389.061619076391,0.0,Post-Monsoon,1623417831,HP-STG-v1.0.0,Phase 8B v1.0.0
SYNTH_8B_batch_0004_00346,SYNTH-SYNTH_8B_batch_0004_00346-D028,EXTREME_TAIL_PHYSICAL_ENVIRONMENT_INCONSISTENCY: VI (6860.1 > 4500),259.53957792428554,6860.086700523599,0.0,Post-Monsoon,1623417831,HP-STG-v1.0.0,Phase 8B v1.0.0
SYNTH_8B_batch_0004_00350,SYNTH-SYNTH_8B_batch_0004_00350-D030,EXTREME_TAIL_PHYSICAL_ENVIRONMENT_INCONSISTENCY: VI (5999.4 > 4500),295.7505145073286,5999.3929271969,0.0,Post-Monsoon,1157182397,HP-STG-v1.0.0,Phase 8B v1.0.0
SYNTH_8B_batch_0004_00354,SYNTH-SYNTH_8B_batch_0004_00354-D003,EXTREME_TAIL_PHYSICAL_ENVIRONMENT_INCONSISTENCY: VI (6509.2 > 4500),289.45166409303687,6509.215232693,0.0,Post-Monsoon,2050150260,HP-STG-v1.0.0,Phase 8B v1.0.0
SYNTH_8B_batch_0004_00354,SYNTH-SYNTH_8B_batch_0004_00354-D010,EXTREME_TAIL_PHYSICAL_ENVIRONMENT_INCONSISTENCY: VI (5072.1 > 4500),273.21304504598794,5072.125075463832,0.0,Post-Monsoon,2050150260,HP-STG-v1.0.0,Phase 8B v1.0.0
SYNTH_8B_batch_0004_00358,SYNTH-SYNTH_8B_batch_0004_00358-D025,EXTREME_TAIL_PHYSICAL_ENVIRONMENT_INCONSISTENCY: VI (8019.1 > 4500),348.46112827453453,8019.123994209515,0.0,Post-Monsoon,1477893046,HP-STG-v1.0.0,Phase 8B v1.0.0
SYNTH_8B_batch_0004_00362,SYNTH-SYNTH_8B_batch_0004_00362-D022,EXTREME_TAIL_PHYSICAL_ENVIRONMENT_INCONSISTENCY: VI (6617.9 > 4500),252.78251966988418,6617.8766443376435,0.0,Post-Monsoon,1734498948,HP-STG-v1.0.0,Phase 8B v1.0.0
SYNTH_8B_batch_0004_00366,SYNTH-SYNTH_8B_batch_0004_00366-D003,EXTREME_TAIL_PHYSICAL_ENVIRONMENT_INCONSISTENCY: VI (9008.4 > 4500),290.2467336579012,9008.379507221136,0.0,Post-Monsoon,2860450387,HP-STG-v1.0.0,Phase 8B v1.0.0
SYNTH_8B_batch_0004_00370,SYNTH-SYNTH_8B_batch_0004_00370-D014,EXTREME_TAIL_PHYSICAL_ENVIRONMENT_INCONSISTENCY: VI (6630.8 > 4500),324.21806922366704,6630.791607196871,0.0,Post-Monsoon,1123052751,HP-STG-v1.0.0,Phase 8B v1.0.0
SYNTH_8B_batch_0004_00370,SYNTH-SYNTH_8B_batch_0004_00370-D018,EXTREME_TAIL_PHYSICAL_ENVIRONMENT_INCONSISTENCY: VI (5473.9 > 4500),368.27495494098036,5473.908012894787,0.0,Post-Monsoon,1123052751,HP-STG-v1.0.0,Phase 8B v1.0.0
SYNTH_8B_batch_0004_00370,SYNTH-SYNTH_8B_batch_0004_00370-D019,EXTREME_TAIL_PHYSICAL_ENVIRONMENT_INCONSISTENCY: VI (6879.7 > 4500),292.80495247355407,6879.7001405220335,0.0,Post-Monsoon,1123052751,HP-STG-v1.0.0,Phase 8B v1.0.0
SYNTH_8B_batch_0004_00373,SYNTH-SYNTH_8B_batch_0004_00373-D003,EXTREME_TAIL_PHYSICAL_ENVIRONMENT_INCONSISTENCY: VI (6729.7 > 4500),285.922526991278,6729.716095552365,0.0,Winter,430509321,HP-STG-v1.0.0,Phase 8B v1.0.0
SYNTH_8B_batch_0004_00373,SYNTH-SYNTH_8B_batch_0004_00373-D007,EXTREME_TAIL_PHYSICAL_ENVIRONMENT_INCONSISTENCY: VI (4888.3 > 4500),265.05425496536105,4888.349148480473,0.0,Winter,430509321,HP-STG-v1.0.0,Phase 8B v1.0.0
SYNTH_8B_batch_0004_00374,SYNTH-SYNTH_8B_batch_0004_00374-D015,EXTREME_TAIL_PHYSICAL_ENVIRONMENT_INCONSISTENCY: VI (6774.1 > 4500),355.4293253277887,6774.063202316696,0.0,Post-Monsoon,1288646863,HP-STG-v1.0.0,Phase 8B v1.0.0
SYNTH_8B_batch_0004_00374,SYNTH-SYNTH_8B_batch_0004_00374-D016,EXTREME_TAIL_PHYSICAL_ENVIRONMENT_INCONSISTENCY: VI (7578.7 > 4500),262.26124704937473,7578.731199696229,0.0,Post-Monsoon,1288646863,HP-STG-v1.0.0,Phase 8B v1.0.0
SYNTH_8B_batch_0004_00378,SYNTH-SYNTH_8B_batch_0004_00378-D024,EXTREME_TAIL_PHYSICAL_ENVIRONMENT_INCONSISTENCY: VI (5569.1 > 4500),357.00608408309216,5569.0716575193055,0.0,Post-Monsoon,4231959569,HP-STG-v1.0.0,Phase 8B v1.0.0
SYNTH_8B_batch_0004_00378,SYNTH-SYNTH_8B_batch_0004_00378-D025,EXTREME_TAIL_PHYSICAL_ENVIRONMENT_INCONSISTENCY: VI (5969.2 > 4500),267.81885390601957,5969.206420077315,0.0,Post-Monsoon,4231959569,HP-STG-v1.0.0,Phase 8B v1.0.0
SYNTH_8B_batch_0004_00378,SYNTH-SYNTH_8B_batch_0004_00378-D026,EXTREME_TAIL_PHYSICAL_ENVIRONMENT_INCONSISTENCY: VI (6516.9 > 4500),266.50477213453024,6516.886440464394,0.0,Post-Monsoon,4231959569,HP-STG-v1.0.0,Phase 8B v1.0.0
SYNTH_8B_batch_0004_00382,SYNTH-SYNTH_8B_batch_0004_00382-D013,EXTREME_TAIL_PHYSICAL_ENVIRONMENT_INCONSISTENCY: VI (6485.5 > 4500),258.1907877512667,6485.542491449714,0.0,Post-Monsoon,2191365402,HP-STG-v1.0.0,Phase 8B v1.0.0
SYNTH_8B_batch_0004_00382,SYNTH-SYNTH_8B_batch_0004_00382-D015,EXTREME_TAIL_PHYSICAL_ENVIRONMENT_INCONSISTENCY: VI (5739.6 > 4500),329.6158479647883,5739.608314453955,0.0,Post-Monsoon,2191365402,HP-STG-v1.0.0,Phase 8B v1.0.0
SYNTH_8B_batch_0004_00382,SYNTH-SYNTH_8B_batch_0004_00382-D022,EXTREME_TAIL_PHYSICAL_ENVIRONMENT_INCONSISTENCY: VI (6315.2 > 4500),366.50830042661755,6315.210617608766,0.0,Post-Monsoon,2191365402,HP-STG-v1.0.0,Phase 8B v1.0.0
SYNTH_8B_batch_0004_00382,SYNTH-SYNTH_8B_batch_0004_00382-D023,EXTREME_TAIL_PHYSICAL_ENVIRONMENT_INCONSISTENCY: VI (5677.7 > 4500),292.08375372402355,5677.691465262616,0.0,Post-Monsoon,2191365402,HP-STG-v1.0.0,Phase 8B v1.0.0
SYNTH_8B_batch_0004_00382,SYNTH-SYNTH_8B_batch_0004_00382-D027,EXTREME_TAIL_PHYSICAL_ENVIRONMENT_INCONSISTENCY: VI (5969.7 > 4500),308.7027405309539,5969.667910080986,0.0,Post-Monsoon,2191365402,HP-STG-v1.0.0,Phase 8B v1.0.0
SYNTH_8B_batch_0004_00386,SYNTH-SYNTH_8B_batch_0004_00386-D020,EXTREME_TAIL_PHYSICAL_ENVIRONMENT_INCONSISTENCY: VI (6083.0 > 4500),350.2864613627604,6082.971311702186,0.0,Post-Monsoon,3028474608,HP-STG-v1.0.0,Phase 8B v1.0.0
SYNTH_8B_batch_0004_00394,SYNTH-SYNTH_8B_batch_0004_00394-D021,EXTREME_TAIL_PHYSICAL_ENVIRONMENT_INCONSISTENCY: VI (6106.2 > 4500),317.5260299504732,6106.162892563673,0.0,Post-Monsoon,1729935306,HP-STG-v1.0.0,Phase 8B v1.0.0
SYNTH_8B_batch_0004_00394,SYNTH-SYNTH_8B_batch_0004_00394-D023,EXTREME_TAIL_PHYSICAL_ENVIRONMENT_INCONSISTENCY: VI (4504.1 > 4500),289.1096923550868,4504.1352512129315,0.0,Post-Monsoon,1729935306,HP-STG-v1.0.0,Phase 8B v1.0.0
SYNTH_8B_batch_0004_00394,SYNTH-SYNTH_8B_batch_0004_00394-D030,EXTREME_TAIL_PHYSICAL_ENVIRONMENT_INCONSISTENCY: VI (6205.1 > 4500),320.01103723695957,6205.098480454391,0.0,Post-Monsoon,1729935306,HP-STG-v1.0.0,Phase 8B v1.0.0
SYNTH_8B_batch_0004_00397,SYNTH-SYNTH_8B_batch_0004_00397-D007,EXTREME_TAIL_PHYSICAL_ENVIRONMENT_INCONSISTENCY: VI (6798.0 > 4500),275.47315010982805,6798.028442512766,0.0,Winter,2163638089,HP-STG-v1.0.0,Phase 8B v1.0.0
SYNTH_8B_batch_0004_00398,SYNTH-SYNTH_8B_batch_0004_00398-D002,EXTREME_TAIL_PHYSICAL_ENVIRONMENT_INCONSISTENCY: VI (7877.1 > 4500),348.9205124220923,7877.1460990119995,0.0,Post-Monsoon,1757549061,HP-STG-v1.0.0,Phase 8B v1.0.0
SYNTH_8B_batch_0004_00398,SYNTH-SYNTH_8B_batch_0004_00398-D003,EXTREME_TAIL_PHYSICAL_ENVIRONMENT_INCONSISTENCY: VI (6787.3 > 4500),290.86088114813606,6787.251619146574,0.0,Post-Monsoon,1757549061,HP-STG-v1.0.0,Phase 8B v1.0.0
SYNTH_8B_batch_0004_00398,SYNTH-SYNTH_8B_batch_0004_00398-D023,EXTREME_TAIL_PHYSICAL_ENVIRONMENT_INCONSISTENCY: VI (5397.7 > 4500),373.0402770285985,5397.68129620147,0.0,Post-Monsoon,1757549061,HP-STG-v1.0.0,Phase 8B v1.0.0
SYNTH_8B_batch_0004_00398,SYNTH-SYNTH_8B_batch_0004_00398-D024,EXTREME_TAIL_PHYSICAL_ENVIRONMENT_INCONSISTENCY: VI (5689.0 > 4500),287.0774992034235,5689.034500437803,0.0,Post-Monsoon,1757549061,HP-STG-v1.0.0,Phase 8B v1.0.0
SYNTH_8B_batch_0004_00402,SYNTH-SYNTH_8B_batch_0004_00402-D002,EXTREME_TAIL_PHYSICAL_ENVIRONMENT_INCONSISTENCY: VI (7347.4 > 4500),255.54118301478061,7347.430269364382,0.0,Post-Monsoon,3622839029,HP-STG-v1.0.0,Phase 8B v1.0.0
SYNTH_8B_batch_0004_00402,SYNTH-SYNTH_8B_batch_0004_00402-D015,EXTREME_TAIL_PHYSICAL_ENVIRONMENT_INCONSISTENCY: VI (6301.0 > 4500),377.62888774511964,6300.979063191336,0.0,Post-Monsoon,3622839029,HP-STG-v1.0.0,Phase 8B v1.0.0
SYNTH_8B_batch_0004_00402,SYNTH-SYNTH_8B_batch_0004_00402-D016,EXTREME_TAIL_PHYSICAL_ENVIRONMENT_INCONSISTENCY: VI (4658.1 > 4500),285.1873400046745,4658.0910276093855,0.0,Post-Monsoon,3622839029,HP-STG-v1.0.0,Phase 8B v1.0.0
SYNTH_8B_batch_0004_00405,SYNTH-SYNTH_8B_batch_0004_00405-D002,EXTREME_TAIL_PHYSICAL_ENVIRONMENT_INCONSISTENCY: VI (8189.6 > 4500),277.36872556072484,8189.573192649688,0.0,Winter,1087700814,HP-STG-v1.0.0,Phase 8B v1.0.0
SYNTH_8B_batch_0004_00414,SYNTH-SYNTH_8B_batch_0004_00414-D005,EXTREME_TAIL_PHYSICAL_ENVIRONMENT_INCONSISTENCY: VI (5621.3 > 4500),414.8398995647267,5621.28615028866,0.0,Post-Monsoon,1424024492,HP-STG-v1.0.0,Phase 8B v1.0.0
SYNTH_8B_batch_0004_00414,SYNTH-SYNTH_8B_batch_0004_00414-D006,EXTREME_TAIL_PHYSICAL_ENVIRONMENT_INCONSISTENCY: VI (6677.1 > 4500),322.39749417415584,6677.119315077544,0.0,Post-Monsoon,1424024492,HP-STG-v1.0.0,Phase 8B v1.0.0
SYNTH_8B_batch_0004_00414,SYNTH-SYNTH_8B_batch_0004_00414-D007,EXTREME_TAIL_PHYSICAL_ENVIRONMENT_INCONSISTENCY: VI (7171.3 > 4500),275.491412613851,7171.299344835463,0.0,Post-Monsoon,1424024492,HP-STG-v1.0.0,Phase 8B v1.0.0
SYNTH_8B_batch_0004_00418,SYNTH-SYNTH_8B_batch_0004_00418-D005,EXTREME_TAIL_PHYSICAL_ENVIRONMENT_INCONSISTENCY: VI (4949.6 > 4500),359.1589764833507,4949.592984192247,0.0,Post-Monsoon,3788824742,HP-STG-v1.0.0,Phase 8B v1.0.0
SYNTH_8B_batch_0004_00418,SYNTH-SYNTH_8B_batch_0004_00418-D006,EXTREME_TAIL_PHYSICAL_ENVIRONMENT_INCONSISTENCY: VI (6551.8 > 4500),270.5869921122613,6551.7616390174,0.0,Post-Monsoon,3788824742,HP-STG-v1.0.0,Phase 8B v1.0.0
SYNTH_8B_batch_0004_00418,SYNTH-SYNTH_8B_batch_0004_00418-D020,EXTREME_TAIL_PHYSICAL_ENVIRONMENT_INCONSISTENCY: VI (6132.6 > 4500),333.8138537205726,6132.58775046523,0.0,Post-Monsoon,3788824742,HP-STG-v1.0.0,Phase 8B v1.0.0
SYNTH_8B_batch_0004_00418,SYNTH-SYNTH_8B_batch_0004_00418-D021,EXTREME_TAIL_PHYSICAL_ENVIRONMENT_INCONSISTENCY: VI (6180.6 > 4500),287.8351632519523,6180.60849183347,0.0,Post-Monsoon,3788824742,HP-STG-v1.0.0,Phase 8B v1.0.0
SYNTH_8B_batch_0004_00418,SYNTH-SYNTH_8B_batch_0004_00418-D030,EXTREME_TAIL_PHYSICAL_ENVIRONMENT_INCONSISTENCY: VI (4717.3 > 4500),335.1678322588127,4717.305348751263,0.0,Post-Monsoon,3788824742,HP-STG-v1.0.0,Phase 8B v1.0.0
SYNTH_8B_batch_0004_00421,SYNTH-SYNTH_8B_batch_0004_00421-D005,EXTREME_TAIL_PHYSICAL_ENVIRONMENT_INCONSISTENCY: VI (8590.7 > 4500),286.22705623496427,8590.726232764377,0.0,Winter,2645613531,HP-STG-v1.0.0,Phase 8B v1.0.0
SYNTH_8B_batch_0004_00422,SYNTH-SYNTH_8B_batch_0004_00422-D007,EXTREME_TAIL_PHYSICAL_ENVIRONMENT_INCONSISTENCY: VI (7649.1 > 4500),365.0412973548157,7649.110715520514,0.0,Post-Monsoon,836064169,HP-STG-v1.0.0,Phase 8B v1.0.0
SYNTH_8B_batch_0004_00425,SYNTH-SYNTH_8B_batch_0004_00425-D002,EXTREME_TAIL_PHYSICAL_ENVIRONMENT_INCONSISTENCY: VI (8293.3 > 4500),273.8979518884984,8293.306446279512,0.0,Winter,2227659257,HP-STG-v1.0.0,Phase 8B v1.0.0
SYNTH_8B_batch_0004_00425,SYNTH-SYNTH_8B_batch_0004_00425-D008,EXTREME_TAIL_PHYSICAL_ENVIRONMENT_INCONSISTENCY: VI (5881.6 > 4500),258.77167398458755,5881.578334181272,0.0,Winter,2227659257,HP-STG-v1.0.0,Phase 8B v1.0.0
SYNTH_8B_batch_0004_00426,SYNTH-SYNTH_8B_batch_0004_00426-D013,EXTREME_TAIL_PHYSICAL_ENVIRONMENT_INCONSISTENCY: VI (6547.3 > 4500),321.10274986456966,6547.3487860540945,0.0,Post-Monsoon,200897496,HP-STG-v1.0.0,Phase 8B v1.0.0
SYNTH_8B_batch_0004_00426,SYNTH-SYNTH_8B_batch_0004_00426-D014,EXTREME_TAIL_PHYSICAL_ENVIRONMENT_INCONSISTENCY: VI (6345.2 > 4500),268.97553021659314,6345.206281382733,0.0,Post-Monsoon,200897496,HP-STG-v1.0.0,Phase 8B v1.0.0
SYNTH_8B_batch_0004_00426,SYNTH-SYNTH_8B_batch_0004_00426-D018,EXTREME_TAIL_PHYSICAL_ENVIRONMENT_INCONSISTENCY: VI (6677.6 > 4500),274.0088081350414,6677.55805442416,0.0,Post-Monsoon,200897496,HP-STG-v1.0.0,Phase 8B v1.0.0
SYNTH_8B_batch_0004_00426,SYNTH-SYNTH_8B_batch_0004_00426-D024,EXTREME_TAIL_PHYSICAL_ENVIRONMENT_INCONSISTENCY: VI (7263.0 > 4500),271.535829257135,7262.978852859983,0.0,Post-Monsoon,200897496,HP-STG-v1.0.0,Phase 8B v1.0.0
SYNTH_8B_batch_0004_00426,SYNTH-SYNTH_8B_batch_0004_00426-D027,EXTREME_TAIL_PHYSICAL_ENVIRONMENT_INCONSISTENCY: VI (5574.4 > 4500),265.014446577714,5574.370684530381,0.0,Post-Monsoon,200897496,HP-STG-v1.0.0,Phase 8B v1.0.0
SYNTH_8B_batch_0004_00430,SYNTH-SYNTH_8B_batch_0004_00430-D016,EXTREME_TAIL_PHYSICAL_ENVIRONMENT_INCONSISTENCY: VI (5623.4 > 4500),392.6168941441337,5623.4274275960315,0.0,Post-Monsoon,149075245,HP-STG-v1.0.0,Phase 8B v1.0.0
SYNTH_8B_batch_0004_00430,SYNTH-SYNTH_8B_batch_0004_00430-D021,EXTREME_TAIL_PHYSICAL_ENVIRONMENT_INCONSISTENCY: VI (7032.1 > 4500),354.4329621775255,7032.097507604435,0.0,Post-Monsoon,149075245,HP-STG-v1.0.0,Phase 8B v1.0.0
SYNTH_8B_batch_0004_00430,SYNTH-SYNTH_8B_batch_0004_00430-D022,EXTREME_TAIL_PHYSICAL_ENVIRONMENT_INCONSISTENCY: VI (6872.5 > 4500),294.8833912411871,6872.5488939189,0.0,Post-Monsoon,149075245,HP-STG-v1.0.0,Phase 8B v1.0.0
SYNTH_8B_batch_0004_00438,SYNTH-SYNTH_8B_batch_0004_00438-D011,EXTREME_TAIL_PHYSICAL_ENVIRONMENT_INCONSISTENCY: VI (8179.0 > 4500),342.12620551111337,8178.950870945868,0.0,Post-Monsoon,1287958849,HP-STG-v1.0.0,Phase 8B v1.0.0
SYNTH_8B_batch_0004_00442,SYNTH-SYNTH_8B_batch_0004_00442-D002,EXTREME_TAIL_PHYSICAL_ENVIRONMENT_INCONSISTENCY: VI (7615.8 > 4500),271.80134582494594,7615.837773549983,0.0,Post-Monsoon,2338894383,HP-STG-v1.0.0,Phase 8B v1.0.0
SYNTH_8B_batch_0004_00446,SYNTH-SYNTH_8B_batch_0004_00446-D002,EXTREME_TAIL_PHYSICAL_ENVIRONMENT_INCONSISTENCY: VI (6513.8 > 4500),323.3157733734304,6513.818296111855,0.0,Post-Monsoon,2521634294,HP-STG-v1.0.0,Phase 8B v1.0.0
SYNTH_8B_batch_0004_00446,SYNTH-SYNTH_8B_batch_0004_00446-D013,EXTREME_TAIL_PHYSICAL_ENVIRONMENT_INCONSISTENCY: VI (5812.9 > 4500),278.8460368895714,5812.8696500699925,0.0,Post-Monsoon,2521634294,HP-STG-v1.0.0,Phase 8B v1.0.0
SYNTH_8B_batch_0004_00450,SYNTH-SYNTH_8B_batch_0004_00450-D006,EXTREME_TAIL_PHYSICAL_ENVIRONMENT_INCONSISTENCY: VI (5278.5 > 4500),365.5151606761474,5278.532201377497,0.0,Post-Monsoon,4219531513,HP-STG-v1.0.0,Phase 8B v1.0.0
SYNTH_8B_batch_0004_00450,SYNTH-SYNTH_8B_batch_0004_00450-D007,EXTREME_TAIL_PHYSICAL_ENVIRONMENT_INCONSISTENCY: VI (5476.6 > 4500),266.26959187502536,5476.570046014338,0.0,Post-Monsoon,4219531513,HP-STG-v1.0.0,Phase 8B v1.0.0
SYNTH_8B_batch_0004_00458,SYNTH-SYNTH_8B_batch_0004_00458-D002,EXTREME_TAIL_PHYSICAL_ENVIRONMENT_INCONSISTENCY: VI (4764.1 > 4500),283.95761530104835,4764.067539452874,0.0,Post-Monsoon,3734740411,HP-STG-v1.0.0,Phase 8B v1.0.0
SYNTH_8B_batch_0004_00458,SYNTH-SYNTH_8B_batch_0004_00458-D009,EXTREME_TAIL_PHYSICAL_ENVIRONMENT_INCONSISTENCY: VI (8870.9 > 4500),324.2741834512434,8870.870152497017,0.0,Post-Monsoon,3734740411,HP-STG-v1.0.0,Phase 8B v1.0.0
SYNTH_8B_batch_0004_00462,SYNTH-SYNTH_8B_batch_0004_00462-D006,EXTREME_TAIL_PHYSICAL_ENVIRONMENT_INCONSISTENCY: VI (7301.2 > 4500),258.01809872362713,7301.243398316042,0.0,Post-Monsoon,4104491111,HP-STG-v1.0.0,Phase 8B v1.0.0
SYNTH_8B_batch_0004_00462,SYNTH-SYNTH_8B_batch_0004_00462-D023,EXTREME_TAIL_PHYSICAL_ENVIRONMENT_INCONSISTENCY: VI (4978.4 > 4500),350.9310224696018,4978.440909055629,0.0,Post-Monsoon,4104491111,HP-STG-v1.0.0,Phase 8B v1.0.0
SYNTH_8B_batch_0004_00466,SYNTH-SYNTH_8B_batch_0004_00466-D004,EXTREME_TAIL_PHYSICAL_ENVIRONMENT_INCONSISTENCY: VI (6556.6 > 4500),350.2894283395003,6556.603979418964,0.0,Post-Monsoon,4235683679,HP-STG-v1.0.0,Phase 8B v1.0.0
SYNTH_8B_batch_0004_00466,SYNTH-SYNTH_8B_batch_0004_00466-D005,EXTREME_TAIL_PHYSICAL_ENVIRONMENT_INCONSISTENCY: VI (5762.7 > 4500),285.39048680173516,5762.723917609297,0.0,Post-Monsoon,4235683679,HP-STG-v1.0.0,Phase 8B v1.0.0
SYNTH_8B_batch_0004_00466,SYNTH-SYNTH_8B_batch_0004_00466-D029,EXTREME_TAIL_PHYSICAL_ENVIRONMENT_INCONSISTENCY: VI (6619.4 > 4500),278.50743464870976,6619.363636392548,0.0,Post-Monsoon,4235683679,HP-STG-v1.0.0,Phase 8B v1.0.0
SYNTH_8B_batch_0004_00470,SYNTH-SYNTH_8B_batch_0004_00470-D012,EXTREME_TAIL_PHYSICAL_ENVIRONMENT_INCONSISTENCY: VI (6839.0 > 4500),353.2455986388714,6839.030931686668,0.0,Post-Monsoon,267374288,HP-STG-v1.0.0,Phase 8B v1.0.0
SYNTH_8B_batch_0004_00470,SYNTH-SYNTH_8B_batch_0004_00470-D013,EXTREME_TAIL_PHYSICAL_ENVIRONMENT_INCONSISTENCY: VI (5485.2 > 4500),251.48779558970443,5485.172011170592,0.0,Post-Monsoon,267374288,HP-STG-v1.0.0,Phase 8B v1.0.0
SYNTH_8B_batch_0004_00470,SYNTH-SYNTH_8B_batch_0004_00470-D018,EXTREME_TAIL_PHYSICAL_ENVIRONMENT_INCONSISTENCY: VI (6260.9 > 4500),261.00606394912666,6260.926854028396,0.0,Post-Monsoon,267374288,HP-STG-v1.0.0,Phase 8B v1.0.0
SYNTH_8B_batch_0004_00470,SYNTH-SYNTH_8B_batch_0004_00470-D024,EXTREME_TAIL_PHYSICAL_ENVIRONMENT_INCONSISTENCY: VI (8658.7 > 4500),278.1809821616865,8658.672524162866,0.0,Post-Monsoon,267374288,HP-STG-v1.0.0,Phase 8B v1.0.0
SYNTH_8B_batch_0004_00474,SYNTH-SYNTH_8B_batch_0004_00474-D003,EXTREME_TAIL_PHYSICAL_ENVIRONMENT_INCONSISTENCY: VI (7145.5 > 4500),270.0503817042133,7145.525959271885,0.0,Post-Monsoon,3982196245,HP-STG-v1.0.0,Phase 8B v1.0.0
SYNTH_8B_batch_0004_00474,SYNTH-SYNTH_8B_batch_0004_00474-D011,EXTREME_TAIL_PHYSICAL_ENVIRONMENT_INCONSISTENCY: VI (8981.8 > 4500),273.336128581803,8981.750235104926,0.0,Post-Monsoon,3982196245,HP-STG-v1.0.0,Phase 8B v1.0.0
SYNTH_8B_batch_0004_00474,SYNTH-SYNTH_8B_batch_0004_00474-D025,EXTREME_TAIL_PHYSICAL_ENVIRONMENT_INCONSISTENCY: VI (6213.7 > 4500),251.70464763841085,6213.653455294794,0.0,Post-Monsoon,3982196245,HP-STG-v1.0.0,Phase 8B v1.0.0
SYNTH_8B_batch_0004_00478,SYNTH-SYNTH_8B_batch_0004_00478-D008,EXTREME_TAIL_PHYSICAL_ENVIRONMENT_INCONSISTENCY: VI (6805.9 > 4500),258.3743274776325,6805.902787389616,0.0,Post-Monsoon,2185632819,HP-STG-v1.0.0,Phase 8B v1.0.0
SYNTH_8B_batch_0004_00494,SYNTH-SYNTH_8B_batch_0004_00494-D015,EXTREME_TAIL_PHYSICAL_ENVIRONMENT_INCONSISTENCY: VI (5168.7 > 4500),304.14097251636576,5168.670511615416,0.0,Post-Monsoon,2825040109,HP-STG-v1.0.0,Phase 8B v1.0.0
SYNTH_8B_batch_0004_00494,SYNTH-SYNTH_8B_batch_0004_00494-D016,EXTREME_TAIL_PHYSICAL_ENVIRONMENT_INCONSISTENCY: VI (5906.2 > 4500),264.74867208058146,5906.24695410352,0.0,Post-Monsoon,2825040109,HP-STG-v1.0.0,Phase 8B v1.0.0
SYNTH_8B_batch_0004_00494,SYNTH-SYNTH_8B_batch_0004_00494-D018,EXTREME_TAIL_PHYSICAL_ENVIRONMENT_INCONSISTENCY: VI (6621.4 > 4500),255.9599983559394,6621.381633581068,0.0,Post-Monsoon,2825040109,HP-STG-v1.0.0,Phase 8B v1.0.0
SYNTH_8B_batch_0004_00494,SYNTH-SYNTH_8B_batch_0004_00494-D029,EXTREME_TAIL_PHYSICAL_ENVIRONMENT_INCONSISTENCY: VI (6916.8 > 4500),275.4912475392539,6916.760940136648,0.0,Post-Monsoon,2825040109,HP-STG-v1.0.0,Phase 8B v1.0.0
SYNTH_8B_batch_0004_00498,SYNTH-SYNTH_8B_batch_0004_00498-D007,EXTREME_TAIL_PHYSICAL_ENVIRONMENT_INCONSISTENCY: VI (6425.5 > 4500),341.76230560319823,6425.5041605636125,0.0,Post-Monsoon,2830673213,HP-STG-v1.0.0,Phase 8B v1.0.0
SYNTH_8B_batch_0004_00498,SYNTH-SYNTH_8B_batch_0004_00498-D030,EXTREME_TAIL_PHYSICAL_ENVIRONMENT_INCONSISTENCY: VI (6179.7 > 4500),353.7647061368912,6179.650215156422,0.0,Post-Monsoon,2830673213,HP-STG-v1.0.0,Phase 8B v1.0.0
SYNTH_8B_batch_0004_00502,SYNTH-SYNTH_8B_batch_0004_00502-D009,EXTREME_TAIL_PHYSICAL_ENVIRONMENT_INCONSISTENCY: VI (7991.2 > 4500),358.48887518097496,7991.220714524869,0.0,Post-Monsoon,3837220579,HP-STG-v1.0.0,Phase 8B v1.0.0
SYNTH_8B_batch_0004_00502,SYNTH-SYNTH_8B_batch_0004_00502-D010,EXTREME_TAIL_PHYSICAL_ENVIRONMENT_INCONSISTENCY: VI (6723.6 > 4500),304.15749823453575,6723.5584585611705,0.0,Post-Monsoon,3837220579,HP-STG-v1.0.0,Phase 8B v1.0.0
SYNTH_8B_batch_0004_00502,SYNTH-SYNTH_8B_batch_0004_00502-D027,EXTREME_TAIL_PHYSICAL_ENVIRONMENT_INCONSISTENCY: VI (6202.4 > 4500),375.50384198115796,6202.377509635305,0.0,Post-Monsoon,3837220579,HP-STG-v1.0.0,Phase 8B v1.0.0
SYNTH_8B_batch_0004_00505,SYNTH-SYNTH_8B_batch_0004_00505-D003,EXTREME_TAIL_PHYSICAL_ENVIRONMENT_INCONSISTENCY: VI (9531.4 > 4500),258.64061549576724,9531.404117694748,0.0,Winter,3193377287,HP-STG-v1.0.0,Phase 8B v1.0.0
SYNTH_8B_batch_0004_00506,SYNTH-SYNTH_8B_batch_0004_00506-D011,EXTREME_TAIL_PHYSICAL_ENVIRONMENT_INCONSISTENCY: VI (8551.2 > 4500),326.0889702977773,8551.154971163434,0.0,Post-Monsoon,311155803,HP-STG-v1.0.0,Phase 8B v1.0.0
SYNTH_8B_batch_0004_00506,SYNTH-SYNTH_8B_batch_0004_00506-D012,EXTREME_TAIL_PHYSICAL_ENVIRONMENT_INCONSISTENCY: VI (6524.9 > 4500),271.0409555086592,6524.9314317139715,0.0,Post-Monsoon,311155803,HP-STG-v1.0.0,Phase 8B v1.0.0
SYNTH_8B_batch_0004_00506,SYNTH-SYNTH_8B_batch_0004_00506-D018,EXTREME_TAIL_PHYSICAL_ENVIRONMENT_INCONSISTENCY: VI (5721.0 > 4500),251.08403819888142,5721.034590607808,0.0,Post-Monsoon,311155803,HP-STG-v1.0.0,Phase 8B v1.0.0
SYNTH_8B_batch_0004_00506,SYNTH-SYNTH_8B_batch_0004_00506-D022,EXTREME_TAIL_PHYSICAL_ENVIRONMENT_INCONSISTENCY: VI (6046.8 > 4500),259.3136525713857,6046.843313048463,0.0,Post-Monsoon,311155803,HP-STG-v1.0.0,Phase 8B v1.0.0
SYNTH_8B_batch_0004_00510,SYNTH-SYNTH_8B_batch_0004_00510-D002,EXTREME_TAIL_PHYSICAL_ENVIRONMENT_INCONSISTENCY: VI (6731.9 > 4500),292.18794989224796,6731.9341220801225,0.0,Post-Monsoon,4268048615,HP-STG-v1.0.0,Phase 8B v1.0.0
SYNTH_8B_batch_0004_00521,SYNTH-SYNTH_8B_batch_0004_00521-D002,EXTREME_TAIL_PHYSICAL_ENVIRONMENT_INCONSISTENCY: VI (10940.5 > 4500),260.3042602355322,10940.511571896348,0.0,Winter,3989502148,HP-STG-v1.0.0,Phase 8B v1.0.0
SYNTH_8B_batch_0004_00522,SYNTH-SYNTH_8B_batch_0004_00522-D002,EXTREME_TAIL_PHYSICAL_ENVIRONMENT_INCONSISTENCY: VI (6808.4 > 4500),341.5692199601604,6808.394431788431,0.0,Post-Monsoon,2718362994,HP-STG-v1.0.0,Phase 8B v1.0.0
SYNTH_8B_batch_0004_00522,SYNTH-SYNTH_8B_batch_0004_00522-D004,EXTREME_TAIL_PHYSICAL_ENVIRONMENT_INCONSISTENCY: VI (6062.2 > 4500),298.19247671642944,6062.2170599440415,0.0,Post-Monsoon,2718362994,HP-STG-v1.0.0,Phase 8B v1.0.0
SYNTH_8B_batch_0004_00522,SYNTH-SYNTH_8B_batch_0004_00522-D022,EXTREME_TAIL_PHYSICAL_ENVIRONMENT_INCONSISTENCY: VI (7459.1 > 4500),280.21991231238206,7459.104983751071,0.0,Post-Monsoon,2718362994,HP-STG-v1.0.0,Phase 8B v1.0.0
SYNTH_8B_batch_0004_00522,SYNTH-SYNTH_8B_batch_0004_00522-D023,EXTREME_TAIL_PHYSICAL_ENVIRONMENT_INCONSISTENCY: VI (6163.9 > 4500),277.1529507645725,6163.926808211285,0.0,Post-Monsoon,2718362994,HP-STG-v1.0.0,Phase 8B v1.0.0
SYNTH_8B_batch_0004_00522,SYNTH-SYNTH_8B_batch_0004_00522-D026,EXTREME_TAIL_PHYSICAL_ENVIRONMENT_INCONSISTENCY: VI (6360.4 > 4500),275.74563557844516,6360.378164787808,0.0,Post-Monsoon,2718362994,HP-STG-v1.0.0,Phase 8B v1.0.0
SYNTH_8B_batch_0004_00526,SYNTH-SYNTH_8B_batch_0004_00526-D006,EXTREME_TAIL_PHYSICAL_ENVIRONMENT_INCONSISTENCY: VI (4932.9 > 4500),283.8205122907999,4932.881882090102,0.0,Post-Monsoon,2722869993,HP-STG-v1.0.0,Phase 8B v1.0.0
SYNTH_8B_batch_0004_00526,SYNTH-SYNTH_8B_batch_0004_00526-D007,EXTREME_TAIL_PHYSICAL_ENVIRONMENT_INCONSISTENCY: VI (6371.5 > 4500),250.70102347517218,6371.4600084991,0.0,Post-Monsoon,2722869993,HP-STG-v1.0.0,Phase 8B v1.0.0
SYNTH_8B_batch_0004_00526,SYNTH-SYNTH_8B_batch_0004_00526-D015,EXTREME_TAIL_PHYSICAL_ENVIRONMENT_INCONSISTENCY: VI (6945.2 > 4500),266.37099569872987,6945.242820287214,0.0,Post-Monsoon,2722869993,HP-STG-v1.0.0,Phase 8B v1.0.0
SYNTH_8B_batch_0004_00529,SYNTH-SYNTH_8B_batch_0004_00529-D005,EXTREME_TAIL_PHYSICAL_ENVIRONMENT_INCONSISTENCY: VI (7900.4 > 4500),277.26758399911574,7900.418978464192,0.0,Winter,2863040106,HP-STG-v1.0.0,Phase 8B v1.0.0
SYNTH_8B_batch_0004_00530,SYNTH-SYNTH_8B_batch_0004_00530-D006,EXTREME_TAIL_PHYSICAL_ENVIRONMENT_INCONSISTENCY: VI (8032.6 > 4500),315.54120809778544,8032.562781463137,0.0,Post-Monsoon,2229173824,HP-STG-v1.0.0,Phase 8B v1.0.0
SYNTH_8B_batch_0004_00530,SYNTH-SYNTH_8B_batch_0004_00530-D007,EXTREME_TAIL_PHYSICAL_ENVIRONMENT_INCONSISTENCY: VI (5207.6 > 4500),274.4156094419417,5207.635783677283,0.0,Post-Monsoon,2229173824,HP-STG-v1.0.0,Phase 8B v1.0.0
SYNTH_8B_batch_0004_00533,SYNTH-SYNTH_8B_batch_0004_00533-D003,EXTREME_TAIL_PHYSICAL_ENVIRONMENT_INCONSISTENCY: VI (8516.7 > 4500),252.1102353181491,8516.705211528639,0.0,Winter,1270890236,HP-STG-v1.0.0,Phase 8B v1.0.0
SYNTH_8B_batch_0004_00534,SYNTH-SYNTH_8B_batch_0004_00534-D017,EXTREME_TAIL_PHYSICAL_ENVIRONMENT_INCONSISTENCY: VI (6701.4 > 4500),257.52298589707243,6701.410557426728,0.0,Post-Monsoon,3279968273,HP-STG-v1.0.0,Phase 8B v1.0.0
SYNTH_8B_batch_0004_00538,SYNTH-SYNTH_8B_batch_0004_00538-D013,EXTREME_TAIL_PHYSICAL_ENVIRONMENT_INCONSISTENCY: VI (5431.5 > 4500),287.6698992723365,5431.489325028324,0.0,Post-Monsoon,2067675826,HP-STG-v1.0.0,Phase 8B v1.0.0
SYNTH_8B_batch_0004_00542,SYNTH-SYNTH_8B_batch_0004_00542-D025,EXTREME_TAIL_PHYSICAL_ENVIRONMENT_INCONSISTENCY: VI (4870.6 > 4500),263.9655024083256,4870.63370028438,0.0,Post-Monsoon,1902566816,HP-STG-v1.0.0,Phase 8B v1.0.0
SYNTH_8B_batch_0004_00545,SYNTH-SYNTH_8B_batch_0004_00545-D012,EXTREME_TAIL_PHYSICAL_ENVIRONMENT_INCONSISTENCY: VI (6686.3 > 4500),341.7796518418161,6686.316541586077,0.0,Winter,1431155917,HP-STG-v1.0.0,Phase 8B v1.0.0
SYNTH_8B_batch_0004_00545,SYNTH-SYNTH_8B_batch_0004_00545-D013,EXTREME_TAIL_PHYSICAL_ENVIRONMENT_INCONSISTENCY: VI (8392.7 > 4500),273.6094860382876,8392.749980773791,0.0,Winter,1431155917,HP-STG-v1.0.0,Phase 8B v1.0.0
SYNTH_8B_batch_0004_00546,SYNTH-SYNTH_8B_batch_0004_00546-D005,EXTREME_TAIL_PHYSICAL_ENVIRONMENT_INCONSISTENCY: VI (7294.5 > 4500),328.2987766349233,7294.460888851476,0.0,Post-Monsoon,3524669963,HP-STG-v1.0.0,Phase 8B v1.0.0
SYNTH_8B_batch_0004_00546,SYNTH-SYNTH_8B_batch_0004_00546-D006,EXTREME_TAIL_PHYSICAL_ENVIRONMENT_INCONSISTENCY: VI (6923.5 > 4500),276.82508263266055,6923.50586384381,0.0,Post-Monsoon,3524669963,HP-STG-v1.0.0,Phase 8B v1.0.0
SYNTH_8B_batch_0004_00546,SYNTH-SYNTH_8B_batch_0004_00546-D009,EXTREME_TAIL_PHYSICAL_ENVIRONMENT_INCONSISTENCY: VI (6105.8 > 4500),258.8094648536752,6105.79444136558,0.0,Post-Monsoon,3524669963,HP-STG-v1.0.0,Phase 8B v1.0.0
SYNTH_8B_batch_0004_00554,SYNTH-SYNTH_8B_batch_0004_00554-D002,EXTREME_TAIL_PHYSICAL_ENVIRONMENT_INCONSISTENCY: VI (5783.5 > 4500),284.64890796205344,5783.489459857203,0.0,Post-Monsoon,3112463723,HP-STG-v1.0.0,Phase 8B v1.0.0
SYNTH_8B_batch_0004_00554,SYNTH-SYNTH_8B_batch_0004_00554-D009,EXTREME_TAIL_PHYSICAL_ENVIRONMENT_INCONSISTENCY: VI (7619.0 > 4500),254.1228598581243,7619.0410109453705,0.0,Post-Monsoon,3112463723,HP-STG-v1.0.0,Phase 8B v1.0.0
SYNTH_8B_batch_0004_00554,SYNTH-SYNTH_8B_batch_0004_00554-D018,EXTREME_TAIL_PHYSICAL_ENVIRONMENT_INCONSISTENCY: VI (8405.2 > 4500),292.7762241412453,8405.17784272725,0.0,Post-Monsoon,3112463723,HP-STG-v1.0.0,Phase 8B v1.0.0
SYNTH_8B_batch_0004_00554,SYNTH-SYNTH_8B_batch_0004_00554-D027,EXTREME_TAIL_PHYSICAL_ENVIRONMENT_INCONSISTENCY: VI (5973.3 > 4500),372.50547757508633,5973.287764983077,0.0,Post-Monsoon,3112463723,HP-STG-v1.0.0,Phase 8B v1.0.0
SYNTH_8B_batch_0004_00554,SYNTH-SYNTH_8B_batch_0004_00554-D028,EXTREME_TAIL_PHYSICAL_ENVIRONMENT_INCONSISTENCY: VI (6938.3 > 4500),289.87924969781125,6938.272922891575,0.0,Post-Monsoon,3112463723,HP-STG-v1.0.0,Phase 8B v1.0.0
SYNTH_8B_batch_0004_00558,SYNTH-SYNTH_8B_batch_0004_00558-D013,EXTREME_TAIL_PHYSICAL_ENVIRONMENT_INCONSISTENCY: VI (5174.2 > 4500),344.68614364127103,5174.2470465091965,0.0,Post-Monsoon,4040685979,HP-STG-v1.0.0,Phase 8B v1.0.0
SYNTH_8B_batch_0004_00558,SYNTH-SYNTH_8B_batch_0004_00558-D014,EXTREME_TAIL_PHYSICAL_ENVIRONMENT_INCONSISTENCY: VI (7691.2 > 4500),250.65797669026023,7691.18345887395,0.0,Post-Monsoon,4040685979,HP-STG-v1.0.0,Phase 8B v1.0.0
SYNTH_8B_batch_0004_00558,SYNTH-SYNTH_8B_batch_0004_00558-D028,EXTREME_TAIL_PHYSICAL_ENVIRONMENT_INCONSISTENCY: VI (7323.2 > 4500),318.70131963355584,7323.198640577592,0.0,Post-Monsoon,4040685979,HP-STG-v1.0.0,Phase 8B v1.0.0
SYNTH_8B_batch_0004_00558,SYNTH-SYNTH_8B_batch_0004_00558-D030,EXTREME_TAIL_PHYSICAL_ENVIRONMENT_INCONSISTENCY: VI (6802.8 > 4500),334.23622341958304,6802.797235466754,0.0,Post-Monsoon,4040685979,HP-STG-v1.0.0,Phase 8B v1.0.0
SYNTH_8B_batch_0004_00562,SYNTH-SYNTH_8B_batch_0004_00562-D005,EXTREME_TAIL_PHYSICAL_ENVIRONMENT_INCONSISTENCY: VI (6982.2 > 4500),321.48217532334263,6982.188102639747,0.0,Post-Monsoon,3315488466,HP-STG-v1.0.0,Phase 8B v1.0.0
SYNTH_8B_batch_0004_00562,SYNTH-SYNTH_8B_batch_0004_00562-D006,EXTREME_TAIL_PHYSICAL_ENVIRONMENT_INCONSISTENCY: VI (6454.4 > 4500),258.4182183120944,6454.444294760574,0.0,Post-Monsoon,3315488466,HP-STG-v1.0.0,Phase 8B v1.0.0
SYNTH_8B_batch_0004_00562,SYNTH-SYNTH_8B_batch_0004_00562-D027,EXTREME_TAIL_PHYSICAL_ENVIRONMENT_INCONSISTENCY: VI (6348.0 > 4500),275.08032617897624,6348.032373055217,0.0,Post-Monsoon,3315488466,HP-STG-v1.0.0,Phase 8B v1.0.0
SYNTH_8B_batch_0004_00566,SYNTH-SYNTH_8B_batch_0004_00566-D005,EXTREME_TAIL_PHYSICAL_ENVIRONMENT_INCONSISTENCY: VI (5362.1 > 4500),337.32028551986053,5362.11153701844,0.0,Post-Monsoon,1828146135,HP-STG-v1.0.0,Phase 8B v1.0.0
SYNTH_8B_batch_0004_00566,SYNTH-SYNTH_8B_batch_0004_00566-D006,EXTREME_TAIL_PHYSICAL_ENVIRONMENT_INCONSISTENCY: VI (7558.7 > 4500),266.27055829199685,7558.742769289934,0.0,Post-Monsoon,1828146135,HP-STG-v1.0.0,Phase 8B v1.0.0
SYNTH_8B_batch_0004_00566,SYNTH-SYNTH_8B_batch_0004_00566-D009,EXTREME_TAIL_PHYSICAL_ENVIRONMENT_INCONSISTENCY: VI (8388.9 > 4500),285.7663332822058,8388.906735090806,0.0,Post-Monsoon,1828146135,HP-STG-v1.0.0,Phase 8B v1.0.0
SYNTH_8B_batch_0004_00566,SYNTH-SYNTH_8B_batch_0004_00566-D011,EXTREME_TAIL_PHYSICAL_ENVIRONMENT_INCONSISTENCY: VI (6070.3 > 4500),270.02773862993314,6070.332664821016,0.0,Post-Monsoon,1828146135,HP-STG-v1.0.0,Phase 8B v1.0.0
SYNTH_8B_batch_0004_00570,SYNTH-SYNTH_8B_batch_0004_00570-D009,EXTREME_TAIL_PHYSICAL_ENVIRONMENT_INCONSISTENCY: VI (6496.0 > 4500),369.98194324583966,6495.97894778531,0.0,Post-Monsoon,3604551519,HP-STG-v1.0.0,Phase 8B v1.0.0
SYNTH_8B_batch_0004_00570,SYNTH-SYNTH_8B_batch_0004_00570-D010,EXTREME_TAIL_PHYSICAL_ENVIRONMENT_INCONSISTENCY: VI (5295.5 > 4500),281.8438044524617,5295.481346739063,0.0,Post-Monsoon,3604551519,HP-STG-v1.0.0,Phase 8B v1.0.0
SYNTH_8B_batch_0004_00570,SYNTH-SYNTH_8B_batch_0004_00570-D011,EXTREME_TAIL_PHYSICAL_ENVIRONMENT_INCONSISTENCY: VI (6156.2 > 4500),297.69945374676945,6156.236301209392,0.0,Post-Monsoon,3604551519,HP-STG-v1.0.0,Phase 8B v1.0.0
SYNTH_8B_batch_0004_00570,SYNTH-SYNTH_8B_batch_0004_00570-D022,EXTREME_TAIL_PHYSICAL_ENVIRONMENT_INCONSISTENCY: VI (5600.6 > 4500),361.5483965304344,5600.612013771876,0.0,Post-Monsoon,3604551519,HP-STG-v1.0.0,Phase 8B v1.0.0
SYNTH_8B_batch_0004_00570,SYNTH-SYNTH_8B_batch_0004_00570-D023,EXTREME_TAIL_PHYSICAL_ENVIRONMENT_INCONSISTENCY: VI (8802.9 > 4500),269.38531814157875,8802.89200369395,0.0,Post-Monsoon,3604551519,HP-STG-v1.0.0,Phase 8B v1.0.0
SYNTH_8B_batch_0004_00573,SYNTH-SYNTH_8B_batch_0004_00573-D008,EXTREME_TAIL_PHYSICAL_ENVIRONMENT_INCONSISTENCY: VI (5605.1 > 4500),300.17510942363026,5605.071472108668,0.0,Winter,127579533,HP-STG-v1.0.0,Phase 8B v1.0.0
SYNTH_8B_batch_0004_00577,SYNTH-SYNTH_8B_batch_0004_00577-D002,EXTREME_TAIL_PHYSICAL_ENVIRONMENT_INCONSISTENCY: VI (6867.3 > 4500),266.3588937073726,6867.29386808301,0.0,Winter,1020339925,HP-STG-v1.0.0,Phase 8B v1.0.0
SYNTH_8B_batch_0004_00578,SYNTH-SYNTH_8B_batch_0004_00578-D003,EXTREME_TAIL_PHYSICAL_ENVIRONMENT_INCONSISTENCY: VI (5189.2 > 4500),260.60279773540003,5189.197366977954,0.0,Post-Monsoon,2846671743,HP-STG-v1.0.0,Phase 8B v1.0.0
SYNTH_8B_batch_0004_00578,SYNTH-SYNTH_8B_batch_0004_00578-D019,EXTREME_TAIL_PHYSICAL_ENVIRONMENT_INCONSISTENCY: VI (6516.7 > 4500),352.50302460629325,6516.652359608569,0.0,Post-Monsoon,2846671743,HP-STG-v1.0.0,Phase 8B v1.0.0
SYNTH_8B_batch_0004_00578,SYNTH-SYNTH_8B_batch_0004_00578-D021,EXTREME_TAIL_PHYSICAL_ENVIRONMENT_INCONSISTENCY: VI (4680.8 > 4500),258.11956525225946,4680.813482807669,0.0,Post-Monsoon,2846671743,HP-STG-v1.0.0,Phase 8B v1.0.0
SYNTH_8B_batch_0004_00590,SYNTH-SYNTH_8B_batch_0004_00590-D007,EXTREME_TAIL_PHYSICAL_ENVIRONMENT_INCONSISTENCY: VI (6896.7 > 4500),329.8846323800529,6896.712697157886,0.0,Post-Monsoon,2856455977,HP-STG-v1.0.0,Phase 8B v1.0.0
SYNTH_8B_batch_0004_00590,SYNTH-SYNTH_8B_batch_0004_00590-D008,EXTREME_TAIL_PHYSICAL_ENVIRONMENT_INCONSISTENCY: VI (5299.7 > 4500),275.2314316109737,5299.680041321455,0.0,Post-Monsoon,2856455977,HP-STG-v1.0.0,Phase 8B v1.0.0
SYNTH_8B_batch_0004_00590,SYNTH-SYNTH_8B_batch_0004_00590-D009,EXTREME_TAIL_PHYSICAL_ENVIRONMENT_INCONSISTENCY: VI (6021.6 > 4500),266.36417666443515,6021.560302772337,0.0,Post-Monsoon,2856455977,HP-STG-v1.0.0,Phase 8B v1.0.0
SYNTH_8B_batch_0004_00590,SYNTH-SYNTH_8B_batch_0004_00590-D013,EXTREME_TAIL_PHYSICAL_ENVIRONMENT_INCONSISTENCY: VI (7749.6 > 4500),272.02939570676807,7749.6344373326265,0.0,Post-Monsoon,2856455977,HP-STG-v1.0.0,Phase 8B v1.0.0
SYNTH_8B_batch_0004_00593,SYNTH-SYNTH_8B_batch_0004_00593-D007,EXTREME_TAIL_PHYSICAL_ENVIRONMENT_INCONSISTENCY: VI (8260.5 > 4500),264.5413991793948,8260.536824275407,0.0,Winter,2249713687,HP-STG-v1.0.0,Phase 8B v1.0.0
SYNTH_8B_batch_0004_00594,SYNTH-SYNTH_8B_batch_0004_00594-D007,EXTREME_TAIL_PHYSICAL_ENVIRONMENT_INCONSISTENCY: VI (5505.0 > 4500),390.78320130093533,5504.989257980463,0.0,Post-Monsoon,1546557316,HP-STG-v1.0.0,Phase 8B v1.0.0
SYNTH_8B_batch_0004_00594,SYNTH-SYNTH_8B_batch_0004_00594-D010,EXTREME_TAIL_PHYSICAL_ENVIRONMENT_INCONSISTENCY: VI (6056.2 > 4500),347.86428232169015,6056.224030573911,0.0,Post-Monsoon,1546557316,HP-STG-v1.0.0,Phase 8B v1.0.0
SYNTH_8B_batch_0004_00594,SYNTH-SYNTH_8B_batch_0004_00594-D019,EXTREME_TAIL_PHYSICAL_ENVIRONMENT_INCONSISTENCY: VI (5061.0 > 4500),351.9511641146343,5060.986891309281,0.0,Post-Monsoon,1546557316,HP-STG-v1.0.0,Phase 8B v1.0.0
SYNTH_8B_batch_0004_00594,SYNTH-SYNTH_8B_batch_0004_00594-D020,EXTREME_TAIL_PHYSICAL_ENVIRONMENT_INCONSISTENCY: VI (5949.5 > 4500),289.42170560183035,5949.538960591883,0.0,Post-Monsoon,1546557316,HP-STG-v1.0.0,Phase 8B v1.0.0
SYNTH_8B_batch_0004_00598,SYNTH-SYNTH_8B_batch_0004_00598-D014,EXTREME_TAIL_PHYSICAL_ENVIRONMENT_INCONSISTENCY: VI (6159.1 > 4500),251.97434702997927,6159.117012637062,0.0,Post-Monsoon,4113789046,HP-STG-v1.0.0,Phase 8B v1.0.0
SYNTH_8B_batch_0004_00598,SYNTH-SYNTH_8B_batch_0004_00598-D026,EXTREME_TAIL_PHYSICAL_ENVIRONMENT_INCONSISTENCY: VI (5156.1 > 4500),300.0897341027552,5156.098293125641,0.0,Post-Monsoon,4113789046,HP-STG-v1.0.0,Phase 8B v1.0.0
SYNTH_8B_batch_0004_00602,SYNTH-SYNTH_8B_batch_0004_00602-D004,EXTREME_TAIL_PHYSICAL_ENVIRONMENT_INCONSISTENCY: VI (5741.0 > 4500),343.15088107175757,5740.997448241026,0.0,Post-Monsoon,818547983,HP-STG-v1.0.0,Phase 8B v1.0.0
SYNTH_8B_batch_0004_00602,SYNTH-SYNTH_8B_batch_0004_00602-D005,EXTREME_TAIL_PHYSICAL_ENVIRONMENT_INCONSISTENCY: VI (6276.1 > 4500),257.2352237671457,6276.065124065638,0.0,Post-Monsoon,818547983,HP-STG-v1.0.0,Phase 8B v1.0.0
SYNTH_8B_batch_0004_00602,SYNTH-SYNTH_8B_batch_0004_00602-D024,EXTREME_TAIL_PHYSICAL_ENVIRONMENT_INCONSISTENCY: VI (5287.5 > 4500),381.53999126821645,5287.510901055973,0.0,Post-Monsoon,818547983,HP-STG-v1.0.0,Phase 8B v1.0.0
SYNTH_8B_batch_0004_00602,SYNTH-SYNTH_8B_batch_0004_00602-D025,EXTREME_TAIL_PHYSICAL_ENVIRONMENT_INCONSISTENCY: VI (5365.5 > 4500),313.2109974761131,5365.473923598815,0.0,Post-Monsoon,818547983,HP-STG-v1.0.0,Phase 8B v1.0.0
SYNTH_8B_batch_0004_00602,SYNTH-SYNTH_8B_batch_0004_00602-D026,EXTREME_TAIL_PHYSICAL_ENVIRONMENT_INCONSISTENCY: VI (4570.6 > 4500),251.3494020977452,4570.634528849151,0.0,Post-Monsoon,818547983,HP-STG-v1.0.0,Phase 8B v1.0.0
SYNTH_8B_batch_0004_00606,SYNTH-SYNTH_8B_batch_0004_00606-D019,EXTREME_TAIL_PHYSICAL_ENVIRONMENT_INCONSISTENCY: VI (6474.5 > 4500),298.235808700172,6474.452876621629,0.0,Post-Monsoon,876557954,HP-STG-v1.0.0,Phase 8B v1.0.0
SYNTH_8B_batch_0004_00614,SYNTH-SYNTH_8B_batch_0004_00614-D026,EXTREME_TAIL_PHYSICAL_ENVIRONMENT_INCONSISTENCY: VI (5515.4 > 4500),373.9196203729946,5515.4193394204385,0.0,Post-Monsoon,579649950,HP-STG-v1.0.0,Phase 8B v1.0.0
SYNTH_8B_batch_0004_00614,SYNTH-SYNTH_8B_batch_0004_00614-D027,EXTREME_TAIL_PHYSICAL_ENVIRONMENT_INCONSISTENCY: VI (7813.8 > 4500),301.20081220953824,7813.799705844839,0.0,Post-Monsoon,579649950,HP-STG-v1.0.0,Phase 8B v1.0.0
SYNTH_8B_batch_0004_00622,SYNTH-SYNTH_8B_batch_0004_00622-D002,EXTREME_TAIL_PHYSICAL_ENVIRONMENT_INCONSISTENCY: VI (7030.9 > 4500),295.15961903270323,7030.879348449075,0.0,Post-Monsoon,3070836229,HP-STG-v1.0.0,Phase 8B v1.0.0
SYNTH_8B_batch_0004_00626,SYNTH-SYNTH_8B_batch_0004_00626-D010,EXTREME_TAIL_PHYSICAL_ENVIRONMENT_INCONSISTENCY: VI (8156.2 > 4500),376.50314830723613,8156.168522170513,0.0,Post-Monsoon,3865940213,HP-STG-v1.0.0,Phase 8B v1.0.0
SYNTH_8B_batch_0004_00626,SYNTH-SYNTH_8B_batch_0004_00626-D011,EXTREME_TAIL_PHYSICAL_ENVIRONMENT_INCONSISTENCY: VI (5632.0 > 4500),317.81214595735264,5632.026573343818,0.0,Post-Monsoon,3865940213,HP-STG-v1.0.0,Phase 8B v1.0.0
SYNTH_8B_batch_0004_00626,SYNTH-SYNTH_8B_batch_0004_00626-D014,EXTREME_TAIL_PHYSICAL_ENVIRONMENT_INCONSISTENCY: VI (8130.1 > 4500),338.8030459993311,8130.067302878484,0.0,Post-Monsoon,3865940213,HP-STG-v1.0.0,Phase 8B v1.0.0
SYNTH_8B_batch_0004_00626,SYNTH-SYNTH_8B_batch_0004_00626-D024,EXTREME_TAIL_PHYSICAL_ENVIRONMENT_INCONSISTENCY: VI (7628.5 > 4500),344.74845557197483,7628.5140813233875,0.0,Post-Monsoon,3865940213,HP-STG-v1.0.0,Phase 8B v1.0.0
SYNTH_8B_batch_0004_00626,SYNTH-SYNTH_8B_batch_0004_00626-D025,EXTREME_TAIL_PHYSICAL_ENVIRONMENT_INCONSISTENCY: VI (7047.6 > 4500),265.4918349913635,7047.577694959041,0.0,Post-Monsoon,3865940213,HP-STG-v1.0.0,Phase 8B v1.0.0
SYNTH_8B_batch_0004_00630,SYNTH-SYNTH_8B_batch_0004_00630-D012,EXTREME_TAIL_PHYSICAL_ENVIRONMENT_INCONSISTENCY: VI (5825.0 > 4500),368.88841225625043,5825.027384308152,0.0,Post-Monsoon,2387826117,HP-STG-v1.0.0,Phase 8B v1.0.0
SYNTH_8B_batch_0004_00630,SYNTH-SYNTH_8B_batch_0004_00630-D013,EXTREME_TAIL_PHYSICAL_ENVIRONMENT_INCONSISTENCY: VI (8022.9 > 4500),276.0205640505923,8022.889081745588,0.0,Post-Monsoon,2387826117,HP-STG-v1.0.0,Phase 8B v1.0.0
SYNTH_8B_batch_0004_00630,SYNTH-SYNTH_8B_batch_0004_00630-D014,EXTREME_TAIL_PHYSICAL_ENVIRONMENT_INCONSISTENCY: VI (5064.5 > 4500),275.15673895817326,5064.538638412731,0.0,Post-Monsoon,2387826117,HP-STG-v1.0.0,Phase 8B v1.0.0
SYNTH_8B_batch_0004_00630,SYNTH-SYNTH_8B_batch_0004_00630-D019,EXTREME_TAIL_PHYSICAL_ENVIRONMENT_INCONSISTENCY: VI (8673.0 > 4500),348.97919565263453,8672.985495741019,0.0,Post-Monsoon,2387826117,HP-STG-v1.0.0,Phase 8B v1.0.0
SYNTH_8B_batch_0004_00630,SYNTH-SYNTH_8B_batch_0004_00630-D021,EXTREME_TAIL_PHYSICAL_ENVIRONMENT_INCONSISTENCY: VI (6623.8 > 4500),258.3737176028253,6623.846486457815,0.0,Post-Monsoon,2387826117,HP-STG-v1.0.0,Phase 8B v1.0.0
SYNTH_8B_batch_0004_00638,SYNTH-SYNTH_8B_batch_0004_00638-D019,EXTREME_TAIL_PHYSICAL_ENVIRONMENT_INCONSISTENCY: VI (7589.6 > 4500),345.0452700903555,7589.572869452964,0.0,Post-Monsoon,2025530014,HP-STG-v1.0.0,Phase 8B v1.0.0
SYNTH_8B_batch_0004_00638,SYNTH-SYNTH_8B_batch_0004_00638-D024,EXTREME_TAIL_PHYSICAL_ENVIRONMENT_INCONSISTENCY: VI (5793.8 > 4500),346.61853483158654,5793.791812836736,0.0,Post-Monsoon,2025530014,HP-STG-v1.0.0,Phase 8B v1.0.0
SYNTH_8B_batch_0004_00638,SYNTH-SYNTH_8B_batch_0004_00638-D028,EXTREME_TAIL_PHYSICAL_ENVIRONMENT_INCONSISTENCY: VI (5965.3 > 4500),304.52449660604873,5965.251869147083,0.0,Post-Monsoon,2025530014,HP-STG-v1.0.0,Phase 8B v1.0.0
SYNTH_8B_batch_0004_00650,SYNTH-SYNTH_8B_batch_0004_00650-D004,EXTREME_TAIL_PHYSICAL_ENVIRONMENT_INCONSISTENCY: VI (7122.4 > 4500),284.8959788733291,7122.389058733443,0.0,Post-Monsoon,3524643061,HP-STG-v1.0.0,Phase 8B v1.0.0
SYNTH_8B_batch_0004_00650,SYNTH-SYNTH_8B_batch_0004_00650-D017,EXTREME_TAIL_PHYSICAL_ENVIRONMENT_INCONSISTENCY: VI (6694.8 > 4500),359.8557278366441,6694.750693087141,0.0,Post-Monsoon,3524643061,HP-STG-v1.0.0,Phase 8B v1.0.0
SYNTH_8B_batch_0004_00650,SYNTH-SYNTH_8B_batch_0004_00650-D018,EXTREME_TAIL_PHYSICAL_ENVIRONMENT_INCONSISTENCY: VI (7041.4 > 4500),295.34064241978194,7041.391232846766,0.0,Post-Monsoon,3524643061,HP-STG-v1.0.0,Phase 8B v1.0.0
SYNTH_8B_batch_0004_00654,SYNTH-SYNTH_8B_batch_0004_00654-D022,EXTREME_TAIL_PHYSICAL_ENVIRONMENT_INCONSISTENCY: VI (5588.7 > 4500),371.85801244370754,5588.662945865058,0.0,Post-Monsoon,3721909532,HP-STG-v1.0.0,Phase 8B v1.0.0
SYNTH_8B_batch_0004_00654,SYNTH-SYNTH_8B_batch_0004_00654-D024,EXTREME_TAIL_PHYSICAL_ENVIRONMENT_INCONSISTENCY: VI (6976.4 > 4500),271.9449201233196,6976.423382442,0.0,Post-Monsoon,3721909532,HP-STG-v1.0.0,Phase 8B v1.0.0
SYNTH_8B_batch_0004_00658,SYNTH-SYNTH_8B_batch_0004_00658-D010,EXTREME_TAIL_PHYSICAL_ENVIRONMENT_INCONSISTENCY: VI (5900.5 > 4500),328.11483286452165,5900.538750179597,0.0,Post-Monsoon,3646773954,HP-STG-v1.0.0,Phase 8B v1.0.0
SYNTH_8B_batch_0004_00658,SYNTH-SYNTH_8B_batch_0004_00658-D017,EXTREME_TAIL_PHYSICAL_ENVIRONMENT_INCONSISTENCY: VI (4626.1 > 4500),316.29502028373,4626.141449160726,0.0,Post-Monsoon,3646773954,HP-STG-v1.0.0,Phase 8B v1.0.0
SYNTH_8B_batch_0004_00662,SYNTH-SYNTH_8B_batch_0004_00662-D006,EXTREME_TAIL_PHYSICAL_ENVIRONMENT_INCONSISTENCY: VI (6491.3 > 4500),362.9104301475947,6491.277764232746,0.0,Post-Monsoon,1645496784,HP-STG-v1.0.0,Phase 8B v1.0.0
SYNTH_8B_batch_0004_00662,SYNTH-SYNTH_8B_batch_0004_00662-D013,EXTREME_TAIL_PHYSICAL_ENVIRONMENT_INCONSISTENCY: VI (5947.0 > 4500),312.8441519959046,5947.027509083117,0.0,Post-Monsoon,1645496784,HP-STG-v1.0.0,Phase 8B v1.0.0
SYNTH_8B_batch_0004_00662,SYNTH-SYNTH_8B_batch_0004_00662-D016,EXTREME_TAIL_PHYSICAL_ENVIRONMENT_INCONSISTENCY: VI (8082.1 > 4500),276.2769676776241,8082.063552329005,0.0,Post-Monsoon,1645496784,HP-STG-v1.0.0,Phase 8B v1.0.0
SYNTH_8B_batch_0004_00662,SYNTH-SYNTH_8B_batch_0004_00662-D018,EXTREME_TAIL_PHYSICAL_ENVIRONMENT_INCONSISTENCY: VI (6114.9 > 4500),259.69086496671315,6114.928258777413,0.0,Post-Monsoon,1645496784,HP-STG-v1.0.0,Phase 8B v1.0.0
SYNTH_8B_batch_0004_00666,SYNTH-SYNTH_8B_batch_0004_00666-D004,EXTREME_TAIL_PHYSICAL_ENVIRONMENT_INCONSISTENCY: VI (7515.8 > 4500),314.9115714897095,7515.786590050347,0.0,Post-Monsoon,1624964017,HP-STG-v1.0.0,Phase 8B v1.0.0
SYNTH_8B_batch_0004_00670,SYNTH-SYNTH_8B_batch_0004_00670-D010,EXTREME_TAIL_PHYSICAL_ENVIRONMENT_INCONSISTENCY: VI (7090.5 > 4500),385.8638704333065,7090.47801329289,0.0,Post-Monsoon,2885868483,HP-STG-v1.0.0,Phase 8B v1.0.0
SYNTH_8B_batch_0004_00670,SYNTH-SYNTH_8B_batch_0004_00670-D011,EXTREME_TAIL_PHYSICAL_ENVIRONMENT_INCONSISTENCY: VI (6916.1 > 4500),293.4906800987588,6916.089712970057,0.0,Post-Monsoon,2885868483,HP-STG-v1.0.0,Phase 8B v1.0.0
SYNTH_8B_batch_0004_00670,SYNTH-SYNTH_8B_batch_0004_00670-D018,EXTREME_TAIL_PHYSICAL_ENVIRONMENT_INCONSISTENCY: VI (6014.6 > 4500),342.65807608506555,6014.620733340266,0.0,Post-Monsoon,2885868483,HP-STG-v1.0.0,Phase 8B v1.0.0
SYNTH_8B_batch_0004_00670,SYNTH-SYNTH_8B_batch_0004_00670-D019,EXTREME_TAIL_PHYSICAL_ENVIRONMENT_INCONSISTENCY: VI (7509.6 > 4500),259.6777310933497,7509.56465289089,0.0,Post-Monsoon,2885868483,HP-STG-v1.0.0,Phase 8B v1.0.0
SYNTH_8B_batch_0004_00674,SYNTH-SYNTH_8B_batch_0004_00674-D021,EXTREME_TAIL_PHYSICAL_ENVIRONMENT_INCONSISTENCY: VI (5133.0 > 4500),359.4300677967989,5132.981972078977,0.0,Post-Monsoon,1764664657,HP-STG-v1.0.0,Phase 8B v1.0.0
SYNTH_8B_batch_0004_00674,SYNTH-SYNTH_8B_batch_0004_00674-D022,EXTREME_TAIL_PHYSICAL_ENVIRONMENT_INCONSISTENCY: VI (8054.3 > 4500),315.72155402332527,8054.29486702649,0.0,Post-Monsoon,1764664657,HP-STG-v1.0.0,Phase 8B v1.0.0
SYNTH_8B_batch_0004_00678,SYNTH-SYNTH_8B_batch_0004_00678-D027,EXTREME_TAIL_PHYSICAL_ENVIRONMENT_INCONSISTENCY: VI (5248.0 > 4500),397.9549656241863,5247.994528528917,0.0,Post-Monsoon,3099715469,HP-STG-v1.0.0,Phase 8B v1.0.0
SYNTH_8B_batch_0004_00678,SYNTH-SYNTH_8B_batch_0004_00678-D028,EXTREME_TAIL_PHYSICAL_ENVIRONMENT_INCONSISTENCY: VI (5637.6 > 4500),343.4470280007299,5637.586749981195,0.0,Post-Monsoon,3099715469,HP-STG-v1.0.0,Phase 8B v1.0.0
SYNTH_8B_batch_0004_00685,SYNTH-SYNTH_8B_batch_0004_00685-D006,EXTREME_TAIL_PHYSICAL_ENVIRONMENT_INCONSISTENCY: VI (7883.8 > 4500),252.69203652997132,7883.8030821046505,0.0,Winter,3449027196,HP-STG-v1.0.0,Phase 8B v1.0.0
SYNTH_8B_batch_0004_00686,SYNTH-SYNTH_8B_batch_0004_00686-D007,EXTREME_TAIL_PHYSICAL_ENVIRONMENT_INCONSISTENCY: VI (5357.2 > 4500),326.3025901318582,5357.160502592317,0.0,Post-Monsoon,3518653744,HP-STG-v1.0.0,Phase 8B v1.0.0
SYNTH_8B_batch_0004_00686,SYNTH-SYNTH_8B_batch_0004_00686-D021,EXTREME_TAIL_PHYSICAL_ENVIRONMENT_INCONSISTENCY: VI (5826.2 > 4500),364.58755043064457,5826.210061681411,0.0,Post-Monsoon,3518653744,HP-STG-v1.0.0,Phase 8B v1.0.0
SYNTH_8B_batch_0004_00686,SYNTH-SYNTH_8B_batch_0004_00686-D022,EXTREME_TAIL_PHYSICAL_ENVIRONMENT_INCONSISTENCY: VI (5790.4 > 4500),333.6369503952209,5790.429952697638,0.0,Post-Monsoon,3518653744,HP-STG-v1.0.0,Phase 8B v1.0.0
SYNTH_8B_batch_0004_00693,SYNTH-SYNTH_8B_batch_0004_00693-D004,EXTREME_TAIL_PHYSICAL_ENVIRONMENT_INCONSISTENCY: VI (9646.0 > 4500),259.02573877802547,9646.009336662693,0.0,Winter,3169040542,HP-STG-v1.0.0,Phase 8B v1.0.0
SYNTH_8B_batch_0004_00694,SYNTH-SYNTH_8B_batch_0004_00694-D007,EXTREME_TAIL_PHYSICAL_ENVIRONMENT_INCONSISTENCY: VI (7972.0 > 4500),317.35214073499316,7971.964150810831,0.0,Post-Monsoon,685706085,HP-STG-v1.0.0,Phase 8B v1.0.0
SYNTH_8B_batch_0004_00694,SYNTH-SYNTH_8B_batch_0004_00694-D008,EXTREME_TAIL_PHYSICAL_ENVIRONMENT_INCONSISTENCY: VI (6997.4 > 4500),264.29129829132995,6997.393303840035,0.0,Post-Monsoon,685706085,HP-STG-v1.0.0,Phase 8B v1.0.0
SYNTH_8B_batch_0004_00694,SYNTH-SYNTH_8B_batch_0004_00694-D016,EXTREME_TAIL_PHYSICAL_ENVIRONMENT_INCONSISTENCY: VI (5670.0 > 4500),361.73388699406956,5669.981544915591,0.0,Post-Monsoon,685706085,HP-STG-v1.0.0,Phase 8B v1.0.0
SYNTH_8B_batch_0004_00694,SYNTH-SYNTH_8B_batch_0004_00694-D021,EXTREME_TAIL_PHYSICAL_ENVIRONMENT_INCONSISTENCY: VI (5431.9 > 4500),342.6183454199632,5431.94645396735,0.0,Post-Monsoon,685706085,HP-STG-v1.0.0,Phase 8B v1.0.0
SYNTH_8B_batch_0004_00694,SYNTH-SYNTH_8B_batch_0004_00694-D022,EXTREME_TAIL_PHYSICAL_ENVIRONMENT_INCONSISTENCY: VI (4737.7 > 4500),312.6576544206235,4737.709466983198,0.0,Post-Monsoon,685706085,HP-STG-v1.0.0,Phase 8B v1.0.0
SYNTH_8B_batch_0004_00694,SYNTH-SYNTH_8B_batch_0004_00694-D023,EXTREME_TAIL_PHYSICAL_ENVIRONMENT_INCONSISTENCY: VI (5625.0 > 4500),264.44033091695525,5625.047570585461,0.0,Post-Monsoon,685706085,HP-STG-v1.0.0,Phase 8B v1.0.0
SYNTH_8B_batch_0004_00701,SYNTH-SYNTH_8B_batch_0004_00701-D013,EXTREME_TAIL_PHYSICAL_ENVIRONMENT_INCONSISTENCY: VI (7346.2 > 4500),271.00318327513185,7346.203926879023,0.0,Winter,1469384043,HP-STG-v1.0.0,Phase 8B v1.0.0
SYNTH_8B_batch_0004_00702,SYNTH-SYNTH_8B_batch_0004_00702-D029,EXTREME_TAIL_PHYSICAL_ENVIRONMENT_INCONSISTENCY: VI (7258.5 > 4500),332.94866601542003,7258.537030765252,0.0,Post-Monsoon,4001961599,HP-STG-v1.0.0,Phase 8B v1.0.0
SYNTH_8B_batch_0004_00710,SYNTH-SYNTH_8B_batch_0004_00710-D006,EXTREME_TAIL_PHYSICAL_ENVIRONMENT_INCONSISTENCY: VI (6730.6 > 4500),348.22299037073617,6730.6269998540065,0.0,Post-Monsoon,1759978058,HP-STG-v1.0.0,Phase 8B v1.0.0
SYNTH_8B_batch_0004_00710,SYNTH-SYNTH_8B_batch_0004_00710-D011,EXTREME_TAIL_PHYSICAL_ENVIRONMENT_INCONSISTENCY: VI (4689.9 > 4500),435.4410994607083,4689.911486656361,0.0,Post-Monsoon,1759978058,HP-STG-v1.0.0,Phase 8B v1.0.0
SYNTH_8B_batch_0004_00710,SYNTH-SYNTH_8B_batch_0004_00710-D012,EXTREME_TAIL_PHYSICAL_ENVIRONMENT_INCONSISTENCY: VI (5781.4 > 4500),357.21261845595325,5781.4043683205755,0.0,Post-Monsoon,1759978058,HP-STG-v1.0.0,Phase 8B v1.0.0
SYNTH_8B_batch_0004_00710,SYNTH-SYNTH_8B_batch_0004_00710-D013,EXTREME_TAIL_PHYSICAL_ENVIRONMENT_INCONSISTENCY: VI (6445.6 > 4500),287.290358957935,6445.628979397846,0.0,Post-Monsoon,1759978058,HP-STG-v1.0.0,Phase 8B v1.0.0
SYNTH_8B_batch_0004_00710,SYNTH-SYNTH_8B_batch_0004_00710-D018,EXTREME_TAIL_PHYSICAL_ENVIRONMENT_INCONSISTENCY: VI (4509.4 > 4500),369.13124254564224,4509.439659439895,0.0,Post-Monsoon,1759978058,HP-STG-v1.0.0,Phase 8B v1.0.0
SYNTH_8B_batch_0004_00710,SYNTH-SYNTH_8B_batch_0004_00710-D022,EXTREME_TAIL_PHYSICAL_ENVIRONMENT_INCONSISTENCY: VI (7932.6 > 4500),313.18478720628593,7932.595251471521,0.0,Post-Monsoon,1759978058,HP-STG-v1.0.0,Phase 8B v1.0.0
SYNTH_8B_batch_0004_00710,SYNTH-SYNTH_8B_batch_0004_00710-D023,EXTREME_TAIL_PHYSICAL_ENVIRONMENT_INCONSISTENCY: VI (7752.0 > 4500),260.97926423158015,7752.041737960279,0.0,Post-Monsoon,1759978058,HP-STG-v1.0.0,Phase 8B v1.0.0
SYNTH_8B_batch_0004_00713,SYNTH-SYNTH_8B_batch_0004_00713-D005,EXTREME_TAIL_PHYSICAL_ENVIRONMENT_INCONSISTENCY: VI (8856.3 > 4500),275.99620485861243,8856.345660868903,0.0,Winter,1282655491,HP-STG-v1.0.0,Phase 8B v1.0.0
SYNTH_8B_batch_0004_00714,SYNTH-SYNTH_8B_batch_0004_00714-D014,EXTREME_TAIL_PHYSICAL_ENVIRONMENT_INCONSISTENCY: VI (5275.6 > 4500),396.8963670999847,5275.590048011976,0.0,Post-Monsoon,3935904150,HP-STG-v1.0.0,Phase 8B v1.0.0
SYNTH_8B_batch_0004_00714,SYNTH-SYNTH_8B_batch_0004_00714-D015,EXTREME_TAIL_PHYSICAL_ENVIRONMENT_INCONSISTENCY: VI (6300.4 > 4500),306.7050175351383,6300.434289239396,0.0,Post-Monsoon,3935904150,HP-STG-v1.0.0,Phase 8B v1.0.0
SYNTH_8B_batch_0004_00722,SYNTH-SYNTH_8B_batch_0004_00722-D006,EXTREME_TAIL_PHYSICAL_ENVIRONMENT_INCONSISTENCY: VI (9390.3 > 4500),289.18112969604346,9390.3323185156,0.0,Post-Monsoon,3050999862,HP-STG-v1.0.0,Phase 8B v1.0.0
SYNTH_8B_batch_0004_00722,SYNTH-SYNTH_8B_batch_0004_00722-D008,EXTREME_TAIL_PHYSICAL_ENVIRONMENT_INCONSISTENCY: VI (5421.0 > 4500),268.07425447331576,5421.000809934086,0.0,Post-Monsoon,3050999862,HP-STG-v1.0.0,Phase 8B v1.0.0
SYNTH_8B_batch_0004_00722,SYNTH-SYNTH_8B_batch_0004_00722-D025,EXTREME_TAIL_PHYSICAL_ENVIRONMENT_INCONSISTENCY: VI (7719.0 > 4500),281.70197127054394,7719.036027863502,0.0,Post-Monsoon,3050999862,HP-STG-v1.0.0,Phase 8B v1.0.0
SYNTH_8B_batch_0004_00730,SYNTH-SYNTH_8B_batch_0004_00730-D002,EXTREME_TAIL_PHYSICAL_ENVIRONMENT_INCONSISTENCY: VI (6398.4 > 4500),263.8193190965721,6398.403040820148,0.0,Post-Monsoon,3761792691,HP-STG-v1.0.0,Phase 8B v1.0.0
SYNTH_8B_batch_0004_00730,SYNTH-SYNTH_8B_batch_0004_00730-D009,EXTREME_TAIL_PHYSICAL_ENVIRONMENT_INCONSISTENCY: VI (7433.2 > 4500),328.96059446097865,7433.1814629675255,0.0,Post-Monsoon,3761792691,HP-STG-v1.0.0,Phase 8B v1.0.0
SYNTH_8B_batch_0004_00730,SYNTH-SYNTH_8B_batch_0004_00730-D013,EXTREME_TAIL_PHYSICAL_ENVIRONMENT_INCONSISTENCY: VI (5150.3 > 4500),398.1565177377906,5150.283527111556,0.0,Post-Monsoon,3761792691,HP-STG-v1.0.0,Phase 8B v1.0.0
SYNTH_8B_batch_0004_00730,SYNTH-SYNTH_8B_batch_0004_00730-D015,EXTREME_TAIL_PHYSICAL_ENVIRONMENT_INCONSISTENCY: VI (7028.7 > 4500),349.49970689107334,7028.657347526699,0.0,Post-Monsoon,3761792691,HP-STG-v1.0.0,Phase 8B v1.0.0
SYNTH_8B_batch_0004_00730,SYNTH-SYNTH_8B_batch_0004_00730-D016,EXTREME_TAIL_PHYSICAL_ENVIRONMENT_INCONSISTENCY: VI (5249.8 > 4500),294.6386907683128,5249.806747750511,0.0,Post-Monsoon,3761792691,HP-STG-v1.0.0,Phase 8B v1.0.0
SYNTH_8B_batch_0004_00730,SYNTH-SYNTH_8B_batch_0004_00730-D024,EXTREME_TAIL_PHYSICAL_ENVIRONMENT_INCONSISTENCY: VI (6823.7 > 4500),298.8414764684428,6823.723580891639,0.0,Post-Monsoon,3761792691,HP-STG-v1.0.0,Phase 8B v1.0.0
SYNTH_8B_batch_0004_00734,SYNTH-SYNTH_8B_batch_0004_00734-D014,EXTREME_TAIL_PHYSICAL_ENVIRONMENT_INCONSISTENCY: VI (8597.6 > 4500),325.29840217301535,8597.579190407174,0.0,Post-Monsoon,2880475393,HP-STG-v1.0.0,Phase 8B v1.0.0
SYNTH_8B_batch_0004_00738,SYNTH-SYNTH_8B_batch_0004_00738-D002,EXTREME_TAIL_PHYSICAL_ENVIRONMENT_INCONSISTENCY: VI (5442.6 > 4500),277.7389639208999,5442.597454518284,0.0,Post-Monsoon,4255067529,HP-STG-v1.0.0,Phase 8B v1.0.0
SYNTH_8B_batch_0004_00738,SYNTH-SYNTH_8B_batch_0004_00738-D019,EXTREME_TAIL_PHYSICAL_ENVIRONMENT_INCONSISTENCY: VI (4911.2 > 4500),289.39365107410134,4911.237546478343,0.0,Post-Monsoon,4255067529,HP-STG-v1.0.0,Phase 8B v1.0.0
SYNTH_8B_batch_0004_00738,SYNTH-SYNTH_8B_batch_0004_00738-D022,EXTREME_TAIL_PHYSICAL_ENVIRONMENT_INCONSISTENCY: VI (5419.9 > 4500),272.2258088873248,5419.939472727753,0.0,Post-Monsoon,4255067529,HP-STG-v1.0.0,Phase 8B v1.0.0
SYNTH_8B_batch_0004_00742,SYNTH-SYNTH_8B_batch_0004_00742-D006,EXTREME_TAIL_PHYSICAL_ENVIRONMENT_INCONSISTENCY: VI (8240.6 > 4500),318.29669754565737,8240.558084608107,0.0,Post-Monsoon,481252229,HP-STG-v1.0.0,Phase 8B v1.0.0
SYNTH_8B_batch_0004_00742,SYNTH-SYNTH_8B_batch_0004_00742-D007,EXTREME_TAIL_PHYSICAL_ENVIRONMENT_INCONSISTENCY: VI (4777.6 > 4500),282.3333105094718,4777.645881685811,0.0,Post-Monsoon,481252229,HP-STG-v1.0.0,Phase 8B v1.0.0
SYNTH_8B_batch_0004_00746,SYNTH-SYNTH_8B_batch_0004_00746-D015,EXTREME_TAIL_PHYSICAL_ENVIRONMENT_INCONSISTENCY: VI (5683.7 > 4500),383.0460880565081,5683.740512955232,0.0,Post-Monsoon,3484004689,HP-STG-v1.0.0,Phase 8B v1.0.0
SYNTH_8B_batch_0004_00746,SYNTH-SYNTH_8B_batch_0004_00746-D021,EXTREME_TAIL_PHYSICAL_ENVIRONMENT_INCONSISTENCY: VI (4837.3 > 4500),338.3571139166591,4837.334860566899,0.0,Post-Monsoon,3484004689,HP-STG-v1.0.0,Phase 8B v1.0.0
SYNTH_8B_batch_0004_00746,SYNTH-SYNTH_8B_batch_0004_00746-D025,EXTREME_TAIL_PHYSICAL_ENVIRONMENT_INCONSISTENCY: VI (5819.5 > 4500),355.0586754043224,5819.464294947534,0.0,Post-Monsoon,3484004689,HP-STG-v1.0.0,Phase 8B v1.0.0
SYNTH_8B_batch_0004_00746,SYNTH-SYNTH_8B_batch_0004_00746-D026,EXTREME_TAIL_PHYSICAL_ENVIRONMENT_INCONSISTENCY: VI (5382.6 > 4500),291.70163261835654,5382.585746091051,0.0,Post-Monsoon,3484004689,HP-STG-v1.0.0,Phase 8B v1.0.0
SYNTH_8B_batch_0004_00746,SYNTH-SYNTH_8B_batch_0004_00746-D029,EXTREME_TAIL_PHYSICAL_ENVIRONMENT_INCONSISTENCY: VI (5869.6 > 4500),305.4481746670382,5869.571565024418,0.0,Post-Monsoon,3484004689,HP-STG-v1.0.0,Phase 8B v1.0.0
SYNTH_8B_batch_0004_00746,SYNTH-SYNTH_8B_batch_0004_00746-D030,EXTREME_TAIL_PHYSICAL_ENVIRONMENT_INCONSISTENCY: VI (5559.4 > 4500),268.5340156220179,5559.356803513848,0.0,Post-Monsoon,3484004689,HP-STG-v1.0.0,Phase 8B v1.0.0
SYNTH_8B_batch_0004_00750,SYNTH-SYNTH_8B_batch_0004_00750-D026,EXTREME_TAIL_PHYSICAL_ENVIRONMENT_INCONSISTENCY: VI (8287.6 > 4500),365.2554163997662,8287.59538546942,0.0,Post-Monsoon,1511260325,HP-STG-v1.0.0,Phase 8B v1.0.0
SYNTH_8B_batch_0004_00750,SYNTH-SYNTH_8B_batch_0004_00750-D027,EXTREME_TAIL_PHYSICAL_ENVIRONMENT_INCONSISTENCY: VI (4744.8 > 4500),330.8201188697478,4744.763465031999,0.0,Post-Monsoon,1511260325,HP-STG-v1.0.0,Phase 8B v1.0.0
SYNTH_8B_batch_0004_00754,SYNTH-SYNTH_8B_batch_0004_00754-D016,EXTREME_TAIL_PHYSICAL_ENVIRONMENT_INCONSISTENCY: VI (5664.9 > 4500),282.7061788839587,5664.884858627009,0.0,Post-Monsoon,3470609342,HP-STG-v1.0.0,Phase 8B v1.0.0
SYNTH_8B_batch_0004_00762,SYNTH-SYNTH_8B_batch_0004_00762-D015,EXTREME_TAIL_PHYSICAL_ENVIRONMENT_INCONSISTENCY: VI (5933.3 > 4500),269.7901581789898,5933.2834683814945,0.0,Post-Monsoon,1348868797,HP-STG-v1.0.0,Phase 8B v1.0.0
SYNTH_8B_batch_0004_00762,SYNTH-SYNTH_8B_batch_0004_00762-D026,EXTREME_TAIL_PHYSICAL_ENVIRONMENT_INCONSISTENCY: VI (6688.2 > 4500),271.10608984598724,6688.212593778879,0.0,Post-Monsoon,1348868797,HP-STG-v1.0.0,Phase 8B v1.0.0
SYNTH_8B_batch_0004_00766,SYNTH-SYNTH_8B_batch_0004_00766-D023,EXTREME_TAIL_PHYSICAL_ENVIRONMENT_INCONSISTENCY: VI (5467.5 > 4500),281.109433361626,5467.521168980102,0.0,Post-Monsoon,338694575,HP-STG-v1.0.0,Phase 8B v1.0.0
SYNTH_8B_batch_0004_00766,SYNTH-SYNTH_8B_batch_0004_00766-D030,EXTREME_TAIL_PHYSICAL_ENVIRONMENT_INCONSISTENCY: VI (5801.6 > 4500),343.9546635159257,5801.630323037465,0.0,Post-Monsoon,338694575,HP-STG-v1.0.0,Phase 8B v1.0.0
SYNTH_8B_batch_0004_00773,SYNTH-SYNTH_8B_batch_0004_00773-D006,EXTREME_TAIL_PHYSICAL_ENVIRONMENT_INCONSISTENCY: VI (6256.9 > 4500),279.84633975377807,6256.879023087525,0.0,Winter,3437267329,HP-STG-v1.0.0,Phase 8B v1.0.0
SYNTH_8B_batch_0004_00774,SYNTH-SYNTH_8B_batch_0004_00774-D011,EXTREME_TAIL_PHYSICAL_ENVIRONMENT_INCONSISTENCY: VI (6132.6 > 4500),381.4188060100595,6132.584053768475,0.0,Post-Monsoon,2428853493,HP-STG-v1.0.0,Phase 8B v1.0.0
SYNTH_8B_batch_0004_00774,SYNTH-SYNTH_8B_batch_0004_00774-D012,EXTREME_TAIL_PHYSICAL_ENVIRONMENT_INCONSISTENCY: VI (5287.3 > 4500),281.3741759015294,5287.268820717364,0.0,Post-Monsoon,2428853493,HP-STG-v1.0.0,Phase 8B v1.0.0
SYNTH_8B_batch_0004_00782,SYNTH-SYNTH_8B_batch_0004_00782-D008,EXTREME_TAIL_PHYSICAL_ENVIRONMENT_INCONSISTENCY: VI (5327.1 > 4500),285.3575726787873,5327.058763883019,0.0,Post-Monsoon,906907683,HP-STG-v1.0.0,Phase 8B v1.0.0
SYNTH_8B_batch_0004_00785,SYNTH-SYNTH_8B_batch_0004_00785-D005,EXTREME_TAIL_PHYSICAL_ENVIRONMENT_INCONSISTENCY: VI (8066.0 > 4500),257.37763498496054,8066.031977215412,0.0,Winter,2163737570,HP-STG-v1.0.0,Phase 8B v1.0.0
SYNTH_8B_batch_0004_00794,SYNTH-SYNTH_8B_batch_0004_00794-D006,EXTREME_TAIL_PHYSICAL_ENVIRONMENT_INCONSISTENCY: VI (6741.2 > 4500),254.9518264852725,6741.190307898431,0.0,Post-Monsoon,1734441679,HP-STG-v1.0.0,Phase 8B v1.0.0
SYNTH_8B_batch_0004_00794,SYNTH-SYNTH_8B_batch_0004_00794-D019,EXTREME_TAIL_PHYSICAL_ENVIRONMENT_INCONSISTENCY: VI (8493.8 > 4500),310.38155391447276,8493.763292356049,0.0,Post-Monsoon,1734441679,HP-STG-v1.0.0,Phase 8B v1.0.0
SYNTH_8B_batch_0004_00794,SYNTH-SYNTH_8B_batch_0004_00794-D023,EXTREME_TAIL_PHYSICAL_ENVIRONMENT_INCONSISTENCY: VI (5988.8 > 4500),313.8246120807768,5988.843472047406,0.0,Post-Monsoon,1734441679,HP-STG-v1.0.0,Phase 8B v1.0.0
SYNTH_8B_batch_0004_00794,SYNTH-SYNTH_8B_batch_0004_00794-D024,EXTREME_TAIL_PHYSICAL_ENVIRONMENT_INCONSISTENCY: VI (5739.7 > 4500),250.23132991581048,5739.7004934915285,0.0,Post-Monsoon,1734441679,HP-STG-v1.0.0,Phase 8B v1.0.0
SYNTH_8B_batch_0004_00798,SYNTH-SYNTH_8B_batch_0004_00798-D007,EXTREME_TAIL_PHYSICAL_ENVIRONMENT_INCONSISTENCY: VI (6129.9 > 4500),322.562076062511,6129.866977385242,0.0,Post-Monsoon,1021065163,HP-STG-v1.0.0,Phase 8B v1.0.0
SYNTH_8B_batch_0004_00802,SYNTH-SYNTH_8B_batch_0004_00802-D004,EXTREME_TAIL_PHYSICAL_ENVIRONMENT_INCONSISTENCY: VI (6143.2 > 4500),319.8374223275815,6143.171123836162,0.0,Post-Monsoon,1807098355,HP-STG-v1.0.0,Phase 8B v1.0.0
SYNTH_8B_batch_0004_00806,SYNTH-SYNTH_8B_batch_0004_00806-D004,EXTREME_TAIL_PHYSICAL_ENVIRONMENT_INCONSISTENCY: VI (5813.3 > 4500),271.693802333048,5813.291393074455,0.0,Post-Monsoon,2390066777,HP-STG-v1.0.0,Phase 8B v1.0.0
SYNTH_8B_batch_0004_00806,SYNTH-SYNTH_8B_batch_0004_00806-D005,EXTREME_TAIL_PHYSICAL_ENVIRONMENT_INCONSISTENCY: VI (7990.7 > 4500),273.8301744309857,7990.7306040789945,0.0,Post-Monsoon,2390066777,HP-STG-v1.0.0,Phase 8B v1.0.0
SYNTH_8B_batch_0004_00806,SYNTH-SYNTH_8B_batch_0004_00806-D022,EXTREME_TAIL_PHYSICAL_ENVIRONMENT_INCONSISTENCY: VI (7903.5 > 4500),255.46931956719575,7903.474198978866,0.0,Post-Monsoon,2390066777,HP-STG-v1.0.0,Phase 8B v1.0.0
SYNTH_8B_batch_0004_00814,SYNTH-SYNTH_8B_batch_0004_00814-D026,EXTREME_TAIL_PHYSICAL_ENVIRONMENT_INCONSISTENCY: VI (6109.3 > 4500),288.7284323359567,6109.309256894894,0.0,Post-Monsoon,3767924456,HP-STG-v1.0.0,Phase 8B v1.0.0
SYNTH_8B_batch_0004_00817,SYNTH-SYNTH_8B_batch_0004_00817-D008,EXTREME_TAIL_PHYSICAL_ENVIRONMENT_INCONSISTENCY: VI (5778.2 > 4500),291.51339467385753,5778.207301219313,0.0,Winter,4251452845,HP-STG-v1.0.0,Phase 8B v1.0.0
SYNTH_8B_batch_0004_00822,SYNTH-SYNTH_8B_batch_0004_00822-D004,EXTREME_TAIL_PHYSICAL_ENVIRONMENT_INCONSISTENCY: VI (5633.6 > 4500),363.5812462008702,5633.622584583643,0.0,Post-Monsoon,168534003,HP-STG-v1.0.0,Phase 8B v1.0.0
SYNTH_8B_batch_0004_00822,SYNTH-SYNTH_8B_batch_0004_00822-D006,EXTREME_TAIL_PHYSICAL_ENVIRONMENT_INCONSISTENCY: VI (7579.6 > 4500),277.65411296145606,7579.585280598044,0.0,Post-Monsoon,168534003,HP-STG-v1.0.0,Phase 8B v1.0.0
SYNTH_8B_batch_0004_00830,SYNTH-SYNTH_8B_batch_0004_00830-D010,EXTREME_TAIL_PHYSICAL_ENVIRONMENT_INCONSISTENCY: VI (6959.2 > 4500),344.8084876760657,6959.196015834105,0.0,Post-Monsoon,1061973628,HP-STG-v1.0.0,Phase 8B v1.0.0
SYNTH_8B_batch_0004_00830,SYNTH-SYNTH_8B_batch_0004_00830-D011,EXTREME_TAIL_PHYSICAL_ENVIRONMENT_INCONSISTENCY: VI (5722.3 > 4500),256.8995904895794,5722.273899307688,0.0,Post-Monsoon,1061973628,HP-STG-v1.0.0,Phase 8B v1.0.0
SYNTH_8B_batch_0004_00830,SYNTH-SYNTH_8B_batch_0004_00830-D020,EXTREME_TAIL_PHYSICAL_ENVIRONMENT_INCONSISTENCY: VI (7368.9 > 4500),332.01914061131765,7368.946914018895,0.0,Post-Monsoon,1061973628,HP-STG-v1.0.0,Phase 8B v1.0.0
SYNTH_8B_batch_0004_00830,SYNTH-SYNTH_8B_batch_0004_00830-D022,EXTREME_TAIL_PHYSICAL_ENVIRONMENT_INCONSISTENCY: VI (5233.1 > 4500),347.3020967281202,5233.053595306198,0.0,Post-Monsoon,1061973628,HP-STG-v1.0.0,Phase 8B v1.0.0
SYNTH_8B_batch_0004_00830,SYNTH-SYNTH_8B_batch_0004_00830-D023,EXTREME_TAIL_PHYSICAL_ENVIRONMENT_INCONSISTENCY: VI (4944.4 > 4500),281.31889555455564,4944.3587998119,0.0,Post-Monsoon,1061973628,HP-STG-v1.0.0,Phase 8B v1.0.0
SYNTH_8B_batch_0004_00830,SYNTH-SYNTH_8B_batch_0004_00830-D024,EXTREME_TAIL_PHYSICAL_ENVIRONMENT_INCONSISTENCY: VI (6804.8 > 4500),258.9004146007256,6804.752083987453,0.0,Post-Monsoon,1061973628,HP-STG-v1.0.0,Phase 8B v1.0.0
SYNTH_8B_batch_0004_00830,SYNTH-SYNTH_8B_batch_0004_00830-D028,EXTREME_TAIL_PHYSICAL_ENVIRONMENT_INCONSISTENCY: VI (7695.0 > 4500),341.9405827548795,7694.958514461053,0.0,Post-Monsoon,1061973628,HP-STG-v1.0.0,Phase 8B v1.0.0
SYNTH_8B_batch_0004_00834,SYNTH-SYNTH_8B_batch_0004_00834-D007,EXTREME_TAIL_PHYSICAL_ENVIRONMENT_INCONSISTENCY: VI (6758.8 > 4500),256.3992431340835,6758.826367911218,0.0,Post-Monsoon,2237982013,HP-STG-v1.0.0,Phase 8B v1.0.0
SYNTH_8B_batch_0004_00838,SYNTH-SYNTH_8B_batch_0004_00838-D011,EXTREME_TAIL_PHYSICAL_ENVIRONMENT_INCONSISTENCY: VI (8065.1 > 4500),342.57615752237047,8065.123099177923,0.0,Post-Monsoon,3167982934,HP-STG-v1.0.0,Phase 8B v1.0.0
SYNTH_8B_batch_0004_00838,SYNTH-SYNTH_8B_batch_0004_00838-D013,EXTREME_TAIL_PHYSICAL_ENVIRONMENT_INCONSISTENCY: VI (7197.3 > 4500),321.487112462896,7197.320098505897,0.0,Post-Monsoon,3167982934,HP-STG-v1.0.0,Phase 8B v1.0.0
SYNTH_8B_batch_0004_00838,SYNTH-SYNTH_8B_batch_0004_00838-D018,EXTREME_TAIL_PHYSICAL_ENVIRONMENT_INCONSISTENCY: VI (5567.5 > 4500),370.3754005503006,5567.528074263933,0.0,Post-Monsoon,3167982934,HP-STG-v1.0.0,Phase 8B v1.0.0
SYNTH_8B_batch_0004_00838,SYNTH-SYNTH_8B_batch_0004_00838-D019,EXTREME_TAIL_PHYSICAL_ENVIRONMENT_INCONSISTENCY: VI (7773.3 > 4500),314.4054859918778,7773.2610589088035,0.0,Post-Monsoon,3167982934,HP-STG-v1.0.0,Phase 8B v1.0.0
SYNTH_8B_batch_0004_00842,SYNTH-SYNTH_8B_batch_0004_00842-D007,EXTREME_TAIL_PHYSICAL_ENVIRONMENT_INCONSISTENCY: VI (7568.2 > 4500),338.41971356036936,7568.217945766151,0.0,Post-Monsoon,3508666891,HP-STG-v1.0.0,Phase 8B v1.0.0
SYNTH_8B_batch_0004_00850,SYNTH-SYNTH_8B_batch_0004_00850-D022,EXTREME_TAIL_PHYSICAL_ENVIRONMENT_INCONSISTENCY: VI (6934.0 > 4500),339.4479760276105,6933.950687482792,0.0,Post-Monsoon,1646406980,HP-STG-v1.0.0,Phase 8B v1.0.0
SYNTH_8B_batch_0004_00850,SYNTH-SYNTH_8B_batch_0004_00850-D023,EXTREME_TAIL_PHYSICAL_ENVIRONMENT_INCONSISTENCY: VI (7395.9 > 4500),254.32636706899524,7395.89124188577,0.0,Post-Monsoon,1646406980,HP-STG-v1.0.0,Phase 8B v1.0.0
SYNTH_8B_batch_0004_00850,SYNTH-SYNTH_8B_batch_0004_00850-D027,EXTREME_TAIL_PHYSICAL_ENVIRONMENT_INCONSISTENCY: VI (4983.2 > 4500),301.5493822012831,4983.243788570504,0.0,Post-Monsoon,1646406980,HP-STG-v1.0.0,Phase 8B v1.0.0
SYNTH_8B_batch_0004_00850,SYNTH-SYNTH_8B_batch_0004_00850-D030,EXTREME_TAIL_PHYSICAL_ENVIRONMENT_INCONSISTENCY: VI (6077.5 > 4500),375.59333257675627,6077.496979535658,0.0,Post-Monsoon,1646406980,HP-STG-v1.0.0,Phase 8B v1.0.0
SYNTH_8B_batch_0004_00858,SYNTH-SYNTH_8B_batch_0004_00858-D014,EXTREME_TAIL_PHYSICAL_ENVIRONMENT_INCONSISTENCY: VI (8288.5 > 4500),257.6944526547931,8288.490791296188,0.0,Post-Monsoon,140045417,HP-STG-v1.0.0,Phase 8B v1.0.0
SYNTH_8B_batch_0004_00862,SYNTH-SYNTH_8B_batch_0004_00862-D002,EXTREME_TAIL_PHYSICAL_ENVIRONMENT_INCONSISTENCY: VI (4872.1 > 4500),299.8721164384385,4872.119571220534,0.0,Post-Monsoon,1112246782,HP-STG-v1.0.0,Phase 8B v1.0.0
SYNTH_8B_batch_0004_00862,SYNTH-SYNTH_8B_batch_0004_00862-D012,EXTREME_TAIL_PHYSICAL_ENVIRONMENT_INCONSISTENCY: VI (5526.9 > 4500),332.72199907385794,5526.855376142482,0.0,Post-Monsoon,1112246782,HP-STG-v1.0.0,Phase 8B v1.0.0
SYNTH_8B_batch_0004_00862,SYNTH-SYNTH_8B_batch_0004_00862-D013,EXTREME_TAIL_PHYSICAL_ENVIRONMENT_INCONSISTENCY: VI (4854.6 > 4500),313.9778800909042,4854.5919223480205,0.0,Post-Monsoon,1112246782,HP-STG-v1.0.0,Phase 8B v1.0.0
SYNTH_8B_batch_0004_00866,SYNTH-SYNTH_8B_batch_0004_00866-D019,EXTREME_TAIL_PHYSICAL_ENVIRONMENT_INCONSISTENCY: VI (7732.0 > 4500),323.6844981255058,7731.95376306513,0.0,Post-Monsoon,3458155524,HP-STG-v1.0.0,Phase 8B v1.0.0
SYNTH_8B_batch_0004_00870,SYNTH-SYNTH_8B_batch_0004_00870-D004,EXTREME_TAIL_PHYSICAL_ENVIRONMENT_INCONSISTENCY: VI (7374.1 > 4500),312.303360378642,7374.08252089087,0.0,Post-Monsoon,1421002894,HP-STG-v1.0.0,Phase 8B v1.0.0
SYNTH_8B_batch_0004_00870,SYNTH-SYNTH_8B_batch_0004_00870-D018,EXTREME_TAIL_PHYSICAL_ENVIRONMENT_INCONSISTENCY: VI (6310.8 > 4500),345.1371165293173,6310.838154707906,0.0,Post-Monsoon,1421002894,HP-STG-v1.0.0,Phase 8B v1.0.0
SYNTH_8B_batch_0004_00870,SYNTH-SYNTH_8B_batch_0004_00870-D019,EXTREME_TAIL_PHYSICAL_ENVIRONMENT_INCONSISTENCY: VI (6591.8 > 4500),277.7922872344057,6591.758440841982,0.0,Post-Monsoon,1421002894,HP-STG-v1.0.0,Phase 8B v1.0.0
SYNTH_8B_batch_0004_00870,SYNTH-SYNTH_8B_batch_0004_00870-D027,EXTREME_TAIL_PHYSICAL_ENVIRONMENT_INCONSISTENCY: VI (5279.3 > 4500),353.8993418439222,5279.316196618886,0.0,Post-Monsoon,1421002894,HP-STG-v1.0.0,Phase 8B v1.0.0
SYNTH_8B_batch_0004_00870,SYNTH-SYNTH_8B_batch_0004_00870-D030,EXTREME_TAIL_PHYSICAL_ENVIRONMENT_INCONSISTENCY: VI (6476.3 > 4500),379.933652487323,6476.323425833927,0.0,Post-Monsoon,1421002894,HP-STG-v1.0.0,Phase 8B v1.0.0
SYNTH_8B_batch_0004_00874,SYNTH-SYNTH_8B_batch_0004_00874-D012,EXTREME_TAIL_PHYSICAL_ENVIRONMENT_INCONSISTENCY: VI (9288.5 > 4500),293.50649907773516,9288.494187350394,0.0,Post-Monsoon,1205540306,HP-STG-v1.0.0,Phase 8B v1.0.0
SYNTH_8B_batch_0004_00882,SYNTH-SYNTH_8B_batch_0004_00882-D003,EXTREME_TAIL_PHYSICAL_ENVIRONMENT_INCONSISTENCY: VI (5566.2 > 4500),360.31334760576203,5566.17779692908,0.0,Post-Monsoon,2663948986,HP-STG-v1.0.0,Phase 8B v1.0.0
SYNTH_8B_batch_0004_00882,SYNTH-SYNTH_8B_batch_0004_00882-D004,EXTREME_TAIL_PHYSICAL_ENVIRONMENT_INCONSISTENCY: VI (6626.9 > 4500),279.8747167683516,6626.919119014522,0.0,Post-Monsoon,2663948986,HP-STG-v1.0.0,Phase 8B v1.0.0
SYNTH_8B_batch_0004_00882,SYNTH-SYNTH_8B_batch_0004_00882-D019,EXTREME_TAIL_PHYSICAL_ENVIRONMENT_INCONSISTENCY: VI (5140.2 > 4500),368.3768531916266,5140.213564781819,0.0,Post-Monsoon,2663948986,HP-STG-v1.0.0,Phase 8B v1.0.0
SYNTH_8B_batch_0004_00889,SYNTH-SYNTH_8B_batch_0004_00889-D012,EXTREME_TAIL_PHYSICAL_ENVIRONMENT_INCONSISTENCY: VI (8165.1 > 4500),250.58387766844433,8165.099226642162,0.0,Winter,3788110779,HP-STG-v1.0.0,Phase 8B v1.0.0
SYNTH_8B_batch_0004_00890,SYNTH-SYNTH_8B_batch_0004_00890-D026,EXTREME_TAIL_PHYSICAL_ENVIRONMENT_INCONSISTENCY: VI (5546.9 > 4500),287.7763996712458,5546.8622232224325,0.0,Post-Monsoon,3686666821,HP-STG-v1.0.0,Phase 8B v1.0.0
SYNTH_8B_batch_0004_00894,SYNTH-SYNTH_8B_batch_0004_00894-D019,EXTREME_TAIL_PHYSICAL_ENVIRONMENT_INCONSISTENCY: VI (7925.9 > 4500),309.79934271408035,7925.859028670526,0.0,Post-Monsoon,2541801771,HP-STG-v1.0.0,Phase 8B v1.0.0
SYNTH_8B_batch_0004_00894,SYNTH-SYNTH_8B_batch_0004_00894-D030,EXTREME_TAIL_PHYSICAL_ENVIRONMENT_INCONSISTENCY: VI (5564.2 > 4500),264.6770181065817,5564.217014182534,0.0,Post-Monsoon,2541801771,HP-STG-v1.0.0,Phase 8B v1.0.0
SYNTH_8B_batch_0004_00897,SYNTH-SYNTH_8B_batch_0004_00897-D012,EXTREME_TAIL_PHYSICAL_ENVIRONMENT_INCONSISTENCY: VI (6369.8 > 4500),278.1519215231059,6369.839000775387,0.0,Winter,2128088201,HP-STG-v1.0.0,Phase 8B v1.0.0
SYNTH_8B_batch_0004_00898,SYNTH-SYNTH_8B_batch_0004_00898-D018,EXTREME_TAIL_PHYSICAL_ENVIRONMENT_INCONSISTENCY: VI (4974.1 > 4500),352.6892126193369,4974.1408087228065,0.0,Post-Monsoon,2458152541,HP-STG-v1.0.0,Phase 8B v1.0.0
SYNTH_8B_batch_0004_00898,SYNTH-SYNTH_8B_batch_0004_00898-D019,EXTREME_TAIL_PHYSICAL_ENVIRONMENT_INCONSISTENCY: VI (6039.3 > 4500),299.76546741469804,6039.309440319336,0.0,Post-Monsoon,2458152541,HP-STG-v1.0.0,Phase 8B v1.0.0
SYNTH_8B_batch_0004_00898,SYNTH-SYNTH_8B_batch_0004_00898-D024,EXTREME_TAIL_PHYSICAL_ENVIRONMENT_INCONSISTENCY: VI (5413.0 > 4500),271.70940697184574,5413.010690790746,0.0,Post-Monsoon,2458152541,HP-STG-v1.0.0,Phase 8B v1.0.0
SYNTH_8B_batch_0004_00902,SYNTH-SYNTH_8B_batch_0004_00902-D012,EXTREME_TAIL_PHYSICAL_ENVIRONMENT_INCONSISTENCY: VI (6558.8 > 4500),347.86115740738916,6558.768828828351,0.0,Post-Monsoon,3458025867,HP-STG-v1.0.0,Phase 8B v1.0.0
SYNTH_8B_batch_0004_00902,SYNTH-SYNTH_8B_batch_0004_00902-D013,EXTREME_TAIL_PHYSICAL_ENVIRONMENT_INCONSISTENCY: VI (6103.5 > 4500),315.9775336541371,6103.53431746618,0.0,Post-Monsoon,3458025867,HP-STG-v1.0.0,Phase 8B v1.0.0
SYNTH_8B_batch_0004_00906,SYNTH-SYNTH_8B_batch_0004_00906-D014,EXTREME_TAIL_PHYSICAL_ENVIRONMENT_INCONSISTENCY: VI (6886.0 > 4500),343.61125362438463,6885.991394928771,0.0,Post-Monsoon,2049908432,HP-STG-v1.0.0,Phase 8B v1.0.0
SYNTH_8B_batch_0004_00906,SYNTH-SYNTH_8B_batch_0004_00906-D015,EXTREME_TAIL_PHYSICAL_ENVIRONMENT_INCONSISTENCY: VI (6748.3 > 4500),283.12857593919756,6748.3185975847,0.0,Post-Monsoon,2049908432,HP-STG-v1.0.0,Phase 8B v1.0.0
SYNTH_8B_batch_0004_00909,SYNTH-SYNTH_8B_batch_0004_00909-D002,EXTREME_TAIL_PHYSICAL_ENVIRONMENT_INCONSISTENCY: VI (8438.4 > 4500),278.72830510863156,8438.380139808638,0.0,Winter,2533413906,HP-STG-v1.0.0,Phase 8B v1.0.0
SYNTH_8B_batch_0004_00910,SYNTH-SYNTH_8B_batch_0004_00910-D003,EXTREME_TAIL_PHYSICAL_ENVIRONMENT_INCONSISTENCY: VI (5989.2 > 4500),312.80627075758923,5989.20432301188,0.0,Post-Monsoon,1151723102,HP-STG-v1.0.0,Phase 8B v1.0.0
SYNTH_8B_batch_0004_00910,SYNTH-SYNTH_8B_batch_0004_00910-D010,EXTREME_TAIL_PHYSICAL_ENVIRONMENT_INCONSISTENCY: VI (6448.4 > 4500),285.43657435182524,6448.420673684815,0.0,Post-Monsoon,1151723102,HP-STG-v1.0.0,Phase 8B v1.0.0
SYNTH_8B_batch_0004_00910,SYNTH-SYNTH_8B_batch_0004_00910-D019,EXTREME_TAIL_PHYSICAL_ENVIRONMENT_INCONSISTENCY: VI (5458.8 > 4500),283.92389213804773,5458.787418567314,0.0,Post-Monsoon,1151723102,HP-STG-v1.0.0,Phase 8B v1.0.0
SYNTH_8B_batch_0004_00910,SYNTH-SYNTH_8B_batch_0004_00910-D025,EXTREME_TAIL_PHYSICAL_ENVIRONMENT_INCONSISTENCY: VI (5193.0 > 4500),340.99455804357706,5192.997232597143,0.0,Post-Monsoon,1151723102,HP-STG-v1.0.0,Phase 8B v1.0.0
SYNTH_8B_batch_0004_00914,SYNTH-SYNTH_8B_batch_0004_00914-D002,EXTREME_TAIL_PHYSICAL_ENVIRONMENT_INCONSISTENCY: VI (4791.9 > 4500),267.2564024102453,4791.886496887237,0.0,Post-Monsoon,3300579228,HP-STG-v1.0.0,Phase 8B v1.0.0
SYNTH_8B_batch_0004_00914,SYNTH-SYNTH_8B_batch_0004_00914-D014,EXTREME_TAIL_PHYSICAL_ENVIRONMENT_INCONSISTENCY: VI (7421.6 > 4500),278.99912867919375,7421.601547259409,0.0,Post-Monsoon,3300579228,HP-STG-v1.0.0,Phase 8B v1.0.0
SYNTH_8B_batch_0004_00914,SYNTH-SYNTH_8B_batch_0004_00914-D019,EXTREME_TAIL_PHYSICAL_ENVIRONMENT_INCONSISTENCY: VI (6625.7 > 4500),338.9933325328476,6625.709309597037,0.0,Post-Monsoon,3300579228,HP-STG-v1.0.0,Phase 8B v1.0.0
SYNTH_8B_batch_0004_00914,SYNTH-SYNTH_8B_batch_0004_00914-D020,EXTREME_TAIL_PHYSICAL_ENVIRONMENT_INCONSISTENCY: VI (7290.8 > 4500),311.7799664875277,7290.831724842139,0.0,Post-Monsoon,3300579228,HP-STG-v1.0.0,Phase 8B v1.0.0
SYNTH_8B_batch_0004_00922,SYNTH-SYNTH_8B_batch_0004_00922-D008,EXTREME_TAIL_PHYSICAL_ENVIRONMENT_INCONSISTENCY: VI (6416.0 > 4500),250.0119717487037,6416.013514396442,0.0,Post-Monsoon,1398948111,HP-STG-v1.0.0,Phase 8B v1.0.0
SYNTH_8B_batch_0004_00922,SYNTH-SYNTH_8B_batch_0004_00922-D030,EXTREME_TAIL_PHYSICAL_ENVIRONMENT_INCONSISTENCY: VI (6313.6 > 4500),361.18890489755285,6313.56079512594,0.0,Post-Monsoon,1398948111,HP-STG-v1.0.0,Phase 8B v1.0.0
SYNTH_8B_batch_0004_00926,SYNTH-SYNTH_8B_batch_0004_00926-D002,EXTREME_TAIL_PHYSICAL_ENVIRONMENT_INCONSISTENCY: VI (6444.5 > 4500),283.6512280825407,6444.4560788787385,0.0,Post-Monsoon,3513980271,HP-STG-v1.0.0,Phase 8B v1.0.0
SYNTH_8B_batch_0004_00926,SYNTH-SYNTH_8B_batch_0004_00926-D016,EXTREME_TAIL_PHYSICAL_ENVIRONMENT_INCONSISTENCY: VI (5124.0 > 4500),392.3559461098587,5124.048368512202,0.0,Post-Monsoon,3513980271,HP-STG-v1.0.0,Phase 8B v1.0.0
SYNTH_8B_batch_0004_00926,SYNTH-SYNTH_8B_batch_0004_00926-D017,EXTREME_TAIL_PHYSICAL_ENVIRONMENT_INCONSISTENCY: VI (9391.0 > 4500),252.64616919892376,9391.022431784291,0.0,Post-Monsoon,3513980271,HP-STG-v1.0.0,Phase 8B v1.0.0
SYNTH_8B_batch_0004_00930,SYNTH-SYNTH_8B_batch_0004_00930-D012,EXTREME_TAIL_PHYSICAL_ENVIRONMENT_INCONSISTENCY: VI (7760.7 > 4500),265.5360612314159,7760.659917797187,0.0,Post-Monsoon,509352931,HP-STG-v1.0.0,Phase 8B v1.0.0
SYNTH_8B_batch_0004_00934,SYNTH-SYNTH_8B_batch_0004_00934-D013,EXTREME_TAIL_PHYSICAL_ENVIRONMENT_INCONSISTENCY: VI (5405.4 > 4500),311.3988885063595,5405.411694829335,0.0,Post-Monsoon,1334171533,HP-STG-v1.0.0,Phase 8B v1.0.0
SYNTH_8B_batch_0004_00934,SYNTH-SYNTH_8B_batch_0004_00934-D014,EXTREME_TAIL_PHYSICAL_ENVIRONMENT_INCONSISTENCY: VI (4619.0 > 4500),265.2716543624172,4618.951027281907,0.0,Post-Monsoon,1334171533,HP-STG-v1.0.0,Phase 8B v1.0.0
SYNTH_8B_batch_0004_00934,SYNTH-SYNTH_8B_batch_0004_00934-D025,EXTREME_TAIL_PHYSICAL_ENVIRONMENT_INCONSISTENCY: VI (7701.7 > 4500),304.1851162896255,7701.717629025331,0.0,Post-Monsoon,1334171533,HP-STG-v1.0.0,Phase 8B v1.0.0
SYNTH_8B_batch_0004_00937,SYNTH-SYNTH_8B_batch_0004_00937-D003,EXTREME_TAIL_PHYSICAL_ENVIRONMENT_INCONSISTENCY: VI (7438.5 > 4500),256.8171472351588,7438.519786532167,0.0,Winter,4132492504,HP-STG-v1.0.0,Phase 8B v1.0.0
SYNTH_8B_batch_0004_00938,SYNTH-SYNTH_8B_batch_0004_00938-D002,EXTREME_TAIL_PHYSICAL_ENVIRONMENT_INCONSISTENCY: VI (7551.8 > 4500),291.4134264118982,7551.775512080265,0.0,Post-Monsoon,1173324414,HP-STG-v1.0.0,Phase 8B v1.0.0
SYNTH_8B_batch_0004_00942,SYNTH-SYNTH_8B_batch_0004_00942-D010,EXTREME_TAIL_PHYSICAL_ENVIRONMENT_INCONSISTENCY: VI (4758.7 > 4500),381.98701228139305,4758.740020659077,0.0,Post-Monsoon,2309888083,HP-STG-v1.0.0,Phase 8B v1.0.0
SYNTH_8B_batch_0004_00942,SYNTH-SYNTH_8B_batch_0004_00942-D011,EXTREME_TAIL_PHYSICAL_ENVIRONMENT_INCONSISTENCY: VI (6166.6 > 4500),291.1134707310819,6166.564667331557,0.0,Post-Monsoon,2309888083,HP-STG-v1.0.0,Phase 8B v1.0.0
SYNTH_8B_batch_0004_00942,SYNTH-SYNTH_8B_batch_0004_00942-D021,EXTREME_TAIL_PHYSICAL_ENVIRONMENT_INCONSISTENCY: VI (6619.3 > 4500),262.01011411764546,6619.345138918907,0.0,Post-Monsoon,2309888083,HP-STG-v1.0.0,Phase 8B v1.0.0
SYNTH_8B_batch_0004_00946,SYNTH-SYNTH_8B_batch_0004_00946-D009,EXTREME_TAIL_PHYSICAL_ENVIRONMENT_INCONSISTENCY: VI (6897.0 > 4500),309.3600782995267,6897.006053943877,0.0,Post-Monsoon,971095239,HP-STG-v1.0.0,Phase 8B v1.0.0
SYNTH_8B_batch_0004_00946,SYNTH-SYNTH_8B_batch_0004_00946-D010,EXTREME_TAIL_PHYSICAL_ENVIRONMENT_INCONSISTENCY: VI (5907.4 > 4500),260.61507717642536,5907.388092025423,0.0,Post-Monsoon,971095239,HP-STG-v1.0.0,Phase 8B v1.0.0
SYNTH_8B_batch_0004_00950,SYNTH-SYNTH_8B_batch_0004_00950-D005,EXTREME_TAIL_PHYSICAL_ENVIRONMENT_INCONSISTENCY: VI (8380.0 > 4500),376.88786414630556,8380.030511752404,0.0,Post-Monsoon,222539730,HP-STG-v1.0.0,Phase 8B v1.0.0
SYNTH_8B_batch_0004_00950,SYNTH-SYNTH_8B_batch_0004_00950-D006,EXTREME_TAIL_PHYSICAL_ENVIRONMENT_INCONSISTENCY: VI (7067.9 > 4500),284.98999233139585,7067.852280796582,0.0,Post-Monsoon,222539730,HP-STG-v1.0.0,Phase 8B v1.0.0
SYNTH_8B_batch_0004_00954,SYNTH-SYNTH_8B_batch_0004_00954-D015,EXTREME_TAIL_PHYSICAL_ENVIRONMENT_INCONSISTENCY: VI (5542.5 > 4500),343.40309053714356,5542.4832141702445,0.0,Post-Monsoon,4059626362,HP-STG-v1.0.0,Phase 8B v1.0.0
SYNTH_8B_batch_0004_00957,SYNTH-SYNTH_8B_batch_0004_00957-D002,EXTREME_TAIL_PHYSICAL_ENVIRONMENT_INCONSISTENCY: VI (7419.0 > 4500),294.0227811546819,7419.0115555832235,0.0,Winter,3839636140,HP-STG-v1.0.0,Phase 8B v1.0.0
SYNTH_8B_batch_0004_00961,SYNTH-SYNTH_8B_batch_0004_00961-D002,EXTREME_TAIL_PHYSICAL_ENVIRONMENT_INCONSISTENCY: VI (6890.2 > 4500),282.25798738619653,6890.234608162239,0.0,Winter,2583868649,HP-STG-v1.0.0,Phase 8B v1.0.0
SYNTH_8B_batch_0004_00962,SYNTH-SYNTH_8B_batch_0004_00962-D019,EXTREME_TAIL_PHYSICAL_ENVIRONMENT_INCONSISTENCY: VI (5732.7 > 4500),354.2336069595094,5732.681155947104,0.0,Post-Monsoon,2202569892,HP-STG-v1.0.0,Phase 8B v1.0.0
SYNTH_8B_batch_0004_00962,SYNTH-SYNTH_8B_batch_0004_00962-D020,EXTREME_TAIL_PHYSICAL_ENVIRONMENT_INCONSISTENCY: VI (4893.7 > 4500),304.42131539537246,4893.716379878025,0.0,Post-Monsoon,2202569892,HP-STG-v1.0.0,Phase 8B v1.0.0
SYNTH_8B_batch_0004_00966,SYNTH-SYNTH_8B_batch_0004_00966-D015,EXTREME_TAIL_PHYSICAL_ENVIRONMENT_INCONSISTENCY: VI (7210.0 > 4500),251.52091814031158,7210.022945164414,0.0,Post-Monsoon,871875904,HP-STG-v1.0.0,Phase 8B v1.0.0
SYNTH_8B_batch_0004_00974,SYNTH-SYNTH_8B_batch_0004_00974-D007,EXTREME_TAIL_PHYSICAL_ENVIRONMENT_INCONSISTENCY: VI (5809.0 > 4500),407.0289683275257,5809.034850405936,0.0,Post-Monsoon,1549509202,HP-STG-v1.0.0,Phase 8B v1.0.0
SYNTH_8B_batch_0004_00974,SYNTH-SYNTH_8B_batch_0004_00974-D008,EXTREME_TAIL_PHYSICAL_ENVIRONMENT_INCONSISTENCY: VI (6495.0 > 4500),350.66029852142776,6494.978354126624,0.0,Post-Monsoon,1549509202,HP-STG-v1.0.0,Phase 8B v1.0.0
SYNTH_8B_batch_0004_00981,SYNTH-SYNTH_8B_batch_0004_00981-D002,EXTREME_TAIL_PHYSICAL_ENVIRONMENT_INCONSISTENCY: VI (7326.7 > 4500),289.53625217751807,7326.726254595203,0.0,Winter,1368357525,HP-STG-v1.0.0,Phase 8B v1.0.0
SYNTH_8B_batch_0004_00981,SYNTH-SYNTH_8B_batch_0004_00981-D005,EXTREME_TAIL_PHYSICAL_ENVIRONMENT_INCONSISTENCY: VI (8035.4 > 4500),283.44056524842654,8035.42197874877,0.0,Winter,1368357525,HP-STG-v1.0.0,Phase 8B v1.0.0
SYNTH_8B_batch_0004_00986,SYNTH-SYNTH_8B_batch_0004_00986-D011,EXTREME_TAIL_PHYSICAL_ENVIRONMENT_INCONSISTENCY: VI (5992.8 > 4500),381.91515756564877,5992.76846893346,0.0,Post-Monsoon,4259368077,HP-STG-v1.0.0,Phase 8B v1.0.0
SYNTH_8B_batch_0004_00986,SYNTH-SYNTH_8B_batch_0004_00986-D012,EXTREME_TAIL_PHYSICAL_ENVIRONMENT_INCONSISTENCY: VI (7526.2 > 4500),251.9246514839591,7526.190829935645,0.0,Post-Monsoon,4259368077,HP-STG-v1.0.0,Phase 8B v1.0.0
SYNTH_8B_batch_0004_00986,SYNTH-SYNTH_8B_batch_0004_00986-D025,EXTREME_TAIL_PHYSICAL_ENVIRONMENT_INCONSISTENCY: VI (7398.4 > 4500),342.59806881266377,7398.363881473402,0.0,Post-Monsoon,4259368077,HP-STG-v1.0.0,Phase 8B v1.0.0
SYNTH_8B_batch_0004_00986,SYNTH-SYNTH_8B_batch_0004_00986-D027,EXTREME_TAIL_PHYSICAL_ENVIRONMENT_INCONSISTENCY: VI (5655.3 > 4500),300.3331322463262,5655.313085006678,0.0,Post-Monsoon,4259368077,HP-STG-v1.0.0,Phase 8B v1.0.0
SYNTH_8B_batch_0004_00990,SYNTH-SYNTH_8B_batch_0004_00990-D004,EXTREME_TAIL_PHYSICAL_ENVIRONMENT_INCONSISTENCY: VI (6777.0 > 4500),323.24494749896803,6777.038517357828,0.0,Post-Monsoon,4035010529,HP-STG-v1.0.0,Phase 8B v1.0.0
SYNTH_8B_batch_0004_00990,SYNTH-SYNTH_8B_batch_0004_00990-D009,EXTREME_TAIL_PHYSICAL_ENVIRONMENT_INCONSISTENCY: VI (5975.7 > 4500),320.267526483765,5975.6949516512095,0.0,Post-Monsoon,4035010529,HP-STG-v1.0.0,Phase 8B v1.0.0
SYNTH_8B_batch_0004_00990,SYNTH-SYNTH_8B_batch_0004_00990-D016,EXTREME_TAIL_PHYSICAL_ENVIRONMENT_INCONSISTENCY: VI (7720.5 > 4500),270.0833118582182,7720.506597204077,0.0,Post-Monsoon,4035010529,HP-STG-v1.0.0,Phase 8B v1.0.0
SYNTH_8B_batch_0004_00990,SYNTH-SYNTH_8B_batch_0004_00990-D025,EXTREME_TAIL_PHYSICAL_ENVIRONMENT_INCONSISTENCY: VI (5837.7 > 4500),311.13396882045,5837.654759884179,0.0,Post-Monsoon,4035010529,HP-STG-v1.0.0,Phase 8B v1.0.0
SYNTH_8B_batch_0004_00993,SYNTH-SYNTH_8B_batch_0004_00993-D011,EXTREME_TAIL_PHYSICAL_ENVIRONMENT_INCONSISTENCY: VI (9463.9 > 4500),306.9751592053259,9463.929259667564,0.0,Winter,11358647,HP-STG-v1.0.0,Phase 8B v1.0.0
SYNTH_8B_batch_0004_00994,SYNTH-SYNTH_8B_batch_0004_00994-D006,EXTREME_TAIL_PHYSICAL_ENVIRONMENT_INCONSISTENCY: VI (7972.9 > 4500),338.5658980154132,7972.8929254462555,0.0,Post-Monsoon,3747052785,HP-STG-v1.0.0,Phase 8B v1.0.0
SYNTH_8B_batch_0004_00994,SYNTH-SYNTH_8B_batch_0004_00994-D007,EXTREME_TAIL_PHYSICAL_ENVIRONMENT_INCONSISTENCY: VI (5932.9 > 4500),260.43075012884134,5932.920156385511,0.0,Post-Monsoon,3747052785,HP-STG-v1.0.0,Phase 8B v1.0.0
SYNTH_8B_batch_0004_00998,SYNTH-SYNTH_8B_batch_0004_00998-D002,EXTREME_TAIL_PHYSICAL_ENVIRONMENT_INCONSISTENCY: VI (5125.7 > 4500),353.77030425208017,5125.651861463111,0.0,Post-Monsoon,222811748,HP-STG-v1.0.0,Phase 8B v1.0.0
SYNTH_8B_batch_0004_00998,SYNTH-SYNTH_8B_batch_0004_00998-D003,EXTREME_TAIL_PHYSICAL_ENVIRONMENT_INCONSISTENCY: VI (5664.3 > 4500),271.10300717811515,5664.312995294806,0.0,Post-Monsoon,222811748,HP-STG-v1.0.0,Phase 8B v1.0.0
