trajectory_id,synthetic_date,rejection_reason,pm25,ventilation_index,precipitation,season,generator_seed,generator_version,phase_version
SYNTH_8B_batch_0005_00009,SYNTH-SYNTH_8B_batch_0005_00009-D006,EXTREME_TAIL_PHYSICAL_ENVIRONMENT_INCONSISTENCY: VI (8293.9 > 4500),298.6631310789027,8293.861252145167,0.0,Winter,3058141629,HP-STG-v1.0.0,Phase 8B v1.0.0
SYNTH_8B_batch_0005_00010,SYNTH-SYNTH_8B_batch_0005_00010-D004,EXTREME_TAIL_PHYSICAL_ENVIRONMENT_INCONSISTENCY: VI (9055.7 > 4500),320.15012608399303,9055.693462313475,0.0,Post-Monsoon,630644380,HP-STG-v1.0.0,Phase 8B v1.0.0
SYNTH_8B_batch_0005_00010,SYNTH-SYNTH_8B_batch_0005_00010-D027,EXTREME_TAIL_PHYSICAL_ENVIRONMENT_INCONSISTENCY: VI (5817.3 > 4500),310.40149306922655,5817.272985730009,0.0,Post-Monsoon,630644380,HP-STG-v1.0.0,Phase 8B v1.0.0
SYNTH_8B_batch_0005_00013,SYNTH-SYNTH_8B_batch_0005_00013-D004,EXTREME_TAIL_PHYSICAL_ENVIRONMENT_INCONSISTENCY: VI (8585.1 > 4500),321.16321736517983,8585.094612312894,0.0,Winter,651544361,HP-STG-v1.0.0,Phase 8B v1.0.0
SYNTH_8B_batch_0005_00014,SYNTH-SYNTH_8B_batch_0005_00014-D028,EXTREME_TAIL_PHYSICAL_ENVIRONMENT_INCONSISTENCY: VI (7328.8 > 4500),353.4703308132673,7328.786560565565,0.0,Post-Monsoon,3644100958,HP-STG-v1.0.0,Phase 8B v1.0.0
SYNTH_8B_batch_0005_00014,SYNTH-SYNTH_8B_batch_0005_00014-D029,EXTREME_TAIL_PHYSICAL_ENVIRONMENT_INCONSISTENCY: VI (7052.1 > 4500),259.3479903568417,7052.083816213241,0.0,Post-Monsoon,3644100958,HP-STG-v1.0.0,Phase 8B v1.0.0
SYNTH_8B_batch_0005_00018,SYNTH-SYNTH_8B_batch_0005_00018-D003,EXTREME_TAIL_PHYSICAL_ENVIRONMENT_INCONSISTENCY: VI (6894.8 > 4500),322.412419189746,6894.770635462554,0.0,Post-Monsoon,2221396824,HP-STG-v1.0.0,Phase 8B v1.0.0
SYNTH_8B_batch_0005_00018,SYNTH-SYNTH_8B_batch_0005_00018-D011,EXTREME_TAIL_PHYSICAL_ENVIRONMENT_INCONSISTENCY: VI (6922.9 > 4500),363.74385955083494,6922.913816791448,0.0,Post-Monsoon,2221396824,HP-STG-v1.0.0,Phase 8B v1.0.0
SYNTH_8B_batch_0005_00018,SYNTH-SYNTH_8B_batch_0005_00018-D012,EXTREME_TAIL_PHYSICAL_ENVIRONMENT_INCONSISTENCY: VI (5938.6 > 4500),307.1077426431826,5938.622511669777,0.0,Post-Monsoon,2221396824,HP-STG-v1.0.0,Phase 8B v1.0.0
SYNTH_8B_batch_0005_00018,SYNTH-SYNTH_8B_batch_0005_00018-D021,EXTREME_TAIL_PHYSICAL_ENVIRONMENT_INCONSISTENCY: VI (7420.1 > 4500),366.4469163138295,7420.122448373798,0.0,Post-Monsoon,2221396824,HP-STG-v1.0.0,Phase 8B v1.0.0
SYNTH_8B_batch_0005_00018,SYNTH-SYNTH_8B_batch_0005_00018-D022,EXTREME_TAIL_PHYSICAL_ENVIRONMENT_INCONSISTENCY: VI (7193.5 > 4500),270.61005200840566,7193.499185228803,0.0,Post-Monsoon,2221396824,HP-STG-v1.0.0,Phase 8B v1.0.0
SYNTH_8B_batch_0005_00022,SYNTH-SYNTH_8B_batch_0005_00022-D002,EXTREME_TAIL_PHYSICAL_ENVIRONMENT_INCONSISTENCY: VI (8750.9 > 4500),277.57225265774787,8750.942859596289,0.0,Post-Monsoon,3071607074,HP-STG-v1.0.0,Phase 8B v1.0.0
SYNTH_8B_batch_0005_00022,SYNTH-SYNTH_8B_batch_0005_00022-D004,EXTREME_TAIL_PHYSICAL_ENVIRONMENT_INCONSISTENCY: VI (7236.0 > 4500),345.8692814237584,7235.994317680899,0.0,Post-Monsoon,3071607074,HP-STG-v1.0.0,Phase 8B v1.0.0
SYNTH_8B_batch_0005_00022,SYNTH-SYNTH_8B_batch_0005_00022-D005,EXTREME_TAIL_PHYSICAL_ENVIRONMENT_INCONSISTENCY: VI (9312.7 > 4500),261.7381018221354,9312.702834062786,0.0,Post-Monsoon,3071607074,HP-STG-v1.0.0,Phase 8B v1.0.0
SYNTH_8B_batch_0005_00022,SYNTH-SYNTH_8B_batch_0005_00022-D017,EXTREME_TAIL_PHYSICAL_ENVIRONMENT_INCONSISTENCY: VI (8035.2 > 4500),366.00569453032205,8035.182055255064,0.0,Post-Monsoon,3071607074,HP-STG-v1.0.0,Phase 8B v1.0.0
SYNTH_8B_batch_0005_00030,SYNTH-SYNTH_8B_batch_0005_00030-D002,EXTREME_TAIL_PHYSICAL_ENVIRONMENT_INCONSISTENCY: VI (7966.4 > 4500),299.5812380201309,7966.439313087733,0.0,Post-Monsoon,910918792,HP-STG-v1.0.0,Phase 8B v1.0.0
SYNTH_8B_batch_0005_00030,SYNTH-SYNTH_8B_batch_0005_00030-D009,EXTREME_TAIL_PHYSICAL_ENVIRONMENT_INCONSISTENCY: VI (5467.5 > 4500),392.55178092879555,5467.504989209236,0.0,Post-Monsoon,910918792,HP-STG-v1.0.0,Phase 8B v1.0.0
SYNTH_8B_batch_0005_00030,SYNTH-SYNTH_8B_batch_0005_00030-D010,EXTREME_TAIL_PHYSICAL_ENVIRONMENT_INCONSISTENCY: VI (6833.0 > 4500),335.7086308060698,6833.0135206094055,0.0,Post-Monsoon,910918792,HP-STG-v1.0.0,Phase 8B v1.0.0
SYNTH_8B_batch_0005_00030,SYNTH-SYNTH_8B_batch_0005_00030-D011,EXTREME_TAIL_PHYSICAL_ENVIRONMENT_INCONSISTENCY: VI (7053.0 > 4500),270.4257345905128,7053.048091105772,0.0,Post-Monsoon,910918792,HP-STG-v1.0.0,Phase 8B v1.0.0
SYNTH_8B_batch_0005_00034,SYNTH-SYNTH_8B_batch_0005_00034-D009,EXTREME_TAIL_PHYSICAL_ENVIRONMENT_INCONSISTENCY: VI (8345.0 > 4500),349.92153654464573,8344.958042732247,0.0,Post-Monsoon,851060900,HP-STG-v1.0.0,Phase 8B v1.0.0
SYNTH_8B_batch_0005_00034,SYNTH-SYNTH_8B_batch_0005_00034-D010,EXTREME_TAIL_PHYSICAL_ENVIRONMENT_INCONSISTENCY: VI (7099.1 > 4500),264.43329394910694,7099.065703232629,0.0,Post-Monsoon,851060900,HP-STG-v1.0.0,Phase 8B v1.0.0
SYNTH_8B_batch_0005_00034,SYNTH-SYNTH_8B_batch_0005_00034-D020,EXTREME_TAIL_PHYSICAL_ENVIRONMENT_INCONSISTENCY: VI (6003.0 > 4500),332.5569427043543,6002.958809263519,0.0,Post-Monsoon,851060900,HP-STG-v1.0.0,Phase 8B v1.0.0
SYNTH_8B_batch_0005_00034,SYNTH-SYNTH_8B_batch_0005_00034-D024,EXTREME_TAIL_PHYSICAL_ENVIRONMENT_INCONSISTENCY: VI (4681.0 > 4500),387.711262356777,4680.96194100349,0.0,Post-Monsoon,851060900,HP-STG-v1.0.0,Phase 8B v1.0.0
SYNTH_8B_batch_0005_00034,SYNTH-SYNTH_8B_batch_0005_00034-D027,EXTREME_TAIL_PHYSICAL_ENVIRONMENT_INCONSISTENCY: VI (5281.0 > 4500),323.6996342613601,5281.0353205313895,0.0,Post-Monsoon,851060900,HP-STG-v1.0.0,Phase 8B v1.0.0
SYNTH_8B_batch_0005_00038,SYNTH-SYNTH_8B_batch_0005_00038-D007,EXTREME_TAIL_PHYSICAL_ENVIRONMENT_INCONSISTENCY: VI (7135.6 > 4500),379.49034951103107,7135.559498588846,0.0,Post-Monsoon,1360816054,HP-STG-v1.0.0,Phase 8B v1.0.0
SYNTH_8B_batch_0005_00038,SYNTH-SYNTH_8B_batch_0005_00038-D015,EXTREME_TAIL_PHYSICAL_ENVIRONMENT_INCONSISTENCY: VI (6764.9 > 4500),327.17156555738245,6764.87195439224,0.0,Post-Monsoon,1360816054,HP-STG-v1.0.0,Phase 8B v1.0.0
SYNTH_8B_batch_0005_00042,SYNTH-SYNTH_8B_batch_0005_00042-D002,EXTREME_TAIL_PHYSICAL_ENVIRONMENT_INCONSISTENCY: VI (5665.1 > 4500),287.212956527521,5665.114486503594,0.0,Post-Monsoon,2489977405,HP-STG-v1.0.0,Phase 8B v1.0.0
SYNTH_8B_batch_0005_00042,SYNTH-SYNTH_8B_batch_0005_00042-D008,EXTREME_TAIL_PHYSICAL_ENVIRONMENT_INCONSISTENCY: VI (7025.3 > 4500),285.91753251159747,7025.300322173639,0.0,Post-Monsoon,2489977405,HP-STG-v1.0.0,Phase 8B v1.0.0
SYNTH_8B_batch_0005_00050,SYNTH-SYNTH_8B_batch_0005_00050-D014,EXTREME_TAIL_PHYSICAL_ENVIRONMENT_INCONSISTENCY: VI (6413.6 > 4500),267.4640482000348,6413.571572417455,0.0,Post-Monsoon,2741302417,HP-STG-v1.0.0,Phase 8B v1.0.0
SYNTH_8B_batch_0005_00054,SYNTH-SYNTH_8B_batch_0005_00054-D003,EXTREME_TAIL_PHYSICAL_ENVIRONMENT_INCONSISTENCY: VI (7992.1 > 4500),278.31651934303306,7992.140388503156,0.0,Post-Monsoon,2490310193,HP-STG-v1.0.0,Phase 8B v1.0.0
SYNTH_8B_batch_0005_00058,SYNTH-SYNTH_8B_batch_0005_00058-D002,EXTREME_TAIL_PHYSICAL_ENVIRONMENT_INCONSISTENCY: VI (6305.9 > 4500),252.66720165812012,6305.862975162911,0.0,Post-Monsoon,2434179261,HP-STG-v1.0.0,Phase 8B v1.0.0
SYNTH_8B_batch_0005_00058,SYNTH-SYNTH_8B_batch_0005_00058-D004,EXTREME_TAIL_PHYSICAL_ENVIRONMENT_INCONSISTENCY: VI (6773.0 > 4500),258.1084105655492,6773.024462133421,0.0,Post-Monsoon,2434179261,HP-STG-v1.0.0,Phase 8B v1.0.0
SYNTH_8B_batch_0005_00066,SYNTH-SYNTH_8B_batch_0005_00066-D003,EXTREME_TAIL_PHYSICAL_ENVIRONMENT_INCONSISTENCY: VI (7448.8 > 4500),355.9467085164967,7448.831084084464,0.0,Post-Monsoon,68871184,HP-STG-v1.0.0,Phase 8B v1.0.0
SYNTH_8B_batch_0005_00066,SYNTH-SYNTH_8B_batch_0005_00066-D004,EXTREME_TAIL_PHYSICAL_ENVIRONMENT_INCONSISTENCY: VI (4975.5 > 4500),281.0878556221066,4975.544694525794,0.0,Post-Monsoon,68871184,HP-STG-v1.0.0,Phase 8B v1.0.0
SYNTH_8B_batch_0005_00066,SYNTH-SYNTH_8B_batch_0005_00066-D028,EXTREME_TAIL_PHYSICAL_ENVIRONMENT_INCONSISTENCY: VI (5161.6 > 4500),428.88923378385795,5161.550269726334,0.0,Post-Monsoon,68871184,HP-STG-v1.0.0,Phase 8B v1.0.0
SYNTH_8B_batch_0005_00066,SYNTH-SYNTH_8B_batch_0005_00066-D029,EXTREME_TAIL_PHYSICAL_ENVIRONMENT_INCONSISTENCY: VI (5530.7 > 4500),343.62616593123846,5530.673379658629,0.0,Post-Monsoon,68871184,HP-STG-v1.0.0,Phase 8B v1.0.0
SYNTH_8B_batch_0005_00066,SYNTH-SYNTH_8B_batch_0005_00066-D030,EXTREME_TAIL_PHYSICAL_ENVIRONMENT_INCONSISTENCY: VI (6376.2 > 4500),250.573666338734,6376.170031977159,0.0,Post-Monsoon,68871184,HP-STG-v1.0.0,Phase 8B v1.0.0
SYNTH_8B_batch_0005_00070,SYNTH-SYNTH_8B_batch_0005_00070-D003,EXTREME_TAIL_PHYSICAL_ENVIRONMENT_INCONSISTENCY: VI (5022.5 > 4500),394.85837104476553,5022.4979240173025,0.0,Post-Monsoon,2583915029,HP-STG-v1.0.0,Phase 8B v1.0.0
SYNTH_8B_batch_0005_00070,SYNTH-SYNTH_8B_batch_0005_00070-D004,EXTREME_TAIL_PHYSICAL_ENVIRONMENT_INCONSISTENCY: VI (6200.5 > 4500),308.97283089798236,6200.467098516955,0.0,Post-Monsoon,2583915029,HP-STG-v1.0.0,Phase 8B v1.0.0
SYNTH_8B_batch_0005_00070,SYNTH-SYNTH_8B_batch_0005_00070-D021,EXTREME_TAIL_PHYSICAL_ENVIRONMENT_INCONSISTENCY: VI (5222.2 > 4500),302.36458752712855,5222.218304720587,0.0,Post-Monsoon,2583915029,HP-STG-v1.0.0,Phase 8B v1.0.0
SYNTH_8B_batch_0005_00070,SYNTH-SYNTH_8B_batch_0005_00070-D026,EXTREME_TAIL_PHYSICAL_ENVIRONMENT_INCONSISTENCY: VI (4699.6 > 4500),378.4336584369889,4699.575193252439,0.0,Post-Monsoon,2583915029,HP-STG-v1.0.0,Phase 8B v1.0.0
SYNTH_8B_batch_0005_00070,SYNTH-SYNTH_8B_batch_0005_00070-D027,EXTREME_TAIL_PHYSICAL_ENVIRONMENT_INCONSISTENCY: VI (5685.9 > 4500),328.6567509618593,5685.879112397845,0.0,Post-Monsoon,2583915029,HP-STG-v1.0.0,Phase 8B v1.0.0
SYNTH_8B_batch_0005_00078,SYNTH-SYNTH_8B_batch_0005_00078-D017,EXTREME_TAIL_PHYSICAL_ENVIRONMENT_INCONSISTENCY: VI (6163.0 > 4500),291.90800984817525,6163.009539123196,0.0,Post-Monsoon,2796212799,HP-STG-v1.0.0,Phase 8B v1.0.0
SYNTH_8B_batch_0005_00081,SYNTH-SYNTH_8B_batch_0005_00081-D002,EXTREME_TAIL_PHYSICAL_ENVIRONMENT_INCONSISTENCY: VI (5582.9 > 4500),274.72745921141893,5582.932989679928,0.0,Winter,48501530,HP-STG-v1.0.0,Phase 8B v1.0.0
SYNTH_8B_batch_0005_00082,SYNTH-SYNTH_8B_batch_0005_00082-D026,EXTREME_TAIL_PHYSICAL_ENVIRONMENT_INCONSISTENCY: VI (9293.4 > 4500),352.1636416055121,9293.358824065199,0.0,Post-Monsoon,762896879,HP-STG-v1.0.0,Phase 8B v1.0.0
SYNTH_8B_batch_0005_00082,SYNTH-SYNTH_8B_batch_0005_00082-D027,EXTREME_TAIL_PHYSICAL_ENVIRONMENT_INCONSISTENCY: VI (5526.9 > 4500),282.9556415014268,5526.941236292578,0.0,Post-Monsoon,762896879,HP-STG-v1.0.0,Phase 8B v1.0.0
SYNTH_8B_batch_0005_00086,SYNTH-SYNTH_8B_batch_0005_00086-D019,EXTREME_TAIL_PHYSICAL_ENVIRONMENT_INCONSISTENCY: VI (6933.0 > 4500),383.08010509472615,6932.969031636545,0.0,Post-Monsoon,434562877,HP-STG-v1.0.0,Phase 8B v1.0.0
SYNTH_8B_batch_0005_00086,SYNTH-SYNTH_8B_batch_0005_00086-D022,EXTREME_TAIL_PHYSICAL_ENVIRONMENT_INCONSISTENCY: VI (7347.5 > 4500),310.033312695365,7347.452265755353,0.0,Post-Monsoon,434562877,HP-STG-v1.0.0,Phase 8B v1.0.0
SYNTH_8B_batch_0005_00090,SYNTH-SYNTH_8B_batch_0005_00090-D002,EXTREME_TAIL_PHYSICAL_ENVIRONMENT_INCONSISTENCY: VI (7374.5 > 4500),300.8801341931245,7374.50413110416,0.0,Post-Monsoon,1834229706,HP-STG-v1.0.0,Phase 8B v1.0.0
SYNTH_8B_batch_0005_00094,SYNTH-SYNTH_8B_batch_0005_00094-D002,EXTREME_TAIL_PHYSICAL_ENVIRONMENT_INCONSISTENCY: VI (5655.6 > 4500),268.32200275698506,5655.5938383238945,0.0,Post-Monsoon,2877286213,HP-STG-v1.0.0,Phase 8B v1.0.0
SYNTH_8B_batch_0005_00102,SYNTH-SYNTH_8B_batch_0005_00102-D002,EXTREME_TAIL_PHYSICAL_ENVIRONMENT_INCONSISTENCY: VI (5102.3 > 4500),273.87775885137876,5102.260500084443,0.0,Post-Monsoon,3529525274,HP-STG-v1.0.0,Phase 8B v1.0.0
SYNTH_8B_batch_0005_00105,SYNTH-SYNTH_8B_batch_0005_00105-D003,EXTREME_TAIL_PHYSICAL_ENVIRONMENT_INCONSISTENCY: VI (7049.5 > 4500),294.5224260668336,7049.4855535548295,0.0,Winter,2977964033,HP-STG-v1.0.0,Phase 8B v1.0.0
SYNTH_8B_batch_0005_00106,SYNTH-SYNTH_8B_batch_0005_00106-D010,EXTREME_TAIL_PHYSICAL_ENVIRONMENT_INCONSISTENCY: VI (7181.7 > 4500),308.8682602243347,7181.663235529323,0.0,Post-Monsoon,3005115315,HP-STG-v1.0.0,Phase 8B v1.0.0
SYNTH_8B_batch_0005_00110,SYNTH-SYNTH_8B_batch_0005_00110-D002,EXTREME_TAIL_PHYSICAL_ENVIRONMENT_INCONSISTENCY: VI (4898.4 > 4500),288.6464278511204,4898.444312331155,0.0,Post-Monsoon,2687123980,HP-STG-v1.0.0,Phase 8B v1.0.0
SYNTH_8B_batch_0005_00110,SYNTH-SYNTH_8B_batch_0005_00110-D004,EXTREME_TAIL_PHYSICAL_ENVIRONMENT_INCONSISTENCY: VI (8714.4 > 4500),289.1681688111451,8714.446588410561,0.0,Post-Monsoon,2687123980,HP-STG-v1.0.0,Phase 8B v1.0.0
SYNTH_8B_batch_0005_00110,SYNTH-SYNTH_8B_batch_0005_00110-D005,EXTREME_TAIL_PHYSICAL_ENVIRONMENT_INCONSISTENCY: VI (6412.7 > 4500),252.4273660104618,6412.676370519996,0.0,Post-Monsoon,2687123980,HP-STG-v1.0.0,Phase 8B v1.0.0
SYNTH_8B_batch_0005_00118,SYNTH-SYNTH_8B_batch_0005_00118-D011,EXTREME_TAIL_PHYSICAL_ENVIRONMENT_INCONSISTENCY: VI (8220.9 > 4500),321.4320947368419,8220.89050566118,0.0,Post-Monsoon,3173115089,HP-STG-v1.0.0,Phase 8B v1.0.0
SYNTH_8B_batch_0005_00118,SYNTH-SYNTH_8B_batch_0005_00118-D012,EXTREME_TAIL_PHYSICAL_ENVIRONMENT_INCONSISTENCY: VI (8431.5 > 4500),269.71289653687774,8431.450945794455,0.0,Post-Monsoon,3173115089,HP-STG-v1.0.0,Phase 8B v1.0.0
SYNTH_8B_batch_0005_00122,SYNTH-SYNTH_8B_batch_0005_00122-D012,EXTREME_TAIL_PHYSICAL_ENVIRONMENT_INCONSISTENCY: VI (4991.0 > 4500),340.8192299312646,4990.993085837957,0.0,Post-Monsoon,1947508644,HP-STG-v1.0.0,Phase 8B v1.0.0
SYNTH_8B_batch_0005_00122,SYNTH-SYNTH_8B_batch_0005_00122-D013,EXTREME_TAIL_PHYSICAL_ENVIRONMENT_INCONSISTENCY: VI (6456.4 > 4500),295.3064722047427,6456.437952006706,0.0,Post-Monsoon,1947508644,HP-STG-v1.0.0,Phase 8B v1.0.0
SYNTH_8B_batch_0005_00122,SYNTH-SYNTH_8B_batch_0005_00122-D015,EXTREME_TAIL_PHYSICAL_ENVIRONMENT_INCONSISTENCY: VI (5624.0 > 4500),253.6830244213898,5623.969000494853,0.0,Post-Monsoon,1947508644,HP-STG-v1.0.0,Phase 8B v1.0.0
SYNTH_8B_batch_0005_00126,SYNTH-SYNTH_8B_batch_0005_00126-D002,EXTREME_TAIL_PHYSICAL_ENVIRONMENT_INCONSISTENCY: VI (6400.3 > 4500),266.98013844620317,6400.316085779055,0.0,Post-Monsoon,813212650,HP-STG-v1.0.0,Phase 8B v1.0.0
SYNTH_8B_batch_0005_00126,SYNTH-SYNTH_8B_batch_0005_00126-D019,EXTREME_TAIL_PHYSICAL_ENVIRONMENT_INCONSISTENCY: VI (5455.5 > 4500),392.71376585619896,5455.517131447896,0.0,Post-Monsoon,813212650,HP-STG-v1.0.0,Phase 8B v1.0.0
SYNTH_8B_batch_0005_00126,SYNTH-SYNTH_8B_batch_0005_00126-D020,EXTREME_TAIL_PHYSICAL_ENVIRONMENT_INCONSISTENCY: VI (9356.5 > 4500),270.07598517209334,9356.508214330179,0.0,Post-Monsoon,813212650,HP-STG-v1.0.0,Phase 8B v1.0.0
SYNTH_8B_batch_0005_00130,SYNTH-SYNTH_8B_batch_0005_00130-D019,EXTREME_TAIL_PHYSICAL_ENVIRONMENT_INCONSISTENCY: VI (6160.7 > 4500),283.56718200220763,6160.733177102099,0.0,Post-Monsoon,2065270131,HP-STG-v1.0.0,Phase 8B v1.0.0
SYNTH_8B_batch_0005_00133,SYNTH-SYNTH_8B_batch_0005_00133-D006,EXTREME_TAIL_PHYSICAL_ENVIRONMENT_INCONSISTENCY: VI (7433.3 > 4500),352.4309237818475,7433.295165592352,0.0,Winter,59923962,HP-STG-v1.0.0,Phase 8B v1.0.0
SYNTH_8B_batch_0005_00134,SYNTH-SYNTH_8B_batch_0005_00134-D002,EXTREME_TAIL_PHYSICAL_ENVIRONMENT_INCONSISTENCY: VI (5061.3 > 4500),293.1179113540868,5061.3333834003415,0.0,Post-Monsoon,3823123887,HP-STG-v1.0.0,Phase 8B v1.0.0
SYNTH_8B_batch_0005_00134,SYNTH-SYNTH_8B_batch_0005_00134-D003,EXTREME_TAIL_PHYSICAL_ENVIRONMENT_INCONSISTENCY: VI (5492.1 > 4500),251.65791459028102,5492.113997129547,0.0,Post-Monsoon,3823123887,HP-STG-v1.0.0,Phase 8B v1.0.0
SYNTH_8B_batch_0005_00134,SYNTH-SYNTH_8B_batch_0005_00134-D026,EXTREME_TAIL_PHYSICAL_ENVIRONMENT_INCONSISTENCY: VI (5900.1 > 4500),350.21332613253855,5900.114641536839,0.0,Post-Monsoon,3823123887,HP-STG-v1.0.0,Phase 8B v1.0.0
SYNTH_8B_batch_0005_00134,SYNTH-SYNTH_8B_batch_0005_00134-D027,EXTREME_TAIL_PHYSICAL_ENVIRONMENT_INCONSISTENCY: VI (5800.8 > 4500),329.5784799532362,5800.804035598099,0.0,Post-Monsoon,3823123887,HP-STG-v1.0.0,Phase 8B v1.0.0
SYNTH_8B_batch_0005_00138,SYNTH-SYNTH_8B_batch_0005_00138-D023,EXTREME_TAIL_PHYSICAL_ENVIRONMENT_INCONSISTENCY: VI (6132.4 > 4500),307.3383975084441,6132.421832054346,0.0,Post-Monsoon,2355611823,HP-STG-v1.0.0,Phase 8B v1.0.0
SYNTH_8B_batch_0005_00138,SYNTH-SYNTH_8B_batch_0005_00138-D025,EXTREME_TAIL_PHYSICAL_ENVIRONMENT_INCONSISTENCY: VI (6521.5 > 4500),263.06809888123934,6521.527169780133,0.0,Post-Monsoon,2355611823,HP-STG-v1.0.0,Phase 8B v1.0.0
SYNTH_8B_batch_0005_00146,SYNTH-SYNTH_8B_batch_0005_00146-D009,EXTREME_TAIL_PHYSICAL_ENVIRONMENT_INCONSISTENCY: VI (5848.2 > 4500),342.97679235121996,5848.249635732658,0.0,Post-Monsoon,3079189022,HP-STG-v1.0.0,Phase 8B v1.0.0
SYNTH_8B_batch_0005_00146,SYNTH-SYNTH_8B_batch_0005_00146-D013,EXTREME_TAIL_PHYSICAL_ENVIRONMENT_INCONSISTENCY: VI (6188.2 > 4500),341.987890938203,6188.15786432992,0.0,Post-Monsoon,3079189022,HP-STG-v1.0.0,Phase 8B v1.0.0
SYNTH_8B_batch_0005_00146,SYNTH-SYNTH_8B_batch_0005_00146-D014,EXTREME_TAIL_PHYSICAL_ENVIRONMENT_INCONSISTENCY: VI (5397.4 > 4500),253.1716110475058,5397.365137317672,0.0,Post-Monsoon,3079189022,HP-STG-v1.0.0,Phase 8B v1.0.0
SYNTH_8B_batch_0005_00146,SYNTH-SYNTH_8B_batch_0005_00146-D024,EXTREME_TAIL_PHYSICAL_ENVIRONMENT_INCONSISTENCY: VI (6950.2 > 4500),257.5683385065123,6950.173248717038,0.0,Post-Monsoon,3079189022,HP-STG-v1.0.0,Phase 8B v1.0.0
SYNTH_8B_batch_0005_00158,SYNTH-SYNTH_8B_batch_0005_00158-D005,EXTREME_TAIL_PHYSICAL_ENVIRONMENT_INCONSISTENCY: VI (7238.6 > 4500),378.88929109626645,7238.5629167920915,0.0,Post-Monsoon,3264057557,HP-STG-v1.0.0,Phase 8B v1.0.0
SYNTH_8B_batch_0005_00158,SYNTH-SYNTH_8B_batch_0005_00158-D006,EXTREME_TAIL_PHYSICAL_ENVIRONMENT_INCONSISTENCY: VI (7728.3 > 4500),263.92234988007124,7728.311987127922,0.0,Post-Monsoon,3264057557,HP-STG-v1.0.0,Phase 8B v1.0.0
SYNTH_8B_batch_0005_00162,SYNTH-SYNTH_8B_batch_0005_00162-D003,EXTREME_TAIL_PHYSICAL_ENVIRONMENT_INCONSISTENCY: VI (5428.5 > 4500),408.34614594207306,5428.541565345493,0.0,Post-Monsoon,2036656655,HP-STG-v1.0.0,Phase 8B v1.0.0
SYNTH_8B_batch_0005_00162,SYNTH-SYNTH_8B_batch_0005_00162-D009,EXTREME_TAIL_PHYSICAL_ENVIRONMENT_INCONSISTENCY: VI (4920.6 > 4500),376.02984475540256,4920.572425440697,0.0,Post-Monsoon,2036656655,HP-STG-v1.0.0,Phase 8B v1.0.0
SYNTH_8B_batch_0005_00162,SYNTH-SYNTH_8B_batch_0005_00162-D010,EXTREME_TAIL_PHYSICAL_ENVIRONMENT_INCONSISTENCY: VI (6757.3 > 4500),289.9041782545171,6757.257040519986,0.0,Post-Monsoon,2036656655,HP-STG-v1.0.0,Phase 8B v1.0.0
SYNTH_8B_batch_0005_00162,SYNTH-SYNTH_8B_batch_0005_00162-D012,EXTREME_TAIL_PHYSICAL_ENVIRONMENT_INCONSISTENCY: VI (6252.0 > 4500),263.3303387543308,6251.9572711136525,0.0,Post-Monsoon,2036656655,HP-STG-v1.0.0,Phase 8B v1.0.0
SYNTH_8B_batch_0005_00166,SYNTH-SYNTH_8B_batch_0005_00166-D011,EXTREME_TAIL_PHYSICAL_ENVIRONMENT_INCONSISTENCY: VI (7881.4 > 4500),322.2105483782227,7881.408762361905,0.0,Post-Monsoon,1515482557,HP-STG-v1.0.0,Phase 8B v1.0.0
SYNTH_8B_batch_0005_00166,SYNTH-SYNTH_8B_batch_0005_00166-D012,EXTREME_TAIL_PHYSICAL_ENVIRONMENT_INCONSISTENCY: VI (6837.6 > 4500),262.8555588110722,6837.5964216368675,0.0,Post-Monsoon,1515482557,HP-STG-v1.0.0,Phase 8B v1.0.0
SYNTH_8B_batch_0005_00170,SYNTH-SYNTH_8B_batch_0005_00170-D002,EXTREME_TAIL_PHYSICAL_ENVIRONMENT_INCONSISTENCY: VI (4992.2 > 4500),312.2364581076645,4992.152389530856,0.0,Post-Monsoon,2469359010,HP-STG-v1.0.0,Phase 8B v1.0.0
SYNTH_8B_batch_0005_00174,SYNTH-SYNTH_8B_batch_0005_00174-D002,EXTREME_TAIL_PHYSICAL_ENVIRONMENT_INCONSISTENCY: VI (5961.7 > 4500),282.91352259817063,5961.704182492866,0.0,Post-Monsoon,1841078126,HP-STG-v1.0.0,Phase 8B v1.0.0
SYNTH_8B_batch_0005_00174,SYNTH-SYNTH_8B_batch_0005_00174-D016,EXTREME_TAIL_PHYSICAL_ENVIRONMENT_INCONSISTENCY: VI (6698.3 > 4500),383.7628601354939,6698.346565545461,0.0,Post-Monsoon,1841078126,HP-STG-v1.0.0,Phase 8B v1.0.0
SYNTH_8B_batch_0005_00174,SYNTH-SYNTH_8B_batch_0005_00174-D017,EXTREME_TAIL_PHYSICAL_ENVIRONMENT_INCONSISTENCY: VI (6678.1 > 4500),293.5283214482462,6678.070812327173,0.0,Post-Monsoon,1841078126,HP-STG-v1.0.0,Phase 8B v1.0.0
SYNTH_8B_batch_0005_00178,SYNTH-SYNTH_8B_batch_0005_00178-D020,EXTREME_TAIL_PHYSICAL_ENVIRONMENT_INCONSISTENCY: VI (5479.5 > 4500),344.9191621182607,5479.531741349188,0.0,Post-Monsoon,1528441930,HP-STG-v1.0.0,Phase 8B v1.0.0
SYNTH_8B_batch_0005_00182,SYNTH-SYNTH_8B_batch_0005_00182-D010,EXTREME_TAIL_PHYSICAL_ENVIRONMENT_INCONSISTENCY: VI (7011.7 > 4500),387.109405086394,7011.706312798533,0.0,Post-Monsoon,4266739810,HP-STG-v1.0.0,Phase 8B v1.0.0
SYNTH_8B_batch_0005_00190,SYNTH-SYNTH_8B_batch_0005_00190-D028,EXTREME_TAIL_PHYSICAL_ENVIRONMENT_INCONSISTENCY: VI (5495.5 > 4500),250.24119647509883,5495.490219686118,0.0,Post-Monsoon,2401641482,HP-STG-v1.0.0,Phase 8B v1.0.0
SYNTH_8B_batch_0005_00194,SYNTH-SYNTH_8B_batch_0005_00194-D004,EXTREME_TAIL_PHYSICAL_ENVIRONMENT_INCONSISTENCY: VI (6817.0 > 4500),343.4212361731979,6817.036118404249,0.0,Post-Monsoon,687725336,HP-STG-v1.0.0,Phase 8B v1.0.0
SYNTH_8B_batch_0005_00194,SYNTH-SYNTH_8B_batch_0005_00194-D005,EXTREME_TAIL_PHYSICAL_ENVIRONMENT_INCONSISTENCY: VI (7307.5 > 4500),252.80022734511772,7307.474969229283,0.0,Post-Monsoon,687725336,HP-STG-v1.0.0,Phase 8B v1.0.0
SYNTH_8B_batch_0005_00194,SYNTH-SYNTH_8B_batch_0005_00194-D009,EXTREME_TAIL_PHYSICAL_ENVIRONMENT_INCONSISTENCY: VI (5903.1 > 4500),290.6020443879004,5903.129034806094,0.0,Post-Monsoon,687725336,HP-STG-v1.0.0,Phase 8B v1.0.0
SYNTH_8B_batch_0005_00198,SYNTH-SYNTH_8B_batch_0005_00198-D014,EXTREME_TAIL_PHYSICAL_ENVIRONMENT_INCONSISTENCY: VI (4687.6 > 4500),404.66825160477197,4687.5817281575255,0.0,Post-Monsoon,1552351560,HP-STG-v1.0.0,Phase 8B v1.0.0
SYNTH_8B_batch_0005_00198,SYNTH-SYNTH_8B_batch_0005_00198-D015,EXTREME_TAIL_PHYSICAL_ENVIRONMENT_INCONSISTENCY: VI (7122.1 > 4500),303.7334113516983,7122.085705959446,0.0,Post-Monsoon,1552351560,HP-STG-v1.0.0,Phase 8B v1.0.0
SYNTH_8B_batch_0005_00198,SYNTH-SYNTH_8B_batch_0005_00198-D023,EXTREME_TAIL_PHYSICAL_ENVIRONMENT_INCONSISTENCY: VI (7191.7 > 4500),313.03493245943304,7191.6708427434005,0.0,Post-Monsoon,1552351560,HP-STG-v1.0.0,Phase 8B v1.0.0
SYNTH_8B_batch_0005_00202,SYNTH-SYNTH_8B_batch_0005_00202-D016,EXTREME_TAIL_PHYSICAL_ENVIRONMENT_INCONSISTENCY: VI (5963.4 > 4500),334.30627577248174,5963.438832541636,0.0,Post-Monsoon,3648976204,HP-STG-v1.0.0,Phase 8B v1.0.0
SYNTH_8B_batch_0005_00202,SYNTH-SYNTH_8B_batch_0005_00202-D017,EXTREME_TAIL_PHYSICAL_ENVIRONMENT_INCONSISTENCY: VI (5055.5 > 4500),285.9779220043633,5055.468057588057,0.0,Post-Monsoon,3648976204,HP-STG-v1.0.0,Phase 8B v1.0.0
SYNTH_8B_batch_0005_00206,SYNTH-SYNTH_8B_batch_0005_00206-D020,EXTREME_TAIL_PHYSICAL_ENVIRONMENT_INCONSISTENCY: VI (5335.3 > 4500),404.62212721788734,5335.324832633167,0.0,Post-Monsoon,2382206315,HP-STG-v1.0.0,Phase 8B v1.0.0
SYNTH_8B_batch_0005_00206,SYNTH-SYNTH_8B_batch_0005_00206-D021,EXTREME_TAIL_PHYSICAL_ENVIRONMENT_INCONSISTENCY: VI (6798.6 > 4500),279.60047876160587,6798.565338403698,0.0,Post-Monsoon,2382206315,HP-STG-v1.0.0,Phase 8B v1.0.0
SYNTH_8B_batch_0005_00209,SYNTH-SYNTH_8B_batch_0005_00209-D004,EXTREME_TAIL_PHYSICAL_ENVIRONMENT_INCONSISTENCY: VI (8232.8 > 4500),250.64228506628768,8232.845851789061,0.0,Winter,2423340986,HP-STG-v1.0.0,Phase 8B v1.0.0
SYNTH_8B_batch_0005_00210,SYNTH-SYNTH_8B_batch_0005_00210-D014,EXTREME_TAIL_PHYSICAL_ENVIRONMENT_INCONSISTENCY: VI (5519.4 > 4500),361.740486835838,5519.360376465884,0.0,Post-Monsoon,3530011860,HP-STG-v1.0.0,Phase 8B v1.0.0
SYNTH_8B_batch_0005_00210,SYNTH-SYNTH_8B_batch_0005_00210-D015,EXTREME_TAIL_PHYSICAL_ENVIRONMENT_INCONSISTENCY: VI (6251.3 > 4500),280.3179289677924,6251.27951038267,0.0,Post-Monsoon,3530011860,HP-STG-v1.0.0,Phase 8B v1.0.0
SYNTH_8B_batch_0005_00214,SYNTH-SYNTH_8B_batch_0005_00214-D002,EXTREME_TAIL_PHYSICAL_ENVIRONMENT_INCONSISTENCY: VI (10062.9 > 4500),292.3038900504962,10062.888093014577,0.0,Post-Monsoon,2441819916,HP-STG-v1.0.0,Phase 8B v1.0.0
SYNTH_8B_batch_0005_00214,SYNTH-SYNTH_8B_batch_0005_00214-D027,EXTREME_TAIL_PHYSICAL_ENVIRONMENT_INCONSISTENCY: VI (6175.8 > 4500),262.59336986579984,6175.832384227467,0.0,Post-Monsoon,2441819916,HP-STG-v1.0.0,Phase 8B v1.0.0
SYNTH_8B_batch_0005_00214,SYNTH-SYNTH_8B_batch_0005_00214-D030,EXTREME_TAIL_PHYSICAL_ENVIRONMENT_INCONSISTENCY: VI (6920.0 > 4500),254.2820042575566,6919.975467062144,0.0,Post-Monsoon,2441819916,HP-STG-v1.0.0,Phase 8B v1.0.0
SYNTH_8B_batch_0005_00218,SYNTH-SYNTH_8B_batch_0005_00218-D004,EXTREME_TAIL_PHYSICAL_ENVIRONMENT_INCONSISTENCY: VI (6618.6 > 4500),359.3925366509861,6618.576217788914,0.0,Post-Monsoon,2551739004,HP-STG-v1.0.0,Phase 8B v1.0.0
SYNTH_8B_batch_0005_00218,SYNTH-SYNTH_8B_batch_0005_00218-D008,EXTREME_TAIL_PHYSICAL_ENVIRONMENT_INCONSISTENCY: VI (5436.5 > 4500),343.3123047539291,5436.507341290045,0.0,Post-Monsoon,2551739004,HP-STG-v1.0.0,Phase 8B v1.0.0
SYNTH_8B_batch_0005_00218,SYNTH-SYNTH_8B_batch_0005_00218-D009,EXTREME_TAIL_PHYSICAL_ENVIRONMENT_INCONSISTENCY: VI (7964.5 > 4500),278.4698970909698,7964.510124204388,0.0,Post-Monsoon,2551739004,HP-STG-v1.0.0,Phase 8B v1.0.0
SYNTH_8B_batch_0005_00218,SYNTH-SYNTH_8B_batch_0005_00218-D018,EXTREME_TAIL_PHYSICAL_ENVIRONMENT_INCONSISTENCY: VI (5297.8 > 4500),323.1869777830522,5297.769902706493,0.0,Post-Monsoon,2551739004,HP-STG-v1.0.0,Phase 8B v1.0.0
SYNTH_8B_batch_0005_00218,SYNTH-SYNTH_8B_batch_0005_00218-D019,EXTREME_TAIL_PHYSICAL_ENVIRONMENT_INCONSISTENCY: VI (5556.3 > 4500),285.4841565293325,5556.333415578232,0.0,Post-Monsoon,2551739004,HP-STG-v1.0.0,Phase 8B v1.0.0
SYNTH_8B_batch_0005_00218,SYNTH-SYNTH_8B_batch_0005_00218-D025,EXTREME_TAIL_PHYSICAL_ENVIRONMENT_INCONSISTENCY: VI (6835.9 > 4500),360.53794146535154,6835.922083886383,0.0,Post-Monsoon,2551739004,HP-STG-v1.0.0,Phase 8B v1.0.0
SYNTH_8B_batch_0005_00218,SYNTH-SYNTH_8B_batch_0005_00218-D026,EXTREME_TAIL_PHYSICAL_ENVIRONMENT_INCONSISTENCY: VI (6696.9 > 4500),321.1817633005613,6696.908393371327,0.0,Post-Monsoon,2551739004,HP-STG-v1.0.0,Phase 8B v1.0.0
SYNTH_8B_batch_0005_00218,SYNTH-SYNTH_8B_batch_0005_00218-D028,EXTREME_TAIL_PHYSICAL_ENVIRONMENT_INCONSISTENCY: VI (5540.0 > 4500),272.11469102628223,5540.0398835502665,0.0,Post-Monsoon,2551739004,HP-STG-v1.0.0,Phase 8B v1.0.0
SYNTH_8B_batch_0005_00222,SYNTH-SYNTH_8B_batch_0005_00222-D005,EXTREME_TAIL_PHYSICAL_ENVIRONMENT_INCONSISTENCY: VI (5202.4 > 4500),305.90521252117355,5202.392525352596,0.0,Post-Monsoon,4122818789,HP-STG-v1.0.0,Phase 8B v1.0.0
SYNTH_8B_batch_0005_00226,SYNTH-SYNTH_8B_batch_0005_00226-D019,EXTREME_TAIL_PHYSICAL_ENVIRONMENT_INCONSISTENCY: VI (6075.2 > 4500),362.0590838136583,6075.213981858748,0.0,Post-Monsoon,1780567316,HP-STG-v1.0.0,Phase 8B v1.0.0
SYNTH_8B_batch_0005_00226,SYNTH-SYNTH_8B_batch_0005_00226-D020,EXTREME_TAIL_PHYSICAL_ENVIRONMENT_INCONSISTENCY: VI (6380.8 > 4500),298.2323132102951,6380.765784096117,0.0,Post-Monsoon,1780567316,HP-STG-v1.0.0,Phase 8B v1.0.0
SYNTH_8B_batch_0005_00230,SYNTH-SYNTH_8B_batch_0005_00230-D023,EXTREME_TAIL_PHYSICAL_ENVIRONMENT_INCONSISTENCY: VI (5141.1 > 4500),346.89349983553416,5141.113040603642,0.0,Post-Monsoon,413560873,HP-STG-v1.0.0,Phase 8B v1.0.0
SYNTH_8B_batch_0005_00230,SYNTH-SYNTH_8B_batch_0005_00230-D027,EXTREME_TAIL_PHYSICAL_ENVIRONMENT_INCONSISTENCY: VI (5931.7 > 4500),361.7519997099851,5931.6541596833,0.0,Post-Monsoon,413560873,HP-STG-v1.0.0,Phase 8B v1.0.0
SYNTH_8B_batch_0005_00230,SYNTH-SYNTH_8B_batch_0005_00230-D028,EXTREME_TAIL_PHYSICAL_ENVIRONMENT_INCONSISTENCY: VI (6671.9 > 4500),345.5224067563511,6671.8926997333165,0.0,Post-Monsoon,413560873,HP-STG-v1.0.0,Phase 8B v1.0.0
SYNTH_8B_batch_0005_00230,SYNTH-SYNTH_8B_batch_0005_00230-D029,EXTREME_TAIL_PHYSICAL_ENVIRONMENT_INCONSISTENCY: VI (6206.9 > 4500),284.83569638380106,6206.9030340503705,0.0,Post-Monsoon,413560873,HP-STG-v1.0.0,Phase 8B v1.0.0
SYNTH_8B_batch_0005_00234,SYNTH-SYNTH_8B_batch_0005_00234-D025,EXTREME_TAIL_PHYSICAL_ENVIRONMENT_INCONSISTENCY: VI (6856.2 > 4500),343.97198634388815,6856.235392665952,0.0,Post-Monsoon,1028913461,HP-STG-v1.0.0,Phase 8B v1.0.0
SYNTH_8B_batch_0005_00234,SYNTH-SYNTH_8B_batch_0005_00234-D026,EXTREME_TAIL_PHYSICAL_ENVIRONMENT_INCONSISTENCY: VI (4570.7 > 4500),295.4233481862196,4570.658511090194,0.0,Post-Monsoon,1028913461,HP-STG-v1.0.0,Phase 8B v1.0.0
SYNTH_8B_batch_0005_00242,SYNTH-SYNTH_8B_batch_0005_00242-D014,EXTREME_TAIL_PHYSICAL_ENVIRONMENT_INCONSISTENCY: VI (6086.3 > 4500),356.1415503197426,6086.276181585413,0.0,Post-Monsoon,3712629866,HP-STG-v1.0.0,Phase 8B v1.0.0
SYNTH_8B_batch_0005_00242,SYNTH-SYNTH_8B_batch_0005_00242-D015,EXTREME_TAIL_PHYSICAL_ENVIRONMENT_INCONSISTENCY: VI (4561.6 > 4500),294.739811193968,4561.643826854139,0.0,Post-Monsoon,3712629866,HP-STG-v1.0.0,Phase 8B v1.0.0
SYNTH_8B_batch_0005_00242,SYNTH-SYNTH_8B_batch_0005_00242-D016,EXTREME_TAIL_PHYSICAL_ENVIRONMENT_INCONSISTENCY: VI (5047.7 > 4500),253.16803672454432,5047.662568997264,0.0,Post-Monsoon,3712629866,HP-STG-v1.0.0,Phase 8B v1.0.0
SYNTH_8B_batch_0005_00242,SYNTH-SYNTH_8B_batch_0005_00242-D023,EXTREME_TAIL_PHYSICAL_ENVIRONMENT_INCONSISTENCY: VI (6050.0 > 4500),347.13329722841365,6049.95428198149,0.0,Post-Monsoon,3712629866,HP-STG-v1.0.0,Phase 8B v1.0.0
SYNTH_8B_batch_0005_00242,SYNTH-SYNTH_8B_batch_0005_00242-D024,EXTREME_TAIL_PHYSICAL_ENVIRONMENT_INCONSISTENCY: VI (4726.9 > 4500),290.63765275842957,4726.91634156206,0.0,Post-Monsoon,3712629866,HP-STG-v1.0.0,Phase 8B v1.0.0
SYNTH_8B_batch_0005_00242,SYNTH-SYNTH_8B_batch_0005_00242-D029,EXTREME_TAIL_PHYSICAL_ENVIRONMENT_INCONSISTENCY: VI (4898.8 > 4500),399.1684632427864,4898.806453500022,0.0,Post-Monsoon,3712629866,HP-STG-v1.0.0,Phase 8B v1.0.0
SYNTH_8B_batch_0005_00242,SYNTH-SYNTH_8B_batch_0005_00242-D030,EXTREME_TAIL_PHYSICAL_ENVIRONMENT_INCONSISTENCY: VI (6462.5 > 4500),291.6617519204026,6462.498679469321,0.0,Post-Monsoon,3712629866,HP-STG-v1.0.0,Phase 8B v1.0.0
SYNTH_8B_batch_0005_00246,SYNTH-SYNTH_8B_batch_0005_00246-D025,EXTREME_TAIL_PHYSICAL_ENVIRONMENT_INCONSISTENCY: VI (8072.8 > 4500),338.35920912434955,8072.823116177109,0.0,Post-Monsoon,634357565,HP-STG-v1.0.0,Phase 8B v1.0.0
SYNTH_8B_batch_0005_00246,SYNTH-SYNTH_8B_batch_0005_00246-D026,EXTREME_TAIL_PHYSICAL_ENVIRONMENT_INCONSISTENCY: VI (6001.8 > 4500),266.20329802551214,6001.768578549719,0.0,Post-Monsoon,634357565,HP-STG-v1.0.0,Phase 8B v1.0.0
SYNTH_8B_batch_0005_00265,SYNTH-SYNTH_8B_batch_0005_00265-D002,EXTREME_TAIL_PHYSICAL_ENVIRONMENT_INCONSISTENCY: VI (8780.3 > 4500),270.0859285933455,8780.309716461152,0.0,Winter,1836598337,HP-STG-v1.0.0,Phase 8B v1.0.0
SYNTH_8B_batch_0005_00266,SYNTH-SYNTH_8B_batch_0005_00266-D002,EXTREME_TAIL_PHYSICAL_ENVIRONMENT_INCONSISTENCY: VI (6005.5 > 4500),285.24253310882955,6005.482500311335,0.0,Post-Monsoon,2911022725,HP-STG-v1.0.0,Phase 8B v1.0.0
SYNTH_8B_batch_0005_00269,SYNTH-SYNTH_8B_batch_0005_00269-D003,EXTREME_TAIL_PHYSICAL_ENVIRONMENT_INCONSISTENCY: VI (5707.6 > 4500),266.872009294914,5707.592014635992,0.0,Winter,700545712,HP-STG-v1.0.0,Phase 8B v1.0.0
SYNTH_8B_batch_0005_00270,SYNTH-SYNTH_8B_batch_0005_00270-D015,EXTREME_TAIL_PHYSICAL_ENVIRONMENT_INCONSISTENCY: VI (6059.8 > 4500),368.04011091654115,6059.825615016215,0.0,Post-Monsoon,4144703476,HP-STG-v1.0.0,Phase 8B v1.0.0
SYNTH_8B_batch_0005_00270,SYNTH-SYNTH_8B_batch_0005_00270-D019,EXTREME_TAIL_PHYSICAL_ENVIRONMENT_INCONSISTENCY: VI (7428.4 > 4500),297.35825398884737,7428.437911166211,0.0,Post-Monsoon,4144703476,HP-STG-v1.0.0,Phase 8B v1.0.0
SYNTH_8B_batch_0005_00270,SYNTH-SYNTH_8B_batch_0005_00270-D026,EXTREME_TAIL_PHYSICAL_ENVIRONMENT_INCONSISTENCY: VI (6909.1 > 4500),414.3578840186544,6909.120915174243,0.0,Post-Monsoon,4144703476,HP-STG-v1.0.0,Phase 8B v1.0.0
SYNTH_8B_batch_0005_00270,SYNTH-SYNTH_8B_batch_0005_00270-D027,EXTREME_TAIL_PHYSICAL_ENVIRONMENT_INCONSISTENCY: VI (8154.4 > 4500),294.44109126569737,8154.420260933447,0.0,Post-Monsoon,4144703476,HP-STG-v1.0.0,Phase 8B v1.0.0
SYNTH_8B_batch_0005_00273,SYNTH-SYNTH_8B_batch_0005_00273-D002,EXTREME_TAIL_PHYSICAL_ENVIRONMENT_INCONSISTENCY: VI (7560.5 > 4500),253.08464146852626,7560.461797838479,0.0,Winter,3788712325,HP-STG-v1.0.0,Phase 8B v1.0.0
SYNTH_8B_batch_0005_00274,SYNTH-SYNTH_8B_batch_0005_00274-D007,EXTREME_TAIL_PHYSICAL_ENVIRONMENT_INCONSISTENCY: VI (5516.7 > 4500),361.09423680293514,5516.738083613142,0.0,Post-Monsoon,470316590,HP-STG-v1.0.0,Phase 8B v1.0.0
SYNTH_8B_batch_0005_00274,SYNTH-SYNTH_8B_batch_0005_00274-D008,EXTREME_TAIL_PHYSICAL_ENVIRONMENT_INCONSISTENCY: VI (4848.1 > 4500),313.4920714224825,4848.082861541566,0.0,Post-Monsoon,470316590,HP-STG-v1.0.0,Phase 8B v1.0.0
SYNTH_8B_batch_0005_00278,SYNTH-SYNTH_8B_batch_0005_00278-D003,EXTREME_TAIL_PHYSICAL_ENVIRONMENT_INCONSISTENCY: VI (5456.0 > 4500),302.62629949738874,5455.953606635516,0.0,Post-Monsoon,4058266026,HP-STG-v1.0.0,Phase 8B v1.0.0
SYNTH_8B_batch_0005_00278,SYNTH-SYNTH_8B_batch_0005_00278-D013,EXTREME_TAIL_PHYSICAL_ENVIRONMENT_INCONSISTENCY: VI (5643.3 > 4500),323.886840281531,5643.334455023269,0.0,Post-Monsoon,4058266026,HP-STG-v1.0.0,Phase 8B v1.0.0
SYNTH_8B_batch_0005_00278,SYNTH-SYNTH_8B_batch_0005_00278-D014,EXTREME_TAIL_PHYSICAL_ENVIRONMENT_INCONSISTENCY: VI (7332.3 > 4500),298.9603144931912,7332.280157798591,0.0,Post-Monsoon,4058266026,HP-STG-v1.0.0,Phase 8B v1.0.0
SYNTH_8B_batch_0005_00278,SYNTH-SYNTH_8B_batch_0005_00278-D029,EXTREME_TAIL_PHYSICAL_ENVIRONMENT_INCONSISTENCY: VI (6624.2 > 4500),281.13590370140537,6624.167886113179,0.0,Post-Monsoon,4058266026,HP-STG-v1.0.0,Phase 8B v1.0.0
SYNTH_8B_batch_0005_00282,SYNTH-SYNTH_8B_batch_0005_00282-D009,EXTREME_TAIL_PHYSICAL_ENVIRONMENT_INCONSISTENCY: VI (6404.7 > 4500),286.2074564778279,6404.732535906737,0.0,Post-Monsoon,3506162479,HP-STG-v1.0.0,Phase 8B v1.0.0
SYNTH_8B_batch_0005_00282,SYNTH-SYNTH_8B_batch_0005_00282-D027,EXTREME_TAIL_PHYSICAL_ENVIRONMENT_INCONSISTENCY: VI (5700.1 > 4500),389.90257164350135,5700.101129377347,0.0,Post-Monsoon,3506162479,HP-STG-v1.0.0,Phase 8B v1.0.0
SYNTH_8B_batch_0005_00282,SYNTH-SYNTH_8B_batch_0005_00282-D028,EXTREME_TAIL_PHYSICAL_ENVIRONMENT_INCONSISTENCY: VI (5148.3 > 4500),274.40164896142886,5148.285749357027,0.0,Post-Monsoon,3506162479,HP-STG-v1.0.0,Phase 8B v1.0.0
SYNTH_8B_batch_0005_00285,SYNTH-SYNTH_8B_batch_0005_00285-D006,EXTREME_TAIL_PHYSICAL_ENVIRONMENT_INCONSISTENCY: VI (5879.3 > 4500),297.2505321703115,5879.292938063224,0.0,Winter,4250252179,HP-STG-v1.0.0,Phase 8B v1.0.0
SYNTH_8B_batch_0005_00286,SYNTH-SYNTH_8B_batch_0005_00286-D026,EXTREME_TAIL_PHYSICAL_ENVIRONMENT_INCONSISTENCY: VI (6035.7 > 4500),296.1543302809682,6035.673342500169,0.0,Post-Monsoon,1745468325,HP-STG-v1.0.0,Phase 8B v1.0.0
SYNTH_8B_batch_0005_00290,SYNTH-SYNTH_8B_batch_0005_00290-D003,EXTREME_TAIL_PHYSICAL_ENVIRONMENT_INCONSISTENCY: VI (6183.2 > 4500),356.03540120378676,6183.236789272731,0.0,Post-Monsoon,1991188285,HP-STG-v1.0.0,Phase 8B v1.0.0
SYNTH_8B_batch_0005_00290,SYNTH-SYNTH_8B_batch_0005_00290-D008,EXTREME_TAIL_PHYSICAL_ENVIRONMENT_INCONSISTENCY: VI (5065.5 > 4500),363.78155596764634,5065.544694643297,0.0,Post-Monsoon,1991188285,HP-STG-v1.0.0,Phase 8B v1.0.0
SYNTH_8B_batch_0005_00290,SYNTH-SYNTH_8B_batch_0005_00290-D009,EXTREME_TAIL_PHYSICAL_ENVIRONMENT_INCONSISTENCY: VI (8024.2 > 4500),265.20957905781796,8024.160864577668,0.0,Post-Monsoon,1991188285,HP-STG-v1.0.0,Phase 8B v1.0.0
SYNTH_8B_batch_0005_00294,SYNTH-SYNTH_8B_batch_0005_00294-D004,EXTREME_TAIL_PHYSICAL_ENVIRONMENT_INCONSISTENCY: VI (7499.4 > 4500),334.92077161641566,7499.41204539749,0.0,Post-Monsoon,3434161295,HP-STG-v1.0.0,Phase 8B v1.0.0
SYNTH_8B_batch_0005_00294,SYNTH-SYNTH_8B_batch_0005_00294-D011,EXTREME_TAIL_PHYSICAL_ENVIRONMENT_INCONSISTENCY: VI (6826.7 > 4500),390.72612354521107,6826.685257826686,0.0,Post-Monsoon,3434161295,HP-STG-v1.0.0,Phase 8B v1.0.0
SYNTH_8B_batch_0005_00294,SYNTH-SYNTH_8B_batch_0005_00294-D012,EXTREME_TAIL_PHYSICAL_ENVIRONMENT_INCONSISTENCY: VI (6824.2 > 4500),340.09075084872484,6824.202971811486,0.0,Post-Monsoon,3434161295,HP-STG-v1.0.0,Phase 8B v1.0.0
SYNTH_8B_batch_0005_00294,SYNTH-SYNTH_8B_batch_0005_00294-D016,EXTREME_TAIL_PHYSICAL_ENVIRONMENT_INCONSISTENCY: VI (7867.0 > 4500),282.6940984869117,7866.980921481188,0.0,Post-Monsoon,3434161295,HP-STG-v1.0.0,Phase 8B v1.0.0
SYNTH_8B_batch_0005_00294,SYNTH-SYNTH_8B_batch_0005_00294-D022,EXTREME_TAIL_PHYSICAL_ENVIRONMENT_INCONSISTENCY: VI (6177.4 > 4500),264.10034507153836,6177.4181087904035,0.0,Post-Monsoon,3434161295,HP-STG-v1.0.0,Phase 8B v1.0.0
SYNTH_8B_batch_0005_00294,SYNTH-SYNTH_8B_batch_0005_00294-D027,EXTREME_TAIL_PHYSICAL_ENVIRONMENT_INCONSISTENCY: VI (7314.0 > 4500),251.84492649738428,7313.952862643925,0.0,Post-Monsoon,3434161295,HP-STG-v1.0.0,Phase 8B v1.0.0
SYNTH_8B_batch_0005_00301,SYNTH-SYNTH_8B_batch_0005_00301-D005,EXTREME_TAIL_PHYSICAL_ENVIRONMENT_INCONSISTENCY: VI (7681.8 > 4500),321.80861438391554,7681.780213376289,0.0,Winter,1952108212,HP-STG-v1.0.0,Phase 8B v1.0.0
SYNTH_8B_batch_0005_00305,SYNTH-SYNTH_8B_batch_0005_00305-D008,EXTREME_TAIL_PHYSICAL_ENVIRONMENT_INCONSISTENCY: VI (6387.4 > 4500),294.9844335075584,6387.38027824588,0.0,Winter,2591619816,HP-STG-v1.0.0,Phase 8B v1.0.0
SYNTH_8B_batch_0005_00306,SYNTH-SYNTH_8B_batch_0005_00306-D030,EXTREME_TAIL_PHYSICAL_ENVIRONMENT_INCONSISTENCY: VI (5833.9 > 4500),286.8525828780616,5833.9402262297635,0.0,Post-Monsoon,3433114815,HP-STG-v1.0.0,Phase 8B v1.0.0
SYNTH_8B_batch_0005_00310,SYNTH-SYNTH_8B_batch_0005_00310-D004,EXTREME_TAIL_PHYSICAL_ENVIRONMENT_INCONSISTENCY: VI (5936.5 > 4500),330.7493358034265,5936.493471981953,0.0,Post-Monsoon,1683397663,HP-STG-v1.0.0,Phase 8B v1.0.0
SYNTH_8B_batch_0005_00310,SYNTH-SYNTH_8B_batch_0005_00310-D005,EXTREME_TAIL_PHYSICAL_ENVIRONMENT_INCONSISTENCY: VI (8389.7 > 4500),277.7083253372372,8389.660853772064,0.0,Post-Monsoon,1683397663,HP-STG-v1.0.0,Phase 8B v1.0.0
SYNTH_8B_batch_0005_00314,SYNTH-SYNTH_8B_batch_0005_00314-D013,EXTREME_TAIL_PHYSICAL_ENVIRONMENT_INCONSISTENCY: VI (6619.5 > 4500),363.6694006039053,6619.491490497295,0.0,Post-Monsoon,2030359360,HP-STG-v1.0.0,Phase 8B v1.0.0
SYNTH_8B_batch_0005_00318,SYNTH-SYNTH_8B_batch_0005_00318-D013,EXTREME_TAIL_PHYSICAL_ENVIRONMENT_INCONSISTENCY: VI (8069.3 > 4500),342.01850757315555,8069.310627716448,0.0,Post-Monsoon,2342425065,HP-STG-v1.0.0,Phase 8B v1.0.0
SYNTH_8B_batch_0005_00318,SYNTH-SYNTH_8B_batch_0005_00318-D014,EXTREME_TAIL_PHYSICAL_ENVIRONMENT_INCONSISTENCY: VI (5756.1 > 4500),298.8229172013354,5756.075812965441,0.0,Post-Monsoon,2342425065,HP-STG-v1.0.0,Phase 8B v1.0.0
SYNTH_8B_batch_0005_00318,SYNTH-SYNTH_8B_batch_0005_00318-D015,EXTREME_TAIL_PHYSICAL_ENVIRONMENT_INCONSISTENCY: VI (6144.4 > 4500),255.92596651384667,6144.41916421785,0.0,Post-Monsoon,2342425065,HP-STG-v1.0.0,Phase 8B v1.0.0
SYNTH_8B_batch_0005_00318,SYNTH-SYNTH_8B_batch_0005_00318-D030,EXTREME_TAIL_PHYSICAL_ENVIRONMENT_INCONSISTENCY: VI (7122.1 > 4500),336.9981004405397,7122.096180917494,0.0,Post-Monsoon,2342425065,HP-STG-v1.0.0,Phase 8B v1.0.0
SYNTH_8B_batch_0005_00322,SYNTH-SYNTH_8B_batch_0005_00322-D005,EXTREME_TAIL_PHYSICAL_ENVIRONMENT_INCONSISTENCY: VI (5370.9 > 4500),334.0572505495737,5370.899511022848,0.0,Post-Monsoon,1510298875,HP-STG-v1.0.0,Phase 8B v1.0.0
SYNTH_8B_batch_0005_00322,SYNTH-SYNTH_8B_batch_0005_00322-D006,EXTREME_TAIL_PHYSICAL_ENVIRONMENT_INCONSISTENCY: VI (7592.4 > 4500),257.13938144570756,7592.3600218442025,0.0,Post-Monsoon,1510298875,HP-STG-v1.0.0,Phase 8B v1.0.0
SYNTH_8B_batch_0005_00322,SYNTH-SYNTH_8B_batch_0005_00322-D012,EXTREME_TAIL_PHYSICAL_ENVIRONMENT_INCONSISTENCY: VI (5673.0 > 4500),302.08383798794154,5672.984454342601,0.0,Post-Monsoon,1510298875,HP-STG-v1.0.0,Phase 8B v1.0.0
SYNTH_8B_batch_0005_00322,SYNTH-SYNTH_8B_batch_0005_00322-D014,EXTREME_TAIL_PHYSICAL_ENVIRONMENT_INCONSISTENCY: VI (7044.6 > 4500),257.5549860228358,7044.6173799801745,0.0,Post-Monsoon,1510298875,HP-STG-v1.0.0,Phase 8B v1.0.0
SYNTH_8B_batch_0005_00322,SYNTH-SYNTH_8B_batch_0005_00322-D022,EXTREME_TAIL_PHYSICAL_ENVIRONMENT_INCONSISTENCY: VI (6614.9 > 4500),296.70598359383837,6614.920485388408,0.0,Post-Monsoon,1510298875,HP-STG-v1.0.0,Phase 8B v1.0.0
SYNTH_8B_batch_0005_00322,SYNTH-SYNTH_8B_batch_0005_00322-D025,EXTREME_TAIL_PHYSICAL_ENVIRONMENT_INCONSISTENCY: VI (6130.8 > 4500),256.33710928814287,6130.81874773932,0.0,Post-Monsoon,1510298875,HP-STG-v1.0.0,Phase 8B v1.0.0
SYNTH_8B_batch_0005_00326,SYNTH-SYNTH_8B_batch_0005_00326-D004,EXTREME_TAIL_PHYSICAL_ENVIRONMENT_INCONSISTENCY: VI (6760.2 > 4500),287.192063278276,6760.1511842550335,0.0,Post-Monsoon,927219311,HP-STG-v1.0.0,Phase 8B v1.0.0
SYNTH_8B_batch_0005_00334,SYNTH-SYNTH_8B_batch_0005_00334-D006,EXTREME_TAIL_PHYSICAL_ENVIRONMENT_INCONSISTENCY: VI (8292.7 > 4500),327.9139442315642,8292.742947678378,0.0,Post-Monsoon,827956714,HP-STG-v1.0.0,Phase 8B v1.0.0
SYNTH_8B_batch_0005_00334,SYNTH-SYNTH_8B_batch_0005_00334-D007,EXTREME_TAIL_PHYSICAL_ENVIRONMENT_INCONSISTENCY: VI (4556.8 > 4500),329.8422606632665,4556.758398838323,0.0,Post-Monsoon,827956714,HP-STG-v1.0.0,Phase 8B v1.0.0
SYNTH_8B_batch_0005_00334,SYNTH-SYNTH_8B_batch_0005_00334-D008,EXTREME_TAIL_PHYSICAL_ENVIRONMENT_INCONSISTENCY: VI (6964.0 > 4500),257.3594544032304,6964.021025797684,0.0,Post-Monsoon,827956714,HP-STG-v1.0.0,Phase 8B v1.0.0
SYNTH_8B_batch_0005_00334,SYNTH-SYNTH_8B_batch_0005_00334-D017,EXTREME_TAIL_PHYSICAL_ENVIRONMENT_INCONSISTENCY: VI (7457.5 > 4500),376.4013103714597,7457.536766319011,0.0,Post-Monsoon,827956714,HP-STG-v1.0.0,Phase 8B v1.0.0
SYNTH_8B_batch_0005_00334,SYNTH-SYNTH_8B_batch_0005_00334-D025,EXTREME_TAIL_PHYSICAL_ENVIRONMENT_INCONSISTENCY: VI (7933.7 > 4500),278.81244505749873,7933.721583515093,0.0,Post-Monsoon,827956714,HP-STG-v1.0.0,Phase 8B v1.0.0
SYNTH_8B_batch_0005_00342,SYNTH-SYNTH_8B_batch_0005_00342-D013,EXTREME_TAIL_PHYSICAL_ENVIRONMENT_INCONSISTENCY: VI (7708.7 > 4500),302.0170881417024,7708.6891508213375,0.0,Post-Monsoon,3001746803,HP-STG-v1.0.0,Phase 8B v1.0.0
SYNTH_8B_batch_0005_00346,SYNTH-SYNTH_8B_batch_0005_00346-D023,EXTREME_TAIL_PHYSICAL_ENVIRONMENT_INCONSISTENCY: VI (8088.5 > 4500),342.80644481578463,8088.489090894568,0.0,Post-Monsoon,1147870411,HP-STG-v1.0.0,Phase 8B v1.0.0
SYNTH_8B_batch_0005_00350,SYNTH-SYNTH_8B_batch_0005_00350-D020,EXTREME_TAIL_PHYSICAL_ENVIRONMENT_INCONSISTENCY: VI (5923.8 > 4500),345.377125216035,5923.774321814286,0.0,Post-Monsoon,2653576207,HP-STG-v1.0.0,Phase 8B v1.0.0
SYNTH_8B_batch_0005_00353,SYNTH-SYNTH_8B_batch_0005_00353-D002,EXTREME_TAIL_PHYSICAL_ENVIRONMENT_INCONSISTENCY: VI (5965.1 > 4500),307.6330112554348,5965.12635380769,0.0,Winter,2413721159,HP-STG-v1.0.0,Phase 8B v1.0.0
SYNTH_8B_batch_0005_00354,SYNTH-SYNTH_8B_batch_0005_00354-D006,EXTREME_TAIL_PHYSICAL_ENVIRONMENT_INCONSISTENCY: VI (6833.7 > 4500),292.02376984834575,6833.726498164116,0.0,Post-Monsoon,2116748753,HP-STG-v1.0.0,Phase 8B v1.0.0
SYNTH_8B_batch_0005_00354,SYNTH-SYNTH_8B_batch_0005_00354-D007,EXTREME_TAIL_PHYSICAL_ENVIRONMENT_INCONSISTENCY: VI (5649.9 > 4500),259.53702910934936,5649.856501932622,0.0,Post-Monsoon,2116748753,HP-STG-v1.0.0,Phase 8B v1.0.0
SYNTH_8B_batch_0005_00358,SYNTH-SYNTH_8B_batch_0005_00358-D009,EXTREME_TAIL_PHYSICAL_ENVIRONMENT_INCONSISTENCY: VI (5700.7 > 4500),283.3324451446488,5700.663284733297,0.0,Post-Monsoon,455338147,HP-STG-v1.0.0,Phase 8B v1.0.0
SYNTH_8B_batch_0005_00358,SYNTH-SYNTH_8B_batch_0005_00358-D021,EXTREME_TAIL_PHYSICAL_ENVIRONMENT_INCONSISTENCY: VI (7059.9 > 4500),359.3035141763162,7059.922307467069,0.0,Post-Monsoon,455338147,HP-STG-v1.0.0,Phase 8B v1.0.0
SYNTH_8B_batch_0005_00358,SYNTH-SYNTH_8B_batch_0005_00358-D022,EXTREME_TAIL_PHYSICAL_ENVIRONMENT_INCONSISTENCY: VI (6523.8 > 4500),255.11010500607898,6523.798905273719,0.0,Post-Monsoon,455338147,HP-STG-v1.0.0,Phase 8B v1.0.0
SYNTH_8B_batch_0005_00362,SYNTH-SYNTH_8B_batch_0005_00362-D003,EXTREME_TAIL_PHYSICAL_ENVIRONMENT_INCONSISTENCY: VI (8082.4 > 4500),266.6244330403181,8082.3863626566845,0.0,Post-Monsoon,759019144,HP-STG-v1.0.0,Phase 8B v1.0.0
SYNTH_8B_batch_0005_00362,SYNTH-SYNTH_8B_batch_0005_00362-D027,EXTREME_TAIL_PHYSICAL_ENVIRONMENT_INCONSISTENCY: VI (5640.6 > 4500),383.55831213411864,5640.632264031671,0.0,Post-Monsoon,759019144,HP-STG-v1.0.0,Phase 8B v1.0.0
SYNTH_8B_batch_0005_00366,SYNTH-SYNTH_8B_batch_0005_00366-D017,EXTREME_TAIL_PHYSICAL_ENVIRONMENT_INCONSISTENCY: VI (6809.4 > 4500),338.03937366877113,6809.407239243451,0.0,Post-Monsoon,634364679,HP-STG-v1.0.0,Phase 8B v1.0.0
SYNTH_8B_batch_0005_00366,SYNTH-SYNTH_8B_batch_0005_00366-D018,EXTREME_TAIL_PHYSICAL_ENVIRONMENT_INCONSISTENCY: VI (6497.2 > 4500),257.5071617774548,6497.157090376293,0.0,Post-Monsoon,634364679,HP-STG-v1.0.0,Phase 8B v1.0.0
SYNTH_8B_batch_0005_00369,SYNTH-SYNTH_8B_batch_0005_00369-D006,EXTREME_TAIL_PHYSICAL_ENVIRONMENT_INCONSISTENCY: VI (5869.3 > 4500),274.20106647817755,5869.281864425884,0.0,Winter,1295310284,HP-STG-v1.0.0,Phase 8B v1.0.0
SYNTH_8B_batch_0005_00370,SYNTH-SYNTH_8B_batch_0005_00370-D011,EXTREME_TAIL_PHYSICAL_ENVIRONMENT_INCONSISTENCY: VI (5792.0 > 4500),365.4387595068287,5791.958950020767,0.0,Post-Monsoon,1635162165,HP-STG-v1.0.0,Phase 8B v1.0.0
SYNTH_8B_batch_0005_00370,SYNTH-SYNTH_8B_batch_0005_00370-D012,EXTREME_TAIL_PHYSICAL_ENVIRONMENT_INCONSISTENCY: VI (7585.0 > 4500),262.0741723184108,7585.013256622813,0.0,Post-Monsoon,1635162165,HP-STG-v1.0.0,Phase 8B v1.0.0
SYNTH_8B_batch_0005_00370,SYNTH-SYNTH_8B_batch_0005_00370-D030,EXTREME_TAIL_PHYSICAL_ENVIRONMENT_INCONSISTENCY: VI (5792.3 > 4500),273.1491655224341,5792.282193140688,0.0,Post-Monsoon,1635162165,HP-STG-v1.0.0,Phase 8B v1.0.0
SYNTH_8B_batch_0005_00374,SYNTH-SYNTH_8B_batch_0005_00374-D017,EXTREME_TAIL_PHYSICAL_ENVIRONMENT_INCONSISTENCY: VI (7421.3 > 4500),281.29806738170265,7421.306219383154,0.0,Post-Monsoon,2564983277,HP-STG-v1.0.0,Phase 8B v1.0.0
SYNTH_8B_batch_0005_00374,SYNTH-SYNTH_8B_batch_0005_00374-D021,EXTREME_TAIL_PHYSICAL_ENVIRONMENT_INCONSISTENCY: VI (7096.4 > 4500),376.3046777078271,7096.438300726845,0.0,Post-Monsoon,2564983277,HP-STG-v1.0.0,Phase 8B v1.0.0
SYNTH_8B_batch_0005_00374,SYNTH-SYNTH_8B_batch_0005_00374-D022,EXTREME_TAIL_PHYSICAL_ENVIRONMENT_INCONSISTENCY: VI (7922.3 > 4500),272.1726475135692,7922.261693176641,0.0,Post-Monsoon,2564983277,HP-STG-v1.0.0,Phase 8B v1.0.0
SYNTH_8B_batch_0005_00374,SYNTH-SYNTH_8B_batch_0005_00374-D023,EXTREME_TAIL_PHYSICAL_ENVIRONMENT_INCONSISTENCY: VI (5584.1 > 4500),254.33332964722192,5584.066254951472,0.0,Post-Monsoon,2564983277,HP-STG-v1.0.0,Phase 8B v1.0.0
SYNTH_8B_batch_0005_00382,SYNTH-SYNTH_8B_batch_0005_00382-D016,EXTREME_TAIL_PHYSICAL_ENVIRONMENT_INCONSISTENCY: VI (4667.9 > 4500),285.9339772289858,4667.870594846957,0.0,Post-Monsoon,942199244,HP-STG-v1.0.0,Phase 8B v1.0.0
SYNTH_8B_batch_0005_00382,SYNTH-SYNTH_8B_batch_0005_00382-D017,EXTREME_TAIL_PHYSICAL_ENVIRONMENT_INCONSISTENCY: VI (7692.9 > 4500),279.7733461334435,7692.923992378063,0.0,Post-Monsoon,942199244,HP-STG-v1.0.0,Phase 8B v1.0.0
SYNTH_8B_batch_0005_00386,SYNTH-SYNTH_8B_batch_0005_00386-D007,EXTREME_TAIL_PHYSICAL_ENVIRONMENT_INCONSISTENCY: VI (6661.3 > 4500),370.0749772234893,6661.3251894674995,0.0,Post-Monsoon,3166945203,HP-STG-v1.0.0,Phase 8B v1.0.0
SYNTH_8B_batch_0005_00386,SYNTH-SYNTH_8B_batch_0005_00386-D011,EXTREME_TAIL_PHYSICAL_ENVIRONMENT_INCONSISTENCY: VI (6357.5 > 4500),368.29960341282435,6357.508661777051,0.0,Post-Monsoon,3166945203,HP-STG-v1.0.0,Phase 8B v1.0.0
SYNTH_8B_batch_0005_00386,SYNTH-SYNTH_8B_batch_0005_00386-D012,EXTREME_TAIL_PHYSICAL_ENVIRONMENT_INCONSISTENCY: VI (5932.5 > 4500),316.39687334786277,5932.517056003157,0.0,Post-Monsoon,3166945203,HP-STG-v1.0.0,Phase 8B v1.0.0
SYNTH_8B_batch_0005_00386,SYNTH-SYNTH_8B_batch_0005_00386-D030,EXTREME_TAIL_PHYSICAL_ENVIRONMENT_INCONSISTENCY: VI (6552.7 > 4500),303.4665208694777,6552.7102215423965,0.0,Post-Monsoon,3166945203,HP-STG-v1.0.0,Phase 8B v1.0.0
SYNTH_8B_batch_0005_00398,SYNTH-SYNTH_8B_batch_0005_00398-D022,EXTREME_TAIL_PHYSICAL_ENVIRONMENT_INCONSISTENCY: VI (4934.2 > 4500),336.50539307113695,4934.150978866863,0.0,Post-Monsoon,3919689625,HP-STG-v1.0.0,Phase 8B v1.0.0
SYNTH_8B_batch_0005_00398,SYNTH-SYNTH_8B_batch_0005_00398-D027,EXTREME_TAIL_PHYSICAL_ENVIRONMENT_INCONSISTENCY: VI (4661.1 > 4500),385.9545465671791,4661.137655738417,0.0,Post-Monsoon,3919689625,HP-STG-v1.0.0,Phase 8B v1.0.0
SYNTH_8B_batch_0005_00398,SYNTH-SYNTH_8B_batch_0005_00398-D028,EXTREME_TAIL_PHYSICAL_ENVIRONMENT_INCONSISTENCY: VI (8375.7 > 4500),261.0199486838819,8375.695682848283,0.0,Post-Monsoon,3919689625,HP-STG-v1.0.0,Phase 8B v1.0.0
SYNTH_8B_batch_0005_00402,SYNTH-SYNTH_8B_batch_0005_00402-D002,EXTREME_TAIL_PHYSICAL_ENVIRONMENT_INCONSISTENCY: VI (6848.6 > 4500),255.38767080734172,6848.626731460499,0.0,Post-Monsoon,1001129143,HP-STG-v1.0.0,Phase 8B v1.0.0
SYNTH_8B_batch_0005_00406,SYNTH-SYNTH_8B_batch_0005_00406-D005,EXTREME_TAIL_PHYSICAL_ENVIRONMENT_INCONSISTENCY: VI (5688.4 > 4500),436.00082487234624,5688.388252012073,0.0,Post-Monsoon,1718960891,HP-STG-v1.0.0,Phase 8B v1.0.0
SYNTH_8B_batch_0005_00406,SYNTH-SYNTH_8B_batch_0005_00406-D006,EXTREME_TAIL_PHYSICAL_ENVIRONMENT_INCONSISTENCY: VI (7300.5 > 4500),309.1163780791396,7300.548689334264,0.0,Post-Monsoon,1718960891,HP-STG-v1.0.0,Phase 8B v1.0.0
SYNTH_8B_batch_0005_00406,SYNTH-SYNTH_8B_batch_0005_00406-D015,EXTREME_TAIL_PHYSICAL_ENVIRONMENT_INCONSISTENCY: VI (4736.0 > 4500),277.3217711668523,4736.020088493375,0.0,Post-Monsoon,1718960891,HP-STG-v1.0.0,Phase 8B v1.0.0
SYNTH_8B_batch_0005_00413,SYNTH-SYNTH_8B_batch_0005_00413-D002,EXTREME_TAIL_PHYSICAL_ENVIRONMENT_INCONSISTENCY: VI (8437.0 > 4500),282.3716017584637,8436.974250812662,0.0,Winter,477638500,HP-STG-v1.0.0,Phase 8B v1.0.0
SYNTH_8B_batch_0005_00414,SYNTH-SYNTH_8B_batch_0005_00414-D010,EXTREME_TAIL_PHYSICAL_ENVIRONMENT_INCONSISTENCY: VI (5711.8 > 4500),340.66462662392047,5711.800071473808,0.0,Post-Monsoon,973169557,HP-STG-v1.0.0,Phase 8B v1.0.0
SYNTH_8B_batch_0005_00414,SYNTH-SYNTH_8B_batch_0005_00414-D014,EXTREME_TAIL_PHYSICAL_ENVIRONMENT_INCONSISTENCY: VI (7898.1 > 4500),388.6136488820217,7898.087447816956,0.0,Post-Monsoon,973169557,HP-STG-v1.0.0,Phase 8B v1.0.0
SYNTH_8B_batch_0005_00414,SYNTH-SYNTH_8B_batch_0005_00414-D019,EXTREME_TAIL_PHYSICAL_ENVIRONMENT_INCONSISTENCY: VI (7025.3 > 4500),329.38910776499637,7025.325262082982,0.0,Post-Monsoon,973169557,HP-STG-v1.0.0,Phase 8B v1.0.0
SYNTH_8B_batch_0005_00414,SYNTH-SYNTH_8B_batch_0005_00414-D020,EXTREME_TAIL_PHYSICAL_ENVIRONMENT_INCONSISTENCY: VI (7288.6 > 4500),268.31342538322707,7288.571482986749,0.0,Post-Monsoon,973169557,HP-STG-v1.0.0,Phase 8B v1.0.0
SYNTH_8B_batch_0005_00414,SYNTH-SYNTH_8B_batch_0005_00414-D030,EXTREME_TAIL_PHYSICAL_ENVIRONMENT_INCONSISTENCY: VI (6348.5 > 4500),263.0744357084406,6348.493709624901,0.0,Post-Monsoon,973169557,HP-STG-v1.0.0,Phase 8B v1.0.0
SYNTH_8B_batch_0005_00418,SYNTH-SYNTH_8B_batch_0005_00418-D008,EXTREME_TAIL_PHYSICAL_ENVIRONMENT_INCONSISTENCY: VI (6119.3 > 4500),347.69016997497795,6119.255068908544,0.0,Post-Monsoon,1711206043,HP-STG-v1.0.0,Phase 8B v1.0.0
SYNTH_8B_batch_0005_00418,SYNTH-SYNTH_8B_batch_0005_00418-D009,EXTREME_TAIL_PHYSICAL_ENVIRONMENT_INCONSISTENCY: VI (5677.8 > 4500),284.7799617573545,5677.8067097313815,0.0,Post-Monsoon,1711206043,HP-STG-v1.0.0,Phase 8B v1.0.0
SYNTH_8B_batch_0005_00426,SYNTH-SYNTH_8B_batch_0005_00426-D003,EXTREME_TAIL_PHYSICAL_ENVIRONMENT_INCONSISTENCY: VI (6389.3 > 4500),285.7935709662411,6389.312018426071,0.0,Post-Monsoon,1468874258,HP-STG-v1.0.0,Phase 8B v1.0.0
SYNTH_8B_batch_0005_00426,SYNTH-SYNTH_8B_batch_0005_00426-D004,EXTREME_TAIL_PHYSICAL_ENVIRONMENT_INCONSISTENCY: VI (6189.7 > 4500),252.00598074164208,6189.735129134244,0.0,Post-Monsoon,1468874258,HP-STG-v1.0.0,Phase 8B v1.0.0
SYNTH_8B_batch_0005_00430,SYNTH-SYNTH_8B_batch_0005_00430-D005,EXTREME_TAIL_PHYSICAL_ENVIRONMENT_INCONSISTENCY: VI (6447.8 > 4500),331.5812091112012,6447.784393164843,0.0,Post-Monsoon,1798411700,HP-STG-v1.0.0,Phase 8B v1.0.0
SYNTH_8B_batch_0005_00430,SYNTH-SYNTH_8B_batch_0005_00430-D006,EXTREME_TAIL_PHYSICAL_ENVIRONMENT_INCONSISTENCY: VI (6665.5 > 4500),275.66825589204905,6665.523215810207,0.0,Post-Monsoon,1798411700,HP-STG-v1.0.0,Phase 8B v1.0.0
SYNTH_8B_batch_0005_00433,SYNTH-SYNTH_8B_batch_0005_00433-D005,EXTREME_TAIL_PHYSICAL_ENVIRONMENT_INCONSISTENCY: VI (6908.4 > 4500),347.328900787975,6908.405060098078,0.0,Winter,2665304935,HP-STG-v1.0.0,Phase 8B v1.0.0
SYNTH_8B_batch_0005_00438,SYNTH-SYNTH_8B_batch_0005_00438-D015,EXTREME_TAIL_PHYSICAL_ENVIRONMENT_INCONSISTENCY: VI (6430.9 > 4500),261.92133878524504,6430.872835361066,0.0,Post-Monsoon,518991807,HP-STG-v1.0.0,Phase 8B v1.0.0
SYNTH_8B_batch_0005_00442,SYNTH-SYNTH_8B_batch_0005_00442-D011,EXTREME_TAIL_PHYSICAL_ENVIRONMENT_INCONSISTENCY: VI (8472.4 > 4500),292.01413712861415,8472.388304176538,0.0,Post-Monsoon,909118524,HP-STG-v1.0.0,Phase 8B v1.0.0
SYNTH_8B_batch_0005_00442,SYNTH-SYNTH_8B_batch_0005_00442-D030,EXTREME_TAIL_PHYSICAL_ENVIRONMENT_INCONSISTENCY: VI (5367.8 > 4500),358.4886519113337,5367.792499798235,0.0,Post-Monsoon,909118524,HP-STG-v1.0.0,Phase 8B v1.0.0
SYNTH_8B_batch_0005_00445,SYNTH-SYNTH_8B_batch_0005_00445-D006,EXTREME_TAIL_PHYSICAL_ENVIRONMENT_INCONSISTENCY: VI (6308.4 > 4500),298.15838706365315,6308.35165830915,0.0,Winter,602139958,HP-STG-v1.0.0,Phase 8B v1.0.0
SYNTH_8B_batch_0005_00446,SYNTH-SYNTH_8B_batch_0005_00446-D014,EXTREME_TAIL_PHYSICAL_ENVIRONMENT_INCONSISTENCY: VI (4991.0 > 4500),304.4383261386099,4990.977288674012,0.0,Post-Monsoon,2232323643,HP-STG-v1.0.0,Phase 8B v1.0.0
SYNTH_8B_batch_0005_00446,SYNTH-SYNTH_8B_batch_0005_00446-D019,EXTREME_TAIL_PHYSICAL_ENVIRONMENT_INCONSISTENCY: VI (5092.7 > 4500),301.45897316590566,5092.721705716574,0.0,Post-Monsoon,2232323643,HP-STG-v1.0.0,Phase 8B v1.0.0
SYNTH_8B_batch_0005_00446,SYNTH-SYNTH_8B_batch_0005_00446-D024,EXTREME_TAIL_PHYSICAL_ENVIRONMENT_INCONSISTENCY: VI (7333.7 > 4500),279.8897768787914,7333.663335908987,0.0,Post-Monsoon,2232323643,HP-STG-v1.0.0,Phase 8B v1.0.0
SYNTH_8B_batch_0005_00446,SYNTH-SYNTH_8B_batch_0005_00446-D030,EXTREME_TAIL_PHYSICAL_ENVIRONMENT_INCONSISTENCY: VI (5843.7 > 4500),277.54377686220687,5843.733837617042,0.0,Post-Monsoon,2232323643,HP-STG-v1.0.0,Phase 8B v1.0.0
SYNTH_8B_batch_0005_00450,SYNTH-SYNTH_8B_batch_0005_00450-D013,EXTREME_TAIL_PHYSICAL_ENVIRONMENT_INCONSISTENCY: VI (6145.7 > 4500),311.4676635338947,6145.65829956466,0.0,Post-Monsoon,4262517200,HP-STG-v1.0.0,Phase 8B v1.0.0
SYNTH_8B_batch_0005_00454,SYNTH-SYNTH_8B_batch_0005_00454-D002,EXTREME_TAIL_PHYSICAL_ENVIRONMENT_INCONSISTENCY: VI (6499.1 > 4500),279.9770340491315,6499.107106553817,0.0,Post-Monsoon,842751444,HP-STG-v1.0.0,Phase 8B v1.0.0
SYNTH_8B_batch_0005_00454,SYNTH-SYNTH_8B_batch_0005_00454-D022,EXTREME_TAIL_PHYSICAL_ENVIRONMENT_INCONSISTENCY: VI (5917.9 > 4500),292.2127505917359,5917.9144276421275,0.0,Post-Monsoon,842751444,HP-STG-v1.0.0,Phase 8B v1.0.0
SYNTH_8B_batch_0005_00458,SYNTH-SYNTH_8B_batch_0005_00458-D009,EXTREME_TAIL_PHYSICAL_ENVIRONMENT_INCONSISTENCY: VI (6492.9 > 4500),327.6363929074152,6492.859119710235,0.0,Post-Monsoon,351094502,HP-STG-v1.0.0,Phase 8B v1.0.0
SYNTH_8B_batch_0005_00458,SYNTH-SYNTH_8B_batch_0005_00458-D010,EXTREME_TAIL_PHYSICAL_ENVIRONMENT_INCONSISTENCY: VI (5143.2 > 4500),255.61106961150784,5143.21473488774,0.0,Post-Monsoon,351094502,HP-STG-v1.0.0,Phase 8B v1.0.0
SYNTH_8B_batch_0005_00462,SYNTH-SYNTH_8B_batch_0005_00462-D009,EXTREME_TAIL_PHYSICAL_ENVIRONMENT_INCONSISTENCY: VI (5403.5 > 4500),363.16081186396076,5403.487778058483,0.0,Post-Monsoon,2793366813,HP-STG-v1.0.0,Phase 8B v1.0.0
SYNTH_8B_batch_0005_00462,SYNTH-SYNTH_8B_batch_0005_00462-D010,EXTREME_TAIL_PHYSICAL_ENVIRONMENT_INCONSISTENCY: VI (8135.1 > 4500),275.3897448475717,8135.119667622801,0.0,Post-Monsoon,2793366813,HP-STG-v1.0.0,Phase 8B v1.0.0
SYNTH_8B_batch_0005_00466,SYNTH-SYNTH_8B_batch_0005_00466-D013,EXTREME_TAIL_PHYSICAL_ENVIRONMENT_INCONSISTENCY: VI (7511.8 > 4500),283.7238417658386,7511.847337062903,0.0,Post-Monsoon,2949680524,HP-STG-v1.0.0,Phase 8B v1.0.0
SYNTH_8B_batch_0005_00466,SYNTH-SYNTH_8B_batch_0005_00466-D015,EXTREME_TAIL_PHYSICAL_ENVIRONMENT_INCONSISTENCY: VI (5511.4 > 4500),285.68835190173,5511.438205712752,0.0,Post-Monsoon,2949680524,HP-STG-v1.0.0,Phase 8B v1.0.0
SYNTH_8B_batch_0005_00470,SYNTH-SYNTH_8B_batch_0005_00470-D005,EXTREME_TAIL_PHYSICAL_ENVIRONMENT_INCONSISTENCY: VI (6035.1 > 4500),272.44695171760924,6035.1488491140935,0.0,Post-Monsoon,2175490237,HP-STG-v1.0.0,Phase 8B v1.0.0
SYNTH_8B_batch_0005_00470,SYNTH-SYNTH_8B_batch_0005_00470-D020,EXTREME_TAIL_PHYSICAL_ENVIRONMENT_INCONSISTENCY: VI (6517.8 > 4500),366.7154119494422,6517.750492830324,0.0,Post-Monsoon,2175490237,HP-STG-v1.0.0,Phase 8B v1.0.0
SYNTH_8B_batch_0005_00470,SYNTH-SYNTH_8B_batch_0005_00470-D021,EXTREME_TAIL_PHYSICAL_ENVIRONMENT_INCONSISTENCY: VI (8396.0 > 4500),273.8859305556591,8396.046444190886,0.0,Post-Monsoon,2175490237,HP-STG-v1.0.0,Phase 8B v1.0.0
SYNTH_8B_batch_0005_00474,SYNTH-SYNTH_8B_batch_0005_00474-D015,EXTREME_TAIL_PHYSICAL_ENVIRONMENT_INCONSISTENCY: VI (5073.5 > 4500),333.85667584240014,5073.477648648451,0.0,Post-Monsoon,1326179922,HP-STG-v1.0.0,Phase 8B v1.0.0
SYNTH_8B_batch_0005_00474,SYNTH-SYNTH_8B_batch_0005_00474-D016,EXTREME_TAIL_PHYSICAL_ENVIRONMENT_INCONSISTENCY: VI (6224.0 > 4500),256.62502902824525,6224.022430322313,0.0,Post-Monsoon,1326179922,HP-STG-v1.0.0,Phase 8B v1.0.0
SYNTH_8B_batch_0005_00474,SYNTH-SYNTH_8B_batch_0005_00474-D022,EXTREME_TAIL_PHYSICAL_ENVIRONMENT_INCONSISTENCY: VI (8569.4 > 4500),314.2623682711234,8569.362983249162,0.0,Post-Monsoon,1326179922,HP-STG-v1.0.0,Phase 8B v1.0.0
SYNTH_8B_batch_0005_00474,SYNTH-SYNTH_8B_batch_0005_00474-D023,EXTREME_TAIL_PHYSICAL_ENVIRONMENT_INCONSISTENCY: VI (5223.5 > 4500),254.29244167756477,5223.450097031249,0.0,Post-Monsoon,1326179922,HP-STG-v1.0.0,Phase 8B v1.0.0
SYNTH_8B_batch_0005_00478,SYNTH-SYNTH_8B_batch_0005_00478-D018,EXTREME_TAIL_PHYSICAL_ENVIRONMENT_INCONSISTENCY: VI (6111.6 > 4500),334.1510307396104,6111.563584130243,0.0,Post-Monsoon,476510380,HP-STG-v1.0.0,Phase 8B v1.0.0
SYNTH_8B_batch_0005_00478,SYNTH-SYNTH_8B_batch_0005_00478-D019,EXTREME_TAIL_PHYSICAL_ENVIRONMENT_INCONSISTENCY: VI (5939.9 > 4500),304.8322656467451,5939.925393068858,0.0,Post-Monsoon,476510380,HP-STG-v1.0.0,Phase 8B v1.0.0
SYNTH_8B_batch_0005_00481,SYNTH-SYNTH_8B_batch_0005_00481-D004,EXTREME_TAIL_PHYSICAL_ENVIRONMENT_INCONSISTENCY: VI (9073.4 > 4500),334.71218179413574,9073.418707553696,0.0,Winter,2977445450,HP-STG-v1.0.0,Phase 8B v1.0.0
SYNTH_8B_batch_0005_00482,SYNTH-SYNTH_8B_batch_0005_00482-D015,EXTREME_TAIL_PHYSICAL_ENVIRONMENT_INCONSISTENCY: VI (8653.8 > 4500),302.4851470655806,8653.82868257024,0.0,Post-Monsoon,1051935713,HP-STG-v1.0.0,Phase 8B v1.0.0
SYNTH_8B_batch_0005_00482,SYNTH-SYNTH_8B_batch_0005_00482-D018,EXTREME_TAIL_PHYSICAL_ENVIRONMENT_INCONSISTENCY: VI (8133.1 > 4500),260.60458800352706,8133.133231717295,0.0,Post-Monsoon,1051935713,HP-STG-v1.0.0,Phase 8B v1.0.0
SYNTH_8B_batch_0005_00486,SYNTH-SYNTH_8B_batch_0005_00486-D009,EXTREME_TAIL_PHYSICAL_ENVIRONMENT_INCONSISTENCY: VI (8078.1 > 4500),296.2079570207001,8078.133595948461,0.0,Post-Monsoon,425727890,HP-STG-v1.0.0,Phase 8B v1.0.0
SYNTH_8B_batch_0005_00490,SYNTH-SYNTH_8B_batch_0005_00490-D006,EXTREME_TAIL_PHYSICAL_ENVIRONMENT_INCONSISTENCY: VI (5725.1 > 4500),383.0286950141358,5725.132155996628,0.0,Post-Monsoon,3497000563,HP-STG-v1.0.0,Phase 8B v1.0.0
SYNTH_8B_batch_0005_00490,SYNTH-SYNTH_8B_batch_0005_00490-D012,EXTREME_TAIL_PHYSICAL_ENVIRONMENT_INCONSISTENCY: VI (5823.4 > 4500),328.24441631227467,5823.428493291161,0.0,Post-Monsoon,3497000563,HP-STG-v1.0.0,Phase 8B v1.0.0
SYNTH_8B_batch_0005_00490,SYNTH-SYNTH_8B_batch_0005_00490-D013,EXTREME_TAIL_PHYSICAL_ENVIRONMENT_INCONSISTENCY: VI (6108.4 > 4500),270.03122631031556,6108.401048017934,0.0,Post-Monsoon,3497000563,HP-STG-v1.0.0,Phase 8B v1.0.0
SYNTH_8B_batch_0005_00490,SYNTH-SYNTH_8B_batch_0005_00490-D014,EXTREME_TAIL_PHYSICAL_ENVIRONMENT_INCONSISTENCY: VI (6585.4 > 4500),258.319187816469,6585.365881873522,0.0,Post-Monsoon,3497000563,HP-STG-v1.0.0,Phase 8B v1.0.0
SYNTH_8B_batch_0005_00494,SYNTH-SYNTH_8B_batch_0005_00494-D003,EXTREME_TAIL_PHYSICAL_ENVIRONMENT_INCONSISTENCY: VI (8224.4 > 4500),324.2890894375261,8224.43399277694,0.0,Post-Monsoon,999574819,HP-STG-v1.0.0,Phase 8B v1.0.0
SYNTH_8B_batch_0005_00494,SYNTH-SYNTH_8B_batch_0005_00494-D004,EXTREME_TAIL_PHYSICAL_ENVIRONMENT_INCONSISTENCY: VI (7052.8 > 4500),267.5008162622125,7052.843782180306,0.0,Post-Monsoon,999574819,HP-STG-v1.0.0,Phase 8B v1.0.0
SYNTH_8B_batch_0005_00498,SYNTH-SYNTH_8B_batch_0005_00498-D006,EXTREME_TAIL_PHYSICAL_ENVIRONMENT_INCONSISTENCY: VI (5177.1 > 4500),374.15571891187557,5177.055973594131,0.0,Post-Monsoon,3237016753,HP-STG-v1.0.0,Phase 8B v1.0.0
SYNTH_8B_batch_0005_00498,SYNTH-SYNTH_8B_batch_0005_00498-D007,EXTREME_TAIL_PHYSICAL_ENVIRONMENT_INCONSISTENCY: VI (8121.2 > 4500),281.4569253419823,8121.2456721430935,0.0,Post-Monsoon,3237016753,HP-STG-v1.0.0,Phase 8B v1.0.0
SYNTH_8B_batch_0005_00498,SYNTH-SYNTH_8B_batch_0005_00498-D025,EXTREME_TAIL_PHYSICAL_ENVIRONMENT_INCONSISTENCY: VI (6623.5 > 4500),353.47513146990786,6623.54478189835,0.0,Post-Monsoon,3237016753,HP-STG-v1.0.0,Phase 8B v1.0.0
SYNTH_8B_batch_0005_00498,SYNTH-SYNTH_8B_batch_0005_00498-D026,EXTREME_TAIL_PHYSICAL_ENVIRONMENT_INCONSISTENCY: VI (4705.7 > 4500),286.039602008728,4705.675168516081,0.0,Post-Monsoon,3237016753,HP-STG-v1.0.0,Phase 8B v1.0.0
SYNTH_8B_batch_0005_00502,SYNTH-SYNTH_8B_batch_0005_00502-D009,EXTREME_TAIL_PHYSICAL_ENVIRONMENT_INCONSISTENCY: VI (6854.9 > 4500),320.4994330714702,6854.874022955825,0.0,Post-Monsoon,3658061524,HP-STG-v1.0.0,Phase 8B v1.0.0
SYNTH_8B_batch_0005_00502,SYNTH-SYNTH_8B_batch_0005_00502-D014,EXTREME_TAIL_PHYSICAL_ENVIRONMENT_INCONSISTENCY: VI (7528.9 > 4500),387.26409078766056,7528.858226771608,0.0,Post-Monsoon,3658061524,HP-STG-v1.0.0,Phase 8B v1.0.0
SYNTH_8B_batch_0005_00502,SYNTH-SYNTH_8B_batch_0005_00502-D016,EXTREME_TAIL_PHYSICAL_ENVIRONMENT_INCONSISTENCY: VI (5130.7 > 4500),353.3861875336793,5130.730495896229,0.0,Post-Monsoon,3658061524,HP-STG-v1.0.0,Phase 8B v1.0.0
SYNTH_8B_batch_0005_00502,SYNTH-SYNTH_8B_batch_0005_00502-D030,EXTREME_TAIL_PHYSICAL_ENVIRONMENT_INCONSISTENCY: VI (5282.3 > 4500),311.48290274439915,5282.257946135006,0.0,Post-Monsoon,3658061524,HP-STG-v1.0.0,Phase 8B v1.0.0
SYNTH_8B_batch_0005_00510,SYNTH-SYNTH_8B_batch_0005_00510-D008,EXTREME_TAIL_PHYSICAL_ENVIRONMENT_INCONSISTENCY: VI (4768.0 > 4500),370.6562976226196,4768.025080441961,0.0,Post-Monsoon,3538513659,HP-STG-v1.0.0,Phase 8B v1.0.0
SYNTH_8B_batch_0005_00510,SYNTH-SYNTH_8B_batch_0005_00510-D009,EXTREME_TAIL_PHYSICAL_ENVIRONMENT_INCONSISTENCY: VI (5729.8 > 4500),278.67935066787953,5729.759705997492,0.0,Post-Monsoon,3538513659,HP-STG-v1.0.0,Phase 8B v1.0.0
SYNTH_8B_batch_0005_00514,SYNTH-SYNTH_8B_batch_0005_00514-D006,EXTREME_TAIL_PHYSICAL_ENVIRONMENT_INCONSISTENCY: VI (5400.1 > 4500),388.2786776343998,5400.085745794714,0.0,Post-Monsoon,3461194024,HP-STG-v1.0.0,Phase 8B v1.0.0
SYNTH_8B_batch_0005_00514,SYNTH-SYNTH_8B_batch_0005_00514-D007,EXTREME_TAIL_PHYSICAL_ENVIRONMENT_INCONSISTENCY: VI (6336.1 > 4500),256.659573816832,6336.095886691385,0.0,Post-Monsoon,3461194024,HP-STG-v1.0.0,Phase 8B v1.0.0
SYNTH_8B_batch_0005_00514,SYNTH-SYNTH_8B_batch_0005_00514-D011,EXTREME_TAIL_PHYSICAL_ENVIRONMENT_INCONSISTENCY: VI (7738.1 > 4500),336.5726318096124,7738.126519163308,0.0,Post-Monsoon,3461194024,HP-STG-v1.0.0,Phase 8B v1.0.0
SYNTH_8B_batch_0005_00514,SYNTH-SYNTH_8B_batch_0005_00514-D012,EXTREME_TAIL_PHYSICAL_ENVIRONMENT_INCONSISTENCY: VI (4772.6 > 4500),315.6701687037134,4772.558195076602,0.0,Post-Monsoon,3461194024,HP-STG-v1.0.0,Phase 8B v1.0.0
SYNTH_8B_batch_0005_00514,SYNTH-SYNTH_8B_batch_0005_00514-D013,EXTREME_TAIL_PHYSICAL_ENVIRONMENT_INCONSISTENCY: VI (6442.8 > 4500),256.4777080102891,6442.750251227385,0.0,Post-Monsoon,3461194024,HP-STG-v1.0.0,Phase 8B v1.0.0
SYNTH_8B_batch_0005_00518,SYNTH-SYNTH_8B_batch_0005_00518-D012,EXTREME_TAIL_PHYSICAL_ENVIRONMENT_INCONSISTENCY: VI (6470.2 > 4500),379.1984901405041,6470.203748119535,0.0,Post-Monsoon,2074217809,HP-STG-v1.0.0,Phase 8B v1.0.0
SYNTH_8B_batch_0005_00518,SYNTH-SYNTH_8B_batch_0005_00518-D013,EXTREME_TAIL_PHYSICAL_ENVIRONMENT_INCONSISTENCY: VI (6656.4 > 4500),302.7208688377919,6656.42482986313,0.0,Post-Monsoon,2074217809,HP-STG-v1.0.0,Phase 8B v1.0.0
SYNTH_8B_batch_0005_00518,SYNTH-SYNTH_8B_batch_0005_00518-D024,EXTREME_TAIL_PHYSICAL_ENVIRONMENT_INCONSISTENCY: VI (7664.4 > 4500),328.50763842523435,7664.419358201618,0.0,Post-Monsoon,2074217809,HP-STG-v1.0.0,Phase 8B v1.0.0
SYNTH_8B_batch_0005_00526,SYNTH-SYNTH_8B_batch_0005_00526-D004,EXTREME_TAIL_PHYSICAL_ENVIRONMENT_INCONSISTENCY: VI (6659.9 > 4500),350.0186967768268,6659.889503005538,0.0,Post-Monsoon,3638524821,HP-STG-v1.0.0,Phase 8B v1.0.0
SYNTH_8B_batch_0005_00534,SYNTH-SYNTH_8B_batch_0005_00534-D025,EXTREME_TAIL_PHYSICAL_ENVIRONMENT_INCONSISTENCY: VI (5887.3 > 4500),260.46247140185625,5887.34451250454,0.0,Post-Monsoon,686706481,HP-STG-v1.0.0,Phase 8B v1.0.0
SYNTH_8B_batch_0005_00538,SYNTH-SYNTH_8B_batch_0005_00538-D003,EXTREME_TAIL_PHYSICAL_ENVIRONMENT_INCONSISTENCY: VI (6542.6 > 4500),329.7440669613541,6542.585929108585,0.0,Post-Monsoon,3504831655,HP-STG-v1.0.0,Phase 8B v1.0.0
SYNTH_8B_batch_0005_00538,SYNTH-SYNTH_8B_batch_0005_00538-D007,EXTREME_TAIL_PHYSICAL_ENVIRONMENT_INCONSISTENCY: VI (7495.5 > 4500),323.46123076535065,7495.516029891222,0.0,Post-Monsoon,3504831655,HP-STG-v1.0.0,Phase 8B v1.0.0
SYNTH_8B_batch_0005_00538,SYNTH-SYNTH_8B_batch_0005_00538-D008,EXTREME_TAIL_PHYSICAL_ENVIRONMENT_INCONSISTENCY: VI (5959.5 > 4500),253.67012100835623,5959.5430862961,0.0,Post-Monsoon,3504831655,HP-STG-v1.0.0,Phase 8B v1.0.0
SYNTH_8B_batch_0005_00538,SYNTH-SYNTH_8B_batch_0005_00538-D015,EXTREME_TAIL_PHYSICAL_ENVIRONMENT_INCONSISTENCY: VI (7104.9 > 4500),333.1813540578643,7104.8870885437855,0.0,Post-Monsoon,3504831655,HP-STG-v1.0.0,Phase 8B v1.0.0
SYNTH_8B_batch_0005_00538,SYNTH-SYNTH_8B_batch_0005_00538-D016,EXTREME_TAIL_PHYSICAL_ENVIRONMENT_INCONSISTENCY: VI (7142.2 > 4500),309.9280419253619,7142.221987671517,0.0,Post-Monsoon,3504831655,HP-STG-v1.0.0,Phase 8B v1.0.0
SYNTH_8B_batch_0005_00538,SYNTH-SYNTH_8B_batch_0005_00538-D017,EXTREME_TAIL_PHYSICAL_ENVIRONMENT_INCONSISTENCY: VI (7244.7 > 4500),266.08729635510485,7244.682779022379,0.0,Post-Monsoon,3504831655,HP-STG-v1.0.0,Phase 8B v1.0.0
SYNTH_8B_batch_0005_00538,SYNTH-SYNTH_8B_batch_0005_00538-D020,EXTREME_TAIL_PHYSICAL_ENVIRONMENT_INCONSISTENCY: VI (5718.2 > 4500),278.3812068692814,5718.245391790662,0.0,Post-Monsoon,3504831655,HP-STG-v1.0.0,Phase 8B v1.0.0
SYNTH_8B_batch_0005_00538,SYNTH-SYNTH_8B_batch_0005_00538-D021,EXTREME_TAIL_PHYSICAL_ENVIRONMENT_INCONSISTENCY: VI (6717.6 > 4500),257.5092728617851,6717.630036500874,0.0,Post-Monsoon,3504831655,HP-STG-v1.0.0,Phase 8B v1.0.0
SYNTH_8B_batch_0005_00542,SYNTH-SYNTH_8B_batch_0005_00542-D020,EXTREME_TAIL_PHYSICAL_ENVIRONMENT_INCONSISTENCY: VI (6827.0 > 4500),293.957191918604,6827.038840042454,0.0,Post-Monsoon,760710162,HP-STG-v1.0.0,Phase 8B v1.0.0
SYNTH_8B_batch_0005_00542,SYNTH-SYNTH_8B_batch_0005_00542-D021,EXTREME_TAIL_PHYSICAL_ENVIRONMENT_INCONSISTENCY: VI (5397.9 > 4500),268.9402976444069,5397.9399942814,0.0,Post-Monsoon,760710162,HP-STG-v1.0.0,Phase 8B v1.0.0
SYNTH_8B_batch_0005_00546,SYNTH-SYNTH_8B_batch_0005_00546-D027,EXTREME_TAIL_PHYSICAL_ENVIRONMENT_INCONSISTENCY: VI (5392.1 > 4500),311.3230751202885,5392.066365615282,0.0,Post-Monsoon,1522428370,HP-STG-v1.0.0,Phase 8B v1.0.0
SYNTH_8B_batch_0005_00546,SYNTH-SYNTH_8B_batch_0005_00546-D028,EXTREME_TAIL_PHYSICAL_ENVIRONMENT_INCONSISTENCY: VI (6286.7 > 4500),269.6817169151388,6286.72532360336,0.0,Post-Monsoon,1522428370,HP-STG-v1.0.0,Phase 8B v1.0.0
SYNTH_8B_batch_0005_00549,SYNTH-SYNTH_8B_batch_0005_00549-D008,EXTREME_TAIL_PHYSICAL_ENVIRONMENT_INCONSISTENCY: VI (7245.8 > 4500),295.5248527669166,7245.774770358576,0.0,Winter,1075224535,HP-STG-v1.0.0,Phase 8B v1.0.0
SYNTH_8B_batch_0005_00550,SYNTH-SYNTH_8B_batch_0005_00550-D004,EXTREME_TAIL_PHYSICAL_ENVIRONMENT_INCONSISTENCY: VI (8675.5 > 4500),288.5106258645682,8675.497848340492,0.0,Post-Monsoon,3025465611,HP-STG-v1.0.0,Phase 8B v1.0.0
SYNTH_8B_batch_0005_00550,SYNTH-SYNTH_8B_batch_0005_00550-D016,EXTREME_TAIL_PHYSICAL_ENVIRONMENT_INCONSISTENCY: VI (6161.2 > 4500),253.6264366399483,6161.163041012237,0.0,Post-Monsoon,3025465611,HP-STG-v1.0.0,Phase 8B v1.0.0
SYNTH_8B_batch_0005_00550,SYNTH-SYNTH_8B_batch_0005_00550-D029,EXTREME_TAIL_PHYSICAL_ENVIRONMENT_INCONSISTENCY: VI (7868.2 > 4500),273.5750589193441,7868.244397987062,0.0,Post-Monsoon,3025465611,HP-STG-v1.0.0,Phase 8B v1.0.0
SYNTH_8B_batch_0005_00554,SYNTH-SYNTH_8B_batch_0005_00554-D009,EXTREME_TAIL_PHYSICAL_ENVIRONMENT_INCONSISTENCY: VI (7370.8 > 4500),325.1797188482591,7370.784878860194,0.0,Post-Monsoon,139020136,HP-STG-v1.0.0,Phase 8B v1.0.0
SYNTH_8B_batch_0005_00554,SYNTH-SYNTH_8B_batch_0005_00554-D018,EXTREME_TAIL_PHYSICAL_ENVIRONMENT_INCONSISTENCY: VI (6986.4 > 4500),312.484753389939,6986.420646081136,0.0,Post-Monsoon,139020136,HP-STG-v1.0.0,Phase 8B v1.0.0
SYNTH_8B_batch_0005_00558,SYNTH-SYNTH_8B_batch_0005_00558-D002,EXTREME_TAIL_PHYSICAL_ENVIRONMENT_INCONSISTENCY: VI (6460.1 > 4500),257.89587606459816,6460.092242597267,0.0,Post-Monsoon,4094222104,HP-STG-v1.0.0,Phase 8B v1.0.0
SYNTH_8B_batch_0005_00562,SYNTH-SYNTH_8B_batch_0005_00562-D011,EXTREME_TAIL_PHYSICAL_ENVIRONMENT_INCONSISTENCY: VI (6893.8 > 4500),336.0902699562481,6893.832952336505,0.0,Post-Monsoon,70054684,HP-STG-v1.0.0,Phase 8B v1.0.0
SYNTH_8B_batch_0005_00566,SYNTH-SYNTH_8B_batch_0005_00566-D003,EXTREME_TAIL_PHYSICAL_ENVIRONMENT_INCONSISTENCY: VI (5629.3 > 4500),350.04686868413967,5629.30925921223,0.0,Post-Monsoon,696099661,HP-STG-v1.0.0,Phase 8B v1.0.0
SYNTH_8B_batch_0005_00566,SYNTH-SYNTH_8B_batch_0005_00566-D004,EXTREME_TAIL_PHYSICAL_ENVIRONMENT_INCONSISTENCY: VI (5600.2 > 4500),286.2756366008176,5600.219219918439,0.0,Post-Monsoon,696099661,HP-STG-v1.0.0,Phase 8B v1.0.0
SYNTH_8B_batch_0005_00566,SYNTH-SYNTH_8B_batch_0005_00566-D022,EXTREME_TAIL_PHYSICAL_ENVIRONMENT_INCONSISTENCY: VI (4693.5 > 4500),283.7369886994652,4693.521155370779,0.0,Post-Monsoon,696099661,HP-STG-v1.0.0,Phase 8B v1.0.0
SYNTH_8B_batch_0005_00569,SYNTH-SYNTH_8B_batch_0005_00569-D003,EXTREME_TAIL_PHYSICAL_ENVIRONMENT_INCONSISTENCY: VI (8032.2 > 4500),290.956857651356,8032.235831710379,0.0,Winter,1826376736,HP-STG-v1.0.0,Phase 8B v1.0.0
SYNTH_8B_batch_0005_00570,SYNTH-SYNTH_8B_batch_0005_00570-D008,EXTREME_TAIL_PHYSICAL_ENVIRONMENT_INCONSISTENCY: VI (5007.5 > 4500),291.3467131142613,5007.478211550553,0.0,Post-Monsoon,3645794298,HP-STG-v1.0.0,Phase 8B v1.0.0
SYNTH_8B_batch_0005_00570,SYNTH-SYNTH_8B_batch_0005_00570-D028,EXTREME_TAIL_PHYSICAL_ENVIRONMENT_INCONSISTENCY: VI (4668.7 > 4500),317.7662451005822,4668.680101027949,0.0,Post-Monsoon,3645794298,HP-STG-v1.0.0,Phase 8B v1.0.0
SYNTH_8B_batch_0005_00570,SYNTH-SYNTH_8B_batch_0005_00570-D030,EXTREME_TAIL_PHYSICAL_ENVIRONMENT_INCONSISTENCY: VI (5318.7 > 4500),259.38599611398297,5318.707103256774,0.0,Post-Monsoon,3645794298,HP-STG-v1.0.0,Phase 8B v1.0.0
SYNTH_8B_batch_0005_00574,SYNTH-SYNTH_8B_batch_0005_00574-D026,EXTREME_TAIL_PHYSICAL_ENVIRONMENT_INCONSISTENCY: VI (7008.9 > 4500),286.0863571710672,7008.923527149391,0.0,Post-Monsoon,3953039598,HP-STG-v1.0.0,Phase 8B v1.0.0
SYNTH_8B_batch_0005_00578,SYNTH-SYNTH_8B_batch_0005_00578-D011,EXTREME_TAIL_PHYSICAL_ENVIRONMENT_INCONSISTENCY: VI (7383.6 > 4500),302.0699673847073,7383.5722069938665,0.0,Post-Monsoon,2961453401,HP-STG-v1.0.0,Phase 8B v1.0.0
SYNTH_8B_batch_0005_00578,SYNTH-SYNTH_8B_batch_0005_00578-D028,EXTREME_TAIL_PHYSICAL_ENVIRONMENT_INCONSISTENCY: VI (8575.7 > 4500),272.42059861499075,8575.709124745485,0.0,Post-Monsoon,2961453401,HP-STG-v1.0.0,Phase 8B v1.0.0
SYNTH_8B_batch_0005_00594,SYNTH-SYNTH_8B_batch_0005_00594-D008,EXTREME_TAIL_PHYSICAL_ENVIRONMENT_INCONSISTENCY: VI (7803.2 > 4500),373.39812293342607,7803.249934247833,0.0,Post-Monsoon,2692102989,HP-STG-v1.0.0,Phase 8B v1.0.0
SYNTH_8B_batch_0005_00594,SYNTH-SYNTH_8B_batch_0005_00594-D009,EXTREME_TAIL_PHYSICAL_ENVIRONMENT_INCONSISTENCY: VI (5696.2 > 4500),317.11270463955805,5696.179969836193,0.0,Post-Monsoon,2692102989,HP-STG-v1.0.0,Phase 8B v1.0.0
SYNTH_8B_batch_0005_00594,SYNTH-SYNTH_8B_batch_0005_00594-D010,EXTREME_TAIL_PHYSICAL_ENVIRONMENT_INCONSISTENCY: VI (5559.8 > 4500),255.56396574934897,5559.770235889444,0.0,Post-Monsoon,2692102989,HP-STG-v1.0.0,Phase 8B v1.0.0
SYNTH_8B_batch_0005_00597,SYNTH-SYNTH_8B_batch_0005_00597-D003,EXTREME_TAIL_PHYSICAL_ENVIRONMENT_INCONSISTENCY: VI (7075.0 > 4500),292.45329516367065,7075.038247281152,0.0,Winter,3143838802,HP-STG-v1.0.0,Phase 8B v1.0.0
SYNTH_8B_batch_0005_00598,SYNTH-SYNTH_8B_batch_0005_00598-D016,EXTREME_TAIL_PHYSICAL_ENVIRONMENT_INCONSISTENCY: VI (6242.0 > 4500),289.1140253661886,6241.986026774157,0.0,Post-Monsoon,1302304521,HP-STG-v1.0.0,Phase 8B v1.0.0
SYNTH_8B_batch_0005_00598,SYNTH-SYNTH_8B_batch_0005_00598-D029,EXTREME_TAIL_PHYSICAL_ENVIRONMENT_INCONSISTENCY: VI (7004.7 > 4500),274.12009844940405,7004.650385937152,0.0,Post-Monsoon,1302304521,HP-STG-v1.0.0,Phase 8B v1.0.0
SYNTH_8B_batch_0005_00602,SYNTH-SYNTH_8B_batch_0005_00602-D006,EXTREME_TAIL_PHYSICAL_ENVIRONMENT_INCONSISTENCY: VI (7165.7 > 4500),268.02385539457396,7165.734758369527,0.0,Post-Monsoon,2152456713,HP-STG-v1.0.0,Phase 8B v1.0.0
SYNTH_8B_batch_0005_00606,SYNTH-SYNTH_8B_batch_0005_00606-D014,EXTREME_TAIL_PHYSICAL_ENVIRONMENT_INCONSISTENCY: VI (5995.1 > 4500),350.6324724842475,5995.062739306702,0.0,Post-Monsoon,2666870164,HP-STG-v1.0.0,Phase 8B v1.0.0
SYNTH_8B_batch_0005_00606,SYNTH-SYNTH_8B_batch_0005_00606-D015,EXTREME_TAIL_PHYSICAL_ENVIRONMENT_INCONSISTENCY: VI (5220.1 > 4500),294.3861080811401,5220.055147105589,0.0,Post-Monsoon,2666870164,HP-STG-v1.0.0,Phase 8B v1.0.0
SYNTH_8B_batch_0005_00606,SYNTH-SYNTH_8B_batch_0005_00606-D024,EXTREME_TAIL_PHYSICAL_ENVIRONMENT_INCONSISTENCY: VI (8953.8 > 4500),263.4055892616549,8953.848874974798,0.0,Post-Monsoon,2666870164,HP-STG-v1.0.0,Phase 8B v1.0.0
SYNTH_8B_batch_0005_00610,SYNTH-SYNTH_8B_batch_0005_00610-D014,EXTREME_TAIL_PHYSICAL_ENVIRONMENT_INCONSISTENCY: VI (6134.1 > 4500),334.11212763882816,6134.13777555322,0.0,Post-Monsoon,2354947966,HP-STG-v1.0.0,Phase 8B v1.0.0
SYNTH_8B_batch_0005_00613,SYNTH-SYNTH_8B_batch_0005_00613-D006,EXTREME_TAIL_PHYSICAL_ENVIRONMENT_INCONSISTENCY: VI (7669.2 > 4500),387.63005886064536,7669.16803946681,0.0,Winter,1655284176,HP-STG-v1.0.0,Phase 8B v1.0.0
SYNTH_8B_batch_0005_00614,SYNTH-SYNTH_8B_batch_0005_00614-D002,EXTREME_TAIL_PHYSICAL_ENVIRONMENT_INCONSISTENCY: VI (7840.1 > 4500),340.0108034759956,7840.054187561831,0.0,Post-Monsoon,6068142,HP-STG-v1.0.0,Phase 8B v1.0.0
SYNTH_8B_batch_0005_00614,SYNTH-SYNTH_8B_batch_0005_00614-D003,EXTREME_TAIL_PHYSICAL_ENVIRONMENT_INCONSISTENCY: VI (7708.4 > 4500),255.93008739291224,7708.421897059313,0.0,Post-Monsoon,6068142,HP-STG-v1.0.0,Phase 8B v1.0.0
SYNTH_8B_batch_0005_00614,SYNTH-SYNTH_8B_batch_0005_00614-D004,EXTREME_TAIL_PHYSICAL_ENVIRONMENT_INCONSISTENCY: VI (8030.7 > 4500),256.2281774528467,8030.698023796564,0.0,Post-Monsoon,6068142,HP-STG-v1.0.0,Phase 8B v1.0.0
SYNTH_8B_batch_0005_00614,SYNTH-SYNTH_8B_batch_0005_00614-D007,EXTREME_TAIL_PHYSICAL_ENVIRONMENT_INCONSISTENCY: VI (5453.8 > 4500),360.73439972031815,5453.761725216498,0.0,Post-Monsoon,6068142,HP-STG-v1.0.0,Phase 8B v1.0.0
SYNTH_8B_batch_0005_00614,SYNTH-SYNTH_8B_batch_0005_00614-D008,EXTREME_TAIL_PHYSICAL_ENVIRONMENT_INCONSISTENCY: VI (6474.4 > 4500),279.74883084825177,6474.433656015166,0.0,Post-Monsoon,6068142,HP-STG-v1.0.0,Phase 8B v1.0.0
SYNTH_8B_batch_0005_00614,SYNTH-SYNTH_8B_batch_0005_00614-D017,EXTREME_TAIL_PHYSICAL_ENVIRONMENT_INCONSISTENCY: VI (4787.9 > 4500),304.99143850265796,4787.909957954941,0.0,Post-Monsoon,6068142,HP-STG-v1.0.0,Phase 8B v1.0.0
SYNTH_8B_batch_0005_00614,SYNTH-SYNTH_8B_batch_0005_00614-D018,EXTREME_TAIL_PHYSICAL_ENVIRONMENT_INCONSISTENCY: VI (6581.8 > 4500),254.3461127535491,6581.826356173251,0.0,Post-Monsoon,6068142,HP-STG-v1.0.0,Phase 8B v1.0.0
SYNTH_8B_batch_0005_00617,SYNTH-SYNTH_8B_batch_0005_00617-D003,EXTREME_TAIL_PHYSICAL_ENVIRONMENT_INCONSISTENCY: VI (9428.6 > 4500),270.69064827836826,9428.593088788495,0.0,Winter,2275473143,HP-STG-v1.0.0,Phase 8B v1.0.0
SYNTH_8B_batch_0005_00621,SYNTH-SYNTH_8B_batch_0005_00621-D009,EXTREME_TAIL_PHYSICAL_ENVIRONMENT_INCONSISTENCY: VI (9814.0 > 4500),270.4601090758248,9813.99871119683,0.0,Winter,3331442302,HP-STG-v1.0.0,Phase 8B v1.0.0
SYNTH_8B_batch_0005_00625,SYNTH-SYNTH_8B_batch_0005_00625-D003,EXTREME_TAIL_PHYSICAL_ENVIRONMENT_INCONSISTENCY: VI (8110.0 > 4500),255.43427534430612,8110.049557799715,0.0,Winter,1103558035,HP-STG-v1.0.0,Phase 8B v1.0.0
SYNTH_8B_batch_0005_00626,SYNTH-SYNTH_8B_batch_0005_00626-D003,EXTREME_TAIL_PHYSICAL_ENVIRONMENT_INCONSISTENCY: VI (5913.6 > 4500),334.7662282524136,5913.552708916745,0.0,Post-Monsoon,3522074066,HP-STG-v1.0.0,Phase 8B v1.0.0
SYNTH_8B_batch_0005_00626,SYNTH-SYNTH_8B_batch_0005_00626-D004,EXTREME_TAIL_PHYSICAL_ENVIRONMENT_INCONSISTENCY: VI (5959.1 > 4500),284.0870920503039,5959.092829343993,0.0,Post-Monsoon,3522074066,HP-STG-v1.0.0,Phase 8B v1.0.0
SYNTH_8B_batch_0005_00626,SYNTH-SYNTH_8B_batch_0005_00626-D010,EXTREME_TAIL_PHYSICAL_ENVIRONMENT_INCONSISTENCY: VI (6712.1 > 4500),391.8234851790941,6712.106846030597,0.0,Post-Monsoon,3522074066,HP-STG-v1.0.0,Phase 8B v1.0.0
SYNTH_8B_batch_0005_00629,SYNTH-SYNTH_8B_batch_0005_00629-D004,EXTREME_TAIL_PHYSICAL_ENVIRONMENT_INCONSISTENCY: VI (7272.6 > 4500),282.7241704705799,7272.630155537523,0.0,Winter,1312449650,HP-STG-v1.0.0,Phase 8B v1.0.0
SYNTH_8B_batch_0005_00629,SYNTH-SYNTH_8B_batch_0005_00629-D012,EXTREME_TAIL_PHYSICAL_ENVIRONMENT_INCONSISTENCY: VI (7329.7 > 4500),273.6971012631204,7329.6700166516985,0.0,Winter,1312449650,HP-STG-v1.0.0,Phase 8B v1.0.0
SYNTH_8B_batch_0005_00634,SYNTH-SYNTH_8B_batch_0005_00634-D026,EXTREME_TAIL_PHYSICAL_ENVIRONMENT_INCONSISTENCY: VI (5671.3 > 4500),324.5858099728443,5671.269605140337,0.0,Post-Monsoon,3193107285,HP-STG-v1.0.0,Phase 8B v1.0.0
SYNTH_8B_batch_0005_00634,SYNTH-SYNTH_8B_batch_0005_00634-D027,EXTREME_TAIL_PHYSICAL_ENVIRONMENT_INCONSISTENCY: VI (4871.6 > 4500),253.6662634916612,4871.550854476273,0.0,Post-Monsoon,3193107285,HP-STG-v1.0.0,Phase 8B v1.0.0
SYNTH_8B_batch_0005_00634,SYNTH-SYNTH_8B_batch_0005_00634-D028,EXTREME_TAIL_PHYSICAL_ENVIRONMENT_INCONSISTENCY: VI (4564.0 > 4500),256.8178203141113,4563.992294367686,0.0,Post-Monsoon,3193107285,HP-STG-v1.0.0,Phase 8B v1.0.0
SYNTH_8B_batch_0005_00637,SYNTH-SYNTH_8B_batch_0005_00637-D002,EXTREME_TAIL_PHYSICAL_ENVIRONMENT_INCONSISTENCY: VI (6185.0 > 4500),260.4428531811157,6184.988042843122,0.0,Winter,2147857403,HP-STG-v1.0.0,Phase 8B v1.0.0
SYNTH_8B_batch_0005_00638,SYNTH-SYNTH_8B_batch_0005_00638-D021,EXTREME_TAIL_PHYSICAL_ENVIRONMENT_INCONSISTENCY: VI (6360.1 > 4500),312.20426954604625,6360.066710027928,0.0,Post-Monsoon,2466962429,HP-STG-v1.0.0,Phase 8B v1.0.0
SYNTH_8B_batch_0005_00638,SYNTH-SYNTH_8B_batch_0005_00638-D023,EXTREME_TAIL_PHYSICAL_ENVIRONMENT_INCONSISTENCY: VI (6897.7 > 4500),256.9460757795456,6897.653855469151,0.0,Post-Monsoon,2466962429,HP-STG-v1.0.0,Phase 8B v1.0.0
SYNTH_8B_batch_0005_00650,SYNTH-SYNTH_8B_batch_0005_00650-D011,EXTREME_TAIL_PHYSICAL_ENVIRONMENT_INCONSISTENCY: VI (7323.4 > 4500),324.3011205041703,7323.407570458065,0.0,Post-Monsoon,1245905388,HP-STG-v1.0.0,Phase 8B v1.0.0
SYNTH_8B_batch_0005_00653,SYNTH-SYNTH_8B_batch_0005_00653-D008,EXTREME_TAIL_PHYSICAL_ENVIRONMENT_INCONSISTENCY: VI (9561.8 > 4500),287.417609259665,9561.78927454779,0.0,Winter,1808176845,HP-STG-v1.0.0,Phase 8B v1.0.0
SYNTH_8B_batch_0005_00657,SYNTH-SYNTH_8B_batch_0005_00657-D008,EXTREME_TAIL_PHYSICAL_ENVIRONMENT_INCONSISTENCY: VI (5509.7 > 4500),330.84069015157263,5509.7196205068485,0.0,Winter,2380625431,HP-STG-v1.0.0,Phase 8B v1.0.0
SYNTH_8B_batch_0005_00658,SYNTH-SYNTH_8B_batch_0005_00658-D017,EXTREME_TAIL_PHYSICAL_ENVIRONMENT_INCONSISTENCY: VI (7389.8 > 4500),324.053220052336,7389.835114891709,0.0,Post-Monsoon,3651401747,HP-STG-v1.0.0,Phase 8B v1.0.0
SYNTH_8B_batch_0005_00665,SYNTH-SYNTH_8B_batch_0005_00665-D002,EXTREME_TAIL_PHYSICAL_ENVIRONMENT_INCONSISTENCY: VI (5989.2 > 4500),274.1827829954963,5989.1614291985425,0.0,Winter,3207397395,HP-STG-v1.0.0,Phase 8B v1.0.0
SYNTH_8B_batch_0005_00670,SYNTH-SYNTH_8B_batch_0005_00670-D002,EXTREME_TAIL_PHYSICAL_ENVIRONMENT_INCONSISTENCY: VI (6044.5 > 4500),275.03846718944897,6044.45360547528,0.0,Post-Monsoon,435358848,HP-STG-v1.0.0,Phase 8B v1.0.0
SYNTH_8B_batch_0005_00678,SYNTH-SYNTH_8B_batch_0005_00678-D013,EXTREME_TAIL_PHYSICAL_ENVIRONMENT_INCONSISTENCY: VI (7494.0 > 4500),255.61608118734642,7493.995693234936,0.0,Post-Monsoon,1180859042,HP-STG-v1.0.0,Phase 8B v1.0.0
SYNTH_8B_batch_0005_00678,SYNTH-SYNTH_8B_batch_0005_00678-D026,EXTREME_TAIL_PHYSICAL_ENVIRONMENT_INCONSISTENCY: VI (7426.0 > 4500),351.4358873277147,7425.972039532332,0.0,Post-Monsoon,1180859042,HP-STG-v1.0.0,Phase 8B v1.0.0
SYNTH_8B_batch_0005_00678,SYNTH-SYNTH_8B_batch_0005_00678-D027,EXTREME_TAIL_PHYSICAL_ENVIRONMENT_INCONSISTENCY: VI (5412.7 > 4500),277.4576805332222,5412.680727031459,0.0,Post-Monsoon,1180859042,HP-STG-v1.0.0,Phase 8B v1.0.0
SYNTH_8B_batch_0005_00685,SYNTH-SYNTH_8B_batch_0005_00685-D006,EXTREME_TAIL_PHYSICAL_ENVIRONMENT_INCONSISTENCY: VI (10769.3 > 4500),283.24291709118324,10769.27810209497,0.0,Winter,1522207259,HP-STG-v1.0.0,Phase 8B v1.0.0
SYNTH_8B_batch_0005_00686,SYNTH-SYNTH_8B_batch_0005_00686-D021,EXTREME_TAIL_PHYSICAL_ENVIRONMENT_INCONSISTENCY: VI (6833.3 > 4500),286.0673914536938,6833.349518827313,0.0,Post-Monsoon,830291067,HP-STG-v1.0.0,Phase 8B v1.0.0
SYNTH_8B_batch_0005_00690,SYNTH-SYNTH_8B_batch_0005_00690-D010,EXTREME_TAIL_PHYSICAL_ENVIRONMENT_INCONSISTENCY: VI (6353.9 > 4500),273.06090246705816,6353.93372813405,0.0,Post-Monsoon,776843210,HP-STG-v1.0.0,Phase 8B v1.0.0
SYNTH_8B_batch_0005_00690,SYNTH-SYNTH_8B_batch_0005_00690-D018,EXTREME_TAIL_PHYSICAL_ENVIRONMENT_INCONSISTENCY: VI (7707.7 > 4500),328.3965639904683,7707.656754146269,0.0,Post-Monsoon,776843210,HP-STG-v1.0.0,Phase 8B v1.0.0
SYNTH_8B_batch_0005_00690,SYNTH-SYNTH_8B_batch_0005_00690-D019,EXTREME_TAIL_PHYSICAL_ENVIRONMENT_INCONSISTENCY: VI (5888.2 > 4500),266.91170016535574,5888.19199467067,0.0,Post-Monsoon,776843210,HP-STG-v1.0.0,Phase 8B v1.0.0
SYNTH_8B_batch_0005_00692,SYNTH-SYNTH_8B_batch_0005_00692-D001,EXTREME_TAIL_PHYSICAL_ENVIRONMENT_INCONSISTENCY: VI (9496.1 > 4500),259.42352313706016,9496.076335681697,0.0,Monsoon,2694254386,HP-STG-v1.0.0,Phase 8B v1.0.0
SYNTH_8B_batch_0005_00698,SYNTH-SYNTH_8B_batch_0005_00698-D016,EXTREME_TAIL_PHYSICAL_ENVIRONMENT_INCONSISTENCY: VI (4801.7 > 4500),255.66042715176803,4801.722440122029,0.0,Post-Monsoon,61950813,HP-STG-v1.0.0,Phase 8B v1.0.0
SYNTH_8B_batch_0005_00698,SYNTH-SYNTH_8B_batch_0005_00698-D027,EXTREME_TAIL_PHYSICAL_ENVIRONMENT_INCONSISTENCY: VI (8793.3 > 4500),305.16734240563994,8793.319282083368,0.0,Post-Monsoon,61950813,HP-STG-v1.0.0,Phase 8B v1.0.0
SYNTH_8B_batch_0005_00701,SYNTH-SYNTH_8B_batch_0005_00701-D004,EXTREME_TAIL_PHYSICAL_ENVIRONMENT_INCONSISTENCY: VI (9905.3 > 4500),267.60520313029224,9905.30516350866,0.0,Winter,2493741496,HP-STG-v1.0.0,Phase 8B v1.0.0
SYNTH_8B_batch_0005_00702,SYNTH-SYNTH_8B_batch_0005_00702-D010,EXTREME_TAIL_PHYSICAL_ENVIRONMENT_INCONSISTENCY: VI (6931.1 > 4500),346.48049220052405,6931.12452648357,0.0,Post-Monsoon,1839370296,HP-STG-v1.0.0,Phase 8B v1.0.0
SYNTH_8B_batch_0005_00702,SYNTH-SYNTH_8B_batch_0005_00702-D011,EXTREME_TAIL_PHYSICAL_ENVIRONMENT_INCONSISTENCY: VI (8041.4 > 4500),253.13135147301765,8041.407556478855,0.0,Post-Monsoon,1839370296,HP-STG-v1.0.0,Phase 8B v1.0.0
SYNTH_8B_batch_0005_00706,SYNTH-SYNTH_8B_batch_0005_00706-D026,EXTREME_TAIL_PHYSICAL_ENVIRONMENT_INCONSISTENCY: VI (7129.7 > 4500),384.84659731202237,7129.650119646647,0.0,Post-Monsoon,1211351128,HP-STG-v1.0.0,Phase 8B v1.0.0
SYNTH_8B_batch_0005_00706,SYNTH-SYNTH_8B_batch_0005_00706-D027,EXTREME_TAIL_PHYSICAL_ENVIRONMENT_INCONSISTENCY: VI (5251.9 > 4500),301.7023639581122,5251.92291445033,0.0,Post-Monsoon,1211351128,HP-STG-v1.0.0,Phase 8B v1.0.0
SYNTH_8B_batch_0005_00710,SYNTH-SYNTH_8B_batch_0005_00710-D002,EXTREME_TAIL_PHYSICAL_ENVIRONMENT_INCONSISTENCY: VI (4940.5 > 4500),353.91376583202816,4940.490933172471,0.0,Post-Monsoon,183383145,HP-STG-v1.0.0,Phase 8B v1.0.0
SYNTH_8B_batch_0005_00710,SYNTH-SYNTH_8B_batch_0005_00710-D003,EXTREME_TAIL_PHYSICAL_ENVIRONMENT_INCONSISTENCY: VI (5183.0 > 4500),298.02347654678493,5182.984006029483,0.0,Post-Monsoon,183383145,HP-STG-v1.0.0,Phase 8B v1.0.0
SYNTH_8B_batch_0005_00710,SYNTH-SYNTH_8B_batch_0005_00710-D030,EXTREME_TAIL_PHYSICAL_ENVIRONMENT_INCONSISTENCY: VI (7459.1 > 4500),334.4629097979824,7459.135512175693,0.0,Post-Monsoon,183383145,HP-STG-v1.0.0,Phase 8B v1.0.0
SYNTH_8B_batch_0005_00714,SYNTH-SYNTH_8B_batch_0005_00714-D010,EXTREME_TAIL_PHYSICAL_ENVIRONMENT_INCONSISTENCY: VI (5819.0 > 4500),341.68257118653327,5818.974193517536,0.0,Post-Monsoon,3034747895,HP-STG-v1.0.0,Phase 8B v1.0.0
SYNTH_8B_batch_0005_00714,SYNTH-SYNTH_8B_batch_0005_00714-D011,EXTREME_TAIL_PHYSICAL_ENVIRONMENT_INCONSISTENCY: VI (7754.3 > 4500),262.8949586251895,7754.324418604309,0.0,Post-Monsoon,3034747895,HP-STG-v1.0.0,Phase 8B v1.0.0
SYNTH_8B_batch_0005_00714,SYNTH-SYNTH_8B_batch_0005_00714-D030,EXTREME_TAIL_PHYSICAL_ENVIRONMENT_INCONSISTENCY: VI (6030.1 > 4500),277.70185572218406,6030.0873312243675,0.0,Post-Monsoon,3034747895,HP-STG-v1.0.0,Phase 8B v1.0.0
SYNTH_8B_batch_0005_00718,SYNTH-SYNTH_8B_batch_0005_00718-D024,EXTREME_TAIL_PHYSICAL_ENVIRONMENT_INCONSISTENCY: VI (7425.8 > 4500),325.41125453122163,7425.845107457804,0.0,Post-Monsoon,2838017953,HP-STG-v1.0.0,Phase 8B v1.0.0
SYNTH_8B_batch_0005_00722,SYNTH-SYNTH_8B_batch_0005_00722-D014,EXTREME_TAIL_PHYSICAL_ENVIRONMENT_INCONSISTENCY: VI (5729.3 > 4500),354.5511570517601,5729.341765579804,0.0,Post-Monsoon,3329905616,HP-STG-v1.0.0,Phase 8B v1.0.0
SYNTH_8B_batch_0005_00722,SYNTH-SYNTH_8B_batch_0005_00722-D018,EXTREME_TAIL_PHYSICAL_ENVIRONMENT_INCONSISTENCY: VI (6312.9 > 4500),315.88229091512596,6312.921716947355,0.0,Post-Monsoon,3329905616,HP-STG-v1.0.0,Phase 8B v1.0.0
SYNTH_8B_batch_0005_00726,SYNTH-SYNTH_8B_batch_0005_00726-D013,EXTREME_TAIL_PHYSICAL_ENVIRONMENT_INCONSISTENCY: VI (5829.1 > 4500),346.39816020327777,5829.142861113765,0.0,Post-Monsoon,853236614,HP-STG-v1.0.0,Phase 8B v1.0.0
SYNTH_8B_batch_0005_00729,SYNTH-SYNTH_8B_batch_0005_00729-D007,EXTREME_TAIL_PHYSICAL_ENVIRONMENT_INCONSISTENCY: VI (8483.0 > 4500),296.85701349709086,8482.969578040042,0.0,Winter,296939336,HP-STG-v1.0.0,Phase 8B v1.0.0
SYNTH_8B_batch_0005_00729,SYNTH-SYNTH_8B_batch_0005_00729-D014,EXTREME_TAIL_PHYSICAL_ENVIRONMENT_INCONSISTENCY: VI (7748.6 > 4500),258.49918351926823,7748.578497660485,0.0,Winter,296939336,HP-STG-v1.0.0,Phase 8B v1.0.0
SYNTH_8B_batch_0005_00730,SYNTH-SYNTH_8B_batch_0005_00730-D019,EXTREME_TAIL_PHYSICAL_ENVIRONMENT_INCONSISTENCY: VI (6547.1 > 4500),340.95222881782695,6547.148121127092,0.0,Post-Monsoon,4223298155,HP-STG-v1.0.0,Phase 8B v1.0.0
SYNTH_8B_batch_0005_00730,SYNTH-SYNTH_8B_batch_0005_00730-D020,EXTREME_TAIL_PHYSICAL_ENVIRONMENT_INCONSISTENCY: VI (4883.5 > 4500),255.89844325298913,4883.469439594876,0.0,Post-Monsoon,4223298155,HP-STG-v1.0.0,Phase 8B v1.0.0
SYNTH_8B_batch_0005_00730,SYNTH-SYNTH_8B_batch_0005_00730-D028,EXTREME_TAIL_PHYSICAL_ENVIRONMENT_INCONSISTENCY: VI (7307.5 > 4500),325.90977440399087,7307.518685535217,0.0,Post-Monsoon,4223298155,HP-STG-v1.0.0,Phase 8B v1.0.0
SYNTH_8B_batch_0005_00730,SYNTH-SYNTH_8B_batch_0005_00730-D029,EXTREME_TAIL_PHYSICAL_ENVIRONMENT_INCONSISTENCY: VI (6753.5 > 4500),261.04155050471604,6753.543602766867,0.0,Post-Monsoon,4223298155,HP-STG-v1.0.0,Phase 8B v1.0.0
SYNTH_8B_batch_0005_00733,SYNTH-SYNTH_8B_batch_0005_00733-D003,EXTREME_TAIL_PHYSICAL_ENVIRONMENT_INCONSISTENCY: VI (7670.9 > 4500),307.22062958137656,7670.896429290664,0.0,Winter,3575103968,HP-STG-v1.0.0,Phase 8B v1.0.0
SYNTH_8B_batch_0005_00734,SYNTH-SYNTH_8B_batch_0005_00734-D014,EXTREME_TAIL_PHYSICAL_ENVIRONMENT_INCONSISTENCY: VI (5417.7 > 4500),325.0656742211358,5417.694806544373,0.0,Post-Monsoon,275598665,HP-STG-v1.0.0,Phase 8B v1.0.0
SYNTH_8B_batch_0005_00738,SYNTH-SYNTH_8B_batch_0005_00738-D006,EXTREME_TAIL_PHYSICAL_ENVIRONMENT_INCONSISTENCY: VI (5542.7 > 4500),381.31399831702885,5542.651235961858,0.0,Post-Monsoon,1499410291,HP-STG-v1.0.0,Phase 8B v1.0.0
SYNTH_8B_batch_0005_00738,SYNTH-SYNTH_8B_batch_0005_00738-D007,EXTREME_TAIL_PHYSICAL_ENVIRONMENT_INCONSISTENCY: VI (5096.5 > 4500),311.75152483210104,5096.531486353151,0.0,Post-Monsoon,1499410291,HP-STG-v1.0.0,Phase 8B v1.0.0
SYNTH_8B_batch_0005_00738,SYNTH-SYNTH_8B_batch_0005_00738-D014,EXTREME_TAIL_PHYSICAL_ENVIRONMENT_INCONSISTENCY: VI (6021.9 > 4500),319.207725159472,6021.861176059346,0.0,Post-Monsoon,1499410291,HP-STG-v1.0.0,Phase 8B v1.0.0
SYNTH_8B_batch_0005_00742,SYNTH-SYNTH_8B_batch_0005_00742-D006,EXTREME_TAIL_PHYSICAL_ENVIRONMENT_INCONSISTENCY: VI (7461.4 > 4500),420.3269339798669,7461.354162920551,0.0,Post-Monsoon,803855135,HP-STG-v1.0.0,Phase 8B v1.0.0
SYNTH_8B_batch_0005_00742,SYNTH-SYNTH_8B_batch_0005_00742-D007,EXTREME_TAIL_PHYSICAL_ENVIRONMENT_INCONSISTENCY: VI (6384.2 > 4500),355.49027756852144,6384.22913314905,0.0,Post-Monsoon,803855135,HP-STG-v1.0.0,Phase 8B v1.0.0
SYNTH_8B_batch_0005_00742,SYNTH-SYNTH_8B_batch_0005_00742-D008,EXTREME_TAIL_PHYSICAL_ENVIRONMENT_INCONSISTENCY: VI (5360.6 > 4500),271.0222162864328,5360.614178743857,0.0,Post-Monsoon,803855135,HP-STG-v1.0.0,Phase 8B v1.0.0
SYNTH_8B_batch_0005_00742,SYNTH-SYNTH_8B_batch_0005_00742-D010,EXTREME_TAIL_PHYSICAL_ENVIRONMENT_INCONSISTENCY: VI (5656.6 > 4500),251.3753557425292,5656.6097520823705,0.0,Post-Monsoon,803855135,HP-STG-v1.0.0,Phase 8B v1.0.0
SYNTH_8B_batch_0005_00745,SYNTH-SYNTH_8B_batch_0005_00745-D002,EXTREME_TAIL_PHYSICAL_ENVIRONMENT_INCONSISTENCY: VI (8213.3 > 4500),288.21443386718266,8213.285436232793,0.0,Winter,1682845038,HP-STG-v1.0.0,Phase 8B v1.0.0
SYNTH_8B_batch_0005_00746,SYNTH-SYNTH_8B_batch_0005_00746-D027,EXTREME_TAIL_PHYSICAL_ENVIRONMENT_INCONSISTENCY: VI (6841.3 > 4500),306.86602344923585,6841.310584661208,0.0,Post-Monsoon,1623468342,HP-STG-v1.0.0,Phase 8B v1.0.0
SYNTH_8B_batch_0005_00750,SYNTH-SYNTH_8B_batch_0005_00750-D008,EXTREME_TAIL_PHYSICAL_ENVIRONMENT_INCONSISTENCY: VI (5439.5 > 4500),333.6597423276601,5439.467736852018,0.0,Post-Monsoon,3080428615,HP-STG-v1.0.0,Phase 8B v1.0.0
SYNTH_8B_batch_0005_00750,SYNTH-SYNTH_8B_batch_0005_00750-D014,EXTREME_TAIL_PHYSICAL_ENVIRONMENT_INCONSISTENCY: VI (7227.0 > 4500),369.01131811612515,7227.007519798542,0.0,Post-Monsoon,3080428615,HP-STG-v1.0.0,Phase 8B v1.0.0
SYNTH_8B_batch_0005_00750,SYNTH-SYNTH_8B_batch_0005_00750-D015,EXTREME_TAIL_PHYSICAL_ENVIRONMENT_INCONSISTENCY: VI (6537.8 > 4500),278.18881213992165,6537.849315994442,0.0,Post-Monsoon,3080428615,HP-STG-v1.0.0,Phase 8B v1.0.0
SYNTH_8B_batch_0005_00753,SYNTH-SYNTH_8B_batch_0005_00753-D002,EXTREME_TAIL_PHYSICAL_ENVIRONMENT_INCONSISTENCY: VI (4789.9 > 4500),286.2865640243654,4789.857094461364,0.0,Winter,1787457563,HP-STG-v1.0.0,Phase 8B v1.0.0
SYNTH_8B_batch_0005_00754,SYNTH-SYNTH_8B_batch_0005_00754-D018,EXTREME_TAIL_PHYSICAL_ENVIRONMENT_INCONSISTENCY: VI (7518.4 > 4500),314.3320490740572,7518.436560788583,0.0,Post-Monsoon,3490577344,HP-STG-v1.0.0,Phase 8B v1.0.0
SYNTH_8B_batch_0005_00754,SYNTH-SYNTH_8B_batch_0005_00754-D019,EXTREME_TAIL_PHYSICAL_ENVIRONMENT_INCONSISTENCY: VI (5182.7 > 4500),292.5788969960845,5182.656308979417,0.0,Post-Monsoon,3490577344,HP-STG-v1.0.0,Phase 8B v1.0.0
SYNTH_8B_batch_0005_00758,SYNTH-SYNTH_8B_batch_0005_00758-D014,EXTREME_TAIL_PHYSICAL_ENVIRONMENT_INCONSISTENCY: VI (5516.8 > 4500),363.485365284432,5516.76696454888,0.0,Post-Monsoon,258092009,HP-STG-v1.0.0,Phase 8B v1.0.0
SYNTH_8B_batch_0005_00758,SYNTH-SYNTH_8B_batch_0005_00758-D015,EXTREME_TAIL_PHYSICAL_ENVIRONMENT_INCONSISTENCY: VI (5692.7 > 4500),268.61983765855285,5692.706601469167,0.0,Post-Monsoon,258092009,HP-STG-v1.0.0,Phase 8B v1.0.0
SYNTH_8B_batch_0005_00761,SYNTH-SYNTH_8B_batch_0005_00761-D003,EXTREME_TAIL_PHYSICAL_ENVIRONMENT_INCONSISTENCY: VI (10214.1 > 4500),288.3001928615616,10214.086401186543,0.0,Winter,2864012668,HP-STG-v1.0.0,Phase 8B v1.0.0
SYNTH_8B_batch_0005_00766,SYNTH-SYNTH_8B_batch_0005_00766-D019,EXTREME_TAIL_PHYSICAL_ENVIRONMENT_INCONSISTENCY: VI (4837.5 > 4500),381.0929288016819,4837.482925379942,0.0,Post-Monsoon,2205283545,HP-STG-v1.0.0,Phase 8B v1.0.0
SYNTH_8B_batch_0005_00766,SYNTH-SYNTH_8B_batch_0005_00766-D020,EXTREME_TAIL_PHYSICAL_ENVIRONMENT_INCONSISTENCY: VI (6151.0 > 4500),345.87717077530215,6150.99833554601,0.0,Post-Monsoon,2205283545,HP-STG-v1.0.0,Phase 8B v1.0.0
SYNTH_8B_batch_0005_00766,SYNTH-SYNTH_8B_batch_0005_00766-D021,EXTREME_TAIL_PHYSICAL_ENVIRONMENT_INCONSISTENCY: VI (6478.6 > 4500),263.9036627390192,6478.583358638408,0.0,Post-Monsoon,2205283545,HP-STG-v1.0.0,Phase 8B v1.0.0
SYNTH_8B_batch_0005_00770,SYNTH-SYNTH_8B_batch_0005_00770-D004,EXTREME_TAIL_PHYSICAL_ENVIRONMENT_INCONSISTENCY: VI (8784.7 > 4500),311.81184145977676,8784.661121472289,0.0,Post-Monsoon,4154751017,HP-STG-v1.0.0,Phase 8B v1.0.0
SYNTH_8B_batch_0005_00770,SYNTH-SYNTH_8B_batch_0005_00770-D008,EXTREME_TAIL_PHYSICAL_ENVIRONMENT_INCONSISTENCY: VI (5775.8 > 4500),289.89497983557226,5775.8375829363,0.0,Post-Monsoon,4154751017,HP-STG-v1.0.0,Phase 8B v1.0.0
SYNTH_8B_batch_0005_00770,SYNTH-SYNTH_8B_batch_0005_00770-D024,EXTREME_TAIL_PHYSICAL_ENVIRONMENT_INCONSISTENCY: VI (7484.4 > 4500),290.0188841198544,7484.424110704536,0.0,Post-Monsoon,4154751017,HP-STG-v1.0.0,Phase 8B v1.0.0
SYNTH_8B_batch_0005_00774,SYNTH-SYNTH_8B_batch_0005_00774-D015,EXTREME_TAIL_PHYSICAL_ENVIRONMENT_INCONSISTENCY: VI (6141.0 > 4500),316.5614212061547,6141.003100649419,0.0,Post-Monsoon,3113797319,HP-STG-v1.0.0,Phase 8B v1.0.0
SYNTH_8B_batch_0005_00774,SYNTH-SYNTH_8B_batch_0005_00774-D016,EXTREME_TAIL_PHYSICAL_ENVIRONMENT_INCONSISTENCY: VI (5556.4 > 4500),250.3215047021705,5556.3752438085985,0.0,Post-Monsoon,3113797319,HP-STG-v1.0.0,Phase 8B v1.0.0
SYNTH_8B_batch_0005_00777,SYNTH-SYNTH_8B_batch_0005_00777-D003,EXTREME_TAIL_PHYSICAL_ENVIRONMENT_INCONSISTENCY: VI (7231.4 > 4500),269.943749650834,7231.392612515817,0.0,Winter,1034138483,HP-STG-v1.0.0,Phase 8B v1.0.0
SYNTH_8B_batch_0005_00778,SYNTH-SYNTH_8B_batch_0005_00778-D002,EXTREME_TAIL_PHYSICAL_ENVIRONMENT_INCONSISTENCY: VI (7084.9 > 4500),264.4824648170086,7084.938312691496,0.0,Post-Monsoon,2288431423,HP-STG-v1.0.0,Phase 8B v1.0.0
SYNTH_8B_batch_0005_00785,SYNTH-SYNTH_8B_batch_0005_00785-D002,EXTREME_TAIL_PHYSICAL_ENVIRONMENT_INCONSISTENCY: VI (9148.4 > 4500),296.61240241699227,9148.395401211194,0.0,Winter,1640915429,HP-STG-v1.0.0,Phase 8B v1.0.0
SYNTH_8B_batch_0005_00786,SYNTH-SYNTH_8B_batch_0005_00786-D009,EXTREME_TAIL_PHYSICAL_ENVIRONMENT_INCONSISTENCY: VI (5310.2 > 4500),376.6196000800026,5310.221230281235,0.0,Post-Monsoon,852987579,HP-STG-v1.0.0,Phase 8B v1.0.0
SYNTH_8B_batch_0005_00786,SYNTH-SYNTH_8B_batch_0005_00786-D010,EXTREME_TAIL_PHYSICAL_ENVIRONMENT_INCONSISTENCY: VI (7085.2 > 4500),289.76628442406223,7085.2279738795705,0.0,Post-Monsoon,852987579,HP-STG-v1.0.0,Phase 8B v1.0.0
SYNTH_8B_batch_0005_00786,SYNTH-SYNTH_8B_batch_0005_00786-D027,EXTREME_TAIL_PHYSICAL_ENVIRONMENT_INCONSISTENCY: VI (5894.1 > 4500),278.0809849158305,5894.136498499061,0.0,Post-Monsoon,852987579,HP-STG-v1.0.0,Phase 8B v1.0.0
SYNTH_8B_batch_0005_00786,SYNTH-SYNTH_8B_batch_0005_00786-D028,EXTREME_TAIL_PHYSICAL_ENVIRONMENT_INCONSISTENCY: VI (7161.6 > 4500),257.28427642781,7161.639115141271,0.0,Post-Monsoon,852987579,HP-STG-v1.0.0,Phase 8B v1.0.0
SYNTH_8B_batch_0005_00793,SYNTH-SYNTH_8B_batch_0005_00793-D010,EXTREME_TAIL_PHYSICAL_ENVIRONMENT_INCONSISTENCY: VI (9882.7 > 4500),258.89304830938386,9882.743548249655,0.0,Winter,877733661,HP-STG-v1.0.0,Phase 8B v1.0.0
SYNTH_8B_batch_0005_00794,SYNTH-SYNTH_8B_batch_0005_00794-D004,EXTREME_TAIL_PHYSICAL_ENVIRONMENT_INCONSISTENCY: VI (5548.1 > 4500),318.3770113538906,5548.082004564767,0.0,Post-Monsoon,2883336133,HP-STG-v1.0.0,Phase 8B v1.0.0
SYNTH_8B_batch_0005_00798,SYNTH-SYNTH_8B_batch_0005_00798-D023,EXTREME_TAIL_PHYSICAL_ENVIRONMENT_INCONSISTENCY: VI (4587.0 > 4500),341.77880681390104,4587.019772334573,0.0,Post-Monsoon,463190828,HP-STG-v1.0.0,Phase 8B v1.0.0
SYNTH_8B_batch_0005_00798,SYNTH-SYNTH_8B_batch_0005_00798-D024,EXTREME_TAIL_PHYSICAL_ENVIRONMENT_INCONSISTENCY: VI (4563.4 > 4500),274.8982037480978,4563.4392386245045,0.0,Post-Monsoon,463190828,HP-STG-v1.0.0,Phase 8B v1.0.0
SYNTH_8B_batch_0005_00801,SYNTH-SYNTH_8B_batch_0005_00801-D002,EXTREME_TAIL_PHYSICAL_ENVIRONMENT_INCONSISTENCY: VI (7701.7 > 4500),269.87817214905624,7701.729723087843,0.0,Winter,2705816207,HP-STG-v1.0.0,Phase 8B v1.0.0
SYNTH_8B_batch_0005_00802,SYNTH-SYNTH_8B_batch_0005_00802-D015,EXTREME_TAIL_PHYSICAL_ENVIRONMENT_INCONSISTENCY: VI (4561.0 > 4500),416.4014931049048,4560.98831763072,0.0,Post-Monsoon,1509324155,HP-STG-v1.0.0,Phase 8B v1.0.0
SYNTH_8B_batch_0005_00802,SYNTH-SYNTH_8B_batch_0005_00802-D019,EXTREME_TAIL_PHYSICAL_ENVIRONMENT_INCONSISTENCY: VI (6301.1 > 4500),323.89754349108904,6301.127927293233,0.0,Post-Monsoon,1509324155,HP-STG-v1.0.0,Phase 8B v1.0.0
SYNTH_8B_batch_0005_00802,SYNTH-SYNTH_8B_batch_0005_00802-D020,EXTREME_TAIL_PHYSICAL_ENVIRONMENT_INCONSISTENCY: VI (4798.2 > 4500),303.2105215783922,4798.203783651335,0.0,Post-Monsoon,1509324155,HP-STG-v1.0.0,Phase 8B v1.0.0
SYNTH_8B_batch_0005_00806,SYNTH-SYNTH_8B_batch_0005_00806-D022,EXTREME_TAIL_PHYSICAL_ENVIRONMENT_INCONSISTENCY: VI (7212.4 > 4500),324.4207114170407,7212.392920645352,0.0,Post-Monsoon,2278114165,HP-STG-v1.0.0,Phase 8B v1.0.0
SYNTH_8B_batch_0005_00806,SYNTH-SYNTH_8B_batch_0005_00806-D023,EXTREME_TAIL_PHYSICAL_ENVIRONMENT_INCONSISTENCY: VI (4747.4 > 4500),274.8109538788436,4747.4086527149075,0.0,Post-Monsoon,2278114165,HP-STG-v1.0.0,Phase 8B v1.0.0
SYNTH_8B_batch_0005_00810,SYNTH-SYNTH_8B_batch_0005_00810-D004,EXTREME_TAIL_PHYSICAL_ENVIRONMENT_INCONSISTENCY: VI (7211.2 > 4500),334.32440785379674,7211.204492519781,0.0,Post-Monsoon,466861188,HP-STG-v1.0.0,Phase 8B v1.0.0
SYNTH_8B_batch_0005_00814,SYNTH-SYNTH_8B_batch_0005_00814-D005,EXTREME_TAIL_PHYSICAL_ENVIRONMENT_INCONSISTENCY: VI (6876.8 > 4500),362.54377543072565,6876.771049014621,0.0,Post-Monsoon,2715133520,HP-STG-v1.0.0,Phase 8B v1.0.0
SYNTH_8B_batch_0005_00814,SYNTH-SYNTH_8B_batch_0005_00814-D006,EXTREME_TAIL_PHYSICAL_ENVIRONMENT_INCONSISTENCY: VI (5514.3 > 4500),301.47529347952457,5514.286017356084,0.0,Post-Monsoon,2715133520,HP-STG-v1.0.0,Phase 8B v1.0.0
SYNTH_8B_batch_0005_00825,SYNTH-SYNTH_8B_batch_0005_00825-D002,EXTREME_TAIL_PHYSICAL_ENVIRONMENT_INCONSISTENCY: VI (5527.4 > 4500),300.72949049775235,5527.438375719248,0.0,Winter,809882916,HP-STG-v1.0.0,Phase 8B v1.0.0
SYNTH_8B_batch_0005_00826,SYNTH-SYNTH_8B_batch_0005_00826-D029,EXTREME_TAIL_PHYSICAL_ENVIRONMENT_INCONSISTENCY: VI (6553.7 > 4500),323.34364142673047,6553.740863526006,0.0,Post-Monsoon,1626107928,HP-STG-v1.0.0,Phase 8B v1.0.0
SYNTH_8B_batch_0005_00826,SYNTH-SYNTH_8B_batch_0005_00826-D030,EXTREME_TAIL_PHYSICAL_ENVIRONMENT_INCONSISTENCY: VI (6501.8 > 4500),269.40303685546803,6501.830064718815,0.0,Post-Monsoon,1626107928,HP-STG-v1.0.0,Phase 8B v1.0.0
SYNTH_8B_batch_0005_00830,SYNTH-SYNTH_8B_batch_0005_00830-D028,EXTREME_TAIL_PHYSICAL_ENVIRONMENT_INCONSISTENCY: VI (7515.1 > 4500),262.5372099126496,7515.096250108735,0.0,Post-Monsoon,2325889581,HP-STG-v1.0.0,Phase 8B v1.0.0
SYNTH_8B_batch_0005_00838,SYNTH-SYNTH_8B_batch_0005_00838-D021,EXTREME_TAIL_PHYSICAL_ENVIRONMENT_INCONSISTENCY: VI (9560.0 > 4500),285.12791944249386,9560.007544497574,0.0,Post-Monsoon,81866966,HP-STG-v1.0.0,Phase 8B v1.0.0
SYNTH_8B_batch_0005_00842,SYNTH-SYNTH_8B_batch_0005_00842-D005,EXTREME_TAIL_PHYSICAL_ENVIRONMENT_INCONSISTENCY: VI (6759.8 > 4500),330.39610028279424,6759.810641834424,0.0,Post-Monsoon,2564879699,HP-STG-v1.0.0,Phase 8B v1.0.0
SYNTH_8B_batch_0005_00842,SYNTH-SYNTH_8B_batch_0005_00842-D027,EXTREME_TAIL_PHYSICAL_ENVIRONMENT_INCONSISTENCY: VI (6352.4 > 4500),333.93474465254843,6352.414643215464,0.0,Post-Monsoon,2564879699,HP-STG-v1.0.0,Phase 8B v1.0.0
SYNTH_8B_batch_0005_00845,SYNTH-SYNTH_8B_batch_0005_00845-D002,EXTREME_TAIL_PHYSICAL_ENVIRONMENT_INCONSISTENCY: VI (7097.6 > 4500),264.3236304213903,7097.644618831236,0.0,Winter,887312332,HP-STG-v1.0.0,Phase 8B v1.0.0
SYNTH_8B_batch_0005_00846,SYNTH-SYNTH_8B_batch_0005_00846-D013,EXTREME_TAIL_PHYSICAL_ENVIRONMENT_INCONSISTENCY: VI (4578.6 > 4500),266.69533579132144,4578.5673437701635,0.0,Post-Monsoon,327273804,HP-STG-v1.0.0,Phase 8B v1.0.0
SYNTH_8B_batch_0005_00846,SYNTH-SYNTH_8B_batch_0005_00846-D024,EXTREME_TAIL_PHYSICAL_ENVIRONMENT_INCONSISTENCY: VI (4771.9 > 4500),402.20207688660855,4771.873234787838,0.0,Post-Monsoon,327273804,HP-STG-v1.0.0,Phase 8B v1.0.0
SYNTH_8B_batch_0005_00846,SYNTH-SYNTH_8B_batch_0005_00846-D025,EXTREME_TAIL_PHYSICAL_ENVIRONMENT_INCONSISTENCY: VI (7113.1 > 4500),315.9781248752614,7113.068487907219,0.0,Post-Monsoon,327273804,HP-STG-v1.0.0,Phase 8B v1.0.0
SYNTH_8B_batch_0005_00846,SYNTH-SYNTH_8B_batch_0005_00846-D026,EXTREME_TAIL_PHYSICAL_ENVIRONMENT_INCONSISTENCY: VI (5514.1 > 4500),277.3577984628241,5514.123560644251,0.0,Post-Monsoon,327273804,HP-STG-v1.0.0,Phase 8B v1.0.0
SYNTH_8B_batch_0005_00846,SYNTH-SYNTH_8B_batch_0005_00846-D029,EXTREME_TAIL_PHYSICAL_ENVIRONMENT_INCONSISTENCY: VI (6174.0 > 4500),260.2938015025193,6173.995952447459,0.0,Post-Monsoon,327273804,HP-STG-v1.0.0,Phase 8B v1.0.0
SYNTH_8B_batch_0005_00850,SYNTH-SYNTH_8B_batch_0005_00850-D013,EXTREME_TAIL_PHYSICAL_ENVIRONMENT_INCONSISTENCY: VI (10571.7 > 4500),282.4375001799708,10571.73910408082,0.0,Post-Monsoon,2274777598,HP-STG-v1.0.0,Phase 8B v1.0.0
SYNTH_8B_batch_0005_00853,SYNTH-SYNTH_8B_batch_0005_00853-D003,EXTREME_TAIL_PHYSICAL_ENVIRONMENT_INCONSISTENCY: VI (6946.7 > 4500),287.02979051086845,6946.70622669173,0.0,Winter,134125196,HP-STG-v1.0.0,Phase 8B v1.0.0
SYNTH_8B_batch_0005_00854,SYNTH-SYNTH_8B_batch_0005_00854-D013,EXTREME_TAIL_PHYSICAL_ENVIRONMENT_INCONSISTENCY: VI (7614.0 > 4500),326.153880937203,7614.0144107095675,0.0,Post-Monsoon,729070709,HP-STG-v1.0.0,Phase 8B v1.0.0
SYNTH_8B_batch_0005_00862,SYNTH-SYNTH_8B_batch_0005_00862-D002,EXTREME_TAIL_PHYSICAL_ENVIRONMENT_INCONSISTENCY: VI (7864.0 > 4500),308.7114490959169,7863.980959493118,0.0,Post-Monsoon,2797781576,HP-STG-v1.0.0,Phase 8B v1.0.0
SYNTH_8B_batch_0005_00862,SYNTH-SYNTH_8B_batch_0005_00862-D007,EXTREME_TAIL_PHYSICAL_ENVIRONMENT_INCONSISTENCY: VI (6761.7 > 4500),301.5081924027302,6761.696522364964,0.0,Post-Monsoon,2797781576,HP-STG-v1.0.0,Phase 8B v1.0.0
SYNTH_8B_batch_0005_00870,SYNTH-SYNTH_8B_batch_0005_00870-D008,EXTREME_TAIL_PHYSICAL_ENVIRONMENT_INCONSISTENCY: VI (6675.0 > 4500),251.7854507134612,6675.023437831587,0.0,Post-Monsoon,2283087492,HP-STG-v1.0.0,Phase 8B v1.0.0
SYNTH_8B_batch_0005_00870,SYNTH-SYNTH_8B_batch_0005_00870-D029,EXTREME_TAIL_PHYSICAL_ENVIRONMENT_INCONSISTENCY: VI (5501.3 > 4500),288.9792455170769,5501.3447993075,0.0,Post-Monsoon,2283087492,HP-STG-v1.0.0,Phase 8B v1.0.0
SYNTH_8B_batch_0005_00874,SYNTH-SYNTH_8B_batch_0005_00874-D008,EXTREME_TAIL_PHYSICAL_ENVIRONMENT_INCONSISTENCY: VI (7328.9 > 4500),373.76376202765243,7328.897609259387,0.0,Post-Monsoon,1242810283,HP-STG-v1.0.0,Phase 8B v1.0.0
SYNTH_8B_batch_0005_00874,SYNTH-SYNTH_8B_batch_0005_00874-D009,EXTREME_TAIL_PHYSICAL_ENVIRONMENT_INCONSISTENCY: VI (5017.5 > 4500),301.49241820118596,5017.548769900138,0.0,Post-Monsoon,1242810283,HP-STG-v1.0.0,Phase 8B v1.0.0
SYNTH_8B_batch_0005_00874,SYNTH-SYNTH_8B_batch_0005_00874-D024,EXTREME_TAIL_PHYSICAL_ENVIRONMENT_INCONSISTENCY: VI (7655.5 > 4500),309.72429656458513,7655.534008899621,0.0,Post-Monsoon,1242810283,HP-STG-v1.0.0,Phase 8B v1.0.0
SYNTH_8B_batch_0005_00874,SYNTH-SYNTH_8B_batch_0005_00874-D025,EXTREME_TAIL_PHYSICAL_ENVIRONMENT_INCONSISTENCY: VI (6026.0 > 4500),285.5554264658186,6026.0345881423655,0.0,Post-Monsoon,1242810283,HP-STG-v1.0.0,Phase 8B v1.0.0
SYNTH_8B_batch_0005_00878,SYNTH-SYNTH_8B_batch_0005_00878-D004,EXTREME_TAIL_PHYSICAL_ENVIRONMENT_INCONSISTENCY: VI (9525.6 > 4500),322.7057565219264,9525.56614985245,0.0,Post-Monsoon,4272238874,HP-STG-v1.0.0,Phase 8B v1.0.0
SYNTH_8B_batch_0005_00882,SYNTH-SYNTH_8B_batch_0005_00882-D015,EXTREME_TAIL_PHYSICAL_ENVIRONMENT_INCONSISTENCY: VI (6695.0 > 4500),300.70207881983924,6695.042732417139,0.0,Post-Monsoon,3135462477,HP-STG-v1.0.0,Phase 8B v1.0.0
SYNTH_8B_batch_0005_00889,SYNTH-SYNTH_8B_batch_0005_00889-D006,EXTREME_TAIL_PHYSICAL_ENVIRONMENT_INCONSISTENCY: VI (8111.5 > 4500),309.0406405040826,8111.541256713759,0.0,Winter,4172904530,HP-STG-v1.0.0,Phase 8B v1.0.0
SYNTH_8B_batch_0005_00890,SYNTH-SYNTH_8B_batch_0005_00890-D004,EXTREME_TAIL_PHYSICAL_ENVIRONMENT_INCONSISTENCY: VI (5447.7 > 4500),351.4165127502289,5447.719254994796,0.0,Post-Monsoon,4067205035,HP-STG-v1.0.0,Phase 8B v1.0.0
SYNTH_8B_batch_0005_00890,SYNTH-SYNTH_8B_batch_0005_00890-D005,EXTREME_TAIL_PHYSICAL_ENVIRONMENT_INCONSISTENCY: VI (7263.1 > 4500),280.8951661271694,7263.127097856351,0.0,Post-Monsoon,4067205035,HP-STG-v1.0.0,Phase 8B v1.0.0
SYNTH_8B_batch_0005_00890,SYNTH-SYNTH_8B_batch_0005_00890-D010,EXTREME_TAIL_PHYSICAL_ENVIRONMENT_INCONSISTENCY: VI (7773.3 > 4500),370.642465184685,7773.265749238672,0.0,Post-Monsoon,4067205035,HP-STG-v1.0.0,Phase 8B v1.0.0
SYNTH_8B_batch_0005_00894,SYNTH-SYNTH_8B_batch_0005_00894-D002,EXTREME_TAIL_PHYSICAL_ENVIRONMENT_INCONSISTENCY: VI (4925.3 > 4500),263.34484535858394,4925.286484399299,0.0,Post-Monsoon,4171923863,HP-STG-v1.0.0,Phase 8B v1.0.0
SYNTH_8B_batch_0005_00894,SYNTH-SYNTH_8B_batch_0005_00894-D023,EXTREME_TAIL_PHYSICAL_ENVIRONMENT_INCONSISTENCY: VI (5534.1 > 4500),361.68904230743226,5534.087328419099,0.0,Post-Monsoon,4171923863,HP-STG-v1.0.0,Phase 8B v1.0.0
SYNTH_8B_batch_0005_00894,SYNTH-SYNTH_8B_batch_0005_00894-D024,EXTREME_TAIL_PHYSICAL_ENVIRONMENT_INCONSISTENCY: VI (6792.1 > 4500),290.23953900750115,6792.129241314583,0.0,Post-Monsoon,4171923863,HP-STG-v1.0.0,Phase 8B v1.0.0
SYNTH_8B_batch_0005_00897,SYNTH-SYNTH_8B_batch_0005_00897-D006,EXTREME_TAIL_PHYSICAL_ENVIRONMENT_INCONSISTENCY: VI (7191.8 > 4500),255.36175280998017,7191.80566010447,0.0,Winter,1555435668,HP-STG-v1.0.0,Phase 8B v1.0.0
SYNTH_8B_batch_0005_00906,SYNTH-SYNTH_8B_batch_0005_00906-D026,EXTREME_TAIL_PHYSICAL_ENVIRONMENT_INCONSISTENCY: VI (6512.7 > 4500),360.13482548794394,6512.72098773852,0.0,Post-Monsoon,3716323853,HP-STG-v1.0.0,Phase 8B v1.0.0
SYNTH_8B_batch_0005_00906,SYNTH-SYNTH_8B_batch_0005_00906-D029,EXTREME_TAIL_PHYSICAL_ENVIRONMENT_INCONSISTENCY: VI (6539.8 > 4500),323.08455617389825,6539.841023901253,0.0,Post-Monsoon,3716323853,HP-STG-v1.0.0,Phase 8B v1.0.0
SYNTH_8B_batch_0005_00906,SYNTH-SYNTH_8B_batch_0005_00906-D030,EXTREME_TAIL_PHYSICAL_ENVIRONMENT_INCONSISTENCY: VI (7579.6 > 4500),266.93959469068164,7579.578436396675,0.0,Post-Monsoon,3716323853,HP-STG-v1.0.0,Phase 8B v1.0.0
SYNTH_8B_batch_0005_00913,SYNTH-SYNTH_8B_batch_0005_00913-D010,EXTREME_TAIL_PHYSICAL_ENVIRONMENT_INCONSISTENCY: VI (11901.0 > 4500),263.17933285562253,11900.959089917833,0.0,Winter,1936694753,HP-STG-v1.0.0,Phase 8B v1.0.0
SYNTH_8B_batch_0005_00914,SYNTH-SYNTH_8B_batch_0005_00914-D018,EXTREME_TAIL_PHYSICAL_ENVIRONMENT_INCONSISTENCY: VI (5572.7 > 4500),257.15133869605455,5572.720726912493,0.0,Post-Monsoon,849587832,HP-STG-v1.0.0,Phase 8B v1.0.0
SYNTH_8B_batch_0005_00914,SYNTH-SYNTH_8B_batch_0005_00914-D030,EXTREME_TAIL_PHYSICAL_ENVIRONMENT_INCONSISTENCY: VI (5826.8 > 4500),291.13802323183916,5826.774920518149,0.0,Post-Monsoon,849587832,HP-STG-v1.0.0,Phase 8B v1.0.0
SYNTH_8B_batch_0005_00918,SYNTH-SYNTH_8B_batch_0005_00918-D002,EXTREME_TAIL_PHYSICAL_ENVIRONMENT_INCONSISTENCY: VI (7401.2 > 4500),313.59705009834374,7401.186010586255,0.0,Post-Monsoon,956055364,HP-STG-v1.0.0,Phase 8B v1.0.0
SYNTH_8B_batch_0005_00918,SYNTH-SYNTH_8B_batch_0005_00918-D007,EXTREME_TAIL_PHYSICAL_ENVIRONMENT_INCONSISTENCY: VI (7019.1 > 4500),341.3991538250031,7019.119273042921,0.0,Post-Monsoon,956055364,HP-STG-v1.0.0,Phase 8B v1.0.0
SYNTH_8B_batch_0005_00918,SYNTH-SYNTH_8B_batch_0005_00918-D008,EXTREME_TAIL_PHYSICAL_ENVIRONMENT_INCONSISTENCY: VI (7916.9 > 4500),270.9464310473383,7916.942689092059,0.0,Post-Monsoon,956055364,HP-STG-v1.0.0,Phase 8B v1.0.0
SYNTH_8B_batch_0005_00918,SYNTH-SYNTH_8B_batch_0005_00918-D024,EXTREME_TAIL_PHYSICAL_ENVIRONMENT_INCONSISTENCY: VI (7891.3 > 4500),293.4936350884187,7891.259834101523,0.0,Post-Monsoon,956055364,HP-STG-v1.0.0,Phase 8B v1.0.0
SYNTH_8B_batch_0005_00922,SYNTH-SYNTH_8B_batch_0005_00922-D002,EXTREME_TAIL_PHYSICAL_ENVIRONMENT_INCONSISTENCY: VI (5898.9 > 4500),307.31300599136966,5898.925820670176,0.0,Post-Monsoon,1137857601,HP-STG-v1.0.0,Phase 8B v1.0.0
SYNTH_8B_batch_0005_00922,SYNTH-SYNTH_8B_batch_0005_00922-D003,EXTREME_TAIL_PHYSICAL_ENVIRONMENT_INCONSISTENCY: VI (6178.7 > 4500),254.44839565677307,6178.671619106092,0.0,Post-Monsoon,1137857601,HP-STG-v1.0.0,Phase 8B v1.0.0
SYNTH_8B_batch_0005_00922,SYNTH-SYNTH_8B_batch_0005_00922-D025,EXTREME_TAIL_PHYSICAL_ENVIRONMENT_INCONSISTENCY: VI (7802.8 > 4500),259.9813961056677,7802.7896744809295,0.0,Post-Monsoon,1137857601,HP-STG-v1.0.0,Phase 8B v1.0.0
SYNTH_8B_batch_0005_00930,SYNTH-SYNTH_8B_batch_0005_00930-D009,EXTREME_TAIL_PHYSICAL_ENVIRONMENT_INCONSISTENCY: VI (6648.0 > 4500),333.5984852682639,6647.958847731145,0.0,Post-Monsoon,31579412,HP-STG-v1.0.0,Phase 8B v1.0.0
SYNTH_8B_batch_0005_00930,SYNTH-SYNTH_8B_batch_0005_00930-D028,EXTREME_TAIL_PHYSICAL_ENVIRONMENT_INCONSISTENCY: VI (4842.8 > 4500),377.232829056829,4842.849299030708,0.0,Post-Monsoon,31579412,HP-STG-v1.0.0,Phase 8B v1.0.0
SYNTH_8B_batch_0005_00930,SYNTH-SYNTH_8B_batch_0005_00930-D029,EXTREME_TAIL_PHYSICAL_ENVIRONMENT_INCONSISTENCY: VI (9872.1 > 4500),286.7891822687687,9872.050790381678,0.0,Post-Monsoon,31579412,HP-STG-v1.0.0,Phase 8B v1.0.0
SYNTH_8B_batch_0005_00934,SYNTH-SYNTH_8B_batch_0005_00934-D018,EXTREME_TAIL_PHYSICAL_ENVIRONMENT_INCONSISTENCY: VI (6010.7 > 4500),323.8281814440243,6010.650966258384,0.0,Post-Monsoon,2616935818,HP-STG-v1.0.0,Phase 8B v1.0.0
SYNTH_8B_batch_0005_00934,SYNTH-SYNTH_8B_batch_0005_00934-D023,EXTREME_TAIL_PHYSICAL_ENVIRONMENT_INCONSISTENCY: VI (7458.6 > 4500),318.9403434557711,7458.556487994019,0.0,Post-Monsoon,2616935818,HP-STG-v1.0.0,Phase 8B v1.0.0
SYNTH_8B_batch_0005_00938,SYNTH-SYNTH_8B_batch_0005_00938-D003,EXTREME_TAIL_PHYSICAL_ENVIRONMENT_INCONSISTENCY: VI (8146.4 > 4500),296.611507514099,8146.366962159418,0.0,Post-Monsoon,768891361,HP-STG-v1.0.0,Phase 8B v1.0.0
SYNTH_8B_batch_0005_00938,SYNTH-SYNTH_8B_batch_0005_00938-D013,EXTREME_TAIL_PHYSICAL_ENVIRONMENT_INCONSISTENCY: VI (7355.5 > 4500),304.2203961247941,7355.505712381679,0.0,Post-Monsoon,768891361,HP-STG-v1.0.0,Phase 8B v1.0.0
SYNTH_8B_batch_0005_00942,SYNTH-SYNTH_8B_batch_0005_00942-D005,EXTREME_TAIL_PHYSICAL_ENVIRONMENT_INCONSISTENCY: VI (7849.8 > 4500),355.51929229376265,7849.84083031173,0.0,Post-Monsoon,2078630706,HP-STG-v1.0.0,Phase 8B v1.0.0
SYNTH_8B_batch_0005_00942,SYNTH-SYNTH_8B_batch_0005_00942-D008,EXTREME_TAIL_PHYSICAL_ENVIRONMENT_INCONSISTENCY: VI (9633.9 > 4500),368.60882800828654,9633.924737969854,0.0,Post-Monsoon,2078630706,HP-STG-v1.0.0,Phase 8B v1.0.0
SYNTH_8B_batch_0005_00942,SYNTH-SYNTH_8B_batch_0005_00942-D009,EXTREME_TAIL_PHYSICAL_ENVIRONMENT_INCONSISTENCY: VI (5857.7 > 4500),297.7198404853957,5857.694035111157,0.0,Post-Monsoon,2078630706,HP-STG-v1.0.0,Phase 8B v1.0.0
SYNTH_8B_batch_0005_00946,SYNTH-SYNTH_8B_batch_0005_00946-D006,EXTREME_TAIL_PHYSICAL_ENVIRONMENT_INCONSISTENCY: VI (5477.9 > 4500),262.19838606709266,5477.923659283638,0.0,Post-Monsoon,3510902337,HP-STG-v1.0.0,Phase 8B v1.0.0
SYNTH_8B_batch_0005_00946,SYNTH-SYNTH_8B_batch_0005_00946-D024,EXTREME_TAIL_PHYSICAL_ENVIRONMENT_INCONSISTENCY: VI (4521.5 > 4500),325.9628796329209,4521.522853512415,0.0,Post-Monsoon,3510902337,HP-STG-v1.0.0,Phase 8B v1.0.0
SYNTH_8B_batch_0005_00950,SYNTH-SYNTH_8B_batch_0005_00950-D021,EXTREME_TAIL_PHYSICAL_ENVIRONMENT_INCONSISTENCY: VI (7255.1 > 4500),288.05648923516895,7255.146277667787,0.0,Post-Monsoon,1919138856,HP-STG-v1.0.0,Phase 8B v1.0.0
SYNTH_8B_batch_0005_00950,SYNTH-SYNTH_8B_batch_0005_00950-D025,EXTREME_TAIL_PHYSICAL_ENVIRONMENT_INCONSISTENCY: VI (4911.6 > 4500),274.71352293048847,4911.58398781738,0.0,Post-Monsoon,1919138856,HP-STG-v1.0.0,Phase 8B v1.0.0
SYNTH_8B_batch_0005_00958,SYNTH-SYNTH_8B_batch_0005_00958-D014,EXTREME_TAIL_PHYSICAL_ENVIRONMENT_INCONSISTENCY: VI (6317.6 > 4500),254.570292672532,6317.645064214537,0.0,Post-Monsoon,3307036710,HP-STG-v1.0.0,Phase 8B v1.0.0
SYNTH_8B_batch_0005_00958,SYNTH-SYNTH_8B_batch_0005_00958-D019,EXTREME_TAIL_PHYSICAL_ENVIRONMENT_INCONSISTENCY: VI (6899.3 > 4500),330.2055162351213,6899.29617421527,0.0,Post-Monsoon,3307036710,HP-STG-v1.0.0,Phase 8B v1.0.0
SYNTH_8B_batch_0005_00958,SYNTH-SYNTH_8B_batch_0005_00958-D020,EXTREME_TAIL_PHYSICAL_ENVIRONMENT_INCONSISTENCY: VI (9625.7 > 4500),257.11306852691706,9625.748466155004,0.0,Post-Monsoon,3307036710,HP-STG-v1.0.0,Phase 8B v1.0.0
SYNTH_8B_batch_0005_00958,SYNTH-SYNTH_8B_batch_0005_00958-D027,EXTREME_TAIL_PHYSICAL_ENVIRONMENT_INCONSISTENCY: VI (7603.4 > 4500),305.582931642274,7603.385438322292,0.0,Post-Monsoon,3307036710,HP-STG-v1.0.0,Phase 8B v1.0.0
SYNTH_8B_batch_0005_00965,SYNTH-SYNTH_8B_batch_0005_00965-D006,EXTREME_TAIL_PHYSICAL_ENVIRONMENT_INCONSISTENCY: VI (7807.4 > 4500),322.06194085033025,7807.410039091514,0.0,Winter,267613618,HP-STG-v1.0.0,Phase 8B v1.0.0
SYNTH_8B_batch_0005_00966,SYNTH-SYNTH_8B_batch_0005_00966-D011,EXTREME_TAIL_PHYSICAL_ENVIRONMENT_INCONSISTENCY: VI (6880.3 > 4500),340.56941617313794,6880.285195785176,0.0,Post-Monsoon,2459573611,HP-STG-v1.0.0,Phase 8B v1.0.0
SYNTH_8B_batch_0005_00966,SYNTH-SYNTH_8B_batch_0005_00966-D013,EXTREME_TAIL_PHYSICAL_ENVIRONMENT_INCONSISTENCY: VI (7143.3 > 4500),336.4799024802654,7143.2701845255315,0.0,Post-Monsoon,2459573611,HP-STG-v1.0.0,Phase 8B v1.0.0
SYNTH_8B_batch_0005_00966,SYNTH-SYNTH_8B_batch_0005_00966-D014,EXTREME_TAIL_PHYSICAL_ENVIRONMENT_INCONSISTENCY: VI (5084.9 > 4500),259.66974661632474,5084.898965187591,0.0,Post-Monsoon,2459573611,HP-STG-v1.0.0,Phase 8B v1.0.0
SYNTH_8B_batch_0005_00970,SYNTH-SYNTH_8B_batch_0005_00970-D010,EXTREME_TAIL_PHYSICAL_ENVIRONMENT_INCONSISTENCY: VI (5483.7 > 4500),278.1476745275447,5483.655522308651,0.0,Post-Monsoon,2117105932,HP-STG-v1.0.0,Phase 8B v1.0.0
SYNTH_8B_batch_0005_00974,SYNTH-SYNTH_8B_batch_0005_00974-D004,EXTREME_TAIL_PHYSICAL_ENVIRONMENT_INCONSISTENCY: VI (6511.5 > 4500),414.4978574084196,6511.450159408271,0.0,Post-Monsoon,1506039012,HP-STG-v1.0.0,Phase 8B v1.0.0
SYNTH_8B_batch_0005_00974,SYNTH-SYNTH_8B_batch_0005_00974-D005,EXTREME_TAIL_PHYSICAL_ENVIRONMENT_INCONSISTENCY: VI (5577.9 > 4500),309.8108584759125,5577.914768032324,0.0,Post-Monsoon,1506039012,HP-STG-v1.0.0,Phase 8B v1.0.0
SYNTH_8B_batch_0005_00978,SYNTH-SYNTH_8B_batch_0005_00978-D008,EXTREME_TAIL_PHYSICAL_ENVIRONMENT_INCONSISTENCY: VI (6329.7 > 4500),355.9975707049814,6329.704828931911,0.0,Post-Monsoon,1801721413,HP-STG-v1.0.0,Phase 8B v1.0.0
SYNTH_8B_batch_0005_00978,SYNTH-SYNTH_8B_batch_0005_00978-D009,EXTREME_TAIL_PHYSICAL_ENVIRONMENT_INCONSISTENCY: VI (6648.9 > 4500),291.17345892174876,6648.937587359814,0.0,Post-Monsoon,1801721413,HP-STG-v1.0.0,Phase 8B v1.0.0
SYNTH_8B_batch_0005_00978,SYNTH-SYNTH_8B_batch_0005_00978-D027,EXTREME_TAIL_PHYSICAL_ENVIRONMENT_INCONSISTENCY: VI (7628.4 > 4500),328.44911733835363,7628.395465614833,0.0,Post-Monsoon,1801721413,HP-STG-v1.0.0,Phase 8B v1.0.0
SYNTH_8B_batch_0005_00978,SYNTH-SYNTH_8B_batch_0005_00978-D028,EXTREME_TAIL_PHYSICAL_ENVIRONMENT_INCONSISTENCY: VI (5691.5 > 4500),288.3306681827382,5691.5255159780745,0.0,Post-Monsoon,1801721413,HP-STG-v1.0.0,Phase 8B v1.0.0
SYNTH_8B_batch_0005_00982,SYNTH-SYNTH_8B_batch_0005_00982-D004,EXTREME_TAIL_PHYSICAL_ENVIRONMENT_INCONSISTENCY: VI (8657.2 > 4500),317.3747770599063,8657.178655263975,0.0,Post-Monsoon,3479502178,HP-STG-v1.0.0,Phase 8B v1.0.0
SYNTH_8B_batch_0005_00986,SYNTH-SYNTH_8B_batch_0005_00986-D013,EXTREME_TAIL_PHYSICAL_ENVIRONMENT_INCONSISTENCY: VI (6290.7 > 4500),357.9177608848448,6290.703451515368,0.0,Post-Monsoon,2221727974,HP-STG-v1.0.0,Phase 8B v1.0.0
SYNTH_8B_batch_0005_00986,SYNTH-SYNTH_8B_batch_0005_00986-D014,EXTREME_TAIL_PHYSICAL_ENVIRONMENT_INCONSISTENCY: VI (5937.8 > 4500),267.42010970355966,5937.849579920073,0.0,Post-Monsoon,2221727974,HP-STG-v1.0.0,Phase 8B v1.0.0
SYNTH_8B_batch_0005_00986,SYNTH-SYNTH_8B_batch_0005_00986-D023,EXTREME_TAIL_PHYSICAL_ENVIRONMENT_INCONSISTENCY: VI (7857.7 > 4500),261.7488593293069,7857.70121608588,0.0,Post-Monsoon,2221727974,HP-STG-v1.0.0,Phase 8B v1.0.0
SYNTH_8B_batch_0005_00986,SYNTH-SYNTH_8B_batch_0005_00986-D025,EXTREME_TAIL_PHYSICAL_ENVIRONMENT_INCONSISTENCY: VI (5343.6 > 4500),267.2645306513186,5343.555374616818,0.0,Post-Monsoon,2221727974,HP-STG-v1.0.0,Phase 8B v1.0.0
SYNTH_8B_batch_0005_00989,SYNTH-SYNTH_8B_batch_0005_00989-D006,EXTREME_TAIL_PHYSICAL_ENVIRONMENT_INCONSISTENCY: VI (6532.3 > 4500),257.1779731325421,6532.303361474285,0.0,Winter,2122272376,HP-STG-v1.0.0,Phase 8B v1.0.0
SYNTH_8B_batch_0005_00989,SYNTH-SYNTH_8B_batch_0005_00989-D012,EXTREME_TAIL_PHYSICAL_ENVIRONMENT_INCONSISTENCY: VI (7448.8 > 4500),272.67775182755935,7448.837216782505,0.0,Winter,2122272376,HP-STG-v1.0.0,Phase 8B v1.0.0
SYNTH_8B_batch_0005_00990,SYNTH-SYNTH_8B_batch_0005_00990-D023,EXTREME_TAIL_PHYSICAL_ENVIRONMENT_INCONSISTENCY: VI (6975.8 > 4500),378.92905014257036,6975.771642281392,0.0,Post-Monsoon,2948860627,HP-STG-v1.0.0,Phase 8B v1.0.0
SYNTH_8B_batch_0005_00990,SYNTH-SYNTH_8B_batch_0005_00990-D024,EXTREME_TAIL_PHYSICAL_ENVIRONMENT_INCONSISTENCY: VI (6107.3 > 4500),319.1837104333787,6107.318627346941,0.0,Post-Monsoon,2948860627,HP-STG-v1.0.0,Phase 8B v1.0.0
SYNTH_8B_batch_0005_00990,SYNTH-SYNTH_8B_batch_0005_00990-D025,EXTREME_TAIL_PHYSICAL_ENVIRONMENT_INCONSISTENCY: VI (6815.7 > 4500),272.68110635124725,6815.661725769509,0.0,Post-Monsoon,2948860627,HP-STG-v1.0.0,Phase 8B v1.0.0
SYNTH_8B_batch_0005_00993,SYNTH-SYNTH_8B_batch_0005_00993-D008,EXTREME_TAIL_PHYSICAL_ENVIRONMENT_INCONSISTENCY: VI (6430.3 > 4500),266.3055992187463,6430.263973270359,0.0,Winter,1812418182,HP-STG-v1.0.0,Phase 8B v1.0.0
SYNTH_8B_batch_0005_00994,SYNTH-SYNTH_8B_batch_0005_00994-D005,EXTREME_TAIL_PHYSICAL_ENVIRONMENT_INCONSISTENCY: VI (6016.8 > 4500),283.3715856055098,6016.83816547498,0.0,Post-Monsoon,3084471950,HP-STG-v1.0.0,Phase 8B v1.0.0
SYNTH_8B_batch_0005_00994,SYNTH-SYNTH_8B_batch_0005_00994-D006,EXTREME_TAIL_PHYSICAL_ENVIRONMENT_INCONSISTENCY: VI (7154.4 > 4500),258.6290703013157,7154.3693236034605,0.0,Post-Monsoon,3084471950,HP-STG-v1.0.0,Phase 8B v1.0.0
SYNTH_8B_batch_0005_00997,SYNTH-SYNTH_8B_batch_0005_00997-D006,EXTREME_TAIL_PHYSICAL_ENVIRONMENT_INCONSISTENCY: VI (8541.5 > 4500),319.3624179900345,8541.530996000536,0.0,Winter,3143644619,HP-STG-v1.0.0,Phase 8B v1.0.0
SYNTH_8B_batch_0005_00998,SYNTH-SYNTH_8B_batch_0005_00998-D022,EXTREME_TAIL_PHYSICAL_ENVIRONMENT_INCONSISTENCY: VI (6157.8 > 4500),403.48354691013833,6157.836810445617,0.0,Post-Monsoon,3805861026,HP-STG-v1.0.0,Phase 8B v1.0.0
SYNTH_8B_batch_0005_00998,SYNTH-SYNTH_8B_batch_0005_00998-D023,EXTREME_TAIL_PHYSICAL_ENVIRONMENT_INCONSISTENCY: VI (6685.1 > 4500),277.43879387523015,6685.0813792091,0.0,Post-Monsoon,3805861026,HP-STG-v1.0.0,Phase 8B v1.0.0
SYNTH_8B_batch_0005_01006,SYNTH-SYNTH_8B_batch_0005_01006-D002,EXTREME_TAIL_PHYSICAL_ENVIRONMENT_INCONSISTENCY: VI (4644.2 > 4500),327.3862564912438,4644.230530670776,0.0,Post-Monsoon,1115737622,HP-STG-v1.0.0,Phase 8B v1.0.0
SYNTH_8B_batch_0005_01006,SYNTH-SYNTH_8B_batch_0005_01006-D003,EXTREME_TAIL_PHYSICAL_ENVIRONMENT_INCONSISTENCY: VI (5287.0 > 4500),281.34022524459033,5287.026976732826,0.0,Post-Monsoon,1115737622,HP-STG-v1.0.0,Phase 8B v1.0.0
SYNTH_8B_batch_0005_01006,SYNTH-SYNTH_8B_batch_0005_01006-D014,EXTREME_TAIL_PHYSICAL_ENVIRONMENT_INCONSISTENCY: VI (5347.2 > 4500),262.0290308638482,5347.172502725689,0.0,Post-Monsoon,1115737622,HP-STG-v1.0.0,Phase 8B v1.0.0
SYNTH_8B_batch_0005_01009,SYNTH-SYNTH_8B_batch_0005_01009-D004,EXTREME_TAIL_PHYSICAL_ENVIRONMENT_INCONSISTENCY: VI (6791.7 > 4500),280.670960931984,6791.663434453317,0.0,Winter,3503742927,HP-STG-v1.0.0,Phase 8B v1.0.0
SYNTH_8B_batch_0005_01010,SYNTH-SYNTH_8B_batch_0005_01010-D003,EXTREME_TAIL_PHYSICAL_ENVIRONMENT_INCONSISTENCY: VI (7867.4 > 4500),309.72408448641664,7867.413901810475,0.0,Post-Monsoon,3368705903,HP-STG-v1.0.0,Phase 8B v1.0.0
SYNTH_8B_batch_0005_01010,SYNTH-SYNTH_8B_batch_0005_01010-D004,EXTREME_TAIL_PHYSICAL_ENVIRONMENT_INCONSISTENCY: VI (6011.9 > 4500),264.9547659285195,6011.912745468044,0.0,Post-Monsoon,3368705903,HP-STG-v1.0.0,Phase 8B v1.0.0
SYNTH_8B_batch_0005_01010,SYNTH-SYNTH_8B_batch_0005_01010-D008,EXTREME_TAIL_PHYSICAL_ENVIRONMENT_INCONSISTENCY: VI (5796.9 > 4500),310.59348237284263,5796.923555931816,0.0,Post-Monsoon,3368705903,HP-STG-v1.0.0,Phase 8B v1.0.0
SYNTH_8B_batch_0005_01010,SYNTH-SYNTH_8B_batch_0005_01010-D016,EXTREME_TAIL_PHYSICAL_ENVIRONMENT_INCONSISTENCY: VI (8665.6 > 4500),340.08070409921237,8665.648097567779,0.0,Post-Monsoon,3368705903,HP-STG-v1.0.0,Phase 8B v1.0.0
SYNTH_8B_batch_0005_01010,SYNTH-SYNTH_8B_batch_0005_01010-D019,EXTREME_TAIL_PHYSICAL_ENVIRONMENT_INCONSISTENCY: VI (7130.8 > 4500),305.97445666481894,7130.7734462901835,0.0,Post-Monsoon,3368705903,HP-STG-v1.0.0,Phase 8B v1.0.0
SYNTH_8B_batch_0005_01010,SYNTH-SYNTH_8B_batch_0005_01010-D021,EXTREME_TAIL_PHYSICAL_ENVIRONMENT_INCONSISTENCY: VI (6704.2 > 4500),269.9908544576922,6704.224672012622,0.0,Post-Monsoon,3368705903,HP-STG-v1.0.0,Phase 8B v1.0.0
SYNTH_8B_batch_0005_01014,SYNTH-SYNTH_8B_batch_0005_01014-D013,EXTREME_TAIL_PHYSICAL_ENVIRONMENT_INCONSISTENCY: VI (6641.5 > 4500),329.54832239144963,6641.471813095169,0.0,Post-Monsoon,1128932967,HP-STG-v1.0.0,Phase 8B v1.0.0
SYNTH_8B_batch_0005_01014,SYNTH-SYNTH_8B_batch_0005_01014-D014,EXTREME_TAIL_PHYSICAL_ENVIRONMENT_INCONSISTENCY: VI (5638.4 > 4500),267.34734280052294,5638.387772840267,0.0,Post-Monsoon,1128932967,HP-STG-v1.0.0,Phase 8B v1.0.0
SYNTH_8B_batch_0005_01018,SYNTH-SYNTH_8B_batch_0005_01018-D028,EXTREME_TAIL_PHYSICAL_ENVIRONMENT_INCONSISTENCY: VI (7045.9 > 4500),382.9143627964529,7045.897905769607,0.0,Post-Monsoon,1974268528,HP-STG-v1.0.0,Phase 8B v1.0.0
SYNTH_8B_batch_0005_01018,SYNTH-SYNTH_8B_batch_0005_01018-D029,EXTREME_TAIL_PHYSICAL_ENVIRONMENT_INCONSISTENCY: VI (6055.9 > 4500),293.2670827178125,6055.8564590436235,0.0,Post-Monsoon,1974268528,HP-STG-v1.0.0,Phase 8B v1.0.0
SYNTH_8B_batch_0005_01022,SYNTH-SYNTH_8B_batch_0005_01022-D003,EXTREME_TAIL_PHYSICAL_ENVIRONMENT_INCONSISTENCY: VI (6090.7 > 4500),250.07595860643653,6090.746311676295,0.0,Post-Monsoon,2940252841,HP-STG-v1.0.0,Phase 8B v1.0.0
SYNTH_8B_batch_0005_01022,SYNTH-SYNTH_8B_batch_0005_01022-D009,EXTREME_TAIL_PHYSICAL_ENVIRONMENT_INCONSISTENCY: VI (8376.8 > 4500),250.91232553213214,8376.819089558529,0.0,Post-Monsoon,2940252841,HP-STG-v1.0.0,Phase 8B v1.0.0
SYNTH_8B_batch_0005_01026,SYNTH-SYNTH_8B_batch_0005_01026-D024,EXTREME_TAIL_PHYSICAL_ENVIRONMENT_INCONSISTENCY: VI (5159.1 > 4500),266.6287428759365,5159.126389626821,0.0,Post-Monsoon,1609287083,HP-STG-v1.0.0,Phase 8B v1.0.0
SYNTH_8B_batch_0005_01030,SYNTH-SYNTH_8B_batch_0005_01030-D012,EXTREME_TAIL_PHYSICAL_ENVIRONMENT_INCONSISTENCY: VI (7386.6 > 4500),357.06697573341756,7386.59339210962,0.0,Post-Monsoon,932956967,HP-STG-v1.0.0,Phase 8B v1.0.0
SYNTH_8B_batch_0005_01030,SYNTH-SYNTH_8B_batch_0005_01030-D013,EXTREME_TAIL_PHYSICAL_ENVIRONMENT_INCONSISTENCY: VI (5614.2 > 4500),260.7964196470344,5614.209926607229,0.0,Post-Monsoon,932956967,HP-STG-v1.0.0,Phase 8B v1.0.0
SYNTH_8B_batch_0005_01030,SYNTH-SYNTH_8B_batch_0005_01030-D021,EXTREME_TAIL_PHYSICAL_ENVIRONMENT_INCONSISTENCY: VI (5805.6 > 4500),311.48983478435963,5805.593604931009,0.0,Post-Monsoon,932956967,HP-STG-v1.0.0,Phase 8B v1.0.0
SYNTH_8B_batch_0005_01034,SYNTH-SYNTH_8B_batch_0005_01034-D021,EXTREME_TAIL_PHYSICAL_ENVIRONMENT_INCONSISTENCY: VI (6640.4 > 4500),339.2454994896229,6640.378011003444,0.0,Post-Monsoon,1878283501,HP-STG-v1.0.0,Phase 8B v1.0.0
SYNTH_8B_batch_0005_01034,SYNTH-SYNTH_8B_batch_0005_01034-D022,EXTREME_TAIL_PHYSICAL_ENVIRONMENT_INCONSISTENCY: VI (6556.2 > 4500),291.0788551652857,6556.220245296143,0.0,Post-Monsoon,1878283501,HP-STG-v1.0.0,Phase 8B v1.0.0
SYNTH_8B_batch_0005_01042,SYNTH-SYNTH_8B_batch_0005_01042-D030,EXTREME_TAIL_PHYSICAL_ENVIRONMENT_INCONSISTENCY: VI (7376.6 > 4500),369.2115773341243,7376.552925773928,0.0,Post-Monsoon,2490498870,HP-STG-v1.0.0,Phase 8B v1.0.0
SYNTH_8B_batch_0005_01046,SYNTH-SYNTH_8B_batch_0005_01046-D011,EXTREME_TAIL_PHYSICAL_ENVIRONMENT_INCONSISTENCY: VI (4759.8 > 4500),305.30220158950095,4759.78096399122,0.0,Post-Monsoon,170873875,HP-STG-v1.0.0,Phase 8B v1.0.0
SYNTH_8B_batch_0005_01046,SYNTH-SYNTH_8B_batch_0005_01046-D012,EXTREME_TAIL_PHYSICAL_ENVIRONMENT_INCONSISTENCY: VI (6124.6 > 4500),263.0890377077439,6124.600383937155,0.0,Post-Monsoon,170873875,HP-STG-v1.0.0,Phase 8B v1.0.0
SYNTH_8B_batch_0005_01050,SYNTH-SYNTH_8B_batch_0005_01050-D003,EXTREME_TAIL_PHYSICAL_ENVIRONMENT_INCONSISTENCY: VI (7756.4 > 4500),323.68462711301873,7756.394226535214,0.0,Post-Monsoon,3311072239,HP-STG-v1.0.0,Phase 8B v1.0.0
SYNTH_8B_batch_0005_01050,SYNTH-SYNTH_8B_batch_0005_01050-D006,EXTREME_TAIL_PHYSICAL_ENVIRONMENT_INCONSISTENCY: VI (6685.2 > 4500),256.74900804653623,6685.237293688494,0.0,Post-Monsoon,3311072239,HP-STG-v1.0.0,Phase 8B v1.0.0
SYNTH_8B_batch_0005_01050,SYNTH-SYNTH_8B_batch_0005_01050-D029,EXTREME_TAIL_PHYSICAL_ENVIRONMENT_INCONSISTENCY: VI (4985.4 > 4500),298.9397275194132,4985.384460488079,0.0,Post-Monsoon,3311072239,HP-STG-v1.0.0,Phase 8B v1.0.0
SYNTH_8B_batch_0005_01057,SYNTH-SYNTH_8B_batch_0005_01057-D006,EXTREME_TAIL_PHYSICAL_ENVIRONMENT_INCONSISTENCY: VI (6100.0 > 4500),298.01100535487546,6099.981280904511,0.0,Winter,4131340974,HP-STG-v1.0.0,Phase 8B v1.0.0
SYNTH_8B_batch_0005_01058,SYNTH-SYNTH_8B_batch_0005_01058-D009,EXTREME_TAIL_PHYSICAL_ENVIRONMENT_INCONSISTENCY: VI (5289.0 > 4500),294.8410165821866,5288.995005142159,0.0,Post-Monsoon,1191263311,HP-STG-v1.0.0,Phase 8B v1.0.0
SYNTH_8B_batch_0005_01061,SYNTH-SYNTH_8B_batch_0005_01061-D004,EXTREME_TAIL_PHYSICAL_ENVIRONMENT_INCONSISTENCY: VI (7887.5 > 4500),328.50390140429545,7887.523970159367,0.0,Winter,3090914186,HP-STG-v1.0.0,Phase 8B v1.0.0
SYNTH_8B_batch_0005_01062,SYNTH-SYNTH_8B_batch_0005_01062-D003,EXTREME_TAIL_PHYSICAL_ENVIRONMENT_INCONSISTENCY: VI (6210.8 > 4500),363.11286446644505,6210.841486817224,0.0,Post-Monsoon,2151265958,HP-STG-v1.0.0,Phase 8B v1.0.0
SYNTH_8B_batch_0005_01062,SYNTH-SYNTH_8B_batch_0005_01062-D004,EXTREME_TAIL_PHYSICAL_ENVIRONMENT_INCONSISTENCY: VI (7050.0 > 4500),285.3927455777705,7049.950140604286,0.0,Post-Monsoon,2151265958,HP-STG-v1.0.0,Phase 8B v1.0.0
SYNTH_8B_batch_0005_01062,SYNTH-SYNTH_8B_batch_0005_01062-D005,EXTREME_TAIL_PHYSICAL_ENVIRONMENT_INCONSISTENCY: VI (5732.2 > 4500),254.0308533158213,5732.202963202466,0.0,Post-Monsoon,2151265958,HP-STG-v1.0.0,Phase 8B v1.0.0
SYNTH_8B_batch_0005_01062,SYNTH-SYNTH_8B_batch_0005_01062-D026,EXTREME_TAIL_PHYSICAL_ENVIRONMENT_INCONSISTENCY: VI (5348.6 > 4500),267.7054683677272,5348.625218074376,0.0,Post-Monsoon,2151265958,HP-STG-v1.0.0,Phase 8B v1.0.0
SYNTH_8B_batch_0005_01070,SYNTH-SYNTH_8B_batch_0005_01070-D025,EXTREME_TAIL_PHYSICAL_ENVIRONMENT_INCONSISTENCY: VI (6786.2 > 4500),259.8544541108639,6786.180775270884,0.0,Post-Monsoon,2075571987,HP-STG-v1.0.0,Phase 8B v1.0.0
SYNTH_8B_batch_0005_01074,SYNTH-SYNTH_8B_batch_0005_01074-D011,EXTREME_TAIL_PHYSICAL_ENVIRONMENT_INCONSISTENCY: VI (7006.7 > 4500),320.35499305763295,7006.671070411546,0.0,Post-Monsoon,2929073263,HP-STG-v1.0.0,Phase 8B v1.0.0
SYNTH_8B_batch_0005_01074,SYNTH-SYNTH_8B_batch_0005_01074-D015,EXTREME_TAIL_PHYSICAL_ENVIRONMENT_INCONSISTENCY: VI (5584.8 > 4500),285.48505022462587,5584.765109861578,0.0,Post-Monsoon,2929073263,HP-STG-v1.0.0,Phase 8B v1.0.0
SYNTH_8B_batch_0005_01074,SYNTH-SYNTH_8B_batch_0005_01074-D016,EXTREME_TAIL_PHYSICAL_ENVIRONMENT_INCONSISTENCY: VI (5994.0 > 4500),266.2488567629709,5993.994928059288,0.0,Post-Monsoon,2929073263,HP-STG-v1.0.0,Phase 8B v1.0.0
SYNTH_8B_batch_0005_01078,SYNTH-SYNTH_8B_batch_0005_01078-D007,EXTREME_TAIL_PHYSICAL_ENVIRONMENT_INCONSISTENCY: VI (6852.6 > 4500),390.27552930485865,6852.621966700326,0.0,Post-Monsoon,1030418600,HP-STG-v1.0.0,Phase 8B v1.0.0
SYNTH_8B_batch_0005_01078,SYNTH-SYNTH_8B_batch_0005_01078-D008,EXTREME_TAIL_PHYSICAL_ENVIRONMENT_INCONSISTENCY: VI (5831.9 > 4500),310.96178355233104,5831.869704330798,0.0,Post-Monsoon,1030418600,HP-STG-v1.0.0,Phase 8B v1.0.0
SYNTH_8B_batch_0005_01082,SYNTH-SYNTH_8B_batch_0005_01082-D025,EXTREME_TAIL_PHYSICAL_ENVIRONMENT_INCONSISTENCY: VI (8550.8 > 4500),303.03740184022706,8550.769399365465,0.0,Post-Monsoon,2990703495,HP-STG-v1.0.0,Phase 8B v1.0.0
SYNTH_8B_batch_0005_01086,SYNTH-SYNTH_8B_batch_0005_01086-D010,EXTREME_TAIL_PHYSICAL_ENVIRONMENT_INCONSISTENCY: VI (7576.3 > 4500),323.22037616863656,7576.327369663659,0.0,Post-Monsoon,529080893,HP-STG-v1.0.0,Phase 8B v1.0.0
SYNTH_8B_batch_0005_01086,SYNTH-SYNTH_8B_batch_0005_01086-D012,EXTREME_TAIL_PHYSICAL_ENVIRONMENT_INCONSISTENCY: VI (8149.3 > 4500),281.62823324056995,8149.280304874756,0.0,Post-Monsoon,529080893,HP-STG-v1.0.0,Phase 8B v1.0.0
SYNTH_8B_batch_0005_01094,SYNTH-SYNTH_8B_batch_0005_01094-D015,EXTREME_TAIL_PHYSICAL_ENVIRONMENT_INCONSISTENCY: VI (7312.3 > 4500),366.9804974180963,7312.265817951426,0.0,Post-Monsoon,3051273253,HP-STG-v1.0.0,Phase 8B v1.0.0
SYNTH_8B_batch_0005_01094,SYNTH-SYNTH_8B_batch_0005_01094-D016,EXTREME_TAIL_PHYSICAL_ENVIRONMENT_INCONSISTENCY: VI (6069.0 > 4500),284.5180455791885,6069.010781601673,0.0,Post-Monsoon,3051273253,HP-STG-v1.0.0,Phase 8B v1.0.0
SYNTH_8B_batch_0005_01097,SYNTH-SYNTH_8B_batch_0005_01097-D006,EXTREME_TAIL_PHYSICAL_ENVIRONMENT_INCONSISTENCY: VI (5701.3 > 4500),302.5575608167067,5701.324772589276,0.0,Winter,2886626900,HP-STG-v1.0.0,Phase 8B v1.0.0
SYNTH_8B_batch_0005_01098,SYNTH-SYNTH_8B_batch_0005_01098-D028,EXTREME_TAIL_PHYSICAL_ENVIRONMENT_INCONSISTENCY: VI (5905.1 > 4500),305.29959009646296,5905.112690429783,0.0,Post-Monsoon,28695395,HP-STG-v1.0.0,Phase 8B v1.0.0
SYNTH_8B_batch_0005_01101,SYNTH-SYNTH_8B_batch_0005_01101-D014,EXTREME_TAIL_PHYSICAL_ENVIRONMENT_INCONSISTENCY: VI (10113.9 > 4500),271.83412117337593,10113.925118047999,0.0,Winter,2475978323,HP-STG-v1.0.0,Phase 8B v1.0.0
SYNTH_8B_batch_0005_01102,SYNTH-SYNTH_8B_batch_0005_01102-D002,EXTREME_TAIL_PHYSICAL_ENVIRONMENT_INCONSISTENCY: VI (6226.4 > 4500),317.4965734421957,6226.384686917631,0.0,Post-Monsoon,2969728505,HP-STG-v1.0.0,Phase 8B v1.0.0
SYNTH_8B_batch_0005_01102,SYNTH-SYNTH_8B_batch_0005_01102-D003,EXTREME_TAIL_PHYSICAL_ENVIRONMENT_INCONSISTENCY: VI (5336.0 > 4500),261.7748750222347,5335.999019278698,0.0,Post-Monsoon,2969728505,HP-STG-v1.0.0,Phase 8B v1.0.0
SYNTH_8B_batch_0005_01102,SYNTH-SYNTH_8B_batch_0005_01102-D014,EXTREME_TAIL_PHYSICAL_ENVIRONMENT_INCONSISTENCY: VI (4591.2 > 4500),346.2109425954842,4591.237133345351,0.0,Post-Monsoon,2969728505,HP-STG-v1.0.0,Phase 8B v1.0.0
SYNTH_8B_batch_0005_01102,SYNTH-SYNTH_8B_batch_0005_01102-D015,EXTREME_TAIL_PHYSICAL_ENVIRONMENT_INCONSISTENCY: VI (5892.3 > 4500),272.4199631610216,5892.28770099458,0.0,Post-Monsoon,2969728505,HP-STG-v1.0.0,Phase 8B v1.0.0
SYNTH_8B_batch_0005_01102,SYNTH-SYNTH_8B_batch_0005_01102-D024,EXTREME_TAIL_PHYSICAL_ENVIRONMENT_INCONSISTENCY: VI (6866.1 > 4500),304.17352498749835,6866.1488543699625,0.0,Post-Monsoon,2969728505,HP-STG-v1.0.0,Phase 8B v1.0.0
SYNTH_8B_batch_0005_01102,SYNTH-SYNTH_8B_batch_0005_01102-D030,EXTREME_TAIL_PHYSICAL_ENVIRONMENT_INCONSISTENCY: VI (5744.3 > 4500),404.70945643864036,5744.279140800719,0.0,Post-Monsoon,2969728505,HP-STG-v1.0.0,Phase 8B v1.0.0
SYNTH_8B_batch_0005_01106,SYNTH-SYNTH_8B_batch_0005_01106-D003,EXTREME_TAIL_PHYSICAL_ENVIRONMENT_INCONSISTENCY: VI (5670.8 > 4500),295.51967453139025,5670.802031244571,0.0,Post-Monsoon,1976298792,HP-STG-v1.0.0,Phase 8B v1.0.0
SYNTH_8B_batch_0005_01106,SYNTH-SYNTH_8B_batch_0005_01106-D005,EXTREME_TAIL_PHYSICAL_ENVIRONMENT_INCONSISTENCY: VI (6788.9 > 4500),254.05524392680297,6788.887573311215,0.0,Post-Monsoon,1976298792,HP-STG-v1.0.0,Phase 8B v1.0.0
SYNTH_8B_batch_0005_01106,SYNTH-SYNTH_8B_batch_0005_01106-D014,EXTREME_TAIL_PHYSICAL_ENVIRONMENT_INCONSISTENCY: VI (6057.4 > 4500),334.36123381785893,6057.411109638403,0.0,Post-Monsoon,1976298792,HP-STG-v1.0.0,Phase 8B v1.0.0
SYNTH_8B_batch_0005_01106,SYNTH-SYNTH_8B_batch_0005_01106-D019,EXTREME_TAIL_PHYSICAL_ENVIRONMENT_INCONSISTENCY: VI (7628.7 > 4500),362.96001634913756,7628.733142965096,0.0,Post-Monsoon,1976298792,HP-STG-v1.0.0,Phase 8B v1.0.0
SYNTH_8B_batch_0005_01106,SYNTH-SYNTH_8B_batch_0005_01106-D020,EXTREME_TAIL_PHYSICAL_ENVIRONMENT_INCONSISTENCY: VI (7119.2 > 4500),251.5657054918529,7119.216918684967,0.0,Post-Monsoon,1976298792,HP-STG-v1.0.0,Phase 8B v1.0.0
SYNTH_8B_batch_0005_01109,SYNTH-SYNTH_8B_batch_0005_01109-D010,EXTREME_TAIL_PHYSICAL_ENVIRONMENT_INCONSISTENCY: VI (7265.1 > 4500),250.65494400043215,7265.064987009283,0.0,Winter,2101649028,HP-STG-v1.0.0,Phase 8B v1.0.0
SYNTH_8B_batch_0005_01110,SYNTH-SYNTH_8B_batch_0005_01110-D016,EXTREME_TAIL_PHYSICAL_ENVIRONMENT_INCONSISTENCY: VI (6317.3 > 4500),313.7734455655196,6317.311490669747,0.0,Post-Monsoon,1137143703,HP-STG-v1.0.0,Phase 8B v1.0.0
SYNTH_8B_batch_0005_01113,SYNTH-SYNTH_8B_batch_0005_01113-D002,EXTREME_TAIL_PHYSICAL_ENVIRONMENT_INCONSISTENCY: VI (9705.1 > 4500),278.9724091532838,9705.120290655683,0.0,Winter,1800265904,HP-STG-v1.0.0,Phase 8B v1.0.0
SYNTH_8B_batch_0005_01114,SYNTH-SYNTH_8B_batch_0005_01114-D030,EXTREME_TAIL_PHYSICAL_ENVIRONMENT_INCONSISTENCY: VI (7216.4 > 4500),383.21940734169,7216.400951865215,0.0,Post-Monsoon,882034918,HP-STG-v1.0.0,Phase 8B v1.0.0
SYNTH_8B_batch_0005_01121,SYNTH-SYNTH_8B_batch_0005_01121-D004,EXTREME_TAIL_PHYSICAL_ENVIRONMENT_INCONSISTENCY: VI (6408.9 > 4500),269.4550443993525,6408.857475792364,0.0,Winter,1610342246,HP-STG-v1.0.0,Phase 8B v1.0.0
SYNTH_8B_batch_0005_01122,SYNTH-SYNTH_8B_batch_0005_01122-D007,EXTREME_TAIL_PHYSICAL_ENVIRONMENT_INCONSISTENCY: VI (5270.1 > 4500),252.98401590678785,5270.095956681659,0.0,Post-Monsoon,388841570,HP-STG-v1.0.0,Phase 8B v1.0.0
SYNTH_8B_batch_0005_01122,SYNTH-SYNTH_8B_batch_0005_01122-D029,EXTREME_TAIL_PHYSICAL_ENVIRONMENT_INCONSISTENCY: VI (5978.0 > 4500),366.89743813263505,5977.985525528697,0.0,Post-Monsoon,388841570,HP-STG-v1.0.0,Phase 8B v1.0.0
SYNTH_8B_batch_0005_01122,SYNTH-SYNTH_8B_batch_0005_01122-D030,EXTREME_TAIL_PHYSICAL_ENVIRONMENT_INCONSISTENCY: VI (5054.6 > 4500),277.17493717687586,5054.624596773456,0.0,Post-Monsoon,388841570,HP-STG-v1.0.0,Phase 8B v1.0.0
SYNTH_8B_batch_0005_01129,SYNTH-SYNTH_8B_batch_0005_01129-D007,EXTREME_TAIL_PHYSICAL_ENVIRONMENT_INCONSISTENCY: VI (8642.1 > 4500),268.6853539934156,8642.068366455438,0.0,Winter,4106206505,HP-STG-v1.0.0,Phase 8B v1.0.0
SYNTH_8B_batch_0005_01130,SYNTH-SYNTH_8B_batch_0005_01130-D008,EXTREME_TAIL_PHYSICAL_ENVIRONMENT_INCONSISTENCY: VI (7201.4 > 4500),328.7545140335338,7201.440035398264,0.0,Post-Monsoon,1771418214,HP-STG-v1.0.0,Phase 8B v1.0.0
SYNTH_8B_batch_0005_01130,SYNTH-SYNTH_8B_batch_0005_01130-D027,EXTREME_TAIL_PHYSICAL_ENVIRONMENT_INCONSISTENCY: VI (7727.2 > 4500),258.9038535909865,7727.235512828381,0.0,Post-Monsoon,1771418214,HP-STG-v1.0.0,Phase 8B v1.0.0
SYNTH_8B_batch_0005_01138,SYNTH-SYNTH_8B_batch_0005_01138-D020,EXTREME_TAIL_PHYSICAL_ENVIRONMENT_INCONSISTENCY: VI (6884.1 > 4500),265.8700533872492,6884.0787521807515,0.0,Post-Monsoon,1462113600,HP-STG-v1.0.0,Phase 8B v1.0.0
SYNTH_8B_batch_0005_01138,SYNTH-SYNTH_8B_batch_0005_01138-D025,EXTREME_TAIL_PHYSICAL_ENVIRONMENT_INCONSISTENCY: VI (8813.8 > 4500),306.7820303818751,8813.757961156563,0.0,Post-Monsoon,1462113600,HP-STG-v1.0.0,Phase 8B v1.0.0
SYNTH_8B_batch_0005_01138,SYNTH-SYNTH_8B_batch_0005_01138-D030,EXTREME_TAIL_PHYSICAL_ENVIRONMENT_INCONSISTENCY: VI (6063.2 > 4500),267.98420860498265,6063.186446574758,0.0,Post-Monsoon,1462113600,HP-STG-v1.0.0,Phase 8B v1.0.0
SYNTH_8B_batch_0005_01142,SYNTH-SYNTH_8B_batch_0005_01142-D006,EXTREME_TAIL_PHYSICAL_ENVIRONMENT_INCONSISTENCY: VI (4625.1 > 4500),383.3002055275339,4625.062594519384,0.0,Post-Monsoon,1578900987,HP-STG-v1.0.0,Phase 8B v1.0.0
SYNTH_8B_batch_0005_01142,SYNTH-SYNTH_8B_batch_0005_01142-D007,EXTREME_TAIL_PHYSICAL_ENVIRONMENT_INCONSISTENCY: VI (5004.0 > 4500),305.82328899930843,5004.000268895201,0.0,Post-Monsoon,1578900987,HP-STG-v1.0.0,Phase 8B v1.0.0
SYNTH_8B_batch_0005_01142,SYNTH-SYNTH_8B_batch_0005_01142-D020,EXTREME_TAIL_PHYSICAL_ENVIRONMENT_INCONSISTENCY: VI (7475.0 > 4500),309.3626739816322,7475.012311552306,0.0,Post-Monsoon,1578900987,HP-STG-v1.0.0,Phase 8B v1.0.0
SYNTH_8B_batch_0005_01142,SYNTH-SYNTH_8B_batch_0005_01142-D022,EXTREME_TAIL_PHYSICAL_ENVIRONMENT_INCONSISTENCY: VI (6568.3 > 4500),298.16795067476187,6568.283618206537,0.0,Post-Monsoon,1578900987,HP-STG-v1.0.0,Phase 8B v1.0.0
SYNTH_8B_batch_0005_01146,SYNTH-SYNTH_8B_batch_0005_01146-D016,EXTREME_TAIL_PHYSICAL_ENVIRONMENT_INCONSISTENCY: VI (6395.0 > 4500),358.39780834476505,6394.968932671851,0.0,Post-Monsoon,2174644415,HP-STG-v1.0.0,Phase 8B v1.0.0
SYNTH_8B_batch_0005_01146,SYNTH-SYNTH_8B_batch_0005_01146-D022,EXTREME_TAIL_PHYSICAL_ENVIRONMENT_INCONSISTENCY: VI (6764.7 > 4500),286.16186103889805,6764.712904436587,0.0,Post-Monsoon,2174644415,HP-STG-v1.0.0,Phase 8B v1.0.0
SYNTH_8B_batch_0005_01150,SYNTH-SYNTH_8B_batch_0005_01150-D004,EXTREME_TAIL_PHYSICAL_ENVIRONMENT_INCONSISTENCY: VI (5124.7 > 4500),309.45195917526536,5124.742244355839,0.0,Post-Monsoon,3695693771,HP-STG-v1.0.0,Phase 8B v1.0.0
SYNTH_8B_batch_0005_01150,SYNTH-SYNTH_8B_batch_0005_01150-D005,EXTREME_TAIL_PHYSICAL_ENVIRONMENT_INCONSISTENCY: VI (5035.5 > 4500),260.7804250916006,5035.513197499525,0.0,Post-Monsoon,3695693771,HP-STG-v1.0.0,Phase 8B v1.0.0
SYNTH_8B_batch_0005_01154,SYNTH-SYNTH_8B_batch_0005_01154-D022,EXTREME_TAIL_PHYSICAL_ENVIRONMENT_INCONSISTENCY: VI (8284.8 > 4500),356.1885952853876,8284.768168939438,0.0,Post-Monsoon,1170620510,HP-STG-v1.0.0,Phase 8B v1.0.0
SYNTH_8B_batch_0005_01162,SYNTH-SYNTH_8B_batch_0005_01162-D007,EXTREME_TAIL_PHYSICAL_ENVIRONMENT_INCONSISTENCY: VI (7640.8 > 4500),262.1980765632489,7640.827025680577,0.0,Post-Monsoon,2488640865,HP-STG-v1.0.0,Phase 8B v1.0.0
SYNTH_8B_batch_0005_01162,SYNTH-SYNTH_8B_batch_0005_01162-D019,EXTREME_TAIL_PHYSICAL_ENVIRONMENT_INCONSISTENCY: VI (6258.2 > 4500),259.71647028622345,6258.172243932303,0.0,Post-Monsoon,2488640865,HP-STG-v1.0.0,Phase 8B v1.0.0
SYNTH_8B_batch_0005_01165,SYNTH-SYNTH_8B_batch_0005_01165-D003,EXTREME_TAIL_PHYSICAL_ENVIRONMENT_INCONSISTENCY: VI (7497.2 > 4500),334.62440327734845,7497.1778745031515,0.0,Winter,3949917995,HP-STG-v1.0.0,Phase 8B v1.0.0
SYNTH_8B_batch_0005_01165,SYNTH-SYNTH_8B_batch_0005_01165-D004,EXTREME_TAIL_PHYSICAL_ENVIRONMENT_INCONSISTENCY: VI (10388.1 > 4500),263.06893660847726,10388.13049554378,0.0,Winter,3949917995,HP-STG-v1.0.0,Phase 8B v1.0.0
SYNTH_8B_batch_0005_01166,SYNTH-SYNTH_8B_batch_0005_01166-D023,EXTREME_TAIL_PHYSICAL_ENVIRONMENT_INCONSISTENCY: VI (7856.0 > 4500),361.7515432179167,7855.994313617179,0.0,Post-Monsoon,1831242370,HP-STG-v1.0.0,Phase 8B v1.0.0
SYNTH_8B_batch_0005_01166,SYNTH-SYNTH_8B_batch_0005_01166-D024,EXTREME_TAIL_PHYSICAL_ENVIRONMENT_INCONSISTENCY: VI (7137.6 > 4500),306.9321898843964,7137.560610799946,0.0,Post-Monsoon,1831242370,HP-STG-v1.0.0,Phase 8B v1.0.0
SYNTH_8B_batch_0005_01169,SYNTH-SYNTH_8B_batch_0005_01169-D005,EXTREME_TAIL_PHYSICAL_ENVIRONMENT_INCONSISTENCY: VI (9046.7 > 4500),277.97799794711614,9046.683654621558,0.0,Winter,4183770705,HP-STG-v1.0.0,Phase 8B v1.0.0
SYNTH_8B_batch_0005_01174,SYNTH-SYNTH_8B_batch_0005_01174-D024,EXTREME_TAIL_PHYSICAL_ENVIRONMENT_INCONSISTENCY: VI (6451.0 > 4500),400.2649942475521,6451.03331268028,0.0,Post-Monsoon,3239118516,HP-STG-v1.0.0,Phase 8B v1.0.0
SYNTH_8B_batch_0005_01174,SYNTH-SYNTH_8B_batch_0005_01174-D026,EXTREME_TAIL_PHYSICAL_ENVIRONMENT_INCONSISTENCY: VI (5778.9 > 4500),370.264994908596,5778.9046218002,0.0,Post-Monsoon,3239118516,HP-STG-v1.0.0,Phase 8B v1.0.0
SYNTH_8B_batch_0005_01174,SYNTH-SYNTH_8B_batch_0005_01174-D028,EXTREME_TAIL_PHYSICAL_ENVIRONMENT_INCONSISTENCY: VI (6209.5 > 4500),341.0110118583455,6209.505246186532,0.0,Post-Monsoon,3239118516,HP-STG-v1.0.0,Phase 8B v1.0.0
SYNTH_8B_batch_0005_01178,SYNTH-SYNTH_8B_batch_0005_01178-D021,EXTREME_TAIL_PHYSICAL_ENVIRONMENT_INCONSISTENCY: VI (7135.2 > 4500),300.7932856043408,7135.1534477774285,0.0,Post-Monsoon,1481648610,HP-STG-v1.0.0,Phase 8B v1.0.0
SYNTH_8B_batch_0005_01182,SYNTH-SYNTH_8B_batch_0005_01182-D026,EXTREME_TAIL_PHYSICAL_ENVIRONMENT_INCONSISTENCY: VI (5832.3 > 4500),382.8135442050019,5832.262685057135,0.0,Post-Monsoon,979926259,HP-STG-v1.0.0,Phase 8B v1.0.0
SYNTH_8B_batch_0005_01182,SYNTH-SYNTH_8B_batch_0005_01182-D027,EXTREME_TAIL_PHYSICAL_ENVIRONMENT_INCONSISTENCY: VI (6132.1 > 4500),278.88524328186134,6132.090475944084,0.0,Post-Monsoon,979926259,HP-STG-v1.0.0,Phase 8B v1.0.0
SYNTH_8B_batch_0005_01186,SYNTH-SYNTH_8B_batch_0005_01186-D002,EXTREME_TAIL_PHYSICAL_ENVIRONMENT_INCONSISTENCY: VI (6249.4 > 4500),259.0079936715971,6249.357161637138,0.0,Post-Monsoon,1870895589,HP-STG-v1.0.0,Phase 8B v1.0.0
SYNTH_8B_batch_0005_01189,SYNTH-SYNTH_8B_batch_0005_01189-D005,EXTREME_TAIL_PHYSICAL_ENVIRONMENT_INCONSISTENCY: VI (8254.9 > 4500),326.4565780828922,8254.881726519525,0.0,Winter,3152965576,HP-STG-v1.0.0,Phase 8B v1.0.0
SYNTH_8B_batch_0005_01190,SYNTH-SYNTH_8B_batch_0005_01190-D022,EXTREME_TAIL_PHYSICAL_ENVIRONMENT_INCONSISTENCY: VI (5360.3 > 4500),316.26449717345145,5360.258714251188,0.0,Post-Monsoon,3114979208,HP-STG-v1.0.0,Phase 8B v1.0.0
SYNTH_8B_batch_0005_01190,SYNTH-SYNTH_8B_batch_0005_01190-D024,EXTREME_TAIL_PHYSICAL_ENVIRONMENT_INCONSISTENCY: VI (7364.3 > 4500),265.75426941164085,7364.2783513366385,0.0,Post-Monsoon,3114979208,HP-STG-v1.0.0,Phase 8B v1.0.0
SYNTH_8B_batch_0005_01194,SYNTH-SYNTH_8B_batch_0005_01194-D019,EXTREME_TAIL_PHYSICAL_ENVIRONMENT_INCONSISTENCY: VI (5695.0 > 4500),321.01093002853486,5694.971474979732,0.0,Post-Monsoon,1545164689,HP-STG-v1.0.0,Phase 8B v1.0.0
SYNTH_8B_batch_0005_01194,SYNTH-SYNTH_8B_batch_0005_01194-D020,EXTREME_TAIL_PHYSICAL_ENVIRONMENT_INCONSISTENCY: VI (6334.8 > 4500),293.2990982713139,6334.827526305477,0.0,Post-Monsoon,1545164689,HP-STG-v1.0.0,Phase 8B v1.0.0
SYNTH_8B_batch_0005_01198,SYNTH-SYNTH_8B_batch_0005_01198-D029,EXTREME_TAIL_PHYSICAL_ENVIRONMENT_INCONSISTENCY: VI (5384.4 > 4500),336.291092585102,5384.376321292519,0.0,Post-Monsoon,4144405936,HP-STG-v1.0.0,Phase 8B v1.0.0
SYNTH_8B_batch_0005_01198,SYNTH-SYNTH_8B_batch_0005_01198-D030,EXTREME_TAIL_PHYSICAL_ENVIRONMENT_INCONSISTENCY: VI (5939.5 > 4500),262.69453124367897,5939.46649693488,0.0,Post-Monsoon,4144405936,HP-STG-v1.0.0,Phase 8B v1.0.0
SYNTH_8B_batch_0005_01214,SYNTH-SYNTH_8B_batch_0005_01214-D003,EXTREME_TAIL_PHYSICAL_ENVIRONMENT_INCONSISTENCY: VI (6705.1 > 4500),296.0819721301972,6705.116744038896,0.0,Post-Monsoon,3727455986,HP-STG-v1.0.0,Phase 8B v1.0.0
SYNTH_8B_batch_0005_01225,SYNTH-SYNTH_8B_batch_0005_01225-D004,EXTREME_TAIL_PHYSICAL_ENVIRONMENT_INCONSISTENCY: VI (9720.9 > 4500),305.75134582103857,9720.928684311739,0.0,Winter,544264349,HP-STG-v1.0.0,Phase 8B v1.0.0
SYNTH_8B_batch_0005_01230,SYNTH-SYNTH_8B_batch_0005_01230-D002,EXTREME_TAIL_PHYSICAL_ENVIRONMENT_INCONSISTENCY: VI (8198.2 > 4500),258.9621540337181,8198.167246855508,0.0,Post-Monsoon,2641043468,HP-STG-v1.0.0,Phase 8B v1.0.0
SYNTH_8B_batch_0005_01230,SYNTH-SYNTH_8B_batch_0005_01230-D019,EXTREME_TAIL_PHYSICAL_ENVIRONMENT_INCONSISTENCY: VI (5448.5 > 4500),376.19175838531663,5448.493676240787,0.0,Post-Monsoon,2641043468,HP-STG-v1.0.0,Phase 8B v1.0.0
SYNTH_8B_batch_0005_01230,SYNTH-SYNTH_8B_batch_0005_01230-D030,EXTREME_TAIL_PHYSICAL_ENVIRONMENT_INCONSISTENCY: VI (5297.8 > 4500),399.63585501006696,5297.831086250319,0.0,Post-Monsoon,2641043468,HP-STG-v1.0.0,Phase 8B v1.0.0
SYNTH_8B_batch_0005_01233,SYNTH-SYNTH_8B_batch_0005_01233-D003,EXTREME_TAIL_PHYSICAL_ENVIRONMENT_INCONSISTENCY: VI (6419.2 > 4500),259.9047817361251,6419.154409119075,0.0,Winter,1007654473,HP-STG-v1.0.0,Phase 8B v1.0.0
SYNTH_8B_batch_0005_01234,SYNTH-SYNTH_8B_batch_0005_01234-D008,EXTREME_TAIL_PHYSICAL_ENVIRONMENT_INCONSISTENCY: VI (6807.7 > 4500),283.06420800924184,6807.659292000642,0.0,Post-Monsoon,3955779175,HP-STG-v1.0.0,Phase 8B v1.0.0
SYNTH_8B_batch_0005_01234,SYNTH-SYNTH_8B_batch_0005_01234-D023,EXTREME_TAIL_PHYSICAL_ENVIRONMENT_INCONSISTENCY: VI (5480.0 > 4500),418.7586656976099,5480.02077608273,0.0,Post-Monsoon,3955779175,HP-STG-v1.0.0,Phase 8B v1.0.0
SYNTH_8B_batch_0005_01234,SYNTH-SYNTH_8B_batch_0005_01234-D024,EXTREME_TAIL_PHYSICAL_ENVIRONMENT_INCONSISTENCY: VI (8390.6 > 4500),337.0512116305,8390.587700116163,0.0,Post-Monsoon,3955779175,HP-STG-v1.0.0,Phase 8B v1.0.0
SYNTH_8B_batch_0005_01234,SYNTH-SYNTH_8B_batch_0005_01234-D025,EXTREME_TAIL_PHYSICAL_ENVIRONMENT_INCONSISTENCY: VI (5555.8 > 4500),251.8778148313082,5555.818645137928,0.0,Post-Monsoon,3955779175,HP-STG-v1.0.0,Phase 8B v1.0.0
SYNTH_8B_batch_0005_01238,SYNTH-SYNTH_8B_batch_0005_01238-D011,EXTREME_TAIL_PHYSICAL_ENVIRONMENT_INCONSISTENCY: VI (7040.5 > 4500),305.70178750276733,7040.548664689883,0.0,Post-Monsoon,2190307123,HP-STG-v1.0.0,Phase 8B v1.0.0
SYNTH_8B_batch_0005_01238,SYNTH-SYNTH_8B_batch_0005_01238-D012,EXTREME_TAIL_PHYSICAL_ENVIRONMENT_INCONSISTENCY: VI (5224.3 > 4500),283.7870736549963,5224.321764895774,0.0,Post-Monsoon,2190307123,HP-STG-v1.0.0,Phase 8B v1.0.0
SYNTH_8B_batch_0005_01242,SYNTH-SYNTH_8B_batch_0005_01242-D018,EXTREME_TAIL_PHYSICAL_ENVIRONMENT_INCONSISTENCY: VI (6611.3 > 4500),324.0506822130041,6611.325677615138,0.0,Post-Monsoon,3300983059,HP-STG-v1.0.0,Phase 8B v1.0.0
SYNTH_8B_batch_0005_01242,SYNTH-SYNTH_8B_batch_0005_01242-D027,EXTREME_TAIL_PHYSICAL_ENVIRONMENT_INCONSISTENCY: VI (6605.1 > 4500),377.17448743350985,6605.109710471318,0.0,Post-Monsoon,3300983059,HP-STG-v1.0.0,Phase 8B v1.0.0
SYNTH_8B_batch_0005_01242,SYNTH-SYNTH_8B_batch_0005_01242-D028,EXTREME_TAIL_PHYSICAL_ENVIRONMENT_INCONSISTENCY: VI (5041.1 > 4500),307.88554165508134,5041.137030674005,0.0,Post-Monsoon,3300983059,HP-STG-v1.0.0,Phase 8B v1.0.0
SYNTH_8B_batch_0005_01246,SYNTH-SYNTH_8B_batch_0005_01246-D003,EXTREME_TAIL_PHYSICAL_ENVIRONMENT_INCONSISTENCY: VI (6614.8 > 4500),259.7992251265722,6614.791683611903,0.0,Post-Monsoon,917274060,HP-STG-v1.0.0,Phase 8B v1.0.0
SYNTH_8B_batch_0005_01246,SYNTH-SYNTH_8B_batch_0005_01246-D011,EXTREME_TAIL_PHYSICAL_ENVIRONMENT_INCONSISTENCY: VI (8711.4 > 4500),279.4369588578987,8711.423191011236,0.0,Post-Monsoon,917274060,HP-STG-v1.0.0,Phase 8B v1.0.0
SYNTH_8B_batch_0005_01246,SYNTH-SYNTH_8B_batch_0005_01246-D017,EXTREME_TAIL_PHYSICAL_ENVIRONMENT_INCONSISTENCY: VI (6697.9 > 4500),345.7762897235595,6697.936222143271,0.0,Post-Monsoon,917274060,HP-STG-v1.0.0,Phase 8B v1.0.0
SYNTH_8B_batch_0005_01246,SYNTH-SYNTH_8B_batch_0005_01246-D018,EXTREME_TAIL_PHYSICAL_ENVIRONMENT_INCONSISTENCY: VI (5653.7 > 4500),280.11861176245276,5653.704900111333,0.0,Post-Monsoon,917274060,HP-STG-v1.0.0,Phase 8B v1.0.0
SYNTH_8B_batch_0005_01250,SYNTH-SYNTH_8B_batch_0005_01250-D010,EXTREME_TAIL_PHYSICAL_ENVIRONMENT_INCONSISTENCY: VI (4954.4 > 4500),395.3289801548589,4954.433328449882,0.0,Post-Monsoon,2657136243,HP-STG-v1.0.0,Phase 8B v1.0.0
SYNTH_8B_batch_0005_01250,SYNTH-SYNTH_8B_batch_0005_01250-D011,EXTREME_TAIL_PHYSICAL_ENVIRONMENT_INCONSISTENCY: VI (7710.4 > 4500),338.9795670588917,7710.427802382349,0.0,Post-Monsoon,2657136243,HP-STG-v1.0.0,Phase 8B v1.0.0
SYNTH_8B_batch_0005_01250,SYNTH-SYNTH_8B_batch_0005_01250-D014,EXTREME_TAIL_PHYSICAL_ENVIRONMENT_INCONSISTENCY: VI (5795.6 > 4500),303.92599657910955,5795.555078124978,0.0,Post-Monsoon,2657136243,HP-STG-v1.0.0,Phase 8B v1.0.0
SYNTH_8B_batch_0005_01253,SYNTH-SYNTH_8B_batch_0005_01253-D002,EXTREME_TAIL_PHYSICAL_ENVIRONMENT_INCONSISTENCY: VI (8587.6 > 4500),305.2044514382707,8587.632016208247,0.0,Winter,1948338332,HP-STG-v1.0.0,Phase 8B v1.0.0
SYNTH_8B_batch_0005_01258,SYNTH-SYNTH_8B_batch_0005_01258-D009,EXTREME_TAIL_PHYSICAL_ENVIRONMENT_INCONSISTENCY: VI (9797.2 > 4500),250.3326237040236,9797.225607403232,0.0,Post-Monsoon,1165077530,HP-STG-v1.0.0,Phase 8B v1.0.0
SYNTH_8B_batch_0005_01258,SYNTH-SYNTH_8B_batch_0005_01258-D011,EXTREME_TAIL_PHYSICAL_ENVIRONMENT_INCONSISTENCY: VI (8050.4 > 4500),250.81940034686568,8050.381977827927,0.0,Post-Monsoon,1165077530,HP-STG-v1.0.0,Phase 8B v1.0.0
SYNTH_8B_batch_0005_01258,SYNTH-SYNTH_8B_batch_0005_01258-D022,EXTREME_TAIL_PHYSICAL_ENVIRONMENT_INCONSISTENCY: VI (5240.0 > 4500),329.2857110879268,5240.003667502546,0.0,Post-Monsoon,1165077530,HP-STG-v1.0.0,Phase 8B v1.0.0
SYNTH_8B_batch_0005_01258,SYNTH-SYNTH_8B_batch_0005_01258-D023,EXTREME_TAIL_PHYSICAL_ENVIRONMENT_INCONSISTENCY: VI (6114.0 > 4500),268.3407201970425,6113.955857852477,0.0,Post-Monsoon,1165077530,HP-STG-v1.0.0,Phase 8B v1.0.0
SYNTH_8B_batch_0005_01262,SYNTH-SYNTH_8B_batch_0005_01262-D009,EXTREME_TAIL_PHYSICAL_ENVIRONMENT_INCONSISTENCY: VI (7803.5 > 4500),321.5976629898542,7803.450357942965,0.0,Post-Monsoon,1444769106,HP-STG-v1.0.0,Phase 8B v1.0.0
SYNTH_8B_batch_0005_01262,SYNTH-SYNTH_8B_batch_0005_01262-D015,EXTREME_TAIL_PHYSICAL_ENVIRONMENT_INCONSISTENCY: VI (5585.6 > 4500),350.68032283663774,5585.590751564807,0.0,Post-Monsoon,1444769106,HP-STG-v1.0.0,Phase 8B v1.0.0
SYNTH_8B_batch_0005_01265,SYNTH-SYNTH_8B_batch_0005_01265-D004,EXTREME_TAIL_PHYSICAL_ENVIRONMENT_INCONSISTENCY: VI (8963.2 > 4500),283.2052630090232,8963.18861596352,0.0,Winter,1039298549,HP-STG-v1.0.0,Phase 8B v1.0.0
SYNTH_8B_batch_0005_01273,SYNTH-SYNTH_8B_batch_0005_01273-D003,EXTREME_TAIL_PHYSICAL_ENVIRONMENT_INCONSISTENCY: VI (9679.8 > 4500),251.93261034799002,9679.793301872605,0.0,Winter,3601916111,HP-STG-v1.0.0,Phase 8B v1.0.0
SYNTH_8B_batch_0005_01274,SYNTH-SYNTH_8B_batch_0005_01274-D002,EXTREME_TAIL_PHYSICAL_ENVIRONMENT_INCONSISTENCY: VI (6309.4 > 4500),282.68617979667385,6309.4065836977215,0.0,Post-Monsoon,2150245294,HP-STG-v1.0.0,Phase 8B v1.0.0
SYNTH_8B_batch_0005_01278,SYNTH-SYNTH_8B_batch_0005_01278-D004,EXTREME_TAIL_PHYSICAL_ENVIRONMENT_INCONSISTENCY: VI (7913.4 > 4500),293.1888101946952,7913.366235295778,0.0,Post-Monsoon,2299322620,HP-STG-v1.0.0,Phase 8B v1.0.0
SYNTH_8B_batch_0005_01278,SYNTH-SYNTH_8B_batch_0005_01278-D005,EXTREME_TAIL_PHYSICAL_ENVIRONMENT_INCONSISTENCY: VI (6408.1 > 4500),266.3614615014411,6408.053796271081,0.0,Post-Monsoon,2299322620,HP-STG-v1.0.0,Phase 8B v1.0.0
SYNTH_8B_batch_0005_01278,SYNTH-SYNTH_8B_batch_0005_01278-D027,EXTREME_TAIL_PHYSICAL_ENVIRONMENT_INCONSISTENCY: VI (5176.3 > 4500),272.2253685968251,5176.261111677566,0.0,Post-Monsoon,2299322620,HP-STG-v1.0.0,Phase 8B v1.0.0
SYNTH_8B_batch_0005_01282,SYNTH-SYNTH_8B_batch_0005_01282-D009,EXTREME_TAIL_PHYSICAL_ENVIRONMENT_INCONSISTENCY: VI (8618.4 > 4500),340.2372491693595,8618.407098095624,0.0,Post-Monsoon,566726147,HP-STG-v1.0.0,Phase 8B v1.0.0
SYNTH_8B_batch_0005_01282,SYNTH-SYNTH_8B_batch_0005_01282-D025,EXTREME_TAIL_PHYSICAL_ENVIRONMENT_INCONSISTENCY: VI (6116.2 > 4500),345.63809136997634,6116.230956500001,0.0,Post-Monsoon,566726147,HP-STG-v1.0.0,Phase 8B v1.0.0
SYNTH_8B_batch_0005_01282,SYNTH-SYNTH_8B_batch_0005_01282-D026,EXTREME_TAIL_PHYSICAL_ENVIRONMENT_INCONSISTENCY: VI (4901.4 > 4500),256.0723531240431,4901.373430331554,0.0,Post-Monsoon,566726147,HP-STG-v1.0.0,Phase 8B v1.0.0
SYNTH_8B_batch_0005_01289,SYNTH-SYNTH_8B_batch_0005_01289-D006,EXTREME_TAIL_PHYSICAL_ENVIRONMENT_INCONSISTENCY: VI (7810.5 > 4500),280.7964279025513,7810.483794646728,0.0,Winter,1520314958,HP-STG-v1.0.0,Phase 8B v1.0.0
SYNTH_8B_batch_0005_01290,SYNTH-SYNTH_8B_batch_0005_01290-D005,EXTREME_TAIL_PHYSICAL_ENVIRONMENT_INCONSISTENCY: VI (8170.8 > 4500),346.0085564257275,8170.830985712681,0.0,Post-Monsoon,3555515366,HP-STG-v1.0.0,Phase 8B v1.0.0
SYNTH_8B_batch_0005_01290,SYNTH-SYNTH_8B_batch_0005_01290-D011,EXTREME_TAIL_PHYSICAL_ENVIRONMENT_INCONSISTENCY: VI (7411.2 > 4500),320.0423413992703,7411.242544196918,0.0,Post-Monsoon,3555515366,HP-STG-v1.0.0,Phase 8B v1.0.0
SYNTH_8B_batch_0005_01290,SYNTH-SYNTH_8B_batch_0005_01290-D012,EXTREME_TAIL_PHYSICAL_ENVIRONMENT_INCONSISTENCY: VI (6930.4 > 4500),250.41619765710576,6930.43774885135,0.0,Post-Monsoon,3555515366,HP-STG-v1.0.0,Phase 8B v1.0.0
SYNTH_8B_batch_0005_01298,SYNTH-SYNTH_8B_batch_0005_01298-D015,EXTREME_TAIL_PHYSICAL_ENVIRONMENT_INCONSISTENCY: VI (7694.2 > 4500),258.29009270057054,7694.242420563894,0.0,Post-Monsoon,1123441539,HP-STG-v1.0.0,Phase 8B v1.0.0
SYNTH_8B_batch_0005_01298,SYNTH-SYNTH_8B_batch_0005_01298-D022,EXTREME_TAIL_PHYSICAL_ENVIRONMENT_INCONSISTENCY: VI (7722.1 > 4500),329.0626398170789,7722.059575954172,0.0,Post-Monsoon,1123441539,HP-STG-v1.0.0,Phase 8B v1.0.0
SYNTH_8B_batch_0005_01298,SYNTH-SYNTH_8B_batch_0005_01298-D024,EXTREME_TAIL_PHYSICAL_ENVIRONMENT_INCONSISTENCY: VI (6266.4 > 4500),290.712495857416,6266.434763907047,0.0,Post-Monsoon,1123441539,HP-STG-v1.0.0,Phase 8B v1.0.0
SYNTH_8B_batch_0005_01298,SYNTH-SYNTH_8B_batch_0005_01298-D025,EXTREME_TAIL_PHYSICAL_ENVIRONMENT_INCONSISTENCY: VI (5533.0 > 4500),261.62160364748604,5533.004668877333,0.0,Post-Monsoon,1123441539,HP-STG-v1.0.0,Phase 8B v1.0.0
SYNTH_8B_batch_0005_01302,SYNTH-SYNTH_8B_batch_0005_01302-D002,EXTREME_TAIL_PHYSICAL_ENVIRONMENT_INCONSISTENCY: VI (5197.7 > 4500),254.68467977219058,5197.7235344852015,0.0,Post-Monsoon,2877246198,HP-STG-v1.0.0,Phase 8B v1.0.0
SYNTH_8B_batch_0005_01302,SYNTH-SYNTH_8B_batch_0005_01302-D009,EXTREME_TAIL_PHYSICAL_ENVIRONMENT_INCONSISTENCY: VI (6570.5 > 4500),257.30000307718393,6570.4818465116105,0.0,Post-Monsoon,2877246198,HP-STG-v1.0.0,Phase 8B v1.0.0
SYNTH_8B_batch_0005_01302,SYNTH-SYNTH_8B_batch_0005_01302-D021,EXTREME_TAIL_PHYSICAL_ENVIRONMENT_INCONSISTENCY: VI (4825.3 > 4500),378.1840004137432,4825.331400783116,0.0,Post-Monsoon,2877246198,HP-STG-v1.0.0,Phase 8B v1.0.0
SYNTH_8B_batch_0005_01302,SYNTH-SYNTH_8B_batch_0005_01302-D023,EXTREME_TAIL_PHYSICAL_ENVIRONMENT_INCONSISTENCY: VI (7726.7 > 4500),327.5886254749345,7726.742235600868,0.0,Post-Monsoon,2877246198,HP-STG-v1.0.0,Phase 8B v1.0.0
SYNTH_8B_batch_0005_01302,SYNTH-SYNTH_8B_batch_0005_01302-D024,EXTREME_TAIL_PHYSICAL_ENVIRONMENT_INCONSISTENCY: VI (5551.6 > 4500),276.88090695335524,5551.577285798767,0.0,Post-Monsoon,2877246198,HP-STG-v1.0.0,Phase 8B v1.0.0
SYNTH_8B_batch_0005_01314,SYNTH-SYNTH_8B_batch_0005_01314-D017,EXTREME_TAIL_PHYSICAL_ENVIRONMENT_INCONSISTENCY: VI (7129.4 > 4500),251.29983727216705,7129.405604749783,0.0,Post-Monsoon,2887176831,HP-STG-v1.0.0,Phase 8B v1.0.0
SYNTH_8B_batch_0005_01318,SYNTH-SYNTH_8B_batch_0005_01318-D005,EXTREME_TAIL_PHYSICAL_ENVIRONMENT_INCONSISTENCY: VI (6833.0 > 4500),401.6789225836493,6833.032969707731,0.0,Post-Monsoon,3183825126,HP-STG-v1.0.0,Phase 8B v1.0.0
SYNTH_8B_batch_0005_01318,SYNTH-SYNTH_8B_batch_0005_01318-D006,EXTREME_TAIL_PHYSICAL_ENVIRONMENT_INCONSISTENCY: VI (6309.6 > 4500),279.4593449504254,6309.610501473761,0.0,Post-Monsoon,3183825126,HP-STG-v1.0.0,Phase 8B v1.0.0
SYNTH_8B_batch_0005_01322,SYNTH-SYNTH_8B_batch_0005_01322-D028,EXTREME_TAIL_PHYSICAL_ENVIRONMENT_INCONSISTENCY: VI (4852.4 > 4500),281.5540194359939,4852.3948924575425,0.0,Post-Monsoon,3730649468,HP-STG-v1.0.0,Phase 8B v1.0.0
SYNTH_8B_batch_0005_01326,SYNTH-SYNTH_8B_batch_0005_01326-D003,EXTREME_TAIL_PHYSICAL_ENVIRONMENT_INCONSISTENCY: VI (7712.9 > 4500),354.04164094929,7712.863804449789,0.0,Post-Monsoon,1559965122,HP-STG-v1.0.0,Phase 8B v1.0.0
SYNTH_8B_batch_0005_01326,SYNTH-SYNTH_8B_batch_0005_01326-D014,EXTREME_TAIL_PHYSICAL_ENVIRONMENT_INCONSISTENCY: VI (5765.6 > 4500),325.2356558691499,5765.586872726221,0.0,Post-Monsoon,1559965122,HP-STG-v1.0.0,Phase 8B v1.0.0
SYNTH_8B_batch_0005_01326,SYNTH-SYNTH_8B_batch_0005_01326-D015,EXTREME_TAIL_PHYSICAL_ENVIRONMENT_INCONSISTENCY: VI (5698.0 > 4500),304.124313958991,5698.005460369097,0.0,Post-Monsoon,1559965122,HP-STG-v1.0.0,Phase 8B v1.0.0
SYNTH_8B_batch_0005_01326,SYNTH-SYNTH_8B_batch_0005_01326-D029,EXTREME_TAIL_PHYSICAL_ENVIRONMENT_INCONSISTENCY: VI (5893.4 > 4500),307.66375602963063,5893.380910758179,0.0,Post-Monsoon,1559965122,HP-STG-v1.0.0,Phase 8B v1.0.0
SYNTH_8B_batch_0005_01330,SYNTH-SYNTH_8B_batch_0005_01330-D002,EXTREME_TAIL_PHYSICAL_ENVIRONMENT_INCONSISTENCY: VI (6472.2 > 4500),251.27367794715076,6472.246679987087,0.0,Post-Monsoon,3621075052,HP-STG-v1.0.0,Phase 8B v1.0.0
SYNTH_8B_batch_0005_01330,SYNTH-SYNTH_8B_batch_0005_01330-D028,EXTREME_TAIL_PHYSICAL_ENVIRONMENT_INCONSISTENCY: VI (6380.7 > 4500),330.7196708040684,6380.654972828487,0.0,Post-Monsoon,3621075052,HP-STG-v1.0.0,Phase 8B v1.0.0
SYNTH_8B_batch_0005_01337,SYNTH-SYNTH_8B_batch_0005_01337-D004,EXTREME_TAIL_PHYSICAL_ENVIRONMENT_INCONSISTENCY: VI (6860.7 > 4500),252.80264230700948,6860.739117521542,0.0,Winter,2310255738,HP-STG-v1.0.0,Phase 8B v1.0.0
SYNTH_8B_batch_0005_01338,SYNTH-SYNTH_8B_batch_0005_01338-D005,EXTREME_TAIL_PHYSICAL_ENVIRONMENT_INCONSISTENCY: VI (5685.3 > 4500),377.6316262760109,5685.308207943821,0.0,Post-Monsoon,2846732116,HP-STG-v1.0.0,Phase 8B v1.0.0
SYNTH_8B_batch_0005_01338,SYNTH-SYNTH_8B_batch_0005_01338-D006,EXTREME_TAIL_PHYSICAL_ENVIRONMENT_INCONSISTENCY: VI (5935.7 > 4500),310.334790818053,5935.676161336117,0.0,Post-Monsoon,2846732116,HP-STG-v1.0.0,Phase 8B v1.0.0
SYNTH_8B_batch_0005_01338,SYNTH-SYNTH_8B_batch_0005_01338-D018,EXTREME_TAIL_PHYSICAL_ENVIRONMENT_INCONSISTENCY: VI (8505.7 > 4500),320.39851790010084,8505.667382726187,0.0,Post-Monsoon,2846732116,HP-STG-v1.0.0,Phase 8B v1.0.0
SYNTH_8B_batch_0005_01338,SYNTH-SYNTH_8B_batch_0005_01338-D019,EXTREME_TAIL_PHYSICAL_ENVIRONMENT_INCONSISTENCY: VI (6247.1 > 4500),275.054199820157,6247.070379105608,0.0,Post-Monsoon,2846732116,HP-STG-v1.0.0,Phase 8B v1.0.0
SYNTH_8B_batch_0005_01346,SYNTH-SYNTH_8B_batch_0005_01346-D028,EXTREME_TAIL_PHYSICAL_ENVIRONMENT_INCONSISTENCY: VI (4994.9 > 4500),273.18789655049244,4994.886690583441,0.0,Post-Monsoon,2449221906,HP-STG-v1.0.0,Phase 8B v1.0.0
SYNTH_8B_batch_0005_01349,SYNTH-SYNTH_8B_batch_0005_01349-D002,EXTREME_TAIL_PHYSICAL_ENVIRONMENT_INCONSISTENCY: VI (7938.9 > 4500),257.52130160635164,7938.93340032215,0.0,Winter,2688022790,HP-STG-v1.0.0,Phase 8B v1.0.0
SYNTH_8B_batch_0005_01349,SYNTH-SYNTH_8B_batch_0005_01349-D014,EXTREME_TAIL_PHYSICAL_ENVIRONMENT_INCONSISTENCY: VI (6397.6 > 4500),344.5256346664483,6397.616042257288,0.0,Winter,2688022790,HP-STG-v1.0.0,Phase 8B v1.0.0
SYNTH_8B_batch_0005_01354,SYNTH-SYNTH_8B_batch_0005_01354-D018,EXTREME_TAIL_PHYSICAL_ENVIRONMENT_INCONSISTENCY: VI (8065.2 > 4500),356.9227514309212,8065.180601750319,0.0,Post-Monsoon,1881488922,HP-STG-v1.0.0,Phase 8B v1.0.0
SYNTH_8B_batch_0005_01354,SYNTH-SYNTH_8B_batch_0005_01354-D019,EXTREME_TAIL_PHYSICAL_ENVIRONMENT_INCONSISTENCY: VI (6593.9 > 4500),281.01758488349793,6593.9145693178525,0.0,Post-Monsoon,1881488922,HP-STG-v1.0.0,Phase 8B v1.0.0
SYNTH_8B_batch_0005_01354,SYNTH-SYNTH_8B_batch_0005_01354-D020,EXTREME_TAIL_PHYSICAL_ENVIRONMENT_INCONSISTENCY: VI (7733.4 > 4500),261.0153327831164,7733.435940299446,0.0,Post-Monsoon,1881488922,HP-STG-v1.0.0,Phase 8B v1.0.0
SYNTH_8B_batch_0005_01358,SYNTH-SYNTH_8B_batch_0005_01358-D027,EXTREME_TAIL_PHYSICAL_ENVIRONMENT_INCONSISTENCY: VI (5653.1 > 4500),366.1664770842211,5653.08700106138,0.0,Post-Monsoon,3476783978,HP-STG-v1.0.0,Phase 8B v1.0.0
SYNTH_8B_batch_0005_01358,SYNTH-SYNTH_8B_batch_0005_01358-D028,EXTREME_TAIL_PHYSICAL_ENVIRONMENT_INCONSISTENCY: VI (4773.8 > 4500),339.04844395702,4773.75581105862,0.0,Post-Monsoon,3476783978,HP-STG-v1.0.0,Phase 8B v1.0.0
SYNTH_8B_batch_0005_01362,SYNTH-SYNTH_8B_batch_0005_01362-D017,EXTREME_TAIL_PHYSICAL_ENVIRONMENT_INCONSISTENCY: VI (5700.6 > 4500),299.91024921009733,5700.637325851715,0.0,Post-Monsoon,3646272608,HP-STG-v1.0.0,Phase 8B v1.0.0
SYNTH_8B_batch_0005_01366,SYNTH-SYNTH_8B_batch_0005_01366-D016,EXTREME_TAIL_PHYSICAL_ENVIRONMENT_INCONSISTENCY: VI (5288.0 > 4500),385.0793519463325,5287.9533133229925,0.0,Post-Monsoon,3177912794,HP-STG-v1.0.0,Phase 8B v1.0.0
SYNTH_8B_batch_0005_01366,SYNTH-SYNTH_8B_batch_0005_01366-D017,EXTREME_TAIL_PHYSICAL_ENVIRONMENT_INCONSISTENCY: VI (6539.3 > 4500),263.2597084869585,6539.264516638219,0.0,Post-Monsoon,3177912794,HP-STG-v1.0.0,Phase 8B v1.0.0
SYNTH_8B_batch_0005_01370,SYNTH-SYNTH_8B_batch_0005_01370-D015,EXTREME_TAIL_PHYSICAL_ENVIRONMENT_INCONSISTENCY: VI (4815.1 > 4500),332.8303036472844,4815.142445406266,0.0,Post-Monsoon,317948077,HP-STG-v1.0.0,Phase 8B v1.0.0
SYNTH_8B_batch_0005_01370,SYNTH-SYNTH_8B_batch_0005_01370-D018,EXTREME_TAIL_PHYSICAL_ENVIRONMENT_INCONSISTENCY: VI (7945.6 > 4500),365.4217503688524,7945.5778731691025,0.0,Post-Monsoon,317948077,HP-STG-v1.0.0,Phase 8B v1.0.0
SYNTH_8B_batch_0005_01370,SYNTH-SYNTH_8B_batch_0005_01370-D019,EXTREME_TAIL_PHYSICAL_ENVIRONMENT_INCONSISTENCY: VI (6937.9 > 4500),265.30371853003396,6937.863964647326,0.0,Post-Monsoon,317948077,HP-STG-v1.0.0,Phase 8B v1.0.0
SYNTH_8B_batch_0005_01374,SYNTH-SYNTH_8B_batch_0005_01374-D017,EXTREME_TAIL_PHYSICAL_ENVIRONMENT_INCONSISTENCY: VI (5319.2 > 4500),349.51145975462583,5319.180499997526,0.0,Post-Monsoon,1973256084,HP-STG-v1.0.0,Phase 8B v1.0.0
SYNTH_8B_batch_0005_01374,SYNTH-SYNTH_8B_batch_0005_01374-D027,EXTREME_TAIL_PHYSICAL_ENVIRONMENT_INCONSISTENCY: VI (4786.8 > 4500),273.62152625363717,4786.813098382618,0.0,Post-Monsoon,1973256084,HP-STG-v1.0.0,Phase 8B v1.0.0
SYNTH_8B_batch_0005_01381,SYNTH-SYNTH_8B_batch_0005_01381-D002,EXTREME_TAIL_PHYSICAL_ENVIRONMENT_INCONSISTENCY: VI (6898.4 > 4500),280.93750221548527,6898.3552725782765,0.0,Winter,2399095634,HP-STG-v1.0.0,Phase 8B v1.0.0
SYNTH_8B_batch_0005_01382,SYNTH-SYNTH_8B_batch_0005_01382-D008,EXTREME_TAIL_PHYSICAL_ENVIRONMENT_INCONSISTENCY: VI (5161.0 > 4500),353.65407401406964,5160.95009238283,0.0,Post-Monsoon,3333663499,HP-STG-v1.0.0,Phase 8B v1.0.0
SYNTH_8B_batch_0005_01382,SYNTH-SYNTH_8B_batch_0005_01382-D009,EXTREME_TAIL_PHYSICAL_ENVIRONMENT_INCONSISTENCY: VI (7099.3 > 4500),267.5854867681725,7099.2996677015635,0.0,Post-Monsoon,3333663499,HP-STG-v1.0.0,Phase 8B v1.0.0
SYNTH_8B_batch_0005_01382,SYNTH-SYNTH_8B_batch_0005_01382-D017,EXTREME_TAIL_PHYSICAL_ENVIRONMENT_INCONSISTENCY: VI (5946.3 > 4500),397.6882971432631,5946.263441920256,0.0,Post-Monsoon,3333663499,HP-STG-v1.0.0,Phase 8B v1.0.0
SYNTH_8B_batch_0005_01382,SYNTH-SYNTH_8B_batch_0005_01382-D018,EXTREME_TAIL_PHYSICAL_ENVIRONMENT_INCONSISTENCY: VI (7038.8 > 4500),304.27600508046044,7038.779017843371,0.0,Post-Monsoon,3333663499,HP-STG-v1.0.0,Phase 8B v1.0.0
SYNTH_8B_batch_0005_01386,SYNTH-SYNTH_8B_batch_0005_01386-D012,EXTREME_TAIL_PHYSICAL_ENVIRONMENT_INCONSISTENCY: VI (5509.3 > 4500),270.26518126408996,5509.3010602272225,0.0,Post-Monsoon,801139167,HP-STG-v1.0.0,Phase 8B v1.0.0
SYNTH_8B_batch_0005_01386,SYNTH-SYNTH_8B_batch_0005_01386-D026,EXTREME_TAIL_PHYSICAL_ENVIRONMENT_INCONSISTENCY: VI (5872.5 > 4500),254.94558935109993,5872.4706799389505,0.0,Post-Monsoon,801139167,HP-STG-v1.0.0,Phase 8B v1.0.0
SYNTH_8B_batch_0005_01390,SYNTH-SYNTH_8B_batch_0005_01390-D006,EXTREME_TAIL_PHYSICAL_ENVIRONMENT_INCONSISTENCY: VI (5363.6 > 4500),415.7867111020961,5363.555091737325,0.0,Post-Monsoon,1464691304,HP-STG-v1.0.0,Phase 8B v1.0.0
SYNTH_8B_batch_0005_01390,SYNTH-SYNTH_8B_batch_0005_01390-D007,EXTREME_TAIL_PHYSICAL_ENVIRONMENT_INCONSISTENCY: VI (5941.3 > 4500),317.1679478258308,5941.280323999749,0.0,Post-Monsoon,1464691304,HP-STG-v1.0.0,Phase 8B v1.0.0
SYNTH_8B_batch_0005_01390,SYNTH-SYNTH_8B_batch_0005_01390-D008,EXTREME_TAIL_PHYSICAL_ENVIRONMENT_INCONSISTENCY: VI (7783.6 > 4500),252.8943569741976,7783.589555750683,0.0,Post-Monsoon,1464691304,HP-STG-v1.0.0,Phase 8B v1.0.0
SYNTH_8B_batch_0005_01390,SYNTH-SYNTH_8B_batch_0005_01390-D017,EXTREME_TAIL_PHYSICAL_ENVIRONMENT_INCONSISTENCY: VI (7677.1 > 4500),269.0613705486578,7677.1019491021925,0.0,Post-Monsoon,1464691304,HP-STG-v1.0.0,Phase 8B v1.0.0
SYNTH_8B_batch_0005_01394,SYNTH-SYNTH_8B_batch_0005_01394-D021,EXTREME_TAIL_PHYSICAL_ENVIRONMENT_INCONSISTENCY: VI (7402.8 > 4500),333.745606208208,7402.803718392192,0.0,Post-Monsoon,3102821464,HP-STG-v1.0.0,Phase 8B v1.0.0
SYNTH_8B_batch_0005_01394,SYNTH-SYNTH_8B_batch_0005_01394-D022,EXTREME_TAIL_PHYSICAL_ENVIRONMENT_INCONSISTENCY: VI (5065.3 > 4500),288.1481322684923,5065.267674615369,0.0,Post-Monsoon,3102821464,HP-STG-v1.0.0,Phase 8B v1.0.0
SYNTH_8B_batch_0005_01397,SYNTH-SYNTH_8B_batch_0005_01397-D005,EXTREME_TAIL_PHYSICAL_ENVIRONMENT_INCONSISTENCY: VI (7156.2 > 4500),291.60522316549594,7156.226033052638,0.0,Winter,203792999,HP-STG-v1.0.0,Phase 8B v1.0.0
SYNTH_8B_batch_0005_01397,SYNTH-SYNTH_8B_batch_0005_01397-D011,EXTREME_TAIL_PHYSICAL_ENVIRONMENT_INCONSISTENCY: VI (5690.5 > 4500),259.13083376497394,5690.465178105394,0.0,Winter,203792999,HP-STG-v1.0.0,Phase 8B v1.0.0
SYNTH_8B_batch_0005_01398,SYNTH-SYNTH_8B_batch_0005_01398-D006,EXTREME_TAIL_PHYSICAL_ENVIRONMENT_INCONSISTENCY: VI (5901.9 > 4500),261.9489065363189,5901.884875068153,0.0,Post-Monsoon,1566642535,HP-STG-v1.0.0,Phase 8B v1.0.0
SYNTH_8B_batch_0005_01398,SYNTH-SYNTH_8B_batch_0005_01398-D021,EXTREME_TAIL_PHYSICAL_ENVIRONMENT_INCONSISTENCY: VI (5411.8 > 4500),360.3105920753231,5411.80795639999,0.0,Post-Monsoon,1566642535,HP-STG-v1.0.0,Phase 8B v1.0.0
SYNTH_8B_batch_0005_01398,SYNTH-SYNTH_8B_batch_0005_01398-D022,EXTREME_TAIL_PHYSICAL_ENVIRONMENT_INCONSISTENCY: VI (4677.4 > 4500),277.1984269734679,4677.428295633453,0.0,Post-Monsoon,1566642535,HP-STG-v1.0.0,Phase 8B v1.0.0
SYNTH_8B_batch_0005_01398,SYNTH-SYNTH_8B_batch_0005_01398-D027,EXTREME_TAIL_PHYSICAL_ENVIRONMENT_INCONSISTENCY: VI (8557.2 > 4500),366.73492586469047,8557.154461419284,0.0,Post-Monsoon,1566642535,HP-STG-v1.0.0,Phase 8B v1.0.0
SYNTH_8B_batch_0005_01398,SYNTH-SYNTH_8B_batch_0005_01398-D028,EXTREME_TAIL_PHYSICAL_ENVIRONMENT_INCONSISTENCY: VI (6314.7 > 4500),265.9959786311541,6314.668755314296,0.0,Post-Monsoon,1566642535,HP-STG-v1.0.0,Phase 8B v1.0.0
SYNTH_8B_batch_0005_01401,SYNTH-SYNTH_8B_batch_0005_01401-D003,EXTREME_TAIL_PHYSICAL_ENVIRONMENT_INCONSISTENCY: VI (8257.6 > 4500),256.3445309618718,8257.63547917347,0.0,Winter,2675235532,HP-STG-v1.0.0,Phase 8B v1.0.0
SYNTH_8B_batch_0005_01402,SYNTH-SYNTH_8B_batch_0005_01402-D010,EXTREME_TAIL_PHYSICAL_ENVIRONMENT_INCONSISTENCY: VI (7530.5 > 4500),305.46785559619656,7530.536268320303,0.0,Post-Monsoon,490597791,HP-STG-v1.0.0,Phase 8B v1.0.0
SYNTH_8B_batch_0005_01402,SYNTH-SYNTH_8B_batch_0005_01402-D011,EXTREME_TAIL_PHYSICAL_ENVIRONMENT_INCONSISTENCY: VI (5912.1 > 4500),271.8475757907389,5912.113019815473,0.0,Post-Monsoon,490597791,HP-STG-v1.0.0,Phase 8B v1.0.0
SYNTH_8B_batch_0005_01405,SYNTH-SYNTH_8B_batch_0005_01405-D006,EXTREME_TAIL_PHYSICAL_ENVIRONMENT_INCONSISTENCY: VI (5622.9 > 4500),301.8237054046897,5622.910331004856,0.0,Winter,3465410143,HP-STG-v1.0.0,Phase 8B v1.0.0
SYNTH_8B_batch_0005_01406,SYNTH-SYNTH_8B_batch_0005_01406-D021,EXTREME_TAIL_PHYSICAL_ENVIRONMENT_INCONSISTENCY: VI (6123.5 > 4500),306.9568021826871,6123.457358265022,0.0,Post-Monsoon,90438418,HP-STG-v1.0.0,Phase 8B v1.0.0
SYNTH_8B_batch_0005_01410,SYNTH-SYNTH_8B_batch_0005_01410-D012,EXTREME_TAIL_PHYSICAL_ENVIRONMENT_INCONSISTENCY: VI (6513.3 > 4500),267.13455871658766,6513.337742882552,0.0,Post-Monsoon,292848334,HP-STG-v1.0.0,Phase 8B v1.0.0
SYNTH_8B_batch_0005_01413,SYNTH-SYNTH_8B_batch_0005_01413-D010,EXTREME_TAIL_PHYSICAL_ENVIRONMENT_INCONSISTENCY: VI (9487.9 > 4500),291.64655316308,9487.88808913896,0.0,Winter,2264929734,HP-STG-v1.0.0,Phase 8B v1.0.0
SYNTH_8B_batch_0005_01414,SYNTH-SYNTH_8B_batch_0005_01414-D003,EXTREME_TAIL_PHYSICAL_ENVIRONMENT_INCONSISTENCY: VI (6020.9 > 4500),280.99903118184704,6020.894540593498,0.0,Post-Monsoon,451566445,HP-STG-v1.0.0,Phase 8B v1.0.0
SYNTH_8B_batch_0005_01414,SYNTH-SYNTH_8B_batch_0005_01414-D010,EXTREME_TAIL_PHYSICAL_ENVIRONMENT_INCONSISTENCY: VI (6914.8 > 4500),342.3050720298045,6914.759537641317,0.0,Post-Monsoon,451566445,HP-STG-v1.0.0,Phase 8B v1.0.0
SYNTH_8B_batch_0005_01414,SYNTH-SYNTH_8B_batch_0005_01414-D011,EXTREME_TAIL_PHYSICAL_ENVIRONMENT_INCONSISTENCY: VI (4944.2 > 4500),279.11760844421565,4944.24389538819,0.0,Post-Monsoon,451566445,HP-STG-v1.0.0,Phase 8B v1.0.0
SYNTH_8B_batch_0005_01418,SYNTH-SYNTH_8B_batch_0005_01418-D002,EXTREME_TAIL_PHYSICAL_ENVIRONMENT_INCONSISTENCY: VI (5751.1 > 4500),330.85311901084333,5751.090402778267,0.0,Post-Monsoon,486582950,HP-STG-v1.0.0,Phase 8B v1.0.0
SYNTH_8B_batch_0005_01422,SYNTH-SYNTH_8B_batch_0005_01422-D016,EXTREME_TAIL_PHYSICAL_ENVIRONMENT_INCONSISTENCY: VI (6777.3 > 4500),350.52669085647597,6777.2554206805335,0.0,Post-Monsoon,3456193495,HP-STG-v1.0.0,Phase 8B v1.0.0
SYNTH_8B_batch_0005_01422,SYNTH-SYNTH_8B_batch_0005_01422-D019,EXTREME_TAIL_PHYSICAL_ENVIRONMENT_INCONSISTENCY: VI (6506.6 > 4500),344.38226367304736,6506.621803910227,0.0,Post-Monsoon,3456193495,HP-STG-v1.0.0,Phase 8B v1.0.0
SYNTH_8B_batch_0005_01422,SYNTH-SYNTH_8B_batch_0005_01422-D020,EXTREME_TAIL_PHYSICAL_ENVIRONMENT_INCONSISTENCY: VI (8743.8 > 4500),277.9776795310464,8743.77082533396,0.0,Post-Monsoon,3456193495,HP-STG-v1.0.0,Phase 8B v1.0.0
SYNTH_8B_batch_0005_01426,SYNTH-SYNTH_8B_batch_0005_01426-D024,EXTREME_TAIL_PHYSICAL_ENVIRONMENT_INCONSISTENCY: VI (5944.3 > 4500),285.80525076343076,5944.320406894305,0.0,Post-Monsoon,3754126914,HP-STG-v1.0.0,Phase 8B v1.0.0
SYNTH_8B_batch_0005_01430,SYNTH-SYNTH_8B_batch_0005_01430-D012,EXTREME_TAIL_PHYSICAL_ENVIRONMENT_INCONSISTENCY: VI (5821.5 > 4500),369.2295058583407,5821.514984256151,0.0,Post-Monsoon,3221381740,HP-STG-v1.0.0,Phase 8B v1.0.0
SYNTH_8B_batch_0005_01430,SYNTH-SYNTH_8B_batch_0005_01430-D013,EXTREME_TAIL_PHYSICAL_ENVIRONMENT_INCONSISTENCY: VI (6526.3 > 4500),281.36123413878295,6526.285501072521,0.0,Post-Monsoon,3221381740,HP-STG-v1.0.0,Phase 8B v1.0.0
SYNTH_8B_batch_0005_01434,SYNTH-SYNTH_8B_batch_0005_01434-D002,EXTREME_TAIL_PHYSICAL_ENVIRONMENT_INCONSISTENCY: VI (5401.1 > 4500),330.23797919983514,5401.104149643374,0.0,Post-Monsoon,1579725695,HP-STG-v1.0.0,Phase 8B v1.0.0
SYNTH_8B_batch_0005_01438,SYNTH-SYNTH_8B_batch_0005_01438-D008,EXTREME_TAIL_PHYSICAL_ENVIRONMENT_INCONSISTENCY: VI (7711.7 > 4500),312.62271245017024,7711.723972074933,0.0,Post-Monsoon,318049252,HP-STG-v1.0.0,Phase 8B v1.0.0
SYNTH_8B_batch_0005_01438,SYNTH-SYNTH_8B_batch_0005_01438-D009,EXTREME_TAIL_PHYSICAL_ENVIRONMENT_INCONSISTENCY: VI (7423.1 > 4500),257.3044787840638,7423.105951616603,0.0,Post-Monsoon,318049252,HP-STG-v1.0.0,Phase 8B v1.0.0
SYNTH_8B_batch_0005_01442,SYNTH-SYNTH_8B_batch_0005_01442-D004,EXTREME_TAIL_PHYSICAL_ENVIRONMENT_INCONSISTENCY: VI (6667.3 > 4500),373.02814316140706,6667.280119439674,0.0,Post-Monsoon,2045516420,HP-STG-v1.0.0,Phase 8B v1.0.0
SYNTH_8B_batch_0005_01442,SYNTH-SYNTH_8B_batch_0005_01442-D005,EXTREME_TAIL_PHYSICAL_ENVIRONMENT_INCONSISTENCY: VI (7575.1 > 4500),296.41990355408285,7575.053475089044,0.0,Post-Monsoon,2045516420,HP-STG-v1.0.0,Phase 8B v1.0.0
SYNTH_8B_batch_0005_01445,SYNTH-SYNTH_8B_batch_0005_01445-D003,EXTREME_TAIL_PHYSICAL_ENVIRONMENT_INCONSISTENCY: VI (6039.9 > 4500),265.3026303032774,6039.868341318269,0.0,Winter,3147076763,HP-STG-v1.0.0,Phase 8B v1.0.0
SYNTH_8B_batch_0005_01445,SYNTH-SYNTH_8B_batch_0005_01445-D008,EXTREME_TAIL_PHYSICAL_ENVIRONMENT_INCONSISTENCY: VI (4616.4 > 4500),278.2761107258309,4616.377813083189,0.0,Winter,3147076763,HP-STG-v1.0.0,Phase 8B v1.0.0
SYNTH_8B_batch_0005_01446,SYNTH-SYNTH_8B_batch_0005_01446-D004,EXTREME_TAIL_PHYSICAL_ENVIRONMENT_INCONSISTENCY: VI (6246.7 > 4500),279.4274346186154,6246.696412651343,0.0,Post-Monsoon,3050612192,HP-STG-v1.0.0,Phase 8B v1.0.0
SYNTH_8B_batch_0005_01446,SYNTH-SYNTH_8B_batch_0005_01446-D016,EXTREME_TAIL_PHYSICAL_ENVIRONMENT_INCONSISTENCY: VI (5949.9 > 4500),338.21317355917375,5949.934056196208,0.0,Post-Monsoon,3050612192,HP-STG-v1.0.0,Phase 8B v1.0.0
SYNTH_8B_batch_0005_01446,SYNTH-SYNTH_8B_batch_0005_01446-D024,EXTREME_TAIL_PHYSICAL_ENVIRONMENT_INCONSISTENCY: VI (6349.1 > 4500),295.0808043456349,6349.085995934148,0.0,Post-Monsoon,3050612192,HP-STG-v1.0.0,Phase 8B v1.0.0
SYNTH_8B_batch_0005_01453,SYNTH-SYNTH_8B_batch_0005_01453-D011,EXTREME_TAIL_PHYSICAL_ENVIRONMENT_INCONSISTENCY: VI (9569.8 > 4500),293.568207606501,9569.831947845805,0.0,Winter,3331040410,HP-STG-v1.0.0,Phase 8B v1.0.0
SYNTH_8B_batch_0005_01458,SYNTH-SYNTH_8B_batch_0005_01458-D020,EXTREME_TAIL_PHYSICAL_ENVIRONMENT_INCONSISTENCY: VI (5860.4 > 4500),265.1238137072333,5860.351044748102,0.0,Post-Monsoon,3215809218,HP-STG-v1.0.0,Phase 8B v1.0.0
SYNTH_8B_batch_0005_01458,SYNTH-SYNTH_8B_batch_0005_01458-D023,EXTREME_TAIL_PHYSICAL_ENVIRONMENT_INCONSISTENCY: VI (6997.5 > 4500),262.6480396388669,6997.464564392663,0.0,Post-Monsoon,3215809218,HP-STG-v1.0.0,Phase 8B v1.0.0
SYNTH_8B_batch_0005_01461,SYNTH-SYNTH_8B_batch_0005_01461-D004,EXTREME_TAIL_PHYSICAL_ENVIRONMENT_INCONSISTENCY: VI (7574.8 > 4500),297.68807962627994,7574.758895321883,0.0,Winter,4075396867,HP-STG-v1.0.0,Phase 8B v1.0.0
SYNTH_8B_batch_0005_01465,SYNTH-SYNTH_8B_batch_0005_01465-D003,EXTREME_TAIL_PHYSICAL_ENVIRONMENT_INCONSISTENCY: VI (7500.8 > 4500),315.4963700452035,7500.798987934237,0.0,Winter,16394489,HP-STG-v1.0.0,Phase 8B v1.0.0
SYNTH_8B_batch_0005_01466,SYNTH-SYNTH_8B_batch_0005_01466-D025,EXTREME_TAIL_PHYSICAL_ENVIRONMENT_INCONSISTENCY: VI (6212.7 > 4500),350.20427632285316,6212.717373535282,0.0,Post-Monsoon,1506533791,HP-STG-v1.0.0,Phase 8B v1.0.0
SYNTH_8B_batch_0005_01466,SYNTH-SYNTH_8B_batch_0005_01466-D026,EXTREME_TAIL_PHYSICAL_ENVIRONMENT_INCONSISTENCY: VI (5451.9 > 4500),289.004591304065,5451.857836001235,0.0,Post-Monsoon,1506533791,HP-STG-v1.0.0,Phase 8B v1.0.0
SYNTH_8B_batch_0005_01466,SYNTH-SYNTH_8B_batch_0005_01466-D027,EXTREME_TAIL_PHYSICAL_ENVIRONMENT_INCONSISTENCY: VI (6215.4 > 4500),266.76279298491863,6215.414376696161,0.0,Post-Monsoon,1506533791,HP-STG-v1.0.0,Phase 8B v1.0.0
SYNTH_8B_batch_0005_01466,SYNTH-SYNTH_8B_batch_0005_01466-D030,EXTREME_TAIL_PHYSICAL_ENVIRONMENT_INCONSISTENCY: VI (5103.6 > 4500),331.9900271622894,5103.625320030218,0.0,Post-Monsoon,1506533791,HP-STG-v1.0.0,Phase 8B v1.0.0
SYNTH_8B_batch_0005_01470,SYNTH-SYNTH_8B_batch_0005_01470-D003,EXTREME_TAIL_PHYSICAL_ENVIRONMENT_INCONSISTENCY: VI (5878.5 > 4500),373.7094471286877,5878.452896679832,0.0,Post-Monsoon,886181751,HP-STG-v1.0.0,Phase 8B v1.0.0
SYNTH_8B_batch_0005_01470,SYNTH-SYNTH_8B_batch_0005_01470-D004,EXTREME_TAIL_PHYSICAL_ENVIRONMENT_INCONSISTENCY: VI (7246.2 > 4500),298.77038147039707,7246.230639025958,0.0,Post-Monsoon,886181751,HP-STG-v1.0.0,Phase 8B v1.0.0
SYNTH_8B_batch_0005_01470,SYNTH-SYNTH_8B_batch_0005_01470-D029,EXTREME_TAIL_PHYSICAL_ENVIRONMENT_INCONSISTENCY: VI (4733.9 > 4500),377.4734794356309,4733.886608188027,0.0,Post-Monsoon,886181751,HP-STG-v1.0.0,Phase 8B v1.0.0
SYNTH_8B_batch_0005_01470,SYNTH-SYNTH_8B_batch_0005_01470-D030,EXTREME_TAIL_PHYSICAL_ENVIRONMENT_INCONSISTENCY: VI (7048.8 > 4500),317.8714576469392,7048.798771323541,0.0,Post-Monsoon,886181751,HP-STG-v1.0.0,Phase 8B v1.0.0
SYNTH_8B_batch_0005_01473,SYNTH-SYNTH_8B_batch_0005_01473-D009,EXTREME_TAIL_PHYSICAL_ENVIRONMENT_INCONSISTENCY: VI (6002.3 > 4500),339.5570914756003,6002.266489162416,0.0,Winter,4090103036,HP-STG-v1.0.0,Phase 8B v1.0.0
SYNTH_8B_batch_0005_01474,SYNTH-SYNTH_8B_batch_0005_01474-D010,EXTREME_TAIL_PHYSICAL_ENVIRONMENT_INCONSISTENCY: VI (5879.8 > 4500),306.3212116452491,5879.825544099292,0.0,Post-Monsoon,2393265638,HP-STG-v1.0.0,Phase 8B v1.0.0
SYNTH_8B_batch_0005_01474,SYNTH-SYNTH_8B_batch_0005_01474-D023,EXTREME_TAIL_PHYSICAL_ENVIRONMENT_INCONSISTENCY: VI (6277.2 > 4500),257.528335834058,6277.217286335918,0.0,Post-Monsoon,2393265638,HP-STG-v1.0.0,Phase 8B v1.0.0
SYNTH_8B_batch_0005_01478,SYNTH-SYNTH_8B_batch_0005_01478-D007,EXTREME_TAIL_PHYSICAL_ENVIRONMENT_INCONSISTENCY: VI (6381.7 > 4500),254.4159616257835,6381.738212691699,0.0,Post-Monsoon,4134946758,HP-STG-v1.0.0,Phase 8B v1.0.0
SYNTH_8B_batch_0005_01478,SYNTH-SYNTH_8B_batch_0005_01478-D012,EXTREME_TAIL_PHYSICAL_ENVIRONMENT_INCONSISTENCY: VI (8275.8 > 4500),253.62704761271175,8275.83512640744,0.0,Post-Monsoon,4134946758,HP-STG-v1.0.0,Phase 8B v1.0.0
SYNTH_8B_batch_0005_01482,SYNTH-SYNTH_8B_batch_0005_01482-D005,EXTREME_TAIL_PHYSICAL_ENVIRONMENT_INCONSISTENCY: VI (6090.9 > 4500),372.682281075889,6090.862508709512,0.0,Post-Monsoon,1985863132,HP-STG-v1.0.0,Phase 8B v1.0.0
SYNTH_8B_batch_0005_01482,SYNTH-SYNTH_8B_batch_0005_01482-D006,EXTREME_TAIL_PHYSICAL_ENVIRONMENT_INCONSISTENCY: VI (7111.7 > 4500),308.44423945326884,7111.714112208145,0.0,Post-Monsoon,1985863132,HP-STG-v1.0.0,Phase 8B v1.0.0
SYNTH_8B_batch_0005_01482,SYNTH-SYNTH_8B_batch_0005_01482-D015,EXTREME_TAIL_PHYSICAL_ENVIRONMENT_INCONSISTENCY: VI (4759.0 > 4500),352.0275912301657,4759.006147314321,0.0,Post-Monsoon,1985863132,HP-STG-v1.0.0,Phase 8B v1.0.0
SYNTH_8B_batch_0005_01486,SYNTH-SYNTH_8B_batch_0005_01486-D028,EXTREME_TAIL_PHYSICAL_ENVIRONMENT_INCONSISTENCY: VI (6324.7 > 4500),261.63203888294913,6324.683444384724,0.0,Post-Monsoon,90773986,HP-STG-v1.0.0,Phase 8B v1.0.0
SYNTH_8B_batch_0005_01494,SYNTH-SYNTH_8B_batch_0005_01494-D004,EXTREME_TAIL_PHYSICAL_ENVIRONMENT_INCONSISTENCY: VI (6383.6 > 4500),331.02625056502933,6383.62945859348,0.0,Post-Monsoon,2441752389,HP-STG-v1.0.0,Phase 8B v1.0.0
SYNTH_8B_batch_0005_01494,SYNTH-SYNTH_8B_batch_0005_01494-D019,EXTREME_TAIL_PHYSICAL_ENVIRONMENT_INCONSISTENCY: VI (6062.9 > 4500),372.3271322268205,6062.853069217172,0.0,Post-Monsoon,2441752389,HP-STG-v1.0.0,Phase 8B v1.0.0
SYNTH_8B_batch_0005_01494,SYNTH-SYNTH_8B_batch_0005_01494-D024,EXTREME_TAIL_PHYSICAL_ENVIRONMENT_INCONSISTENCY: VI (8529.9 > 4500),330.2706384667157,8529.931889328298,0.0,Post-Monsoon,2441752389,HP-STG-v1.0.0,Phase 8B v1.0.0
SYNTH_8B_batch_0005_01498,SYNTH-SYNTH_8B_batch_0005_01498-D008,EXTREME_TAIL_PHYSICAL_ENVIRONMENT_INCONSISTENCY: VI (5874.9 > 4500),264.0762105587108,5874.910804125694,0.0,Post-Monsoon,2264243669,HP-STG-v1.0.0,Phase 8B v1.0.0
SYNTH_8B_batch_0005_01498,SYNTH-SYNTH_8B_batch_0005_01498-D018,EXTREME_TAIL_PHYSICAL_ENVIRONMENT_INCONSISTENCY: VI (6858.3 > 4500),345.63880321994344,6858.2750956699065,0.0,Post-Monsoon,2264243669,HP-STG-v1.0.0,Phase 8B v1.0.0
SYNTH_8B_batch_0005_01498,SYNTH-SYNTH_8B_batch_0005_01498-D020,EXTREME_TAIL_PHYSICAL_ENVIRONMENT_INCONSISTENCY: VI (7941.8 > 4500),327.4272935063953,7941.75257246607,0.0,Post-Monsoon,2264243669,HP-STG-v1.0.0,Phase 8B v1.0.0
SYNTH_8B_batch_0005_01498,SYNTH-SYNTH_8B_batch_0005_01498-D021,EXTREME_TAIL_PHYSICAL_ENVIRONMENT_INCONSISTENCY: VI (8549.2 > 4500),265.2973977550125,8549.173531653963,0.0,Post-Monsoon,2264243669,HP-STG-v1.0.0,Phase 8B v1.0.0
SYNTH_8B_batch_0005_01501,SYNTH-SYNTH_8B_batch_0005_01501-D008,EXTREME_TAIL_PHYSICAL_ENVIRONMENT_INCONSISTENCY: VI (6098.4 > 4500),263.0263208074857,6098.407509667929,0.0,Winter,156816111,HP-STG-v1.0.0,Phase 8B v1.0.0
SYNTH_8B_batch_0005_01502,SYNTH-SYNTH_8B_batch_0005_01502-D005,EXTREME_TAIL_PHYSICAL_ENVIRONMENT_INCONSISTENCY: VI (7845.8 > 4500),342.917374653917,7845.781280814953,0.0,Post-Monsoon,3442792564,HP-STG-v1.0.0,Phase 8B v1.0.0
SYNTH_8B_batch_0005_01502,SYNTH-SYNTH_8B_batch_0005_01502-D006,EXTREME_TAIL_PHYSICAL_ENVIRONMENT_INCONSISTENCY: VI (6631.4 > 4500),292.13941689261117,6631.416206403438,0.0,Post-Monsoon,3442792564,HP-STG-v1.0.0,Phase 8B v1.0.0
SYNTH_8B_batch_0005_01502,SYNTH-SYNTH_8B_batch_0005_01502-D007,EXTREME_TAIL_PHYSICAL_ENVIRONMENT_INCONSISTENCY: VI (7867.3 > 4500),258.46826407046865,7867.313095900593,0.0,Post-Monsoon,3442792564,HP-STG-v1.0.0,Phase 8B v1.0.0
SYNTH_8B_batch_0005_01502,SYNTH-SYNTH_8B_batch_0005_01502-D029,EXTREME_TAIL_PHYSICAL_ENVIRONMENT_INCONSISTENCY: VI (7410.9 > 4500),370.7292499871137,7410.864154607603,0.0,Post-Monsoon,3442792564,HP-STG-v1.0.0,Phase 8B v1.0.0
SYNTH_8B_batch_0005_01509,SYNTH-SYNTH_8B_batch_0005_01509-D005,EXTREME_TAIL_PHYSICAL_ENVIRONMENT_INCONSISTENCY: VI (6719.3 > 4500),266.8576734562636,6719.341915396323,0.0,Winter,3101812942,HP-STG-v1.0.0,Phase 8B v1.0.0
SYNTH_8B_batch_0005_01510,SYNTH-SYNTH_8B_batch_0005_01510-D015,EXTREME_TAIL_PHYSICAL_ENVIRONMENT_INCONSISTENCY: VI (6905.2 > 4500),331.52493263577543,6905.249255802194,0.0,Post-Monsoon,2132733340,HP-STG-v1.0.0,Phase 8B v1.0.0
SYNTH_8B_batch_0005_01510,SYNTH-SYNTH_8B_batch_0005_01510-D018,EXTREME_TAIL_PHYSICAL_ENVIRONMENT_INCONSISTENCY: VI (5141.9 > 4500),256.76937533005355,5141.933675502974,0.0,Post-Monsoon,2132733340,HP-STG-v1.0.0,Phase 8B v1.0.0
SYNTH_8B_batch_0005_01514,SYNTH-SYNTH_8B_batch_0005_01514-D007,EXTREME_TAIL_PHYSICAL_ENVIRONMENT_INCONSISTENCY: VI (6227.3 > 4500),425.8205900134159,6227.254764686149,0.0,Post-Monsoon,1647604293,HP-STG-v1.0.0,Phase 8B v1.0.0
SYNTH_8B_batch_0005_01514,SYNTH-SYNTH_8B_batch_0005_01514-D011,EXTREME_TAIL_PHYSICAL_ENVIRONMENT_INCONSISTENCY: VI (7554.9 > 4500),313.0608809370394,7554.892398181621,0.0,Post-Monsoon,1647604293,HP-STG-v1.0.0,Phase 8B v1.0.0
SYNTH_8B_batch_0005_01514,SYNTH-SYNTH_8B_batch_0005_01514-D021,EXTREME_TAIL_PHYSICAL_ENVIRONMENT_INCONSISTENCY: VI (6369.9 > 4500),326.4684913681696,6369.866504053298,0.0,Post-Monsoon,1647604293,HP-STG-v1.0.0,Phase 8B v1.0.0
SYNTH_8B_batch_0005_01514,SYNTH-SYNTH_8B_batch_0005_01514-D022,EXTREME_TAIL_PHYSICAL_ENVIRONMENT_INCONSISTENCY: VI (6309.1 > 4500),258.4100535534313,6309.0956925758965,0.0,Post-Monsoon,1647604293,HP-STG-v1.0.0,Phase 8B v1.0.0
SYNTH_8B_batch_0005_01518,SYNTH-SYNTH_8B_batch_0005_01518-D005,EXTREME_TAIL_PHYSICAL_ENVIRONMENT_INCONSISTENCY: VI (7891.5 > 4500),335.5560773228426,7891.549332906823,0.0,Post-Monsoon,2980265219,HP-STG-v1.0.0,Phase 8B v1.0.0
SYNTH_8B_batch_0005_01518,SYNTH-SYNTH_8B_batch_0005_01518-D006,EXTREME_TAIL_PHYSICAL_ENVIRONMENT_INCONSISTENCY: VI (4902.1 > 4500),272.97734407110477,4902.12887186917,0.0,Post-Monsoon,2980265219,HP-STG-v1.0.0,Phase 8B v1.0.0
SYNTH_8B_batch_0005_01518,SYNTH-SYNTH_8B_batch_0005_01518-D013,EXTREME_TAIL_PHYSICAL_ENVIRONMENT_INCONSISTENCY: VI (6117.4 > 4500),433.52396673641977,6117.44610000726,0.0,Post-Monsoon,2980265219,HP-STG-v1.0.0,Phase 8B v1.0.0
SYNTH_8B_batch_0005_01518,SYNTH-SYNTH_8B_batch_0005_01518-D014,EXTREME_TAIL_PHYSICAL_ENVIRONMENT_INCONSISTENCY: VI (9288.7 > 4500),283.5175111294844,9288.7408103036,0.0,Post-Monsoon,2980265219,HP-STG-v1.0.0,Phase 8B v1.0.0
SYNTH_8B_batch_0005_01518,SYNTH-SYNTH_8B_batch_0005_01518-D015,EXTREME_TAIL_PHYSICAL_ENVIRONMENT_INCONSISTENCY: VI (7575.2 > 4500),257.8050395161567,7575.220350015717,0.0,Post-Monsoon,2980265219,HP-STG-v1.0.0,Phase 8B v1.0.0
SYNTH_8B_batch_0005_01522,SYNTH-SYNTH_8B_batch_0005_01522-D013,EXTREME_TAIL_PHYSICAL_ENVIRONMENT_INCONSISTENCY: VI (4973.7 > 4500),421.2953221772691,4973.733741265888,0.0,Post-Monsoon,372919002,HP-STG-v1.0.0,Phase 8B v1.0.0
SYNTH_8B_batch_0005_01522,SYNTH-SYNTH_8B_batch_0005_01522-D014,EXTREME_TAIL_PHYSICAL_ENVIRONMENT_INCONSISTENCY: VI (6077.2 > 4500),342.56978803512635,6077.177173685687,0.0,Post-Monsoon,372919002,HP-STG-v1.0.0,Phase 8B v1.0.0
SYNTH_8B_batch_0005_01522,SYNTH-SYNTH_8B_batch_0005_01522-D015,EXTREME_TAIL_PHYSICAL_ENVIRONMENT_INCONSISTENCY: VI (6498.2 > 4500),283.0113751885063,6498.2110139678425,0.0,Post-Monsoon,372919002,HP-STG-v1.0.0,Phase 8B v1.0.0
SYNTH_8B_batch_0005_01526,SYNTH-SYNTH_8B_batch_0005_01526-D006,EXTREME_TAIL_PHYSICAL_ENVIRONMENT_INCONSISTENCY: VI (8202.2 > 4500),347.5755114047434,8202.166030230012,0.0,Post-Monsoon,1679811742,HP-STG-v1.0.0,Phase 8B v1.0.0
SYNTH_8B_batch_0005_01526,SYNTH-SYNTH_8B_batch_0005_01526-D007,EXTREME_TAIL_PHYSICAL_ENVIRONMENT_INCONSISTENCY: VI (5585.4 > 4500),303.5669198257405,5585.444008877497,0.0,Post-Monsoon,1679811742,HP-STG-v1.0.0,Phase 8B v1.0.0
SYNTH_8B_batch_0005_01526,SYNTH-SYNTH_8B_batch_0005_01526-D008,EXTREME_TAIL_PHYSICAL_ENVIRONMENT_INCONSISTENCY: VI (5860.0 > 4500),267.8906015270468,5859.976317144445,0.0,Post-Monsoon,1679811742,HP-STG-v1.0.0,Phase 8B v1.0.0
SYNTH_8B_batch_0005_01533,SYNTH-SYNTH_8B_batch_0005_01533-D011,EXTREME_TAIL_PHYSICAL_ENVIRONMENT_INCONSISTENCY: VI (5656.4 > 4500),258.12010312037256,5656.437765211658,0.0,Winter,368126689,HP-STG-v1.0.0,Phase 8B v1.0.0
SYNTH_8B_batch_0005_01534,SYNTH-SYNTH_8B_batch_0005_01534-D028,EXTREME_TAIL_PHYSICAL_ENVIRONMENT_INCONSISTENCY: VI (7494.2 > 4500),292.77769304770834,7494.2371631711285,0.0,Post-Monsoon,757839812,HP-STG-v1.0.0,Phase 8B v1.0.0
SYNTH_8B_batch_0005_01538,SYNTH-SYNTH_8B_batch_0005_01538-D002,EXTREME_TAIL_PHYSICAL_ENVIRONMENT_INCONSISTENCY: VI (6825.6 > 4500),273.1081957124186,6825.595680679225,0.0,Post-Monsoon,754073921,HP-STG-v1.0.0,Phase 8B v1.0.0
SYNTH_8B_batch_0005_01538,SYNTH-SYNTH_8B_batch_0005_01538-D007,EXTREME_TAIL_PHYSICAL_ENVIRONMENT_INCONSISTENCY: VI (5592.0 > 4500),355.88275928810793,5591.979481646392,0.0,Post-Monsoon,754073921,HP-STG-v1.0.0,Phase 8B v1.0.0
SYNTH_8B_batch_0005_01538,SYNTH-SYNTH_8B_batch_0005_01538-D020,EXTREME_TAIL_PHYSICAL_ENVIRONMENT_INCONSISTENCY: VI (5611.6 > 4500),257.1519253582077,5611.631648010737,0.0,Post-Monsoon,754073921,HP-STG-v1.0.0,Phase 8B v1.0.0
SYNTH_8B_batch_0005_01538,SYNTH-SYNTH_8B_batch_0005_01538-D027,EXTREME_TAIL_PHYSICAL_ENVIRONMENT_INCONSISTENCY: VI (5790.0 > 4500),275.38861879496824,5789.964688997975,0.0,Post-Monsoon,754073921,HP-STG-v1.0.0,Phase 8B v1.0.0
SYNTH_8B_batch_0005_01541,SYNTH-SYNTH_8B_batch_0005_01541-D004,EXTREME_TAIL_PHYSICAL_ENVIRONMENT_INCONSISTENCY: VI (7031.3 > 4500),293.64179716533033,7031.272388704644,0.0,Winter,4245537129,HP-STG-v1.0.0,Phase 8B v1.0.0
SYNTH_8B_batch_0005_01542,SYNTH-SYNTH_8B_batch_0005_01542-D009,EXTREME_TAIL_PHYSICAL_ENVIRONMENT_INCONSISTENCY: VI (5436.8 > 4500),285.7205056224733,5436.771067264623,0.0,Post-Monsoon,4218895688,HP-STG-v1.0.0,Phase 8B v1.0.0
SYNTH_8B_batch_0005_01546,SYNTH-SYNTH_8B_batch_0005_01546-D027,EXTREME_TAIL_PHYSICAL_ENVIRONMENT_INCONSISTENCY: VI (7040.6 > 4500),320.05052439469046,7040.601778376405,0.0,Post-Monsoon,2225612979,HP-STG-v1.0.0,Phase 8B v1.0.0
SYNTH_8B_batch_0005_01546,SYNTH-SYNTH_8B_batch_0005_01546-D030,EXTREME_TAIL_PHYSICAL_ENVIRONMENT_INCONSISTENCY: VI (6609.7 > 4500),327.3225435321379,6609.686789291714,0.0,Post-Monsoon,2225612979,HP-STG-v1.0.0,Phase 8B v1.0.0
SYNTH_8B_batch_0005_01550,SYNTH-SYNTH_8B_batch_0005_01550-D027,EXTREME_TAIL_PHYSICAL_ENVIRONMENT_INCONSISTENCY: VI (6203.3 > 4500),275.3026706930602,6203.282828650294,0.0,Post-Monsoon,2271626494,HP-STG-v1.0.0,Phase 8B v1.0.0
SYNTH_8B_batch_0005_01554,SYNTH-SYNTH_8B_batch_0005_01554-D007,EXTREME_TAIL_PHYSICAL_ENVIRONMENT_INCONSISTENCY: VI (6303.3 > 4500),278.99933007184,6303.259175247732,0.0,Post-Monsoon,2033709856,HP-STG-v1.0.0,Phase 8B v1.0.0
SYNTH_8B_batch_0005_01554,SYNTH-SYNTH_8B_batch_0005_01554-D029,EXTREME_TAIL_PHYSICAL_ENVIRONMENT_INCONSISTENCY: VI (8853.1 > 4500),267.6325009903617,8853.087969619446,0.0,Post-Monsoon,2033709856,HP-STG-v1.0.0,Phase 8B v1.0.0
SYNTH_8B_batch_0005_01558,SYNTH-SYNTH_8B_batch_0005_01558-D004,EXTREME_TAIL_PHYSICAL_ENVIRONMENT_INCONSISTENCY: VI (4817.4 > 4500),302.88126367366993,4817.409427864376,0.0,Post-Monsoon,2242968417,HP-STG-v1.0.0,Phase 8B v1.0.0
SYNTH_8B_batch_0005_01569,SYNTH-SYNTH_8B_batch_0005_01569-D010,EXTREME_TAIL_PHYSICAL_ENVIRONMENT_INCONSISTENCY: VI (5808.2 > 4500),331.17191449978407,5808.2076238094905,0.0,Winter,2884848097,HP-STG-v1.0.0,Phase 8B v1.0.0
SYNTH_8B_batch_0005_01569,SYNTH-SYNTH_8B_batch_0005_01569-D011,EXTREME_TAIL_PHYSICAL_ENVIRONMENT_INCONSISTENCY: VI (8076.9 > 4500),257.3849418066326,8076.9189845444,0.0,Winter,2884848097,HP-STG-v1.0.0,Phase 8B v1.0.0
SYNTH_8B_batch_0005_01570,SYNTH-SYNTH_8B_batch_0005_01570-D002,EXTREME_TAIL_PHYSICAL_ENVIRONMENT_INCONSISTENCY: VI (6236.2 > 4500),330.96780642033093,6236.20708384451,0.0,Post-Monsoon,645352535,HP-STG-v1.0.0,Phase 8B v1.0.0
SYNTH_8B_batch_0005_01573,SYNTH-SYNTH_8B_batch_0005_01573-D003,EXTREME_TAIL_PHYSICAL_ENVIRONMENT_INCONSISTENCY: VI (7230.7 > 4500),258.7513577546647,7230.694308826729,0.0,Winter,371276859,HP-STG-v1.0.0,Phase 8B v1.0.0
SYNTH_8B_batch_0005_01574,SYNTH-SYNTH_8B_batch_0005_01574-D006,EXTREME_TAIL_PHYSICAL_ENVIRONMENT_INCONSISTENCY: VI (5536.4 > 4500),382.02769947433205,5536.394733708143,0.0,Post-Monsoon,3759205626,HP-STG-v1.0.0,Phase 8B v1.0.0
SYNTH_8B_batch_0005_01574,SYNTH-SYNTH_8B_batch_0005_01574-D015,EXTREME_TAIL_PHYSICAL_ENVIRONMENT_INCONSISTENCY: VI (4970.1 > 4500),250.5519277457891,4970.123822163825,0.0,Post-Monsoon,3759205626,HP-STG-v1.0.0,Phase 8B v1.0.0
SYNTH_8B_batch_0005_01574,SYNTH-SYNTH_8B_batch_0005_01574-D018,EXTREME_TAIL_PHYSICAL_ENVIRONMENT_INCONSISTENCY: VI (4922.9 > 4500),288.42837877377013,4922.906438618529,0.0,Post-Monsoon,3759205626,HP-STG-v1.0.0,Phase 8B v1.0.0
SYNTH_8B_batch_0005_01574,SYNTH-SYNTH_8B_batch_0005_01574-D026,EXTREME_TAIL_PHYSICAL_ENVIRONMENT_INCONSISTENCY: VI (5418.8 > 4500),362.9401317748676,5418.7924756605735,0.0,Post-Monsoon,3759205626,HP-STG-v1.0.0,Phase 8B v1.0.0
SYNTH_8B_batch_0005_01574,SYNTH-SYNTH_8B_batch_0005_01574-D027,EXTREME_TAIL_PHYSICAL_ENVIRONMENT_INCONSISTENCY: VI (8486.3 > 4500),286.82163702395013,8486.266975312406,0.0,Post-Monsoon,3759205626,HP-STG-v1.0.0,Phase 8B v1.0.0
SYNTH_8B_batch_0005_01578,SYNTH-SYNTH_8B_batch_0005_01578-D002,EXTREME_TAIL_PHYSICAL_ENVIRONMENT_INCONSISTENCY: VI (6094.0 > 4500),335.91673535520596,6093.986671087672,0.0,Post-Monsoon,1743518618,HP-STG-v1.0.0,Phase 8B v1.0.0
SYNTH_8B_batch_0005_01578,SYNTH-SYNTH_8B_batch_0005_01578-D003,EXTREME_TAIL_PHYSICAL_ENVIRONMENT_INCONSISTENCY: VI (6062.8 > 4500),284.9157461063295,6062.826035508125,0.0,Post-Monsoon,1743518618,HP-STG-v1.0.0,Phase 8B v1.0.0
SYNTH_8B_batch_0005_01578,SYNTH-SYNTH_8B_batch_0005_01578-D017,EXTREME_TAIL_PHYSICAL_ENVIRONMENT_INCONSISTENCY: VI (9742.8 > 4500),279.3968557118473,9742.76589670235,0.0,Post-Monsoon,1743518618,HP-STG-v1.0.0,Phase 8B v1.0.0
SYNTH_8B_batch_0005_01582,SYNTH-SYNTH_8B_batch_0005_01582-D025,EXTREME_TAIL_PHYSICAL_ENVIRONMENT_INCONSISTENCY: VI (6180.2 > 4500),337.6493751936013,6180.197207040087,0.0,Post-Monsoon,2540852664,HP-STG-v1.0.0,Phase 8B v1.0.0
SYNTH_8B_batch_0005_01582,SYNTH-SYNTH_8B_batch_0005_01582-D026,EXTREME_TAIL_PHYSICAL_ENVIRONMENT_INCONSISTENCY: VI (6575.8 > 4500),270.9265818043827,6575.788440746945,0.0,Post-Monsoon,2540852664,HP-STG-v1.0.0,Phase 8B v1.0.0
SYNTH_8B_batch_0005_01585,SYNTH-SYNTH_8B_batch_0005_01585-D008,EXTREME_TAIL_PHYSICAL_ENVIRONMENT_INCONSISTENCY: VI (5346.6 > 4500),397.37283454229015,5346.577991997666,0.0,Winter,3806333724,HP-STG-v1.0.0,Phase 8B v1.0.0
SYNTH_8B_batch_0005_01585,SYNTH-SYNTH_8B_batch_0005_01585-D010,EXTREME_TAIL_PHYSICAL_ENVIRONMENT_INCONSISTENCY: VI (6787.5 > 4500),334.47690459245894,6787.476915128474,0.0,Winter,3806333724,HP-STG-v1.0.0,Phase 8B v1.0.0
SYNTH_8B_batch_0005_01586,SYNTH-SYNTH_8B_batch_0005_01586-D002,EXTREME_TAIL_PHYSICAL_ENVIRONMENT_INCONSISTENCY: VI (5824.2 > 4500),304.26989998572236,5824.203515198404,0.0,Post-Monsoon,2442584303,HP-STG-v1.0.0,Phase 8B v1.0.0
SYNTH_8B_batch_0005_01586,SYNTH-SYNTH_8B_batch_0005_01586-D010,EXTREME_TAIL_PHYSICAL_ENVIRONMENT_INCONSISTENCY: VI (5980.9 > 4500),339.49939134567586,5980.9332680434145,0.0,Post-Monsoon,2442584303,HP-STG-v1.0.0,Phase 8B v1.0.0
SYNTH_8B_batch_0005_01586,SYNTH-SYNTH_8B_batch_0005_01586-D011,EXTREME_TAIL_PHYSICAL_ENVIRONMENT_INCONSISTENCY: VI (6843.1 > 4500),293.13302967468474,6843.131471749551,0.0,Post-Monsoon,2442584303,HP-STG-v1.0.0,Phase 8B v1.0.0
SYNTH_8B_batch_0005_01589,SYNTH-SYNTH_8B_batch_0005_01589-D009,EXTREME_TAIL_PHYSICAL_ENVIRONMENT_INCONSISTENCY: VI (8652.0 > 4500),261.6240703338217,8652.01582586411,0.0,Winter,3484621571,HP-STG-v1.0.0,Phase 8B v1.0.0
SYNTH_8B_batch_0005_01590,SYNTH-SYNTH_8B_batch_0005_01590-D002,EXTREME_TAIL_PHYSICAL_ENVIRONMENT_INCONSISTENCY: VI (6971.8 > 4500),252.37533358296355,6971.776066895245,0.0,Post-Monsoon,3377767996,HP-STG-v1.0.0,Phase 8B v1.0.0
SYNTH_8B_batch_0005_01601,SYNTH-SYNTH_8B_batch_0005_01601-D006,EXTREME_TAIL_PHYSICAL_ENVIRONMENT_INCONSISTENCY: VI (9122.1 > 4500),259.62527254609546,9122.062150304851,0.0,Winter,2755614676,HP-STG-v1.0.0,Phase 8B v1.0.0
SYNTH_8B_batch_0005_01606,SYNTH-SYNTH_8B_batch_0005_01606-D016,EXTREME_TAIL_PHYSICAL_ENVIRONMENT_INCONSISTENCY: VI (4937.2 > 4500),290.75843487643016,4937.172626141458,0.0,Post-Monsoon,1888283598,HP-STG-v1.0.0,Phase 8B v1.0.0
SYNTH_8B_batch_0005_01610,SYNTH-SYNTH_8B_batch_0005_01610-D012,EXTREME_TAIL_PHYSICAL_ENVIRONMENT_INCONSISTENCY: VI (5910.7 > 4500),359.52172947550514,5910.673665768187,0.0,Post-Monsoon,2621238465,HP-STG-v1.0.0,Phase 8B v1.0.0
SYNTH_8B_batch_0005_01610,SYNTH-SYNTH_8B_batch_0005_01610-D017,EXTREME_TAIL_PHYSICAL_ENVIRONMENT_INCONSISTENCY: VI (5395.8 > 4500),441.0119028321539,5395.794301675,0.0,Post-Monsoon,2621238465,HP-STG-v1.0.0,Phase 8B v1.0.0
SYNTH_8B_batch_0005_01610,SYNTH-SYNTH_8B_batch_0005_01610-D018,EXTREME_TAIL_PHYSICAL_ENVIRONMENT_INCONSISTENCY: VI (6219.4 > 4500),374.64552043681437,6219.425966283287,0.0,Post-Monsoon,2621238465,HP-STG-v1.0.0,Phase 8B v1.0.0
SYNTH_8B_batch_0005_01610,SYNTH-SYNTH_8B_batch_0005_01610-D019,EXTREME_TAIL_PHYSICAL_ENVIRONMENT_INCONSISTENCY: VI (5400.0 > 4500),337.97846678651,5400.0001030936655,0.0,Post-Monsoon,2621238465,HP-STG-v1.0.0,Phase 8B v1.0.0
SYNTH_8B_batch_0005_01610,SYNTH-SYNTH_8B_batch_0005_01610-D020,EXTREME_TAIL_PHYSICAL_ENVIRONMENT_INCONSISTENCY: VI (4994.7 > 4500),259.86885241808193,4994.744257300963,0.0,Post-Monsoon,2621238465,HP-STG-v1.0.0,Phase 8B v1.0.0
SYNTH_8B_batch_0005_01626,SYNTH-SYNTH_8B_batch_0005_01626-D012,EXTREME_TAIL_PHYSICAL_ENVIRONMENT_INCONSISTENCY: VI (5230.0 > 4500),325.6116653955874,5229.953068753243,0.0,Post-Monsoon,382238886,HP-STG-v1.0.0,Phase 8B v1.0.0
SYNTH_8B_batch_0005_01626,SYNTH-SYNTH_8B_batch_0005_01626-D013,EXTREME_TAIL_PHYSICAL_ENVIRONMENT_INCONSISTENCY: VI (5564.0 > 4500),254.3535359817249,5563.996833178195,0.0,Post-Monsoon,382238886,HP-STG-v1.0.0,Phase 8B v1.0.0
SYNTH_8B_batch_0005_01634,SYNTH-SYNTH_8B_batch_0005_01634-D005,EXTREME_TAIL_PHYSICAL_ENVIRONMENT_INCONSISTENCY: VI (6186.5 > 4500),260.220201016193,6186.532123431393,0.0,Post-Monsoon,3920414230,HP-STG-v1.0.0,Phase 8B v1.0.0
SYNTH_8B_batch_0005_01634,SYNTH-SYNTH_8B_batch_0005_01634-D017,EXTREME_TAIL_PHYSICAL_ENVIRONMENT_INCONSISTENCY: VI (7341.5 > 4500),307.2600889036959,7341.450045770214,0.0,Post-Monsoon,3920414230,HP-STG-v1.0.0,Phase 8B v1.0.0
SYNTH_8B_batch_0005_01634,SYNTH-SYNTH_8B_batch_0005_01634-D018,EXTREME_TAIL_PHYSICAL_ENVIRONMENT_INCONSISTENCY: VI (5421.5 > 4500),287.0608513047164,5421.506622195897,0.0,Post-Monsoon,3920414230,HP-STG-v1.0.0,Phase 8B v1.0.0
SYNTH_8B_batch_0005_01634,SYNTH-SYNTH_8B_batch_0005_01634-D021,EXTREME_TAIL_PHYSICAL_ENVIRONMENT_INCONSISTENCY: VI (5454.9 > 4500),266.1573713742235,5454.941531324785,0.0,Post-Monsoon,3920414230,HP-STG-v1.0.0,Phase 8B v1.0.0
SYNTH_8B_batch_0005_01642,SYNTH-SYNTH_8B_batch_0005_01642-D016,EXTREME_TAIL_PHYSICAL_ENVIRONMENT_INCONSISTENCY: VI (4782.7 > 4500),335.23602061297333,4782.723663824986,0.0,Post-Monsoon,1100047284,HP-STG-v1.0.0,Phase 8B v1.0.0
SYNTH_8B_batch_0005_01642,SYNTH-SYNTH_8B_batch_0005_01642-D018,EXTREME_TAIL_PHYSICAL_ENVIRONMENT_INCONSISTENCY: VI (4825.1 > 4500),299.8122575449061,4825.052093613179,0.0,Post-Monsoon,1100047284,HP-STG-v1.0.0,Phase 8B v1.0.0
SYNTH_8B_batch_0005_01642,SYNTH-SYNTH_8B_batch_0005_01642-D019,EXTREME_TAIL_PHYSICAL_ENVIRONMENT_INCONSISTENCY: VI (5555.3 > 4500),266.7787321173477,5555.25821165113,0.0,Post-Monsoon,1100047284,HP-STG-v1.0.0,Phase 8B v1.0.0
SYNTH_8B_batch_0005_01650,SYNTH-SYNTH_8B_batch_0005_01650-D018,EXTREME_TAIL_PHYSICAL_ENVIRONMENT_INCONSISTENCY: VI (7418.9 > 4500),253.20996220804875,7418.938924115082,0.0,Post-Monsoon,1080881748,HP-STG-v1.0.0,Phase 8B v1.0.0
SYNTH_8B_batch_0005_01658,SYNTH-SYNTH_8B_batch_0005_01658-D020,EXTREME_TAIL_PHYSICAL_ENVIRONMENT_INCONSISTENCY: VI (6083.9 > 4500),269.02367817625185,6083.876847837895,0.0,Post-Monsoon,1810017688,HP-STG-v1.0.0,Phase 8B v1.0.0
SYNTH_8B_batch_0005_01662,SYNTH-SYNTH_8B_batch_0005_01662-D010,EXTREME_TAIL_PHYSICAL_ENVIRONMENT_INCONSISTENCY: VI (7661.9 > 4500),297.91185587757974,7661.862771076755,0.0,Post-Monsoon,1981553822,HP-STG-v1.0.0,Phase 8B v1.0.0
SYNTH_8B_batch_0005_01662,SYNTH-SYNTH_8B_batch_0005_01662-D012,EXTREME_TAIL_PHYSICAL_ENVIRONMENT_INCONSISTENCY: VI (7856.9 > 4500),301.675798650319,7856.855233841527,0.0,Post-Monsoon,1981553822,HP-STG-v1.0.0,Phase 8B v1.0.0
SYNTH_8B_batch_0005_01666,SYNTH-SYNTH_8B_batch_0005_01666-D022,EXTREME_TAIL_PHYSICAL_ENVIRONMENT_INCONSISTENCY: VI (6691.9 > 4500),350.9083198522238,6691.94623595822,0.0,Post-Monsoon,1276021560,HP-STG-v1.0.0,Phase 8B v1.0.0
SYNTH_8B_batch_0005_01669,SYNTH-SYNTH_8B_batch_0005_01669-D007,EXTREME_TAIL_PHYSICAL_ENVIRONMENT_INCONSISTENCY: VI (5199.9 > 4500),277.2303812413151,5199.888491045117,0.0,Winter,3246749668,HP-STG-v1.0.0,Phase 8B v1.0.0
SYNTH_8B_batch_0005_01670,SYNTH-SYNTH_8B_batch_0005_01670-D004,EXTREME_TAIL_PHYSICAL_ENVIRONMENT_INCONSISTENCY: VI (6891.4 > 4500),350.65672414030115,6891.432424162289,0.0,Post-Monsoon,1667303198,HP-STG-v1.0.0,Phase 8B v1.0.0
SYNTH_8B_batch_0005_01670,SYNTH-SYNTH_8B_batch_0005_01670-D005,EXTREME_TAIL_PHYSICAL_ENVIRONMENT_INCONSISTENCY: VI (7748.3 > 4500),250.54869692619403,7748.314875756234,0.0,Post-Monsoon,1667303198,HP-STG-v1.0.0,Phase 8B v1.0.0
SYNTH_8B_batch_0005_01670,SYNTH-SYNTH_8B_batch_0005_01670-D007,EXTREME_TAIL_PHYSICAL_ENVIRONMENT_INCONSISTENCY: VI (7768.4 > 4500),250.09557738448711,7768.375668800738,0.0,Post-Monsoon,1667303198,HP-STG-v1.0.0,Phase 8B v1.0.0
SYNTH_8B_batch_0005_01670,SYNTH-SYNTH_8B_batch_0005_01670-D010,EXTREME_TAIL_PHYSICAL_ENVIRONMENT_INCONSISTENCY: VI (5533.4 > 4500),255.23150270354748,5533.3958383174395,0.0,Post-Monsoon,1667303198,HP-STG-v1.0.0,Phase 8B v1.0.0
SYNTH_8B_batch_0005_01674,SYNTH-SYNTH_8B_batch_0005_01674-D027,EXTREME_TAIL_PHYSICAL_ENVIRONMENT_INCONSISTENCY: VI (6241.8 > 4500),256.04568170712923,6241.823332640449,0.0,Post-Monsoon,1381592559,HP-STG-v1.0.0,Phase 8B v1.0.0
SYNTH_8B_batch_0005_01678,SYNTH-SYNTH_8B_batch_0005_01678-D011,EXTREME_TAIL_PHYSICAL_ENVIRONMENT_INCONSISTENCY: VI (5129.1 > 4500),329.1012332897597,5129.124278825362,0.0,Post-Monsoon,2310617160,HP-STG-v1.0.0,Phase 8B v1.0.0
SYNTH_8B_batch_0005_01678,SYNTH-SYNTH_8B_batch_0005_01678-D012,EXTREME_TAIL_PHYSICAL_ENVIRONMENT_INCONSISTENCY: VI (7171.3 > 4500),266.7723519898175,7171.262446839371,0.0,Post-Monsoon,2310617160,HP-STG-v1.0.0,Phase 8B v1.0.0
SYNTH_8B_batch_0005_01678,SYNTH-SYNTH_8B_batch_0005_01678-D030,EXTREME_TAIL_PHYSICAL_ENVIRONMENT_INCONSISTENCY: VI (7483.5 > 4500),358.4074248107453,7483.506399700469,0.0,Post-Monsoon,2310617160,HP-STG-v1.0.0,Phase 8B v1.0.0
SYNTH_8B_batch_0005_01682,SYNTH-SYNTH_8B_batch_0005_01682-D025,EXTREME_TAIL_PHYSICAL_ENVIRONMENT_INCONSISTENCY: VI (6727.1 > 4500),339.0004110622333,6727.102248064309,0.0,Post-Monsoon,2960444723,HP-STG-v1.0.0,Phase 8B v1.0.0
SYNTH_8B_batch_0005_01682,SYNTH-SYNTH_8B_batch_0005_01682-D027,EXTREME_TAIL_PHYSICAL_ENVIRONMENT_INCONSISTENCY: VI (5263.8 > 4500),295.687706400759,5263.750966597142,0.0,Post-Monsoon,2960444723,HP-STG-v1.0.0,Phase 8B v1.0.0
SYNTH_8B_batch_0005_01686,SYNTH-SYNTH_8B_batch_0005_01686-D016,EXTREME_TAIL_PHYSICAL_ENVIRONMENT_INCONSISTENCY: VI (5608.2 > 4500),323.98173434458374,5608.198002902528,0.0,Post-Monsoon,173996225,HP-STG-v1.0.0,Phase 8B v1.0.0
SYNTH_8B_batch_0005_01694,SYNTH-SYNTH_8B_batch_0005_01694-D006,EXTREME_TAIL_PHYSICAL_ENVIRONMENT_INCONSISTENCY: VI (5920.5 > 4500),276.41713532539717,5920.548481733088,0.0,Post-Monsoon,984079675,HP-STG-v1.0.0,Phase 8B v1.0.0
SYNTH_8B_batch_0005_01694,SYNTH-SYNTH_8B_batch_0005_01694-D013,EXTREME_TAIL_PHYSICAL_ENVIRONMENT_INCONSISTENCY: VI (5215.4 > 4500),304.87217945954404,5215.433162543422,0.0,Post-Monsoon,984079675,HP-STG-v1.0.0,Phase 8B v1.0.0
SYNTH_8B_batch_0005_01694,SYNTH-SYNTH_8B_batch_0005_01694-D014,EXTREME_TAIL_PHYSICAL_ENVIRONMENT_INCONSISTENCY: VI (4831.1 > 4500),259.34229254231434,4831.14392050273,0.0,Post-Monsoon,984079675,HP-STG-v1.0.0,Phase 8B v1.0.0
SYNTH_8B_batch_0005_01694,SYNTH-SYNTH_8B_batch_0005_01694-D021,EXTREME_TAIL_PHYSICAL_ENVIRONMENT_INCONSISTENCY: VI (5286.3 > 4500),361.6461306681266,5286.344179139596,0.0,Post-Monsoon,984079675,HP-STG-v1.0.0,Phase 8B v1.0.0
SYNTH_8B_batch_0005_01694,SYNTH-SYNTH_8B_batch_0005_01694-D022,EXTREME_TAIL_PHYSICAL_ENVIRONMENT_INCONSISTENCY: VI (5305.4 > 4500),348.73567940936596,5305.385074714794,0.0,Post-Monsoon,984079675,HP-STG-v1.0.0,Phase 8B v1.0.0
SYNTH_8B_batch_0005_01694,SYNTH-SYNTH_8B_batch_0005_01694-D028,EXTREME_TAIL_PHYSICAL_ENVIRONMENT_INCONSISTENCY: VI (8268.4 > 4500),330.6244660945782,8268.37983247612,0.0,Post-Monsoon,984079675,HP-STG-v1.0.0,Phase 8B v1.0.0
SYNTH_8B_batch_0005_01698,SYNTH-SYNTH_8B_batch_0005_01698-D016,EXTREME_TAIL_PHYSICAL_ENVIRONMENT_INCONSISTENCY: VI (5341.9 > 4500),373.29232098012034,5341.903364486703,0.0,Post-Monsoon,1937225861,HP-STG-v1.0.0,Phase 8B v1.0.0
SYNTH_8B_batch_0005_01698,SYNTH-SYNTH_8B_batch_0005_01698-D017,EXTREME_TAIL_PHYSICAL_ENVIRONMENT_INCONSISTENCY: VI (4948.4 > 4500),288.37316342873845,4948.404168722209,0.0,Post-Monsoon,1937225861,HP-STG-v1.0.0,Phase 8B v1.0.0
SYNTH_8B_batch_0005_01698,SYNTH-SYNTH_8B_batch_0005_01698-D025,EXTREME_TAIL_PHYSICAL_ENVIRONMENT_INCONSISTENCY: VI (7109.5 > 4500),358.31464036142836,7109.4689796687935,0.0,Post-Monsoon,1937225861,HP-STG-v1.0.0,Phase 8B v1.0.0
SYNTH_8B_batch_0005_01698,SYNTH-SYNTH_8B_batch_0005_01698-D026,EXTREME_TAIL_PHYSICAL_ENVIRONMENT_INCONSISTENCY: VI (6327.8 > 4500),283.8461773162174,6327.7829386063895,0.0,Post-Monsoon,1937225861,HP-STG-v1.0.0,Phase 8B v1.0.0
SYNTH_8B_batch_0005_01702,SYNTH-SYNTH_8B_batch_0005_01702-D003,EXTREME_TAIL_PHYSICAL_ENVIRONMENT_INCONSISTENCY: VI (5909.0 > 4500),344.39359474897077,5908.992774089781,0.0,Post-Monsoon,2342651082,HP-STG-v1.0.0,Phase 8B v1.0.0
SYNTH_8B_batch_0005_01710,SYNTH-SYNTH_8B_batch_0005_01710-D017,EXTREME_TAIL_PHYSICAL_ENVIRONMENT_INCONSISTENCY: VI (5454.0 > 4500),371.08116900960243,5453.969622752187,0.0,Post-Monsoon,1790586531,HP-STG-v1.0.0,Phase 8B v1.0.0
SYNTH_8B_batch_0005_01710,SYNTH-SYNTH_8B_batch_0005_01710-D018,EXTREME_TAIL_PHYSICAL_ENVIRONMENT_INCONSISTENCY: VI (7351.8 > 4500),278.7516063710524,7351.753672824965,0.0,Post-Monsoon,1790586531,HP-STG-v1.0.0,Phase 8B v1.0.0
SYNTH_8B_batch_0005_01710,SYNTH-SYNTH_8B_batch_0005_01710-D026,EXTREME_TAIL_PHYSICAL_ENVIRONMENT_INCONSISTENCY: VI (6983.1 > 4500),344.73750568265103,6983.124006582151,0.0,Post-Monsoon,1790586531,HP-STG-v1.0.0,Phase 8B v1.0.0
SYNTH_8B_batch_0005_01710,SYNTH-SYNTH_8B_batch_0005_01710-D027,EXTREME_TAIL_PHYSICAL_ENVIRONMENT_INCONSISTENCY: VI (7010.3 > 4500),265.3991099284942,7010.300678134353,0.0,Post-Monsoon,1790586531,HP-STG-v1.0.0,Phase 8B v1.0.0
SYNTH_8B_batch_0005_01710,SYNTH-SYNTH_8B_batch_0005_01710-D029,EXTREME_TAIL_PHYSICAL_ENVIRONMENT_INCONSISTENCY: VI (4796.5 > 4500),278.61586699156624,4796.452441438553,0.0,Post-Monsoon,1790586531,HP-STG-v1.0.0,Phase 8B v1.0.0
SYNTH_8B_batch_0005_01714,SYNTH-SYNTH_8B_batch_0005_01714-D004,EXTREME_TAIL_PHYSICAL_ENVIRONMENT_INCONSISTENCY: VI (5526.2 > 4500),350.388705338471,5526.221550815635,0.0,Post-Monsoon,3298837915,HP-STG-v1.0.0,Phase 8B v1.0.0
SYNTH_8B_batch_0005_01714,SYNTH-SYNTH_8B_batch_0005_01714-D012,EXTREME_TAIL_PHYSICAL_ENVIRONMENT_INCONSISTENCY: VI (8295.6 > 4500),356.80155030959213,8295.560791333452,0.0,Post-Monsoon,3298837915,HP-STG-v1.0.0,Phase 8B v1.0.0
SYNTH_8B_batch_0005_01714,SYNTH-SYNTH_8B_batch_0005_01714-D013,EXTREME_TAIL_PHYSICAL_ENVIRONMENT_INCONSISTENCY: VI (5492.9 > 4500),292.5432391082531,5492.9134271127705,0.0,Post-Monsoon,3298837915,HP-STG-v1.0.0,Phase 8B v1.0.0
SYNTH_8B_batch_0005_01714,SYNTH-SYNTH_8B_batch_0005_01714-D028,EXTREME_TAIL_PHYSICAL_ENVIRONMENT_INCONSISTENCY: VI (8864.6 > 4500),303.4868042176436,8864.603310248387,0.0,Post-Monsoon,3298837915,HP-STG-v1.0.0,Phase 8B v1.0.0
SYNTH_8B_batch_0005_01718,SYNTH-SYNTH_8B_batch_0005_01718-D015,EXTREME_TAIL_PHYSICAL_ENVIRONMENT_INCONSISTENCY: VI (7240.4 > 4500),288.89169421744475,7240.377399448254,0.0,Post-Monsoon,3296183158,HP-STG-v1.0.0,Phase 8B v1.0.0
SYNTH_8B_batch_0005_01718,SYNTH-SYNTH_8B_batch_0005_01718-D025,EXTREME_TAIL_PHYSICAL_ENVIRONMENT_INCONSISTENCY: VI (6260.4 > 4500),364.8205056920377,6260.366606593641,0.0,Post-Monsoon,3296183158,HP-STG-v1.0.0,Phase 8B v1.0.0
SYNTH_8B_batch_0005_01718,SYNTH-SYNTH_8B_batch_0005_01718-D026,EXTREME_TAIL_PHYSICAL_ENVIRONMENT_INCONSISTENCY: VI (5389.7 > 4500),272.63875218667226,5389.687587353984,0.0,Post-Monsoon,3296183158,HP-STG-v1.0.0,Phase 8B v1.0.0
SYNTH_8B_batch_0005_01718,SYNTH-SYNTH_8B_batch_0005_01718-D028,EXTREME_TAIL_PHYSICAL_ENVIRONMENT_INCONSISTENCY: VI (6203.1 > 4500),271.3556662035618,6203.147084123222,0.0,Post-Monsoon,3296183158,HP-STG-v1.0.0,Phase 8B v1.0.0
SYNTH_8B_batch_0005_01722,SYNTH-SYNTH_8B_batch_0005_01722-D018,EXTREME_TAIL_PHYSICAL_ENVIRONMENT_INCONSISTENCY: VI (6966.0 > 4500),278.4526424796888,6965.979756711817,0.0,Post-Monsoon,2068828480,HP-STG-v1.0.0,Phase 8B v1.0.0
SYNTH_8B_batch_0005_01725,SYNTH-SYNTH_8B_batch_0005_01725-D002,EXTREME_TAIL_PHYSICAL_ENVIRONMENT_INCONSISTENCY: VI (9104.3 > 4500),269.4906122486167,9104.328487314397,0.0,Winter,206815388,HP-STG-v1.0.0,Phase 8B v1.0.0
SYNTH_8B_batch_0005_01729,SYNTH-SYNTH_8B_batch_0005_01729-D004,EXTREME_TAIL_PHYSICAL_ENVIRONMENT_INCONSISTENCY: VI (5474.7 > 4500),298.9031669508397,5474.677507868621,0.0,Winter,2971774459,HP-STG-v1.0.0,Phase 8B v1.0.0
SYNTH_8B_batch_0005_01730,SYNTH-SYNTH_8B_batch_0005_01730-D012,EXTREME_TAIL_PHYSICAL_ENVIRONMENT_INCONSISTENCY: VI (7591.0 > 4500),274.71962830461763,7591.009285292054,0.0,Post-Monsoon,2009454324,HP-STG-v1.0.0,Phase 8B v1.0.0
SYNTH_8B_batch_0005_01733,SYNTH-SYNTH_8B_batch_0005_01733-D013,EXTREME_TAIL_PHYSICAL_ENVIRONMENT_INCONSISTENCY: VI (7318.9 > 4500),286.6077348247883,7318.902796630291,0.0,Winter,2034189445,HP-STG-v1.0.0,Phase 8B v1.0.0
SYNTH_8B_batch_0005_01734,SYNTH-SYNTH_8B_batch_0005_01734-D005,EXTREME_TAIL_PHYSICAL_ENVIRONMENT_INCONSISTENCY: VI (4815.2 > 4500),409.805387632489,4815.2024958328075,0.0,Post-Monsoon,34484935,HP-STG-v1.0.0,Phase 8B v1.0.0
SYNTH_8B_batch_0005_01734,SYNTH-SYNTH_8B_batch_0005_01734-D006,EXTREME_TAIL_PHYSICAL_ENVIRONMENT_INCONSISTENCY: VI (6822.9 > 4500),374.84587543726514,6822.947345404724,0.0,Post-Monsoon,34484935,HP-STG-v1.0.0,Phase 8B v1.0.0
SYNTH_8B_batch_0005_01734,SYNTH-SYNTH_8B_batch_0005_01734-D008,EXTREME_TAIL_PHYSICAL_ENVIRONMENT_INCONSISTENCY: VI (5710.2 > 4500),358.97306101804577,5710.238757062296,0.0,Post-Monsoon,34484935,HP-STG-v1.0.0,Phase 8B v1.0.0
SYNTH_8B_batch_0005_01734,SYNTH-SYNTH_8B_batch_0005_01734-D009,EXTREME_TAIL_PHYSICAL_ENVIRONMENT_INCONSISTENCY: VI (7743.6 > 4500),261.1213338052045,7743.577641514554,0.0,Post-Monsoon,34484935,HP-STG-v1.0.0,Phase 8B v1.0.0
SYNTH_8B_batch_0005_01742,SYNTH-SYNTH_8B_batch_0005_01742-D015,EXTREME_TAIL_PHYSICAL_ENVIRONMENT_INCONSISTENCY: VI (5136.1 > 4500),399.08255804415097,5136.090454873187,0.0,Post-Monsoon,2686059192,HP-STG-v1.0.0,Phase 8B v1.0.0
SYNTH_8B_batch_0005_01742,SYNTH-SYNTH_8B_batch_0005_01742-D016,EXTREME_TAIL_PHYSICAL_ENVIRONMENT_INCONSISTENCY: VI (5939.1 > 4500),296.68016665240845,5939.066992633356,0.0,Post-Monsoon,2686059192,HP-STG-v1.0.0,Phase 8B v1.0.0
SYNTH_8B_batch_0005_01746,SYNTH-SYNTH_8B_batch_0005_01746-D025,EXTREME_TAIL_PHYSICAL_ENVIRONMENT_INCONSISTENCY: VI (7568.4 > 4500),256.76231680608385,7568.392652487737,0.0,Post-Monsoon,1761363303,HP-STG-v1.0.0,Phase 8B v1.0.0
SYNTH_8B_batch_0005_01750,SYNTH-SYNTH_8B_batch_0005_01750-D004,EXTREME_TAIL_PHYSICAL_ENVIRONMENT_INCONSISTENCY: VI (6091.2 > 4500),351.6059623644237,6091.1693086317055,0.0,Post-Monsoon,3266058146,HP-STG-v1.0.0,Phase 8B v1.0.0
SYNTH_8B_batch_0005_01757,SYNTH-SYNTH_8B_batch_0005_01757-D002,EXTREME_TAIL_PHYSICAL_ENVIRONMENT_INCONSISTENCY: VI (9214.8 > 4500),265.933895123336,9214.830995390786,0.0,Winter,2710396136,HP-STG-v1.0.0,Phase 8B v1.0.0
SYNTH_8B_batch_0005_01758,SYNTH-SYNTH_8B_batch_0005_01758-D024,EXTREME_TAIL_PHYSICAL_ENVIRONMENT_INCONSISTENCY: VI (6254.8 > 4500),253.7495436505685,6254.837734753905,0.0,Post-Monsoon,1267235872,HP-STG-v1.0.0,Phase 8B v1.0.0
SYNTH_8B_batch_0005_01762,SYNTH-SYNTH_8B_batch_0005_01762-D018,EXTREME_TAIL_PHYSICAL_ENVIRONMENT_INCONSISTENCY: VI (6683.9 > 4500),339.77011807298516,6683.941653876823,0.0,Post-Monsoon,774300566,HP-STG-v1.0.0,Phase 8B v1.0.0
SYNTH_8B_batch_0005_01762,SYNTH-SYNTH_8B_batch_0005_01762-D019,EXTREME_TAIL_PHYSICAL_ENVIRONMENT_INCONSISTENCY: VI (6966.4 > 4500),315.56784931328457,6966.41155358308,0.0,Post-Monsoon,774300566,HP-STG-v1.0.0,Phase 8B v1.0.0
SYNTH_8B_batch_0005_01765,SYNTH-SYNTH_8B_batch_0005_01765-D011,EXTREME_TAIL_PHYSICAL_ENVIRONMENT_INCONSISTENCY: VI (4818.7 > 4500),267.50803363095963,4818.697183118013,0.0,Winter,369169407,HP-STG-v1.0.0,Phase 8B v1.0.0
SYNTH_8B_batch_0005_01766,SYNTH-SYNTH_8B_batch_0005_01766-D009,EXTREME_TAIL_PHYSICAL_ENVIRONMENT_INCONSISTENCY: VI (5657.1 > 4500),352.8098349079556,5657.066108617505,0.0,Post-Monsoon,2512983608,HP-STG-v1.0.0,Phase 8B v1.0.0
SYNTH_8B_batch_0005_01769,SYNTH-SYNTH_8B_batch_0005_01769-D010,EXTREME_TAIL_PHYSICAL_ENVIRONMENT_INCONSISTENCY: VI (6706.6 > 4500),286.2523130130795,6706.592477196044,0.0,Winter,1092239002,HP-STG-v1.0.0,Phase 8B v1.0.0
SYNTH_8B_batch_0005_01774,SYNTH-SYNTH_8B_batch_0005_01774-D003,EXTREME_TAIL_PHYSICAL_ENVIRONMENT_INCONSISTENCY: VI (6371.0 > 4500),306.4735982693433,6371.025910701571,0.0,Post-Monsoon,2277657334,HP-STG-v1.0.0,Phase 8B v1.0.0
SYNTH_8B_batch_0005_01774,SYNTH-SYNTH_8B_batch_0005_01774-D007,EXTREME_TAIL_PHYSICAL_ENVIRONMENT_INCONSISTENCY: VI (6293.2 > 4500),282.0743656845061,6293.237003309303,0.0,Post-Monsoon,2277657334,HP-STG-v1.0.0,Phase 8B v1.0.0
SYNTH_8B_batch_0005_01774,SYNTH-SYNTH_8B_batch_0005_01774-D010,EXTREME_TAIL_PHYSICAL_ENVIRONMENT_INCONSISTENCY: VI (6008.3 > 4500),271.62175750193967,6008.292625725065,0.0,Post-Monsoon,2277657334,HP-STG-v1.0.0,Phase 8B v1.0.0
SYNTH_8B_batch_0005_01774,SYNTH-SYNTH_8B_batch_0005_01774-D011,EXTREME_TAIL_PHYSICAL_ENVIRONMENT_INCONSISTENCY: VI (5596.2 > 4500),271.70129027869916,5596.159663129568,0.0,Post-Monsoon,2277657334,HP-STG-v1.0.0,Phase 8B v1.0.0
SYNTH_8B_batch_0005_01778,SYNTH-SYNTH_8B_batch_0005_01778-D016,EXTREME_TAIL_PHYSICAL_ENVIRONMENT_INCONSISTENCY: VI (4962.6 > 4500),415.98091379004256,4962.565512212248,0.0,Post-Monsoon,4000771488,HP-STG-v1.0.0,Phase 8B v1.0.0
SYNTH_8B_batch_0005_01778,SYNTH-SYNTH_8B_batch_0005_01778-D017,EXTREME_TAIL_PHYSICAL_ENVIRONMENT_INCONSISTENCY: VI (5798.8 > 4500),345.6764262478533,5798.75758990964,0.0,Post-Monsoon,4000771488,HP-STG-v1.0.0,Phase 8B v1.0.0
SYNTH_8B_batch_0005_01778,SYNTH-SYNTH_8B_batch_0005_01778-D029,EXTREME_TAIL_PHYSICAL_ENVIRONMENT_INCONSISTENCY: VI (7173.8 > 4500),325.3944703445968,7173.836548601766,0.0,Post-Monsoon,4000771488,HP-STG-v1.0.0,Phase 8B v1.0.0
SYNTH_8B_batch_0005_01778,SYNTH-SYNTH_8B_batch_0005_01778-D030,EXTREME_TAIL_PHYSICAL_ENVIRONMENT_INCONSISTENCY: VI (6818.8 > 4500),264.16020773988475,6818.799601370536,0.0,Post-Monsoon,4000771488,HP-STG-v1.0.0,Phase 8B v1.0.0
SYNTH_8B_batch_0005_01781,SYNTH-SYNTH_8B_batch_0005_01781-D004,EXTREME_TAIL_PHYSICAL_ENVIRONMENT_INCONSISTENCY: VI (6339.8 > 4500),292.3853292163057,6339.795887170093,0.0,Winter,1663390079,HP-STG-v1.0.0,Phase 8B v1.0.0
SYNTH_8B_batch_0005_01782,SYNTH-SYNTH_8B_batch_0005_01782-D012,EXTREME_TAIL_PHYSICAL_ENVIRONMENT_INCONSISTENCY: VI (7221.6 > 4500),288.3242153565156,7221.633302087764,0.0,Post-Monsoon,2675802938,HP-STG-v1.0.0,Phase 8B v1.0.0
SYNTH_8B_batch_0005_01782,SYNTH-SYNTH_8B_batch_0005_01782-D017,EXTREME_TAIL_PHYSICAL_ENVIRONMENT_INCONSISTENCY: VI (6249.0 > 4500),358.5169572700494,6248.987159473528,0.0,Post-Monsoon,2675802938,HP-STG-v1.0.0,Phase 8B v1.0.0
SYNTH_8B_batch_0005_01782,SYNTH-SYNTH_8B_batch_0005_01782-D018,EXTREME_TAIL_PHYSICAL_ENVIRONMENT_INCONSISTENCY: VI (5042.0 > 4500),289.2370526175224,5042.008531778007,0.0,Post-Monsoon,2675802938,HP-STG-v1.0.0,Phase 8B v1.0.0
SYNTH_8B_batch_0005_01790,SYNTH-SYNTH_8B_batch_0005_01790-D022,EXTREME_TAIL_PHYSICAL_ENVIRONMENT_INCONSISTENCY: VI (4549.5 > 4500),345.78801558017193,4549.501299796055,0.0,Post-Monsoon,2637291428,HP-STG-v1.0.0,Phase 8B v1.0.0
SYNTH_8B_batch_0005_01794,SYNTH-SYNTH_8B_batch_0005_01794-D003,EXTREME_TAIL_PHYSICAL_ENVIRONMENT_INCONSISTENCY: VI (7088.0 > 4500),333.998717594903,7087.979772707242,0.0,Post-Monsoon,779802089,HP-STG-v1.0.0,Phase 8B v1.0.0
SYNTH_8B_batch_0005_01794,SYNTH-SYNTH_8B_batch_0005_01794-D017,EXTREME_TAIL_PHYSICAL_ENVIRONMENT_INCONSISTENCY: VI (7114.2 > 4500),321.93040415040474,7114.1855810138995,0.0,Post-Monsoon,779802089,HP-STG-v1.0.0,Phase 8B v1.0.0
SYNTH_8B_batch_0005_01794,SYNTH-SYNTH_8B_batch_0005_01794-D018,EXTREME_TAIL_PHYSICAL_ENVIRONMENT_INCONSISTENCY: VI (7005.1 > 4500),257.9496167854962,7005.086087103849,0.0,Post-Monsoon,779802089,HP-STG-v1.0.0,Phase 8B v1.0.0
SYNTH_8B_batch_0005_01798,SYNTH-SYNTH_8B_batch_0005_01798-D010,EXTREME_TAIL_PHYSICAL_ENVIRONMENT_INCONSISTENCY: VI (7874.3 > 4500),286.1884349848392,7874.339478711547,0.0,Post-Monsoon,3171337093,HP-STG-v1.0.0,Phase 8B v1.0.0
SYNTH_8B_batch_0005_01801,SYNTH-SYNTH_8B_batch_0005_01801-D005,EXTREME_TAIL_PHYSICAL_ENVIRONMENT_INCONSISTENCY: VI (7316.2 > 4500),258.05445914623095,7316.151922211043,0.0,Winter,1042457829,HP-STG-v1.0.0,Phase 8B v1.0.0
SYNTH_8B_batch_0005_01802,SYNTH-SYNTH_8B_batch_0005_01802-D005,EXTREME_TAIL_PHYSICAL_ENVIRONMENT_INCONSISTENCY: VI (7761.4 > 4500),348.88624723349665,7761.421273596653,0.0,Post-Monsoon,1237601242,HP-STG-v1.0.0,Phase 8B v1.0.0
SYNTH_8B_batch_0005_01802,SYNTH-SYNTH_8B_batch_0005_01802-D006,EXTREME_TAIL_PHYSICAL_ENVIRONMENT_INCONSISTENCY: VI (7916.6 > 4500),258.1554888608749,7916.627622954214,0.0,Post-Monsoon,1237601242,HP-STG-v1.0.0,Phase 8B v1.0.0
SYNTH_8B_batch_0005_01802,SYNTH-SYNTH_8B_batch_0005_01802-D007,EXTREME_TAIL_PHYSICAL_ENVIRONMENT_INCONSISTENCY: VI (4697.3 > 4500),250.1593467955625,4697.2831218181445,0.0,Post-Monsoon,1237601242,HP-STG-v1.0.0,Phase 8B v1.0.0
SYNTH_8B_batch_0005_01806,SYNTH-SYNTH_8B_batch_0005_01806-D005,EXTREME_TAIL_PHYSICAL_ENVIRONMENT_INCONSISTENCY: VI (6909.5 > 4500),369.397312605189,6909.454955855153,0.0,Post-Monsoon,1257742148,HP-STG-v1.0.0,Phase 8B v1.0.0
SYNTH_8B_batch_0005_01806,SYNTH-SYNTH_8B_batch_0005_01806-D007,EXTREME_TAIL_PHYSICAL_ENVIRONMENT_INCONSISTENCY: VI (4636.2 > 4500),272.07595457690917,4636.161552691167,0.0,Post-Monsoon,1257742148,HP-STG-v1.0.0,Phase 8B v1.0.0
SYNTH_8B_batch_0005_01806,SYNTH-SYNTH_8B_batch_0005_01806-D021,EXTREME_TAIL_PHYSICAL_ENVIRONMENT_INCONSISTENCY: VI (6391.8 > 4500),297.62046590081763,6391.780426161679,0.0,Post-Monsoon,1257742148,HP-STG-v1.0.0,Phase 8B v1.0.0
SYNTH_8B_batch_0005_01810,SYNTH-SYNTH_8B_batch_0005_01810-D004,EXTREME_TAIL_PHYSICAL_ENVIRONMENT_INCONSISTENCY: VI (7314.9 > 4500),325.30732846523244,7314.895595914547,0.0,Post-Monsoon,539923538,HP-STG-v1.0.0,Phase 8B v1.0.0
SYNTH_8B_batch_0005_01810,SYNTH-SYNTH_8B_batch_0005_01810-D005,EXTREME_TAIL_PHYSICAL_ENVIRONMENT_INCONSISTENCY: VI (6855.2 > 4500),259.16753084943093,6855.171436110428,0.0,Post-Monsoon,539923538,HP-STG-v1.0.0,Phase 8B v1.0.0
SYNTH_8B_batch_0005_01810,SYNTH-SYNTH_8B_batch_0005_01810-D013,EXTREME_TAIL_PHYSICAL_ENVIRONMENT_INCONSISTENCY: VI (6732.2 > 4500),299.7490033884111,6732.150165900186,0.0,Post-Monsoon,539923538,HP-STG-v1.0.0,Phase 8B v1.0.0
SYNTH_8B_batch_0005_01810,SYNTH-SYNTH_8B_batch_0005_01810-D018,EXTREME_TAIL_PHYSICAL_ENVIRONMENT_INCONSISTENCY: VI (5260.4 > 4500),344.94685474740317,5260.375075618105,0.0,Post-Monsoon,539923538,HP-STG-v1.0.0,Phase 8B v1.0.0
SYNTH_8B_batch_0005_01810,SYNTH-SYNTH_8B_batch_0005_01810-D019,EXTREME_TAIL_PHYSICAL_ENVIRONMENT_INCONSISTENCY: VI (5209.7 > 4500),299.8807981338673,5209.718949595499,0.0,Post-Monsoon,539923538,HP-STG-v1.0.0,Phase 8B v1.0.0
SYNTH_8B_batch_0005_01814,SYNTH-SYNTH_8B_batch_0005_01814-D002,EXTREME_TAIL_PHYSICAL_ENVIRONMENT_INCONSISTENCY: VI (6743.6 > 4500),284.4764910373075,6743.566979601082,0.0,Post-Monsoon,3057090083,HP-STG-v1.0.0,Phase 8B v1.0.0
SYNTH_8B_batch_0005_01822,SYNTH-SYNTH_8B_batch_0005_01822-D007,EXTREME_TAIL_PHYSICAL_ENVIRONMENT_INCONSISTENCY: VI (4713.6 > 4500),254.67341579605383,4713.550969726677,0.0,Post-Monsoon,878044728,HP-STG-v1.0.0,Phase 8B v1.0.0
SYNTH_8B_batch_0005_01826,SYNTH-SYNTH_8B_batch_0005_01826-D006,EXTREME_TAIL_PHYSICAL_ENVIRONMENT_INCONSISTENCY: VI (6064.9 > 4500),361.4946091006247,6064.941307709735,0.0,Post-Monsoon,122108221,HP-STG-v1.0.0,Phase 8B v1.0.0
SYNTH_8B_batch_0005_01826,SYNTH-SYNTH_8B_batch_0005_01826-D007,EXTREME_TAIL_PHYSICAL_ENVIRONMENT_INCONSISTENCY: VI (5944.4 > 4500),300.00939413190275,5944.438495908123,0.0,Post-Monsoon,122108221,HP-STG-v1.0.0,Phase 8B v1.0.0
SYNTH_8B_batch_0005_01829,SYNTH-SYNTH_8B_batch_0005_01829-D002,EXTREME_TAIL_PHYSICAL_ENVIRONMENT_INCONSISTENCY: VI (7716.9 > 4500),292.7921523490502,7716.864709172308,0.0,Winter,3062059072,HP-STG-v1.0.0,Phase 8B v1.0.0
SYNTH_8B_batch_0005_01830,SYNTH-SYNTH_8B_batch_0005_01830-D009,EXTREME_TAIL_PHYSICAL_ENVIRONMENT_INCONSISTENCY: VI (7634.4 > 4500),283.1854026407958,7634.379211409354,0.0,Post-Monsoon,4224305462,HP-STG-v1.0.0,Phase 8B v1.0.0
SYNTH_8B_batch_0005_01834,SYNTH-SYNTH_8B_batch_0005_01834-D027,EXTREME_TAIL_PHYSICAL_ENVIRONMENT_INCONSISTENCY: VI (7147.1 > 4500),313.19483256985546,7147.142082113684,0.0,Post-Monsoon,3549189451,HP-STG-v1.0.0,Phase 8B v1.0.0
SYNTH_8B_batch_0005_01838,SYNTH-SYNTH_8B_batch_0005_01838-D028,EXTREME_TAIL_PHYSICAL_ENVIRONMENT_INCONSISTENCY: VI (6971.1 > 4500),278.9885325440846,6971.141271420201,0.0,Post-Monsoon,4120039977,HP-STG-v1.0.0,Phase 8B v1.0.0
SYNTH_8B_batch_0005_01841,SYNTH-SYNTH_8B_batch_0005_01841-D002,EXTREME_TAIL_PHYSICAL_ENVIRONMENT_INCONSISTENCY: VI (7125.5 > 4500),288.8467513298292,7125.468685232639,0.0,Winter,2515262550,HP-STG-v1.0.0,Phase 8B v1.0.0
SYNTH_8B_batch_0005_01842,SYNTH-SYNTH_8B_batch_0005_01842-D007,EXTREME_TAIL_PHYSICAL_ENVIRONMENT_INCONSISTENCY: VI (6564.4 > 4500),360.5472142457002,6564.389923553217,0.0,Post-Monsoon,1221134852,HP-STG-v1.0.0,Phase 8B v1.0.0
SYNTH_8B_batch_0005_01845,SYNTH-SYNTH_8B_batch_0005_01845-D010,EXTREME_TAIL_PHYSICAL_ENVIRONMENT_INCONSISTENCY: VI (7915.9 > 4500),342.16635636719843,7915.892016211215,0.0,Winter,3327345758,HP-STG-v1.0.0,Phase 8B v1.0.0
SYNTH_8B_batch_0005_01846,SYNTH-SYNTH_8B_batch_0005_01846-D023,EXTREME_TAIL_PHYSICAL_ENVIRONMENT_INCONSISTENCY: VI (7344.8 > 4500),368.22959952247015,7344.842150540435,0.0,Post-Monsoon,1669475840,HP-STG-v1.0.0,Phase 8B v1.0.0
SYNTH_8B_batch_0005_01846,SYNTH-SYNTH_8B_batch_0005_01846-D024,EXTREME_TAIL_PHYSICAL_ENVIRONMENT_INCONSISTENCY: VI (9328.9 > 4500),284.14551413963153,9328.907505078178,0.0,Post-Monsoon,1669475840,HP-STG-v1.0.0,Phase 8B v1.0.0
SYNTH_8B_batch_0005_01850,SYNTH-SYNTH_8B_batch_0005_01850-D029,EXTREME_TAIL_PHYSICAL_ENVIRONMENT_INCONSISTENCY: VI (6732.3 > 4500),276.4459440458498,6732.289877065945,0.0,Post-Monsoon,3984772433,HP-STG-v1.0.0,Phase 8B v1.0.0
SYNTH_8B_batch_0005_01853,SYNTH-SYNTH_8B_batch_0005_01853-D013,EXTREME_TAIL_PHYSICAL_ENVIRONMENT_INCONSISTENCY: VI (6729.5 > 4500),354.8242527586803,6729.535338407992,0.0,Winter,3680309124,HP-STG-v1.0.0,Phase 8B v1.0.0
SYNTH_8B_batch_0005_01853,SYNTH-SYNTH_8B_batch_0005_01853-D014,EXTREME_TAIL_PHYSICAL_ENVIRONMENT_INCONSISTENCY: VI (7489.2 > 4500),287.195934976651,7489.170778466188,0.0,Winter,3680309124,HP-STG-v1.0.0,Phase 8B v1.0.0
SYNTH_8B_batch_0005_01858,SYNTH-SYNTH_8B_batch_0005_01858-D010,EXTREME_TAIL_PHYSICAL_ENVIRONMENT_INCONSISTENCY: VI (7823.1 > 4500),391.0433756085777,7823.063466333424,0.0,Post-Monsoon,821557780,HP-STG-v1.0.0,Phase 8B v1.0.0
SYNTH_8B_batch_0005_01858,SYNTH-SYNTH_8B_batch_0005_01858-D011,EXTREME_TAIL_PHYSICAL_ENVIRONMENT_INCONSISTENCY: VI (4534.2 > 4500),343.6421700865027,4534.2260487835565,0.0,Post-Monsoon,821557780,HP-STG-v1.0.0,Phase 8B v1.0.0
SYNTH_8B_batch_0005_01862,SYNTH-SYNTH_8B_batch_0005_01862-D011,EXTREME_TAIL_PHYSICAL_ENVIRONMENT_INCONSISTENCY: VI (6507.2 > 4500),333.95143357867033,6507.152109386685,0.0,Post-Monsoon,3704831577,HP-STG-v1.0.0,Phase 8B v1.0.0
SYNTH_8B_batch_0005_01862,SYNTH-SYNTH_8B_batch_0005_01862-D026,EXTREME_TAIL_PHYSICAL_ENVIRONMENT_INCONSISTENCY: VI (6577.7 > 4500),330.5188224178147,6577.726285597,0.0,Post-Monsoon,3704831577,HP-STG-v1.0.0,Phase 8B v1.0.0
SYNTH_8B_batch_0005_01862,SYNTH-SYNTH_8B_batch_0005_01862-D027,EXTREME_TAIL_PHYSICAL_ENVIRONMENT_INCONSISTENCY: VI (6722.0 > 4500),280.810950840406,6721.972597927539,0.0,Post-Monsoon,3704831577,HP-STG-v1.0.0,Phase 8B v1.0.0
SYNTH_8B_batch_0005_01865,SYNTH-SYNTH_8B_batch_0005_01865-D002,EXTREME_TAIL_PHYSICAL_ENVIRONMENT_INCONSISTENCY: VI (6310.7 > 4500),267.1106026271533,6310.729858634465,0.0,Winter,3980412938,HP-STG-v1.0.0,Phase 8B v1.0.0
SYNTH_8B_batch_0005_01866,SYNTH-SYNTH_8B_batch_0005_01866-D009,EXTREME_TAIL_PHYSICAL_ENVIRONMENT_INCONSISTENCY: VI (7315.4 > 4500),331.3719256494976,7315.356192619946,0.0,Post-Monsoon,2974346032,HP-STG-v1.0.0,Phase 8B v1.0.0
SYNTH_8B_batch_0005_01866,SYNTH-SYNTH_8B_batch_0005_01866-D014,EXTREME_TAIL_PHYSICAL_ENVIRONMENT_INCONSISTENCY: VI (7711.9 > 4500),358.93775883497744,7711.903370899752,0.0,Post-Monsoon,2974346032,HP-STG-v1.0.0,Phase 8B v1.0.0
SYNTH_8B_batch_0005_01866,SYNTH-SYNTH_8B_batch_0005_01866-D015,EXTREME_TAIL_PHYSICAL_ENVIRONMENT_INCONSISTENCY: VI (7351.2 > 4500),253.91741622142652,7351.248468051721,0.0,Post-Monsoon,2974346032,HP-STG-v1.0.0,Phase 8B v1.0.0
SYNTH_8B_batch_0005_01866,SYNTH-SYNTH_8B_batch_0005_01866-D029,EXTREME_TAIL_PHYSICAL_ENVIRONMENT_INCONSISTENCY: VI (6857.0 > 4500),317.8721950315191,6856.996929494103,0.0,Post-Monsoon,2974346032,HP-STG-v1.0.0,Phase 8B v1.0.0
SYNTH_8B_batch_0005_01870,SYNTH-SYNTH_8B_batch_0005_01870-D003,EXTREME_TAIL_PHYSICAL_ENVIRONMENT_INCONSISTENCY: VI (6811.6 > 4500),347.94614138012037,6811.552018462351,0.0,Post-Monsoon,3010027679,HP-STG-v1.0.0,Phase 8B v1.0.0
SYNTH_8B_batch_0005_01870,SYNTH-SYNTH_8B_batch_0005_01870-D004,EXTREME_TAIL_PHYSICAL_ENVIRONMENT_INCONSISTENCY: VI (7542.5 > 4500),250.5936060362566,7542.51230384156,0.0,Post-Monsoon,3010027679,HP-STG-v1.0.0,Phase 8B v1.0.0
SYNTH_8B_batch_0005_01870,SYNTH-SYNTH_8B_batch_0005_01870-D010,EXTREME_TAIL_PHYSICAL_ENVIRONMENT_INCONSISTENCY: VI (7229.6 > 4500),303.5986416690378,7229.565656317767,0.0,Post-Monsoon,3010027679,HP-STG-v1.0.0,Phase 8B v1.0.0
SYNTH_8B_batch_0005_01874,SYNTH-SYNTH_8B_batch_0005_01874-D011,EXTREME_TAIL_PHYSICAL_ENVIRONMENT_INCONSISTENCY: VI (5246.4 > 4500),282.0903677310947,5246.420558558492,0.0,Post-Monsoon,669305896,HP-STG-v1.0.0,Phase 8B v1.0.0
SYNTH_8B_batch_0005_01874,SYNTH-SYNTH_8B_batch_0005_01874-D022,EXTREME_TAIL_PHYSICAL_ENVIRONMENT_INCONSISTENCY: VI (9072.8 > 4500),300.832808255592,9072.757017438616,0.0,Post-Monsoon,669305896,HP-STG-v1.0.0,Phase 8B v1.0.0
SYNTH_8B_batch_0005_01874,SYNTH-SYNTH_8B_batch_0005_01874-D030,EXTREME_TAIL_PHYSICAL_ENVIRONMENT_INCONSISTENCY: VI (6865.0 > 4500),341.8673004980807,6865.032402625652,0.0,Post-Monsoon,669305896,HP-STG-v1.0.0,Phase 8B v1.0.0
SYNTH_8B_batch_0005_01882,SYNTH-SYNTH_8B_batch_0005_01882-D006,EXTREME_TAIL_PHYSICAL_ENVIRONMENT_INCONSISTENCY: VI (6848.1 > 4500),265.4881446665729,6848.054885283003,0.0,Post-Monsoon,1245686235,HP-STG-v1.0.0,Phase 8B v1.0.0
SYNTH_8B_batch_0005_01885,SYNTH-SYNTH_8B_batch_0005_01885-D002,EXTREME_TAIL_PHYSICAL_ENVIRONMENT_INCONSISTENCY: VI (8098.2 > 4500),269.26211312642664,8098.205289788879,0.0,Winter,955437258,HP-STG-v1.0.0,Phase 8B v1.0.0
SYNTH_8B_batch_0005_01886,SYNTH-SYNTH_8B_batch_0005_01886-D006,EXTREME_TAIL_PHYSICAL_ENVIRONMENT_INCONSISTENCY: VI (5391.1 > 4500),367.779702526089,5391.0555830025105,0.0,Post-Monsoon,1823735867,HP-STG-v1.0.0,Phase 8B v1.0.0
SYNTH_8B_batch_0005_01886,SYNTH-SYNTH_8B_batch_0005_01886-D007,EXTREME_TAIL_PHYSICAL_ENVIRONMENT_INCONSISTENCY: VI (6553.7 > 4500),288.7513051303826,6553.748618411807,0.0,Post-Monsoon,1823735867,HP-STG-v1.0.0,Phase 8B v1.0.0
SYNTH_8B_batch_0005_01893,SYNTH-SYNTH_8B_batch_0005_01893-D006,EXTREME_TAIL_PHYSICAL_ENVIRONMENT_INCONSISTENCY: VI (5854.2 > 4500),255.74033385027457,5854.193167131959,0.0,Winter,2279151353,HP-STG-v1.0.0,Phase 8B v1.0.0
SYNTH_8B_batch_0005_01894,SYNTH-SYNTH_8B_batch_0005_01894-D003,EXTREME_TAIL_PHYSICAL_ENVIRONMENT_INCONSISTENCY: VI (5910.9 > 4500),327.70960412892947,5910.911537015443,0.0,Post-Monsoon,3414193593,HP-STG-v1.0.0,Phase 8B v1.0.0
SYNTH_8B_batch_0005_01894,SYNTH-SYNTH_8B_batch_0005_01894-D019,EXTREME_TAIL_PHYSICAL_ENVIRONMENT_INCONSISTENCY: VI (5124.6 > 4500),334.0386403248768,5124.610625478488,0.0,Post-Monsoon,3414193593,HP-STG-v1.0.0,Phase 8B v1.0.0
SYNTH_8B_batch_0005_01898,SYNTH-SYNTH_8B_batch_0005_01898-D005,EXTREME_TAIL_PHYSICAL_ENVIRONMENT_INCONSISTENCY: VI (5839.0 > 4500),309.4640886420732,5839.019123280377,0.0,Post-Monsoon,3799367915,HP-STG-v1.0.0,Phase 8B v1.0.0
SYNTH_8B_batch_0005_01898,SYNTH-SYNTH_8B_batch_0005_01898-D007,EXTREME_TAIL_PHYSICAL_ENVIRONMENT_INCONSISTENCY: VI (6456.7 > 4500),259.1291032107923,6456.71732086383,0.0,Post-Monsoon,3799367915,HP-STG-v1.0.0,Phase 8B v1.0.0
SYNTH_8B_batch_0005_01898,SYNTH-SYNTH_8B_batch_0005_01898-D017,EXTREME_TAIL_PHYSICAL_ENVIRONMENT_INCONSISTENCY: VI (4552.8 > 4500),290.5813241105772,4552.82559175696,0.0,Post-Monsoon,3799367915,HP-STG-v1.0.0,Phase 8B v1.0.0
SYNTH_8B_batch_0005_01898,SYNTH-SYNTH_8B_batch_0005_01898-D018,EXTREME_TAIL_PHYSICAL_ENVIRONMENT_INCONSISTENCY: VI (7063.3 > 4500),261.5323015684201,7063.282905986768,0.0,Post-Monsoon,3799367915,HP-STG-v1.0.0,Phase 8B v1.0.0
SYNTH_8B_batch_0005_01902,SYNTH-SYNTH_8B_batch_0005_01902-D021,EXTREME_TAIL_PHYSICAL_ENVIRONMENT_INCONSISTENCY: VI (6540.2 > 4500),360.59635950110834,6540.193611627402,0.0,Post-Monsoon,559826899,HP-STG-v1.0.0,Phase 8B v1.0.0
SYNTH_8B_batch_0005_01902,SYNTH-SYNTH_8B_batch_0005_01902-D022,EXTREME_TAIL_PHYSICAL_ENVIRONMENT_INCONSISTENCY: VI (7150.8 > 4500),275.63654968385805,7150.828879198437,0.0,Post-Monsoon,559826899,HP-STG-v1.0.0,Phase 8B v1.0.0
SYNTH_8B_batch_0005_01902,SYNTH-SYNTH_8B_batch_0005_01902-D027,EXTREME_TAIL_PHYSICAL_ENVIRONMENT_INCONSISTENCY: VI (6549.1 > 4500),275.4074930231393,6549.134143629956,0.0,Post-Monsoon,559826899,HP-STG-v1.0.0,Phase 8B v1.0.0
SYNTH_8B_batch_0005_01906,SYNTH-SYNTH_8B_batch_0005_01906-D005,EXTREME_TAIL_PHYSICAL_ENVIRONMENT_INCONSISTENCY: VI (4723.2 > 4500),372.2922127024143,4723.246410860193,0.0,Post-Monsoon,2447532013,HP-STG-v1.0.0,Phase 8B v1.0.0
SYNTH_8B_batch_0005_01906,SYNTH-SYNTH_8B_batch_0005_01906-D006,EXTREME_TAIL_PHYSICAL_ENVIRONMENT_INCONSISTENCY: VI (5434.8 > 4500),328.4904570811256,5434.772020939683,0.0,Post-Monsoon,2447532013,HP-STG-v1.0.0,Phase 8B v1.0.0
SYNTH_8B_batch_0005_01906,SYNTH-SYNTH_8B_batch_0005_01906-D007,EXTREME_TAIL_PHYSICAL_ENVIRONMENT_INCONSISTENCY: VI (7653.9 > 4500),287.67373152849035,7653.915960430747,0.0,Post-Monsoon,2447532013,HP-STG-v1.0.0,Phase 8B v1.0.0
SYNTH_8B_batch_0005_01906,SYNTH-SYNTH_8B_batch_0005_01906-D015,EXTREME_TAIL_PHYSICAL_ENVIRONMENT_INCONSISTENCY: VI (5133.8 > 4500),261.42324606365247,5133.818135322277,0.0,Post-Monsoon,2447532013,HP-STG-v1.0.0,Phase 8B v1.0.0
SYNTH_8B_batch_0005_01918,SYNTH-SYNTH_8B_batch_0005_01918-D016,EXTREME_TAIL_PHYSICAL_ENVIRONMENT_INCONSISTENCY: VI (7261.6 > 4500),382.3397731762164,7261.625988534619,0.0,Post-Monsoon,3915262158,HP-STG-v1.0.0,Phase 8B v1.0.0
SYNTH_8B_batch_0005_01918,SYNTH-SYNTH_8B_batch_0005_01918-D017,EXTREME_TAIL_PHYSICAL_ENVIRONMENT_INCONSISTENCY: VI (7581.7 > 4500),295.3247617006153,7581.727539368693,0.0,Post-Monsoon,3915262158,HP-STG-v1.0.0,Phase 8B v1.0.0
SYNTH_8B_batch_0005_01922,SYNTH-SYNTH_8B_batch_0005_01922-D011,EXTREME_TAIL_PHYSICAL_ENVIRONMENT_INCONSISTENCY: VI (5407.5 > 4500),302.2944526107305,5407.527280252233,0.0,Post-Monsoon,359644729,HP-STG-v1.0.0,Phase 8B v1.0.0
SYNTH_8B_batch_0005_01925,SYNTH-SYNTH_8B_batch_0005_01925-D004,EXTREME_TAIL_PHYSICAL_ENVIRONMENT_INCONSISTENCY: VI (7626.9 > 4500),269.969640242485,7626.947109689231,0.0,Winter,3141525610,HP-STG-v1.0.0,Phase 8B v1.0.0
SYNTH_8B_batch_0005_01930,SYNTH-SYNTH_8B_batch_0005_01930-D006,EXTREME_TAIL_PHYSICAL_ENVIRONMENT_INCONSISTENCY: VI (5234.5 > 4500),386.41511686878175,5234.539666392601,0.0,Post-Monsoon,1165539584,HP-STG-v1.0.0,Phase 8B v1.0.0
SYNTH_8B_batch_0005_01930,SYNTH-SYNTH_8B_batch_0005_01930-D007,EXTREME_TAIL_PHYSICAL_ENVIRONMENT_INCONSISTENCY: VI (9413.9 > 4500),269.45348595058545,9413.927703618512,0.0,Post-Monsoon,1165539584,HP-STG-v1.0.0,Phase 8B v1.0.0
SYNTH_8B_batch_0005_01930,SYNTH-SYNTH_8B_batch_0005_01930-D012,EXTREME_TAIL_PHYSICAL_ENVIRONMENT_INCONSISTENCY: VI (4823.7 > 4500),261.70048715932296,4823.673692895952,0.0,Post-Monsoon,1165539584,HP-STG-v1.0.0,Phase 8B v1.0.0
SYNTH_8B_batch_0005_01930,SYNTH-SYNTH_8B_batch_0005_01930-D024,EXTREME_TAIL_PHYSICAL_ENVIRONMENT_INCONSISTENCY: VI (4842.5 > 4500),306.03341708025926,4842.456638663183,0.0,Post-Monsoon,1165539584,HP-STG-v1.0.0,Phase 8B v1.0.0
SYNTH_8B_batch_0005_01934,SYNTH-SYNTH_8B_batch_0005_01934-D008,EXTREME_TAIL_PHYSICAL_ENVIRONMENT_INCONSISTENCY: VI (8530.2 > 4500),261.48055263784164,8530.172549789595,0.0,Post-Monsoon,2828815991,HP-STG-v1.0.0,Phase 8B v1.0.0
SYNTH_8B_batch_0005_01938,SYNTH-SYNTH_8B_batch_0005_01938-D002,EXTREME_TAIL_PHYSICAL_ENVIRONMENT_INCONSISTENCY: VI (6364.7 > 4500),336.43708785417516,6364.728261772601,0.0,Post-Monsoon,3820414858,HP-STG-v1.0.0,Phase 8B v1.0.0
SYNTH_8B_batch_0005_01938,SYNTH-SYNTH_8B_batch_0005_01938-D027,EXTREME_TAIL_PHYSICAL_ENVIRONMENT_INCONSISTENCY: VI (6462.2 > 4500),333.93492961437755,6462.215310007255,0.0,Post-Monsoon,3820414858,HP-STG-v1.0.0,Phase 8B v1.0.0
SYNTH_8B_batch_0005_01942,SYNTH-SYNTH_8B_batch_0005_01942-D004,EXTREME_TAIL_PHYSICAL_ENVIRONMENT_INCONSISTENCY: VI (7112.5 > 4500),365.16455775396594,7112.545261689049,0.0,Post-Monsoon,2458673875,HP-STG-v1.0.0,Phase 8B v1.0.0
SYNTH_8B_batch_0005_01942,SYNTH-SYNTH_8B_batch_0005_01942-D005,EXTREME_TAIL_PHYSICAL_ENVIRONMENT_INCONSISTENCY: VI (5176.0 > 4500),284.9170347932374,5175.992221761589,0.0,Post-Monsoon,2458673875,HP-STG-v1.0.0,Phase 8B v1.0.0
SYNTH_8B_batch_0005_01942,SYNTH-SYNTH_8B_batch_0005_01942-D022,EXTREME_TAIL_PHYSICAL_ENVIRONMENT_INCONSISTENCY: VI (5282.6 > 4500),325.1535124947626,5282.625462387012,0.0,Post-Monsoon,2458673875,HP-STG-v1.0.0,Phase 8B v1.0.0
SYNTH_8B_batch_0005_01946,SYNTH-SYNTH_8B_batch_0005_01946-D008,EXTREME_TAIL_PHYSICAL_ENVIRONMENT_INCONSISTENCY: VI (4689.9 > 4500),351.91363679191284,4689.895736330642,0.0,Post-Monsoon,996384757,HP-STG-v1.0.0,Phase 8B v1.0.0
SYNTH_8B_batch_0005_01946,SYNTH-SYNTH_8B_batch_0005_01946-D014,EXTREME_TAIL_PHYSICAL_ENVIRONMENT_INCONSISTENCY: VI (7762.7 > 4500),353.94589713649214,7762.677282693708,0.0,Post-Monsoon,996384757,HP-STG-v1.0.0,Phase 8B v1.0.0
SYNTH_8B_batch_0005_01950,SYNTH-SYNTH_8B_batch_0005_01950-D008,EXTREME_TAIL_PHYSICAL_ENVIRONMENT_INCONSISTENCY: VI (5832.3 > 4500),362.0209075775681,5832.258312503928,0.0,Post-Monsoon,691141773,HP-STG-v1.0.0,Phase 8B v1.0.0
SYNTH_8B_batch_0005_01950,SYNTH-SYNTH_8B_batch_0005_01950-D018,EXTREME_TAIL_PHYSICAL_ENVIRONMENT_INCONSISTENCY: VI (6918.8 > 4500),261.06006588581266,6918.810631055479,0.0,Post-Monsoon,691141773,HP-STG-v1.0.0,Phase 8B v1.0.0
SYNTH_8B_batch_0005_01950,SYNTH-SYNTH_8B_batch_0005_01950-D024,EXTREME_TAIL_PHYSICAL_ENVIRONMENT_INCONSISTENCY: VI (6718.1 > 4500),275.6917230719266,6718.058384266792,0.0,Post-Monsoon,691141773,HP-STG-v1.0.0,Phase 8B v1.0.0
SYNTH_8B_batch_0005_01950,SYNTH-SYNTH_8B_batch_0005_01950-D029,EXTREME_TAIL_PHYSICAL_ENVIRONMENT_INCONSISTENCY: VI (6042.4 > 4500),302.94727145828625,6042.429989934046,0.0,Post-Monsoon,691141773,HP-STG-v1.0.0,Phase 8B v1.0.0
SYNTH_8B_batch_0005_01957,SYNTH-SYNTH_8B_batch_0005_01957-D004,EXTREME_TAIL_PHYSICAL_ENVIRONMENT_INCONSISTENCY: VI (8009.0 > 4500),290.32914936229906,8009.021168632459,0.0,Winter,3917931821,HP-STG-v1.0.0,Phase 8B v1.0.0
SYNTH_8B_batch_0005_01962,SYNTH-SYNTH_8B_batch_0005_01962-D007,EXTREME_TAIL_PHYSICAL_ENVIRONMENT_INCONSISTENCY: VI (7497.0 > 4500),260.32753561119375,7496.9640229042125,0.0,Post-Monsoon,880490492,HP-STG-v1.0.0,Phase 8B v1.0.0
SYNTH_8B_batch_0005_01962,SYNTH-SYNTH_8B_batch_0005_01962-D010,EXTREME_TAIL_PHYSICAL_ENVIRONMENT_INCONSISTENCY: VI (6360.9 > 4500),267.0278095018348,6360.917059418806,0.0,Post-Monsoon,880490492,HP-STG-v1.0.0,Phase 8B v1.0.0
SYNTH_8B_batch_0005_01962,SYNTH-SYNTH_8B_batch_0005_01962-D018,EXTREME_TAIL_PHYSICAL_ENVIRONMENT_INCONSISTENCY: VI (8339.8 > 4500),296.4373581912136,8339.848740955114,0.0,Post-Monsoon,880490492,HP-STG-v1.0.0,Phase 8B v1.0.0
SYNTH_8B_batch_0005_01962,SYNTH-SYNTH_8B_batch_0005_01962-D024,EXTREME_TAIL_PHYSICAL_ENVIRONMENT_INCONSISTENCY: VI (5974.3 > 4500),315.94423830224935,5974.343347689986,0.0,Post-Monsoon,880490492,HP-STG-v1.0.0,Phase 8B v1.0.0
SYNTH_8B_batch_0005_01962,SYNTH-SYNTH_8B_batch_0005_01962-D027,EXTREME_TAIL_PHYSICAL_ENVIRONMENT_INCONSISTENCY: VI (7814.0 > 4500),303.9563613165883,7814.026977110614,0.0,Post-Monsoon,880490492,HP-STG-v1.0.0,Phase 8B v1.0.0
SYNTH_8B_batch_0005_01962,SYNTH-SYNTH_8B_batch_0005_01962-D030,EXTREME_TAIL_PHYSICAL_ENVIRONMENT_INCONSISTENCY: VI (7209.2 > 4500),282.9127654439766,7209.226715879065,0.0,Post-Monsoon,880490492,HP-STG-v1.0.0,Phase 8B v1.0.0
SYNTH_8B_batch_0005_01965,SYNTH-SYNTH_8B_batch_0005_01965-D003,EXTREME_TAIL_PHYSICAL_ENVIRONMENT_INCONSISTENCY: VI (5695.8 > 4500),284.9513504031341,5695.839483075525,0.0,Winter,835278687,HP-STG-v1.0.0,Phase 8B v1.0.0
SYNTH_8B_batch_0005_01966,SYNTH-SYNTH_8B_batch_0005_01966-D005,EXTREME_TAIL_PHYSICAL_ENVIRONMENT_INCONSISTENCY: VI (8217.5 > 4500),401.80721548125837,8217.48659892647,0.0,Post-Monsoon,3126803705,HP-STG-v1.0.0,Phase 8B v1.0.0
SYNTH_8B_batch_0005_01966,SYNTH-SYNTH_8B_batch_0005_01966-D006,EXTREME_TAIL_PHYSICAL_ENVIRONMENT_INCONSISTENCY: VI (7532.5 > 4500),298.39138002748956,7532.484861131019,0.0,Post-Monsoon,3126803705,HP-STG-v1.0.0,Phase 8B v1.0.0
SYNTH_8B_batch_0005_01966,SYNTH-SYNTH_8B_batch_0005_01966-D012,EXTREME_TAIL_PHYSICAL_ENVIRONMENT_INCONSISTENCY: VI (6170.5 > 4500),361.31324410334906,6170.512731190637,0.0,Post-Monsoon,3126803705,HP-STG-v1.0.0,Phase 8B v1.0.0
SYNTH_8B_batch_0005_01966,SYNTH-SYNTH_8B_batch_0005_01966-D013,EXTREME_TAIL_PHYSICAL_ENVIRONMENT_INCONSISTENCY: VI (8183.3 > 4500),265.4180130154615,8183.299355576312,0.0,Post-Monsoon,3126803705,HP-STG-v1.0.0,Phase 8B v1.0.0
SYNTH_8B_batch_0005_01969,SYNTH-SYNTH_8B_batch_0005_01969-D002,EXTREME_TAIL_PHYSICAL_ENVIRONMENT_INCONSISTENCY: VI (7482.4 > 4500),317.81157960725204,7482.417969505184,0.0,Winter,296898428,HP-STG-v1.0.0,Phase 8B v1.0.0
SYNTH_8B_batch_0005_01974,SYNTH-SYNTH_8B_batch_0005_01974-D004,EXTREME_TAIL_PHYSICAL_ENVIRONMENT_INCONSISTENCY: VI (5854.7 > 4500),354.9046842001216,5854.675529133417,0.0,Post-Monsoon,4059780227,HP-STG-v1.0.0,Phase 8B v1.0.0
SYNTH_8B_batch_0005_01974,SYNTH-SYNTH_8B_batch_0005_01974-D005,EXTREME_TAIL_PHYSICAL_ENVIRONMENT_INCONSISTENCY: VI (5765.3 > 4500),294.06059039296264,5765.328238924355,0.0,Post-Monsoon,4059780227,HP-STG-v1.0.0,Phase 8B v1.0.0
SYNTH_8B_batch_0005_01974,SYNTH-SYNTH_8B_batch_0005_01974-D007,EXTREME_TAIL_PHYSICAL_ENVIRONMENT_INCONSISTENCY: VI (7547.6 > 4500),261.1247909159224,7547.577919522138,0.0,Post-Monsoon,4059780227,HP-STG-v1.0.0,Phase 8B v1.0.0
SYNTH_8B_batch_0005_01974,SYNTH-SYNTH_8B_batch_0005_01974-D008,EXTREME_TAIL_PHYSICAL_ENVIRONMENT_INCONSISTENCY: VI (6399.4 > 4500),263.32026123698864,6399.382728693797,0.0,Post-Monsoon,4059780227,HP-STG-v1.0.0,Phase 8B v1.0.0
SYNTH_8B_batch_0005_01974,SYNTH-SYNTH_8B_batch_0005_01974-D016,EXTREME_TAIL_PHYSICAL_ENVIRONMENT_INCONSISTENCY: VI (5167.1 > 4500),363.3424093385047,5167.116259344028,0.0,Post-Monsoon,4059780227,HP-STG-v1.0.0,Phase 8B v1.0.0
SYNTH_8B_batch_0005_01974,SYNTH-SYNTH_8B_batch_0005_01974-D017,EXTREME_TAIL_PHYSICAL_ENVIRONMENT_INCONSISTENCY: VI (5506.6 > 4500),286.4015223356865,5506.648561922023,0.0,Post-Monsoon,4059780227,HP-STG-v1.0.0,Phase 8B v1.0.0
SYNTH_8B_batch_0005_01974,SYNTH-SYNTH_8B_batch_0005_01974-D023,EXTREME_TAIL_PHYSICAL_ENVIRONMENT_INCONSISTENCY: VI (5129.2 > 4500),361.20797897702664,5129.159818623218,0.0,Post-Monsoon,4059780227,HP-STG-v1.0.0,Phase 8B v1.0.0
SYNTH_8B_batch_0005_01974,SYNTH-SYNTH_8B_batch_0005_01974-D024,EXTREME_TAIL_PHYSICAL_ENVIRONMENT_INCONSISTENCY: VI (5997.3 > 4500),312.7318605728321,5997.252786473781,0.0,Post-Monsoon,4059780227,HP-STG-v1.0.0,Phase 8B v1.0.0
SYNTH_8B_batch_0005_01974,SYNTH-SYNTH_8B_batch_0005_01974-D025,EXTREME_TAIL_PHYSICAL_ENVIRONMENT_INCONSISTENCY: VI (6028.3 > 4500),268.80351231329104,6028.287795765675,0.0,Post-Monsoon,4059780227,HP-STG-v1.0.0,Phase 8B v1.0.0
SYNTH_8B_batch_0005_01977,SYNTH-SYNTH_8B_batch_0005_01977-D002,EXTREME_TAIL_PHYSICAL_ENVIRONMENT_INCONSISTENCY: VI (6228.0 > 4500),260.37080443618294,6227.95722600456,0.0,Winter,320870243,HP-STG-v1.0.0,Phase 8B v1.0.0
SYNTH_8B_batch_0005_01982,SYNTH-SYNTH_8B_batch_0005_01982-D005,EXTREME_TAIL_PHYSICAL_ENVIRONMENT_INCONSISTENCY: VI (4852.3 > 4500),373.0583770077901,4852.327348870251,0.0,Post-Monsoon,636239318,HP-STG-v1.0.0,Phase 8B v1.0.0
SYNTH_8B_batch_0005_01982,SYNTH-SYNTH_8B_batch_0005_01982-D006,EXTREME_TAIL_PHYSICAL_ENVIRONMENT_INCONSISTENCY: VI (4834.6 > 4500),321.4888835369611,4834.567148048245,0.0,Post-Monsoon,636239318,HP-STG-v1.0.0,Phase 8B v1.0.0
SYNTH_8B_batch_0005_01986,SYNTH-SYNTH_8B_batch_0005_01986-D016,EXTREME_TAIL_PHYSICAL_ENVIRONMENT_INCONSISTENCY: VI (6154.3 > 4500),302.41850882259314,6154.329971003205,0.0,Post-Monsoon,370899923,HP-STG-v1.0.0,Phase 8B v1.0.0
SYNTH_8B_batch_0005_01990,SYNTH-SYNTH_8B_batch_0005_01990-D003,EXTREME_TAIL_PHYSICAL_ENVIRONMENT_INCONSISTENCY: VI (7595.1 > 4500),281.4689563688532,7595.062747822285,0.0,Post-Monsoon,3791361726,HP-STG-v1.0.0,Phase 8B v1.0.0
SYNTH_8B_batch_0005_01994,SYNTH-SYNTH_8B_batch_0005_01994-D021,EXTREME_TAIL_PHYSICAL_ENVIRONMENT_INCONSISTENCY: VI (6530.4 > 4500),349.4536871313933,6530.434257670549,0.0,Post-Monsoon,2620775556,HP-STG-v1.0.0,Phase 8B v1.0.0
SYNTH_8B_batch_0005_01994,SYNTH-SYNTH_8B_batch_0005_01994-D024,EXTREME_TAIL_PHYSICAL_ENVIRONMENT_INCONSISTENCY: VI (7445.6 > 4500),283.4812639389416,7445.560042174697,0.0,Post-Monsoon,2620775556,HP-STG-v1.0.0,Phase 8B v1.0.0
SYNTH_8B_batch_0005_01994,SYNTH-SYNTH_8B_batch_0005_01994-D028,EXTREME_TAIL_PHYSICAL_ENVIRONMENT_INCONSISTENCY: VI (5540.9 > 4500),360.970294551528,5540.852747394017,0.0,Post-Monsoon,2620775556,HP-STG-v1.0.0,Phase 8B v1.0.0
SYNTH_8B_batch_0005_01994,SYNTH-SYNTH_8B_batch_0005_01994-D030,EXTREME_TAIL_PHYSICAL_ENVIRONMENT_INCONSISTENCY: VI (7949.5 > 4500),294.10999307554033,7949.51784154665,0.0,Post-Monsoon,2620775556,HP-STG-v1.0.0,Phase 8B v1.0.0
SYNTH_8B_batch_0005_01998,SYNTH-SYNTH_8B_batch_0005_01998-D015,EXTREME_TAIL_PHYSICAL_ENVIRONMENT_INCONSISTENCY: VI (6862.2 > 4500),345.0116482166231,6862.222066198849,0.0,Post-Monsoon,1463923871,HP-STG-v1.0.0,Phase 8B v1.0.0
SYNTH_8B_batch_0005_01998,SYNTH-SYNTH_8B_batch_0005_01998-D017,EXTREME_TAIL_PHYSICAL_ENVIRONMENT_INCONSISTENCY: VI (6475.3 > 4500),304.62524006551877,6475.3409952613665,0.0,Post-Monsoon,1463923871,HP-STG-v1.0.0,Phase 8B v1.0.0
SYNTH_8B_batch_0005_01998,SYNTH-SYNTH_8B_batch_0005_01998-D018,EXTREME_TAIL_PHYSICAL_ENVIRONMENT_INCONSISTENCY: VI (7304.7 > 4500),265.151527803262,7304.693662982197,0.0,Post-Monsoon,1463923871,HP-STG-v1.0.0,Phase 8B v1.0.0
SYNTH_8B_batch_0005_02002,SYNTH-SYNTH_8B_batch_0005_02002-D009,EXTREME_TAIL_PHYSICAL_ENVIRONMENT_INCONSISTENCY: VI (6814.3 > 4500),326.11344939772846,6814.25343109974,0.0,Post-Monsoon,195166152,HP-STG-v1.0.0,Phase 8B v1.0.0
SYNTH_8B_batch_0005_02002,SYNTH-SYNTH_8B_batch_0005_02002-D015,EXTREME_TAIL_PHYSICAL_ENVIRONMENT_INCONSISTENCY: VI (5132.6 > 4500),350.06655218052,5132.617888479348,0.0,Post-Monsoon,195166152,HP-STG-v1.0.0,Phase 8B v1.0.0
SYNTH_8B_batch_0005_02002,SYNTH-SYNTH_8B_batch_0005_02002-D016,EXTREME_TAIL_PHYSICAL_ENVIRONMENT_INCONSISTENCY: VI (6531.4 > 4500),268.77309344345895,6531.3981098874565,0.0,Post-Monsoon,195166152,HP-STG-v1.0.0,Phase 8B v1.0.0
SYNTH_8B_batch_0005_02002,SYNTH-SYNTH_8B_batch_0005_02002-D018,EXTREME_TAIL_PHYSICAL_ENVIRONMENT_INCONSISTENCY: VI (5772.0 > 4500),265.412708372019,5771.968039068769,0.0,Post-Monsoon,195166152,HP-STG-v1.0.0,Phase 8B v1.0.0
SYNTH_8B_batch_0005_02002,SYNTH-SYNTH_8B_batch_0005_02002-D019,EXTREME_TAIL_PHYSICAL_ENVIRONMENT_INCONSISTENCY: VI (6599.8 > 4500),252.41214664823613,6599.818247364305,0.0,Post-Monsoon,195166152,HP-STG-v1.0.0,Phase 8B v1.0.0
SYNTH_8B_batch_0005_02006,SYNTH-SYNTH_8B_batch_0005_02006-D005,EXTREME_TAIL_PHYSICAL_ENVIRONMENT_INCONSISTENCY: VI (5236.4 > 4500),325.84017554513275,5236.42595903831,0.0,Post-Monsoon,280271307,HP-STG-v1.0.0,Phase 8B v1.0.0
SYNTH_8B_batch_0005_02006,SYNTH-SYNTH_8B_batch_0005_02006-D022,EXTREME_TAIL_PHYSICAL_ENVIRONMENT_INCONSISTENCY: VI (6717.0 > 4500),276.02275160126436,6717.001756989093,0.0,Post-Monsoon,280271307,HP-STG-v1.0.0,Phase 8B v1.0.0
SYNTH_8B_batch_0005_02014,SYNTH-SYNTH_8B_batch_0005_02014-D009,EXTREME_TAIL_PHYSICAL_ENVIRONMENT_INCONSISTENCY: VI (5468.1 > 4500),402.06797244897615,5468.077246089624,0.0,Post-Monsoon,2315186858,HP-STG-v1.0.0,Phase 8B v1.0.0
SYNTH_8B_batch_0005_02014,SYNTH-SYNTH_8B_batch_0005_02014-D010,EXTREME_TAIL_PHYSICAL_ENVIRONMENT_INCONSISTENCY: VI (4916.8 > 4500),312.05224443274733,4916.777333690285,0.0,Post-Monsoon,2315186858,HP-STG-v1.0.0,Phase 8B v1.0.0
SYNTH_8B_batch_0005_02014,SYNTH-SYNTH_8B_batch_0005_02014-D026,EXTREME_TAIL_PHYSICAL_ENVIRONMENT_INCONSISTENCY: VI (5652.5 > 4500),319.8185238141435,5652.450561208958,0.0,Post-Monsoon,2315186858,HP-STG-v1.0.0,Phase 8B v1.0.0
SYNTH_8B_batch_0005_02014,SYNTH-SYNTH_8B_batch_0005_02014-D027,EXTREME_TAIL_PHYSICAL_ENVIRONMENT_INCONSISTENCY: VI (6638.1 > 4500),258.9909511289559,6638.099775900091,0.0,Post-Monsoon,2315186858,HP-STG-v1.0.0,Phase 8B v1.0.0
SYNTH_8B_batch_0005_02018,SYNTH-SYNTH_8B_batch_0005_02018-D028,EXTREME_TAIL_PHYSICAL_ENVIRONMENT_INCONSISTENCY: VI (6004.0 > 4500),369.09662813721974,6004.037872576806,0.0,Post-Monsoon,1298701317,HP-STG-v1.0.0,Phase 8B v1.0.0
SYNTH_8B_batch_0005_02018,SYNTH-SYNTH_8B_batch_0005_02018-D029,EXTREME_TAIL_PHYSICAL_ENVIRONMENT_INCONSISTENCY: VI (7286.7 > 4500),265.35444372595725,7286.662181081527,0.0,Post-Monsoon,1298701317,HP-STG-v1.0.0,Phase 8B v1.0.0
SYNTH_8B_batch_0005_02037,SYNTH-SYNTH_8B_batch_0005_02037-D003,EXTREME_TAIL_PHYSICAL_ENVIRONMENT_INCONSISTENCY: VI (8986.6 > 4500),258.6454462775041,8986.598505191827,0.0,Winter,67685763,HP-STG-v1.0.0,Phase 8B v1.0.0
SYNTH_8B_batch_0005_02042,SYNTH-SYNTH_8B_batch_0005_02042-D018,EXTREME_TAIL_PHYSICAL_ENVIRONMENT_INCONSISTENCY: VI (7727.1 > 4500),348.41487099002916,7727.130146162777,0.0,Post-Monsoon,3404303840,HP-STG-v1.0.0,Phase 8B v1.0.0
SYNTH_8B_batch_0005_02042,SYNTH-SYNTH_8B_batch_0005_02042-D030,EXTREME_TAIL_PHYSICAL_ENVIRONMENT_INCONSISTENCY: VI (4592.3 > 4500),363.8039956556437,4592.303051351883,0.0,Post-Monsoon,3404303840,HP-STG-v1.0.0,Phase 8B v1.0.0
SYNTH_8B_batch_0005_02050,SYNTH-SYNTH_8B_batch_0005_02050-D027,EXTREME_TAIL_PHYSICAL_ENVIRONMENT_INCONSISTENCY: VI (8145.4 > 4500),331.5586069503238,8145.398633510555,0.0,Post-Monsoon,2060280572,HP-STG-v1.0.0,Phase 8B v1.0.0
SYNTH_8B_batch_0005_02054,SYNTH-SYNTH_8B_batch_0005_02054-D002,EXTREME_TAIL_PHYSICAL_ENVIRONMENT_INCONSISTENCY: VI (5645.3 > 4500),335.6335798422178,5645.313002171657,0.0,Post-Monsoon,492885683,HP-STG-v1.0.0,Phase 8B v1.0.0
SYNTH_8B_batch_0005_02054,SYNTH-SYNTH_8B_batch_0005_02054-D003,EXTREME_TAIL_PHYSICAL_ENVIRONMENT_INCONSISTENCY: VI (7358.0 > 4500),304.3234075447779,7358.009074634234,0.0,Post-Monsoon,492885683,HP-STG-v1.0.0,Phase 8B v1.0.0
SYNTH_8B_batch_0005_02058,SYNTH-SYNTH_8B_batch_0005_02058-D005,EXTREME_TAIL_PHYSICAL_ENVIRONMENT_INCONSISTENCY: VI (5394.4 > 4500),364.2292891898983,5394.366620520157,0.0,Post-Monsoon,2405602122,HP-STG-v1.0.0,Phase 8B v1.0.0
SYNTH_8B_batch_0005_02058,SYNTH-SYNTH_8B_batch_0005_02058-D006,EXTREME_TAIL_PHYSICAL_ENVIRONMENT_INCONSISTENCY: VI (7189.3 > 4500),273.6832133587074,7189.330773027039,0.0,Post-Monsoon,2405602122,HP-STG-v1.0.0,Phase 8B v1.0.0
SYNTH_8B_batch_0005_02070,SYNTH-SYNTH_8B_batch_0005_02070-D008,EXTREME_TAIL_PHYSICAL_ENVIRONMENT_INCONSISTENCY: VI (5632.8 > 4500),320.52269803717337,5632.80091667336,0.0,Post-Monsoon,2034069376,HP-STG-v1.0.0,Phase 8B v1.0.0
SYNTH_8B_batch_0005_02070,SYNTH-SYNTH_8B_batch_0005_02070-D014,EXTREME_TAIL_PHYSICAL_ENVIRONMENT_INCONSISTENCY: VI (8435.2 > 4500),291.5996871549901,8435.215456468626,0.0,Post-Monsoon,2034069376,HP-STG-v1.0.0,Phase 8B v1.0.0
SYNTH_8B_batch_0005_02073,SYNTH-SYNTH_8B_batch_0005_02073-D003,EXTREME_TAIL_PHYSICAL_ENVIRONMENT_INCONSISTENCY: VI (5831.0 > 4500),274.8865140251058,5831.034200889885,0.0,Winter,2257056787,HP-STG-v1.0.0,Phase 8B v1.0.0
SYNTH_8B_batch_0005_02074,SYNTH-SYNTH_8B_batch_0005_02074-D030,EXTREME_TAIL_PHYSICAL_ENVIRONMENT_INCONSISTENCY: VI (5053.3 > 4500),257.91653026567366,5053.27379400296,0.0,Post-Monsoon,4043460236,HP-STG-v1.0.0,Phase 8B v1.0.0
SYNTH_8B_batch_0005_02078,SYNTH-SYNTH_8B_batch_0005_02078-D012,EXTREME_TAIL_PHYSICAL_ENVIRONMENT_INCONSISTENCY: VI (5487.8 > 4500),306.91837687555864,5487.757901788971,0.0,Post-Monsoon,1819810424,HP-STG-v1.0.0,Phase 8B v1.0.0
SYNTH_8B_batch_0005_02081,SYNTH-SYNTH_8B_batch_0005_02081-D002,EXTREME_TAIL_PHYSICAL_ENVIRONMENT_INCONSISTENCY: VI (6240.5 > 4500),250.96775880150878,6240.499186245512,0.0,Winter,4158645163,HP-STG-v1.0.0,Phase 8B v1.0.0
SYNTH_8B_batch_0005_02082,SYNTH-SYNTH_8B_batch_0005_02082-D005,EXTREME_TAIL_PHYSICAL_ENVIRONMENT_INCONSISTENCY: VI (4816.4 > 4500),370.6952764132924,4816.397039303313,0.0,Post-Monsoon,1591151616,HP-STG-v1.0.0,Phase 8B v1.0.0
SYNTH_8B_batch_0005_02082,SYNTH-SYNTH_8B_batch_0005_02082-D006,EXTREME_TAIL_PHYSICAL_ENVIRONMENT_INCONSISTENCY: VI (6747.6 > 4500),325.08193281718326,6747.6080302572445,0.0,Post-Monsoon,1591151616,HP-STG-v1.0.0,Phase 8B v1.0.0
SYNTH_8B_batch_0005_02082,SYNTH-SYNTH_8B_batch_0005_02082-D007,EXTREME_TAIL_PHYSICAL_ENVIRONMENT_INCONSISTENCY: VI (9164.8 > 4500),259.2589865566614,9164.765092642634,0.0,Post-Monsoon,1591151616,HP-STG-v1.0.0,Phase 8B v1.0.0
SYNTH_8B_batch_0005_02082,SYNTH-SYNTH_8B_batch_0005_02082-D013,EXTREME_TAIL_PHYSICAL_ENVIRONMENT_INCONSISTENCY: VI (5135.8 > 4500),389.5742087378508,5135.842924091318,0.0,Post-Monsoon,1591151616,HP-STG-v1.0.0,Phase 8B v1.0.0
SYNTH_8B_batch_0005_02082,SYNTH-SYNTH_8B_batch_0005_02082-D014,EXTREME_TAIL_PHYSICAL_ENVIRONMENT_INCONSISTENCY: VI (6348.4 > 4500),306.5978866585442,6348.420251626763,0.0,Post-Monsoon,1591151616,HP-STG-v1.0.0,Phase 8B v1.0.0
SYNTH_8B_batch_0005_02082,SYNTH-SYNTH_8B_batch_0005_02082-D015,EXTREME_TAIL_PHYSICAL_ENVIRONMENT_INCONSISTENCY: VI (7253.6 > 4500),255.05733752665688,7253.553676361057,0.0,Post-Monsoon,1591151616,HP-STG-v1.0.0,Phase 8B v1.0.0
SYNTH_8B_batch_0005_02086,SYNTH-SYNTH_8B_batch_0005_02086-D008,EXTREME_TAIL_PHYSICAL_ENVIRONMENT_INCONSISTENCY: VI (6924.2 > 4500),366.86411643137575,6924.16650855014,0.0,Post-Monsoon,3916770591,HP-STG-v1.0.0,Phase 8B v1.0.0
SYNTH_8B_batch_0005_02086,SYNTH-SYNTH_8B_batch_0005_02086-D016,EXTREME_TAIL_PHYSICAL_ENVIRONMENT_INCONSISTENCY: VI (6909.5 > 4500),339.8849976836952,6909.528893296126,0.0,Post-Monsoon,3916770591,HP-STG-v1.0.0,Phase 8B v1.0.0
SYNTH_8B_batch_0005_02086,SYNTH-SYNTH_8B_batch_0005_02086-D017,EXTREME_TAIL_PHYSICAL_ENVIRONMENT_INCONSISTENCY: VI (6536.3 > 4500),254.76514468429784,6536.305562768116,0.0,Post-Monsoon,3916770591,HP-STG-v1.0.0,Phase 8B v1.0.0
SYNTH_8B_batch_0005_02094,SYNTH-SYNTH_8B_batch_0005_02094-D009,EXTREME_TAIL_PHYSICAL_ENVIRONMENT_INCONSISTENCY: VI (5100.8 > 4500),298.13787237646557,5100.818205666987,0.0,Post-Monsoon,1229854158,HP-STG-v1.0.0,Phase 8B v1.0.0
SYNTH_8B_batch_0005_02094,SYNTH-SYNTH_8B_batch_0005_02094-D010,EXTREME_TAIL_PHYSICAL_ENVIRONMENT_INCONSISTENCY: VI (6333.2 > 4500),251.652010785715,6333.232943094944,0.0,Post-Monsoon,1229854158,HP-STG-v1.0.0,Phase 8B v1.0.0
SYNTH_8B_batch_0005_02094,SYNTH-SYNTH_8B_batch_0005_02094-D014,EXTREME_TAIL_PHYSICAL_ENVIRONMENT_INCONSISTENCY: VI (6513.7 > 4500),317.4198069375495,6513.680961859408,0.0,Post-Monsoon,1229854158,HP-STG-v1.0.0,Phase 8B v1.0.0
SYNTH_8B_batch_0005_02094,SYNTH-SYNTH_8B_batch_0005_02094-D028,EXTREME_TAIL_PHYSICAL_ENVIRONMENT_INCONSISTENCY: VI (5737.1 > 4500),421.24420608011434,5737.106856953295,0.0,Post-Monsoon,1229854158,HP-STG-v1.0.0,Phase 8B v1.0.0
SYNTH_8B_batch_0005_02094,SYNTH-SYNTH_8B_batch_0005_02094-D029,EXTREME_TAIL_PHYSICAL_ENVIRONMENT_INCONSISTENCY: VI (4684.4 > 4500),356.04342684002427,4684.414117012748,0.0,Post-Monsoon,1229854158,HP-STG-v1.0.0,Phase 8B v1.0.0
SYNTH_8B_batch_0005_02102,SYNTH-SYNTH_8B_batch_0005_02102-D027,EXTREME_TAIL_PHYSICAL_ENVIRONMENT_INCONSISTENCY: VI (6399.5 > 4500),295.47685490273307,6399.489237784157,0.0,Post-Monsoon,1087517173,HP-STG-v1.0.0,Phase 8B v1.0.0
SYNTH_8B_batch_0005_02102,SYNTH-SYNTH_8B_batch_0005_02102-D028,EXTREME_TAIL_PHYSICAL_ENVIRONMENT_INCONSISTENCY: VI (6655.5 > 4500),254.4152956152085,6655.510630586412,0.0,Post-Monsoon,1087517173,HP-STG-v1.0.0,Phase 8B v1.0.0
SYNTH_8B_batch_0005_02106,SYNTH-SYNTH_8B_batch_0005_02106-D003,EXTREME_TAIL_PHYSICAL_ENVIRONMENT_INCONSISTENCY: VI (6798.8 > 4500),273.01790083711074,6798.834984152472,0.0,Post-Monsoon,4200177940,HP-STG-v1.0.0,Phase 8B v1.0.0
SYNTH_8B_batch_0005_02106,SYNTH-SYNTH_8B_batch_0005_02106-D022,EXTREME_TAIL_PHYSICAL_ENVIRONMENT_INCONSISTENCY: VI (8030.9 > 4500),357.1135975383844,8030.916326537904,0.0,Post-Monsoon,4200177940,HP-STG-v1.0.0,Phase 8B v1.0.0
SYNTH_8B_batch_0005_02110,SYNTH-SYNTH_8B_batch_0005_02110-D003,EXTREME_TAIL_PHYSICAL_ENVIRONMENT_INCONSISTENCY: VI (6129.0 > 4500),256.98322830878396,6129.036711778669,0.0,Post-Monsoon,3498666318,HP-STG-v1.0.0,Phase 8B v1.0.0
SYNTH_8B_batch_0005_02118,SYNTH-SYNTH_8B_batch_0005_02118-D004,EXTREME_TAIL_PHYSICAL_ENVIRONMENT_INCONSISTENCY: VI (6216.4 > 4500),371.17610117941416,6216.361670364452,0.0,Post-Monsoon,392131187,HP-STG-v1.0.0,Phase 8B v1.0.0
SYNTH_8B_batch_0005_02118,SYNTH-SYNTH_8B_batch_0005_02118-D005,EXTREME_TAIL_PHYSICAL_ENVIRONMENT_INCONSISTENCY: VI (6316.3 > 4500),270.74772684409805,6316.253766453764,0.0,Post-Monsoon,392131187,HP-STG-v1.0.0,Phase 8B v1.0.0
SYNTH_8B_batch_0005_02118,SYNTH-SYNTH_8B_batch_0005_02118-D019,EXTREME_TAIL_PHYSICAL_ENVIRONMENT_INCONSISTENCY: VI (5719.4 > 4500),282.11727909357495,5719.422223679215,0.0,Post-Monsoon,392131187,HP-STG-v1.0.0,Phase 8B v1.0.0
SYNTH_8B_batch_0005_02118,SYNTH-SYNTH_8B_batch_0005_02118-D030,EXTREME_TAIL_PHYSICAL_ENVIRONMENT_INCONSISTENCY: VI (5101.4 > 4500),251.02351606943287,5101.4068919874835,0.0,Post-Monsoon,392131187,HP-STG-v1.0.0,Phase 8B v1.0.0
SYNTH_8B_batch_0005_02121,SYNTH-SYNTH_8B_batch_0005_02121-D008,EXTREME_TAIL_PHYSICAL_ENVIRONMENT_INCONSISTENCY: VI (8792.6 > 4500),277.6613180192271,8792.579277141027,0.0,Winter,4212052052,HP-STG-v1.0.0,Phase 8B v1.0.0
SYNTH_8B_batch_0005_02126,SYNTH-SYNTH_8B_batch_0005_02126-D008,EXTREME_TAIL_PHYSICAL_ENVIRONMENT_INCONSISTENCY: VI (7361.3 > 4500),303.92247374393236,7361.31596768883,0.0,Post-Monsoon,2479700366,HP-STG-v1.0.0,Phase 8B v1.0.0
SYNTH_8B_batch_0005_02130,SYNTH-SYNTH_8B_batch_0005_02130-D027,EXTREME_TAIL_PHYSICAL_ENVIRONMENT_INCONSISTENCY: VI (6813.5 > 4500),261.07348038611735,6813.522257363791,0.0,Post-Monsoon,2830762021,HP-STG-v1.0.0,Phase 8B v1.0.0
SYNTH_8B_batch_0005_02134,SYNTH-SYNTH_8B_batch_0005_02134-D005,EXTREME_TAIL_PHYSICAL_ENVIRONMENT_INCONSISTENCY: VI (6650.1 > 4500),348.02154232726025,6650.077151140333,0.0,Post-Monsoon,3530883042,HP-STG-v1.0.0,Phase 8B v1.0.0
SYNTH_8B_batch_0005_02134,SYNTH-SYNTH_8B_batch_0005_02134-D006,EXTREME_TAIL_PHYSICAL_ENVIRONMENT_INCONSISTENCY: VI (6636.3 > 4500),298.75066710268857,6636.272352802381,0.0,Post-Monsoon,3530883042,HP-STG-v1.0.0,Phase 8B v1.0.0
SYNTH_8B_batch_0005_02134,SYNTH-SYNTH_8B_batch_0005_02134-D029,EXTREME_TAIL_PHYSICAL_ENVIRONMENT_INCONSISTENCY: VI (8039.9 > 4500),299.40099070389124,8039.937859377993,0.0,Post-Monsoon,3530883042,HP-STG-v1.0.0,Phase 8B v1.0.0
SYNTH_8B_batch_0005_02138,SYNTH-SYNTH_8B_batch_0005_02138-D003,EXTREME_TAIL_PHYSICAL_ENVIRONMENT_INCONSISTENCY: VI (5463.9 > 4500),322.4469573161384,5463.883655635349,0.0,Post-Monsoon,52666288,HP-STG-v1.0.0,Phase 8B v1.0.0
SYNTH_8B_batch_0005_02138,SYNTH-SYNTH_8B_batch_0005_02138-D011,EXTREME_TAIL_PHYSICAL_ENVIRONMENT_INCONSISTENCY: VI (6880.7 > 4500),252.20004667772386,6880.653669234818,0.0,Post-Monsoon,52666288,HP-STG-v1.0.0,Phase 8B v1.0.0
SYNTH_8B_batch_0005_02138,SYNTH-SYNTH_8B_batch_0005_02138-D024,EXTREME_TAIL_PHYSICAL_ENVIRONMENT_INCONSISTENCY: VI (6532.3 > 4500),305.9597374593513,6532.290660214373,0.0,Post-Monsoon,52666288,HP-STG-v1.0.0,Phase 8B v1.0.0
SYNTH_8B_batch_0005_02138,SYNTH-SYNTH_8B_batch_0005_02138-D026,EXTREME_TAIL_PHYSICAL_ENVIRONMENT_INCONSISTENCY: VI (4709.5 > 4500),269.23455777691595,4709.466560982355,0.0,Post-Monsoon,52666288,HP-STG-v1.0.0,Phase 8B v1.0.0
SYNTH_8B_batch_0005_02142,SYNTH-SYNTH_8B_batch_0005_02142-D010,EXTREME_TAIL_PHYSICAL_ENVIRONMENT_INCONSISTENCY: VI (5303.5 > 4500),371.0724581854515,5303.536008086,0.0,Post-Monsoon,2747944831,HP-STG-v1.0.0,Phase 8B v1.0.0
SYNTH_8B_batch_0005_02142,SYNTH-SYNTH_8B_batch_0005_02142-D011,EXTREME_TAIL_PHYSICAL_ENVIRONMENT_INCONSISTENCY: VI (6037.9 > 4500),317.35506289101943,6037.903982526601,0.0,Post-Monsoon,2747944831,HP-STG-v1.0.0,Phase 8B v1.0.0
SYNTH_8B_batch_0005_02142,SYNTH-SYNTH_8B_batch_0005_02142-D016,EXTREME_TAIL_PHYSICAL_ENVIRONMENT_INCONSISTENCY: VI (4687.2 > 4500),410.85211631897795,4687.211632653922,0.0,Post-Monsoon,2747944831,HP-STG-v1.0.0,Phase 8B v1.0.0
SYNTH_8B_batch_0005_02142,SYNTH-SYNTH_8B_batch_0005_02142-D017,EXTREME_TAIL_PHYSICAL_ENVIRONMENT_INCONSISTENCY: VI (5114.8 > 4500),350.8629945381813,5114.751688345805,0.0,Post-Monsoon,2747944831,HP-STG-v1.0.0,Phase 8B v1.0.0
SYNTH_8B_batch_0005_02142,SYNTH-SYNTH_8B_batch_0005_02142-D018,EXTREME_TAIL_PHYSICAL_ENVIRONMENT_INCONSISTENCY: VI (5443.0 > 4500),262.20589243448296,5443.008872631722,0.0,Post-Monsoon,2747944831,HP-STG-v1.0.0,Phase 8B v1.0.0
SYNTH_8B_batch_0005_02142,SYNTH-SYNTH_8B_batch_0005_02142-D030,EXTREME_TAIL_PHYSICAL_ENVIRONMENT_INCONSISTENCY: VI (7275.2 > 4500),258.6614637015828,7275.19669289135,0.0,Post-Monsoon,2747944831,HP-STG-v1.0.0,Phase 8B v1.0.0
SYNTH_8B_batch_0005_02150,SYNTH-SYNTH_8B_batch_0005_02150-D016,EXTREME_TAIL_PHYSICAL_ENVIRONMENT_INCONSISTENCY: VI (8613.4 > 4500),277.57721754350337,8613.436369828389,0.0,Post-Monsoon,2533351087,HP-STG-v1.0.0,Phase 8B v1.0.0
SYNTH_8B_batch_0005_02154,SYNTH-SYNTH_8B_batch_0005_02154-D004,EXTREME_TAIL_PHYSICAL_ENVIRONMENT_INCONSISTENCY: VI (5864.2 > 4500),390.37831305860624,5864.163475008959,0.0,Post-Monsoon,1728912944,HP-STG-v1.0.0,Phase 8B v1.0.0
SYNTH_8B_batch_0005_02154,SYNTH-SYNTH_8B_batch_0005_02154-D005,EXTREME_TAIL_PHYSICAL_ENVIRONMENT_INCONSISTENCY: VI (6867.5 > 4500),341.8893618904575,6867.507123928323,0.0,Post-Monsoon,1728912944,HP-STG-v1.0.0,Phase 8B v1.0.0
SYNTH_8B_batch_0005_02154,SYNTH-SYNTH_8B_batch_0005_02154-D012,EXTREME_TAIL_PHYSICAL_ENVIRONMENT_INCONSISTENCY: VI (6356.3 > 4500),349.44767134243097,6356.342575691823,0.0,Post-Monsoon,1728912944,HP-STG-v1.0.0,Phase 8B v1.0.0
SYNTH_8B_batch_0005_02154,SYNTH-SYNTH_8B_batch_0005_02154-D017,EXTREME_TAIL_PHYSICAL_ENVIRONMENT_INCONSISTENCY: VI (5413.2 > 4500),306.5492750092383,5413.224347661082,0.0,Post-Monsoon,1728912944,HP-STG-v1.0.0,Phase 8B v1.0.0
SYNTH_8B_batch_0005_02154,SYNTH-SYNTH_8B_batch_0005_02154-D021,EXTREME_TAIL_PHYSICAL_ENVIRONMENT_INCONSISTENCY: VI (5577.3 > 4500),304.96365487688854,5577.269326138886,0.0,Post-Monsoon,1728912944,HP-STG-v1.0.0,Phase 8B v1.0.0
SYNTH_8B_batch_0005_02154,SYNTH-SYNTH_8B_batch_0005_02154-D022,EXTREME_TAIL_PHYSICAL_ENVIRONMENT_INCONSISTENCY: VI (6258.8 > 4500),284.654449903637,6258.846868496154,0.0,Post-Monsoon,1728912944,HP-STG-v1.0.0,Phase 8B v1.0.0
SYNTH_8B_batch_0005_02154,SYNTH-SYNTH_8B_batch_0005_02154-D024,EXTREME_TAIL_PHYSICAL_ENVIRONMENT_INCONSISTENCY: VI (7977.0 > 4500),266.5274542168821,7976.992096868472,0.0,Post-Monsoon,1728912944,HP-STG-v1.0.0,Phase 8B v1.0.0
SYNTH_8B_batch_0005_02158,SYNTH-SYNTH_8B_batch_0005_02158-D021,EXTREME_TAIL_PHYSICAL_ENVIRONMENT_INCONSISTENCY: VI (5563.7 > 4500),288.50001933186866,5563.679159266344,0.0,Post-Monsoon,2109166363,HP-STG-v1.0.0,Phase 8B v1.0.0
SYNTH_8B_batch_0005_02162,SYNTH-SYNTH_8B_batch_0005_02162-D015,EXTREME_TAIL_PHYSICAL_ENVIRONMENT_INCONSISTENCY: VI (5603.9 > 4500),321.90062488266426,5603.928592995208,0.0,Post-Monsoon,1914433692,HP-STG-v1.0.0,Phase 8B v1.0.0
SYNTH_8B_batch_0005_02162,SYNTH-SYNTH_8B_batch_0005_02162-D016,EXTREME_TAIL_PHYSICAL_ENVIRONMENT_INCONSISTENCY: VI (6510.7 > 4500),259.6133984246761,6510.686781440182,0.0,Post-Monsoon,1914433692,HP-STG-v1.0.0,Phase 8B v1.0.0
SYNTH_8B_batch_0005_02164,SYNTH-SYNTH_8B_batch_0005_02164-D001,EXTREME_TAIL_PHYSICAL_ENVIRONMENT_INCONSISTENCY: VI (9526.3 > 4500),285.4697322968402,9526.34249987354,0.0,Monsoon,1866338881,HP-STG-v1.0.0,Phase 8B v1.0.0
SYNTH_8B_batch_0005_02166,SYNTH-SYNTH_8B_batch_0005_02166-D014,EXTREME_TAIL_PHYSICAL_ENVIRONMENT_INCONSISTENCY: VI (5590.4 > 4500),343.75750367460205,5590.375764763138,0.0,Post-Monsoon,2604967402,HP-STG-v1.0.0,Phase 8B v1.0.0
SYNTH_8B_batch_0005_02166,SYNTH-SYNTH_8B_batch_0005_02166-D015,EXTREME_TAIL_PHYSICAL_ENVIRONMENT_INCONSISTENCY: VI (5542.4 > 4500),289.54298176557893,5542.371667727052,0.0,Post-Monsoon,2604967402,HP-STG-v1.0.0,Phase 8B v1.0.0
SYNTH_8B_batch_0005_02166,SYNTH-SYNTH_8B_batch_0005_02166-D026,EXTREME_TAIL_PHYSICAL_ENVIRONMENT_INCONSISTENCY: VI (7308.3 > 4500),256.97235002574183,7308.253334517509,0.0,Post-Monsoon,2604967402,HP-STG-v1.0.0,Phase 8B v1.0.0
SYNTH_8B_batch_0005_02169,SYNTH-SYNTH_8B_batch_0005_02169-D003,EXTREME_TAIL_PHYSICAL_ENVIRONMENT_INCONSISTENCY: VI (8952.7 > 4500),255.1316157330315,8952.705032026817,0.0,Winter,2441461627,HP-STG-v1.0.0,Phase 8B v1.0.0
SYNTH_8B_batch_0005_02170,SYNTH-SYNTH_8B_batch_0005_02170-D013,EXTREME_TAIL_PHYSICAL_ENVIRONMENT_INCONSISTENCY: VI (7207.3 > 4500),361.6491882521577,7207.34926482623,0.0,Post-Monsoon,4062699104,HP-STG-v1.0.0,Phase 8B v1.0.0
SYNTH_8B_batch_0005_02170,SYNTH-SYNTH_8B_batch_0005_02170-D019,EXTREME_TAIL_PHYSICAL_ENVIRONMENT_INCONSISTENCY: VI (6341.2 > 4500),317.92931212017805,6341.179316739558,0.0,Post-Monsoon,4062699104,HP-STG-v1.0.0,Phase 8B v1.0.0
SYNTH_8B_batch_0005_02170,SYNTH-SYNTH_8B_batch_0005_02170-D020,EXTREME_TAIL_PHYSICAL_ENVIRONMENT_INCONSISTENCY: VI (6838.2 > 4500),299.88741771023984,6838.191249635023,0.0,Post-Monsoon,4062699104,HP-STG-v1.0.0,Phase 8B v1.0.0
SYNTH_8B_batch_0005_02174,SYNTH-SYNTH_8B_batch_0005_02174-D003,EXTREME_TAIL_PHYSICAL_ENVIRONMENT_INCONSISTENCY: VI (5736.9 > 4500),306.1255727736412,5736.851790792708,0.0,Post-Monsoon,1975394228,HP-STG-v1.0.0,Phase 8B v1.0.0
SYNTH_8B_batch_0005_02174,SYNTH-SYNTH_8B_batch_0005_02174-D011,EXTREME_TAIL_PHYSICAL_ENVIRONMENT_INCONSISTENCY: VI (6381.0 > 4500),260.5091652818213,6381.044861286572,0.0,Post-Monsoon,1975394228,HP-STG-v1.0.0,Phase 8B v1.0.0
SYNTH_8B_batch_0005_02178,SYNTH-SYNTH_8B_batch_0005_02178-D015,EXTREME_TAIL_PHYSICAL_ENVIRONMENT_INCONSISTENCY: VI (8316.3 > 4500),323.5765788200316,8316.263747960493,0.0,Post-Monsoon,2742199267,HP-STG-v1.0.0,Phase 8B v1.0.0
SYNTH_8B_batch_0005_02178,SYNTH-SYNTH_8B_batch_0005_02178-D016,EXTREME_TAIL_PHYSICAL_ENVIRONMENT_INCONSISTENCY: VI (7785.0 > 4500),277.3378566616644,7784.997192636348,0.0,Post-Monsoon,2742199267,HP-STG-v1.0.0,Phase 8B v1.0.0
SYNTH_8B_batch_0005_02178,SYNTH-SYNTH_8B_batch_0005_02178-D017,EXTREME_TAIL_PHYSICAL_ENVIRONMENT_INCONSISTENCY: VI (6020.9 > 4500),253.75516297573404,6020.909895502602,0.0,Post-Monsoon,2742199267,HP-STG-v1.0.0,Phase 8B v1.0.0
SYNTH_8B_batch_0005_02194,SYNTH-SYNTH_8B_batch_0005_02194-D015,EXTREME_TAIL_PHYSICAL_ENVIRONMENT_INCONSISTENCY: VI (8643.1 > 4500),325.4600676348429,8643.051617950656,0.0,Post-Monsoon,3513095051,HP-STG-v1.0.0,Phase 8B v1.0.0
SYNTH_8B_batch_0005_02194,SYNTH-SYNTH_8B_batch_0005_02194-D022,EXTREME_TAIL_PHYSICAL_ENVIRONMENT_INCONSISTENCY: VI (7933.8 > 4500),264.48087802468973,7933.839581517898,0.0,Post-Monsoon,3513095051,HP-STG-v1.0.0,Phase 8B v1.0.0
SYNTH_8B_batch_0005_02198,SYNTH-SYNTH_8B_batch_0005_02198-D012,EXTREME_TAIL_PHYSICAL_ENVIRONMENT_INCONSISTENCY: VI (8868.8 > 4500),337.94275288780017,8868.768640979597,0.0,Post-Monsoon,1975074350,HP-STG-v1.0.0,Phase 8B v1.0.0
SYNTH_8B_batch_0005_02198,SYNTH-SYNTH_8B_batch_0005_02198-D013,EXTREME_TAIL_PHYSICAL_ENVIRONMENT_INCONSISTENCY: VI (5682.2 > 4500),259.1065029281067,5682.184998727546,0.0,Post-Monsoon,1975074350,HP-STG-v1.0.0,Phase 8B v1.0.0
SYNTH_8B_batch_0005_02198,SYNTH-SYNTH_8B_batch_0005_02198-D018,EXTREME_TAIL_PHYSICAL_ENVIRONMENT_INCONSISTENCY: VI (6622.4 > 4500),268.9626550525173,6622.413485440703,0.0,Post-Monsoon,1975074350,HP-STG-v1.0.0,Phase 8B v1.0.0
SYNTH_8B_batch_0005_02202,SYNTH-SYNTH_8B_batch_0005_02202-D024,EXTREME_TAIL_PHYSICAL_ENVIRONMENT_INCONSISTENCY: VI (4751.4 > 4500),344.2106718009744,4751.353593340387,0.0,Post-Monsoon,2894595841,HP-STG-v1.0.0,Phase 8B v1.0.0
SYNTH_8B_batch_0005_02202,SYNTH-SYNTH_8B_batch_0005_02202-D025,EXTREME_TAIL_PHYSICAL_ENVIRONMENT_INCONSISTENCY: VI (6734.1 > 4500),272.8235786822888,6734.1106369682575,0.0,Post-Monsoon,2894595841,HP-STG-v1.0.0,Phase 8B v1.0.0
SYNTH_8B_batch_0005_02206,SYNTH-SYNTH_8B_batch_0005_02206-D013,EXTREME_TAIL_PHYSICAL_ENVIRONMENT_INCONSISTENCY: VI (5430.5 > 4500),341.1383866905459,5430.517767875404,0.0,Post-Monsoon,3349513933,HP-STG-v1.0.0,Phase 8B v1.0.0
SYNTH_8B_batch_0005_02206,SYNTH-SYNTH_8B_batch_0005_02206-D015,EXTREME_TAIL_PHYSICAL_ENVIRONMENT_INCONSISTENCY: VI (6773.5 > 4500),357.25937660439047,6773.526372480265,0.0,Post-Monsoon,3349513933,HP-STG-v1.0.0,Phase 8B v1.0.0
SYNTH_8B_batch_0005_02206,SYNTH-SYNTH_8B_batch_0005_02206-D016,EXTREME_TAIL_PHYSICAL_ENVIRONMENT_INCONSISTENCY: VI (5026.1 > 4500),274.03786910393006,5026.118110905088,0.0,Post-Monsoon,3349513933,HP-STG-v1.0.0,Phase 8B v1.0.0
SYNTH_8B_batch_0005_02206,SYNTH-SYNTH_8B_batch_0005_02206-D017,EXTREME_TAIL_PHYSICAL_ENVIRONMENT_INCONSISTENCY: VI (4677.6 > 4500),251.4069250153131,4677.578870014419,0.0,Post-Monsoon,3349513933,HP-STG-v1.0.0,Phase 8B v1.0.0
SYNTH_8B_batch_0005_02206,SYNTH-SYNTH_8B_batch_0005_02206-D024,EXTREME_TAIL_PHYSICAL_ENVIRONMENT_INCONSISTENCY: VI (5450.0 > 4500),322.102461400617,5449.989461386647,0.0,Post-Monsoon,3349513933,HP-STG-v1.0.0,Phase 8B v1.0.0
SYNTH_8B_batch_0005_02206,SYNTH-SYNTH_8B_batch_0005_02206-D027,EXTREME_TAIL_PHYSICAL_ENVIRONMENT_INCONSISTENCY: VI (5388.2 > 4500),310.91941149755337,5388.189373528922,0.0,Post-Monsoon,3349513933,HP-STG-v1.0.0,Phase 8B v1.0.0
SYNTH_8B_batch_0005_02209,SYNTH-SYNTH_8B_batch_0005_02209-D004,EXTREME_TAIL_PHYSICAL_ENVIRONMENT_INCONSISTENCY: VI (8089.5 > 4500),307.07946344836967,8089.4809534519745,0.0,Winter,2907037048,HP-STG-v1.0.0,Phase 8B v1.0.0
SYNTH_8B_batch_0005_02209,SYNTH-SYNTH_8B_batch_0005_02209-D007,EXTREME_TAIL_PHYSICAL_ENVIRONMENT_INCONSISTENCY: VI (7038.0 > 4500),280.7156004882882,7037.962084319475,0.0,Winter,2907037048,HP-STG-v1.0.0,Phase 8B v1.0.0
SYNTH_8B_batch_0005_02210,SYNTH-SYNTH_8B_batch_0005_02210-D016,EXTREME_TAIL_PHYSICAL_ENVIRONMENT_INCONSISTENCY: VI (5005.6 > 4500),344.5451142656236,5005.595256764284,0.0,Post-Monsoon,765263886,HP-STG-v1.0.0,Phase 8B v1.0.0
SYNTH_8B_batch_0005_02210,SYNTH-SYNTH_8B_batch_0005_02210-D017,EXTREME_TAIL_PHYSICAL_ENVIRONMENT_INCONSISTENCY: VI (7427.8 > 4500),257.7404733230345,7427.839021607783,0.0,Post-Monsoon,765263886,HP-STG-v1.0.0,Phase 8B v1.0.0
SYNTH_8B_batch_0005_02210,SYNTH-SYNTH_8B_batch_0005_02210-D023,EXTREME_TAIL_PHYSICAL_ENVIRONMENT_INCONSISTENCY: VI (6697.8 > 4500),336.8439749250106,6697.824840006985,0.0,Post-Monsoon,765263886,HP-STG-v1.0.0,Phase 8B v1.0.0
SYNTH_8B_batch_0005_02210,SYNTH-SYNTH_8B_batch_0005_02210-D030,EXTREME_TAIL_PHYSICAL_ENVIRONMENT_INCONSISTENCY: VI (6136.4 > 4500),265.2973394400487,6136.442140597741,0.0,Post-Monsoon,765263886,HP-STG-v1.0.0,Phase 8B v1.0.0
SYNTH_8B_batch_0005_02214,SYNTH-SYNTH_8B_batch_0005_02214-D007,EXTREME_TAIL_PHYSICAL_ENVIRONMENT_INCONSISTENCY: VI (6152.5 > 4500),351.98305211621636,6152.4692789619685,0.0,Post-Monsoon,2599461965,HP-STG-v1.0.0,Phase 8B v1.0.0
SYNTH_8B_batch_0005_02214,SYNTH-SYNTH_8B_batch_0005_02214-D008,EXTREME_TAIL_PHYSICAL_ENVIRONMENT_INCONSISTENCY: VI (8050.9 > 4500),311.55866303177584,8050.941405653053,0.0,Post-Monsoon,2599461965,HP-STG-v1.0.0,Phase 8B v1.0.0
SYNTH_8B_batch_0005_02214,SYNTH-SYNTH_8B_batch_0005_02214-D014,EXTREME_TAIL_PHYSICAL_ENVIRONMENT_INCONSISTENCY: VI (5523.0 > 4500),380.3518099725741,5523.033673896187,0.0,Post-Monsoon,2599461965,HP-STG-v1.0.0,Phase 8B v1.0.0
SYNTH_8B_batch_0005_02214,SYNTH-SYNTH_8B_batch_0005_02214-D018,EXTREME_TAIL_PHYSICAL_ENVIRONMENT_INCONSISTENCY: VI (5086.8 > 4500),346.04065782045114,5086.751508293382,0.0,Post-Monsoon,2599461965,HP-STG-v1.0.0,Phase 8B v1.0.0
SYNTH_8B_batch_0005_02214,SYNTH-SYNTH_8B_batch_0005_02214-D019,EXTREME_TAIL_PHYSICAL_ENVIRONMENT_INCONSISTENCY: VI (7088.1 > 4500),268.75431030248814,7088.059869583977,0.0,Post-Monsoon,2599461965,HP-STG-v1.0.0,Phase 8B v1.0.0
SYNTH_8B_batch_0005_02218,SYNTH-SYNTH_8B_batch_0005_02218-D003,EXTREME_TAIL_PHYSICAL_ENVIRONMENT_INCONSISTENCY: VI (5947.1 > 4500),336.7238001088159,5947.102237078185,0.0,Post-Monsoon,1845169580,HP-STG-v1.0.0,Phase 8B v1.0.0
SYNTH_8B_batch_0005_02218,SYNTH-SYNTH_8B_batch_0005_02218-D004,EXTREME_TAIL_PHYSICAL_ENVIRONMENT_INCONSISTENCY: VI (5032.8 > 4500),256.4999919416244,5032.8040475290445,0.0,Post-Monsoon,1845169580,HP-STG-v1.0.0,Phase 8B v1.0.0
SYNTH_8B_batch_0005_02218,SYNTH-SYNTH_8B_batch_0005_02218-D022,EXTREME_TAIL_PHYSICAL_ENVIRONMENT_INCONSISTENCY: VI (7767.2 > 4500),326.52000106783123,7767.2459588704705,0.0,Post-Monsoon,1845169580,HP-STG-v1.0.0,Phase 8B v1.0.0
SYNTH_8B_batch_0005_02222,SYNTH-SYNTH_8B_batch_0005_02222-D013,EXTREME_TAIL_PHYSICAL_ENVIRONMENT_INCONSISTENCY: VI (6144.0 > 4500),252.4926609233158,6144.025533517247,0.0,Post-Monsoon,2926381307,HP-STG-v1.0.0,Phase 8B v1.0.0
SYNTH_8B_batch_0005_02222,SYNTH-SYNTH_8B_batch_0005_02222-D018,EXTREME_TAIL_PHYSICAL_ENVIRONMENT_INCONSISTENCY: VI (6219.7 > 4500),352.3772867242789,6219.669942887989,0.0,Post-Monsoon,2926381307,HP-STG-v1.0.0,Phase 8B v1.0.0
SYNTH_8B_batch_0005_02222,SYNTH-SYNTH_8B_batch_0005_02222-D019,EXTREME_TAIL_PHYSICAL_ENVIRONMENT_INCONSISTENCY: VI (6684.9 > 4500),287.29056889557967,6684.875515420694,0.0,Post-Monsoon,2926381307,HP-STG-v1.0.0,Phase 8B v1.0.0
SYNTH_8B_batch_0005_02230,SYNTH-SYNTH_8B_batch_0005_02230-D028,EXTREME_TAIL_PHYSICAL_ENVIRONMENT_INCONSISTENCY: VI (4575.5 > 4500),373.4844487648995,4575.517393651737,0.0,Post-Monsoon,1674705796,HP-STG-v1.0.0,Phase 8B v1.0.0
SYNTH_8B_batch_0005_02230,SYNTH-SYNTH_8B_batch_0005_02230-D029,EXTREME_TAIL_PHYSICAL_ENVIRONMENT_INCONSISTENCY: VI (4783.4 > 4500),325.73816480006775,4783.414429479443,0.0,Post-Monsoon,1674705796,HP-STG-v1.0.0,Phase 8B v1.0.0
SYNTH_8B_batch_0005_02234,SYNTH-SYNTH_8B_batch_0005_02234-D004,EXTREME_TAIL_PHYSICAL_ENVIRONMENT_INCONSISTENCY: VI (4909.0 > 4500),368.4677092121579,4908.978968978474,0.0,Post-Monsoon,2964381064,HP-STG-v1.0.0,Phase 8B v1.0.0
SYNTH_8B_batch_0005_02234,SYNTH-SYNTH_8B_batch_0005_02234-D005,EXTREME_TAIL_PHYSICAL_ENVIRONMENT_INCONSISTENCY: VI (5185.4 > 4500),369.2882790161701,5185.3839425356355,0.0,Post-Monsoon,2964381064,HP-STG-v1.0.0,Phase 8B v1.0.0
SYNTH_8B_batch_0005_02234,SYNTH-SYNTH_8B_batch_0005_02234-D006,EXTREME_TAIL_PHYSICAL_ENVIRONMENT_INCONSISTENCY: VI (4783.3 > 4500),309.34115537276136,4783.28414058205,0.0,Post-Monsoon,2964381064,HP-STG-v1.0.0,Phase 8B v1.0.0
SYNTH_8B_batch_0005_02234,SYNTH-SYNTH_8B_batch_0005_02234-D007,EXTREME_TAIL_PHYSICAL_ENVIRONMENT_INCONSISTENCY: VI (6411.2 > 4500),252.6469289420541,6411.20350267041,0.0,Post-Monsoon,2964381064,HP-STG-v1.0.0,Phase 8B v1.0.0
SYNTH_8B_batch_0005_02237,SYNTH-SYNTH_8B_batch_0005_02237-D005,EXTREME_TAIL_PHYSICAL_ENVIRONMENT_INCONSISTENCY: VI (8467.3 > 4500),298.5638168622151,8467.322334782728,0.0,Winter,278751722,HP-STG-v1.0.0,Phase 8B v1.0.0
SYNTH_8B_batch_0005_02238,SYNTH-SYNTH_8B_batch_0005_02238-D007,EXTREME_TAIL_PHYSICAL_ENVIRONMENT_INCONSISTENCY: VI (6814.0 > 4500),356.7742298936708,6813.953426430786,0.0,Post-Monsoon,3408722051,HP-STG-v1.0.0,Phase 8B v1.0.0
SYNTH_8B_batch_0005_02238,SYNTH-SYNTH_8B_batch_0005_02238-D014,EXTREME_TAIL_PHYSICAL_ENVIRONMENT_INCONSISTENCY: VI (7486.0 > 4500),297.2392359097456,7485.9568990634125,0.0,Post-Monsoon,3408722051,HP-STG-v1.0.0,Phase 8B v1.0.0
SYNTH_8B_batch_0005_02238,SYNTH-SYNTH_8B_batch_0005_02238-D020,EXTREME_TAIL_PHYSICAL_ENVIRONMENT_INCONSISTENCY: VI (6678.2 > 4500),295.11282700636986,6678.187309873073,0.0,Post-Monsoon,3408722051,HP-STG-v1.0.0,Phase 8B v1.0.0
SYNTH_8B_batch_0005_02242,SYNTH-SYNTH_8B_batch_0005_02242-D002,EXTREME_TAIL_PHYSICAL_ENVIRONMENT_INCONSISTENCY: VI (8488.1 > 4500),254.62305011871854,8488.144328627352,0.0,Post-Monsoon,2305025590,HP-STG-v1.0.0,Phase 8B v1.0.0
SYNTH_8B_batch_0005_02242,SYNTH-SYNTH_8B_batch_0005_02242-D010,EXTREME_TAIL_PHYSICAL_ENVIRONMENT_INCONSISTENCY: VI (5188.3 > 4500),257.6476403395045,5188.347762143929,0.0,Post-Monsoon,2305025590,HP-STG-v1.0.0,Phase 8B v1.0.0
SYNTH_8B_batch_0005_02242,SYNTH-SYNTH_8B_batch_0005_02242-D025,EXTREME_TAIL_PHYSICAL_ENVIRONMENT_INCONSISTENCY: VI (6398.1 > 4500),389.76362029332074,6398.093639087175,0.0,Post-Monsoon,2305025590,HP-STG-v1.0.0,Phase 8B v1.0.0
SYNTH_8B_batch_0005_02242,SYNTH-SYNTH_8B_batch_0005_02242-D026,EXTREME_TAIL_PHYSICAL_ENVIRONMENT_INCONSISTENCY: VI (5437.0 > 4500),297.5245071547023,5437.049178264209,0.0,Post-Monsoon,2305025590,HP-STG-v1.0.0,Phase 8B v1.0.0
SYNTH_8B_batch_0005_02246,SYNTH-SYNTH_8B_batch_0005_02246-D010,EXTREME_TAIL_PHYSICAL_ENVIRONMENT_INCONSISTENCY: VI (5744.0 > 4500),287.6879018891825,5744.04438476067,0.0,Post-Monsoon,40496766,HP-STG-v1.0.0,Phase 8B v1.0.0
SYNTH_8B_batch_0005_02246,SYNTH-SYNTH_8B_batch_0005_02246-D021,EXTREME_TAIL_PHYSICAL_ENVIRONMENT_INCONSISTENCY: VI (5954.6 > 4500),362.6295068159836,5954.617521250933,0.0,Post-Monsoon,40496766,HP-STG-v1.0.0,Phase 8B v1.0.0
SYNTH_8B_batch_0005_02246,SYNTH-SYNTH_8B_batch_0005_02246-D022,EXTREME_TAIL_PHYSICAL_ENVIRONMENT_INCONSISTENCY: VI (4809.8 > 4500),275.10302015276085,4809.7570932121325,0.0,Post-Monsoon,40496766,HP-STG-v1.0.0,Phase 8B v1.0.0
SYNTH_8B_batch_0005_02250,SYNTH-SYNTH_8B_batch_0005_02250-D027,EXTREME_TAIL_PHYSICAL_ENVIRONMENT_INCONSISTENCY: VI (7003.8 > 4500),260.0128611307056,7003.771399056008,0.0,Post-Monsoon,197309820,HP-STG-v1.0.0,Phase 8B v1.0.0
SYNTH_8B_batch_0005_02253,SYNTH-SYNTH_8B_batch_0005_02253-D006,EXTREME_TAIL_PHYSICAL_ENVIRONMENT_INCONSISTENCY: VI (8007.2 > 4500),301.5090933952529,8007.172750653834,0.0,Winter,4217412353,HP-STG-v1.0.0,Phase 8B v1.0.0
SYNTH_8B_batch_0005_02254,SYNTH-SYNTH_8B_batch_0005_02254-D004,EXTREME_TAIL_PHYSICAL_ENVIRONMENT_INCONSISTENCY: VI (8548.1 > 4500),319.9550314323744,8548.074714141227,0.0,Post-Monsoon,2199213071,HP-STG-v1.0.0,Phase 8B v1.0.0
SYNTH_8B_batch_0005_02262,SYNTH-SYNTH_8B_batch_0005_02262-D011,EXTREME_TAIL_PHYSICAL_ENVIRONMENT_INCONSISTENCY: VI (5678.1 > 4500),263.1459278648119,5678.079899414836,0.0,Post-Monsoon,4093727962,HP-STG-v1.0.0,Phase 8B v1.0.0
SYNTH_8B_batch_0005_02262,SYNTH-SYNTH_8B_batch_0005_02262-D022,EXTREME_TAIL_PHYSICAL_ENVIRONMENT_INCONSISTENCY: VI (5743.9 > 4500),359.27984962957066,5743.892161024135,0.0,Post-Monsoon,4093727962,HP-STG-v1.0.0,Phase 8B v1.0.0
SYNTH_8B_batch_0005_02262,SYNTH-SYNTH_8B_batch_0005_02262-D023,EXTREME_TAIL_PHYSICAL_ENVIRONMENT_INCONSISTENCY: VI (8343.1 > 4500),261.4372914105426,8343.148626685226,0.0,Post-Monsoon,4093727962,HP-STG-v1.0.0,Phase 8B v1.0.0
SYNTH_8B_batch_0005_02266,SYNTH-SYNTH_8B_batch_0005_02266-D002,EXTREME_TAIL_PHYSICAL_ENVIRONMENT_INCONSISTENCY: VI (6136.5 > 4500),307.1164786698769,6136.54376346888,0.0,Post-Monsoon,2618595108,HP-STG-v1.0.0,Phase 8B v1.0.0
SYNTH_8B_batch_0005_02266,SYNTH-SYNTH_8B_batch_0005_02266-D003,EXTREME_TAIL_PHYSICAL_ENVIRONMENT_INCONSISTENCY: VI (6881.1 > 4500),294.4059727818305,6881.117258302337,0.0,Post-Monsoon,2618595108,HP-STG-v1.0.0,Phase 8B v1.0.0
SYNTH_8B_batch_0005_02266,SYNTH-SYNTH_8B_batch_0005_02266-D005,EXTREME_TAIL_PHYSICAL_ENVIRONMENT_INCONSISTENCY: VI (7179.0 > 4500),253.49398800105402,7179.046520470412,0.0,Post-Monsoon,2618595108,HP-STG-v1.0.0,Phase 8B v1.0.0
SYNTH_8B_batch_0005_02266,SYNTH-SYNTH_8B_batch_0005_02266-D011,EXTREME_TAIL_PHYSICAL_ENVIRONMENT_INCONSISTENCY: VI (6937.1 > 4500),322.5041591114357,6937.0893010354985,0.0,Post-Monsoon,2618595108,HP-STG-v1.0.0,Phase 8B v1.0.0
SYNTH_8B_batch_0005_02266,SYNTH-SYNTH_8B_batch_0005_02266-D012,EXTREME_TAIL_PHYSICAL_ENVIRONMENT_INCONSISTENCY: VI (7281.9 > 4500),274.78004009837935,7281.924800990792,0.0,Post-Monsoon,2618595108,HP-STG-v1.0.0,Phase 8B v1.0.0
SYNTH_8B_batch_0005_02266,SYNTH-SYNTH_8B_batch_0005_02266-D018,EXTREME_TAIL_PHYSICAL_ENVIRONMENT_INCONSISTENCY: VI (4923.5 > 4500),261.41937785344265,4923.479074472486,0.0,Post-Monsoon,2618595108,HP-STG-v1.0.0,Phase 8B v1.0.0
SYNTH_8B_batch_0005_02274,SYNTH-SYNTH_8B_batch_0005_02274-D021,EXTREME_TAIL_PHYSICAL_ENVIRONMENT_INCONSISTENCY: VI (7506.0 > 4500),257.3333120351171,7506.028540053656,0.0,Post-Monsoon,1944612573,HP-STG-v1.0.0,Phase 8B v1.0.0
SYNTH_8B_batch_0005_02277,SYNTH-SYNTH_8B_batch_0005_02277-D010,EXTREME_TAIL_PHYSICAL_ENVIRONMENT_INCONSISTENCY: VI (9950.8 > 4500),331.3381562208281,9950.845927899078,0.0,Winter,1543307531,HP-STG-v1.0.0,Phase 8B v1.0.0
SYNTH_8B_batch_0005_02277,SYNTH-SYNTH_8B_batch_0005_02277-D013,EXTREME_TAIL_PHYSICAL_ENVIRONMENT_INCONSISTENCY: VI (6887.2 > 4500),299.90556225677204,6887.164626000118,0.0,Winter,1543307531,HP-STG-v1.0.0,Phase 8B v1.0.0
SYNTH_8B_batch_0005_02282,SYNTH-SYNTH_8B_batch_0005_02282-D023,EXTREME_TAIL_PHYSICAL_ENVIRONMENT_INCONSISTENCY: VI (6661.0 > 4500),421.338668731741,6661.006099754641,0.0,Post-Monsoon,2984337975,HP-STG-v1.0.0,Phase 8B v1.0.0
SYNTH_8B_batch_0005_02282,SYNTH-SYNTH_8B_batch_0005_02282-D024,EXTREME_TAIL_PHYSICAL_ENVIRONMENT_INCONSISTENCY: VI (7711.2 > 4500),283.6302228881784,7711.197292428521,0.0,Post-Monsoon,2984337975,HP-STG-v1.0.0,Phase 8B v1.0.0
SYNTH_8B_batch_0005_02286,SYNTH-SYNTH_8B_batch_0005_02286-D010,EXTREME_TAIL_PHYSICAL_ENVIRONMENT_INCONSISTENCY: VI (7481.1 > 4500),358.89008301274873,7481.104891001697,0.0,Post-Monsoon,2739584465,HP-STG-v1.0.0,Phase 8B v1.0.0
SYNTH_8B_batch_0005_02286,SYNTH-SYNTH_8B_batch_0005_02286-D011,EXTREME_TAIL_PHYSICAL_ENVIRONMENT_INCONSISTENCY: VI (8151.3 > 4500),285.9008711644708,8151.321909312231,0.0,Post-Monsoon,2739584465,HP-STG-v1.0.0,Phase 8B v1.0.0
SYNTH_8B_batch_0005_02290,SYNTH-SYNTH_8B_batch_0005_02290-D025,EXTREME_TAIL_PHYSICAL_ENVIRONMENT_INCONSISTENCY: VI (5244.9 > 4500),336.19060955780895,5244.921372321019,0.0,Post-Monsoon,4052781444,HP-STG-v1.0.0,Phase 8B v1.0.0
SYNTH_8B_batch_0005_02290,SYNTH-SYNTH_8B_batch_0005_02290-D026,EXTREME_TAIL_PHYSICAL_ENVIRONMENT_INCONSISTENCY: VI (6240.9 > 4500),251.88676328151192,6240.892578441763,0.0,Post-Monsoon,4052781444,HP-STG-v1.0.0,Phase 8B v1.0.0
SYNTH_8B_batch_0005_02294,SYNTH-SYNTH_8B_batch_0005_02294-D004,EXTREME_TAIL_PHYSICAL_ENVIRONMENT_INCONSISTENCY: VI (7008.5 > 4500),289.88132554267423,7008.529553985196,0.0,Post-Monsoon,2716961241,HP-STG-v1.0.0,Phase 8B v1.0.0
SYNTH_8B_batch_0005_02298,SYNTH-SYNTH_8B_batch_0005_02298-D002,EXTREME_TAIL_PHYSICAL_ENVIRONMENT_INCONSISTENCY: VI (6321.3 > 4500),343.9075195132921,6321.348184629851,0.0,Post-Monsoon,19597592,HP-STG-v1.0.0,Phase 8B v1.0.0
SYNTH_8B_batch_0005_02298,SYNTH-SYNTH_8B_batch_0005_02298-D010,EXTREME_TAIL_PHYSICAL_ENVIRONMENT_INCONSISTENCY: VI (5515.3 > 4500),289.86917501655347,5515.303875922529,0.0,Post-Monsoon,19597592,HP-STG-v1.0.0,Phase 8B v1.0.0
SYNTH_8B_batch_0005_02298,SYNTH-SYNTH_8B_batch_0005_02298-D026,EXTREME_TAIL_PHYSICAL_ENVIRONMENT_INCONSISTENCY: VI (6313.8 > 4500),371.5244044676469,6313.800936290827,0.0,Post-Monsoon,19597592,HP-STG-v1.0.0,Phase 8B v1.0.0
SYNTH_8B_batch_0005_02306,SYNTH-SYNTH_8B_batch_0005_02306-D011,EXTREME_TAIL_PHYSICAL_ENVIRONMENT_INCONSISTENCY: VI (6196.9 > 4500),378.835895053436,6196.9095028978345,0.0,Post-Monsoon,212366762,HP-STG-v1.0.0,Phase 8B v1.0.0
SYNTH_8B_batch_0005_02306,SYNTH-SYNTH_8B_batch_0005_02306-D012,EXTREME_TAIL_PHYSICAL_ENVIRONMENT_INCONSISTENCY: VI (9082.6 > 4500),306.66852401586226,9082.624901731415,0.0,Post-Monsoon,212366762,HP-STG-v1.0.0,Phase 8B v1.0.0
SYNTH_8B_batch_0005_02306,SYNTH-SYNTH_8B_batch_0005_02306-D015,EXTREME_TAIL_PHYSICAL_ENVIRONMENT_INCONSISTENCY: VI (6501.3 > 4500),353.8904209964732,6501.305068257392,0.0,Post-Monsoon,212366762,HP-STG-v1.0.0,Phase 8B v1.0.0
SYNTH_8B_batch_0005_02306,SYNTH-SYNTH_8B_batch_0005_02306-D016,EXTREME_TAIL_PHYSICAL_ENVIRONMENT_INCONSISTENCY: VI (5118.7 > 4500),312.43300708278036,5118.74852329018,0.0,Post-Monsoon,212366762,HP-STG-v1.0.0,Phase 8B v1.0.0
SYNTH_8B_batch_0005_02306,SYNTH-SYNTH_8B_batch_0005_02306-D021,EXTREME_TAIL_PHYSICAL_ENVIRONMENT_INCONSISTENCY: VI (8468.1 > 4500),344.49552509688857,8468.066843313392,0.0,Post-Monsoon,212366762,HP-STG-v1.0.0,Phase 8B v1.0.0
SYNTH_8B_batch_0005_02306,SYNTH-SYNTH_8B_batch_0005_02306-D028,EXTREME_TAIL_PHYSICAL_ENVIRONMENT_INCONSISTENCY: VI (6853.1 > 4500),332.7158621223421,6853.123746199844,0.0,Post-Monsoon,212366762,HP-STG-v1.0.0,Phase 8B v1.0.0
SYNTH_8B_batch_0005_02310,SYNTH-SYNTH_8B_batch_0005_02310-D023,EXTREME_TAIL_PHYSICAL_ENVIRONMENT_INCONSISTENCY: VI (5949.0 > 4500),428.0097534687525,5948.97916294052,0.0,Post-Monsoon,2122017954,HP-STG-v1.0.0,Phase 8B v1.0.0
SYNTH_8B_batch_0005_02310,SYNTH-SYNTH_8B_batch_0005_02310-D024,EXTREME_TAIL_PHYSICAL_ENVIRONMENT_INCONSISTENCY: VI (8071.4 > 4500),306.5679594219374,8071.367923756089,0.0,Post-Monsoon,2122017954,HP-STG-v1.0.0,Phase 8B v1.0.0
SYNTH_8B_batch_0005_02310,SYNTH-SYNTH_8B_batch_0005_02310-D026,EXTREME_TAIL_PHYSICAL_ENVIRONMENT_INCONSISTENCY: VI (6103.7 > 4500),256.5511519381078,6103.701678075439,0.0,Post-Monsoon,2122017954,HP-STG-v1.0.0,Phase 8B v1.0.0
SYNTH_8B_batch_0005_02314,SYNTH-SYNTH_8B_batch_0005_02314-D020,EXTREME_TAIL_PHYSICAL_ENVIRONMENT_INCONSISTENCY: VI (5825.5 > 4500),369.39429971076646,5825.536489035105,0.0,Post-Monsoon,1536091558,HP-STG-v1.0.0,Phase 8B v1.0.0
SYNTH_8B_batch_0005_02314,SYNTH-SYNTH_8B_batch_0005_02314-D021,EXTREME_TAIL_PHYSICAL_ENVIRONMENT_INCONSISTENCY: VI (5847.2 > 4500),309.3993192718608,5847.249984220315,0.0,Post-Monsoon,1536091558,HP-STG-v1.0.0,Phase 8B v1.0.0
SYNTH_8B_batch_0005_02318,SYNTH-SYNTH_8B_batch_0005_02318-D008,EXTREME_TAIL_PHYSICAL_ENVIRONMENT_INCONSISTENCY: VI (7708.5 > 4500),363.1851415554261,7708.499727726389,0.0,Post-Monsoon,353249999,HP-STG-v1.0.0,Phase 8B v1.0.0
SYNTH_8B_batch_0005_02318,SYNTH-SYNTH_8B_batch_0005_02318-D009,EXTREME_TAIL_PHYSICAL_ENVIRONMENT_INCONSISTENCY: VI (5128.5 > 4500),308.42947030996345,5128.468631585303,0.0,Post-Monsoon,353249999,HP-STG-v1.0.0,Phase 8B v1.0.0
SYNTH_8B_batch_0005_02330,SYNTH-SYNTH_8B_batch_0005_02330-D023,EXTREME_TAIL_PHYSICAL_ENVIRONMENT_INCONSISTENCY: VI (7578.1 > 4500),333.7761418446624,7578.062099622118,0.0,Post-Monsoon,1823031450,HP-STG-v1.0.0,Phase 8B v1.0.0
SYNTH_8B_batch_0005_02333,SYNTH-SYNTH_8B_batch_0005_02333-D009,EXTREME_TAIL_PHYSICAL_ENVIRONMENT_INCONSISTENCY: VI (6637.2 > 4500),264.7068129720288,6637.202324048291,0.0,Winter,1709776213,HP-STG-v1.0.0,Phase 8B v1.0.0
SYNTH_8B_batch_0005_02334,SYNTH-SYNTH_8B_batch_0005_02334-D006,EXTREME_TAIL_PHYSICAL_ENVIRONMENT_INCONSISTENCY: VI (8451.0 > 4500),263.1817120098609,8450.958110285814,0.0,Post-Monsoon,1092976335,HP-STG-v1.0.0,Phase 8B v1.0.0
SYNTH_8B_batch_0005_02346,SYNTH-SYNTH_8B_batch_0005_02346-D002,EXTREME_TAIL_PHYSICAL_ENVIRONMENT_INCONSISTENCY: VI (8802.2 > 4500),286.6534063350453,8802.192499511886,0.0,Post-Monsoon,2742255261,HP-STG-v1.0.0,Phase 8B v1.0.0
SYNTH_8B_batch_0005_02346,SYNTH-SYNTH_8B_batch_0005_02346-D030,EXTREME_TAIL_PHYSICAL_ENVIRONMENT_INCONSISTENCY: VI (5953.3 > 4500),318.23381291786325,5953.307824618012,0.0,Post-Monsoon,2742255261,HP-STG-v1.0.0,Phase 8B v1.0.0
SYNTH_8B_batch_0005_02350,SYNTH-SYNTH_8B_batch_0005_02350-D003,EXTREME_TAIL_PHYSICAL_ENVIRONMENT_INCONSISTENCY: VI (6099.8 > 4500),379.59828318506226,6099.830621917806,0.0,Post-Monsoon,3097358474,HP-STG-v1.0.0,Phase 8B v1.0.0
SYNTH_8B_batch_0005_02350,SYNTH-SYNTH_8B_batch_0005_02350-D004,EXTREME_TAIL_PHYSICAL_ENVIRONMENT_INCONSISTENCY: VI (7350.2 > 4500),312.3120436463753,7350.189809701632,0.0,Post-Monsoon,3097358474,HP-STG-v1.0.0,Phase 8B v1.0.0
SYNTH_8B_batch_0005_02350,SYNTH-SYNTH_8B_batch_0005_02350-D007,EXTREME_TAIL_PHYSICAL_ENVIRONMENT_INCONSISTENCY: VI (7767.3 > 4500),279.09342538897397,7767.30236887284,0.0,Post-Monsoon,3097358474,HP-STG-v1.0.0,Phase 8B v1.0.0
SYNTH_8B_batch_0005_02350,SYNTH-SYNTH_8B_batch_0005_02350-D010,EXTREME_TAIL_PHYSICAL_ENVIRONMENT_INCONSISTENCY: VI (6833.7 > 4500),274.1031692565741,6833.683334093634,0.0,Post-Monsoon,3097358474,HP-STG-v1.0.0,Phase 8B v1.0.0
SYNTH_8B_batch_0005_02350,SYNTH-SYNTH_8B_batch_0005_02350-D017,EXTREME_TAIL_PHYSICAL_ENVIRONMENT_INCONSISTENCY: VI (5965.9 > 4500),256.9924628441712,5965.923936967161,0.0,Post-Monsoon,3097358474,HP-STG-v1.0.0,Phase 8B v1.0.0
SYNTH_8B_batch_0005_02350,SYNTH-SYNTH_8B_batch_0005_02350-D029,EXTREME_TAIL_PHYSICAL_ENVIRONMENT_INCONSISTENCY: VI (5790.2 > 4500),368.9026361724304,5790.176708680935,0.0,Post-Monsoon,3097358474,HP-STG-v1.0.0,Phase 8B v1.0.0
SYNTH_8B_batch_0005_02350,SYNTH-SYNTH_8B_batch_0005_02350-D030,EXTREME_TAIL_PHYSICAL_ENVIRONMENT_INCONSISTENCY: VI (5204.7 > 4500),261.60510407282135,5204.747536794389,0.0,Post-Monsoon,3097358474,HP-STG-v1.0.0,Phase 8B v1.0.0
SYNTH_8B_batch_0005_02361,SYNTH-SYNTH_8B_batch_0005_02361-D002,EXTREME_TAIL_PHYSICAL_ENVIRONMENT_INCONSISTENCY: VI (7461.2 > 4500),263.1389108685106,7461.218528151421,0.0,Winter,1053585510,HP-STG-v1.0.0,Phase 8B v1.0.0
SYNTH_8B_batch_0005_02362,SYNTH-SYNTH_8B_batch_0005_02362-D005,EXTREME_TAIL_PHYSICAL_ENVIRONMENT_INCONSISTENCY: VI (6561.5 > 4500),369.04418464331314,6561.516024021055,0.0,Post-Monsoon,463016755,HP-STG-v1.0.0,Phase 8B v1.0.0
SYNTH_8B_batch_0005_02362,SYNTH-SYNTH_8B_batch_0005_02362-D008,EXTREME_TAIL_PHYSICAL_ENVIRONMENT_INCONSISTENCY: VI (8551.1 > 4500),305.112138415308,8551.063141373821,0.0,Post-Monsoon,463016755,HP-STG-v1.0.0,Phase 8B v1.0.0
SYNTH_8B_batch_0005_02362,SYNTH-SYNTH_8B_batch_0005_02362-D019,EXTREME_TAIL_PHYSICAL_ENVIRONMENT_INCONSISTENCY: VI (6353.0 > 4500),346.05157972638824,6353.042989874284,0.0,Post-Monsoon,463016755,HP-STG-v1.0.0,Phase 8B v1.0.0
SYNTH_8B_batch_0005_02362,SYNTH-SYNTH_8B_batch_0005_02362-D027,EXTREME_TAIL_PHYSICAL_ENVIRONMENT_INCONSISTENCY: VI (6174.9 > 4500),401.7854054265961,6174.93535079919,0.0,Post-Monsoon,463016755,HP-STG-v1.0.0,Phase 8B v1.0.0
SYNTH_8B_batch_0005_02362,SYNTH-SYNTH_8B_batch_0005_02362-D028,EXTREME_TAIL_PHYSICAL_ENVIRONMENT_INCONSISTENCY: VI (7029.7 > 4500),297.4314497052424,7029.740216349361,0.0,Post-Monsoon,463016755,HP-STG-v1.0.0,Phase 8B v1.0.0
SYNTH_8B_batch_0005_02362,SYNTH-SYNTH_8B_batch_0005_02362-D029,EXTREME_TAIL_PHYSICAL_ENVIRONMENT_INCONSISTENCY: VI (5169.7 > 4500),253.0019205721203,5169.699986168146,0.0,Post-Monsoon,463016755,HP-STG-v1.0.0,Phase 8B v1.0.0
SYNTH_8B_batch_0005_02366,SYNTH-SYNTH_8B_batch_0005_02366-D003,EXTREME_TAIL_PHYSICAL_ENVIRONMENT_INCONSISTENCY: VI (6169.4 > 4500),338.71938469166554,6169.42851984353,0.0,Post-Monsoon,3097575299,HP-STG-v1.0.0,Phase 8B v1.0.0
SYNTH_8B_batch_0005_02366,SYNTH-SYNTH_8B_batch_0005_02366-D004,EXTREME_TAIL_PHYSICAL_ENVIRONMENT_INCONSISTENCY: VI (4625.6 > 4500),284.7810387469999,4625.592843128988,0.0,Post-Monsoon,3097575299,HP-STG-v1.0.0,Phase 8B v1.0.0
SYNTH_8B_batch_0005_02366,SYNTH-SYNTH_8B_batch_0005_02366-D016,EXTREME_TAIL_PHYSICAL_ENVIRONMENT_INCONSISTENCY: VI (5212.4 > 4500),314.41496755731134,5212.420011403573,0.0,Post-Monsoon,3097575299,HP-STG-v1.0.0,Phase 8B v1.0.0
SYNTH_8B_batch_0005_02366,SYNTH-SYNTH_8B_batch_0005_02366-D023,EXTREME_TAIL_PHYSICAL_ENVIRONMENT_INCONSISTENCY: VI (5182.6 > 4500),266.198788165841,5182.591681858634,0.0,Post-Monsoon,3097575299,HP-STG-v1.0.0,Phase 8B v1.0.0
SYNTH_8B_batch_0005_02370,SYNTH-SYNTH_8B_batch_0005_02370-D029,EXTREME_TAIL_PHYSICAL_ENVIRONMENT_INCONSISTENCY: VI (5846.0 > 4500),309.83132913657545,5845.99139778324,0.0,Post-Monsoon,506345207,HP-STG-v1.0.0,Phase 8B v1.0.0
SYNTH_8B_batch_0005_02374,SYNTH-SYNTH_8B_batch_0005_02374-D007,EXTREME_TAIL_PHYSICAL_ENVIRONMENT_INCONSISTENCY: VI (6298.9 > 4500),348.1059756899167,6298.939792388504,0.0,Post-Monsoon,2929763875,HP-STG-v1.0.0,Phase 8B v1.0.0
SYNTH_8B_batch_0005_02374,SYNTH-SYNTH_8B_batch_0005_02374-D023,EXTREME_TAIL_PHYSICAL_ENVIRONMENT_INCONSISTENCY: VI (4968.9 > 4500),295.487654045701,4968.856557387071,0.0,Post-Monsoon,2929763875,HP-STG-v1.0.0,Phase 8B v1.0.0
SYNTH_8B_batch_0005_02378,SYNTH-SYNTH_8B_batch_0005_02378-D025,EXTREME_TAIL_PHYSICAL_ENVIRONMENT_INCONSISTENCY: VI (5306.1 > 4500),364.03695609233097,5306.149483728418,0.0,Post-Monsoon,2175927857,HP-STG-v1.0.0,Phase 8B v1.0.0
SYNTH_8B_batch_0005_02382,SYNTH-SYNTH_8B_batch_0005_02382-D012,EXTREME_TAIL_PHYSICAL_ENVIRONMENT_INCONSISTENCY: VI (6162.5 > 4500),376.87563905820974,6162.527092761628,0.0,Post-Monsoon,4141845053,HP-STG-v1.0.0,Phase 8B v1.0.0
SYNTH_8B_batch_0005_02382,SYNTH-SYNTH_8B_batch_0005_02382-D013,EXTREME_TAIL_PHYSICAL_ENVIRONMENT_INCONSISTENCY: VI (5900.5 > 4500),287.79272667457496,5900.539806260212,0.0,Post-Monsoon,4141845053,HP-STG-v1.0.0,Phase 8B v1.0.0
SYNTH_8B_batch_0005_02386,SYNTH-SYNTH_8B_batch_0005_02386-D028,EXTREME_TAIL_PHYSICAL_ENVIRONMENT_INCONSISTENCY: VI (5679.3 > 4500),338.29230067737734,5679.260514278896,0.0,Post-Monsoon,2976620404,HP-STG-v1.0.0,Phase 8B v1.0.0
SYNTH_8B_batch_0005_02386,SYNTH-SYNTH_8B_batch_0005_02386-D029,EXTREME_TAIL_PHYSICAL_ENVIRONMENT_INCONSISTENCY: VI (6096.6 > 4500),262.1892363349671,6096.647729464903,0.0,Post-Monsoon,2976620404,HP-STG-v1.0.0,Phase 8B v1.0.0
SYNTH_8B_batch_0005_02390,SYNTH-SYNTH_8B_batch_0005_02390-D003,EXTREME_TAIL_PHYSICAL_ENVIRONMENT_INCONSISTENCY: VI (6240.2 > 4500),341.7527740578449,6240.1738980796035,0.0,Post-Monsoon,321705633,HP-STG-v1.0.0,Phase 8B v1.0.0
SYNTH_8B_batch_0005_02390,SYNTH-SYNTH_8B_batch_0005_02390-D004,EXTREME_TAIL_PHYSICAL_ENVIRONMENT_INCONSISTENCY: VI (5046.9 > 4500),291.8187978643824,5046.939570223723,0.0,Post-Monsoon,321705633,HP-STG-v1.0.0,Phase 8B v1.0.0
SYNTH_8B_batch_0005_02390,SYNTH-SYNTH_8B_batch_0005_02390-D007,EXTREME_TAIL_PHYSICAL_ENVIRONMENT_INCONSISTENCY: VI (8465.2 > 4500),267.2880692786377,8465.156277508111,0.0,Post-Monsoon,321705633,HP-STG-v1.0.0,Phase 8B v1.0.0
SYNTH_8B_batch_0005_02390,SYNTH-SYNTH_8B_batch_0005_02390-D012,EXTREME_TAIL_PHYSICAL_ENVIRONMENT_INCONSISTENCY: VI (8149.7 > 4500),362.8747627803458,8149.657125158974,0.0,Post-Monsoon,321705633,HP-STG-v1.0.0,Phase 8B v1.0.0
SYNTH_8B_batch_0005_02390,SYNTH-SYNTH_8B_batch_0005_02390-D013,EXTREME_TAIL_PHYSICAL_ENVIRONMENT_INCONSISTENCY: VI (4656.0 > 4500),286.1335400175114,4656.015887886296,0.0,Post-Monsoon,321705633,HP-STG-v1.0.0,Phase 8B v1.0.0
SYNTH_8B_batch_0005_02394,SYNTH-SYNTH_8B_batch_0005_02394-D013,EXTREME_TAIL_PHYSICAL_ENVIRONMENT_INCONSISTENCY: VI (6023.3 > 4500),320.958286530175,6023.279851124245,0.0,Post-Monsoon,3138053232,HP-STG-v1.0.0,Phase 8B v1.0.0
SYNTH_8B_batch_0005_02394,SYNTH-SYNTH_8B_batch_0005_02394-D014,EXTREME_TAIL_PHYSICAL_ENVIRONMENT_INCONSISTENCY: VI (5966.0 > 4500),276.65482106059426,5965.985963942534,0.0,Post-Monsoon,3138053232,HP-STG-v1.0.0,Phase 8B v1.0.0
SYNTH_8B_batch_0005_02398,SYNTH-SYNTH_8B_batch_0005_02398-D004,EXTREME_TAIL_PHYSICAL_ENVIRONMENT_INCONSISTENCY: VI (5429.9 > 4500),413.69135629164407,5429.878913269467,0.0,Post-Monsoon,2534657595,HP-STG-v1.0.0,Phase 8B v1.0.0
SYNTH_8B_batch_0005_02398,SYNTH-SYNTH_8B_batch_0005_02398-D005,EXTREME_TAIL_PHYSICAL_ENVIRONMENT_INCONSISTENCY: VI (7159.5 > 4500),306.4787489625084,7159.536595185694,0.0,Post-Monsoon,2534657595,HP-STG-v1.0.0,Phase 8B v1.0.0
SYNTH_8B_batch_0005_02401,SYNTH-SYNTH_8B_batch_0005_02401-D009,EXTREME_TAIL_PHYSICAL_ENVIRONMENT_INCONSISTENCY: VI (6852.3 > 4500),363.8220440412113,6852.25188193197,0.0,Winter,1996793569,HP-STG-v1.0.0,Phase 8B v1.0.0
SYNTH_8B_batch_0005_02410,SYNTH-SYNTH_8B_batch_0005_02410-D022,EXTREME_TAIL_PHYSICAL_ENVIRONMENT_INCONSISTENCY: VI (7287.0 > 4500),305.52851115569445,7286.988519131831,0.0,Post-Monsoon,3458477211,HP-STG-v1.0.0,Phase 8B v1.0.0
SYNTH_8B_batch_0005_02413,SYNTH-SYNTH_8B_batch_0005_02413-D003,EXTREME_TAIL_PHYSICAL_ENVIRONMENT_INCONSISTENCY: VI (7302.2 > 4500),307.9754770640922,7302.230102986968,0.0,Winter,581465006,HP-STG-v1.0.0,Phase 8B v1.0.0
SYNTH_8B_batch_0005_02418,SYNTH-SYNTH_8B_batch_0005_02418-D016,EXTREME_TAIL_PHYSICAL_ENVIRONMENT_INCONSISTENCY: VI (6277.4 > 4500),361.1381693382506,6277.374408382168,0.0,Post-Monsoon,735074755,HP-STG-v1.0.0,Phase 8B v1.0.0
SYNTH_8B_batch_0005_02422,SYNTH-SYNTH_8B_batch_0005_02422-D007,EXTREME_TAIL_PHYSICAL_ENVIRONMENT_INCONSISTENCY: VI (6818.9 > 4500),308.0038835223251,6818.924356371331,0.0,Post-Monsoon,1987177280,HP-STG-v1.0.0,Phase 8B v1.0.0
SYNTH_8B_batch_0005_02422,SYNTH-SYNTH_8B_batch_0005_02422-D009,EXTREME_TAIL_PHYSICAL_ENVIRONMENT_INCONSISTENCY: VI (5928.8 > 4500),300.1001209030746,5928.794420364625,0.0,Post-Monsoon,1987177280,HP-STG-v1.0.0,Phase 8B v1.0.0
SYNTH_8B_batch_0005_02426,SYNTH-SYNTH_8B_batch_0005_02426-D005,EXTREME_TAIL_PHYSICAL_ENVIRONMENT_INCONSISTENCY: VI (6556.0 > 4500),332.27793432755715,6555.99383176524,0.0,Post-Monsoon,268089919,HP-STG-v1.0.0,Phase 8B v1.0.0
SYNTH_8B_batch_0005_02426,SYNTH-SYNTH_8B_batch_0005_02426-D006,EXTREME_TAIL_PHYSICAL_ENVIRONMENT_INCONSISTENCY: VI (8496.2 > 4500),286.87198004812456,8496.154578586367,0.0,Post-Monsoon,268089919,HP-STG-v1.0.0,Phase 8B v1.0.0
SYNTH_8B_batch_0005_02426,SYNTH-SYNTH_8B_batch_0005_02426-D007,EXTREME_TAIL_PHYSICAL_ENVIRONMENT_INCONSISTENCY: VI (6190.0 > 4500),252.88518531189843,6189.953144164995,0.0,Post-Monsoon,268089919,HP-STG-v1.0.0,Phase 8B v1.0.0
SYNTH_8B_batch_0005_02430,SYNTH-SYNTH_8B_batch_0005_02430-D004,EXTREME_TAIL_PHYSICAL_ENVIRONMENT_INCONSISTENCY: VI (5333.2 > 4500),327.6039509089553,5333.182873336944,0.0,Post-Monsoon,1243452499,HP-STG-v1.0.0,Phase 8B v1.0.0
SYNTH_8B_batch_0005_02430,SYNTH-SYNTH_8B_batch_0005_02430-D006,EXTREME_TAIL_PHYSICAL_ENVIRONMENT_INCONSISTENCY: VI (6234.9 > 4500),280.13938821464063,6234.913379321051,0.0,Post-Monsoon,1243452499,HP-STG-v1.0.0,Phase 8B v1.0.0
SYNTH_8B_batch_0005_02430,SYNTH-SYNTH_8B_batch_0005_02430-D008,EXTREME_TAIL_PHYSICAL_ENVIRONMENT_INCONSISTENCY: VI (4792.8 > 4500),258.47149288479636,4792.7881992519,0.0,Post-Monsoon,1243452499,HP-STG-v1.0.0,Phase 8B v1.0.0
SYNTH_8B_batch_0005_02433,SYNTH-SYNTH_8B_batch_0005_02433-D003,EXTREME_TAIL_PHYSICAL_ENVIRONMENT_INCONSISTENCY: VI (4544.3 > 4500),275.6004584696435,4544.347692055191,0.0,Winter,1540278024,HP-STG-v1.0.0,Phase 8B v1.0.0
SYNTH_8B_batch_0005_02434,SYNTH-SYNTH_8B_batch_0005_02434-D003,EXTREME_TAIL_PHYSICAL_ENVIRONMENT_INCONSISTENCY: VI (7342.4 > 4500),320.9575431944147,7342.431189543893,0.0,Post-Monsoon,597270059,HP-STG-v1.0.0,Phase 8B v1.0.0
SYNTH_8B_batch_0005_02442,SYNTH-SYNTH_8B_batch_0005_02442-D005,EXTREME_TAIL_PHYSICAL_ENVIRONMENT_INCONSISTENCY: VI (7186.1 > 4500),344.33949160489834,7186.0911233255365,0.0,Post-Monsoon,396915557,HP-STG-v1.0.0,Phase 8B v1.0.0
SYNTH_8B_batch_0005_02442,SYNTH-SYNTH_8B_batch_0005_02442-D016,EXTREME_TAIL_PHYSICAL_ENVIRONMENT_INCONSISTENCY: VI (5286.0 > 4500),380.13513465712686,5286.021459247487,0.0,Post-Monsoon,396915557,HP-STG-v1.0.0,Phase 8B v1.0.0
SYNTH_8B_batch_0005_02442,SYNTH-SYNTH_8B_batch_0005_02442-D018,EXTREME_TAIL_PHYSICAL_ENVIRONMENT_INCONSISTENCY: VI (6496.1 > 4500),324.7222003477204,6496.104620392312,0.0,Post-Monsoon,396915557,HP-STG-v1.0.0,Phase 8B v1.0.0
SYNTH_8B_batch_0005_02442,SYNTH-SYNTH_8B_batch_0005_02442-D019,EXTREME_TAIL_PHYSICAL_ENVIRONMENT_INCONSISTENCY: VI (6547.9 > 4500),250.54881542376313,6547.913177961432,0.0,Post-Monsoon,396915557,HP-STG-v1.0.0,Phase 8B v1.0.0
SYNTH_8B_batch_0005_02446,SYNTH-SYNTH_8B_batch_0005_02446-D008,EXTREME_TAIL_PHYSICAL_ENVIRONMENT_INCONSISTENCY: VI (5952.5 > 4500),359.8997061876909,5952.509653446428,0.0,Post-Monsoon,3919605166,HP-STG-v1.0.0,Phase 8B v1.0.0
SYNTH_8B_batch_0005_02446,SYNTH-SYNTH_8B_batch_0005_02446-D009,EXTREME_TAIL_PHYSICAL_ENVIRONMENT_INCONSISTENCY: VI (7398.5 > 4500),285.51654331722773,7398.480500269411,0.0,Post-Monsoon,3919605166,HP-STG-v1.0.0,Phase 8B v1.0.0
SYNTH_8B_batch_0005_02446,SYNTH-SYNTH_8B_batch_0005_02446-D015,EXTREME_TAIL_PHYSICAL_ENVIRONMENT_INCONSISTENCY: VI (9280.9 > 4500),272.5161024852922,9280.87620251321,0.0,Post-Monsoon,3919605166,HP-STG-v1.0.0,Phase 8B v1.0.0
SYNTH_8B_batch_0005_02450,SYNTH-SYNTH_8B_batch_0005_02450-D009,EXTREME_TAIL_PHYSICAL_ENVIRONMENT_INCONSISTENCY: VI (6197.5 > 4500),343.5690050115321,6197.450530512978,0.0,Post-Monsoon,4254708475,HP-STG-v1.0.0,Phase 8B v1.0.0
SYNTH_8B_batch_0005_02450,SYNTH-SYNTH_8B_batch_0005_02450-D017,EXTREME_TAIL_PHYSICAL_ENVIRONMENT_INCONSISTENCY: VI (5536.7 > 4500),304.3914791464591,5536.671244454071,0.0,Post-Monsoon,4254708475,HP-STG-v1.0.0,Phase 8B v1.0.0
SYNTH_8B_batch_0005_02450,SYNTH-SYNTH_8B_batch_0005_02450-D018,EXTREME_TAIL_PHYSICAL_ENVIRONMENT_INCONSISTENCY: VI (6673.9 > 4500),256.7842478067145,6673.897649752914,0.0,Post-Monsoon,4254708475,HP-STG-v1.0.0,Phase 8B v1.0.0
SYNTH_8B_batch_0005_02450,SYNTH-SYNTH_8B_batch_0005_02450-D028,EXTREME_TAIL_PHYSICAL_ENVIRONMENT_INCONSISTENCY: VI (8210.3 > 4500),346.6094988324159,8210.250787410881,0.0,Post-Monsoon,4254708475,HP-STG-v1.0.0,Phase 8B v1.0.0
SYNTH_8B_batch_0005_02450,SYNTH-SYNTH_8B_batch_0005_02450-D029,EXTREME_TAIL_PHYSICAL_ENVIRONMENT_INCONSISTENCY: VI (6257.9 > 4500),260.37013283333437,6257.890016770578,0.0,Post-Monsoon,4254708475,HP-STG-v1.0.0,Phase 8B v1.0.0
SYNTH_8B_batch_0005_02453,SYNTH-SYNTH_8B_batch_0005_02453-D006,EXTREME_TAIL_PHYSICAL_ENVIRONMENT_INCONSISTENCY: VI (7714.8 > 4500),267.6047678664723,7714.83263575514,0.0,Winter,2456602466,HP-STG-v1.0.0,Phase 8B v1.0.0
SYNTH_8B_batch_0005_02454,SYNTH-SYNTH_8B_batch_0005_02454-D006,EXTREME_TAIL_PHYSICAL_ENVIRONMENT_INCONSISTENCY: VI (6636.9 > 4500),325.24103745278774,6636.87406834287,0.0,Post-Monsoon,2484303639,HP-STG-v1.0.0,Phase 8B v1.0.0
SYNTH_8B_batch_0005_02462,SYNTH-SYNTH_8B_batch_0005_02462-D014,EXTREME_TAIL_PHYSICAL_ENVIRONMENT_INCONSISTENCY: VI (8201.9 > 4500),360.58994461718294,8201.867118156499,0.0,Post-Monsoon,2552912643,HP-STG-v1.0.0,Phase 8B v1.0.0
SYNTH_8B_batch_0005_02462,SYNTH-SYNTH_8B_batch_0005_02462-D015,EXTREME_TAIL_PHYSICAL_ENVIRONMENT_INCONSISTENCY: VI (8334.1 > 4500),253.90240598496752,8334.111726657484,0.0,Post-Monsoon,2552912643,HP-STG-v1.0.0,Phase 8B v1.0.0
SYNTH_8B_batch_0005_02462,SYNTH-SYNTH_8B_batch_0005_02462-D027,EXTREME_TAIL_PHYSICAL_ENVIRONMENT_INCONSISTENCY: VI (6701.8 > 4500),377.61702824175245,6701.774297368032,0.0,Post-Monsoon,2552912643,HP-STG-v1.0.0,Phase 8B v1.0.0
SYNTH_8B_batch_0005_02466,SYNTH-SYNTH_8B_batch_0005_02466-D013,EXTREME_TAIL_PHYSICAL_ENVIRONMENT_INCONSISTENCY: VI (6833.7 > 4500),364.8422789747555,6833.702678295284,0.0,Post-Monsoon,1637651790,HP-STG-v1.0.0,Phase 8B v1.0.0
SYNTH_8B_batch_0005_02466,SYNTH-SYNTH_8B_batch_0005_02466-D014,EXTREME_TAIL_PHYSICAL_ENVIRONMENT_INCONSISTENCY: VI (7392.2 > 4500),286.28969704442585,7392.204479324798,0.0,Post-Monsoon,1637651790,HP-STG-v1.0.0,Phase 8B v1.0.0
SYNTH_8B_batch_0005_02470,SYNTH-SYNTH_8B_batch_0005_02470-D012,EXTREME_TAIL_PHYSICAL_ENVIRONMENT_INCONSISTENCY: VI (6753.4 > 4500),368.97970058779975,6753.3504384589905,0.0,Post-Monsoon,3988679424,HP-STG-v1.0.0,Phase 8B v1.0.0
SYNTH_8B_batch_0005_02470,SYNTH-SYNTH_8B_batch_0005_02470-D013,EXTREME_TAIL_PHYSICAL_ENVIRONMENT_INCONSISTENCY: VI (7936.9 > 4500),300.70431911029794,7936.886289408648,0.0,Post-Monsoon,3988679424,HP-STG-v1.0.0,Phase 8B v1.0.0
SYNTH_8B_batch_0005_02478,SYNTH-SYNTH_8B_batch_0005_02478-D007,EXTREME_TAIL_PHYSICAL_ENVIRONMENT_INCONSISTENCY: VI (5429.9 > 4500),268.20469489451244,5429.85150769725,0.0,Post-Monsoon,106552035,HP-STG-v1.0.0,Phase 8B v1.0.0
SYNTH_8B_batch_0005_02481,SYNTH-SYNTH_8B_batch_0005_02481-D011,EXTREME_TAIL_PHYSICAL_ENVIRONMENT_INCONSISTENCY: VI (6673.7 > 4500),303.43717394338574,6673.693351186935,0.0,Winter,3272902131,HP-STG-v1.0.0,Phase 8B v1.0.0
SYNTH_8B_batch_0005_02482,SYNTH-SYNTH_8B_batch_0005_02482-D017,EXTREME_TAIL_PHYSICAL_ENVIRONMENT_INCONSISTENCY: VI (7025.8 > 4500),280.530470599545,7025.814596345873,0.0,Post-Monsoon,2745080673,HP-STG-v1.0.0,Phase 8B v1.0.0
SYNTH_8B_batch_0005_02486,SYNTH-SYNTH_8B_batch_0005_02486-D002,EXTREME_TAIL_PHYSICAL_ENVIRONMENT_INCONSISTENCY: VI (6522.0 > 4500),260.4193016728072,6521.969646287775,0.0,Post-Monsoon,487222392,HP-STG-v1.0.0,Phase 8B v1.0.0
SYNTH_8B_batch_0005_02486,SYNTH-SYNTH_8B_batch_0005_02486-D018,EXTREME_TAIL_PHYSICAL_ENVIRONMENT_INCONSISTENCY: VI (7909.8 > 4500),330.985402327156,7909.838680627453,0.0,Post-Monsoon,487222392,HP-STG-v1.0.0,Phase 8B v1.0.0
SYNTH_8B_batch_0005_02486,SYNTH-SYNTH_8B_batch_0005_02486-D019,EXTREME_TAIL_PHYSICAL_ENVIRONMENT_INCONSISTENCY: VI (5517.3 > 4500),271.2100131756161,5517.331748435637,0.0,Post-Monsoon,487222392,HP-STG-v1.0.0,Phase 8B v1.0.0
SYNTH_8B_batch_0005_02486,SYNTH-SYNTH_8B_batch_0005_02486-D024,EXTREME_TAIL_PHYSICAL_ENVIRONMENT_INCONSISTENCY: VI (7491.0 > 4500),267.1959180579246,7490.96411610245,0.0,Post-Monsoon,487222392,HP-STG-v1.0.0,Phase 8B v1.0.0
SYNTH_8B_batch_0005_02490,SYNTH-SYNTH_8B_batch_0005_02490-D008,EXTREME_TAIL_PHYSICAL_ENVIRONMENT_INCONSISTENCY: VI (7081.5 > 4500),363.26183842152415,7081.454491964289,0.0,Post-Monsoon,3084927706,HP-STG-v1.0.0,Phase 8B v1.0.0
SYNTH_8B_batch_0005_02490,SYNTH-SYNTH_8B_batch_0005_02490-D009,EXTREME_TAIL_PHYSICAL_ENVIRONMENT_INCONSISTENCY: VI (5924.4 > 4500),292.49338835933276,5924.38474002296,0.0,Post-Monsoon,3084927706,HP-STG-v1.0.0,Phase 8B v1.0.0
SYNTH_8B_batch_0005_02493,SYNTH-SYNTH_8B_batch_0005_02493-D004,EXTREME_TAIL_PHYSICAL_ENVIRONMENT_INCONSISTENCY: VI (5656.7 > 4500),264.1407195688329,5656.676675011237,0.0,Winter,911942731,HP-STG-v1.0.0,Phase 8B v1.0.0
SYNTH_8B_batch_0005_02494,SYNTH-SYNTH_8B_batch_0005_02494-D007,EXTREME_TAIL_PHYSICAL_ENVIRONMENT_INCONSISTENCY: VI (5448.4 > 4500),283.58809020887367,5448.35437829916,0.0,Post-Monsoon,28852652,HP-STG-v1.0.0,Phase 8B v1.0.0
SYNTH_8B_batch_0005_02498,SYNTH-SYNTH_8B_batch_0005_02498-D004,EXTREME_TAIL_PHYSICAL_ENVIRONMENT_INCONSISTENCY: VI (7717.3 > 4500),313.6235472329289,7717.307929346383,0.0,Post-Monsoon,3479491855,HP-STG-v1.0.0,Phase 8B v1.0.0
