date,actual_pm25,predicted_pm25,base_value,pm25_persistence_shap,meteorology_shap,wind_ventilation_shap,biomass_burning_shap,calendar_seasonal_shap,reconstruction_error
2020-01-01,294.84,275.2568119609764,143.16253234086244,132.2215629351391,0.20814352274816628,0.5552695115015063,-0.8906963492746639,0.0,-1.7053025658242404e-13
2020-01-02,263.03,275.2568119609764,143.16253234086244,132.2215629351391,0.20814352274816628,0.5552695115015063,-0.8906963492746639,0.0,-1.7053025658242404e-13
2020-01-03,205.46,282.5174381813771,143.16253234086244,136.03542104477756,3.452523926041291,0.43525693323273057,-0.5682960635367628,0.0,-1.7053025658242404e-13
2020-01-04,263.24,285.02334767771384,143.16253234086244,137.88580547971142,3.2211702040464107,0.7811959094787922,-0.027356256385081247,0.0,-1.7053025658242404e-13
2020-01-05,218.68,283.27420523286577,143.16253234086244,137.18412945393936,2.460572436713311,0.7803771815774839,-0.3134061802266177,0.0,-1.7053025658242404e-13
2020-01-06,220.28,278.7444564542675,143.16253234086244,132.93671011424797,1.9940109840815285,0.9818987100371976,-0.33069569496140394,0.0,-2.2737367544323206e-13
2020-01-07,255.75,281.38641088058216,143.16253234086244,134.1334639510195,3.4743390276562707,0.9099788945058283,-0.2939033334617364,0.0,-1.1368683772161603e-13
2020-01-08,293.11,282.2034192911728,143.16253234086244,137.02127280366133,1.744233886699543,0.888493939618704,-0.6131136796689723,0.0,-2.8421709430404007e-13
2020-01-09,199.65,279.7863179412769,143.16253234086244,135.94908977459463,0.40570321544368465,1.1108336343382157,-0.8418410239618426,0.0,-2.2737367544323206e-13
2020-01-10,318.41,285.5089811821427,143.16253234086244,137.78396414013255,3.3050539232067266,1.3922675705419525,-0.13483679260100484,0.0,5.684341886080802e-14
2020-01-11,335.83,288.6773566843312,143.16253234086244,140.7622146302019,4.003682479411102,0.9894665803832043,-0.2405393465273794,0.0,-5.684341886080802e-14
2020-01-12,331.67,288.58834639624683,143.16253234086244,141.11455854209078,3.5621957506612674,1.076415645941326,-0.32735588330884313,0.0,-1.1368683772161603e-13
2020-01-13,228.61,288.9482720261136,143.16253234086244,141.66860524551754,3.420657543504235,1.2387224802756505,-0.5422455840462115,0.0,0.0
2020-01-14,369.9,291.06187320974345,143.16253234086244,142.11221426758658,4.583287457279929,1.6513346183093451,-0.44749547429471537,0.0,-1.1368683772161603e-13
2020-01-15,248.59,290.4847236217307,143.16253234086244,142.11701576670126,4.611418790195207,1.1136838205180672,-0.5199270965463444,0.0,1.1368683772161603e-13
2020-01-16,279.82,290.5889851705363,143.16253234086244,142.94506930310482,3.836363756190164,1.227902678125098,-0.5828829077461053,0.0,-1.1368683772161603e-13
2020-01-17,333.87,290.6692910348258,143.16253234086244,142.71327859794005,3.5530651106795363,1.624461774813327,-0.384046789469459,0.0,-1.1368683772161603e-13
2020-01-18,378.5,291.6779841439382,143.16253234086244,143.57413982980128,3.2109456548136297,2.072797583947668,-0.34243126548655783,0.0,-2.8421709430404007e-13
2020-01-19,190.64,283.9175806008646,143.16253234086244,139.02085267320746,1.6820864895047485,1.0413300589747034,-0.9892209616846516,0.0,-5.684341886080802e-14
2020-01-20,285.63,285.74246730030865,143.16253234086244,139.05931318376597,2.9970023406317665,1.302692630831095,-0.779073195782767,0.0,1.1368683772161603e-13
2020-01-21,216.31,283.27885865460473,143.16253234086244,138.63636361970157,2.7749343352538074,0.4671751217279666,-1.7621467629409902,0.0,-5.684341886080802e-14
2020-01-22,271.73,276.28434325039456,143.16253234086244,132.22472813034713,1.270799058286338,1.2826230024223546,-1.6563392815236662,0.0,-5.684341886080802e-14
2020-01-23,347.3,287.30513961252706,143.16253234086244,141.8121847955647,1.1670813100984543,1.9051069172866866,-0.7417657512848227,0.0,-3.979039320256561e-13
2020-01-24,299.61,285.9493675112294,143.16253234086244,141.1998186122844,1.0987627865828666,1.4164035686296128,-0.9281497971296739,0.0,-2.2737367544323206e-13
2020-01-25,259.31,284.50872449081305,143.16253234086244,140.64045215108484,1.646267133261543,0.14398490982187212,-1.0845120442174372,0.0,-2.2737367544323206e-13
2020-01-26,338.25,286.7980298462301,143.16253234086244,141.74518179948396,1.927641776164492,0.8528330730066603,-0.8901591432872887,0.0,-1.1368683772161603e-13
2020-01-27,264.41,288.63503398866453,143.16253234086244,142.5682661178645,2.967112523476615,1.26454153026884,-1.3274185238077727,0.0,-1.1368683772161603e-13
2020-01-28,339.78,290.6251587926826,143.16253234086244,143.94382106433156,3.8648745076077495,1.119649517289717,-1.4657186374087203,0.0,-1.7053025658242404e-13
2020-01-29,316.48,288.52911186709616,143.16253234086244,142.61566265075413,3.7338531896172693,-0.18710032602425355,-0.7958359881133321,0.0,-1.1368683772161603e-13
2020-01-30,394.76,289.5542661445347,143.16253234086244,143.79304288559788,2.399081538288991,0.4237328876071695,-0.22412350782180085,0.0,0.0
2020-01-31,217.58,276.2715668890414,143.16253234086244,134.59066686168867,1.7196502383907706,-2.8610614459521333,-0.3402211059480948,0.0,-2.2737367544323206e-13
2020-02-01,133.72,266.1321941474014,143.16253234086244,129.09676896537636,-2.060191542572114,-3.4406861310611783,-0.6262294852038603,0.0,-2.2737367544323206e-13
2020-02-02,165.16,226.2194898248681,143.16253234086244,88.33458961402168,-1.387471304629654,-2.595031107612387,-1.2951297177739796,0.0,0.0
2020-02-03,113.95,174.71669663601898,143.16253234086244,35.71106448389726,-0.29625068690227135,-1.6666898134334078,-2.1939596884049375,0.0,-1.1368683772161603e-13
2020-02-04,219.65,175.20991455715458,143.16253234086244,30.186929345764238,3.473703147491645,-0.22684197300079312,-1.386408303962912,0.0,-2.842170943040401e-14
2020-02-05,115.87,175.81472098944977,143.16253234086244,34.00633109565879,1.007890768949953,-0.46584149509667594,-1.896191720924583,0.0,-1.7053025658242404e-13
2020-02-06,192.14,173.82232222116068,143.16253234086244,31.57419241217592,2.353363725686676,-0.6364652281860522,-2.6313010293782795,0.0,-2.842170943040401e-14
2020-02-07,192.08,174.48073971525048,143.16253234086244,31.846079840841796,1.3177471794563351,-0.15436563977424456,-1.691254006135811,0.0,-2.842170943040401e-14
2020-02-08,222.53,175.04648297331266,143.16253234086244,30.98465963310081,1.9178358109121372,0.44689191058245026,-1.4654367221451443,0.0,-2.842170943040401e-14
2020-02-09,115.12,174.70292610769187,143.16253234086244,32.81120963344303,1.0182744403152506,0.0780894527652684,-2.367179759694074,0.0,-5.684341886080802e-14
2020-02-10,153.68,172.16104292126892,143.16253234086244,28.681824154404215,1.2647594400823994,0.6039890099185413,-1.552062023998714,0.0,2.842170943040401e-14
2020-02-11,182.65,175.3855114493125,143.16253234086244,32.05219058119498,1.5344860541981646,0.5921775599403768,-1.9558750868834645,0.0,0.0
2020-02-12,160.86,174.2861644416718,143.16253234086244,30.13328695711936,2.6125931733174212,0.1092412942686336,-1.7314893238960434,0.0,-2.842170943040401e-14
2020-02-13,224.76,177.1700272798266,143.16253234086244,32.70837886119506,2.0356802892499952,0.9564231479744917,-1.6929873594553726,0.0,-2.842170943040401e-14
2020-02-14,203.18,174.77869020074684,143.16253234086244,30.9446708825609,2.35425400614529,-0.0766825786663235,-1.6060844501554639,0.0,0.0
2020-02-15,114.89,169.35546192039234,143.16253234086244,29.480277035203454,1.447149672191395,-2.618798720995909,-2.115698406868984,0.0,-5.684341886080802e-14
2020-02-16,116.5,163.773637335736,143.16253234086244,24.651744739965995,1.1831034757933008,-3.066483927802602,-2.1572592930830843,0.0,-5.684341886080802e-14
2020-02-17,114.96,159.34469532795657,143.16253234086244,18.633453126807957,2.2556925479868513,-2.508731286911182,-2.1982514007893834,0.0,-1.1368683772161603e-13
2020-02-18,141.84,137.64174248834868,143.16253234086244,-7.0382424149064295,4.561471618978599,-1.563170747815191,-1.4808483087707756,0.0,2.842170943040401e-14
2020-02-19,200.68,159.9391055007027,143.16253234086244,16.78009427268559,4.032905313530789,-2.023605707239253,-2.0128207191368968,0.0,2.842170943040401e-14
2020-02-20,136.03,165.93278925470474,143.16253234086244,29.620774280816644,0.21745547503346202,-4.100293647228845,-2.9676791947789036,0.0,-5.684341886080802e-14
2020-02-21,213.38,169.18556530251308,143.16253234086244,31.55618373979184,0.901212370165103,-4.308122338139624,-2.1262408101666415,0.0,-2.842170943040401e-14
2020-02-22,166.54,167.84139500224458,143.16253234086244,31.69049840770076,0.06659408806236153,-4.80532581633872,-2.2729040180422566,0.0,0.0
2020-02-23,135.72,170.10383519964532,143.16253234086244,32.32885245294719,0.09134337905313805,-3.6113637121253834,-1.867529261092067,0.0,0.0
2020-02-24,218.86,171.3921697242838,143.16253234086244,31.587453831090144,0.6684072994129282,-2.750950159050594,-1.275273588031063,0.0,-5.684341886080802e-14
2020-02-25,188.64,173.0800382596486,143.16253234086244,34.03309683732306,0.3410974902709781,-2.907644241947332,-1.549044166860492,0.0,-5.684341886080802e-14
2020-02-26,166.45,173.15783605016648,143.16253234086244,34.15158265357684,0.27365861646238165,-2.668535928727846,-1.761401632007272,0.0,-5.684341886080802e-14
2020-02-27,222.39,173.70695331432552,143.16253234086244,34.73877760230349,0.23236238956551505,-2.8916145131270063,-1.535104505278904,0.0,-2.842170943040401e-14
2020-02-28,153.5,170.93721945405133,143.16253234086244,32.845289065565176,-0.369053167149883,-2.4822966571516445,-2.21925212807466,0.0,-8.526512829121202e-14
2020-02-29,206.33,170.7370197227803,143.16253234086244,32.039837300467674,-0.7881963877580942,-1.5208871983350178,-2.1562663324566604,0.0,-2.842170943040401e-14
2020-03-01,53.63,160.60705970794433,143.16253234086244,26.677590184832567,-1.2539438322636194,-3.474436433413271,-4.504682552073635,0.0,-1.4210854715202004e-13
2020-03-02,64.75,114.44753237613627,143.16253234086244,-22.7689090957071,-1.6214534912083154,-2.3126735769562177,-2.011963800854562,0.0,1.4210854715202004e-14
2020-03-03,51.99,95.37290722119661,143.16253234086244,-43.44688591983677,-0.8114986458718789,-1.4784924728308932,-2.05274808112624,0.0,-5.684341886080802e-14
2020-03-04,58.95,49.83335679657993,143.16253234086244,-92.01570667064841,1.0017243723400076,-1.0983133229210988,-1.2168799230530165,0.0,7.105427357601002e-15
2020-03-05,39.73,49.1257768112138,143.16253234086244,-92.58986035319265,0.9310850422201349,-1.2048478057182164,-1.1731324129579248,0.0,1.4210854715202004e-14
2020-03-06,59.96,48.728904510756394,143.16253234086244,-93.12828562626018,1.3334781305807968,-1.6730298414199185,-0.9657904930067934,0.0,4.263256414560601e-14
2020-03-07,64.31,49.43947917023446,143.16253234086244,-92.97705475960083,1.758954266604921,-1.9936808675266458,-0.5112718101054204,0.0,1.4210854715202004e-14
2020-03-08,45.69,49.7752370250737,143.16253234086244,-93.32142498301162,2.009600023245066,-2.0569084171193768,-0.01856193890286388,0.0,4.973799150320701e-14
2020-03-09,65.38,49.07493506654019,143.16253234086244,-93.93775689177244,2.0266778060048565,-1.9029444956960406,-0.27357369285865285,0.0,2.842170943040401e-14
2020-03-10,67.23,49.87610853271664,143.16253234086244,-92.9391496429548,1.860762916858531,-1.749232175821468,-0.45880490622806386,0.0,0.0
2020-03-11,43.71,52.208327529425475,143.16253234086244,-90.28855334262425,1.6575140183961858,-1.6823475223524824,-0.6408179648563938,0.0,-1.4210854715202004e-14
2020-03-12,47.51,48.41495426727383,143.16253234086244,-94.02100806112173,1.81116485791724,-1.72789497138014,-0.8098398990040427,0.0,7.105427357601002e-14
2020-03-13,41.43,48.811316989110445,143.16253234086244,-93.85534478733247,1.851460364352004,-1.7017539570453695,-0.6455769717262186,0.0,4.973799150320701e-14
2020-03-14,38.61,48.44567552971451,143.16253234086244,-93.44401077025229,1.753626839681007,-2.2183145590527924,-0.8081583215239138,0.0,5.684341886080802e-14
2020-03-15,44.11,48.61640228876471,143.16253234086244,-94.03231132984523,2.1494125497648664,-2.120371678006927,-0.542859594010535,0.0,1.0658141036401503e-13
2020-03-16,40.47,48.74121283928399,143.16253234086244,-94.47488260573853,2.454360841286243,-1.7591572203195258,-0.6416405168067273,0.0,8.526512829121202e-14
2020-03-17,51.63,48.03356940203341,143.16253234086244,-95.1260832488424,2.286779213300673,-1.5217341000117863,-0.7679248032755717,0.0,5.684341886080802e-14
2020-03-18,45.6,48.118396390659406,143.16253234086244,-95.03055357294913,2.35541902344213,-1.5165879034050769,-0.8524134972910491,0.0,1.0658141036401503e-13
2020-03-19,46.82,48.43428609589436,143.16253234086244,-94.7952630827971,2.343416606082876,-1.3801372560372374,-0.8962625122166876,0.0,7.815970093361102e-14
2020-03-20,61.67,49.45516203454147,143.16253234086244,-94.4488763351927,2.2060797421933867,-1.4032081340509301,-0.06136557927079537,0.0,7.105427357601002e-14
2020-03-21,62.08,49.33838565494278,143.16253234086244,-94.9144195712653,2.3471790777018313,-1.1158001956795731,-0.14110599667665633,0.0,4.263256414560601e-14
2020-03-22,37.78,49.25297422790351,143.16253234086244,-94.93352232127725,2.3941489477508875,-0.9766155857585616,-0.39356915367402096,0.0,1.4210854715202004e-14
2020-03-23,52.15,49.0181146419653,143.16253234086244,-95.05152706191816,2.460639560382531,-0.9485904202500308,-0.6049397771115266,0.0,4.263256414560601e-14
2020-03-24,53.69,49.602059552411745,143.16253234086244,-95.04205209984542,2.393554728098437,-0.49071169205502374,-0.4212637246487372,0.0,5.684341886080802e-14
2020-03-25,47.55,50.1923535790515,143.16253234086244,-94.91875189218545,2.6066425071926727,-0.3241091102222995,-0.33396026659588146,0.0,1.4210854715202004e-14
2020-03-26,61.45,50.49415009162579,143.16253234086244,-94.79994501009126,3.2406408250015595,-0.5828816723784169,-0.5261963917685769,0.0,4.973799150320701e-14
2020-03-27,56.92,51.9504108123821,143.16253234086244,-93.92374730086081,3.8914745189146136,-0.5963055698132542,-0.5835431767208759,0.0,-1.4210854715202004e-14
2020-03-28,66.43,51.464918915211044,143.16253234086244,-93.76124263358523,3.463433352111047,-0.6801482442193058,-0.7196558999579221,0.0,1.4210854715202004e-14
2020-03-29,50.22,53.86067161179908,143.16253234086244,-92.0921473538581,3.645467857175143,-0.19206201103196954,-0.6631192213484135,0.0,-4.263256414560601e-14
2020-03-30,57.05,50.72082722284336,143.16253234086244,-93.85827711252935,2.9948587383312164,-0.9813551034388676,-0.596931640382136,0.0,6.394884621840902e-14
2020-03-31,68.6,51.39100292136812,143.16253234086244,-92.79381100353922,3.1778171858218798,-1.4803295833947114,-0.6752060183822839,0.0,7.105427357601002e-15
2020-04-01,71.45,57.41259650778674,143.16253234086244,-86.09613275159352,3.0262845580797317,-1.8146087695437811,-0.865478870018197,0.0,4.973799150320701e-14
2020-04-02,69.98,63.170287522369996,143.16253234086244,-82.21861343920665,2.7466235308994733,-1.592169603847966,1.0719146936626858,0.0,7.105427357601002e-15
2020-04-03,56.01,65.11955056640913,143.16253234086244,-79.75900118530365,2.388850105752095,-1.4934014668522249,0.8205707719504057,0.0,5.684341886080802e-14
2020-04-04,70.63,57.143113627030765,143.16253234086244,-88.63482123541687,2.909167816014162,-1.4541723314061785,1.160407036977107,0.0,1.0658141036401503e-13
2020-04-05,46.42,60.655232868660626,143.16253234086244,-83.86313930204416,2.1197656810693895,-1.6239811381926932,0.8600552869655841,0.0,4.973799150320701e-14
2020-04-06,53.96,54.40447622020007,143.16253234086244,-91.06936142272082,2.700764282701442,-1.410269929058842,1.0208109484158077,0.0,2.842170943040401e-14
2020-04-07,65.17,54.448400850922866,143.16253234086244,-90.87980824278141,2.685987808838062,-1.5530846857894738,1.032773629793221,0.0,1.4210854715202004e-14
2020-04-08,65.27,54.57133426368591,143.16253234086244,-90.61782605874816,2.5418846400866517,-1.5686341009278302,1.0533774424128555,0.0,-4.263256414560601e-14
2020-04-09,64.83,58.291530246851586,143.16253234086244,-89.08569669246849,4.670468228370931,-1.5872856797805222,1.1315120498672337,0.0,-2.1316282072803006e-14
2020-04-10,57.32,61.75261533769672,143.16253234086244,-85.6212853095418,4.520175846934261,-1.5392077055109858,1.230400164952747,0.0,6.394884621840902e-14
2020-04-11,49.09,55.062639790587966,143.16253234086244,-90.36240151606866,2.571848907208038,-1.592140222008168,1.282800280594296,0.0,1.4210854715202004e-14
2020-04-12,46.04,54.75488986001246,143.16253234086244,-90.7879064019889,2.540067237170687,-1.4636448615878246,1.3038415455560874,0.0,-2.1316282072803006e-14
2020-04-13,61.36,55.11960915149715,143.16253234086244,-91.08082621943814,2.6873522345349508,-0.9970656827657085,1.3476164783036013,0.0,-7.105427357601002e-15
2020-04-14,36.49,54.26174921095831,143.16253234086244,-91.49647098154776,2.2974782794969184,-1.0455767282558859,1.343786300402622,0.0,-3.552713678800501e-14
2020-04-15,70.33,53.92095994619025,143.16253234086244,-91.62756407048337,2.2653495495539717,-1.4214917460119407,1.5421338722691487,0.0,0.0
2020-04-16,55.38,58.554214370672646,143.16253234086244,-85.46389541313859,1.3198380714993452,-1.8865499215711885,1.422289293020578,0.0,4.973799150320701e-14
2020-04-17,41.66,53.14744949923836,143.16253234086244,-92.06309692904668,1.69850529843417,-1.5684657440790593,1.9179745330674542,0.0,4.263256414560601e-14
2020-04-18,52.83,52.57363422530559,143.16253234086244,-92.85448170553725,1.2912400183239727,-1.535216856988586,2.509560428644976,0.0,3.552713678800501e-14
2020-04-19,49.31,52.56148035368532,143.16253234086244,-92.93623217261336,1.3161478683003942,-1.6339502411113849,2.6529825582471918,0.0,3.552713678800501e-14
2020-04-20,61.87,52.552907444226555,143.16253234086244,-93.7981030816051,1.4030326424394626,-1.6826015725407746,3.4680471150705023,0.0,3.552713678800501e-14
2020-04-21,54.84,52.93049396574481,143.16253234086244,-94.0265770585444,1.6705913536394543,-1.3467531757364584,3.4707005055237623,0.0,7.105427357601002e-15
2020-04-22,57.81,53.68040728857324,143.16253234086244,-93.82695134847917,2.141298250188358,-1.2035513757075673,3.407079421709165,0.0,7.105427357601002e-15
2020-04-23,46.83,53.57399837389235,143.16253234086244,-93.86680000046027,2.111288056594639,-1.2280569116865936,3.3950348885821624,0.0,-2.842170943040401e-14
2020-04-24,51.03,52.6235597062356,143.16253234086244,-94.23004102481931,1.438448005544323,-1.1350384898745056,3.3876588745226726,0.0,-7.105427357601002e-15
2020-04-25,45.35,52.20774207240402,143.16253234086244,-94.66927267074361,1.190297426601396,-0.9893322923992622,3.513517268083041,0.0,2.842170943040401e-14
2020-04-26,40.93,52.018969206223026,143.16253234086244,-94.73510795109672,1.0519981097746296,-0.952573401899162,3.4921201085818137,0.0,2.1316282072803006e-14
2020-04-27,37.21,51.89303827473516,143.16253234086244,-94.14519415530108,0.9743358777991578,-1.6260783070196096,3.5274425183942437,0.0,1.4210854715202004e-14
2020-04-28,42.99,52.04185255441516,143.16253234086244,-93.81486092988395,1.2324938400285972,-2.0455629445502725,3.5072502479583276,0.0,1.4210854715202004e-14
2020-04-29,50.16,52.90643909618754,143.16253234086244,-93.450787574267,1.4767571022857533,-1.9457167932014483,3.66365402050776,0.0,1.4210854715202004e-14
2020-04-30,44.03,52.36270382299315,143.16253234086244,-93.94095286776401,1.1219981282078868,-1.5771563770609403,3.596282598747766,0.0,7.105427357601002e-15
2020-05-01,66.22,52.95193204733664,143.16253234086244,-93.57932315449443,1.4385395435460333,-1.6073629760270094,3.537546293449627,0.0,-1.4210854715202004e-14
2020-05-02,47.13,53.90434419061612,143.16253234086244,-92.25215938909139,1.2188591731468443,-1.7589171249142053,3.534029190612424,0.0,7.105427357601002e-15
2020-05-03,65.08,53.151751572494206,143.16253234086244,-93.26450519875554,1.509724365262594,-1.870491593804982,3.61449165892969,0.0,0.0
2020-05-04,52.32,52.99701774518823,143.16253234086244,-93.36869976402504,1.56428052835125,-1.9488224753425922,3.587727115342141,0.0,2.842170943040401e-14
2020-05-05,67.17,53.19059860884649,143.16253234086244,-93.25826232605684,1.5099466641954509,-1.8916513565678394,3.6680332864132565,0.0,7.105427357601002e-15
2020-05-06,44.06,54.67304044651089,143.16253234086244,-91.31185581523499,1.0537744516273682,-1.7172981398209886,3.485887609077054,0.0,7.105427357601002e-15
2020-05-07,51.09,52.64044276633156,143.16253234086244,-93.40054092984371,1.096555824868064,-1.881579672093559,3.6634752025382764,0.0,5.684341886080802e-14
2020-05-08,39.24,52.578474653361646,143.16253234086244,-93.38446260413781,1.1244872329533537,-1.874750815426054,3.5506684991096766,0.0,3.552713678800501e-14
2020-05-09,64.28,52.09197591560096,143.16253234086244,-93.90150758571976,0.8953991523590635,-1.5964998347046604,3.532051842803865,0.0,7.105427357601002e-15
2020-05-10,49.45,52.74007539387619,143.16253234086244,-93.41090591924937,0.9647704044403069,-1.5944894025363885,3.6181679703592,0.0,7.105427357601002e-15
2020-05-11,56.38,52.61733610059072,143.16253234086244,-93.63892308534777,1.1048858101769503,-1.584472052173529,3.573313087072624,0.0,0.0
2020-05-12,58.73,52.4469904650598,143.16253234086244,-93.67607744041825,1.0265888786720962,-1.6703505623238721,3.604297248267399,0.0,-1.4210854715202004e-14
2020-05-13,37.22,52.21100787872849,143.16253234086244,-93.93994882759799,0.8469791595579234,-1.4967452452655938,3.6381904511716767,0.0,3.552713678800501e-14
2020-05-14,65.07,52.541860977628055,143.16253234086244,-93.73977389659615,1.0120481360333144,-1.5873119502640094,3.6943663475924424,0.0,2.1316282072803006e-14
2020-05-15,54.36,52.43468791080353,143.16253234086244,-93.91572221729437,0.8490883841193687,-1.335670626450661,3.674460029566745,0.0,1.4210854715202004e-14
2020-05-16,68.08,52.62969393734533,143.16253234086244,-93.61297951948015,0.7700450451493123,-1.3215528715843283,3.6316489423980296,0.0,2.1316282072803006e-14
2020-05-17,45.34,55.724231974043676,143.16253234086244,-90.1790491711051,0.658310489786167,-1.4001392386019296,3.482577553102103,0.0,0.0
2020-05-18,36.94,52.36537002960517,143.16253234086244,-93.82551141436677,0.7404363197250261,-1.2780255539852408,3.5659383373696705,0.0,4.973799150320701e-14
2020-05-19,67.37,52.62636118505699,143.16253234086244,-93.50818835876895,0.7291508331604896,-1.4169183056575083,3.6597846754604855,0.0,2.842170943040401e-14
2020-05-20,64.44,55.37300374141215,143.16253234086244,-90.83175501099139,0.6264488593710229,-1.2147446580286005,3.6305222101986927,0.0,-1.4210854715202004e-14
2020-05-21,58.55,52.46176920146117,143.16253234086244,-93.64008633880515,0.706500813368968,-1.349436268315428,3.582258654350336,0.0,7.105427357601002e-15
2020-05-22,44.09,52.36888833971673,143.16253234086244,-93.50289458180119,0.5713448104990835,-1.4325478299718044,3.5704536001281793,0.0,2.842170943040401e-14
2020-05-23,64.29,55.80651446027646,143.16253234086244,-92.74906201293709,3.35994843743824,-1.4623194276075764,3.495415122520466,0.0,-1.4210854715202004e-14
2020-05-24,69.85,52.38442396642286,143.16253234086244,-94.10067830452914,1.01287797423025,-1.284233880021438,3.5939258358807176,0.0,2.842170943040401e-14
2020-05-25,54.9,57.19723946174253,143.16253234086244,-88.75287054228563,0.7476616410453804,-1.334126176776398,3.3740421988967197,0.0,1.4210854715202004e-14
2020-05-26,45.77,52.17878751319436,143.16253234086244,-93.61146432901845,0.9151538455601755,-1.8574830471015267,3.5700487028917194,0.0,-7.105427357601002e-15
2020-05-27,44.96,51.82436781951301,143.16253234086244,-93.88625470074946,0.8552403494938272,-1.8855609786675815,3.578410808573798,0.0,-7.105427357601002e-15
2020-05-28,58.95,52.00861243918362,143.16253234086244,-93.79654284819904,0.7080846947949643,-1.7730867258715106,3.707624977596724,0.0,4.263256414560601e-14
2020-05-29,39.61,51.886106472012315,143.16253234086244,-93.85095776349648,0.865306877161822,-1.9180362456409497,3.6272612631254315,0.0,4.263256414560601e-14
2020-05-30,52.41,51.860143449136245,143.16253234086244,-93.81465109782205,0.7789856087605505,-1.881424568364013,3.614701165699303,0.0,1.4210854715202004e-14
2020-05-31,54.42,52.22886202438131,143.16253234086244,-93.56339951738569,0.9096022698267529,-1.9574903228698761,3.677617253947667,0.0,7.105427357601002e-15
2020-06-01,66.64,52.576595037935604,143.16253234086244,-93.60165861245068,1.1128187952287136,-1.820545824980939,3.7234483392760245,0.0,4.263256414560601e-14
2020-06-02,94.6,56.86410793789867,143.16253234086244,-90.64225598894909,1.681661548161994,-1.4075812814282618,4.0697513192515755,0.0,7.105427357601002e-15
2020-06-03,112.67,92.40606869237986,143.16253234086244,-51.94749771931782,0.25039409436305626,-1.545449268064154,2.486089244536325,0.0,1.4210854715202004e-14
2020-06-04,96.32,98.79095807919164,143.16253234086244,-45.04464616018249,0.18511029250240857,-1.6629497195210339,2.1509113255302985,0.0,1.4210854715202004e-14
2020-06-05,111.55,99.63326598565247,143.16253234086244,-44.49437190926485,0.2497558364736276,-1.3538587104016813,2.069208427982914,0.0,1.4210854715202004e-14
2020-06-06,86.96,98.59657739166026,143.16253234086244,-45.69685635973058,0.21933271647677216,-1.3399803959210537,2.2515490899726753,0.0,1.4210854715202004e-14
2020-06-07,65.89,98.57078652460515,143.16253234086244,-45.67823198388546,0.2931451424055964,-1.4721905977081713,2.2655316229307245,0.0,2.842170943040401e-14
2020-06-08,112.55,95.98285600238373,143.16253234086244,-48.989745626722986,0.6193400025041836,-1.1726357123448852,2.3633649980849594,0.0,1.4210854715202004e-14
2020-06-09,112.47,100.7773127506928,143.16253234086244,-43.478236937161185,0.22760227853105747,-1.252172333539635,2.1175874020001197,0.0,0.0
2020-06-10,107.74,100.32192274153105,143.16253234086244,-43.800718337757154,0.08848280518482773,-1.1338576534842137,2.005483586725164,0.0,-1.4210854715202004e-14
2020-06-11,87.03,100.49967981783148,143.16253234086244,-43.67615554104889,0.16143238176853564,-0.9482477987461743,1.8001184349955737,0.0,-1.4210854715202004e-14
2020-06-12,122.44,100.8769666287571,143.16253234086244,-43.33347867524945,0.19006794598479665,-0.5104716331710495,1.3683166503304014,0.0,-2.842170943040401e-14
2020-06-13,105.44,100.80544961341165,143.16253234086244,-43.43575440762737,0.17794749120590947,-0.16006892948182772,1.0607931184525412,0.0,-4.263256414560601e-14
2020-06-14,67.21,100.16315398453521,143.16253234086244,-42.8676604758352,-0.038389569285286654,-0.40291252051623466,0.30958420930949326,0.0,0.0
2020-06-15,69.52,98.15298659155178,143.16253234086244,-45.31129037986466,0.07506508934630225,-0.14640348073327733,0.37308302194098336,0.0,-1.4210854715202004e-14
2020-06-16,99.23,98.91026096593961,143.16253234086244,-43.570440867068655,-0.5671477453108953,-0.2662960168506458,0.1516132543074335,0.0,-5.684341886080802e-14
2020-06-17,77.95,99.2778651011603,143.16253234086244,-42.821291995350826,-0.681247232643098,-0.47730998387914036,0.09518197217093119,0.0,-1.4210854715202004e-14
2020-06-18,119.85,100.37089897184778,143.16253234086244,-41.64217385218451,-0.5715213476051755,-0.5093431696544228,-0.06859499957059118,0.0,4.263256414560601e-14
2020-06-19,105.9,100.20275493358926,143.16253234086244,-41.610747751796495,-0.5962331447640631,-0.667891538048788,-0.08490497266381246,0.0,-2.842170943040401e-14
2020-06-20,66.79,99.79035547294899,143.16253234086244,-41.79422313193433,-0.438097163160326,-1.0995167809795876,-0.04033979183919435,0.0,-1.4210854715202004e-14
2020-06-21,113.05,97.96403879864941,143.16253234086244,-43.47511850812863,-0.27509864998112676,-1.5077901651802421,0.059513781076980486,0.0,-1.4210854715202004e-14
2020-06-22,115.07,100.3985125914845,143.16253234086244,-41.140151518355104,-0.053616770427854094,-1.1957068444270813,-0.37454461616791007,0.0,1.4210854715202004e-14
2020-06-23,81.26,100.15427976672794,143.16253234086244,-42.1770373027491,-0.06596113863373694,-0.6837499315552523,-0.0815042011964034,0.0,0.0
2020-06-24,129.16,100.12248168238226,143.16253234086244,-41.54547921357425,-0.09902394938327191,-1.1056173724416334,-0.2899301230810387,0.0,1.4210854715202004e-14
2020-06-25,69.15,100.11900164067998,143.16253234086244,-41.91293475493947,-0.18845999004299027,-1.08816813172494,0.14603217652497014,0.0,-2.842170943040401e-14
2020-06-26,110.65,99.90102979801254,143.16253234086244,-42.094072280247595,-0.25239845125906757,-0.9716153674935685,0.0565835561503845,0.0,-4.263256414560601e-14
2020-06-27,95.17,100.09180922922533,143.16253234086244,-41.93706325922067,-0.28794778366513635,-0.8508313596895194,0.005119290938261828,0.0,-2.842170943040401e-14
2020-06-28,82.39,100.0804594362171,143.16253234086244,-41.41807571016983,-0.13798254845277064,-1.4476539929667747,-0.0783606530559646,0.0,0.0
2020-06-29,92.26,99.8655677957915,143.16253234086244,-41.22480789728002,-0.10004156892532272,-1.9325318346977818,-0.03958324416780918,0.0,0.0
2020-06-30,87.19,99.89058225304927,143.16253234086244,-41.132838475937376,-0.024032776128732905,-2.0269634321082894,-0.08811540363877965,0.0,1.4210854715202004e-14
2020-07-01,57.45,99.69666803266077,143.16253234086244,-40.831887047179585,-0.12466895962678526,-1.9650354376645618,-0.5442728637307608,0.0,2.842170943040401e-14
2020-07-02,40.31,74.1209175043634,143.16253234086244,-66.81547952551615,-0.01778907453294723,-1.5884017513348043,-0.6199444851151492,0.0,1.4210854715202004e-14
2020-07-03,66.57,53.18489271088288,143.16253234086244,-88.56166000638338,0.455416715445851,-1.5162936444570754,-0.35510269458502763,0.0,7.105427357601002e-14
2020-07-04,60.56,52.994362140542556,143.16253234086244,-89.46140719355279,0.6573996945702774,-1.517468066819389,0.15330536548198526,0.0,3.552713678800501e-14
2020-07-05,53.26,49.33576464231293,143.16253234086244,-92.45271946362836,0.5332124775546567,-1.8411658088282663,-0.066094903647611,0.0,6.394884621840902e-14
2020-07-06,43.1,47.68306286927479,143.16253234086244,-93.06474623155833,0.20315248963065718,-1.9694370123003808,-0.6484387173596684,0.0,7.105427357601002e-14
2020-07-07,60.02,47.316381566609195,143.16253234086244,-93.4349139910925,0.14326029058927642,-1.8294796688313397,-0.7250174049187551,0.0,7.105427357601002e-14
2020-07-08,26.04,48.29170826746879,143.16253234086244,-93.10298317786521,-0.3398585906367709,-1.7423040907220033,0.314321785830257,0.0,7.105427357601002e-14
2020-07-09,47.52,45.9899146870271,143.16253234086244,-94.28576118728432,-1.1207736837237265,-1.9332100185943089,0.16712723576699048,0.0,3.552713678800501e-14
2020-07-10,27.53,46.10579938723371,143.16253234086244,-94.40943148734384,-1.1672007028742628,-1.7739027218004921,0.2938019583898244,0.0,4.973799150320701e-14
2020-07-11,50.76,44.36405410475965,143.16253234086244,-95.13590292896947,-1.093098152124663,-1.6370904205518038,-0.9323867344568959,0.0,4.973799150320701e-14
2020-07-12,25.86,44.289855472402714,143.16253234086244,-95.297699101395,-1.0933180340020152,-1.6136713861319212,-0.8679883469308532,0.0,6.394884621840902e-14
2020-07-13,25.62,44.898354545660496,143.16253234086244,-95.05977240180808,-0.7358403312143397,-1.722229091492322,-0.7463359706872256,0.0,1.4210854715202004e-14
2020-07-14,51.51,46.2779441007683,143.16253234086244,-94.85951751182144,0.05253113772123118,-1.5190437511841803,-0.5585581148097563,0.0,7.105427357601002e-15
2020-07-15,57.38,46.51324380602988,143.16253234086244,-95.11263286953876,0.040311824141508065,-1.1237805999326262,-0.4531868895026526,0.0,-4.263256414560601e-14
2020-07-16,43.76,45.392723445107116,143.16253234086244,-95.48371989990525,-0.3368509595332281,-1.1471077448596632,-0.8021302914572206,0.0,3.552713678800501e-14
2020-07-17,57.16,45.66989694992282,143.16253234086244,-94.92879499740974,-0.26113787957157325,-1.5604907551481937,-0.7422117588101627,0.0,4.973799150320701e-14
2020-07-18,50.14,45.31634412918268,143.16253234086244,-94.93851079095282,-0.39485169034849077,-1.7694421467064527,-0.7433835836720056,0.0,0.0
2020-07-19,65.7,44.77206881285081,143.16253234086244,-95.77593945120063,-0.6816524787863119,-1.300057754321519,-0.6328138437032331,0.0,6.394884621840902e-14
2020-07-20,26.05,45.57534440880452,143.16253234086244,-94.75762115979865,-0.869865323139126,-1.329994050362328,-0.6297073987578363,0.0,7.105427357601002e-15
2020-07-21,23.6,44.31352277582408,143.16253234086244,-95.51372642524201,-0.8635243053139862,-1.6118935335719657,-0.8598653009104494,0.0,5.684341886080802e-14
2020-07-22,39.65,44.122700799006054,143.16253234086244,-95.91128084976484,-0.9036122638592654,-1.4126871774253218,-0.8122512508069903,0.0,2.842170943040401e-14
2020-07-23,47.94,44.030355164197964,143.16253234086244,-96.10778779136531,-0.9683270633563325,-1.1961546298302372,-0.8599076921125939,0.0,-7.105427357601002e-15
2020-07-24,24.16,43.769881472248535,143.16253234086244,-96.49751158875287,-1.078280641469448,-0.9963750075558343,-0.8204836308357958,0.0,4.973799150320701e-14
2020-07-25,22.42,43.783821937870265,143.16253234086244,-96.79162602129786,-1.0758064614786313,-0.6341755842248383,-0.87710233599088,0.0,3.552713678800501e-14
2020-07-26,26.9,43.814643873919856,143.16253234086244,-96.51640336178644,-1.207236897067611,-0.5763827820457745,-1.0478654260427565,0.0,7.105427357601002e-15
2020-07-27,24.28,43.904004537753934,143.16253234086244,-96.62120032040667,-1.2011541251627575,-0.5080930448524382,-0.9280803126866639,0.0,2.842170943040401e-14
2020-07-28,44.82,44.01067230320196,143.16253234086244,-97.01754397688553,-0.8727321013589141,-0.3523012285557119,-0.9092827308603884,0.0,7.105427357601002e-14
2020-07-29,32.84,44.40338132208753,143.16253234086244,-97.12166637385081,-0.22109598962249233,-0.59100887436825,-0.8253797809333752,0.0,3.552713678800501e-14
2020-07-30,37.92,44.10647291937275,143.16253234086244,-97.00606147391731,-0.16238784551549734,-0.8716880416111153,-1.0159220604458123,0.0,5.684341886080802e-14
2020-07-31,48.7,44.466177822614355,143.16253234086244,-97.38227001794303,-0.1035899558956686,-0.5547225245457191,-0.6557720198636585,0.0,0.0
2020-08-01,25.32,44.310254887652526,143.16253234086244,-97.7862121569473,-0.0893626229262594,-0.20241732686589242,-0.7742853464704763,0.0,2.1316282072803006e-14
2020-08-02,39.44,43.99788134804405,143.16253234086244,-98.21895926310341,-0.17375677236263093,0.0475860860077951,-0.8195210433601676,0.0,2.842170943040401e-14
2020-08-03,43.38,44.12404391777377,143.16253234086244,-98.07259620016526,-0.14050076166776734,0.09123593522559875,-0.9166273964812299,0.0,-7.105427357601002e-15
2020-08-04,57.23,44.20098560732392,143.16253234086244,-97.7958531498506,-0.12547819258556522,-0.058243286837150826,-0.9819721042652076,0.0,7.105427357601002e-15
2020-08-05,30.92,44.17618201817113,143.16253234086244,-97.51545218598,-0.09981649601733694,0.004638423046287343,-1.3757200637402582,0.0,0.0
2020-08-06,60.73,44.41910935268813,143.16253234086244,-97.76504352165807,-0.24042901161581245,0.08630531416998481,-0.8242557690704331,0.0,2.1316282072803006e-14
2020-08-07,36.59,44.44695909837591,143.16253234086244,-97.04050706941086,0.07673482438409865,-0.9422411245092043,-0.8095598729506106,0.0,5.684341886080802e-14
2020-08-08,60.6,44.537981649669085,143.16253234086244,-96.34896324144637,0.11847686921524059,-1.6354200495116098,-0.7586442694506548,0.0,3.552713678800501e-14
2020-08-09,54.67,44.154071190932484,143.16253234086244,-96.47693971773461,-0.024139104372832135,-1.5935228197583708,-0.9138595080641606,0.0,2.842170943040401e-14
2020-08-10,37.66,43.89350660013226,143.16253234086244,-97.07697878519319,0.1859003253588685,-1.217566288242166,-1.160380992653716,0.0,2.1316282072803006e-14
2020-08-11,55.12,44.11041033006183,143.16253234086244,-97.13477906082502,0.003530033755837117,-1.0818905190475203,-0.8389824646839384,0.0,3.552713678800501e-14
2020-08-12,41.1,44.1923941674795,143.16253234086244,-97.36373431939316,0.05052244133764722,-0.843444628149756,-0.8134816671777012,0.0,2.1316282072803006e-14
2020-08-13,29.95,44.02439778913038,143.16253234086244,-97.76759374125791,0.13709841044501475,-0.7563110060213516,-0.7513282148978213,0.0,7.105427357601002e-15
2020-08-14,42.34,44.04609937506961,143.16253234086244,-98.20102434426053,0.7559539614373418,-0.6501877834928329,-1.0211747994768212,0.0,2.1316282072803006e-14
2020-08-15,36.7,43.98410622991646,143.16253234086244,-98.3854257696933,0.8211810368757222,-0.8715312186964325,-0.7426501594319616,0.0,-1.4210854715202004e-14
2020-08-16,59.01,43.97951598977406,143.16253234086244,-97.97133253885853,0.7926356824009555,-1.0667857645305014,-0.9375337301003704,0.0,7.105427357601002e-14
2020-08-17,59.85,44.24250746629336,143.16253234086244,-98.03752382964848,0.8914321343670303,-1.0440550897188918,-0.7298780895687517,0.0,1.4210854715202004e-14
2020-08-18,49.1,44.61350368541341,143.16253234086244,-98.00759569381135,1.0107025502628382,-0.8323855715434969,-0.7197499403570224,0.0,7.105427357601002e-15
2020-08-19,31.01,44.28127471170715,143.16253234086244,-97.80835045608086,0.8934972404542589,-0.9459805981877738,-1.0204238153408935,0.0,-2.1316282072803006e-14
2020-08-20,52.97,48.13304765036384,143.16253234086244,-96.79490718127315,3.1482509955250237,-0.5585490727900163,-0.8242794319604739,0.0,2.1316282072803006e-14
2020-08-21,58.75,44.72694080704897,143.16253234086244,-98.23417873294953,0.8054239709679281,-0.10425015366469882,-0.9025866181672286,0.0,6.394884621840902e-14
2020-08-22,22.72,44.16240135553401,143.16253234086244,-98.98501935524781,0.7853155541060344,0.13588564739897313,-0.9363128315856758,0.0,4.973799150320701e-14
2020-08-23,42.34,43.917602512768454,143.16253234086244,-98.58532825421652,0.9001852382228455,-0.519279832828213,-1.0405069792721124,0.0,1.4210854715202004e-14
2020-08-24,22.45,43.80004191715972,143.16253234086244,-97.50035832465804,0.9337295866566997,-1.464396660529478,-1.3314650251719553,0.0,4.263256414560601e-14
2020-08-25,60.96,44.79965002521819,143.16253234086244,-96.88980149992607,0.9461373005438861,-1.8836454578875301,-0.5355726583745569,0.0,2.1316282072803006e-14
2020-08-26,49.83,46.93797716118684,143.16253234086244,-96.52868956505007,1.995278752915748,-1.7302340488289079,0.03908968128759245,0.0,3.552713678800501e-14
2020-08-27,60.45,48.26779118941048,143.16253234086244,-96.14840831943867,2.9292975427630186,-1.503588792934263,-0.17204158184208207,0.0,3.552713678800501e-14
2020-08-28,28.89,43.858544689777865,143.16253234086244,-97.372606230402,0.39058616732208623,-1.3466352370799717,-0.975332350924757,0.0,6.394884621840902e-14
2020-08-29,30.42,43.96386367117374,143.16253234086244,-96.89657905295026,0.2561563205558463,-1.301871048266816,-1.2563748890273971,0.0,-7.105427357601002e-14
2020-08-30,65.08,46.0561711699185,143.16253234086244,-96.78780544970263,0.6935459545729761,-0.9971747451871531,-0.014926930627155284,0.0,1.4210854715202004e-14
2020-08-31,56.99,45.552050898137686,143.16253234086244,-96.88116661144613,0.6493033610441042,-1.2336798204001682,-0.14493837192259018,0.0,3.552713678800501e-14
2020-09-01,49.92,45.10784515740999,143.16253234086244,-96.45261863338513,0.5111776133464634,-1.7030420316334764,-0.4102041317803386,0.0,2.1316282072803006e-14
2020-09-02,26.4,45.39536756227912,143.16253234086244,-96.5994780654538,0.878474567112137,-1.3996014186730859,-0.6465598615685976,0.0,1.4210854715202004e-14
2020-09-03,25.98,44.27925400173292,143.16253234086244,-97.786037038486,0.7959061722838355,-1.095470549245543,-0.7976769236818322,0.0,2.842170943040401e-14
2020-09-04,24.7,44.071814608103516,143.16253234086244,-96.99603119244588,0.07985407506912393,-1.0666668078613766,-1.1078738075208294,0.0,4.973799150320701e-14
2020-09-05,27.92,44.459184135992565,143.16253234086244,-96.60761614574308,0.10716108042034464,-1.4072247654765069,-0.7956683740706249,0.0,7.105427357601002e-15
2020-09-06,22.57,44.585618423401996,143.16253234086244,-96.92627753346417,0.21764663621038463,-1.1396244999478795,-0.7286585202587578,0.0,-1.4210854715202004e-14
2020-09-07,57.83,45.3870143361306,143.16253234086244,-96.81444549091664,0.2626720128245681,-0.45704729249379195,-0.7666972341459619,0.0,-7.105427357601002e-15
2020-09-08,58.04,46.73409914898021,143.16253234086244,-96.79380823001955,0.9537345601483329,0.08211178878137601,-0.6704713107923863,0.0,-1.4210854715202004e-14
2020-09-09,37.07,46.7465368287824,143.16253234086244,-97.13499865346596,1.0389744279997981,0.4010455871597549,-0.7210168737737013,0.0,6.394884621840902e-14
2020-09-10,57.8,46.89653629306655,143.16253234086244,-97.5236167817286,1.2722667067318374,0.3231146052487283,-0.3377605780478335,0.0,-2.1316282072803006e-14
2020-09-11,61.84,47.24741385218761,143.16253234086244,-97.19155344883899,0.8029303916906684,0.25811065387981924,0.21539391459366797,0.0,7.105427357601002e-15
2020-09-12,48.62,47.08495770711583,143.16253234086244,-97.49189553155679,0.7429702115164833,0.22830636121745193,0.44304432507623387,0.0,2.1316282072803006e-14
2020-09-13,61.54,47.17474281921296,143.16253234086244,-97.6567352896336,1.2193931960964637,0.20023560151871042,0.2493169703689569,0.0,-7.105427357601002e-15
2020-09-14,41.45,46.90773213869884,143.16253234086244,-97.79740754579204,1.1770135816223382,0.37344010805172156,-0.007846346045630101,0.0,7.105427357601002e-15
2020-09-15,49.31,46.04792252158747,143.16253234086244,-97.57815672319907,0.2867308200866178,0.5161760962645484,-0.3393600124270825,0.0,2.1316282072803006e-14
2020-09-16,50.23,44.567442857771624,143.16253234086244,-97.72359169132214,0.05011887092184747,0.035946833217455385,-0.9575634959079881,0.0,1.4210854715202004e-14
2020-09-17,28.52,44.556281678400566,143.16253234086244,-98.349646253061,0.6301327161584682,-0.014932266377386925,-0.8718048591819796,0.0,1.4210854715202004e-14
2020-09-18,29.2,44.648565831875636,143.16253234086244,-98.64291818913297,1.009647038509702,-0.0028298693744643853,-0.877865488989105,0.0,3.552713678800501e-14
2020-09-19,54.95,45.34735018946567,143.16253234086244,-97.98847921934647,1.3338321882086093,0.03885002543977601,-1.199385145698697,0.0,2.842170943040401e-14
2020-09-20,42.9,45.84335118237115,143.16253234086244,-97.26937899826719,1.1961848962210284,-0.11008280262910762,-1.1359042538160575,0.0,2.842170943040401e-14
2020-09-21,62.87,46.842266475390346,143.16253234086244,-97.0964848964203,1.2372274169461335,-0.08204167680530147,-0.37896670919272424,0.0,9.947598300641403e-14
2020-09-22,63.25,47.23726231266566,143.16253234086244,-96.85028069952433,1.0055412731126534,0.012165185925243493,-0.09269578771037075,0.0,2.842170943040401e-14
2020-09-23,28.45,46.12808956779134,143.16253234086244,-97.4681608896729,0.7941639362495567,0.040608561187682926,-0.40105438083546413,0.0,2.1316282072803006e-14
2020-09-24,57.07,45.698808663499086,143.16253234086244,-97.59897177341637,1.0116392031640578,0.13291861560377097,-1.0093097227148735,0.0,6.394884621840902e-14
2020-09-25,52.6,44.70588072934616,143.16253234086244,-97.74167359542145,0.12007199834954577,0.13243465754152497,-0.9674846719859375,0.0,4.263256414560601e-14
2020-09-26,42.16,44.585302563987796,143.16253234086244,-97.6362011046163,0.059942540046709916,-0.1473555520825013,-0.8536156602226186,0.0,7.105427357601002e-14
2020-09-27,28.1,45.15717654251515,143.16253234086244,-96.9216605099803,0.3611454489753191,-0.6203933046137722,-0.8244474327285775,0.0,3.552713678800501e-14
2020-09-28,28.01,46.16694641631732,143.16253234086244,-96.73862031338564,1.187182468541098,-0.5537131356642904,-0.8904349440363325,0.0,4.973799150320701e-14
2020-09-29,59.76,47.465057932605305,143.16253234086244,-95.9675323474608,1.6546075609365893,-0.5421015775204779,-0.8424480442124492,0.0,1.4210854715202004e-14
2020-09-30,44.27,48.12947241215944,143.16253234086244,-94.27271512745271,0.8341090992481496,-0.4157800183564929,-1.1786738821420006,0.0,4.973799150320701e-14
2020-10-01,130.01,49.8791777280862,143.16253234086244,-93.37027821447927,1.6233754184252844,-0.8293583492112876,-0.7070934675109808,0.0,2.1316282072803006e-14
2020-10-02,111.6,108.62190411150385,143.16253234086244,-34.21287183403401,1.310541354752689,-0.8607314974841461,-0.7775662525932205,0.0,9.947598300641403e-14
2020-10-03,126.12,112.79221211101726,143.16253234086244,-30.339169298890397,0.9483815718169004,-0.5233460911426913,-0.45618641162903395,0.0,4.263256414560601e-14
2020-10-04,160.92,119.18844749185159,143.16253234086244,-24.41557475118372,1.1336618571433366,-0.12316059142697477,-0.5690113635435511,0.0,5.684341886080802e-14
2020-10-05,123.32,154.836012321576,143.16253234086244,13.27840025287218,0.7242603048949361,-1.1754386892605506,-1.1537418877929604,0.0,-5.684341886080802e-14
2020-10-06,231.49,161.54400957744463,143.16253234086244,18.290758149885658,1.1342452168395736,-0.9278961089231569,-0.11563002121973215,0.0,-1.7053025658242404e-13
2020-10-07,215.34,174.35437237229024,143.16253234086244,31.778047876943894,1.5832840219067916,-1.5054248683632543,-0.6640669990596261,0.0,0.0
2020-10-08,153.66,173.20843241945272,143.16253234086244,29.923295343125186,3.1378017546416017,-1.5337418573259853,-1.481455161850632,0.0,1.1368683772161603e-13
2020-10-09,192.4,176.1874206275065,143.16253234086244,32.62591321040633,2.8021732311324516,-1.164582956615664,-1.2386151982790736,0.0,0.0
2020-10-10,127.14,176.76787321924064,143.16253234086244,33.049581022311315,2.777662016868385,-0.9419791597116112,-1.2799230010899347,0.0,5.684341886080802e-14
2020-10-11,179.68,174.65612268468013,143.16253234086244,32.61714736946046,0.8646117712454737,-0.8297550932406446,-1.1584137036476538,0.0,5.684341886080802e-14
2020-10-12,191.03,175.07553763448738,143.16253234086244,34.20906335739277,0.9799602355013679,-0.8689271711697931,-2.4070911280994265,0.0,2.842170943040401e-14
2020-10-13,208.77,179.3904684739988,143.16253234086244,36.4345450215039,1.2039169738683038,-0.46878781261622876,-0.9417380496196155,0.0,0.0
2020-10-14,223.98,180.09359304997557,143.16253234086244,34.922403606557495,3.1252875997179137,-0.15543837059391,-0.9611921265683573,0.0,-2.842170943040401e-14
2020-10-15,217.92,184.56212713868314,143.16253234086244,41.466702627601855,1.0810327152251975,0.10141348317525921,-1.2495540281815425,0.0,-5.684341886080802e-14
2020-10-16,204.04,192.67665404669708,143.16253234086244,50.53242989853755,0.4087531350300697,-0.5180784328500018,-0.9089828948827885,0.0,-1.7053025658242404e-13
2020-10-17,233.79,196.50935152234717,143.16253234086244,53.37369694651447,1.2598976455282105,-0.3682993478753218,-0.9184760626824446,0.0,-1.7053025658242404e-13
2020-10-18,215.51,207.3400830125178,143.16253234086244,65.44331905292148,-0.062455845623209605,-0.14165811518671434,-1.061654420456153,0.0,-5.684341886080802e-14
2020-10-19,180.64,208.0153942298145,143.16253234086244,67.3817601658993,-0.8125281766860161,-0.8089103501747149,-0.9074597500864254,0.0,-8.526512829121202e-14
2020-10-20,194.76,192.68315303666068,143.16253234086244,51.041496131880756,-0.33209958909304227,-0.10204280190063097,-1.0867330450887165,0.0,-1.4210854715202004e-13
2020-10-21,175.03,189.7788096878981,143.16253234086244,46.96567062338921,0.1722541664724534,0.2287808830589038,-0.7504283258847211,0.0,-1.7053025658242404e-13
2020-10-22,231.33,191.61009316349634,143.16253234086244,47.68425959129566,0.5345496837864815,0.5025452667546034,-0.27379371920255513,0.0,-2.8421709430404007e-13
2020-10-23,190.68,192.35311489521493,143.16253234086244,48.19960728431235,0.4059496910869079,0.19549760464381266,0.3895279743095524,0.0,-1.4210854715202004e-13
2020-10-24,231.38,197.72478863278494,143.16253234086244,51.12500394612527,0.35260202540806984,1.0640382133229946,2.0206121070663436,0.0,-1.7053025658242404e-13
2020-10-25,236.29,211.3047630340268,143.16253234086244,68.10358580312015,-0.6570960062978477,-0.047308852794882186,0.7430497491370516,0.0,-1.1368683772161603e-13
2020-10-26,148.99,204.25782857142698,143.16253234086244,65.37442569419991,-2.7593066488618545,-0.9285492773344317,-0.5912735374389615,0.0,-1.4210854715202004e-13
2020-10-27,119.88,183.00169156609928,143.16253234086244,42.38986658036252,-1.5509661045789993,-0.5414968964817359,-0.45824435406474134,0.0,-1.9895196601282805e-13
2020-10-28,222.58,180.6265624968842,143.16253234086244,35.87789854785304,1.0632630180754252,0.8803073688742529,-0.35743877878085695,0.0,-1.1368683772161603e-13
2020-10-29,122.74,178.57966689219552,143.16253234086244,34.381123391216946,1.2791673036680964,-0.14889479683026158,-0.09426134672152661,0.0,-1.7053025658242404e-13
2020-10-30,136.87,172.23881468798484,143.16253234086244,26.99116821561113,1.2084339164312041,0.7441806870397397,0.1324995280403336,0.0,0.0
2020-10-31,198.32,197.41163846385342,143.16253234086244,43.11154495934705,2.258093950216973,2.055749773279625,6.8237174401474086,0.0,-5.684341886080802e-14
2020-11-01,362.87,239.683094325112,143.16253234086244,64.49402456534425,4.708292569408736,5.052535402688564,22.265709446807836,0.0,1.7053025658242404e-13
2020-11-02,237.19,273.24087294420923,143.16253234086244,114.02234130633785,2.27878071342816,2.377342847845318,11.399875735735314,0.0,1.7053025658242404e-13
2020-11-03,332.54,284.6565018452564,143.16253234086244,128.75212684966132,1.9210486813410401,1.7973641634095359,9.023429809981888,0.0,1.7053025658242404e-13
2020-11-04,249.62,285.07331061604793,143.16253234086244,129.04832898830134,1.8858768778608739,2.7695652956997954,8.20700711332336,0.0,1.1368683772161603e-13
2020-11-05,366.43,289.60894192205114,143.16253234086244,131.43466248123372,1.9120243220062778,3.107916437941067,9.991806340007566,0.0,5.684341886080802e-14
2020-11-06,225.74,275.7612311608549,143.16253234086244,124.41777961664947,-1.4544984553417577,2.4016604901422505,7.233757168542365,0.0,1.1368683772161603e-13
2020-11-07,289.41,283.62255608797886,143.16253234086244,136.06565930373486,-2.4189939873658233,1.5284154731161523,5.284942957631353,0.0,-1.1368683772161603e-13
2020-11-08,257.11,284.5304774762061,143.16253234086244,136.26795989229632,-1.813501671953974,1.4720698935274739,5.441417021473963,0.0,-1.1368683772161603e-13
2020-11-09,255.77,285.5464909161892,143.16253234086244,137.5753301289668,-2.3862085901546353,1.2096921756610106,5.9851448608537074,0.0,-1.1368683772161603e-13
2020-11-10,234.91,288.4068030964177,143.16253234086244,138.5547168040626,-0.9067609273041074,1.8906173898205778,5.70569748897629,0.0,-5.684341886080802e-14
2020-11-11,346.58,292.8815447217822,143.16253234086244,141.16219119225235,0.540147179811031,1.8785349975241314,6.1381390113323,0.0,-5.684341886080802e-14
2020-11-12,307.49,291.2416732912117,143.16253234086244,139.87975188533275,0.3971335559940822,2.0656713458682243,5.736584163154212,0.0,0.0
2020-11-13,371.52,287.34604889324424,143.16253234086244,138.56258125220418,-2.261974815665291,2.017751947731033,5.86515816811184,0.0,5.684341886080802e-14
2020-11-14,350.01,283.72276672017415,143.16253234086244,136.38755889504526,-2.924422698909445,2.063232134350382,5.033866048825615,0.0,-1.1368683772161603e-13
2020-11-15,198.91,282.1617848374862,143.16253234086244,135.24321357612934,-3.17560301019252,1.8474454772952669,5.084196453391727,0.0,-5.684341886080802e-14
2020-11-16,272.64,282.04424739847894,143.16253234086244,134.72027225239003,-2.9942995027511383,2.3890689451894356,4.766673362788254,0.0,-5.684341886080802e-14
2020-11-17,338.52,291.5117087775554,143.16253234086244,140.16590263239874,0.5953768075117607,2.057965750280316,5.529931246502067,0.0,5.684341886080802e-14
2020-11-18,214.91,288.9031076182283,143.16253234086244,139.5598635120665,-0.2772860882318332,1.764687641808546,4.693310211722598,0.0,1.1368683772161603e-13
2020-11-19,201.28,287.67734988520084,143.16253234086244,137.7372331814505,-0.1184897427931224,2.067620392974398,4.828453712706666,0.0,-5.684341886080802e-14
2020-11-20,319.78,287.1024993410432,143.16253234086244,134.9770641928554,0.4802968531667042,2.814152420677326,5.668453533481176,0.0,1.7053025658242404e-13
2020-11-21,270.32,289.0997629494044,143.16253234086244,136.8788421969898,0.7070030335250101,2.4196584357063866,5.931726942320549,0.0,2.2737367544323206e-13
2020-11-22,230.99,290.07240616040866,143.16253234086244,140.5829848648526,-0.14216395255518616,1.8911577177955365,4.577895189453363,0.0,-5.684341886080802e-14
2020-11-23,183.88,286.9221889059694,143.16253234086244,138.54704193010073,-0.5020713274732812,0.8618953737319027,4.852790588747597,0.0,0.0
2020-11-24,336.02,290.57624188633946,143.16253234086244,139.79811898918433,0.4628110724034132,2.0832888593170433,5.06949062457231,0.0,-5.684341886080802e-14
2020-11-25,377.94,293.12732438497795,143.16253234086244,141.62865020314302,0.7521621522983684,1.6324349581358102,5.95154473053827,0.0,5.684341886080802e-14
2020-11-26,386.82,293.0400193174627,143.16253234086244,140.62655654031906,0.9376189686619579,1.773661252404594,6.539650215214798,0.0,-1.7053025658242404e-13
2020-11-27,329.12,290.7651198800474,143.16253234086244,139.11391094891908,1.0033687583408988,2.169288952819663,5.316018879105418,0.0,-1.7053025658242404e-13
2020-11-28,289.6,288.1095776395625,143.16253234086244,138.65024021590293,0.13731553046534473,1.5343188382710888,4.625170714060869,0.0,-1.7053025658242404e-13
2020-11-29,323.98,287.20612907872237,143.16253234086244,138.29003708722098,0.7024392115617285,0.5188795833636903,4.532240855713634,0.0,-1.1368683772161603e-13
2020-11-30,264.04,288.67391311002183,143.16253234086244,139.9467591990045,0.641052137386582,0.670835840121687,4.252733592646777,0.0,-1.7053025658242404e-13
2020-12-01,364.62,290.8089953946496,143.16253234086244,140.38062399305187,1.1168236859194773,1.7726657448634562,4.3763496299525375,0.0,-1.1368683772161603e-13
2020-12-02,198.6,287.92908732133793,143.16253234086244,138.26846791505278,0.4075000168783745,2.1872076040778303,3.9033794444666845,0.0,-1.7053025658242404e-13
2020-12-03,351.96,289.3153974539757,143.16253234086244,138.6333153024055,1.1000173672742877,2.553083218203078,3.866449225230664,0.0,-2.2737367544323206e-13
2020-12-04,338.21,288.91201483946594,143.16253234086244,139.682470382948,0.9620833942342523,1.2046276131657276,3.900301108255428,0.0,5.684341886080802e-14
2020-12-05,236.35,286.97003845234804,143.16253234086244,139.21233425179668,0.6567906269446332,0.4656923237004911,3.47268890904382,0.0,0.0
2020-12-06,372.63,289.5276337395842,143.16253234086244,140.18933986767587,0.7417187234571969,1.6949911857600997,3.7390516218285472,0.0,0.0
2020-12-07,232.35,287.03887543791393,143.16253234086244,138.33968984763095,0.4969391066506837,1.4258851354381268,3.613829007331792,0.0,-5.684341886080802e-14
2020-12-08,322.8,288.85569594203173,143.16253234086244,139.68923911375938,0.7580395958463773,1.7582645317174455,3.4876203598461477,0.0,-1.1368683772161603e-13
2020-12-09,279.99,282.9895359878714,143.16253234086244,136.73848623506444,-2.0974363503701343,1.5741390100418964,3.6118147522728337,0.0,-5.684341886080802e-14
2020-12-10,376.55,285.6685125401109,143.16253234086244,139.24539089032126,-1.2919481104126942,1.6190826960388123,2.9334547233012334,0.0,-1.1368683772161603e-13
2020-12-11,216.77,281.5474654228555,143.16253234086244,137.29910718050638,-2.236494308769081,1.309084659885394,2.0132355503705313,0.0,-1.7053025658242404e-13
2020-12-12,248.71,279.60772560165157,143.16253234086244,136.07544065609605,-2.692990692638803,1.4683222956180393,1.5944210017138942,0.0,-5.684341886080802e-14
2020-12-13,364.21,285.84856044190366,143.16253234086244,141.40197032866928,-0.8615608697799322,1.4895496708186264,0.6560689713333596,0.0,-1.1368683772161603e-13
2020-12-14,358.32,291.23701254985923,143.16253234086244,144.00214298720823,1.3528618824318497,2.4236587637449096,0.2958165756118835,0.0,-5.684341886080802e-14
2020-12-15,226.59,290.3313338406262,143.16253234086244,143.33324551449215,1.5506661682406975,1.7807658964255833,0.5041239206055016,0.0,-1.7053025658242404e-13
2020-12-16,220.81,288.4844629895866,143.16253234086244,141.62165706515137,1.6294143017584704,1.757190844951249,0.3136684368631944,0.0,-1.7053025658242404e-13
2020-12-17,384.46,293.74915239147305,143.16253234086244,144.8039362690843,2.1885958137026744,3.0343208022661763,0.559767165557618,0.0,-1.7053025658242404e-13
2020-12-18,323.08,290.7048638762799,143.16253234086244,143.9267933329636,1.606993134736278,1.8726577896781982,0.13588727803956352,0.0,-2.2737367544323206e-13
2020-12-19,309.89,290.812716179854,143.16253234086244,143.8771885896241,2.1690174383886425,1.254106052338155,0.3498717586409211,0.0,-2.2737367544323206e-13
2020-12-20,244.26,286.56963708160924,143.16253234086244,142.49140786225271,1.1337093718332616,0.05901444863824565,-0.27702694197715294,0.0,-2.2737367544323206e-13
2020-12-21,242.12,287.74160305156465,143.16253234086244,143.88729157025426,1.1467092671484969,0.15800928558508712,-0.6129394122854712,0.0,-1.7053025658242404e-13
2020-12-22,307.15,290.0514161837014,143.16253234086244,144.8021090539913,0.8484827309822397,1.6080965298752155,-0.3698044720096305,0.0,-1.7053025658242404e-13
2020-12-23,369.63,288.43510652460367,143.16253234086244,144.10141190922315,0.6348459358473975,1.9273729417400491,-1.3910566030691542,0.0,-2.2737367544323206e-13
2020-12-24,191.02,285.90951279012654,143.16253234086244,142.06665044881368,0.94276072407364,1.6076052364356226,-1.8700359600587313,0.0,-1.1368683772161603e-13
2020-12-25,306.14,286.7901050976114,143.16253234086244,141.60629989064321,0.6480051501753279,2.0058918275928956,-0.6326241116623861,0.0,-1.1368683772161603e-13
2020-12-26,333.16,286.3602783287055,143.16253234086244,142.04464624036834,0.4567225793145206,1.29784404364991,-0.6014668754896971,0.0,0.0
2020-12-27,224.05,279.8422145015028,143.16253234086244,139.71903380538382,-2.469896935620906,0.5123133500944891,-1.0817680592167231,0.0,-3.410605131648481e-13
2020-12-28,240.0,286.44610690957836,143.16253234086244,142.19171800137448,0.7993821390811674,0.8666167493528252,-0.574142321092462,0.0,-1.1368683772161603e-13
2020-12-29,215.74,286.0020268658554,143.16253234086244,143.2012054430083,0.6661779415296037,-0.43559397198565236,-0.5922948875591894,0.0,-1.7053025658242404e-13
2020-12-30,244.28,275.3232025911902,143.16253234086244,132.90364337206915,0.7441287933744318,-0.3919759183517414,-1.0951259967640077,0.0,-1.1368683772161603e-13
2020-12-31,328.42,289.1837880217399,143.16253234086244,145.86212440972648,1.1524467911458776,-0.4856903933256245,-0.5076251266691416,0.0,-1.7053025658242404e-13
2021-01-01,262.93,286.02002675974416,143.16253234086244,143.78926297926347,0.4754018475382299,-0.021404328406417174,-1.3857660795132978,0.0,-2.2737367544323206e-13
2021-01-02,350.83,288.4954773553215,143.16253234086244,144.64364613944838,1.1597991809373323,1.1713249296035444,-1.6418252355299658,0.0,-2.2737367544323206e-13
2021-01-03,279.11,288.39943923790685,143.16253234086244,144.35099068333645,1.5395432055990512,0.7038545149289672,-1.3574815068198205,0.0,-2.2737367544323206e-13
2021-01-04,224.89,285.734880222471,143.16253234086244,144.1033521677675,0.1433015166424613,0.12273640501250457,-1.7970422078138706,0.0,0.0
2021-01-05,203.11,285.93454003127516,143.16253234086244,143.29702415371196,0.7637791348623508,0.022971255652482175,-1.3117668538140312,0.0,-5.684341886080802e-14
2021-01-06,362.63,290.19610921975584,143.16253234086244,145.2271367930582,1.7925897402782656,0.4743777761932579,-0.46052743063619295,0.0,-1.1368683772161603e-13
2021-01-07,282.84,287.35223034725965,143.16253234086244,144.21128207380676,1.606441955387157,-0.7033402653186225,-0.9246857574779077,0.0,-1.7053025658242404e-13
2021-01-08,366.38,289.79529807482135,143.16253234086244,144.84637565862928,2.6429138168680537,-0.4172775241150449,-0.43924621742320225,0.0,-1.7053025658242404e-13
2021-01-09,370.44,289.74994925553125,143.16253234086244,143.62770457025584,2.993710483749189,0.4461008862730628,-0.4800990256091159,0.0,-1.7053025658242404e-13
2021-01-10,273.96,284.936444941212,143.16253234086244,141.4383452313739,2.8488578800369666,-2.075957414381099,-0.43733309668000475,0.0,-2.2737367544323206e-13
2021-01-11,251.84,285.5949104208852,143.16253234086244,141.47571379549854,2.502272294924116,-0.8290488715326847,-0.7165591388672116,0.0,0.0
2021-01-12,281.97,287.4444551081246,143.16253234086244,142.9893097358889,3.3439584514653427,-1.4236343203904045,-0.6277110997016024,0.0,-5.684341886080802e-14
2021-01-13,316.01,291.29592600333694,143.16253234086244,145.83752307092342,3.9783962108493234,-1.1069356114932574,-0.5755900078048432,0.0,-1.1368683772161603e-13
2021-01-14,275.6,290.4071305308322,143.16253234086244,145.23142436209355,3.980420932272675,-1.6972693885483099,-0.26997771584798697,0.0,-1.1368683772161603e-13
2021-01-15,351.9,291.85478063930117,143.16253234086244,145.40304487671233,4.580631961820636,-0.8123948907643813,-0.479033649329606,0.0,-2.8421709430404007e-13
2021-01-16,307.29,289.5933248756479,143.16253234086244,144.00606219737102,3.8769699398296846,-1.3234234247264751,-0.1288161776888019,0.0,5.684341886080802e-14
2021-01-17,190.56,281.95110387447096,143.16253234086244,140.72465166553044,2.9387418818605022,-3.8581028661705847,-1.0167191476117643,0.0,-1.1368683772161603e-13
2021-01-18,264.73,288.5499077526828,143.16253234086244,142.08199549554985,4.094782859893105,-0.2602453319213357,-0.5291576117011733,0.0,-5.684341886080802e-14
2021-01-19,300.65,288.9292282597621,143.16253234086244,143.31788589287638,3.6042006023371616,-0.17328916970263486,-0.9821014066111914,0.0,-5.684341886080802e-14
2021-01-20,323.49,290.4340109634163,143.16253234086244,144.33972960826094,3.71307924086145,-0.2784782974474545,-0.5028519291209255,0.0,-1.1368683772161603e-13
2021-01-21,234.8,287.27409289840955,143.16253234086244,142.93215496882883,3.344480032082499,-0.9151364381365733,-1.2499380052275353,0.0,-1.1368683772161603e-13
2021-01-22,365.01,290.4066866712954,143.16253234086244,144.03281651348652,4.31892371209686,-0.7985779764389248,-0.3090079187112652,0.0,-1.7053025658242404e-13
2021-01-23,332.4,287.57575516912954,143.16253234086244,142.8152725443988,3.9894760494538373,-1.403213925599169,-0.9883118399864588,0.0,1.1368683772161603e-13
2021-01-24,266.64,287.53668414346953,143.16253234086244,142.70206572456163,4.196417509504214,-2.141870847872965,-0.38246058358552837,0.0,-2.8421709430404007e-13
2021-01-25,305.37,286.70385443416745,143.16253234086244,141.8623278170811,3.971215479230969,-1.5055149678073323,-0.7867062351996008,0.0,-1.7053025658242404e-13
2021-01-26,369.09,292.3411408798181,143.16253234086244,144.40814374256908,5.370170115979456,-0.4139466591265347,-0.185758660466211,0.0,-1.1368683772161603e-13
2021-01-27,385.16,291.8553197557623,143.16253234086244,143.9546101564841,5.3919510649819165,-0.08413339437426541,-0.5696404121918067,0.0,-5.684341886080802e-14
2021-01-28,248.12,283.905631835699,143.16253234086244,139.55866928763427,2.2974331640470713,-0.49179210846720794,-0.6212108483774127,0.0,-1.7053025658242404e-13
2021-01-29,262.67,283.3484785201284,143.16253234086244,139.4798887069721,2.3078614612400354,-0.7953707517484688,-0.8064332371976737,0.0,0.0
2021-01-30,307.13,283.10543910501235,143.16253234086244,140.0066188433188,2.6154630005812627,-1.4394661541613758,-1.2397089255886313,0.0,-1.1368683772161603e-13
2021-01-31,302.61,283.35933090311005,143.16253234086244,141.71254507712453,2.1999701398048432,-2.1501280240888194,-1.5655886305927147,0.0,-2.2737367544323206e-13
2021-02-01,199.49,276.6829597167663,143.16253234086244,138.04248974110368,-0.1533360787431369,-2.587261660254257,-1.7814646262020544,0.0,-3.979039320256561e-13
2021-02-02,207.46,277.15232357832434,143.16253234086244,137.0035462183615,1.5883659865266486,-2.6712167616742435,-1.930904205751968,0.0,-5.684341886080802e-14
2021-02-03,158.08,263.09747125992357,143.16253234086244,122.04597826867952,1.603215624428738,-1.8257858423128623,-1.8884691317340792,0.0,-1.7053025658242404e-13
2021-02-04,209.88,187.3746951069966,143.16253234086244,42.58417911527624,2.851912784221411,0.7807560540355947,-2.004685187399038,0.0,-5.684341886080802e-14
2021-02-05,191.76,188.80821742603922,143.16253234086244,44.780149623866464,2.3788594319658296,0.3898754663600694,-1.9031994370155143,0.0,-5.684341886080802e-14
2021-02-06,217.46,185.93875306423578,143.16253234086244,42.16288867066167,2.293298880908501,0.13818450944820324,-1.8181513376448977,0.0,-1.4210854715202004e-13
2021-02-07,176.7,190.56414092806506,143.16253234086244,47.84426204963695,1.8438370187907336,-0.5504943947123159,-1.7359960865126234,0.0,-1.4210854715202004e-13
2021-02-08,218.0,181.89592705190265,143.16253234086244,39.105704531289476,2.21956605617325,-0.780583463216748,-1.8112924132057264,0.0,-2.842170943040401e-14
2021-02-09,196.06,185.06458577783215,143.16253234086244,42.8887298949199,2.07838282269024,-1.0053887035828408,-2.0596705770575117,0.0,-8.526512829121202e-14
2021-02-10,155.98,183.03943105106777,143.16253234086244,39.72687665671474,2.2654103325500974,-0.19901781610429925,-1.9163704629551108,0.0,-1.1368683772161603e-13
2021-02-11,224.93,183.77159555443356,143.16253234086244,39.054085407637835,2.635338666499573,0.2772958858505164,-1.3576567464167273,0.0,-8.526512829121202e-14
2021-02-12,221.56,185.45495539144054,143.16253234086244,40.61577201794169,2.52628239878279,0.7512632795550468,-1.60089464570132,0.0,-1.1368683772161603e-13
2021-02-13,227.68,193.78356006922866,143.16253234086244,48.54213720769607,2.1053043299898917,1.3047726599054064,-1.3311864692250877,0.0,-5.684341886080802e-14
2021-02-14,233.79,215.56863394638404,143.16253234086244,71.40855145812216,1.8463252866809687,1.454804093417757,-2.3035792326993234,0.0,2.842170943040401e-14
2021-02-15,195.8,217.30270735140593,143.16253234086244,74.19352330496245,1.5715255674327995,0.6341419322526548,-2.2590157941045623,0.0,1.4210854715202004e-13
2021-02-16,219.21,201.6933056425405,143.16253234086244,57.648603145546716,1.6649429048312931,1.2491924695045473,-2.0319652182043852,0.0,-1.1368683772161603e-13
2021-02-17,192.69,196.62538420499493,143.16253234086244,53.63048518210024,1.5497051859754079,0.7462279000488943,-2.463566403991996,0.0,-5.684341886080802e-14
2021-02-18,183.93,193.49142822160195,143.16253234086244,51.62514660850826,1.3931709972238528,0.4126188336439063,-3.1020405586363866,0.0,-1.1368683772161603e-13
2021-02-19,180.39,190.10324754867244,143.16253234086244,48.6962818569152,1.4361336359566836,0.056508481488218354,-3.248208766549989,0.0,-1.1368683772161603e-13
2021-02-20,115.7,182.09710822038065,143.16253234086244,41.53017460388419,1.2823553912752808,0.1265577511870689,-4.0045118668282855,0.0,-5.684341886080802e-14
2021-02-21,160.87,170.75734332712835,143.16253234086244,30.146820869858303,0.9958829037457579,0.2575913493159355,-3.8054841366539933,0.0,-8.526512829121202e-14
2021-02-22,156.67,173.58986351849097,143.16253234086244,31.597532192338182,0.8752540073197792,0.4144768324472141,-2.459931854476619,0.0,-2.842170943040401e-14
2021-02-23,174.89,171.0883892735582,143.16253234086244,27.6989623106979,2.156497029821941,0.07426368832438227,-2.0038660961484407,0.0,-2.842170943040401e-14
2021-02-24,162.02,173.7724525697978,143.16253234086244,30.95160174312,1.0172099177129788,0.6848328129982149,-2.0437242448958473,0.0,0.0
2021-02-25,207.58,173.48338224631087,143.16253234086244,30.59624717029218,1.2267027146413605,0.46013733422125525,-1.962237313706296,0.0,-8.526512829121202e-14
2021-02-26,136.86,171.72763416793245,143.16253234086244,29.13374269252658,0.9732266394190575,0.41159590844614324,-1.9534634133217001,0.0,-8.526512829121202e-14
2021-02-27,143.07,166.8937732867598,143.16253234086244,25.660086470257184,0.3232538020611988,-0.3546222134395491,-1.8974771129814318,0.0,-5.684341886080802e-14
2021-02-28,110.28,166.55751678073815,143.16253234086244,26.275486205253863,-0.10560576732650578,-1.0476039668807735,-1.727292031170753,0.0,-1.1368683772161603e-13
2021-03-01,95.67,125.60044498415053,143.16253234086244,-16.88507897505093,0.07563351894331447,0.09435736386688456,-0.8469992644711021,0.0,-8.526512829121202e-14
2021-03-02,133.84,121.61781514264244,143.16253234086244,-22.012025868743205,0.6571927237571911,0.4564019557884413,-0.646286009022383,0.0,-4.263256414560601e-14
2021-03-03,134.58,110.41742909809402,143.16253234086244,-33.66153131577967,1.6053282347253535,-0.3216964540479276,-0.36720370766624644,0.0,7.105427357601002e-14
2021-03-04,106.58,109.09416202353673,143.16253234086244,-33.20560111130781,1.1824727470073948,-1.2022306152437787,-0.8430113377816135,0.0,8.526512829121202e-14
2021-03-05,128.04,105.18376097679011,143.16253234086244,-37.839214502189215,1.479762897044211,-0.7338866362497336,-0.8854331226776139,0.0,1.4210854715202004e-14
2021-03-06,68.57,102.82258483123209,143.16253234086244,-39.96585204685806,1.3303330725805487,-1.1256325631067432,-0.5787959722461538,0.0,5.684341886080802e-14
2021-03-07,129.04,102.01437007652386,143.16253234086244,-41.0062150571004,1.1975952660886409,-0.9439106569463696,-0.3956318163804321,0.0,-1.4210854715202004e-14
2021-03-08,71.44,100.77676286124498,143.16253234086244,-40.93920210154922,0.8685555167815064,-1.6894553299759523,-0.625667564873794,0.0,0.0
2021-03-09,76.33,99.57612940465228,143.16253234086244,-41.59944922961484,0.5246356041774399,-1.7692012886295492,-0.7423880221431889,0.0,-2.842170943040401e-14
2021-03-10,74.75,99.62974851723348,143.16253234086244,-44.680090463705454,3.175696658449971,-1.5596185610898248,-0.4687714572836254,0.0,-2.842170943040401e-14
2021-03-11,99.86,99.80684919764126,143.16253234086244,-42.102061593964,0.536608515417749,-1.2444833359183711,-0.545746728756584,0.0,2.842170943040401e-14
2021-03-12,92.63,100.10375557277938,143.16253234086244,-41.85501187193218,0.5935576966805798,-1.3358083972331545,-0.4615141955983472,0.0,4.263256414560601e-14
2021-03-13,100.17,100.72282362415476,143.16253234086244,-41.70960248082188,0.7688007922607928,-0.9837782327267977,-0.5151287954198291,0.0,2.842170943040401e-14
2021-03-14,125.97,100.74772847919867,143.16253234086244,-41.782848123346305,0.7233420616220851,-0.9601053143659237,-0.3951924855736511,0.0,2.842170943040401e-14
2021-03-15,121.94,100.70097703755896,143.16253234086244,-44.245545855719584,3.3275290778611057,-1.105625287541163,-0.43791323790386455,0.0,1.4210854715202004e-14
2021-03-16,69.53,100.48510342462141,143.16253234086244,-41.98409333961864,0.8130900071222475,-1.0989422342138817,-0.4074833495307533,0.0,-1.4210854715202004e-14
2021-03-17,65.37,99.96715991777727,143.16253234086244,-42.06478938947782,0.8720603765165063,-1.3944133937345131,-0.6082300163893278,0.0,-1.4210854715202004e-14
2021-03-18,98.33,93.15324928231976,143.16253234086244,-49.627530632441015,1.0878764111282146,-1.0755420955760278,-0.39408674165376534,0.0,-8.526512829121202e-14
2021-03-19,120.35,99.75804611098484,143.16253234086244,-42.44641721030857,0.5965811689958149,-1.1935980303119496,-0.3610521582529145,0.0,1.4210854715202004e-14
2021-03-20,106.43,100.55152190569157,143.16253234086244,-41.60549486706367,0.5820982797876548,-0.9850257050399616,-0.6025881428549076,0.0,0.0
2021-03-21,125.31,100.36250376572751,143.16253234086244,-44.02181649882087,3.141296828950377,-1.6082071732622945,-0.311301732002173,0.0,2.842170943040401e-14
2021-03-22,78.9,100.06781147018037,143.16253234086244,-40.906207293620035,0.2863870438583469,-1.8905471194238856,-0.5843535014964747,0.0,-2.842170943040401e-14
2021-03-23,102.49,100.14938564887801,143.16253234086244,-40.861531009404025,0.2197098249261053,-1.9101447632376658,-0.4611807442688793,0.0,4.263256414560601e-14
2021-03-24,105.03,100.08410442074955,143.16253234086244,-40.699841855015194,0.1009098701388894,-1.8935097487530874,-0.5859861864835099,0.0,1.4210854715202004e-14
2021-03-25,98.75,100.2221015942622,143.16253234086244,-40.72541832365804,0.291218057347206,-2.0626511365569478,-0.44357934373247143,0.0,0.0
2021-03-26,125.42,100.33158763591526,143.16253234086244,-41.09501465445906,0.6424842632568355,-1.9384421535981144,-0.43997216014685564,0.0,1.4210854715202004e-14
2021-03-27,109.76,100.3005972428193,143.16253234086244,-41.33674858080092,0.8411420173100581,-2.0518194015233044,-0.3145091330290235,0.0,4.263256414560601e-14
2021-03-28,73.78,99.99228722507203,143.16253234086244,-41.77637981677755,0.7008588417168649,-1.6963884396212079,-0.3983357011085273,0.0,1.4210854715202004e-14
2021-03-29,111.39,100.00984094393517,143.16253234086244,-42.05054638589007,0.6885001220442126,-1.5110793349576905,-0.27956579812373933,0.0,2.842170943040401e-14
2021-03-30,63.26,99.51903653455969,143.16253234086244,-42.16414827062117,0.5389317301818889,-1.6382192258132975,-0.3800600400502255,0.0,5.684341886080802e-14
2021-03-31,73.08,84.4226168478372,143.16253234086244,-57.81648440146263,1.0208148899377767,-1.756545624188166,-0.18770035731216217,0.0,-5.684341886080802e-14
2021-04-01,135.13,99.32850522320737,143.16253234086244,-42.07274167813521,0.48360158760138977,-1.9259128768380904,-0.3189741502832212,0.0,5.684341886080802e-14
2021-04-02,111.16,99.20935547556586,143.16253234086244,-42.394843097523136,0.3679553435395815,-2.0974641730378187,0.17117506172476227,0.0,2.842170943040401e-14
2021-04-03,87.14,99.87959742290813,143.16253234086244,-41.955772008835886,0.3854760468710911,-1.8451190400637358,0.13248008407420914,0.0,1.4210854715202004e-14
2021-04-04,95.61,100.08224066882072,143.16253234086244,-41.88745102598041,0.43265930933738456,-1.7829835374315366,0.1574835820327748,0.0,7.105427357601002e-14
2021-04-05,87.76,99.80231034374758,143.16253234086244,-42.160585069652086,0.39069269956753816,-1.7145204248049002,0.12419079777454173,0.0,4.263256414560601e-14
2021-04-06,135.19,99.81347492127856,143.16253234086244,-42.17063251187912,0.3944628442889875,-1.7285018040378402,0.15561405204406925,0.0,1.4210854715202004e-14
2021-04-07,85.78,99.66637259143614,143.16253234086244,-42.040594994478916,0.2804778474528088,-1.9291067570111138,0.19306415461086215,0.0,7.105427357601002e-14
2021-04-08,83.53,99.69220560834776,143.16253234086244,-41.94745599899517,0.2918097944393824,-2.0369224640899426,0.22224193613101595,0.0,2.842170943040401e-14
2021-04-09,125.76,100.08036353200238,143.16253234086244,-42.06915193303214,0.3195659601913162,-1.5748199692174691,0.24223713319822435,0.0,1.4210854715202004e-14
2021-04-10,127.26,100.23052081526197,143.16253234086244,-42.04798802096183,0.23303575135493237,-1.4415220195740555,0.3244627635804833,0.0,0.0
2021-04-11,88.59,99.93894837560082,143.16253234086244,-42.064371695635316,0.22818456731053774,-1.6250113158868162,0.23761447894997814,0.0,-1.4210854715202004e-14
2021-04-12,111.06,99.99105339186873,143.16253234086244,-42.11615550002687,0.2044951815841351,-1.5016171491042225,0.24179851855326664,0.0,-1.4210854715202004e-14
2021-04-13,78.07,99.86372680719363,143.16253234086244,-42.14945545693501,0.318157933706642,-1.697393694080223,0.22988568363980516,0.0,-2.842170943040401e-14
2021-04-14,130.22,99.88818849952003,143.16253234086244,-42.06363186764309,0.25221914533053613,-1.664712259607872,0.20178114057798258,0.0,2.842170943040401e-14
2021-04-15,81.6,99.87743462829343,143.16253234086244,-41.987360132397676,0.3136794429955416,-1.8994382038402837,0.28802118067336935,0.0,2.842170943040401e-14
2021-04-16,108.48,99.86790835478737,143.16253234086244,-42.10409029718751,0.22926788757189873,-1.8369168016618893,0.4171152252023939,0.0,4.263256414560601e-14
2021-04-17,75.71,99.50264853893356,143.16253234086244,-43.259128964502565,0.15691674532728772,-1.9613066161941053,1.4036350334404677,0.0,2.842170943040401e-14
2021-04-18,87.7,99.48222894685685,143.16253234086244,-43.178981176937086,0.08921621718300905,-2.0439864515320023,1.4534480172804467,0.0,4.263256414560601e-14
2021-04-19,124.79,99.76410566571438,143.16253234086244,-43.12158953899261,0.031861641917947145,-1.797544346282849,1.488845568209423,0.0,2.842170943040401e-14
2021-04-20,90.65,99.32167894276716,143.16253234086244,-44.087874544960435,0.01642770662254389,-1.8829531960408057,2.1135466362833872,0.0,2.842170943040401e-14
2021-04-21,117.93,99.81920269165761,143.16253234086244,-44.607048920087735,0.852932652324504,-1.8624112645790907,2.273197883137465,0.0,2.842170943040401e-14
2021-04-22,72.96,99.545317228566,143.16253234086244,-43.96800857150453,0.07209709780428412,-2.024451604391732,2.303147965795502,0.0,4.263256414560601e-14
2021-04-23,83.27,99.69153193369715,143.16253234086244,-43.96231786306218,0.1680845236601059,-2.0422196445030925,2.365452576739847,0.0,2.842170943040401e-14
2021-04-24,98.48,99.79748730421022,143.16253234086244,-43.96564006766982,0.19356110333182946,-1.9575483532050508,2.364582280890803,0.0,1.4210854715202004e-14
2021-04-25,128.99,99.992320897515,143.16253234086244,-43.72243624462617,0.2238936573553857,-2.0404020632957898,2.3687332072191225,0.0,1.4210854715202004e-14
2021-04-26,73.38,99.80780739649629,143.16253234086244,-43.89616501463147,0.12154689447977217,-1.9290298652984956,2.348923041084027,0.0,1.4210854715202004e-14
2021-04-27,130.48,99.78816152586067,143.16253234086244,-44.09485233720594,0.16515796062221227,-1.7482946639775332,2.30361822555946,0.0,4.263256414560601e-14
2021-04-28,88.91,99.76447580931278,143.16253234086244,-44.09042759032392,0.12039534993186536,-1.709626765431039,2.281602474273417,0.0,1.4210854715202004e-14
2021-04-29,108.0,99.95579127632271,143.16253234086244,-44.173036225296386,0.1760131478671514,-1.5533979135985385,2.3436799264879844,0.0,5.684341886080802e-14
2021-04-30,88.54,99.85953909197607,143.16253234086244,-43.790149535393574,0.10196195555510816,-1.9836674063245752,2.3688617372766223,0.0,5.684341886080802e-14
2021-05-01,89.91,99.7966291426204,143.16253234086244,-44.05621394562416,-0.01172145320163663,-1.6481873396944582,2.3502195402781942,0.0,1.4210854715202004e-14
2021-05-02,112.94,99.85529584521079,143.16253234086244,-44.200277724715036,0.1375245834901307,-1.5937458137812315,2.349262459354446,0.0,4.263256414560601e-14
2021-05-03,93.84,99.90850299865471,143.16253234086244,-44.14415090543511,0.1648338418306336,-1.6386638540816838,2.3639515754784135,0.0,1.4210854715202004e-14
2021-05-04,128.06,100.17241528710996,143.16253234086244,-43.66254550252184,0.18703088681051017,-1.8413473310106374,2.3267448929694674,0.0,1.4210854715202004e-14
2021-05-05,117.88,100.11906617638732,143.16253234086244,-43.77340876456377,0.1537659921944659,-1.80321310497082,2.3793897128649615,0.0,4.263256414560601e-14
2021-05-06,87.91,99.98120785121613,143.16253234086244,-43.715946749260105,-0.02557519260663184,-1.8552731125487822,2.4154705647691825,0.0,1.4210854715202004e-14
2021-05-07,90.46,99.58885832263954,143.16253234086244,-43.68911754323604,-0.07423879031412907,-2.173697884681121,2.363380200008356,0.0,2.842170943040401e-14
2021-05-08,81.15,99.26816937651633,143.16253234086244,-43.89298601682443,-0.04885464131022722,-2.0647068057359266,2.1121844995244308,0.0,4.263256414560601e-14
2021-05-09,66.97,99.71631477986425,143.16253234086244,-43.899472919854276,-0.04897816043033632,-1.8165449384193562,2.318778457705785,0.0,-1.4210854715202004e-14
2021-05-10,99.18,97.74568326401317,143.16253234086244,-46.50110602098961,0.18495372647432884,-1.550666778668651,2.4499699963346617,0.0,0.0
2021-05-11,127.34,99.9744174753039,143.16253234086244,-43.99869038684928,-0.03980092867798142,-1.505002112247325,2.35537856221603,0.0,1.4210854715202004e-14
2021-05-12,81.66,99.6924426638763,143.16253234086244,-43.905930001322496,-0.05338249703423817,-1.8414136511539307,2.3306364725245143,0.0,0.0
2021-05-13,71.7,99.88920619350854,143.16253234086244,-43.51279238097981,-0.03111250953383561,-2.0594255207511036,2.330004263910826,0.0,2.842170943040401e-14
2021-05-14,111.39,99.67380816345863,143.16253234086244,-43.85730334744122,-0.02031181094720226,-1.9330494672497847,2.3219404482343706,0.0,2.842170943040401e-14
2021-05-15,70.77,99.70745264969929,143.16253234086244,-43.89828504028405,-0.026911679634537708,-1.8486204414084988,2.3187374701639296,0.0,0.0
2021-05-16,78.26,98.78801826373514,143.16253234086244,-44.969576875523465,-0.04829956889847617,-1.689957673334264,2.333320040628915,0.0,-1.4210854715202004e-14
2021-05-17,71.24,99.29827796752468,143.16253234086244,-44.56120070077827,-0.04698066860660029,-1.6303328574897664,2.3742598535368655,0.0,2.842170943040401e-14
2021-05-18,131.46,99.19670889265302,143.16253234086244,-44.86836435740349,0.07510663678114067,-1.5507733715373977,2.37820764395036,0.0,-2.842170943040401e-14
2021-05-19,105.97,99.66099473771203,143.16253234086244,-44.21472975994697,-0.06856023786871898,-1.589509565175386,2.371261959840667,0.0,0.0
2021-05-20,104.58,99.99471111208682,143.16253234086244,-43.32765924749376,-0.09785319634658945,-2.0521873451602706,2.3098785602249707,0.0,2.842170943040401e-14
2021-05-21,110.48,99.85147983554548,143.16253234086244,-43.46532358607846,-0.07471460995955163,-2.1158887571509655,2.344874447871962,0.0,4.263256414560601e-14
2021-05-22,97.33,100.15903443776972,143.16253234086244,-43.62247871545313,-0.041896950113898324,-1.69478249909129,2.3556602615655735,0.0,2.842170943040401e-14
2021-05-23,123.45,100.2281977856964,143.16253234086244,-43.72519663150245,-0.07248604519221463,-1.5149238489029542,2.378271970431552,0.0,1.4210854715202004e-14
2021-05-24,113.46,100.22286802193625,143.16253234086244,-43.99882396314227,-0.007973109486259539,-1.327238924097535,2.394371677799861,0.0,1.4210854715202004e-14
2021-05-25,75.17,100.17750844612817,143.16253234086244,-43.744091212139516,0.047152109606043505,-1.6398391617900192,2.351754369589184,0.0,4.263256414560601e-14
2021-05-26,118.69,100.21555344908231,143.16253234086244,-43.70743264747438,0.29115613513534966,-1.877875070926346,2.347172691485178,0.0,5.684341886080802e-14
2021-05-27,116.41,100.38393781229355,143.16253234086244,-43.596451212808525,0.21331125202224688,-1.7101249258429456,2.3146703580602908,0.0,4.263256414560601e-14
2021-05-28,106.42,100.42044860104863,143.16253234086244,-46.597326135819536,2.602676068988443,-0.9844337131694293,2.237000040186693,0.0,2.842170943040401e-14
2021-05-29,80.45,100.2776113226585,143.16253234086244,-44.142973197286814,-0.0341923869815334,-1.0142244062665386,2.306468972330926,0.0,1.4210854715202004e-14
2021-05-30,100.11,100.12874686245851,143.16253234086244,-43.74200745079092,-0.047031176004116645,-1.576043039760812,2.3312961881518985,0.0,2.842170943040401e-14
2021-05-31,113.69,100.11744133636259,143.16253234086244,-43.308312813482004,-0.022334379582940253,-2.023068610746269,2.30862479931132,0.0,5.684341886080802e-14
2021-06-01,115.29,100.4748577590684,143.16253234086244,-43.433856615420396,-0.052425596597686364,-1.526873211300758,2.3254808415247803,0.0,1.4210854715202004e-14
2021-06-02,108.6,100.79270579316115,143.16253234086244,-43.582573315800914,0.11527372385882197,-1.3142442377583605,2.4117172819991697,0.0,-1.4210854715202004e-14
2021-06-03,113.0,100.6267858551147,143.16253234086244,-43.59581058219817,0.07518067987353381,-1.335234110248726,2.3201175268256264,0.0,0.0
2021-06-04,90.15,100.65317294516294,143.16253234086244,-43.53535141914299,-0.08242256015203088,-1.090826040939544,2.1992406245350438,0.0,2.842170943040401e-14
2021-06-05,85.49,100.31714373786126,143.16253234086244,-44.07198901587062,-0.05307267987240753,-0.8490427218930874,2.1287158146349023,0.0,2.842170943040401e-14
2021-06-06,137.15,100.82711069376539,143.16253234086244,-43.54272262698989,-0.015090894569891655,-0.8685718813632795,2.090963755825999,0.0,1.4210854715202004e-14
2021-06-07,121.85,105.60596950117645,143.16253234086244,-39.1844135697274,0.19059754566126916,-0.8581976156041535,2.295450799984233,0.0,5.684341886080802e-14
2021-06-08,123.02,101.64329183712616,143.16253234086244,-43.10740644937558,0.1872024972679938,-0.6863753481648611,2.087338796536136,0.0,2.842170943040401e-14
2021-06-09,75.55,102.19689363297168,143.16253234086244,-41.9908268271816,-0.006316041739191286,-1.03386604767784,2.0653702087078756,0.0,-1.4210854715202004e-14
2021-06-10,109.48,100.6540495804763,143.16253234086244,-42.62481671196642,-0.16551310102657463,-1.624596805274705,1.9064438578814864,0.0,7.105427357601002e-14
2021-06-11,113.2,100.47828842462273,143.16253234086244,-42.3824259336514,-0.11774177317451734,-1.9369696158581828,1.7528934064443549,0.0,2.842170943040401e-14
2021-06-12,78.63,100.0358098735515,143.16253234086244,-41.90715132963359,-0.1216140293638997,-2.24871497509672,1.150757866783236,0.0,2.842170943040401e-14
2021-06-13,92.32,100.45241301866285,143.16253234086244,-41.883502420125744,0.10940905129160129,-1.9912107889296962,1.0551848355641624,0.0,9.947598300641403e-14
2021-06-14,111.99,100.4654798290967,143.16253234086244,-41.809440842963106,-0.11216309895896522,-1.895403880226717,1.1199553103829776,0.0,5.684341886080802e-14
2021-06-15,85.15,100.53382205090227,143.16253234086244,-41.03580317839479,-0.19108826427842876,-1.687901228494565,0.2860823812075372,0.0,8.526512829121202e-14
2021-06-16,87.12,100.27208238353744,143.16253234086244,-40.94560972634099,-0.20481106642422123,-1.603442653726796,-0.13658651083305012,0.0,4.263256414560601e-14
2021-06-17,101.64,100.34591183696212,143.16253234086244,-40.74503482609164,-0.19797352122840367,-1.7449188345752824,-0.12869332200506028,0.0,7.105427357601002e-14
2021-06-18,75.15,99.92693062061187,143.16253234086244,-41.5194098892968,-0.2248886611041357,-1.4730864949636482,-0.01821667488602125,0.0,2.842170943040401e-14
2021-06-19,131.53,100.35786311467186,143.16253234086244,-41.37866142308306,-0.23147240885466505,-1.263368760074377,0.0688333658214603,0.0,5.684341886080802e-14
2021-06-20,117.42,100.55504293106347,143.16253234086244,-41.14113058246928,-0.18444456996951414,-1.3460660054091822,0.0641517480489564,0.0,5.684341886080802e-14
2021-06-21,85.27,100.76029822928311,143.16253234086244,-41.044877088589665,-0.28331310210813043,-1.1527721084086016,0.0787281875269959,0.0,5.684341886080802e-14
2021-06-22,81.91,100.48689568200187,143.16253234086244,-40.93757455040022,-0.3478810898152481,-1.4089434788625492,0.01876246021742195,0.0,1.4210854715202004e-14
2021-06-23,116.85,100.68215792659863,143.16253234086244,-41.177683804640026,-0.18256268288479133,-1.07900024997901,-0.04112767675999008,0.0,1.4210854715202004e-14
2021-06-24,120.36,100.81871794470233,143.16253234086244,-40.89452981530067,-0.2363696600501273,-1.2300908308703917,0.017175910061078294,0.0,1.4210854715202004e-14
2021-06-25,90.66,100.44069150023037,143.16253234086244,-41.0897219032336,-0.13510144159723173,-1.4616834509469685,-0.035334044854297836,0.0,2.842170943040401e-14
2021-06-26,118.99,100.78175833514912,143.16253234086244,-40.980954553783654,-0.03834409963362878,-1.400839696779117,0.039364344483077844,0.0,0.0
2021-06-27,92.23,101.1073374407703,143.16253234086244,-41.19467996075334,0.2274372932344122,-1.0553303960564706,-0.032621836516765146,0.0,2.842170943040401e-14
2021-06-28,126.2,101.08347167689952,143.16253234086244,-41.4901703534226,0.16618100490671212,-0.6293208853668926,-0.1257504300801792,0.0,4.263256414560601e-14
2021-06-29,117.88,100.65723577751656,143.16253234086244,-41.55704641259893,0.061407255054812954,-0.8890681973979992,-0.12058920840379107,0.0,2.842170943040401e-14
2021-06-30,123.29,100.76137863297468,143.16253234086244,-41.73727607951295,-0.02230673326872548,-0.4206613746361582,-0.22090952046993267,0.0,1.4210854715202004e-14
2021-07-01,37.25,100.04144268462309,143.16253234086244,-40.513463517772564,-0.30247986268078486,-1.63607409755518,-0.6690721782308212,0.0,0.0
2021-07-02,51.28,74.59219210588095,143.16253234086244,-65.92175971322526,-0.13078906624909387,-2.082341838101301,-0.43544961740583094,0.0,0.0
2021-07-03,57.08,54.28588464289812,143.16253234086244,-86.93589643745952,0.275105176955917,-1.9773815656012754,-0.23847487185948274,0.0,3.552713678800501e-14
2021-07-04,50.94,48.37813334743353,143.16253234086244,-92.50078662551596,0.4374874444759081,-1.9704053455150359,-0.7506944668739459,0.0,1.2789769243681803e-13
2021-07-05,24.98,47.81869752211585,143.16253234086244,-93.08226771281271,0.4570433514260538,-1.8299328951405933,-0.8886775622194321,0.0,7.815970093361102e-14
2021-07-06,63.23,46.98066877616882,143.16253234086244,-94.03194645255408,0.38215444383326974,-1.6388486813351801,-0.8932228746377178,0.0,7.815970093361102e-14
2021-07-07,39.97,47.131172658284505,143.16253234086244,-93.87800437079335,0.35510214922652117,-1.555141202791068,-0.9533162582201358,0.0,9.237055564881302e-14
2021-07-08,35.87,47.18612291685168,143.16253234086244,-94.1759576191242,0.5121143590726566,-1.6163209129873575,-0.696245250971917,0.0,6.394884621840902e-14
2021-07-09,47.41,48.387725841359185,143.16253234086244,-93.4621155911431,0.42956837908686973,-1.847791979116494,0.1055326916694134,0.0,5.684341886080802e-14
2021-07-10,53.48,48.436994925598455,143.16253234086244,-93.29349155533124,0.3425322732980359,-2.0315515603144725,0.2569734270836335,0.0,5.684341886080802e-14
2021-07-11,29.01,47.43091402273258,143.16253234086244,-94.14528550055877,0.3692032265384312,-1.683848924622317,-0.27168711948727137,0.0,5.684341886080802e-14
2021-07-12,61.9,46.9074985117298,143.16253234086244,-94.26224414626954,0.34010997953874583,-1.720570991582073,-0.6123286708198934,0.0,1.1368683772161603e-13
2021-07-13,54.33,46.66702798045305,143.16253234086244,-94.19313620328168,0.2822407346320189,-1.8221909333136765,-0.7624179584461486,0.0,1.0658141036401503e-13
2021-07-14,61.31,46.71613924370362,143.16253234086244,-93.98189622947045,0.22149475583115835,-1.9112560112896553,-0.7747356122300151,0.0,1.4210854715202004e-13
2021-07-15,47.24,46.0282515271386,143.16253234086244,-94.14783908681349,-0.346765844985748,-1.7100226139665513,-0.9296532679581236,0.0,9.237055564881302e-14
2021-07-16,34.3,44.906958415292465,143.16253234086244,-94.38917840022603,-0.9422583423974844,-1.6701896448610516,-1.253947538085493,0.0,8.526512829121202e-14
2021-07-17,61.82,44.80965467968563,143.16253234086244,-94.56288569273038,-0.9888348820689068,-1.5250705296114602,-1.2760865567661313,0.0,4.973799150320701e-14
2021-07-18,51.7,44.85030813596755,143.16253234086244,-94.99179289032031,-0.9966160581207495,-1.3366297966993521,-0.9871854597544686,0.0,0.0
2021-07-19,32.88,44.474982947485245,143.16253234086244,-95.21150349300274,-1.2002499814881937,-1.22277607675641,-1.0530198421298913,0.0,2.842170943040401e-14
2021-07-20,28.13,44.47325501566482,143.16253234086244,-95.41650958189801,-0.7995975408016278,-1.2149661922082429,-1.2582040102897452,0.0,0.0
2021-07-21,31.9,44.812749592198664,143.16253234086244,-95.90195865086977,-0.6909363908133064,-1.282149289110633,-0.4747384178700884,0.0,2.1316282072803006e-14
2021-07-22,51.33,45.160255967708856,143.16253234086244,-95.54995881262974,-0.9434470282004905,-1.2364852484367235,-0.27238528388661065,0.0,-2.1316282072803006e-14
2021-07-23,50.89,44.64771395646484,143.16253234086244,-95.8676182741932,-0.9544324978404228,-1.125364774375299,-0.5674028379887248,0.0,5.684341886080802e-14
2021-07-24,31.02,44.16182234792158,143.16253234086244,-96.502892782681,-0.9163426948162117,-0.6896219008792772,-0.8918526145644321,0.0,4.973799150320701e-14
2021-07-25,33.55,44.03083060946996,143.16253234086244,-96.47975264023277,-0.8089316196707448,-0.8441712679333004,-0.9988462035556736,0.0,1.4210854715202004e-14
2021-07-26,52.36,48.16797128125521,143.16253234086244,-95.2764861772121,1.551457950459519,-0.43353508472106755,-0.8359977481335746,0.0,7.105427357601002e-15
2021-07-27,37.7,44.66994979006927,143.16253234086244,-96.89982935133007,-0.6510947154179352,-0.05362224557593341,-0.8880362384692381,0.0,1.4210854715202004e-14
2021-07-28,61.67,44.344265320349926,143.16253234086244,-96.8469738505836,-0.7069547654241668,-0.15940676224959643,-1.1049316422552036,0.0,6.394884621840902e-14
2021-07-29,46.34,44.48905966183442,143.16253234086244,-96.66649495825615,-0.56672977021754,-0.2833823161754641,-1.1568656343789359,0.0,5.684341886080802e-14
2021-07-30,34.05,44.42569861287546,143.16253234086244,-97.38344878554447,-0.2611611154315746,-0.15612272938480615,-0.9361010976261617,0.0,3.552713678800501e-14
2021-07-31,29.08,44.83973001254615,143.16253234086244,-97.35840964553165,0.057150691395161934,-0.0596183762634729,-0.9619249979163431,0.0,7.105427357601002e-15
2021-08-01,60.87,44.57054117623319,143.16253234086244,-98.2917385606375,0.7805931916402475,-0.10246237932161882,-0.978383416310406,0.0,2.842170943040401e-14
2021-08-02,56.64,44.68105431760192,143.16253234086244,-98.24993969653765,0.9354623531103162,-0.15837375427358602,-1.008626925559599,0.0,0.0
2021-08-03,49.93,44.80731813408491,143.16253234086244,-98.2317059148362,0.7797738762720026,-0.12893881504947274,-0.7743433531638407,0.0,-2.842170943040401e-14
2021-08-04,42.97,44.84251644100495,143.16253234086244,-98.3217092197183,0.876739760059708,-0.1177931356086901,-0.7572533045902013,0.0,7.105427357601002e-15
2021-08-05,41.09,44.554921513295014,143.16253234086244,-98.35904916799869,0.8878414373495495,-0.2656917508411216,-0.8707113460772291,0.0,7.105427357601002e-14
2021-08-06,55.88,44.2729128436444,143.16253234086244,-98.7721647881121,1.002290560989302,-0.008969016907861397,-1.1107762531874574,0.0,4.973799150320701e-14
2021-08-07,59.28,44.28128513600097,143.16253234086244,-99.04035843123067,0.8397161657052434,0.26958210172573666,-0.9501870410617765,0.0,7.105427357601002e-15
2021-08-08,33.19,44.46279580308962,143.16253234086244,-99.21006994368345,0.7691131213904083,0.6091225818095686,-0.8679022972893585,0.0,1.4210854715202004e-14
2021-08-09,47.19,44.52996316446673,143.16253234086244,-99.37625913022859,0.848778430732918,0.7813736536809098,-0.8864621305809858,0.0,2.1316282072803006e-14
2021-08-10,40.97,44.284551982151555,143.16253234086244,-99.35603891798034,0.4578158076512967,0.9222716900970941,-0.9020289384789373,0.0,0.0
2021-08-11,32.07,44.47058396734804,143.16253234086244,-99.29771428845784,0.754093597292819,1.0821523627255976,-1.2304800450750208,0.0,4.973799150320701e-14
2021-08-12,41.34,44.29889662739616,143.16253234086244,-98.95027543588039,0.6004150458076829,0.7477391359994352,-1.2615144593930896,0.0,7.105427357601002e-14
2021-08-13,47.35,44.27341218750958,143.16253234086244,-98.12550639393719,0.5804511736932203,0.15591648886066772,-1.4999814219696141,0.0,4.263256414560601e-14
2021-08-14,27.84,44.713719274960106,143.16253234086244,-98.057264464078,1.014769104235832,-0.26378717095864135,-1.1425305351015993,0.0,6.394884621840902e-14
2021-08-15,60.68,45.846245174246825,143.16253234086244,-97.05260481791038,1.5634094268694176,-0.7822792644424919,-1.0448125111321866,0.0,3.552713678800501e-14
2021-08-16,37.94,46.0544283112242,143.16253234086244,-96.98665995055673,1.9944610072607576,-0.9746110163267697,-1.1412940700155068,0.0,1.4210854715202004e-14
2021-08-17,62.63,46.95213965783771,143.16253234086244,-96.40615029097556,1.6772850006659372,-0.7087022365851648,-0.7728251561299605,0.0,2.1316282072803006e-14
2021-08-18,49.35,47.325148210977865,143.16253234086244,-96.69868576206996,1.3373027790916296,-0.500955856705061,0.02495470979876628,0.0,4.973799150320701e-14
2021-08-19,58.82,51.44655065316987,143.16253234086244,-95.66325954652436,3.7278359544859025,0.15681810459351017,0.06262379975237777,0.0,7.105427357601002e-15
2021-08-20,57.99,46.782935083590644,143.16253234086244,-97.16276853076161,1.1432199026406626,-0.1331846405963816,-0.2268639885545015,0.0,2.842170943040401e-14
2021-08-21,58.26,45.65525725489368,143.16253234086244,-97.73791677868877,1.4965771025518009,-0.42892027238215935,-0.8370151374496676,0.0,3.552713678800501e-14
2021-08-22,48.89,45.15708020332054,143.16253234086244,-97.7413779723193,1.2046590134224568,-0.6337548782915534,-0.8349783003535021,0.0,-7.105427357601002e-15
2021-08-23,36.65,44.55424050214072,143.16253234086244,-97.82224779095371,0.7883918898593667,-0.8001272152767107,-0.7743087223507278,0.0,6.394884621840902e-14
2021-08-24,26.65,44.39711641148706,143.16253234086244,-97.73457775948995,0.6100679332289811,-0.8540887175648403,-0.7868173855495659,0.0,0.0
2021-08-25,40.57,43.868809549146235,143.16253234086244,-98.57145335087155,0.7237840224372418,-0.5437008019255958,-0.9023526613563043,0.0,0.0
2021-08-26,46.53,44.675631704625175,143.16253234086244,-97.62947807245301,0.6838470715767683,-0.9568242999063867,-0.584445335454698,0.0,7.105427357601002e-14
2021-08-27,47.98,44.237027634940034,143.16253234086244,-97.39628999254688,0.9224371715670072,-1.5204414954681411,-0.9312103894743923,0.0,0.0
2021-08-28,23.54,44.246998380386685,143.16253234086244,-97.4942442581219,1.151977852383891,-1.7688155760409974,-0.8044519786967231,0.0,-4.263256414560601e-14
2021-08-29,25.75,44.80482983130004,143.16253234086244,-98.11784511430204,1.055805573046912,-0.824769394882105,-0.4708935734251676,0.0,1.4210854715202004e-14
2021-08-30,40.5,45.68764057667207,143.16253234086244,-97.99427899596188,0.8630857548633556,-0.461501246319756,0.1178027232279302,0.0,-1.4210854715202004e-14
2021-08-31,59.6,45.19931321175838,143.16253234086244,-98.16585458916123,0.9275607634645822,-0.4553802410269457,-0.2695450623804212,0.0,-5.684341886080802e-14
2021-09-01,60.54,45.16947366723298,143.16253234086244,-97.5613056219881,0.7521247035920453,-0.9823445750633529,-0.20153318017004063,0.0,-1.4210854715202004e-14
2021-09-02,42.43,45.26216492176625,143.16253234086244,-97.59471867461268,0.6618666832598428,-0.7889480476482682,-0.17856738009508152,0.0,-2.1316282072803006e-14
2021-09-03,40.17,44.994845806247724,143.16253234086244,-98.11671213935287,0.7421619200904068,-0.3539020610325233,-0.4392342543197515,0.0,2.842170943040401e-14
2021-09-04,31.12,45.0250100310419,143.16253234086244,-98.26647734584682,0.9472589386124453,-0.017420894854996122,-0.8008830077311668,0.0,0.0
2021-09-05,30.67,43.92942302342603,143.16253234086244,-98.65618105133817,0.7412141096350402,-0.06811073643146347,-1.250031639301799,0.0,-2.1316282072803006e-14
2021-09-06,37.55,44.98056509499854,143.16253234086244,-98.41246854474339,1.1719035767510801,0.1552216301343827,-1.096623908005982,0.0,1.4210854715202004e-14
2021-09-07,60.8,44.66386461153329,143.16253234086244,-98.92898425132647,0.8832281720940446,0.5325110613143185,-0.9854227114110767,0.0,2.1316282072803006e-14
2021-09-08,60.83,44.95952918788797,143.16253234086244,-98.15761202707269,0.9630983531024393,0.15680884492806219,-1.1652983239322516,0.0,-3.552713678800501e-14
2021-09-09,60.08,46.585067347913395,143.16253234086244,-97.80154859287869,1.7473519418043515,0.3232733414373734,-0.8465416833121505,0.0,7.105427357601002e-14
2021-09-10,62.4,46.82635958396506,143.16253234086244,-97.25835558179476,1.8740476321504196,-0.1820357568139534,-0.7698290504391191,0.0,2.842170943040401e-14
2021-09-11,58.74,46.34499229421588,143.16253234086244,-97.3673785064725,1.7546828812150952,-0.3563175499856715,-0.8485268714035421,0.0,6.394884621840902e-14
2021-09-12,34.58,44.965435729314166,143.16253234086244,-97.53312788160459,1.4990547974348847,-1.2271925347253678,-0.9358309926532477,0.0,4.263256414560601e-14
2021-09-13,41.85,45.123007677454616,143.16253234086244,-97.48820652367196,1.5065028882176577,-1.1536496837931838,-0.9041713441603476,0.0,2.1316282072803006e-14
2021-09-14,31.06,45.24984693192956,143.16253234086244,-97.82455740336924,1.5260872138052952,-0.7575839998272098,-0.8566312195417354,0.0,7.105427357601002e-15
2021-09-15,38.76,46.33558998405261,143.16253234086244,-97.45353663596836,1.7598915647365236,-0.5512808703828488,-0.5820164151951522,0.0,2.1316282072803006e-14
2021-09-16,26.44,45.204379916276565,143.16253234086244,-97.70949394313968,1.3944637973766494,-0.8881129085770751,-0.7550093702457908,0.0,1.4210854715202004e-14
2021-09-17,63.53,45.3215027080158,143.16253234086244,-97.1653694390885,1.7365538101891271,-1.5661903477467654,-0.8460236562005092,0.0,1.4210854715202004e-14
2021-09-18,38.82,45.704483447305144,143.16253234086244,-96.74385352803448,1.853029075345731,-1.871897886998529,-0.6953265538700684,0.0,4.973799150320701e-14
2021-09-19,29.4,44.93162697378548,143.16253234086244,-96.53268331720224,1.3709498275612784,-1.875484214908185,-1.1936876625278388,0.0,2.1316282072803006e-14
2021-09-20,49.66,45.09098413238664,143.16253234086244,-96.72473988029765,1.1104752482672886,-1.6145219454619235,-0.8427616309835667,0.0,2.842170943040401e-14
2021-09-21,49.98,45.24785225020183,143.16253234086244,-96.9328413064977,1.339462841020064,-1.423279352833231,-0.8980222723497202,0.0,-1.4210854715202004e-14
2021-09-22,46.47,45.89112202407539,143.16253234086244,-96.50472798184363,1.3862389787306149,-1.4862513225636655,-0.666669991110324,0.0,-4.973799150320701e-14
2021-09-23,57.15,46.64869890683491,143.16253234086244,-96.17174768698368,1.1787937334670517,-1.3993371231241005,-0.12154235738679593,0.0,0.0
2021-09-24,54.63,46.7867142543062,143.16253234086244,-96.32158292268329,1.493476218722592,-1.211269160495663,-0.33644222209990005,0.0,2.1316282072803006e-14
2021-09-25,46.45,45.662939911674215,143.16253234086244,-96.91878302622803,1.5275887748092603,-1.1599055329074623,-0.9484926448619754,0.0,-2.842170943040401e-14
2021-09-26,29.75,45.4681256084238,143.16253234086244,-97.69285172151659,1.6238588116655617,-0.5611726497583566,-1.0642411728292558,0.0,7.105427357601002e-15
2021-09-27,47.18,46.398715974276826,143.16253234086244,-97.16494444747036,2.23603857562801,-0.48158221190593853,-1.3533282828372968,0.0,-2.842170943040401e-14
2021-09-28,46.16,48.7957133804749,143.16253234086244,-96.73236420404966,3.7337804039527502,-0.43879062541029035,-0.9294445348803543,0.0,2.1316282072803006e-14
2021-09-29,31.85,49.48192972283365,143.16253234086244,-96.54866523029999,4.02233404200405,-0.35978061457428356,-0.7944908151585677,0.0,-7.105427357601002e-15
2021-09-30,40.6,66.08573099142221,143.16253234086244,-89.99039457194743,14.525306739224412,-0.7715987048606933,-0.8401148118565702,0.0,4.263256414560601e-14
2021-10-01,181.47,72.84904007736156,143.16253234086244,-87.82517897312029,16.129583141481593,0.6043941666792707,0.7777094014584283,0.0,1.2789769243681803e-13
2021-10-02,202.4,164.74402569125243,143.16253234086244,13.146849470022541,8.471711523308896,1.0398622707581646,-1.076929913699532,0.0,-8.526512829121202e-14
2021-10-03,160.05,168.73649926882524,143.16253234086244,20.629362814152948,5.5429633191896395,0.14606432875809128,-0.74442353413784,0.0,-2.842170943040401e-14
2021-10-04,216.25,172.50353794247482,143.16253234086244,26.96571582771157,2.4680702381851876,0.19021648184376852,-0.28299694612804055,0.0,-1.1368683772161603e-13
2021-10-05,135.97,169.0810257482904,143.16253234086244,25.205320043083482,1.9521678316794606,-0.3427149539390989,-0.896279513395781,0.0,-1.1368683772161603e-13
2021-10-06,117.63,167.13873809776658,143.16253234086244,23.058228817912934,1.9512496068775962,0.03439548838702922,-1.0676681562733286,0.0,-8.526512829121202e-14
2021-10-07,216.75,168.62612337068748,143.16253234086244,22.405046785059305,3.2610825327759105,0.44587656859246994,-0.648414856602554,0.0,-8.526512829121202e-14
2021-10-08,187.97,173.34760612896883,143.16253234086244,28.477833553875644,2.5259845897380626,0.22096878021383956,-1.0397131357211649,0.0,0.0
2021-10-09,144.29,171.34675426621595,143.16253234086244,27.76917043789313,1.6178035663014398,0.2337509650759398,-1.4365030439169628,0.0,-2.842170943040401e-14
2021-10-10,112.6,169.93287470116582,143.16253234086244,26.860076894377844,1.3830591048765415,0.16636877528797722,-1.6391624142389987,0.0,0.0
2021-10-11,219.63,171.22804228943508,143.16253234086244,26.144149529380496,2.1883366220049374,0.47555736597117226,-0.7425335687839678,0.0,0.0
2021-10-12,207.25,173.6072119791097,143.16253234086244,28.33495918654488,1.8769875616367908,1.2555276102274784,-1.022794720161898,0.0,0.0
2021-10-13,143.08,171.91744175400177,143.16253234086244,27.797327067392885,1.5355406423547047,0.776562400360471,-1.3545206969687313,0.0,0.0
2021-10-14,186.6,169.942425341217,143.16253234086244,26.034358591639172,1.7275161810224666,0.3487993045359757,-1.3307810768430546,0.0,-2.842170943040401e-14
2021-10-15,111.01,169.7554838295515,143.16253234086244,27.175503912131965,1.2692869940204672,-0.3339535313473327,-1.5178858861160198,0.0,0.0
2021-10-16,184.23,165.98353312843756,143.16253234086244,19.758128566732726,3.1731659184230985,0.23478656977679702,-0.3450802673573576,0.0,-1.4210854715202004e-13
2021-10-17,135.97,168.92278264958804,143.16253234086244,22.92289379373392,2.321157887749024,0.7853199675650159,-0.2691213403223041,0.0,-5.684341886080802e-14
2021-10-18,147.79,165.17714499287675,143.16253234086244,17.729543477792927,3.341544038090935,1.0913059457575083,-0.1477808096269213,0.0,-1.4210854715202004e-13
2021-10-19,146.06,167.9568224054424,143.16253234086244,21.811281792695933,2.867540540632629,0.6728449085463121,-0.5573771772948274,0.0,-8.526512829121202e-14
2021-10-20,171.67,165.41120433172216,143.16253234086244,19.198856705482335,3.7647231757178625,-0.12913889203674195,-0.5857689983037551,0.0,2.842170943040401e-14
2021-10-21,121.6,165.78865174695216,143.16253234086244,20.677805732254086,2.755314015516258,-0.11486499160204103,-0.6921353500785944,0.0,0.0
2021-10-22,167.13,163.75800190631907,143.16253234086244,17.074761474909682,4.023845846041994,-0.2607882413700027,-0.24234951412488878,0.0,-1.7053025658242404e-13
2021-10-23,180.16,168.89654065833327,143.16253234086244,24.75667343986369,2.3798351639394135,-1.0972374547678139,-0.3052628315644971,0.0,2.842170943040401e-14
2021-10-24,132.63,168.43562518397252,143.16253234086244,24.623229947200485,2.186284153725772,-1.0790550309981664,-0.4573662268180176,0.0,0.0
2021-10-25,141.21,167.6486901262003,143.16253234086244,23.523975906302358,2.417065218985697,-1.0387614974776458,-0.41612184247254613,0.0,0.0
2021-10-26,187.19,169.3502165888954,143.16253234086244,25.267693857702653,2.256971462179579,-0.9891639320490434,-0.3478171398002844,0.0,5.684341886080802e-14
2021-10-27,169.82,169.84592005604785,143.16253234086244,26.163264599296845,1.273020526560792,-0.3132370370225469,-0.43966037364970423,0.0,2.842170943040401e-14
2021-10-28,172.17,170.74645292612158,143.16253234086244,26.740141430238975,1.1363288694905278,-0.21326092116882187,-0.07928879330156295,0.0,2.842170943040401e-14
2021-10-29,191.63,170.94192297973743,143.16253234086244,26.69711535760148,0.7792070314876587,-0.5122383595292798,0.8153066093151345,0.0,0.0
2021-10-30,165.45,182.54095717089413,143.16253234086244,34.05752891124145,0.5184366853250757,-0.14006867461101133,4.942527908076435,0.0,-2.5579538487363607e-13
2021-10-31,189.48,202.06262190948027,143.16253234086244,44.057653832332115,0.5692102892419788,-0.08791492771370873,14.361140374757492,0.0,-2.842170943040401e-14
2021-11-01,258.46,211.40460758223963,143.16253234086244,49.63649162796263,1.1192717615724335,-0.17410253768400255,17.660414389525993,0.0,1.4210854715202004e-13
2021-11-02,239.13,251.71631050530488,143.16253234086244,95.2603606879294,1.0651263064304899,-0.37264906823742305,12.600940238319854,0.0,1.1368683772161603e-13
2021-11-03,366.71,281.2303382726481,143.16253234086244,130.88709341534215,1.3344787408696503,-0.252637397302517,6.098871172876379,0.0,0.0
2021-11-04,203.23,281.8493704337668,143.16253234086244,133.75345651599028,1.0974304784848428,-2.3080151140596556,6.143966212488876,0.0,0.0
2021-11-05,317.38,284.0150105378049,143.16253234086244,135.4803402436147,-1.1169648920305235,0.5725872082075458,5.916515637150726,0.0,5.684341886080802e-14
2021-11-06,354.95,291.7275867004957,143.16253234086244,138.94073184742575,1.8734936702565097,0.862642039723087,6.888186802227847,0.0,5.684341886080802e-14
2021-11-07,390.6,293.0642896298981,143.16253234086244,143.12276053770995,1.5948190544956231,-0.2184255000306947,5.402603196860691,0.0,1.1368683772161603e-13
2021-11-08,278.16,278.87247033734633,143.16253234086244,134.15644354630857,-2.25291297039829,-0.8324750653303518,4.638882485904096,0.0,-1.7053025658242404e-13
2021-11-09,199.85,273.2608261170766,143.16253234086244,130.87606394380236,-3.5339764056821665,-1.7572652955911932,4.513471533685252,0.0,-1.1368683772161603e-13
2021-11-10,206.73,271.86836517883387,143.16253234086244,129.6475722221951,-3.0183661882445763,-1.7861493934125452,3.8627761974336856,0.0,-2.2737367544323206e-13
2021-11-11,200.12,264.69184053787245,143.16253234086244,120.72190703825942,-3.0762867383095243,-1.4606649041003306,5.344352801160453,0.0,0.0
2021-11-12,251.71,246.45335090859962,143.16253234086244,88.85914467711488,-0.04583469984173402,0.45971047577628943,14.017798114687745,0.0,-2.842170943040401e-14
2021-11-13,213.53,258.0826831983979,143.16253234086244,110.65874767197654,-1.839414231418771,-1.7754238690937758,7.876241286071559,0.0,-1.1368683772161603e-13
2021-11-14,278.06,277.2493218128543,143.16253234086244,125.82570256027533,0.9588171352313926,-0.5806343862025932,7.882904162687824,0.0,-1.1368683772161603e-13
2021-11-15,298.15,291.9261397004548,143.16253234086244,141.75214331830293,1.8593482655067066,-0.4714922058763206,5.623607981659069,0.0,5.684341886080802e-14
2021-11-16,284.33,292.1580439526465,143.16253234086244,141.55056478926352,1.9213109858988175,-0.3307350742416479,5.854370910863347,0.0,0.0
2021-11-17,325.2,294.39210346396345,143.16253234086244,143.20870740524254,1.7364428877916431,0.3734960701104881,5.910924759956344,0.0,0.0
2021-11-18,368.41,295.62035061306665,143.16253234086244,143.6236050879382,1.33939143095674,1.5727959887787697,5.922025764530706,0.0,-2.2737367544323206e-13
2021-11-19,354.14,294.43491715392213,143.16253234086244,141.76421989732665,1.5553943260978822,2.0343646311793164,5.918405958455965,0.0,-1.1368683772161603e-13
2021-11-20,322.69,293.35377509518423,143.16253234086244,141.65583691904314,1.7581343607297333,1.6735888909611236,5.1036825835878155,0.0,0.0
2021-11-21,342.25,291.74667340133544,143.16253234086244,140.56365918455032,1.1524757889084438,1.8351687458525774,5.032837341161653,0.0,0.0
2021-11-22,321.28,292.7938141215679,143.16253234086244,141.344246970156,1.2433487257035152,2.0924097474869496,4.951276337358994,0.0,-5.684341886080802e-14
2021-11-23,331.56,293.01850084865316,143.16253234086244,141.98515704925654,0.8052155675166434,2.165735483719439,4.899860407298172,0.0,-1.1368683772161603e-13
2021-11-24,376.7,292.5440429328397,143.16253234086244,141.80370351903423,0.7217127079901424,1.9836532353737961,4.872441129579094,0.0,0.0
2021-11-25,268.68,284.95988439251704,143.16253234086244,137.84946197365213,-2.46280959249726,1.6762809972537254,4.734418673246085,0.0,-5.684341886080802e-14
2021-11-26,317.79,284.7794848382023,143.16253234086244,135.93384922734478,-1.8271087012540244,1.8908141155867884,5.61939785566246,0.0,-1.7053025658242404e-13
2021-11-27,243.93,279.61494643859146,143.16253234086244,133.6364848033261,-3.188210953440183,1.5646487922898724,4.439491455553317,0.0,-1.1368683772161603e-13
2021-11-28,216.88,277.88872136440705,143.16253234086244,133.31036214144234,-4.0001005880693015,1.2899920352115248,4.125935434960255,0.0,-2.2737367544323206e-13
2021-11-29,298.71,279.5258522352949,143.16253234086244,134.5723983961597,-3.6818135511259045,1.215192298912747,4.25754275048613,0.0,-2.2737367544323206e-13
2021-11-30,275.3,283.16210947442744,143.16253234086244,137.20970617404095,-3.3050477377058387,2.02626220754598,4.068656489684159,0.0,-2.2737367544323206e-13
2021-12-01,318.5,285.29221909212356,143.16253234086244,137.94290279754148,-3.09726766441815,2.655494690741347,4.628556927396635,0.0,-1.7053025658242404e-13
2021-12-02,231.58,288.42555030233854,143.16253234086244,138.76118226456492,-0.26960332092789674,2.366336180599722,4.405102837239391,0.0,-5.684341886080802e-14
2021-12-03,224.55,285.2008554047607,143.16253234086244,137.47057890259865,-0.4335456834810733,2.682867518670998,2.318422326109748,0.0,-5.684341886080802e-14
2021-12-04,195.63,283.0996681158001,143.16253234086244,136.5797991897713,-1.0671312097151953,2.283851115695826,2.14061667918567,0.0,5.684341886080802e-14
2021-12-05,317.5,283.35920274787276,143.16253234086244,120.786592346218,1.2839490312001294,4.570883494580039,13.555245535012055,0.0,5.684341886080802e-14
2021-12-06,196.23,282.6471253221127,143.16253234086244,136.15618474949255,-0.3127648205208449,-0.11355763773025693,3.75473069000869,0.0,5.684341886080802e-14
2021-12-07,289.88,279.02419062794365,143.16253234086244,127.13618878652099,0.11152321903836995,3.207247537049127,5.406698744472703,0.0,0.0
2021-12-08,261.22,288.4793142891,143.16253234086244,139.30742680015078,0.14558487690562588,2.12827857210791,3.7354916990731746,0.0,5.684341886080802e-14
2021-12-09,307.46,290.45704412174274,143.16253234086244,139.4919731982651,1.5988001170437043,2.5340941542768602,3.669644311294669,0.0,-5.684341886080802e-14
2021-12-10,380.97,292.6444189325451,143.16253234086244,141.28720757710798,1.8345712225770134,3.1753920450479676,3.1847157469498306,0.0,-1.7053025658242404e-13
2021-12-11,262.33,288.12651976373746,143.16253234086244,139.620357030971,1.1627283843141316,2.241376036514012,1.9395259710758228,0.0,5.684341886080802e-14
2021-12-12,275.78,287.3428477868494,143.16253234086244,139.62883147120036,0.7531285098941661,2.283315641677238,1.5150398232153102,0.0,-1.1368683772161603e-13
2021-12-13,330.51,287.7766495893147,143.16253234086244,139.99791221879858,0.9003079796698594,1.9765189168448798,1.7393781331390068,0.0,-5.684341886080802e-14
2021-12-14,222.62,288.34804534242164,143.16253234086244,140.50852172566238,2.8237501991631415,1.7626200532552714,0.0906210234783349,0.0,1.1368683772161603e-13
2021-12-15,281.53,281.7646834506538,143.16253234086244,138.80018418108014,-2.5357328975564504,2.6055628208531276,-0.2678629945852904,0.0,-1.1368683772161603e-13
2021-12-16,206.9,282.28328878453834,143.16253234086244,140.0122635846608,-2.0546214774363385,1.670549825967697,-0.5074354895160345,0.0,-1.7053025658242404e-13
2021-12-17,301.67,291.40451729169445,143.16253234086244,143.97328284172264,1.5038399734548342,3.1313300323018973,-0.36646789664717777,0.0,-1.7053025658242404e-13
2021-12-18,296.46,289.60468243141565,143.16253234086244,144.20155967205028,1.13679699487961,2.2984396029024907,-1.1946461792790597,0.0,-1.1368683772161603e-13
2021-12-19,379.87,292.5126224108536,143.16253234086244,145.79267226675677,1.499682370037547,2.174665021457295,-0.11692958826034118,0.0,-5.684341886080802e-14
2021-12-20,187.91,281.79266164360195,143.16253234086244,139.54844897639495,1.2219205314779777,-1.7940497267487854,-0.3461904783844247,0.0,-2.2737367544323206e-13
2021-12-21,260.52,282.80340423410763,143.16253234086244,138.81653235601584,1.2575920759362667,0.0195318310870784,-0.45278436979382786,0.0,-1.7053025658242404e-13
2021-12-22,245.48,284.89204223146885,143.16253234086244,140.914050009962,0.8976562214218373,0.4815982657185558,-0.5637946064958671,0.0,-1.1368683772161603e-13
2021-12-23,205.28,289.37595003143,143.16253234086244,144.5802293578973,0.9532387863521949,1.4217424194454764,-0.7417928731272393,0.0,-1.7053025658242404e-13
2021-12-24,357.31,289.4768544581469,143.16253234086244,144.20951862780973,1.0233895599222833,1.5659022261121636,-0.4844882965596507,0.0,-1.1368683772161603e-13
2021-12-25,315.43,289.29837122011185,143.16253234086244,143.87621861015143,0.8958807064143773,1.4509307385229793,-0.08719117583929815,0.0,-5.684341886080802e-14
2021-12-26,375.34,290.5983744463155,143.16253234086244,144.46879562480012,1.3869114035788892,2.3850156658469044,-0.8048805887727324,0.0,-1.1368683772161603e-13
2021-12-27,315.79,290.00241518747794,143.16253234086244,144.19640658659802,0.9665289105583558,2.6745153789169476,-0.9975680294575338,0.0,-2.8421709430404007e-13
2021-12-28,339.0,288.52951764243363,143.16253234086244,143.50498656316654,0.6808150890984473,2.2883555952087167,-1.1071719459021994,0.0,-2.8421709430404007e-13
2021-12-29,205.57,287.65817876313446,143.16253234086244,142.8753388620319,0.7750516298020591,1.7006299480680356,-0.8553740176298097,0.0,-1.7053025658242404e-13
2021-12-30,318.36,287.9412176706547,143.16253234086244,142.20081347423883,1.311337351010704,2.052288311754213,-0.7857538072113908,0.0,-1.1368683772161603e-13
2021-12-31,309.91,288.70429278335075,143.16253234086244,143.03406221339216,1.3511813046441592,1.5024196663016731,-0.34590274184956865,0.0,-1.1368683772161603e-13
2022-01-01,262.12,287.5787963507061,143.16253234086244,143.04716457327208,1.852478980481838,0.43170506536596986,-0.915084609276068,0.0,-1.7053025658242404e-13
2022-01-02,275.29,290.40476471668813,143.16253234086244,144.4389725607636,1.585419136759156,1.7232843706536176,-0.5054436923505712,0.0,-1.1368683772161603e-13
2022-01-03,390.95,292.01829521150063,143.16253234086244,145.6284300287818,1.7586844401568815,1.9473457964813998,-0.47869739478186646,0.0,0.0
2022-01-04,301.63,289.7728759460493,143.16253234086244,142.5934346898053,1.932347819189113,1.9957463466366152,0.08881474955605737,0.0,-2.8421709430404007e-13
2022-01-05,239.84,285.52356480814075,143.16253234086244,140.03456439202768,1.4903941128590101,1.5487755748746033,-0.7127016124828481,0.0,-1.7053025658242404e-13
2022-01-06,299.74,289.0001594817539,143.16253234086244,142.19742238740997,1.8214811589504258,3.2100007351179363,-1.3912771405866127,0.0,-2.8421709430404007e-13
2022-01-07,350.38,289.48584406866746,143.16253234086244,143.97688354139882,1.8556851024158822,2.081950856995883,-1.5912077730054486,0.0,-1.1368683772161603e-13
2022-01-08,271.26,288.57037929536085,143.16253234086244,143.2836638040403,2.2985914908625475,0.5675492629182717,-0.7419576033225561,0.0,-1.7053025658242404e-13
2022-01-09,272.98,285.12478933296666,143.16253234086244,141.80289753675902,2.2358497548356873,-1.467341731266576,-0.6091485682238545,0.0,-1.1368683772161603e-13
2022-01-10,276.96,286.3187304444689,143.16253234086244,142.05454426630646,2.20198016903738,-0.4824674562218066,-0.6178588755154718,0.0,-1.1368683772161603e-13
2022-01-11,357.67,292.715166253828,143.16253234086244,146.1063295045382,2.65799520467673,1.2669550928291597,-0.4786458890785147,0.0,0.0
2022-01-12,211.5,285.31804462447354,143.16253234086244,141.73409446553993,2.8841966744219274,-2.0884892505775863,-0.37428960577304,0.0,-1.1368683772161603e-13
2022-01-13,351.68,290.11306170614927,143.16253234086244,142.875845170093,4.022576432711165,0.313253617610185,-0.26114585512718935,0.0,-2.8421709430404007e-13
2022-01-14,213.43,290.36001085811665,143.16253234086244,143.47842013966314,3.589116841748162,0.6079185768395073,-0.4779770409965093,0.0,-1.1368683772161603e-13
2022-01-15,341.99,289.564982191385,143.16253234086244,139.480532860884,4.845056891461347,2.131684854964588,-0.05482475678719248,0.0,-1.7053025658242404e-13
2022-01-16,381.91,293.7914379698939,143.16253234086244,145.0338172700782,4.213689400100754,1.355137240832627,0.02626171801995386,0.0,-1.1368683772161603e-13
2022-01-17,188.72,288.3527393058315,143.16253234086244,140.80266554700776,3.7752054153462007,0.8623700912121373,-0.25003408859704435,0.0,0.0
2022-01-18,321.04,287.760195846828,143.16253234086244,139.32991784778872,3.665598384639739,1.6332467411452527,-0.03109946760806801,0.0,-5.684341886080802e-14
2022-01-19,285.2,283.63407441122996,143.16253234086244,137.89830236326617,3.899796043996014,-0.35426228420842104,-0.972294052686245,0.0,0.0
2022-01-20,210.98,285.7429898165273,143.16253234086244,140.35462574571682,3.353142265452191,-0.6398746598848415,-0.48743587561926793,0.0,-5.684341886080802e-14
2022-01-21,327.57,290.5507379347693,143.16253234086244,141.9278109919882,4.372604701082393,1.1710443721454817,-0.08325447130922004,0.0,5.684341886080802e-14
2022-01-22,234.16,288.9715448380278,143.16253234086244,141.73311506213759,4.461361082345285,-0.24861633840910252,-0.13684730890826458,0.0,-1.7053025658242404e-13
2022-01-23,358.61,294.7931608684377,143.16253234086244,144.4234102683153,5.573995097100052,1.9356302656550897,-0.30240710349507094,0.0,-5.684341886080802e-14
2022-01-24,327.76,293.71125087994676,143.16253234086244,144.68003698343017,5.213597601067868,0.8106941727960719,-0.15561021820970905,0.0,-1.1368683772161603e-13
2022-01-25,337.91,295.4010890524342,143.16253234086244,145.87484102382183,5.063689002697484,1.3994256142488706,-0.09939892919632959,0.0,-1.1368683772161603e-13
2022-01-26,330.71,294.9701875682951,143.16253234086244,145.6945553931925,4.755019826915602,1.6194678813024328,-0.2613878739776418,0.0,-2.2737367544323206e-13
2022-01-27,297.47,295.1957354243767,143.16253234086244,145.9069216157381,4.4503699010450015,1.8107391179575267,-0.13482755122599865,0.0,-3.410605131648481e-13
2022-01-28,254.19,291.54943860024565,143.16253234086244,144.49792394124242,4.2668222717792155,-0.03543407047278865,-0.34240588316547904,0.0,-1.7053025658242404e-13
2022-01-29,283.4,290.48364893312305,143.16253234086244,144.2056296719803,4.2311572202692656,-0.9160672274520979,-0.19960307253675397,0.0,-1.1368683772161603e-13
2022-01-30,319.78,294.67648902563167,143.16253234086244,146.3484582729698,4.623446057088737,0.8277351357257271,-0.28568278101487227,0.0,-1.1368683772161603e-13
2022-01-31,360.99,292.07379333299656,143.16253234086244,145.36008719189286,4.762814000297765,-1.295086033148401,0.0834458330921228,0.0,-2.2737367544323206e-13
2022-02-01,220.69,278.797893658058,143.16253234086244,138.12198948788333,1.9950025859263791,-3.88236132217803,-0.5992694344359221,0.0,-2.2737367544323206e-13
2022-02-02,212.84,276.17469898545096,143.16253234086244,136.90754235051904,1.3008239325691442,-4.679381206723733,-0.5168184317758392,0.0,-1.1368683772161603e-13
2022-02-03,144.14,264.82603386948904,143.16253234086244,131.85195933705458,0.4359496167365191,-9.051731944628447,-1.5726754805358474,0.0,-2.2737367544323206e-13
2022-02-04,182.19,177.03728638164068,143.16253234086244,41.28110715960344,0.5546557350413661,-5.587185116285711,-2.373823737580757,0.0,-8.526512829121202e-14
2022-02-05,113.89,169.26788499908125,143.16253234086244,35.895421725075614,-0.20260341364604623,-6.781177331076009,-2.806288322134698,0.0,-5.684341886080802e-14
2022-02-06,112.85,164.99212078497763,143.16253234086244,27.51408078664919,1.3907279460173252,-4.551566597412916,-2.523653691138263,0.0,-1.4210854715202004e-13
2022-02-07,222.53,174.79106267621808,143.16253234086244,30.268990931547386,4.150348004321878,-1.5797560354816125,-1.2110525650320292,0.0,2.842170943040401e-14
2022-02-08,198.47,177.49709157365163,143.16253234086244,33.539742923500356,3.6977301000951437,-1.3315855553460105,-1.5713282354602134,0.0,-8.526512829121202e-14
2022-02-09,213.66,177.5678611813168,143.16253234086244,34.08682366826057,2.7058953475844176,-0.7899674629226662,-1.5974227124679783,0.0,2.842170943040401e-14
2022-02-10,123.74,176.79315363054965,143.16253234086244,37.50179644713211,1.7979321662771668,-2.577925998639589,-3.0911813250824616,0.0,-2.842170943040401e-14
2022-02-11,150.11,173.20334277141922,143.16253234086244,30.919932606413624,2.4575724276583393,-1.6885901603948985,-1.6481044431203962,0.0,1.1368683772161603e-13
2022-02-12,221.19,174.3311611996297,143.16253234086244,32.71878178268111,2.424210357460411,-2.3744385442163134,-1.5999247371579626,0.0,0.0
2022-02-13,203.75,173.6801252944692,143.16253234086244,34.32968724287829,2.0103015678041984,-3.833687696526634,-1.9887081605490395,0.0,-5.684341886080802e-14
2022-02-14,191.15,176.49907672206297,143.16253234086244,35.886723545038414,1.8944502945629011,-2.6476149597673833,-1.7970144986333139,0.0,-8.526512829121202e-14
2022-02-15,207.15,177.61465045243884,143.16253234086244,36.621936679108885,1.9789928891951258,-1.85254244451053,-2.2962690122169964,0.0,-8.526512829121202e-14
2022-02-16,181.22,177.54293497774972,143.16253234086244,35.83053778011094,2.253883194971637,-1.5239618458703346,-2.180056492324825,0.0,-1.4210854715202004e-13
2022-02-17,131.43,172.03853094684266,143.16253234086244,30.954599907130746,1.5731566670818664,-1.3798366994856894,-2.271921268746661,0.0,-5.684341886080802e-14
2022-02-18,146.06,170.13059736342402,143.16253234086244,27.47469620813458,2.000392348817332,-0.7083048847337281,-1.7987186496565242,0.0,-8.526512829121202e-14
2022-02-19,133.81,170.83774366158664,143.16253234086244,29.193573877421745,1.5868507358565997,-0.8065472203808197,-2.2986660721732264,0.0,-8.526512829121202e-14
2022-02-20,143.03,164.42814310737975,143.16253234086244,21.6279232501352,3.0674556720188253,-1.205689504894995,-2.224078650741581,0.0,-1.4210854715202004e-13
2022-02-21,202.14,170.22473207349947,143.16253234086244,29.20217866504577,2.254961892479212,-2.06540109341977,-2.329539731468149,0.0,-2.842170943040401e-14
2022-02-22,145.86,171.78765973178935,143.16253234086244,32.11528336019833,0.7985919806045088,-2.0719967594088904,-2.2167511904670065,0.0,-2.842170943040401e-14
2022-02-23,195.23,172.75188430043684,143.16253234086244,33.00730585967965,1.166983750414906,-2.3724210710036826,-2.2125165795165374,0.0,5.684341886080802e-14
2022-02-24,164.35,169.9448989763436,143.16253234086244,32.059294918053304,1.202660185507278,-3.382431096778769,-3.0971573713006686,0.0,2.842170943040401e-14
2022-02-25,179.07,173.18756520019699,143.16253234086244,34.009112850647675,1.3572243969056605,-3.459382388605107,-1.881921999613703,0.0,2.842170943040401e-14
2022-02-26,191.21,174.52520968355296,143.16253234086244,34.409681222275665,1.3075383278365231,-2.8151235364440717,-1.5394186709775375,0.0,-5.684341886080802e-14
2022-02-27,204.5,172.08560666573464,143.16253234086244,33.55275493026048,1.1314828583154213,-3.711299389245509,-2.0498640744581444,0.0,-2.842170943040401e-14
2022-02-28,197.6,172.19949051262873,143.16253234086244,33.47469646443152,1.1444475594641146,-3.718264335630296,-1.8639215164990168,0.0,-2.842170943040401e-14
2022-03-01,115.18,170.92558235416908,143.16253234086244,33.11975099923061,0.6560848997719285,-3.9505467239945875,-2.062239161701263,0.0,-5.684341886080802e-14
2022-03-02,110.46,163.80622731120795,143.16253234086244,23.686382798026713,0.8079895997426577,-2.4815913149056668,-1.369086112518046,0.0,-1.4210854715202004e-13
2022-03-03,120.31,140.08719956938904,143.16253234086244,-1.2300630116013525,0.28873727894020285,-1.1262594099275944,-1.0077476288845395,0.0,-1.1368683772161603e-13
2022-03-04,109.88,110.85658584056777,143.16253234086244,-32.268716346107595,1.5640804371604606,-1.129348698681893,-0.47196189266574406,0.0,9.947598300641403e-14
2022-03-05,82.56,108.10817099059506,143.16253234086244,-34.68890576097198,1.294395603795988,-1.1006083405669655,-0.5592428525245104,0.0,8.526512829121202e-14
2022-03-06,118.01,107.42547586419825,143.16253234086244,-35.543928853870256,1.4388266817847744,-1.1548127861035227,-0.4771415184753125,0.0,1.2789769243681803e-13
2022-03-07,103.29,106.49575169360874,143.16253234086244,-36.54987289342941,1.3945352283177739,-1.0442913573863601,-0.467151624755807,0.0,9.947598300641403e-14
2022-03-08,114.55,102.7972247373962,143.16253234086244,-40.98810144278663,1.8430896174986198,-0.8063631335739182,-0.4139326446043551,0.0,4.263256414560601e-14
2022-03-09,106.67,102.69904809826589,143.16253234086244,-41.49704301657479,1.913830806869503,-0.4695804243989165,-0.41069160849239894,0.0,4.263256414560601e-14
2022-03-10,111.28,102.39825345366442,143.16253234086244,-41.82205753374342,1.7174493860766389,-0.2204685806885259,-0.4392021588427532,0.0,4.263256414560601e-14
2022-03-11,119.09,102.63313829580804,143.16253234086244,-41.14567329826983,1.76418780159037,-0.7628372444256297,-0.3850713039493722,0.0,5.684341886080802e-14
2022-03-12,100.21,101.79898442742922,143.16253234086244,-43.597268258120415,4.061021090114289,-1.4065776846784859,-0.4207230607485921,0.0,-1.4210854715202004e-14
2022-03-13,92.73,101.46309791470145,143.16253234086244,-42.172221438081735,1.6082941404093298,-0.7039043446968144,-0.4316027837918016,0.0,2.842170943040401e-14
2022-03-14,77.49,101.50231288691691,143.16253234086244,-41.81932546657726,1.4909957830536564,-0.7869277240522385,-0.5449620463697402,0.0,5.684341886080802e-14
2022-03-15,133.59,102.1350498167132,143.16253234086244,-41.13650538072989,1.4762395179750678,-0.5473247777245465,-0.8198918836698849,0.0,2.842170943040401e-14
2022-03-16,122.17,102.36209371844151,143.16253234086244,-41.10939146796984,1.3960407224941564,-0.4459478438929691,-0.6411400330523164,0.0,4.263256414560601e-14
2022-03-17,126.35,102.02234368551471,143.16253234086244,-40.74102439178863,1.316444188674757,-1.2676521244830115,-0.4479563277508819,0.0,4.263256414560601e-14
2022-03-18,124.23,103.3930318066279,143.16253234086244,-39.20234399598915,1.1890144779814764,-1.291577821457126,-0.4645931947698133,0.0,8.526512829121202e-14
2022-03-19,119.93,102.5936697488953,143.16253234086244,-40.244957910398604,1.225005527314769,-1.0784448917847402,-0.47046531709861905,0.0,4.263256414560601e-14
2022-03-20,92.11,101.56864983086346,143.16253234086244,-41.230774890239346,0.8805535470617404,-0.5657242714395262,-0.6779368953818591,0.0,1.4210854715202004e-14
2022-03-21,116.4,101.05497149514844,143.16253234086244,-41.88082089294853,0.7010656229637685,-0.4624091752318199,-0.465396400497411,0.0,-1.4210854715202004e-14
2022-03-22,89.36,100.77583605170767,143.16253234086244,-41.328878078184715,0.516072703576781,-0.8647109179505225,-0.709179996596372,0.0,5.684341886080802e-14
2022-03-23,71.4,100.90731237661042,143.16253234086244,-40.859845611137736,0.4773770934580528,-1.1709287885976076,-0.7018226579747453,0.0,1.4210854715202004e-14
2022-03-24,118.57,100.9175061447613,143.16253234086244,-40.78261563451998,0.36641173847150293,-1.2817566717746833,-0.5470656282779803,0.0,-1.4210854715202004e-14
2022-03-25,119.92,100.77754198959693,143.16253234086244,-40.49400530039607,0.06660583731426449,-1.3963126875483516,-0.5612782006353702,0.0,1.4210854715202004e-14
2022-03-26,121.99,100.43560063207816,143.16253234086244,-40.45752716879791,0.016067189197611437,-1.5857796998841232,-0.6996920292998419,0.0,-1.4210854715202004e-14
2022-03-27,106.16,100.47266771812072,143.16253234086244,-40.03235878171156,-0.042231578965730286,-1.8652526051155882,-0.7500216569488639,0.0,1.4210854715202004e-14
2022-03-28,73.41,99.79661444060037,143.16253234086244,-40.496499130387505,-0.13175048604649514,-1.94824063783341,-0.789427645994687,0.0,1.4210854715202004e-14
2022-03-29,75.52,99.60853515917141,143.16253234086244,-40.784818960812736,0.07645245132600646,-1.940944363296454,-0.9046863089078986,0.0,4.263256414560601e-14
2022-03-30,68.36,98.9357999812288,143.16253234086244,-41.22673777130124,0.06745094024465585,-2.2204371439896438,-0.8470083845874545,0.0,2.842170943040401e-14
2022-03-31,96.13,98.74202085452481,143.16253234086244,-41.96398300651344,0.1143227554126864,-1.6685959345014492,-0.9022553007354113,0.0,-2.842170943040401e-14
2022-04-01,80.87,99.19754996048601,143.16253234086244,-41.92641614809079,-0.10666273248096539,-1.5402135471923684,-0.391689952612328,0.0,1.4210854715202004e-14
2022-04-02,77.6,99.60554876725907,143.16253234086244,-42.11696647762202,-0.09421093521001801,-1.593388241353667,0.2475820805823135,0.0,1.4210854715202004e-14
2022-04-03,116.74,99.86884735853432,143.16253234086244,-41.64491234167699,-0.5069263073226151,-1.3040153704622934,0.1621690371338049,0.0,-1.4210854715202004e-14
2022-04-04,83.54,99.8718415669944,143.16253234086244,-41.786935707418074,-0.4923661878648682,-1.166403354541265,0.15501447595617263,0.0,0.0
2022-04-05,71.93,100.04437795836613,143.16253234086244,-41.63341174162218,-0.4665058153177388,-1.257293367691855,0.23905654213546482,0.0,0.0
2022-04-06,109.62,99.9669336204564,143.16253234086244,-41.82181481379055,-0.37277456589487507,-1.2019687047146514,0.20095936399404543,0.0,-1.4210854715202004e-14
2022-04-07,71.47,99.56601940664922,143.16253234086244,-41.87108028851348,-0.13978470404888466,-1.7842847660658443,0.19863682441497202,0.0,2.842170943040401e-14
2022-04-08,77.16,99.17883598363447,143.16253234086244,-42.31542083136943,0.1325514696351449,-1.9938745319589057,0.19304753646521972,0.0,0.0
2022-04-09,126.95,99.78279698173509,143.16253234086244,-41.970769548773184,0.08843272161018301,-1.708133248072008,0.21073471610764483,0.0,1.4210854715202004e-14
2022-04-10,89.38,99.41212110124644,143.16253234086244,-42.271034468444654,0.13820980209156417,-1.8289668195919446,0.21138024632905494,0.0,-2.842170943040401e-14
2022-04-11,113.32,100.34864575117531,143.16253234086244,-42.32320216369728,0.8533201855212349,-1.5639065933970389,0.2199019818859271,0.0,2.842170943040401e-14
2022-04-12,66.42,99.87572590118607,143.16253234086244,-41.989551927633066,0.1346151298769308,-1.6705732613587843,0.2387036194385444,0.0,0.0
2022-04-13,127.8,96.76519970693008,143.16253234086244,-45.55248191005436,0.3003827322808641,-1.4947266229564842,0.3494931667975897,0.0,2.842170943040401e-14
2022-04-14,100.69,99.29488293835556,143.16253234086244,-42.45365959822596,-0.02336987130885694,-1.670249217941175,0.27962928496908773,0.0,2.842170943040401e-14
2022-04-15,69.94,98.27156866185175,143.16253234086244,-42.78889635037976,-0.10563124732929666,-1.9695482764288499,-0.02688780487282192,0.0,2.842170943040401e-14
2022-04-16,76.8,98.77436566009473,143.16253234086244,-42.99857677750949,0.12291898337056974,-1.942306449686598,0.42979756305784605,0.0,-2.842170943040401e-14
2022-04-17,75.3,99.09175197359833,143.16253234086244,-42.78301947341093,0.08443968060544045,-2.0207987235940825,0.648598149135458,0.0,1.4210854715202004e-14
2022-04-18,100.08,99.4698934356934,143.16253234086244,-43.84118772498762,0.21298516692321762,-1.6199279159131794,1.5554915688085498,0.0,-1.4210854715202004e-14
2022-04-19,94.48,99.54206174765841,143.16253234086244,-44.47684385316679,0.033884773674259724,-1.4534831177255974,2.2759716040141265,0.0,-2.842170943040401e-14
2022-04-20,90.96,99.6369971983628,143.16253234086244,-44.49098105629718,0.10289709707165039,-1.4579705909768295,2.3205194077027524,0.0,-2.842170943040401e-14
2022-04-21,132.8,99.75646724703861,143.16253234086244,-44.18739384881787,0.11037951750282914,-1.6483483430889356,2.3192975805801583,0.0,0.0
2022-04-22,71.11,99.52128733074906,143.16253234086244,-44.08981199808175,0.10800335883202387,-1.9866017414343051,2.3271653705706346,0.0,2.842170943040401e-14
2022-04-23,90.89,99.48762483821586,143.16253234086244,-44.206716103024384,0.0800289434907435,-1.8219309095157175,2.273710566402791,0.0,-1.4210854715202004e-14
2022-04-24,82.2,99.57835930666174,143.16253234086244,-44.19617928320871,0.06175602743562229,-1.7529291512993281,2.303179372871702,0.0,1.4210854715202004e-14
2022-04-25,116.35,99.70255093960844,143.16253234086244,-44.21294134645427,0.061014009053565674,-1.6884116287506872,2.38035756489739,0.0,0.0
2022-04-26,98.94,99.69544331949024,143.16253234086244,-44.194399235494224,0.21859061883022407,-1.8263688302660297,2.335088425557861,0.0,-4.263256414560601e-14
2022-04-27,124.8,99.84514063757544,143.16253234086244,-44.01249309456468,0.18948286960426258,-1.8220938158841535,2.327712337557598,0.0,-2.842170943040401e-14
2022-04-28,84.73,99.73603979789569,143.16253234086244,-43.94891952614825,0.09675624568411505,-1.920348240350065,2.346018977847447,0.0,0.0
2022-04-29,81.25,99.76409766168823,143.16253234086244,-44.13231060539426,0.12792375285176097,-1.7064310131839644,2.3123831865522906,0.0,-4.263256414560601e-14
2022-04-30,127.16,99.91537238858169,143.16253234086244,-43.99764814563123,0.17014401987287014,-1.7531657728554473,2.3335099463330824,0.0,-2.842170943040401e-14
2022-05-01,93.71,99.86448177485582,143.16253234086244,-44.28839501051228,0.295535795352284,-1.6836329962879673,2.3784416454413697,0.0,-2.842170943040401e-14
2022-05-02,130.99,99.98422185641179,143.16253234086244,-43.98840093778694,0.27103839615021774,-1.8366044465877565,2.375656503773843,0.0,-1.4210854715202004e-14
2022-05-03,98.35,99.61599663592862,143.16253234086244,-43.91736935269593,-0.045136467055951895,-1.9779958568603488,2.393965971678441,0.0,-2.842170943040401e-14
2022-05-04,84.13,99.80875213400319,143.16253234086244,-43.71079445647304,-0.1739113368424518,-1.8658058096700267,2.3967313961262913,0.0,-2.842170943040401e-14
2022-05-05,125.91,99.70283764021066,143.16253234086244,-43.77715357119112,-0.10437113158281076,-1.9682863935965553,2.3901163957187066,0.0,0.0
2022-05-06,71.95,98.96294551613555,143.16253234086244,-44.237846023519474,-0.08547142341084529,-1.8353217707158365,1.9590523929192543,0.0,1.4210854715202004e-14
2022-05-07,122.37,99.01697585602162,143.16253234086244,-44.3041899890842,-0.11644948642762538,-1.6435524317466044,1.9186354224176185,0.0,0.0
2022-05-08,68.92,98.58250007362571,143.16253234086244,-44.611077792934566,-0.09729165005242194,-1.8245477829314465,1.952884958681688,0.0,1.4210854715202004e-14
2022-05-09,73.93,98.15231620132143,143.16253234086244,-45.431887072643136,-0.08758977671443843,-1.4815151800693194,1.9907758898859043,0.0,-1.4210854715202004e-14
2022-05-10,72.0,98.22657087770109,143.16253234086244,-44.817491744653516,-0.0846203473303287,-1.9735838802674848,1.93973450908996,0.0,1.4210854715202004e-14
2022-05-11,108.25,97.89294388578324,143.16253234086244,-45.5621129101298,0.015150478677225201,-1.7462993701293386,2.0236733465026955,0.0,0.0
2022-05-12,114.95,99.03463622630412,143.16253234086244,-44.689167992384995,0.1233266439818987,-1.5084599183131215,1.9464051521579098,0.0,-1.4210854715202004e-14
2022-05-13,65.99,98.92769630651918,143.16253234086244,-44.32457432402468,-0.1024321631380273,-1.784426855553506,1.9765973083729684,0.0,-1.4210854715202004e-14
2022-05-14,76.92,94.45747630671595,143.16253234086244,-48.88956690880352,0.033924079252934836,-2.0101879053310325,2.1607747007351366,0.0,-1.4210854715202004e-14
2022-05-15,75.3,98.6729064282573,143.16253234086244,-44.32856904461078,-0.16189921567445154,-1.974311205481485,1.9751535531615958,0.0,-1.4210854715202004e-14
2022-05-16,87.74,98.41059222717583,143.16253234086244,-44.6979704910018,-0.19389385902272493,-1.8838141625315779,2.023738398869483,0.0,0.0
2022-05-17,93.83,98.77114424875934,143.16253234086244,-44.165450342821416,-0.20105714355401164,-2.0107919455795242,1.9859113398518478,0.0,1.4210854715202004e-14
2022-05-18,85.73,98.86549757015057,143.16253234086244,-43.813823625847306,-0.25884856994716504,-2.2217867424668287,1.997424167549422,0.0,0.0
2022-05-19,116.73,99.77830667691653,143.16253234086244,-43.641019384833534,-0.2653158341708519,-1.853714423513236,2.375823978571717,0.0,-1.4210854715202004e-14
2022-05-20,123.68,99.93602745086726,143.16253234086244,-43.7994737389902,-0.20542826256130164,-1.6491377800534974,2.4275348916098434,0.0,-2.842170943040401e-14
2022-05-21,104.87,99.76956057942226,143.16253234086244,-44.120666779257874,-0.09815285712039715,-1.6161604238486216,2.4420082987867486,0.0,-2.842170943040401e-14
2022-05-22,87.12,99.62053497962017,143.16253234086244,-43.82534277097545,-0.1470290091599988,-1.9489972425775048,2.3793716614707097,0.0,-1.4210854715202004e-14
2022-05-23,105.33,99.7643725524605,143.16253234086244,-43.51535978366388,-0.226392639248656,-2.0313020189489683,2.374894653459578,0.0,-1.4210854715202004e-14
2022-05-24,106.52,99.8539316028377,143.16253234086244,-43.4432978347025,-0.19272594900295045,-2.0531367307774198,2.3805597764581363,0.0,-1.4210854715202004e-14
2022-05-25,78.55,99.88658848068071,143.16253234086244,-43.41764939565496,-0.09086419797379817,-2.1473256492850146,2.379895382732035,0.0,1.4210854715202004e-14
2022-05-26,99.14,100.06165995375135,143.16253234086244,-43.68991814000423,0.07452818627329173,-1.8596142953439156,2.374131861963753,0.0,1.4210854715202004e-14
2022-05-27,71.56,100.00224231232896,143.16253234086244,-44.0017274756921,0.08065962497926984,-1.6102470186705813,2.371024840849937,0.0,0.0
2022-05-28,85.74,99.93249823831373,143.16253234086244,-44.332337390586396,0.17636617093317397,-1.4449530915393276,2.370890208643841,0.0,-1.4210854715202004e-14
2022-05-29,92.74,100.15539793699818,143.16253234086244,-43.68296091397219,0.07873442364874782,-1.7486734348140793,2.345765521273249,0.0,1.4210854715202004e-14
2022-05-30,124.72,100.38269661368113,143.16253234086244,-43.676558847008,0.33789296393592333,-1.8360829097366467,2.3949130656273607,0.0,5.684341886080802e-14
2022-05-31,103.92,100.27046656952342,143.16253234086244,-45.81460106370924,2.545021474390477,-1.9161610407826937,2.293674858762411,0.0,2.842170943040401e-14
2022-06-01,127.94,100.1168000236119,143.16253234086244,-43.41275900949859,0.04178031339943851,-2.03650879117647,2.3617551700250625,0.0,2.842170943040401e-14
2022-06-02,100.78,100.18257589042246,143.16253234086244,-43.45412914081682,-0.011701381366461053,-1.8971072266369688,2.3829812983802565,0.0,1.4210854715202004e-14
2022-06-03,134.75,100.30373283025268,143.16253234086244,-43.180689381340954,-0.01612308696275258,-2.0759298141186506,2.413942771812589,0.0,1.4210854715202004e-14
2022-06-04,120.39,100.22637720975462,143.16253234086244,-43.002829838809824,-0.04134245179010246,-2.0734106498974465,2.1814278093895063,0.0,4.263256414560601e-14
2022-06-05,122.69,100.21129673506962,143.16253234086244,-43.10426032286345,-0.05241749256498529,-1.9700299340740393,2.1754721437096185,0.0,4.263256414560601e-14
2022-06-06,86.47,100.56099364156334,143.16253234086244,-42.627539285420035,-0.10449277674587673,-2.0044951728108993,2.1349885356777123,0.0,0.0
2022-06-07,102.06,99.95993944885424,143.16253234086244,-43.488758775386174,-0.0027366563536076333,-1.8325807810031238,2.1214833207346953,0.0,0.0
2022-06-08,125.54,99.9539788392378,143.16253234086244,-43.35876524200337,-0.13832762461927492,-1.8473562167737803,2.135895581771781,0.0,0.0
2022-06-09,83.05,99.92978193704836,143.16253234086244,-43.035135658644705,-0.22276146213366244,-1.9198015414468266,1.9449482584110926,0.0,1.4210854715202004e-14
2022-06-10,116.51,100.06806397659726,143.16253234086244,-43.05116712583797,-0.19536837883370858,-1.9611084745709364,2.1131756149774255,0.0,0.0
2022-06-11,134.31,100.26931535666239,143.16253234086244,-44.467495043530114,2.202169733991702,-1.9340372889252784,1.3061456142635977,0.0,4.263256414560601e-14
2022-06-12,133.09,100.41454218876044,143.16253234086244,-41.86905382212842,-0.17104411247103202,-1.9529759775579554,1.245083760055374,0.0,2.842170943040401e-14
2022-06-13,103.26,101.86943325618292,143.16253234086244,-39.982985839355734,-0.33099902989082586,-2.025872979819316,1.0467587643863703,0.0,-1.4210854715202004e-14
2022-06-14,95.19,100.86264715499853,143.16253234086244,-40.206935759216634,-0.7710497689673756,-1.9076791934567026,0.5857795357767865,0.0,1.4210854715202004e-14
2022-06-15,93.29,99.95923976015968,143.16253234086244,-41.529846520008654,-0.15773696322670677,-1.8757517527230556,0.36004265525565754,0.0,0.0
2022-06-16,91.48,99.71076678855822,143.16253234086244,-41.203711390699894,-0.14876361997258786,-2.222366116190663,0.12307557455892326,0.0,0.0
2022-06-17,110.48,99.9945311816885,143.16253234086244,-41.11778770476282,-0.1918556812628569,-1.9426970356082474,0.08433926246000653,0.0,-2.842170943040401e-14
2022-06-18,93.66,100.13454860963338,143.16253234086244,-41.02460814514906,-0.12315974603099981,-1.8066734623366494,-0.07354237771241368,0.0,5.684341886080802e-14
2022-06-19,125.56,100.24220707490763,143.16253234086244,-41.051616551767495,-0.12138836916271517,-1.7841709620258566,0.036850617001215204,0.0,4.263256414560601e-14
2022-06-20,94.18,100.1208496946333,143.16253234086244,-41.076060353898605,-0.2686837826964721,-1.6859100633965411,-0.011028446237556368,0.0,2.842170943040401e-14
2022-06-21,96.18,100.20961351525091,143.16253234086244,-41.00124996405207,-0.15970388760182375,-1.8212694965338203,0.02930452257613897,0.0,4.263256414560601e-14
2022-06-22,99.1,100.29271926284159,143.16253234086244,-40.933372463813555,-0.1977470551262424,-1.529102965183367,-0.20959059389775062,0.0,5.684341886080802e-14
2022-06-23,109.41,100.12418766263755,143.16253234086244,-40.70495524608296,-0.2391094699534398,-1.5544919655456506,-0.5397879966428664,0.0,2.842170943040401e-14
2022-06-24,98.12,100.52184054666579,143.16253234086244,-41.05000134075414,-0.1206439680750715,-1.3326440818445542,-0.1374024035229226,0.0,4.263256414560601e-14
2022-06-25,120.94,100.56929270161513,143.16253234086244,-40.894089873772316,-0.0436775907772454,-1.4671475329759838,-0.18832464172178126,0.0,1.4210854715202004e-14
2022-06-26,83.12,100.40684309153747,143.16253234086244,-41.187230234651665,0.19004773866185617,-1.505715338776336,-0.2527914145588386,0.0,0.0
2022-06-27,107.87,100.48976286876247,143.16253234086244,-40.80922121492324,0.00455558783515711,-1.3323569287928936,-0.5357469162189881,0.0,-1.4210854715202004e-14
2022-06-28,129.17,99.8114644686836,143.16253234086244,-41.36846941215703,-0.09241055861675761,-1.4408570283397113,-0.4493308730653781,0.0,2.842170943040401e-14
2022-06-29,116.82,100.76400417302256,143.16253234086244,-40.410466283942256,0.03125438212917098,-1.8052746345333022,-0.21404163149352728,0.0,2.842170943040401e-14
2022-06-30,98.93,99.8986928345894,143.16253234086244,-40.97207016691372,-0.16772250986844942,-1.9752243705545605,-0.14882245893634846,0.0,4.263256414560601e-14
2022-07-01,52.54,99.3650731410314,143.16253234086244,-41.20155180472759,-0.2187019709670318,-1.8752958613309765,-0.5019095628054642,0.0,2.842170943040401e-14
2022-07-02,58.8,74.04107134711852,143.16253234086244,-66.33392919564726,-0.32050943605304544,-1.7706356873365046,-0.6963866747070893,0.0,-2.842170943040401e-14
2022-07-03,31.26,52.282680934687896,143.16253234086244,-88.42762554958117,-0.35091265797606086,-1.3524947233892672,-0.7488184752280607,0.0,2.1316282072803006e-14
2022-07-04,53.55,45.40021989156428,143.16253234086244,-94.56036819764269,-1.0524422782698348,-1.3172227622710913,-0.8322792111146556,0.0,9.947598300641403e-14
2022-07-05,34.83,45.371205793413445,143.16253234086244,-94.6222093468572,-1.1158457362266734,-1.229989631486653,-0.8232818328785448,0.0,9.237055564881302e-14
2022-07-06,62.08,45.88041014150787,143.16253234086244,-94.71582092919652,-0.966711559680131,-1.1002906090512414,-0.49929910142672196,0.0,6.394884621840902e-14
2022-07-07,45.32,46.192096177816474,143.16253234086244,-94.27906999173106,-1.1052145298176677,-1.2698151085634584,-0.31633653293387926,0.0,1.0658141036401503e-13
2022-07-08,47.13,45.90489527104953,143.16253234086244,-94.55450851956148,-0.9305265028893538,-1.2340223286075898,-0.5385797187545754,0.0,9.237055564881302e-14
2022-07-09,65.54,45.5189410826033,143.16253234086244,-94.60777447063579,-1.0319360344918806,-1.2448139015659119,-0.759066851565678,0.0,1.0658141036401503e-13
2022-07-10,60.67,46.90158529056592,143.16253234086244,-93.32846629727777,-1.0515113766473623,-1.4262414340410503,-0.45472794233038366,0.0,4.263256414560601e-14
2022-07-11,44.07,46.27117785213562,143.16253234086244,-94.22609930794884,-0.970709008215776,-1.2222106584937422,-0.4723355140685098,0.0,4.263256414560601e-14
2022-07-12,56.08,45.98106525400193,143.16253234086244,-94.95926412572683,-1.1610611320427517,-0.6933020355080574,-0.3678397935829016,0.0,2.842170943040401e-14
2022-07-13,53.48,45.41622515061792,143.16253234086244,-95.35228934055499,-1.0591822293981898,-0.7051482824316336,-0.6296873378597473,0.0,4.263256414560601e-14
2022-07-14,40.03,44.81932693101076,143.16253234086244,-95.9734475928582,-0.9780319981558582,-0.4495942854836089,-0.9421315333540774,0.0,4.973799150320701e-14
2022-07-15,37.2,44.80599450640296,143.16253234086244,-96.29152046930508,-0.9078188779228155,-0.1904440071595785,-0.9667544800720868,0.0,9.237055564881302e-14
2022-07-16,54.32,44.833634973636144,143.16253234086244,-96.0820164700915,-0.8313792606640878,-0.47891332914512696,-0.9365883073256598,0.0,9.237055564881302e-14
2022-07-17,31.23,44.75065643373425,143.16253234086244,-96.19540732719857,-0.8546692022065485,-0.5444619599665931,-0.8173374177565478,0.0,7.105427357601002e-14
2022-07-18,46.01,44.49650174955357,143.16253234086244,-96.60719711254812,-0.8279656349021798,-0.37046505986053513,-0.8604027839981199,0.0,9.947598300641403e-14
2022-07-19,55.3,44.222535077239016,143.16253234086244,-96.5850595634585,-0.9375463032308768,-0.4777144709999089,-0.9396769259341992,0.0,5.684341886080802e-14
2022-07-20,30.81,44.56401722475487,143.16253234086244,-95.96112883463269,-0.9729911264283135,-0.5543819771134342,-1.1100131779331772,0.0,4.973799150320701e-14
2022-07-21,48.02,44.16669619625346,143.16253234086244,-96.23882069492181,-1.1448831313253245,-0.5942857501789276,-1.017846568182947,0.0,3.552713678800501e-14
2022-07-22,54.26,44.361256926513185,143.16253234086244,-95.95916756389671,-1.2660143358234528,-0.5694846533761955,-1.0066088612529682,0.0,7.815970093361102e-14
2022-07-23,24.31,44.32382017557886,143.16253234086244,-96.63687864997455,-1.1506904444702792,-0.13812876042709032,-0.9130143104117354,0.0,8.526512829121202e-14
2022-07-24,50.75,62.68194992642375,143.16253234086244,-89.79780300116822,10.119087414051384,-0.27088662389556983,-0.5309802034263883,0.0,1.0658141036401503e-13
2022-07-25,30.74,43.95039344171455,143.16253234086244,-97.18146220242929,-0.24398600180427307,-0.7269502607861158,-1.0597404341282868,0.0,7.105427357601002e-14
2022-07-26,50.85,44.09431468851206,143.16253234086244,-96.11262556174336,-0.17080338664546363,-1.8166916197594534,-0.9680970842021575,0.0,4.263256414560601e-14
2022-07-27,37.54,43.82246352157515,143.16253234086244,-96.43942279950865,0.005447827998436336,-1.8862974448212722,-1.019796402955879,0.0,6.394884621840902e-14
2022-07-28,37.53,44.022767914711494,143.16253234086244,-97.01719773170466,0.24351040431581078,-1.6757865467120856,-0.6902905520500731,0.0,5.684341886080802e-14
2022-07-29,22.67,43.954782450070205,143.16253234086244,-96.954681672222,0.028697802554334045,-1.4807180550916788,-0.8010479660328625,0.0,-2.1316282072803006e-14
2022-07-30,54.32,45.30831885973169,143.16253234086244,-97.02094263073886,0.5947851320935966,-1.3237104178486476,-0.10434556463679613,0.0,-3.552713678800501e-14
2022-07-31,39.8,45.653822668310376,143.16253234086244,-96.92144558532996,0.5742935359413842,-1.3305068667604032,0.16894924359697286,0.0,-4.973799150320701e-14
2022-08-01,30.76,44.930106091221504,143.16253234086244,-97.08857619957537,-0.006404876135321647,-0.8972393852781074,-0.24020578865210734,0.0,-2.842170943040401e-14
2022-08-02,50.57,44.36129637325673,143.16253234086244,-97.22018394851054,0.023205035750036435,-0.7243598021124377,-0.8798972527327537,0.0,-2.1316282072803006e-14
2022-08-03,28.9,44.403583944791556,143.16253234086244,-97.70932817531559,0.6361117130475855,-0.6018382167268388,-1.0838937170760314,0.0,-7.105427357601002e-15
2022-08-04,56.08,45.33425697415645,143.16253234086244,-97.53198351629781,0.8755122960758046,-0.37946141092453806,-0.7923427355593906,0.0,-6.394884621840902e-14
2022-08-05,62.09,45.07446808291597,143.16253234086244,-97.61268226214949,0.8320163111462314,-0.4735281569583337,-0.8338701499848801,0.0,0.0
2022-08-06,61.57,45.1644661775577,143.16253234086244,-97.36030844230703,0.9328878698427272,-0.6568325695861196,-0.9138130212543186,0.0,-1.4210854715202004e-14
2022-08-07,53.69,44.681523834254165,143.16253234086244,-97.96821496859688,0.38121312208717817,-0.04421961984119385,-0.8497870402574133,0.0,4.263256414560601e-14
2022-08-08,36.91,44.846391137055036,143.16253234086244,-98.14394908774067,0.634277260982242,0.23938777878083206,-1.0458571558297947,0.0,-2.842170943040401e-14
2022-08-09,63.34,46.86846331392562,143.16253234086244,-97.44456848981767,0.5825859382805922,0.38872675437368326,0.17918677022654644,0.0,3.552713678800501e-14
2022-08-10,22.38,44.209125193045935,143.16253234086244,-98.08402167303626,0.26779416380866494,0.5041936501748564,-1.6413732887637975,0.0,4.263256414560601e-14
2022-08-11,46.49,44.246044616592826,143.16253234086244,-97.84247444102807,0.4472675997921721,0.0866444645292045,-1.6079253475629158,0.0,0.0
2022-08-12,49.92,44.73295935991729,143.16253234086244,-97.55325069096995,0.8301377102970803,-0.30184071773541815,-1.4046192825369546,0.0,8.526512829121202e-14
2022-08-13,51.43,44.35457790138732,143.16253234086244,-97.23640660871224,0.5269439750012908,-0.8125308362180077,-1.2859609695462093,0.0,4.973799150320701e-14
2022-08-14,59.1,44.46938506260036,143.16253234086244,-96.84920444880704,0.5805407848882577,-1.1642917899907206,-1.2601918243526384,0.0,7.815970093361102e-14
2022-08-15,37.94,44.471425149573754,143.16253234086244,-96.53990143045705,0.2910989154264835,-1.176227821944304,-1.2660768543138137,0.0,-7.105427357601002e-15
2022-08-16,61.39,45.39516949310522,143.16253234086244,-95.61783180681927,0.7567574720471468,-1.5821931936082134,-1.3240953193768876,0.0,2.1316282072803006e-14
2022-08-17,36.99,45.47490484008408,143.16253234086244,-95.92042046428016,0.9355181179973981,-1.8136320291539962,-0.8890931253416262,0.0,1.4210854715202004e-14
2022-08-18,40.48,45.94202100956539,143.16253234086244,-95.65568676717776,1.1263375565770102,-2.004486971839283,-0.6866751488570271,0.0,-7.105427357601002e-15
2022-08-19,56.17,44.5872599087492,143.16253234086244,-96.42364994370249,0.4567695544746071,-1.862113680372894,-0.7462783625124717,0.0,1.4210854715202004e-14
2022-08-20,38.59,44.16565530086159,143.16253234086244,-96.61949575229151,0.30464048815617284,-1.5341808632540612,-1.147840912611497,0.0,5.684341886080802e-14
2022-08-21,23.29,44.038991111522634,143.16253234086244,-96.98464702360336,0.4188906586335648,-1.6077890995969468,-0.9499957647730903,0.0,1.4210854715202004e-14
2022-08-22,53.18,44.50923267434893,143.16253234086244,-97.1745659007716,0.4996213395617106,-1.4744293814898854,-0.5039257238137573,0.0,7.105427357601002e-15
2022-08-23,37.62,45.062665545230175,143.16253234086244,-96.79625617419016,0.4556106004611452,-1.4894849320690475,-0.26973628983422776,0.0,2.842170943040401e-14
2022-08-24,38.53,59.815189722149455,143.16253234086244,-91.00740887670194,9.898032959254673,-1.7201944939560525,-0.5177722073097079,0.0,4.263256414560601e-14
2022-08-25,41.93,44.23596183037613,143.16253234086244,-96.43692771589787,0.3455960964095181,-2.04105575993613,-0.7941831310618747,0.0,2.842170943040401e-14
2022-08-26,34.72,44.16505757769597,143.16253234086244,-96.82607134293657,0.2851612059985366,-1.469907462226323,-0.9866571640021077,0.0,-7.105427357601002e-15
2022-08-27,60.48,44.693942402273635,143.16253234086244,-97.17983728406494,0.489954589517016,-1.0566812479025276,-0.7220259961383906,0.0,4.263256414560601e-14
2022-08-28,26.49,44.66875692041088,143.16253234086244,-96.82180900962375,0.38528958437279215,-1.4079073722110906,-0.6493486229895702,0.0,4.973799150320701e-14
2022-08-29,60.14,47.189411072931016,143.16253234086244,-94.98798032140986,0.954049524940712,-1.804150598464623,-0.13503987299773132,0.0,7.815970093361102e-14
2022-08-30,42.4,46.30867422805642,143.16253234086244,-95.53605270631684,1.2809671940155323,-1.8271719194894573,-0.7716006810152825,0.0,2.842170943040401e-14
2022-08-31,46.92,45.43336310081414,143.16253234086244,-96.16773501684062,0.7894959918279573,-1.4319570073283936,-0.9189732077072912,0.0,4.973799150320701e-14
2022-09-01,37.14,45.869906808367794,143.16253234086244,-96.47896195294534,0.8423611195882541,-1.0474846752505562,-0.6085400238870584,0.0,6.394884621840902e-14
2022-09-02,54.94,46.684888136309056,143.16253234086244,-96.37158230284778,1.0711804289694171,-1.3020555150451194,0.12481318437006841,0.0,4.263256414560601e-14
2022-09-03,31.49,47.17566445232313,143.16253234086244,-95.53340615584668,1.171765408833875,-1.4443566021141874,-0.18087053941232198,0.0,0.0
2022-09-04,45.48,62.30533190810363,143.16253234086244,-89.90160935282532,10.235460445198722,-1.3066742967469993,0.11562277161470932,0.0,7.815970093361102e-14
2022-09-05,49.29,61.27318012763028,143.16253234086244,-90.17469107532153,10.42377469751503,-1.485231415931294,-0.6532044194944555,0.0,9.947598300641403e-14
2022-09-06,40.18,46.37585231158085,143.16253234086244,-94.73915373511419,0.8140897367519022,-1.807014581690603,-1.0546014492287776,0.0,9.237055564881302e-14
2022-09-07,33.94,46.2367395059696,143.16253234086244,-94.63943921792537,0.05486592562267363,-1.3783351870950824,-0.9628843554951456,0.0,9.237055564881302e-14
2022-09-08,44.04,46.80164861874105,143.16253234086244,-94.47772694634145,0.3888290079000341,-1.1456296654103748,-1.1263561182696669,0.0,6.394884621840902e-14
2022-09-09,36.83,46.585910980737545,143.16253234086244,-94.59347357154637,0.3737800387223251,-1.1757613354009857,-1.1811664918999405,0.0,7.815970093361102e-14
2022-09-10,53.23,46.56446173022824,143.16253234086244,-93.89760488591868,0.15653098400817816,-1.319203995001182,-1.537792713722556,0.0,3.552713678800501e-14
2022-09-11,26.55,46.38921114130286,143.16253234086244,-94.93398947063122,0.2858125431916092,-1.12299870286943,-1.0021455692506192,0.0,6.394884621840902e-14
2022-09-12,26.22,46.14021105967039,143.16253234086244,-95.68420568689794,0.1548859361075381,-0.7700456382782706,-0.7229558921234154,0.0,4.263256414560601e-14
2022-09-13,34.17,45.778854055189534,143.16253234086244,-95.50053280377745,-0.12954273660515192,-0.8722626910859258,-0.8813400542044276,0.0,3.552713678800501e-14
2022-09-14,62.77,45.5778625423406,143.16253234086244,-94.71370937002192,-0.18783896185788296,-1.5143723226521284,-1.1687491439899502,0.0,2.842170943040401e-14
2022-09-15,31.17,44.74247935683001,143.16253234086244,-94.99390379012621,-0.4663746894414672,-1.851853760780993,-1.1079207436838479,0.0,9.237055564881302e-14
2022-09-16,53.37,44.619712115173904,143.16253234086244,-94.80081322450786,-0.8559805612384164,-1.9684094394450757,-0.9176170004972067,0.0,2.1316282072803006e-14
2022-09-17,44.65,44.34006704092872,143.16253234086244,-95.05976329613013,-0.9021928608946924,-1.9958230640954766,-0.864686078813371,0.0,-4.973799150320701e-14
2022-09-18,30.26,44.037418248342746,143.16253234086244,-95.49928379346386,-0.8801999115358451,-1.7013344151921788,-1.0442959723278336,0.0,1.4210854715202004e-14
2022-09-19,29.34,44.00247882608165,143.16253234086244,-95.8679854174383,-0.8864980279353404,-1.4369854113212226,-0.9685846580859487,0.0,2.1316282072803006e-14
2022-09-20,36.38,43.995030167066616,143.16253234086244,-95.55510110278507,-1.112619149401718,-1.4881536107519702,-1.0116283108570665,0.0,0.0
2022-09-21,28.49,44.440900001998386,143.16253234086244,-95.56033699509679,-1.140427486085669,-1.1465254896475714,-0.874342368034014,0.0,-1.4210854715202004e-14
2022-09-22,38.79,45.458828037716785,143.16253234086244,-94.59032569673924,-1.0709598240885079,-0.9877092612153711,-1.0547095211025408,0.0,0.0
2022-09-23,28.33,44.82847391849216,143.16253234086244,-95.67932919082328,-0.10642075305057379,-1.0031378321928714,-1.5451706463035348,0.0,-2.1316282072803006e-14
2022-09-24,58.3,46.4613934124672,143.16253234086244,-94.19551302913223,0.11605587975033807,-1.0988315394672066,-1.5228502395461512,0.0,1.4210854715202004e-14
2022-09-25,36.43,46.25798187566744,143.16253234086244,-94.1357023636982,0.15031000326191568,-1.451260241858571,-1.4678978629001334,0.0,-1.4210854715202004e-14
2022-09-26,39.14,46.29208581550713,143.16253234086244,-93.86892537935718,0.03306997334925106,-1.5248550098122662,-1.5097361095351276,0.0,7.105427357601002e-15
2022-09-27,30.85,46.66863124069885,143.16253234086244,-93.99979927962238,0.5284975971602136,-1.5113489115944345,-1.5112505061069907,0.0,7.105427357601002e-15
2022-09-28,51.83,47.475856709345315,143.16253234086244,-94.6872648107758,1.533718452759599,-1.3030594527943085,-1.2300698207066432,0.0,3.552713678800501e-14
2022-09-29,62.74,50.32637323311808,143.16253234086244,-94.11048357890594,3.3699593410660316,-0.8393260730085582,-1.2563087968959048,0.0,2.1316282072803006e-14
2022-09-30,49.96,53.29705395093284,143.16253234086244,-94.12592910890196,5.356450673490489,-0.28477825365668347,-0.8112217008614148,0.0,-3.552713678800501e-14
2022-10-01,216.32,77.94457609489208,143.16253234086244,-84.85574386953228,18.942261044997714,0.36976742274844243,0.3257591558157112,0.0,4.263256414560601e-14
2022-10-02,216.93,165.5086640094887,143.16253234086244,15.196377470208276,7.819105569565646,-0.014830847115556302,-0.6545205240319828,0.0,-1.1368683772161603e-13
2022-10-03,128.81,165.14701728843934,143.16253234086244,20.1345398891102,3.6216480855204827,-0.2961568626052135,-1.4755461644485184,0.0,-5.684341886080802e-14
2022-10-04,139.93,165.30311899168225,143.16253234086244,22.141941987844447,2.497170074338492,-0.793874787422467,-1.704650623940542,0.0,-1.1368683772161603e-13
2022-10-05,208.26,169.87368758940974,143.16253234086244,26.328509557552138,2.7981135749187187,-1.4304015884009882,-0.9850662955224924,0.0,-8.526512829121202e-14
2022-10-06,161.39,170.12937207805822,143.16253234086244,27.07808490272483,2.552538414433288,-1.579758413275895,-1.0840251666864582,0.0,2.842170943040401e-14
2022-10-07,175.54,170.43899663210453,143.16253234086244,26.39018729094264,2.757082458170042,-0.9274837965386911,-0.943321661331874,0.0,-2.842170943040401e-14
2022-10-08,171.48,170.98073248202851,143.16253234086244,28.812429624650537,1.701582526995333,-1.3549139853140697,-1.3408980251656983,0.0,-2.842170943040401e-14
2022-10-09,215.35,172.06088700345464,143.16253234086244,28.853993525759744,2.0006826622901115,-0.8811337163372062,-1.0751878091204385,0.0,0.0
2022-10-10,108.04,167.69223611620654,143.16253234086244,26.264949757021817,1.4440052274990818,-1.745029764095555,-1.4342214450813107,0.0,5.684341886080802e-14
2022-10-11,219.23,165.2074275552592,143.16253234086244,20.602785188208593,3.2108626167982486,-0.9339006781417867,-0.8348519124681982,0.0,-1.1368683772161603e-13
2022-10-12,221.18,169.02412710671956,143.16253234086244,24.4805352917022,3.0591383783132353,-0.7050791319512006,-0.9729997722069781,0.0,-1.4210854715202004e-13
2022-10-13,113.94,166.32024478690835,143.16253234086244,22.47103036320451,2.6696062909676725,-0.6242646419337116,-1.3586595661925045,0.0,-5.684341886080802e-14
2022-10-14,129.29,165.94485849297078,143.16253234086244,21.55351231145137,3.021885164309334,-0.6541457519909162,-1.1389255716613653,0.0,-8.526512829121202e-14
2022-10-15,156.99,167.11147000090844,143.16253234086244,17.87116236247573,7.629765497341319,-0.6788749444012854,-0.8731152553696743,0.0,-8.526512829121202e-14
2022-10-16,224.12,172.4817903183092,143.16253234086244,20.678116262833843,8.478973927531673,-0.04766726250208697,0.2098350495832983,0.0,5.684341886080802e-14
2022-10-17,177.53,172.92615141529038,143.16253234086244,26.870328975586425,3.303681095518788,-0.05817952884487895,-0.35221146783235896,0.0,-2.842170943040401e-14
2022-10-18,161.43,173.27136222706795,143.16253234086244,28.495052878871512,1.977521857852381,0.4957032064303611,-0.8594480569487027,0.0,-2.842170943040401e-14
2022-10-19,147.98,172.82046189094487,143.16253234086244,26.203900556435993,3.84489817360804,0.5109612735608875,-0.9018304535225012,0.0,0.0
2022-10-20,199.18,172.9514909882812,143.16253234086244,27.96256644600284,2.2210119407256133,0.4982656395102486,-0.8928853788199418,0.0,0.0
2022-10-21,202.47,173.11400271826426,143.16253234086244,28.779723670174523,1.6390886468985006,0.5098592783938136,-0.9772012180649805,0.0,-2.842170943040401e-14
2022-10-22,179.7,172.7598724191286,143.16253234086244,28.294325381067683,1.4059643999373983,0.5922585361391485,-0.6952082388779274,0.0,-1.4210854715202004e-13
2022-10-23,111.64,171.26786525786596,143.16253234086244,27.486978526134166,1.1844191860996014,0.29702980746719876,-0.8630946026973614,0.0,-8.526512829121202e-14
2022-10-24,143.29,166.4809491768688,143.16253234086244,20.936804893757934,1.8227721897765057,1.1291340543141055,-0.5702943018420917,0.0,-8.526512829121202e-14
2022-10-25,192.6,171.36945879995383,143.16253234086244,24.938481376354666,2.582487496160745,1.226513433783826,-0.5405558472077758,0.0,-5.684341886080802e-14
2022-10-26,144.35,172.78984013141275,143.16253234086244,24.48405303896944,4.0555556530568095,0.6070011750199092,0.48069792350419777,0.0,-5.684341886080802e-14
2022-10-27,132.34,177.18476657851025,143.16253234086244,28.292106380193136,2.0021118026276694,0.662664944016754,3.065351110810328,0.0,-8.526512829121202e-14
2022-10-28,223.13,186.53188027882584,143.16253234086244,31.20501746993651,2.1723337716574687,1.8810378916148922,8.110958804754548,0.0,-2.842170943040401e-14
2022-10-29,205.21,192.06255070417822,143.16253234086244,36.37324392143979,1.807887786246728,1.912859205033604,8.806027450595689,0.0,-2.842170943040401e-14
2022-10-30,125.0,190.9208984557985,143.16253234086244,35.331245873729316,1.5013796118382938,2.5649359249531876,8.360804704415274,0.0,-2.842170943040401e-14
2022-10-31,149.78,196.48347405811626,143.16253234086244,37.68861972226623,1.2914209853965675,2.5133365196424644,11.827564489948628,0.0,-8.526512829121202e-14
2022-11-01,244.85,217.9747069795732,143.16253234086244,49.71047760968092,1.7870484859592628,2.7616171374198637,20.55303140565059,0.0,1.4210854715202004e-13
2022-11-02,355.74,261.74882827562664,143.16253234086244,91.55967164397691,1.3186409065924547,4.693934315444107,21.01404906875051,0.0,2.2737367544323206e-13
2022-11-03,287.67,278.68216799667283,143.16253234086244,120.6765428358466,-1.0637705104982556,3.2046887877967514,12.702174542665084,0.0,1.7053025658242404e-13
2022-11-04,230.06,272.4705845188602,143.16253234086244,120.11863954633333,-3.3267627572721707,3.2643215090509377,9.251853879885612,0.0,5.684341886080802e-14
2022-11-05,306.59,279.6297419464393,143.16253234086244,123.25048443649875,-0.027315398531604824,3.305181290335654,9.938859277273831,0.0,2.2737367544323206e-13
2022-11-06,218.64,274.26698376869916,143.16253234086244,121.27593537991953,-0.9834933478241638,3.2269605959003957,7.585048799840808,0.0,1.7053025658242404e-13
2022-11-07,199.33,273.76643156007873,143.16253234086244,121.88332135202559,-1.1190828077427653,2.5090160923415215,7.330644582591727,0.0,2.2737367544323206e-13
2022-11-08,371.31,289.2181601642006,143.16253234086244,136.74802136181,-0.4030711957783743,3.451318661992321,6.25935899531404,0.0,1.7053025658242404e-13
2022-11-09,328.2,290.4951396950977,143.16253234086244,138.2684299896572,0.40343007970080097,2.8638051879416846,5.7969420969355285,0.0,0.0
2022-11-10,366.71,288.17045305272825,143.16253234086244,138.61788801327782,-0.16485167312840113,1.88421873406882,4.670665637647618,0.0,-5.684341886080802e-14
2022-11-11,198.79,284.39461737821574,143.16253234086244,135.99964923603477,-1.4316411720396018,2.0229585631713793,4.641118410186849,0.0,-5.684341886080802e-14
2022-11-12,213.82,282.84020170756094,143.16253234086244,134.1716979382515,-1.4586071180145537,2.077878697584562,4.886699848877098,0.0,-1.1368683772161603e-13
2022-11-13,258.63,282.7398515042595,143.16253234086244,132.66430368498425,-0.3469250695950755,0.8645992677829414,6.395341280224946,0.0,0.0
2022-11-14,280.3,281.73045326593433,143.16253234086244,128.7031202298089,2.4179354700605415,-0.45547992979234736,7.902345154994961,0.0,-1.1368683772161603e-13
2022-11-15,293.9,286.80976365470536,143.16253234086244,139.38316614526613,0.9106794321051024,-1.523219763369879,4.876605499841788,0.0,-2.2737367544323206e-13
2022-11-16,212.54,289.14135500564555,143.16253234086244,140.47877409532606,0.9163628195323754,-0.9206355865991626,5.504321336523755,0.0,1.1368683772161603e-13
2022-11-17,306.56,288.72367693523256,143.16253234086244,138.99125192249883,1.511436271347402,-0.8312700932842823,5.889726493808121,0.0,0.0
2022-11-18,351.34,291.0975248268134,143.16253234086244,141.58985301901393,1.7434651123057086,-1.445508410366893,6.047182764998283,0.0,-5.684341886080802e-14
2022-11-19,339.16,288.8942928857178,143.16253234086244,140.40674703840804,1.8238814559514962,-2.287776335968951,5.788908386464727,0.0,5.684341886080802e-14
2022-11-20,263.98,288.8652182418848,143.16253234086244,140.0331656194635,1.2579618659219585,-1.2263526394721878,5.6379110551092,0.0,-1.1368683772161603e-13
2022-11-21,281.6,285.24122949063303,143.16253234086244,137.9338445126592,1.255620387100337,-1.9738537204789681,4.863085970490036,0.0,0.0
2022-11-22,244.42,282.2518254717137,143.16253234086244,137.26243214964276,1.2258917626802526,-4.090007663538783,4.690976882067166,0.0,-1.1368683772161603e-13
2022-11-23,312.01,290.6564725933913,143.16253234086244,141.8518085872357,1.5140410515108162,-0.5916345103832513,4.719725124165733,0.0,-1.1368683772161603e-13
2022-11-24,266.51,279.9871817444418,143.16253234086244,137.07438547753367,-2.4868012137692665,-2.5221286186184972,4.759193758433624,0.0,-1.7053025658242404e-13
2022-11-25,266.24,276.9788041277338,143.16253234086244,134.98020448603282,-2.032293943111971,-3.5854574774907593,4.453818721441568,0.0,-2.8421709430404007e-13
2022-11-26,288.98,279.637398473553,143.16253234086244,135.0195441028842,-2.0270314722906067,-1.3983632050863342,4.880716707183523,0.0,-2.2737367544323206e-13
2022-11-27,272.0,276.8961899374529,143.16253234086244,131.5859580009002,-0.7601900264555993,-1.613265832826472,4.521155454972589,0.0,-2.8421709430404007e-13
2022-11-28,223.66,275.46359304729975,143.16253234086244,132.85621716334512,-2.4587456789221576,-2.2772145189316086,4.180803740946042,0.0,-5.684341886080802e-14
2022-11-29,208.71,273.6582177167633,143.16253234086244,131.21278697064056,-2.8157529486618977,-1.87835874269674,3.9770100966192,0.0,-2.8421709430404007e-13
2022-11-30,317.81,277.6629102261428,143.16253234086244,133.86972200148264,-2.202498553390289,-1.1503829107538102,3.9835373479419873,0.0,-1.7053025658242404e-13
2022-12-01,259.62,274.2279779526732,143.16253234086244,132.55194955276014,-3.3303654925317243,-2.193231289291352,4.037092840873886,0.0,-2.2737367544323206e-13
2022-12-02,228.87,276.4913158347696,143.16253234086244,133.14836739705143,-3.503288328188036,-0.5407277585799468,4.224432183623852,0.0,-1.7053025658242404e-13
2022-12-03,289.45,278.6549018887458,143.16253234086244,133.19853916423193,-2.726797518779729,1.1435388411104035,3.8770890613207802,0.0,0.0
2022-12-04,309.45,279.3842348516548,143.16253234086244,134.05255406847516,-2.398676446475531,0.7105671195992682,3.857257769193483,0.0,0.0
2022-12-05,229.57,277.47134879707374,143.16253234086244,133.09296607415922,-2.811144385461694,0.18115340233960905,3.845841365174273,0.0,-1.1368683772161603e-13
2022-12-06,275.73,279.5827874159983,143.16253234086244,133.76923733821857,-1.663045895345362,0.5331380382286858,3.7809255940339948,0.0,0.0
2022-12-07,347.44,283.4812301605914,143.16253234086244,135.76974196644602,-1.0953425031823607,1.8297129025196561,3.8145854539456057,0.0,5.684341886080802e-14
2022-12-08,196.62,277.62994679074126,143.16253234086244,133.67486998052087,-2.2657720111887936,-0.5648076665688501,3.623124147115705,0.0,-1.1368683772161603e-13
2022-12-09,229.6,279.4190820020889,143.16253234086244,134.00094864099182,-1.6814172675006198,0.458672662441206,3.478345625294251,0.0,-2.2737367544323206e-13
2022-12-10,219.51,277.65012710634903,143.16253234086244,134.5386618621246,-3.0182089944999366,0.502457089043213,2.4646848088187507,0.0,-5.684341886080802e-14
2022-12-11,233.59,262.70470237060624,143.16253234086244,110.9312607867113,0.19874833355869834,0.7079200960785197,7.704240813395261,0.0,0.0
2022-12-12,361.03,282.1496165037284,143.16253234086244,130.00016774014497,1.584846084380971,1.3767621316478162,6.025308206692063,0.0,1.1368683772161603e-13
2022-12-13,223.04,281.4630995579266,143.16253234086244,138.31855770361324,-2.5798826819128666,0.8985841202258202,1.6633080751381277,0.0,-1.1368683772161603e-13
2022-12-14,369.12,282.8018794221664,143.16253234086244,139.98611046101067,-2.4155060752599407,1.7741888989759615,0.2945537965774111,0.0,-1.1368683772161603e-13
2022-12-15,214.0,277.90015244070185,143.16253234086244,137.82790916687796,-3.00611442510497,-0.08324608900190812,-0.0009285529316292451,0.0,0.0
2022-12-16,257.08,278.7123662052324,143.16253234086244,138.37416844991134,-1.7830890179635963,-1.2024925680486174,0.16124700047106977,0.0,-2.2737367544323206e-13
2022-12-17,243.69,279.5935454676733,143.16253234086244,139.29855458395895,-2.095237684777587,-0.6582508707983893,-0.11405290157201742,0.0,-5.684341886080802e-14
2022-12-18,278.85,280.98010583629275,143.16253234086244,140.87068692576986,-2.590618693387052,-0.4195908695917321,-0.042903867360657155,0.0,-1.1368683772161603e-13
2022-12-19,220.09,276.8100999083084,143.16253234086244,138.9700758879413,-3.4615356148017717,-0.21650177614310187,-1.644470929550273,0.0,-2.2737367544323206e-13
2022-12-20,196.26,272.0042166915111,143.16253234086244,135.87403942649058,-3.934928611896429,-1.4681335229129924,-1.6292929410324066,0.0,-1.1368683772161603e-13
2022-12-21,221.9,274.4529778175489,143.16253234086244,135.6846415193262,-1.112476553270312,-1.6224661437851244,-1.659253345584112,0.0,-1.7053025658242404e-13
2022-12-22,389.87,261.960063944545,143.16253234086244,111.76190006991287,0.8317757111380266,4.434796491094124,1.7690593315376861,0.0,-1.1368683772161603e-13
2022-12-23,205.95,279.8993827767609,143.16253234086244,138.0216075067822,0.1263566571650297,0.5558979423907275,-1.9670116704393907,0.0,-5.684341886080802e-14
2022-12-24,239.8,282.8928677329661,143.16253234086244,138.65951299346057,0.33240180460409524,1.196369287825583,-0.45794869378654174,0.0,0.0
2022-12-25,346.84,288.1611190465201,143.16253234086244,142.58881211099987,0.3751626036087408,2.407974619156868,-0.3733626281076631,0.0,-1.7053025658242404e-13
2022-12-26,317.58,289.38975950473593,143.16253234086244,144.5327854239225,0.9660088150978932,1.5350385291920823,-0.8066056043388832,0.0,-1.1368683772161603e-13
2022-12-27,236.9,285.9276998206783,143.16253234086244,142.1231462137776,0.821762586649551,0.46000028441651786,-0.6397416050277491,0.0,-5.684341886080802e-14
2022-12-28,204.21,287.98353974297106,143.16253234086244,142.8394271247821,0.8594783774824202,1.5716945582323505,-0.4495926583882347,0.0,0.0
2022-12-29,300.03,287.7946622772022,143.16253234086244,142.56109231224667,1.3976000970959623,1.505190541749947,-0.831753014752798,0.0,-5.684341886080802e-14
2022-12-30,383.61,294.22907869857966,143.16253234086244,146.99397740836437,3.228361269604246,1.2340885478271832,-0.3898808680785676,0.0,0.0
2022-12-31,199.18,287.3074644764133,143.16253234086244,142.04425715968569,2.2253225839600788,0.5082317842768134,-0.6328793923715877,0.0,-1.1368683772161603e-13
2023-01-01,239.46,288.1220067091117,143.16253234086244,141.46444515548012,2.453293161447594,1.3838016520037957,-0.3420656006821332,0.0,-1.1368683772161603e-13
2023-01-02,381.49,291.6336423162453,143.16253234086244,144.0795469042897,3.3116167927641524,1.5485104539812804,-0.46856417565215147,0.0,-1.1368683772161603e-13
2023-01-03,320.85,290.3405287504203,143.16253234086244,143.5232358023964,1.922526730653177,2.0951677476336776,-0.36293387112530345,0.0,-1.1368683772161603e-13
2023-01-04,236.58,287.39456394192285,143.16253234086244,141.95783131637873,2.2675375325949783,0.6344234020707068,-0.6277606499838447,0.0,-1.7053025658242404e-13
2023-01-05,312.09,289.2076835557799,143.16253234086244,142.55671815149412,2.8876716741247423,1.0604132476557397,-0.4596518583571289,0.0,0.0
2023-01-06,212.71,290.1972678244141,143.16253234086244,143.07111081528808,3.291204422640657,1.2641827274792465,-0.5917624818564223,0.0,1.1368683772161603e-13
2023-01-07,377.39,296.3392476800354,143.16253234086244,145.76741606071312,5.751317256765015,1.760382218650396,-0.10240019695551206,0.0,-5.684341886080802e-14
2023-01-08,316.18,290.98143387669154,143.16253234086244,142.8942655405355,4.068239850072392,1.6672289360903725,-0.8108327908689864,0.0,-1.7053025658242404e-13
2023-01-09,305.62,293.1070346464466,143.16253234086244,144.5904311801182,3.9564907808154675,1.688040622296173,-0.2904602776455516,0.0,-1.1368683772161603e-13
2023-01-10,323.93,293.22086649759405,143.16253234086244,144.29758409217715,4.953630493903042,1.4178174349700066,-0.6106978643184934,0.0,-5.684341886080802e-14
2023-01-11,354.84,296.9086627915027,143.16253234086244,146.95526173279424,5.023117660688914,2.0037296981125263,-0.23597864095526463,0.0,-1.1368683772161603e-13
2023-01-12,246.66,292.6524753700566,143.16253234086244,144.461944633187,4.332923158689119,1.3140499260729805,-0.6189746887547991,0.0,-1.1368683772161603e-13
2023-01-13,294.02,293.45661566704507,143.16253234086244,144.4220031045906,4.4769653216479455,1.802289216355653,-0.40717431641145285,0.0,-1.1368683772161603e-13
2023-01-14,359.52,293.71321907716447,143.16253234086244,144.47307023291862,4.887242589591149,1.6514938122535585,-0.4611198984611967,0.0,-1.1368683772161603e-13
2023-01-15,335.57,294.1768834164422,143.16253234086244,145.22346422300615,4.697201668623679,2.1182347565618596,-1.0245495726117542,0.0,-1.7053025658242404e-13
2023-01-16,303.21,294.1718149443957,143.16253234086244,145.3011476222959,4.379893570416174,1.7342860744899875,-0.40604466366853215,0.0,-3.410605131648481e-13
2023-01-17,311.94,291.8350872266026,143.16253234086244,143.98188180306207,3.6420096480337336,1.158684313335979,-0.1100208786914324,0.0,-2.2737367544323206e-13
2023-01-18,329.09,291.4226776042234,143.16253234086244,144.26279005421728,4.271670835849717,0.33562512025183805,-0.6099407469576845,0.0,-2.2737367544323206e-13
2023-01-19,303.74,289.96223210084486,143.16253234086244,142.7895581177851,3.869187914202362,0.7686562347378441,-0.6277025067428272,0.0,-1.1368683772161603e-13
2023-01-20,311.05,291.43586525882733,143.16253234086244,143.1189824769239,4.74565073273981,0.7072112397119057,-0.29851153141052084,0.0,-2.2737367544323206e-13
2023-01-21,284.12,286.77619187714737,143.16253234086244,140.53439527318972,3.1490096706203285,0.5660787789451243,-0.6358241864701256,0.0,-1.1368683772161603e-13
2023-01-22,293.96,285.9771157893783,143.16253234086244,139.78155712083787,2.8248800413457973,0.760519907222208,-0.5523736208901066,0.0,5.684341886080802e-14
2023-01-23,371.63,288.33474762809857,143.16253234086244,140.61235667832133,2.722828990041512,2.03065569352892,-0.1936260746555372,0.0,-1.1368683772161603e-13
2023-01-24,218.15,282.28646435200903,143.16253234086244,136.4306959323918,2.8887293676907473,0.6120665621633834,-0.8075598510992678,0.0,-1.1368683772161603e-13
2023-01-25,312.9,286.03145091475545,143.16253234086244,139.03392498688106,2.844858914514273,1.1967262520531372,-0.2065915795552616,0.0,-1.7053025658242404e-13
2023-01-26,303.74,285.16290426835394,143.16253234086244,139.80198802427913,2.7051783935343794,-0.19144226593609112,-0.3153522243858285,0.0,-5.684341886080802e-14
2023-01-27,296.51,286.3438048915817,143.16253234086244,139.71662248277224,3.0563649858131963,0.5402127326518221,-0.1319276505179202,0.0,0.0
2023-01-28,233.49,286.0653468549762,143.16253234086244,139.9571940269066,2.981670463052951,0.486529268843281,-0.5225792446889033,0.0,-1.7053025658242404e-13
2023-01-29,334.08,286.5103169692585,143.16253234086244,140.57514893838285,3.0444170512386246,0.05685529320703369,-0.32863665443222373,0.0,-2.2737367544323206e-13
2023-01-30,211.28,282.4474656667678,143.16253234086244,137.93698109735035,2.3548340709065068,-0.1275793582317751,-0.879302484119483,0.0,-2.2737367544323206e-13
2023-01-31,339.59,283.35411593355826,143.16253234086244,139.50119413721313,3.5993317100933537,-2.0110361400598764,-0.897906114550626,0.0,-1.7053025658242404e-13
2023-02-01,164.87,273.6222208266954,143.16253234086244,136.38372532195896,3.193045010094048,-7.714703286222017,-1.402378559997936,0.0,-1.1368683772161603e-13
2023-02-02,127.79,222.37270389485465,143.16253234086244,95.07581967500995,0.17308446923586893,-11.697198875519959,-4.341533714733767,0.0,1.1368683772161603e-13
2023-02-03,175.55,193.71794980272486,143.16253234086244,62.29475525561797,0.9622704149791453,-8.891325116696704,-3.81028309203798,0.0,-2.842170943040401e-14
2023-02-04,153.81,172.2360640832566,143.16253234086244,35.62828983849364,1.553659528641909,-5.0433669390050575,-3.065050685736283,0.0,-5.684341886080802e-14
2023-02-05,180.11,174.3282083851095,143.16253234086244,36.62357761768054,2.034205732879276,-4.48643878351565,-3.00566852279695,0.0,-1.7053025658242404e-13
2023-02-06,169.35,176.08518930940892,143.16253234086244,37.860833219913,2.0410580645046745,-3.593313192044843,-3.385921123826105,0.0,-2.2737367544323206e-13
2023-02-07,224.72,181.7642019382695,143.16253234086244,41.50960935579375,1.9744616615712938,-3.0698824468947574,-1.812518973062966,0.0,-2.5579538487363607e-13
2023-02-08,191.15,178.53309696481722,143.16253234086244,37.653233716582875,1.3227719918353487,-2.2609018893292254,-1.3445391951341565,0.0,-5.684341886080802e-14
2023-02-09,192.06,178.02634105523262,143.16253234086244,37.106714485705574,1.2465663049516529,-2.2335595427211907,-1.2559125335658172,0.0,-2.842170943040401e-14
2023-02-10,180.68,177.271959637677,143.16253234086244,38.287582616625706,0.8691052579126195,-3.0607379948219933,-1.986522582901661,0.0,-1.1368683772161603e-13
2023-02-11,148.21,176.25105406572297,143.16253234086244,36.39734431565666,0.9997008179454238,-2.6170958559322983,-1.6914275528092213,0.0,-2.842170943040401e-14
2023-02-12,212.69,175.43749887588217,143.16253234086244,35.765096963081085,0.6677080424989129,-2.6586153693358248,-1.4992231012243948,0.0,-5.684341886080802e-14
2023-02-13,116.09,170.9431387179429,143.16253234086244,35.36815537410139,-0.4255997958062311,-4.009423895947212,-3.152525305267395,0.0,-8.526512829121202e-14
2023-02-14,197.82,171.06847821649842,143.16253234086244,33.72347977832559,0.5765869551696372,-3.6999918448467186,-2.6941290130125326,0.0,0.0
2023-02-15,232.54,172.44613118373334,143.16253234086244,34.61111768254415,0.5048856486330764,-4.050621391864102,-1.781783096442244,0.0,2.842170943040401e-14
2023-02-16,111.42,171.79624773429637,143.16253234086244,34.98760401708512,0.46963520673120984,-4.563719022163651,-2.259804808218904,0.0,1.4210854715202004e-13
2023-02-17,214.78,173.55278884604238,143.16253234086244,33.67210383797121,0.9242475536975012,-2.6755392176787027,-1.5305556688100956,0.0,2.842170943040401e-14
2023-02-18,204.58,179.3624554233976,143.16253234086244,38.48509983952323,1.2070563657323992,-2.07859451745524,-1.4136386052650847,0.0,-1.7053025658242404e-13
2023-02-19,132.59,176.48500707513108,143.16253234086244,36.40345295265235,0.7848876916836373,-2.32731132712002,-1.538554582947223,0.0,-1.1368683772161603e-13
2023-02-20,209.82,177.65271985564908,143.16253234086244,36.30415882938482,0.8162392232865269,-1.4612036125570296,-1.1690069253276023,0.0,-8.526512829121202e-14
2023-02-21,236.66,181.0071039598839,143.16253234086244,39.86702305284471,1.0816238539155694,-1.6735401494709201,-1.4305351382677367,0.0,-1.7053025658242404e-13
2023-02-22,230.27,184.21343282111627,143.16253234086244,43.39770388220418,0.9322247324077493,-1.8988518170516926,-1.3801763173062078,0.0,-1.9895196601282805e-13
2023-02-23,174.23,196.35286736098888,143.16253234086244,60.75894796781363,0.4090038946237671,-4.987600653752333,-2.9900161885584597,0.0,-1.7053025658242404e-13
2023-02-24,116.93,182.0790621828095,143.16253234086244,45.62837011834119,-0.07463308874461666,-3.0154113479567224,-3.621795839692598,0.0,-1.9895196601282805e-13
2023-02-25,210.16,177.51505496368642,143.16253234086244,37.77649539316069,0.6958228035100373,-2.0899107022729178,-2.0298848715737496,0.0,-8.526512829121202e-14
2023-02-26,205.45,178.62791307905064,143.16253234086244,38.16827984924971,0.7470495327547226,-1.2034158999117874,-2.2465327439042793,0.0,-1.7053025658242404e-13
2023-02-27,162.72,177.13060514539976,143.16253234086244,36.64066716646009,0.7874853465284346,-1.1314047338888664,-2.3286749745621926,0.0,-1.4210854715202004e-13
2023-02-28,201.67,179.85626636506927,143.16253234086244,38.12491174214431,0.7067818850920605,-0.343204481983186,-1.7947551210462749,0.0,-8.526512829121202e-14
2023-03-01,104.82,171.24876517909655,143.16253234086244,32.72349198501394,-0.07153362520601697,-1.2797864937739845,-3.285939027799735,0.0,-1.1368683772161603e-13
2023-03-02,70.11,142.01507745634177,143.16253234086244,3.251216902331625,-0.9903753272346134,-1.7779030523358172,-1.6303934072817667,0.0,-8.526512829121202e-14
2023-03-03,109.89,124.17147577077644,143.16253234086244,-16.862154164496122,-0.2870919429944266,-0.9150954037446515,-0.9267150588507344,0.0,-7.105427357601002e-14
2023-03-04,136.3,109.52288961477083,143.16253234086244,-32.90466013145478,0.7142824868460391,-0.4867608940833218,-0.962504187399582,0.0,4.263256414560601e-14
2023-03-05,92.48,109.46668291929402,143.16253234086244,-32.55656059394643,0.24200614713326016,-0.884774281439039,-0.4965206933162159,0.0,0.0
2023-03-06,124.25,106.4935754579911,143.16253234086244,-35.35306403242198,0.43628875984086246,-1.237395022784987,-0.5147865875052031,0.0,-2.842170943040401e-14
2023-03-07,126.99,107.65705866983949,143.16253234086244,-33.53569276361357,0.2240083795673623,-1.6555374068706066,-0.538251880106161,0.0,1.4210854715202004e-14
2023-03-08,80.78,102.10746119147157,143.16253234086244,-39.2527470630183,0.3652306522698726,-1.3785755859754858,-0.7889791526669342,0.0,-2.842170943040401e-14
2023-03-09,89.1,100.68533217907357,143.16253234086244,-41.327013205511605,0.3959281295042689,-1.0442159184899231,-0.501899167291621,0.0,1.4210854715202004e-14
2023-03-10,110.09,100.60439413774367,143.16253234086244,-41.882238109498665,0.9249924754591821,-0.8148707019873952,-0.7860218670919424,0.0,4.263256414560601e-14
2023-03-11,68.26,100.04217370491595,143.16253234086244,-42.135679736435414,0.7592688494501679,-0.8700215848835804,-0.8739261640776899,0.0,2.842170943040401e-14
2023-03-12,99.6,100.3548368705845,143.16253234086244,-41.853010900041674,0.9350827753211346,-0.9315771535945527,-0.9581901919628132,0.0,-2.842170943040401e-14
2023-03-13,77.25,100.31730591256556,143.16253234086244,-41.873356908168454,0.741335477006858,-0.8001799786458346,-0.9130250184895023,0.0,5.684341886080802e-14
2023-03-14,75.38,100.8143401755161,143.16253234086244,-41.61826827413504,0.8043897587838229,-0.6223144529376763,-0.9119991970574378,0.0,0.0
2023-03-15,125.53,102.33593679720096,143.16253234086244,-43.031868863834525,4.143629757936932,-0.7994634195925083,-1.1388930181713517,0.0,-2.842170943040401e-14
2023-03-16,131.2,102.37131360799849,143.16253234086244,-39.99387646449704,0.698429024284558,-1.0068740628762285,-0.4888972297752078,0.0,-4.263256414560601e-14
2023-03-17,94.86,100.6183655905492,143.16253234086244,-41.00745032283505,0.4306337859354748,-1.600478083023784,-0.3668721303898589,0.0,-2.842170943040401e-14
2023-03-18,125.06,100.97753001338238,143.16253234086244,-41.074043204915384,0.5556195486824235,-1.3207333028080381,-0.34584536843905556,0.0,-1.4210854715202004e-14
2023-03-19,96.47,100.5812363931875,143.16253234086244,-41.12097841332902,0.6203401840573594,-1.5940552345384629,-0.4866024838648163,0.0,-1.4210854715202004e-14
2023-03-20,109.25,100.60050462191002,143.16253234086244,-41.28280742931507,0.49150373769372246,-1.2677779879698687,-0.5029460393612293,0.0,2.842170943040401e-14
2023-03-21,77.62,100.49582767754787,143.16253234086244,-41.36995779697444,0.35350720778097044,-1.1136545866199679,-0.5365994875011897,0.0,4.263256414560601e-14
2023-03-22,124.05,100.8968679585555,143.16253234086244,-41.099667789953365,0.33708541231744343,-0.9844175341707698,-0.5186644705002549,0.0,0.0
2023-03-23,96.0,100.8373982661942,143.16253234086244,-41.27389938708523,0.2659946530953393,-0.8590833006586696,-0.4581460400197036,0.0,1.4210854715202004e-14
2023-03-24,106.02,101.06585956219203,143.16253234086244,-41.26154353976338,0.39297726268578304,-0.7380344943228521,-0.49007200726998945,0.0,2.842170943040401e-14
2023-03-25,129.35,101.04945996745657,143.16253234086244,-41.12916385694491,0.4435791841717391,-0.9942220439085558,-0.4332656567241715,0.0,4.263256414560601e-14
2023-03-26,67.38,100.54560989086929,143.16253234086244,-40.958638354686826,0.2524682053529783,-1.4150603514289006,-0.495691949230435,0.0,2.842170943040401e-14
2023-03-27,119.31,99.68844784555333,143.16253234086244,-42.378226362244895,0.7126938681345488,-1.2369718624259605,-0.5715801387728153,0.0,0.0
2023-03-28,128.65,101.25567747251915,143.16253234086244,-40.82438453651493,0.7538835344776208,-1.1507598626184237,-0.6855940036876101,0.0,5.684341886080802e-14
2023-03-29,116.65,101.39977833103825,143.16253234086244,-41.30054629589115,1.1438133256203875,-1.109650943629447,-0.49637009592398873,0.0,0.0
2023-03-30,136.66,101.95317266945435,143.16253234086244,-40.71329515255258,1.1673305364334645,-1.339953483517468,-0.32344157177153054,0.0,2.842170943040401e-14
2023-03-31,76.84,102.89314679917845,143.16253234086244,-39.11847526476065,0.3777445256920281,-1.1858931341153343,-0.3427616685000044,0.0,-2.842170943040401e-14
2023-04-01,104.29,101.2398317795276,143.16253234086244,-40.974750207224666,0.5625835692795743,-1.320511574237496,-0.1900223491522446,0.0,0.0
2023-04-02,128.98,101.33575173157571,143.16253234086244,-41.60935414363205,0.47842233763602987,-0.8595313563799492,0.1636825530892269,0.0,1.4210854715202004e-14
2023-04-03,89.28,101.40565847209702,143.16253234086244,-41.41682459489662,0.4799679365820111,-1.0086363744941222,0.18861916404329027,0.0,1.4210854715202004e-14
2023-04-04,95.57,101.41964940094786,143.16253234086244,-41.44275925301479,0.6006324693106789,-1.0036283078206878,0.10287215161018601,0.0,2.842170943040401e-14
2023-04-05,113.39,101.08723320212648,143.16253234086244,-41.830838766501095,0.6386336875468079,-1.054012377385965,0.17091831760426318,0.0,4.263256414560601e-14
2023-04-06,100.27,100.91776514199863,143.16253234086244,-42.12806027526193,0.7923178680891114,-1.0867128760475628,0.1776880843565566,0.0,1.4210854715202004e-14
2023-04-07,68.61,100.7759868848389,143.16253234086244,-42.15709654847417,1.010584762191161,-1.3924804679746516,0.1524467982340856,0.0,4.263256414560601e-14
2023-04-08,105.8,100.72075107204203,143.16253234086244,-42.58668759827052,1.101639967320824,-1.2025341464574404,0.2458005085867546,0.0,-1.4210854715202004e-14
2023-04-09,133.86,100.74359867762043,143.16253234086244,-42.26790286315285,0.8021552319882106,-1.2167449233941414,0.26355889131675114,0.0,1.4210854715202004e-14
2023-04-10,88.52,99.98597870557285,143.16253234086244,-42.57415480513923,0.42922014109266104,-1.2763926692384289,0.2447736979953971,0.0,0.0
2023-04-11,119.16,100.14518526385156,143.16253234086244,-42.438046777077226,0.4886183519051648,-1.2655550326951515,0.19763638085632185,0.0,1.4210854715202004e-14
2023-04-12,73.24,100.31874132309815,143.16253234086244,-42.28385297011836,0.5099177973696308,-1.3147187615785676,0.24486291656299158,0.0,1.4210854715202004e-14
2023-04-13,102.81,100.10092717468373,143.16253234086244,-42.09705595986841,0.38786055540406195,-1.6050891329492492,0.2526793712348661,0.0,2.842170943040401e-14
2023-04-14,125.08,100.31821254419165,143.16253234086244,-41.71140368588852,0.40271141371204433,-1.7509941493551098,0.21536662486074137,0.0,5.684341886080802e-14
2023-04-15,109.23,100.22542529108034,143.16253234086244,-44.5147641641684,2.8529234109520556,-1.6133635709693794,0.33809727440359727,0.0,2.842170943040401e-14
2023-04-16,82.23,100.06111049020662,143.16253234086244,-42.23185312751959,0.044564172436260985,-1.2977698530932325,0.38363695752069615,0.0,4.263256414560601e-14
2023-04-17,102.93,100.13798124342473,143.16253234086244,-42.765108764971224,0.09150978564456787,-1.2557122348662793,0.9047601167551997,0.0,2.842170943040401e-14
2023-04-18,120.09,100.19295490775531,143.16253234086244,-43.85030099643779,0.057026710262279914,-1.2677796669097332,2.09147651997808,0.0,2.842170943040401e-14
2023-04-19,133.3,100.11517652678135,143.16253234086244,-43.97636188906868,0.04726931136812164,-1.4365489344594013,2.318285698078858,0.0,1.4210854715202004e-14
2023-04-20,116.88,99.91539335043579,143.16253234086244,-43.89938958387064,-0.025544955505710315,-1.624635981110059,2.302431530059722,0.0,4.263256414560601e-14
2023-04-21,74.42,100.15234092523342,143.16253234086244,-43.69122876186321,0.003224735423737496,-1.5869927142949531,2.2648053251053857,0.0,1.4210854715202004e-14
2023-04-22,133.84,99.81694936776141,143.16253234086244,-44.46154506474931,0.0014434145944831889,-1.2207893157552292,2.3353079928090077,0.0,1.4210854715202004e-14
2023-04-23,75.68,99.28627920431309,143.16253234086244,-44.6390021932198,-0.020670495638781997,-1.5228921530090784,2.3063117053182696,0.0,4.263256414560601e-14
2023-04-24,69.16,99.21954837832577,143.16253234086244,-44.96038068673991,0.026916268032987675,-1.3014142578728398,2.2918947140430705,0.0,2.842170943040401e-14
2023-04-25,76.07,98.57719088462693,143.16253234086244,-45.26862503726235,0.09306120940145819,-1.729149838032339,2.3193722096577356,0.0,0.0
2023-04-26,93.19,99.10678603941271,143.16253234086244,-44.833807480511304,0.13627636449794223,-1.694985400029465,2.3367702145930873,0.0,1.4210854715202004e-14
2023-04-27,90.77,99.43915016674335,143.16253234086244,-45.088972491028606,0.12218314001848803,-1.0812850849571747,2.324692261848204,0.0,-1.4210854715202004e-14
2023-04-28,117.81,99.42284860023956,143.16253234086244,-44.942863175791395,0.04123345227107682,-0.9333972564649086,2.0953432393623284,0.0,1.4210854715202004e-14
2023-04-29,74.47,99.39728281641044,143.16253234086244,-44.959002013520966,0.028289479070092008,-0.9067570950755264,2.072220105074398,0.0,0.0
2023-04-30,93.85,99.26686037191445,143.16253234086244,-45.07977884954432,0.08210804302228862,-0.9041840099090765,2.0061828474830907,0.0,2.842170943040401e-14
2023-05-01,74.08,98.98328413054222,143.16253234086244,-45.188338880028226,0.12822896321463634,-0.9797683869218641,1.8606300934151891,0.0,2.842170943040401e-14
2023-05-02,65.91,98.75957094812988,143.16253234086244,-45.11029598996965,0.16058600991425814,-1.3427159517778051,1.8894645391006206,0.0,1.4210854715202004e-14
2023-05-03,89.65,94.69979440659425,143.16253234086244,-50.03179220367263,0.5459015962322549,-1.1408258503690882,2.163978523541307,0.0,-4.263256414560601e-14
2023-05-04,126.24,99.90800047407156,143.16253234086244,-44.86065821673772,0.16531314694083715,-0.9404209928046275,2.3812341958106495,0.0,-2.842170943040401e-14
2023-05-05,87.39,100.14535453090221,143.16253234086244,-45.02639834642894,0.10660869182205476,-0.4459181736474877,2.3485300182941646,0.0,-2.842170943040401e-14
2023-05-06,131.86,100.4857304932345,143.16253234086244,-44.71745121740605,0.11673872179964348,-0.38737778816214224,2.311288436140616,0.0,-1.4210854715202004e-14
2023-05-07,91.56,100.1645567758957,143.16253234086244,-44.67118800349833,0.2660856812687192,-0.8634364182413956,2.270563175504271,0.0,0.0
2023-05-08,100.05,100.5597157895972,143.16253234086244,-44.62148201720732,0.37557685823583853,-0.6680504657883402,2.311139073494612,0.0,-2.842170943040401e-14
2023-05-09,69.35,100.29804878758918,143.16253234086244,-44.293741998266256,0.4638068711618081,-1.3748589262847906,2.3403105001159603,0.0,1.4210854715202004e-14
2023-05-10,120.7,100.36567117920367,143.16253234086244,-44.12847556004756,0.5302151185154713,-1.4810282300045434,2.2824275098778823,0.0,-2.842170943040401e-14
2023-05-11,101.81,99.82371867083289,143.16253234086244,-44.046741243983384,0.33676387395948787,-1.8797593153250327,2.2509230153193607,0.0,1.4210854715202004e-14
2023-05-12,95.71,100.01237218649896,143.16253234086244,-43.85674942924222,0.1311886202075216,-1.689706544055078,2.265107198726279,0.0,2.842170943040401e-14
2023-05-13,108.79,100.1234767587919,143.16253234086244,-44.674640112762106,0.8377404004096055,-1.4971608454236789,2.2950049757056474,0.0,-1.4210854715202004e-14
2023-05-14,72.48,99.79116608672769,143.16253234086244,-44.28249822250226,0.10042968489847266,-1.5380544449258329,2.3487567283948483,0.0,2.842170943040401e-14
2023-05-15,71.17,99.99633038626715,143.16253234086244,-44.1544771021348,0.08386270263348851,-1.4199091695374157,2.3243216144434458,0.0,-1.4210854715202004e-14
2023-05-16,119.41,99.94692354580944,143.16253234086244,-44.11630758024484,0.03540018457059642,-1.531033814714909,2.3963324153361527,0.0,0.0
2023-05-17,115.4,99.84442391596747,143.16253234086244,-44.01116709587434,0.006564160795727567,-1.630061481847932,2.316555992031563,0.0,1.4210854715202004e-14
2023-05-18,114.62,100.03565452437482,143.16253234086244,-43.759221166499515,-0.05273626410663683,-1.6432282737300308,2.3283078878485393,0.0,2.842170943040401e-14
2023-05-19,93.33,99.98167601349715,143.16253234086244,-43.5871161753687,-0.12322337254298077,-1.807319496872842,2.3368027174192125,0.0,2.842170943040401e-14
2023-05-20,119.31,99.65957888643945,143.16253234086244,-43.60824357431149,-0.1760541205487558,-2.110954038561897,2.392298278999117,0.0,2.842170943040401e-14
2023-05-21,111.97,99.87862192885467,143.16253234086244,-43.57727473373479,-0.08583677234079412,-1.9914756584919828,2.370676752559786,0.0,0.0
2023-05-22,128.72,99.88633665130764,143.16253234086244,-43.49273811812281,-0.06057149674289655,-2.110972877292158,2.388086802603067,0.0,-1.4210854715202004e-14
2023-05-23,83.63,99.7173551946063,143.16253234086244,-43.646129810850034,-0.04088661871160852,-2.093791772087275,2.3356310553927697,0.0,1.4210854715202004e-14
2023-05-24,111.61,100.11503321180348,143.16253234086244,-43.38163736860761,0.049349452876281674,-2.07674896436755,2.361537751039889,0.0,2.842170943040401e-14
2023-05-25,93.76,99.8056382104153,143.16253234086244,-43.64490927792934,-0.1229153216097287,-1.9210816269465598,2.332012096038469,0.0,1.4210854715202004e-14
2023-05-26,108.45,100.10788695760618,143.16253234086244,-43.54788114104135,-0.12142157665351064,-1.8145936795376991,2.429251013976287,0.0,2.842170943040401e-14
2023-05-27,99.02,100.09508702870886,143.16253234086244,-44.02918750832864,0.06105685305907334,-1.495877761266115,2.3965631043820887,0.0,1.4210854715202004e-14
2023-05-28,125.01,99.97578353904353,143.16253234086244,-43.90999795347037,0.13560231003053347,-1.7933670941500202,2.3810139357709343,0.0,1.4210854715202004e-14
2023-05-29,85.04,99.83329084103148,143.16253234086244,-43.956917192071394,0.055307355789110765,-1.8401059357014864,2.4124742721527968,0.0,1.4210854715202004e-14
2023-05-30,87.81,100.29434599052838,143.16253234086244,-43.322196583585566,0.11257679097395916,-2.0272918274010943,2.368725269678606,0.0,4.263256414560601e-14
2023-05-31,115.71,100.04218988507938,143.16253234086244,-43.553951656685925,0.1342564431492374,-2.0578362516719086,2.3571890094255172,0.0,1.4210854715202004e-14
2023-06-01,130.08,100.3944125644517,143.16253234086244,-43.09152533499128,0.0365317908607839,-2.059617683188207,2.346491450907933,0.0,2.842170943040401e-14
2023-06-02,72.81,100.42023107821265,143.16253234086244,-43.336457417319316,0.13250459411551346,-1.9518250338540246,2.4134765944079977,0.0,2.842170943040401e-14
2023-06-03,93.67,100.36457370440914,143.16253234086244,-43.38777171279093,0.2475294269698177,-1.972923802045716,2.315207451413474,0.0,5.684341886080802e-14
2023-06-04,78.96,100.22721605408263,143.16253234086244,-43.68845319896795,0.34893092399804915,-1.7259152196262286,2.1301212078162868,0.0,4.263256414560601e-14
2023-06-05,130.55,100.70672586927716,143.16253234086244,-43.42938848092112,0.3258149923141336,-1.5562369699477365,2.2040039869694192,0.0,2.842170943040401e-14
2023-06-06,121.24,100.5594127964332,143.16253234086244,-43.585757089872,0.33748283374518406,-1.5757527479033417,2.2209074596008738,0.0,4.263256414560601e-14
2023-06-07,109.41,100.38155341709225,143.16253234086244,-43.28936574272933,0.14943000401491358,-1.8158376370384954,2.1747944519826716,0.0,5.684341886080802e-14
2023-06-08,115.73,100.27700832743561,143.16253234086244,-43.14120953003559,4.428740092791983e-05,-1.8568700453692812,2.1125112745770758,0.0,4.263256414560601e-14
2023-06-09,80.17,100.0765366181202,143.16253234086244,-43.288929802322556,-0.11125503045540448,-2.0064970791053858,2.3206861891410657,0.0,4.263256414560601e-14
2023-06-10,88.66,99.96510390476413,143.16253234086244,-43.27294213598739,-0.0031431204879418667,-2.2027135434502854,2.281370363827266,0.0,5.684341886080802e-14
2023-06-11,130.69,99.97199481979564,143.16253234086244,-43.33636433472138,-0.04372741914038415,-1.9356745399666508,2.125228772761556,0.0,5.684341886080802e-14
2023-06-12,81.66,99.64284863018561,143.16253234086244,-42.74001098507305,-0.12750091385646323,-1.981644131293702,1.3294723195463403,0.0,4.263256414560601e-14
2023-06-13,106.68,100.08024451771358,143.16253234086244,-41.695546111062555,-0.12441383759935351,-1.9173709064982862,0.6550430320112918,0.0,4.263256414560601e-14
2023-06-14,84.1,99.74355150002735,143.16253234086244,-41.55869627120085,-0.13690875589125806,-2.110143251431441,0.3867674376884416,0.0,1.4210854715202004e-14
2023-06-15,90.34,99.824179520463,143.16253234086244,-41.404530812240225,-0.19048970592953945,-2.0794789174520574,0.3361466152223561,0.0,2.842170943040401e-14
2023-06-16,67.99,99.08216685240114,143.16253234086244,-41.0997250004777,-0.2746671717019523,-2.3807690099800642,-0.32520430630159397,0.0,0.0
2023-06-17,78.56,97.82067318861458,143.16253234086244,-42.09537697713307,-0.16358824938866845,-2.4308442130308534,-0.6520497126952787,0.0,1.4210854715202004e-14
2023-06-18,129.04,99.6002804344419,143.16253234086244,-41.122691397838224,-0.1622633386903632,-1.9040884265930924,-0.37320874329890413,0.0,4.263256414560601e-14
2023-06-19,69.16,99.56636858985428,143.16253234086244,-41.06511940193975,-0.24371359881189947,-1.9574755924523477,-0.32985515780420005,0.0,2.842170943040401e-14
2023-06-20,80.48,99.10838681418801,143.16253234086244,-41.860199007674204,-0.26776141132315817,-1.7027635648014108,-0.2234215428756258,0.0,-2.842170943040401e-14
2023-06-21,123.47,99.7842381069234,143.16253234086244,-41.131659551865404,-0.23557174236860495,-1.7181995086431079,-0.29286343106196344,0.0,2.842170943040401e-14
2023-06-22,131.64,100.15985199933279,143.16253234086244,-40.69350703028131,-0.33843068264597775,-1.781417954600509,-0.1893246740019051,0.0,4.263256414560601e-14
2023-06-23,122.07,100.12821265178256,143.16253234086244,-40.69119775844592,-0.4377875891096944,-1.924181938941043,0.018847597416732528,0.0,4.263256414560601e-14
2023-06-24,96.61,100.65997307253554,143.16253234086244,-40.18115370850947,-0.3406544003886156,-2.0100586985991202,0.029307539170263984,0.0,2.842170943040401e-14
2023-06-25,99.85,99.88025985133,143.16253234086244,-40.76932636797655,-0.46369010029979013,-1.9920134557961495,-0.05724256545999595,0.0,4.263256414560601e-14
2023-06-26,79.04,100.1178664898183,143.16253234086244,-40.56274086028828,-0.5400030576690281,-1.7849381883165618,-0.15698374477034394,0.0,7.105427357601002e-14
2023-06-27,114.38,100.17933128726608,143.16253234086244,-41.032395792691524,-0.4684055771581796,-1.305601825504422,-0.17679785824224883,0.0,1.4210854715202004e-14
2023-06-28,119.49,100.05429935738611,143.16253234086244,-40.85101810370665,-0.818402883886653,-1.1069198925887036,-0.33189210329435026,0.0,4.263256414560601e-14
2023-06-29,97.37,99.42296735900044,143.16253234086244,-40.97529348468705,-1.0922104971306474,-1.3264912267323246,-0.34556977331200894,0.0,2.842170943040401e-14
2023-06-30,93.92,98.99497255801414,143.16253234086244,-41.165853051726884,-1.4106643977159883,-1.2923290734600164,-0.2987132599453921,0.0,-1.4210854715202004e-14
2023-07-01,46.86,99.0733432459418,143.16253234086244,-41.45139429394995,-1.4117139584588798,-0.9524314614373228,-0.2736493810744682,0.0,-1.4210854715202004e-14
2023-07-02,42.9,72.70535212696224,143.16253234086244,-67.59314682800931,-1.5460279578841578,-1.0193396105764165,-0.2986658174302982,0.0,-1.4210854715202004e-14
2023-07-03,29.12,49.738417312691034,143.16253234086244,-90.43373645983576,-1.2852224007721667,-1.1076771047230136,-0.5974790628405262,0.0,4.973799150320701e-14
2023-07-04,28.39,44.75769322694691,143.16253234086244,-95.17613082880709,-1.2418609749393774,-1.3781228615757066,-0.608724448593354,0.0,-1.4210854715202004e-14
2023-07-05,22.37,45.08855383186708,143.16253234086244,-95.26267200013997,-1.0956460683544087,-1.2580337303707063,-0.4576267101303007,0.0,3.552713678800501e-14
2023-07-06,51.22,44.421601094156365,143.16253234086244,-95.57578293236583,-1.1495057431367524,-1.4231786159663156,-0.5924639552372012,0.0,3.552713678800501e-14
2023-07-07,48.24,43.99621846663964,143.16253234086244,-95.56069723832861,-1.0730289708707659,-1.3186644056956323,-1.2139232593278115,0.0,2.1316282072803006e-14
2023-07-08,41.59,44.797816669025195,143.16253234086244,-95.78303984286222,-0.9816656923524334,-1.0845671046633494,-0.5154430319592681,0.0,2.842170943040401e-14
2023-07-09,58.8,44.081929539726886,143.16253234086244,-96.3875038142617,-0.3935672756679762,-1.3380356843778463,-0.9614960268280935,0.0,5.684341886080802e-14
2023-07-10,41.95,44.8091216072435,143.16253234086244,-95.80665409398321,-0.40420240186388556,-1.5767391527281422,-0.565815085043791,0.0,8.526512829121202e-14
2023-07-11,32.07,43.76485439250186,143.16253234086244,-97.15910273697139,0.58292677338474,-1.3209654810802907,-1.5005365036936875,0.0,4.263256414560601e-14
2023-07-12,28.71,43.61230153623127,143.16253234086244,-97.63881470133575,0.7298264140959215,-1.117580756054675,-1.5236617613367025,0.0,2.842170943040401e-14
2023-07-13,42.14,43.74441736212396,143.16253234086244,-97.87626190523343,0.5941016547919016,-1.0530570160843873,-1.0828977122125794,0.0,2.1316282072803006e-14
2023-07-14,27.03,43.78088884771332,143.16253234086244,-98.2117161985382,0.8734145984485987,-1.0463647212924407,-0.9969771717670312,0.0,-6.394884621840902e-14
2023-07-15,42.21,44.21578021435163,143.16253234086244,-97.53443391827737,0.8967179349744792,-1.1831860816877866,-1.1258500615201565,0.0,3.552713678800501e-14
2023-07-16,31.48,44.016821613185265,143.16253234086244,-97.85787646476396,0.9790125256255953,-1.1318897386394287,-1.1349570498993689,0.0,-7.105427357601002e-15
2023-07-17,55.16,60.756399907852746,143.16253234086244,-91.22734161874716,10.896940784815332,-1.0691229459503069,-1.0066086531275735,0.0,2.1316282072803006e-14
2023-07-18,33.31,43.68004802257221,143.16253234086244,-98.31304265742115,0.5548031232040657,-0.4447404223866457,-1.2795043616864887,0.0,-1.4210854715202004e-14
2023-07-19,31.51,43.91625540707442,143.16253234086244,-98.11294895951166,0.3666936928531507,-0.4054733955610724,-1.094548271568447,0.0,7.105427357601002e-15
2023-07-20,42.4,43.96117406339011,143.16253234086244,-98.17317117475956,0.33426525101802707,-0.4096407065336962,-0.9528116471970761,0.0,-2.1316282072803006e-14
2023-07-21,60.56,44.08781671192669,143.16253234086244,-97.92856381068155,0.375772971217026,-0.43112704549862546,-1.0907977439726397,0.0,4.263256414560601e-14
2023-07-22,35.38,43.88435186972178,143.16253234086244,-98.2759877342031,0.8386003701825562,-0.6495203594116594,-1.1912727477084706,0.0,0.0
2023-07-23,28.23,44.122126042259445,143.16253234086244,-97.86477904276832,0.7054222278277075,-0.4480462351866256,-1.433003248475837,0.0,7.815970093361102e-14
2023-07-24,41.48,44.42067069093215,143.16253234086244,-97.75646837651777,0.8297601685350384,-0.7732332992106608,-1.041920142736915,0.0,2.1316282072803006e-14
2023-07-25,62.24,44.09141413244154,143.16253234086244,-97.54963315487154,0.5286027699052969,-1.0091738255778504,-1.0409139978768043,0.0,0.0
2023-07-26,59.42,44.02889290644218,143.16253234086244,-97.7341788473404,0.4564718359766997,-0.9209951753801089,-0.9349372476764967,0.0,5.684341886080802e-14
2023-07-27,54.48,44.41805226059727,143.16253234086244,-97.34034941039432,0.5384878182695618,-0.8680392673883358,-1.0745792207520906,0.0,2.1316282072803006e-14
2023-07-28,22.94,43.95399106628456,143.16253234086244,-98.02255171109674,0.29185240060059003,-0.4126054225009287,-1.065236541580791,0.0,-1.4210854715202004e-14
2023-07-29,24.18,43.763759909378365,143.16253234086244,-98.18383807283197,0.32446410541359494,-0.40912923470930407,-1.1302692293564094,0.0,1.4210854715202004e-14
2023-07-30,55.29,44.253508617850514,143.16253234086244,-98.21829034500512,0.3698303055650775,-0.15601772795851995,-0.9045459556133599,0.0,-1.4210854715202004e-14
2023-07-31,60.06,44.2802028195857,143.16253234086244,-98.24747143950918,0.47131271312415285,-0.12083093554296173,-0.9853398593487601,0.0,7.105427357601002e-15
2023-08-01,39.67,44.244647281752535,143.16253234086244,-98.54866092422651,0.769632173576508,-0.17085701355811334,-0.9679992949018296,0.0,4.263256414560601e-14
2023-08-02,37.24,44.97883349927357,143.16253234086244,-98.07097566118442,0.7805139181338081,-0.3450890769866593,-0.5481480215516397,0.0,3.552713678800501e-14
2023-08-03,30.02,45.191952087327394,143.16253234086244,-97.59345586525106,0.6799243122985519,-0.630995563358297,-0.4260531372242309,0.0,-1.4210854715202004e-14
2023-08-04,53.14,45.545246316890044,143.16253234086244,-97.09842649339046,0.6546090240310279,-0.9162329483797981,-0.25723560623317954,0.0,1.4210854715202004e-14
2023-08-05,53.06,44.53000560363203,143.16253234086244,-98.00782493051108,0.599047945457953,-0.4145486065813625,-0.8092011455959061,0.0,-2.1316282072803006e-14
2023-08-06,54.5,44.33012803228939,143.16253234086244,-98.07146285438387,0.4250206928273783,-0.2898323171653546,-0.8961298298511734,0.0,-3.552713678800501e-14
2023-08-07,60.47,44.65639529725743,143.16253234086244,-98.01871956121867,0.46408546689017793,-0.028199227892183647,-0.9233037213843366,0.0,1.4210854715202004e-14
2023-08-08,47.48,44.24158513570282,143.16253234086244,-97.55979899124603,0.44486405082091884,-0.5782808917001122,-1.2277313730344264,0.0,2.842170943040401e-14
2023-08-09,31.38,44.609572970011996,143.16253234086244,-96.05933565269235,0.6162981412127698,-1.7892870449177014,-1.320634814453224,0.0,7.105427357601002e-14
2023-08-10,36.83,44.047971018356186,143.16253234086244,-96.65429598313077,0.6790547316788724,-1.7985788748584053,-1.3407411961960183,0.0,6.394884621840902e-14
2023-08-11,31.86,44.06720487323582,143.16253234086244,-96.95851385825388,0.6519583002486087,-1.7401398328931301,-1.0486320767282489,0.0,4.263256414560601e-14
2023-08-12,58.69,44.716618340418876,143.16253234086244,-96.76605543441812,0.6077652437273722,-1.4234144810803786,-0.8642093286724893,0.0,5.684341886080802e-14
2023-08-13,43.49,45.1277226406791,143.16253234086244,-96.2040962344776,0.6486010807066688,-1.511060764944854,-0.9682537814676073,0.0,6.394884621840902e-14
2023-08-14,31.8,44.671951782937704,143.16253234086244,-96.29230455077472,0.5477114672396174,-1.584202221404341,-1.1617852529853658,0.0,6.394884621840902e-14
2023-08-15,49.06,45.13823307673656,143.16253234086244,-96.34616249386603,1.0402819100700849,-1.5745597221181935,-1.1438589582117962,0.0,6.394884621840902e-14
2023-08-16,29.53,44.729733501918744,143.16253234086244,-96.98260612371581,0.8027576030089967,-1.151832057404044,-1.1011182608328869,0.0,5.684341886080802e-14
2023-08-17,65.94,44.369002773744675,143.16253234086244,-96.77078028686003,0.4718471255878034,-1.1821053686416136,-1.312491037203947,0.0,2.1316282072803006e-14
2023-08-18,27.67,47.95528155107423,143.16253234086244,-93.38097247611226,1.0633962509037818,-1.2288108843619416,-1.6608636802178165,0.0,3.552713678800501e-14
2023-08-19,37.6,45.292690179944636,143.16253234086244,-96.69082542472023,1.1018844999445776,-1.422359784194516,-0.8585414519476549,0.0,2.1316282072803006e-14
2023-08-20,29.97,45.180327197501065,143.16253234086244,-96.50380585712499,0.7365617131294926,-1.4347571275955118,-0.780203871770428,0.0,6.394884621840902e-14
2023-08-21,35.15,44.93682120715815,143.16253234086244,-96.73343377560613,1.034741381955461,-1.5369739430968807,-0.9900447969568013,0.0,5.684341886080802e-14
2023-08-22,53.04,44.39702156252552,143.16253234086244,-97.07911724203012,0.7794429656859918,-1.4644409147702009,-1.0013955872226592,0.0,7.815970093361102e-14
2023-08-23,33.81,44.142644227200954,143.16253234086244,-97.05078699904084,0.5385109080843896,-1.4633108670154868,-1.0443011556895885,0.0,3.552713678800501e-14
2023-08-24,32.07,44.02954064660585,143.16253234086244,-96.94341700749325,0.38575044936707215,-1.4938873036686195,-1.0814378324618323,0.0,4.263256414560601e-14
2023-08-25,59.7,44.46065515665127,143.16253234086244,-96.43516306794969,0.4097242074555312,-1.5852700126313253,-1.0911683110857278,0.0,4.263256414560601e-14
2023-08-26,32.28,44.33498939541365,143.16253234086244,-96.10342026003342,0.3012415407810082,-1.6580564983644301,-1.3673077278320531,0.0,1.0658141036401503e-13
2023-08-27,58.62,45.6955787942836,143.16253234086244,-95.06409493739731,0.0003694773813685409,-1.3661275405684532,-1.0371005459944642,0.0,2.1316282072803006e-14
2023-08-28,43.87,45.81946432572148,143.16253234086244,-95.64266375728243,0.7117621325241661,-1.452257207350034,-0.9599091830326762,0.0,1.4210854715202004e-14
2023-08-29,43.96,45.84261009584753,143.16253234086244,-95.52333477823484,0.7772275020106675,-1.6312605666635325,-0.9425544021272867,0.0,8.526512829121202e-14
2023-08-30,47.72,46.23869835090406,143.16253234086244,-94.9223523867856,0.5092859957643797,-1.657359954308991,-0.8534076446282065,0.0,2.842170943040401e-14
2023-08-31,29.23,46.26591797827099,143.16253234086244,-94.73711344420606,0.4989659795883147,-1.623272875135926,-1.0351940228378518,0.0,7.105427357601002e-14
2023-09-01,32.59,45.925537042809864,143.16253234086244,-95.35640140187928,0.29768300539545695,-1.3160783548516668,-0.8621985467170813,0.0,0.0
2023-09-02,61.23,47.156649187352606,143.16253234086244,-94.72677019102066,0.6886032451679712,-1.2815792052679238,-0.6861370023892323,0.0,7.105427357601002e-15
2023-09-03,53.8,47.116727452300125,143.16253234086244,-94.59798301412606,0.6826544762628678,-1.4596590574970154,-0.6708172932021381,0.0,2.842170943040401e-14
2023-09-04,30.32,47.7156795282918,143.16253234086244,-94.03785620425515,0.6375700967863833,-1.677934121306338,-0.36863258379556235,0.0,2.842170943040401e-14
2023-09-05,61.49,48.030058733548564,143.16253234086244,-93.86899284658249,0.5780844021781433,-1.7033040769012988,-0.13826108600823894,0.0,7.105427357601002e-15
2023-09-06,32.33,47.08027465239381,143.16253234086244,-94.24474296353847,-0.009822300120896701,-1.5210914026992974,-0.3066010221099625,0.0,0.0
2023-09-07,62.21,48.09981742118294,143.16253234086244,-93.48872417149306,0.0345312532664941,-1.2921580637584162,-0.3163639376945844,0.0,7.815970093361102e-14
2023-09-08,34.47,47.91508384640567,143.16253234086244,-93.76404235803096,-0.025926689279613432,-1.1988117627414774,-0.2586676844047135,0.0,-7.105427357601002e-15
2023-09-09,47.93,47.94256263987317,143.16253234086244,-93.92761313030432,0.34445735759795065,-1.2519021037644316,-0.38491182451850403,0.0,4.973799150320701e-14
2023-09-10,57.36,46.85012501317458,143.16253234086244,-94.35524699313402,0.06902101153886973,-1.6249600551357548,-0.4012212909570228,0.0,7.815970093361102e-14
2023-09-11,50.46,44.882110136013765,143.16253234086244,-95.20312956204411,-0.34169939260103976,-2.0981979608827266,-0.6373952893208358,0.0,4.263256414560601e-14
2023-09-12,31.92,44.574318549418,143.16253234086244,-95.69140921736332,-0.3610678858863139,-1.7910972160691738,-0.7446394721257205,0.0,9.237055564881302e-14
2023-09-13,41.95,44.08037079052516,143.16253234086244,-96.12720426254563,-0.5949548499268809,-1.5394589425470717,-0.8205434953177587,0.0,6.394884621840902e-14
2023-09-14,59.91,44.208852944703224,143.16253234086244,-96.54272773097719,-0.39803975541896724,-1.2100513444318448,-0.8028605653313025,0.0,8.526512829121202e-14
2023-09-15,55.44,44.717949772890925,143.16253234086244,-95.61452484559489,-0.6455511476924138,-1.4153798944750813,-0.7691266802091737,0.0,3.552713678800501e-14
2023-09-16,55.27,45.384333479308154,143.16253234086244,-94.80986770462574,-0.5379080431721823,-1.61340914124726,-0.8170139725091102,0.0,1.4210854715202004e-14
2023-09-17,39.34,44.686433339416226,143.16253234086244,-95.60461576123511,-0.5453687755691883,-1.5675807843409035,-0.7585336803010505,0.0,4.263256414560601e-14
2023-09-18,48.46,44.55439704993688,143.16253234086244,-95.35617224375808,-0.6285048755199849,-1.7840998901722198,-0.8393582814753077,0.0,2.842170943040401e-14
2023-09-19,48.52,44.72302289372312,143.16253234086244,-94.83124338660966,-0.7351629698424831,-1.9816794632506336,-0.8914236274365966,0.0,3.552713678800501e-14
2023-09-20,21.99,44.41259837752866,143.16253234086244,-95.31635875541284,-0.6670478643674778,-1.9366649700020822,-0.8298623735514375,0.0,4.973799150320701e-14
2023-09-21,40.18,44.35167147827389,143.16253234086244,-96.42715664506825,-0.3229758772527418,-1.2506027897938234,-0.8101255504737928,0.0,6.394884621840902e-14
2023-09-22,60.45,45.05564589582612,143.16253234086244,-95.8624102393423,-0.2529185117743531,-1.442974368973664,-0.548583324946065,0.0,5.684341886080802e-14
2023-09-23,24.44,44.28314811545525,143.16253234086244,-95.69415852246023,-0.4029133421120535,-1.7175065109115744,-1.0648058499233737,0.0,4.263256414560601e-14
2023-09-24,33.16,45.784458201077115,143.16253234086244,-95.94679123291014,0.022657176916567462,-1.1308053461674141,-0.32313473762437317,0.0,4.263256414560601e-14
2023-09-25,28.58,46.33262606611664,143.16253234086244,-96.64130034417192,0.6757522522717065,-1.0596060664438025,0.19524788359824155,0.0,-2.1316282072803006e-14
2023-09-26,22.81,45.186368203396405,143.16253234086244,-97.4483331428588,0.39997896148023826,-0.5670455411008108,-0.3607644149866355,0.0,-3.552713678800501e-14
2023-09-27,48.12,44.81614652704986,143.16253234086244,-97.63945572583492,0.32625784831888105,-0.35563268480072463,-0.677555251495785,0.0,-2.1316282072803006e-14
2023-09-28,53.37,45.32588967947099,143.16253234086244,-97.48707060879558,0.760831210825471,-0.5979057482428235,-0.512497515178529,0.0,0.0
2023-09-29,37.29,45.50220033204153,143.16253234086244,-97.33139717857443,0.7300317903423263,-0.4656548705487457,-0.5933117500400673,0.0,2.1316282072803006e-14
2023-09-30,49.6,51.931551395081854,143.16253234086244,-95.24264441368184,2.2565044185750573,-0.26550586934012554,2.0206649186663435,0.0,-1.4210854715202004e-14
2023-10-01,174.18,59.65891846142693,143.16253234086244,-92.03440066999067,4.805095057826929,0.633658689123715,3.0920330436044914,0.0,2.1316282072803006e-14
2023-10-02,154.64,161.04197407401338,143.16253234086244,12.129199676639342,6.649972699231068,-0.354923651959701,-0.5448069907596919,0.0,-8.526512829121202e-14
2023-10-03,199.2,164.74548865520669,143.16253234086244,16.913409957117604,5.970973887882481,-0.8597783129684625,-0.44164921768727244,0.0,-1.1368683772161603e-13
2023-10-04,126.65,164.92263815958108,143.16253234086244,23.123345914183673,2.4504882932949985,-2.341590277712842,-1.4721381110471083,0.0,-8.526512829121202e-14
2023-10-05,222.5,169.12751867838168,143.16253234086244,25.647363251212248,3.3926548176219824,-2.34785750409156,-0.7271742272234976,0.0,5.684341886080802e-14
2023-10-06,158.65,166.56929418394705,143.16253234086244,22.400037346561522,4.813398504356737,-2.640344346635012,-1.1663296611985696,0.0,-5.684341886080802e-14
2023-10-07,174.47,168.35809244142084,143.16253234086244,25.6075695999601,2.7289351484625315,-1.8751719329428753,-1.265772714921365,0.0,0.0
2023-10-08,140.21,170.07613847666158,143.16253234086244,29.207871395990644,1.0122542441839857,-1.851334401636856,-1.4551851027385685,0.0,-5.684341886080802e-14
2023-10-09,167.07,167.7293648413737,143.16253234086244,27.537393111319894,0.7036872344941754,-2.004579789471478,-1.6696680558313342,0.0,0.0
2023-10-10,124.27,166.51603648877207,143.16253234086244,27.84922241812018,0.41167360118937024,-2.8442886728366807,-2.063103198563151,0.0,-8.526512829121202e-14
2023-10-11,131.91,162.29595317587354,143.16253234086244,22.814694940216484,0.17476102862983123,-2.1155376647578508,-1.7404974690772663,0.0,-1.1368683772161603e-13
2023-10-12,117.22,160.77026995677727,143.16253234086244,20.84858229912813,0.2735321150311631,-2.0109533238255692,-1.5034234744188304,0.0,-5.684341886080802e-14
2023-10-13,138.11,129.3775775762887,143.16253234086244,-12.01782340676556,0.8436978488166611,-1.248964581043529,-1.3618646255813491,0.0,2.842170943040401e-14
2023-10-14,197.03,153.3898146967518,143.16253234086244,11.522752710571371,1.0018654909672136,-1.0269516127466043,-1.2703842329025095,0.0,-8.526512829121202e-14
2023-10-15,209.04,175.80624028429511,143.16253234086244,35.1978857532821,0.7747645251944961,-1.3517410809841308,-1.977201254059702,0.0,-8.526512829121202e-14
2023-10-16,123.9,175.04877763772808,143.16253234086244,34.578529369134365,0.5853792535155335,-2.099388238610423,-1.1782750871738974,0.0,5.684341886080802e-14
2023-10-17,230.08,175.83348324786533,143.16253234086244,34.126988849849305,1.7697338697734952,-2.3216100276075524,-0.9041617850123901,0.0,2.842170943040401e-14
2023-10-18,179.33,176.72667855835482,143.16253234086244,36.4484544638038,1.1302955036574474,-2.7376537407384607,-1.2769500092304393,0.0,2.842170943040401e-14
2023-10-19,172.88,176.5204150662348,143.16253234086244,34.60509744695537,1.159441864909523,-1.1685784574043006,-1.2380781290882523,0.0,0.0
2023-10-20,180.4,177.35438156458534,143.16253234086244,35.51778456603197,1.055831953129735,-1.0962517732373132,-1.2855155222014296,0.0,-5.684341886080802e-14
2023-10-21,210.06,178.45795591764366,143.16253234086244,35.81823974657651,1.4549713746673418,-0.8045861414427813,-1.1732014030197726,0.0,-8.526512829121202e-14
2023-10-22,182.07,181.07199649837492,143.16253234086244,37.55745312011857,1.4547529172107159,-0.3441097234088955,-0.7586321564078229,0.0,-1.1368683772161603e-13
2023-10-23,121.64,178.28749503793998,143.16253234086244,35.210757065467874,1.1348773255237736,-0.6013799160779291,-0.6192917778361214,0.0,-5.684341886080802e-14
2023-10-24,153.94,175.76466029599646,143.16253234086244,32.85683681778375,0.5359246000531195,-0.08182862427580281,-0.7088048384269774,0.0,-5.684341886080802e-14
2023-10-25,216.04,178.46521586667933,143.16253234086244,32.41638970319701,3.1378776524081724,0.48677046155209275,-0.7383542913403788,0.0,0.0
2023-10-26,172.16,177.49049024621797,143.16253234086244,33.5971383443025,1.4561629952450925,-0.0936646096515881,-0.6316788245403749,0.0,-1.1368683772161603e-13
2023-10-27,188.76,180.8504215671299,143.16253234086244,36.953807953709976,1.2532697683549527,-0.21639821556656597,-0.3027902802310018,0.0,8.526512829121202e-14
2023-10-28,177.12,181.87347310351225,143.16253234086244,38.22617862545052,1.0141131409273505,-0.3434838969461505,-0.18586710678185803,0.0,-5.684341886080802e-14
2023-10-29,214.59,184.4893930327732,143.16253234086244,39.0108070412114,1.2130925485118662,-0.022398205245900346,1.1253593074334054,0.0,-2.842170943040401e-14
2023-10-30,210.88,184.995722549379,143.16253234086244,39.46990754535219,1.6271915302660904,-0.0038172880898434333,0.7399084209881572,0.0,-2.842170943040401e-14
2023-10-31,203.24,200.39865364354392,143.16253234086244,48.96339670992484,1.7960535626076424,0.43422799461663175,6.042443035532481,0.0,-1.1368683772161603e-13
2023-11-01,302.24,241.22731263491045,143.16253234086244,75.45146458158798,4.121844084272748,2.5424050855935314,15.949066542593604,0.0,1.4210854715202004e-13
2023-11-02,393.07,289.8560144871906,143.16253234086244,132.75404781159207,3.997806678402711,1.0742370968635793,8.867390559469511,0.0,2.2737367544323206e-13
2023-11-03,196.21,277.4664271985984,143.16253234086244,128.9357986423661,-1.2827810893908036,0.39583734452859226,6.255039960232066,0.0,0.0
2023-11-04,298.38,288.58939191785356,143.16253234086244,133.75537358398756,1.6596720896182247,2.686155633725011,7.325658269660396,0.0,-5.684341886080802e-14
2023-11-05,373.56,292.86071666201553,143.16253234086244,139.77476165497572,2.0901221855098475,1.8112699329403739,6.022030547727244,0.0,-1.1368683772161603e-13
2023-11-06,366.24,293.40364968546544,143.16253234086244,140.7528500465053,1.7101855389225677,1.4867368833573904,6.2913448758177255,0.0,0.0
2023-11-07,347.66,291.93996095611635,143.16253234086244,139.35311261854608,1.9517054623644323,1.7876543065067134,5.684956227836679,0.0,0.0
2023-11-08,254.75,289.84321324949656,143.16253234086244,138.95078927436592,1.0943799384391157,1.3830255334311883,5.252486162397847,0.0,5.684341886080802e-14
2023-11-09,200.48,287.8076362808374,143.16253234086244,137.59858889263091,0.6216946467005936,1.425353451112899,4.999466949530562,0.0,0.0
2023-11-10,227.36,283.31890276100864,143.16253234086244,137.0066708568295,-3.0717121215665966,1.358098194907802,4.863313489975547,0.0,0.0
2023-11-11,359.41,295.55704247806773,143.16253234086244,142.87735010652432,1.1193495812887957,3.072121199304138,5.3256892500880335,0.0,0.0
2023-11-12,333.74,296.17383603149915,143.16253234086244,143.25225165442478,1.4756795731715204,2.6995621248340256,5.583810338206426,0.0,-5.684341886080802e-14
2023-11-13,332.92,296.04903352706845,143.16253234086244,143.60424592339456,2.3504203777598742,1.9502883596570402,4.981546525394486,0.0,5.684341886080802e-14
2023-11-14,341.35,296.7656346010801,143.16253234086244,144.4474113732787,1.6888811309728573,2.4662580173217,5.00055173864454,0.0,-1.7053025658242404e-13
2023-11-15,318.23,295.39034659342303,143.16253234086244,141.93435145898974,3.3730843814465663,1.9370879490314903,4.983290463092787,0.0,0.0
2023-11-16,334.27,295.9209015153533,143.16253234086244,143.75366947918542,1.9889728669271343,2.030389144145403,4.985337684233044,0.0,-1.1368683772161603e-13
2023-11-17,288.06,294.05808998325955,143.16253234086244,142.64964762767295,1.4414389410213566,1.6907700374258607,5.113701036276999,0.0,-5.684341886080802e-14
2023-11-18,373.14,293.8692536726519,143.16253234086244,141.9998986565382,1.6894240901842743,1.6367568825203558,5.380641702546677,0.0,-5.684341886080802e-14
2023-11-19,304.92,291.17692655052844,143.16253234086244,139.88005295964177,1.6037539147878836,1.4313809868798932,5.099206348356614,0.0,-1.7053025658242404e-13
2023-11-20,239.05,290.6355953056871,143.16253234086244,139.4397924677454,1.216116290955592,1.547574627339342,5.2695795787843975,0.0,-5.684341886080802e-14
2023-11-21,258.06,291.60414406762527,143.16253234086244,140.13303665459395,1.1601688452023429,1.477045506708354,5.671360720258279,0.0,-1.1368683772161603e-13
2023-11-22,354.5,296.5385963675763,143.16253234086244,143.13334046636032,1.4174321677687158,2.82412064236283,6.001170750222139,0.0,-1.7053025658242404e-13
2023-11-23,334.19,295.6404732960065,143.16253234086244,142.58392700381,1.4199351907084068,2.3875414007267772,6.086537359898994,0.0,-5.684341886080802e-14
2023-11-24,257.59,290.54379306984885,143.16253234086244,138.83886687558882,0.9256805838097293,1.9593369934441138,5.657376276143687,0.0,5.684341886080802e-14
2023-11-25,291.02,290.8077474375513,143.16253234086244,138.76367986511963,1.0389053096125949,2.1791175420794455,5.663512379877159,0.0,5.684341886080802e-14
2023-11-26,342.92,292.2682854003642,143.16253234086244,139.69110889307578,1.362802718777934,1.7865368955543715,6.265304552093622,0.0,5.684341886080802e-14
2023-11-27,257.42,290.35164982741856,143.16253234086244,138.1265703125686,1.3144590014891098,2.4003619742155005,5.347726198282976,0.0,-5.684341886080802e-14
2023-11-28,223.39,282.62728096387,143.16253234086244,135.61120627847447,-2.969856367037772,2.296813078762711,4.526585632808441,0.0,-2.2737367544323206e-13
2023-11-29,231.85,287.8461994308465,143.16253234086244,138.04056774535283,0.5784995773937083,1.5317870054914517,4.532812761746158,0.0,-5.684341886080802e-14
2023-11-30,389.59,295.9569006237111,143.16253234086244,143.78211693636024,1.1489152977750066,3.2216956956581977,4.641640353055419,0.0,-1.7053025658242404e-13
2023-12-01,391.44,291.5444131741835,143.16253234086244,139.39546210209534,1.3697393074926292,2.9331876385172677,4.68349178521612,0.0,-2.8421709430404007e-13
2023-12-02,292.2,286.97239116990283,143.16253234086244,135.84851842829198,1.0600133824544922,2.4636975855313477,4.4376294327627255,0.0,-1.1368683772161603e-13
2023-12-03,269.59,284.13670414772156,143.16253234086244,134.09179512051415,1.1447126798584117,2.1994167989039655,3.538247207582719,0.0,-1.1368683772161603e-13
2023-12-04,286.68,280.4186707076892,143.16253234086244,133.42209664918016,-1.4631893082755674,1.6698381250827192,3.6273929008396353,0.0,-1.7053025658242404e-13
2023-12-05,271.93,283.91412890836835,143.16253234086244,136.50233920783683,-1.0536911628706211,1.504226178145404,3.7987223443944957,0.0,-1.7053025658242404e-13
2023-12-06,370.3,292.1928156719485,143.16253234086244,140.53813160705084,2.6779844165517783,1.890971969755186,3.9231953377282927,0.0,-5.684341886080802e-14
2023-12-07,296.98,289.8387720595314,143.16253234086244,138.19478751809154,2.5753253046421354,2.108847189434567,3.7972797065007797,0.0,-1.1368683772161603e-13
2023-12-08,283.64,285.20090434140525,143.16253234086244,136.53848524424117,1.3991253557203938,1.984053868280107,2.1167075323011404,0.0,0.0
2023-12-09,211.45,284.2735206667703,143.16253234086244,136.11643531440558,1.066350789895588,2.0489021846657782,1.8793000369410537,0.0,-1.1368683772161603e-13
2023-12-10,271.04,287.10079538372,143.16253234086244,137.0234798203917,1.4253701777513383,1.5245143613655836,3.964898683349047,0.0,-1.1368683772161603e-13
2023-12-11,349.49,287.35552301007084,143.16253234086244,138.5440472984996,1.4354082336452743,0.7215200990063191,3.492015038057297,0.0,-5.684341886080802e-14
2023-12-12,310.97,289.86962954126574,143.16253234086244,141.36055798706843,1.7365944858911406,1.8780669096486233,1.731877817795112,0.0,-5.684341886080802e-14
2023-12-13,356.27,291.93890338081275,143.16253234086244,142.2729888842141,1.7813579471276437,2.817432331051527,1.904591877557081,0.0,-5.684341886080802e-14
2023-12-14,231.44,285.71554344499725,143.16253234086244,139.751343774266,-0.23218854586729146,1.5606586041061599,1.4731972716299953,0.0,0.0
2023-12-15,291.03,290.9491863837864,143.16253234086244,141.39472715049598,1.8909377969664336,2.92837726913376,1.5726118263278441,0.0,-5.684341886080802e-14
2023-12-16,239.87,289.4704615890401,143.16253234086244,140.54445637627614,1.862419128572383,2.409620501897931,1.4914332414312332,0.0,-5.684341886080802e-14
2023-12-17,348.44,290.7601413736755,143.16253234086244,143.70934065561582,1.6797325340747877,1.8066640930208884,0.40187175010178905,0.0,-2.2737367544323206e-13
2023-12-18,298.15,288.9277338318893,143.16253234086244,142.19118604759188,1.908577757394185,1.5286964228447055,0.1367412631962304,0.0,-1.1368683772161603e-13
2023-12-19,324.03,290.38720867578684,143.16253234086244,143.09219715242588,1.5883024672316557,2.2171656674246303,0.3270110478424441,0.0,-2.2737367544323206e-13
2023-12-20,342.95,289.89066973771537,143.16253234086244,143.0273607321492,1.8900378711731618,1.6081174202496082,0.20262137328121815,0.0,-2.2737367544323206e-13
2023-12-21,231.05,286.3422617914855,143.16253234086244,140.67556079384607,1.183516916187389,1.279924588972733,0.04072715161708408,0.0,-2.2737367544323206e-13
2023-12-22,319.08,287.11704862129903,143.16253234086244,141.02173040627656,1.248543676082126,1.3798373859905333,0.30440481208751413,0.0,-1.7053025658242404e-13
2023-12-23,315.93,288.01560797740154,143.16253234086244,141.60502736142774,1.4784794860905088,1.4896708643657823,0.2798979246551075,0.0,-5.684341886080802e-14
2023-12-24,213.74,285.9676698602157,143.16253234086244,139.98527195400493,1.7790684029377468,1.3233837300993558,-0.28258656768871226,0.0,-5.684341886080802e-14
2023-12-25,308.8,287.80428746237385,143.16253234086244,140.85661460891797,1.783073649603361,1.8591323515824556,0.1429345114075729,0.0,1.1368683772161603e-13
2023-12-26,251.7,287.19926868557224,143.16253234086244,141.59417350359053,1.6543209602441666,1.4164363690330708,-0.6281944881579481,0.0,-5.684341886080802e-14
2023-12-27,279.4,287.93267708607004,143.16253234086244,142.18624279579666,1.5417566695738618,1.5150366556798016,-0.472891375842595,0.0,-1.1368683772161603e-13
2023-12-28,302.3,288.3425730420528,143.16253234086244,141.88335457069348,1.844351813656245,1.8174558631325943,-0.3651215462920015,0.0,0.0
2023-12-29,243.92,287.5013748767054,143.16253234086244,141.75241320377077,1.2810376144282876,1.2637521290052927,0.04163958863877651,0.0,-1.7053025658242404e-13
2023-12-30,337.92,287.1666992684231,143.16253234086244,141.13110289039406,1.4318577043451122,1.6458197898729057,-0.20461345705127834,0.0,-1.7053025658242404e-13
2023-12-31,227.32,285.1220812783768,143.16253234086244,138.95567101379052,1.9837165283382157,1.6155827210720624,-0.5954213256864704,0.0,5.684341886080802e-14
2024-01-01,231.43,284.609370055284,143.16253234086244,138.86533769876593,1.7438971916276125,1.1690869223300093,-0.33148409830190045,0.0,-1.1368683772161603e-13
2024-01-02,307.74,286.73297798259887,143.16253234086244,140.37298345361882,2.5212020167364617,1.2669917354980167,-0.5907315641168699,0.0,0.0
2024-01-03,231.77,289.37300255121494,143.16253234086244,141.46833385323237,3.9546476082830386,1.140767646098501,-0.3532788972612277,0.0,-1.7053025658242404e-13
2024-01-04,360.27,289.96107243988104,143.16253234086244,141.81144322581332,4.247239834606255,0.9702544917898908,-0.23039745319060184,0.0,-2.8421709430404007e-13
2024-01-05,223.45,288.19974051254303,143.16253234086244,141.39530600134307,4.159909944701967,1.3946282162495387,-1.912635990613767,0.0,-2.2737367544323206e-13
2024-01-06,280.05,288.99103247915434,143.16253234086244,142.0265319501055,4.087549945142478,1.8758689378467075,-2.1614506948025385,0.0,-2.2737367544323206e-13
2024-01-07,256.53,289.64521108859253,143.16253234086244,140.32954015998445,5.4893646343449465,1.6141159130840048,-0.9503419596832428,0.0,-5.684341886080802e-14
2024-01-08,330.14,289.9435852989107,143.16253234086244,141.73155109743735,4.054969796773927,1.255264480246916,-0.26073241640982936,0.0,-5.684341886080802e-14
2024-01-09,267.41,288.68227254903485,143.16253234086244,140.5335306375112,3.7981033380540548,1.7604150740585882,-0.5723088414513022,0.0,-1.7053025658242404e-13
2024-01-10,382.03,290.4837986837015,143.16253234086244,141.1125272691389,4.105509400189805,2.1230332251203468,-0.019803551609768648,0.0,-2.2737367544323206e-13
2024-01-11,248.9,290.6098147228686,143.16253234086244,140.54674927549962,4.904566189853348,2.2367927338647595,-0.24082581721145394,0.0,-1.1368683772161603e-13
2024-01-12,290.16,291.32181031775474,143.16253234086244,141.75561620623145,4.302292244769371,2.4650206277863536,-0.36365110189479666,0.0,-1.1368683772161603e-13
2024-01-13,273.11,290.77899961173966,143.16253234086244,141.59329208344144,4.222935688637132,2.4689958293055034,-0.6687563305066859,0.0,-1.7053025658242404e-13
2024-01-14,370.8,292.4241399618341,143.16253234086244,143.8175418495429,3.5315465936528825,2.2079392666196562,-0.29542008884355614,0.0,-2.2737367544323206e-13
2024-01-15,316.52,291.47304128158777,143.16253234086244,142.15735155971322,4.496815046695722,2.3025903450582526,-0.6462480107417267,0.0,-1.7053025658242404e-13
2024-01-16,202.84,291.4058071677383,143.16253234086244,141.9405012555473,4.879701528369528,2.0006953515196466,-0.5776233085604493,0.0,-1.7053025658242404e-13
2024-01-17,218.66,288.999857786581,143.16253234086244,140.66636950555463,4.1188696865607435,1.6882945606316353,-0.6362083070283285,0.0,-1.1368683772161603e-13
2024-01-18,238.68,284.51569649023327,143.16253234086244,137.50886042823603,3.808828595087931,1.7041160640790236,-1.6686409380320222,0.0,-1.1368683772161603e-13
2024-01-19,237.98,266.7039201538005,143.16253234086244,117.62559580599539,3.227096531938228,3.8954167020195216,-1.20672122701491,0.0,-1.7053025658242404e-13
2024-01-20,267.32,283.60030402314516,143.16253234086244,136.28326630899883,2.5571281993674426,2.4140317810724525,-0.8166546071558718,0.0,-1.7053025658242404e-13
2024-01-21,287.89,291.57547305690844,143.16253234086244,144.1766519089313,3.194910119677324,1.708262425385496,-0.6668837379479151,0.0,-2.2737367544323206e-13
2024-01-22,367.43,292.12464129627557,143.16253234086244,143.8600275311905,3.3655615027614725,2.587725865075132,-0.8512059436137943,0.0,-1.7053025658242404e-13
2024-01-23,316.79,289.52402636980327,143.16253234086244,142.13652615709736,3.374128453219056,2.001188018398462,-1.1503485997740943,0.0,5.684341886080802e-14
2024-01-24,214.99,289.252562344637,143.16253234086244,141.36230104222471,3.315028193793314,1.976828260214024,-0.564127492457431,0.0,-1.1368683772161603e-13
2024-01-25,248.97,288.4034972096542,143.16253234086244,140.40031729706945,3.3606136790659713,1.9939573615169301,-0.5139234688606725,0.0,5.684341886080802e-14
2024-01-26,258.45,288.2815519097138,143.16253234086244,141.66235042768267,3.0884693459121295,1.7508291923979793,-1.382629397141341,0.0,-1.1368683772161603e-13
2024-01-27,296.36,290.10955581080077,143.16253234086244,143.51021552473162,3.0749155153213046,1.6563346202701452,-1.2944421903845884,0.0,-1.1368683772161603e-13
2024-01-28,323.21,291.8033133969524,143.16253234086244,143.92784590551213,3.0682451963151975,2.8633280481290395,-1.2186380938662507,0.0,-1.7053025658242404e-13
2024-01-29,226.45,291.0603689033098,143.16253234086244,142.9629657576558,3.3714271445080253,2.939338920462902,-1.3758952601792138,0.0,-1.7053025658242404e-13
2024-01-30,284.9,288.32696715462407,143.16253234086244,141.24242671885656,3.363445697662915,1.9573670646624908,-1.3988046674202848,0.0,-5.684341886080802e-14
2024-01-31,291.33,289.30210786128225,143.16253234086244,141.30061380875824,3.2499371219797224,2.0780544152079834,-0.48902982552605934,0.0,-1.1368683772161603e-13
2024-02-01,118.78,291.2057351418443,143.16253234086244,142.41888844988904,3.3443079066812786,2.968922153224036,-0.6889157088122096,0.0,-2.8421709430404007e-13
2024-02-02,185.92,249.0605995464384,143.16253234086244,100.95021538979816,3.720673439929041,2.630977969960062,-1.4037995941113748,0.0,8.526512829121202e-14
2024-02-03,162.29,214.06844678651822,143.16253234086244,69.45640751553283,1.8029583733621535,1.4334517124146955,-1.786903155653882,0.0,0.0
2024-02-04,197.2,181.9402431571324,143.16253234086244,36.88108012248514,1.843798903879574,2.1410700866311503,-2.0882382967258084,0.0,-1.1368683772161603e-13
2024-02-05,141.66,183.14760664401288,143.16253234086244,38.615439077782064,1.850087818058536,1.9754067561540711,-2.4558593488439584,0.0,-2.5579538487363607e-13
2024-02-06,201.69,178.93329928961055,143.16253234086244,35.277136944394584,1.725546656957685,2.0231552434585183,-3.255071896062413,0.0,-2.8421709430404007e-13
2024-02-07,174.75,182.18983536051368,143.16253234086244,37.3775478470573,2.062274777897709,1.5826931197200547,-1.9952127250235803,0.0,-2.5579538487363607e-13
2024-02-08,233.88,176.79029005682764,143.16253234086244,33.32854299076351,2.0321649558193964,0.18648611533450626,-1.9194363459521082,0.0,-1.1368683772161603e-13
2024-02-09,188.41,175.86741390201908,143.16253234086244,37.07313430684552,1.3080984888604044,-3.6941622922170168,-1.9821889423321946,0.0,-8.526512829121202e-14
2024-02-10,157.32,176.1240748814512,143.16253234086244,36.92950817923569,1.4728212297411396,-3.5945424674152755,-1.8462444009727377,0.0,-5.684341886080802e-14
2024-02-11,211.01,177.92963289290088,143.16253234086244,36.25682545442359,1.8677347688805725,-2.015728739390526,-1.3417309318752173,0.0,2.842170943040401e-14
2024-02-12,160.19,178.49344311325058,143.16253234086244,36.10303915582426,1.494987546158528,-0.714047734925783,-1.5530681946687908,0.0,-8.526512829121202e-14
2024-02-13,207.01,181.72119718999792,143.16253234086244,38.384070162965195,1.2395579593500032,0.2559007502150762,-1.3208640233945976,0.0,-1.9895196601282805e-13
2024-02-14,195.86,181.5818691169134,143.16253234086244,38.488243999310605,1.3145184000568775,0.041034939514401375,-1.4244605628307874,0.0,-1.4210854715202004e-13
2024-02-15,124.11,180.50063269478673,143.16253234086244,37.95249271053512,1.598301004701781,-0.5564391345103445,-1.656254226802144,0.0,-1.1368683772161603e-13
2024-02-16,139.18,173.69576360056598,143.16253234086244,30.48109089013991,1.9370614801620039,-0.21730330963319888,-1.6676178009652372,0.0,8.526512829121202e-14
2024-02-17,123.84,173.66214902560188,143.16253234086244,29.113997062964806,3.966265170437621,-0.9730097973948252,-1.607635751268174,0.0,0.0
2024-02-18,142.4,157.67393036507332,143.16253234086244,10.61751006055149,5.39765708531969,-0.34650327361937616,-1.1572658480408298,0.0,-1.1368683772161603e-13
2024-02-19,170.23,168.48267212845738,143.16253234086244,24.62594632868606,3.7635608284621127,-0.730048835548503,-2.3393185340047107,0.0,-2.842170943040401e-14
2024-02-20,216.76,172.6676085384952,143.16253234086244,30.201121734390323,3.347915128763229,-2.7152128160644105,-1.3287478494564284,0.0,2.842170943040401e-14
2024-02-21,127.58,173.57562927870947,143.16253234086244,33.2095847227259,2.4016213218815157,-3.7386220741080836,-1.4594870326523663,0.0,5.684341886080802e-14
2024-02-22,168.38,170.7048503815015,143.16253234086244,31.430708669904952,1.9822662472759014,-3.6564613093722254,-2.2141955671695928,0.0,2.842170943040401e-14
2024-02-23,197.0,171.09895593917037,143.16253234086244,30.610249436521077,1.9932718307020547,-2.561152409280294,-2.1059452596349306,0.0,2.842170943040401e-14
2024-02-24,126.74,171.82799511659735,143.16253234086244,30.875800721574144,1.8669024314712936,-2.9199936627015655,-1.1572467146089143,0.0,-5.684341886080802e-14
2024-02-25,190.7,170.3222228668625,143.16253234086244,28.75144302426678,1.8049302410284485,-2.238814116711505,-1.1578686225836554,0.0,-2.842170943040401e-14
2024-02-26,153.46,171.64107326767612,143.16253234086244,31.990107271756777,0.440775838787868,-2.604347007510477,-1.3479951762204125,0.0,-8.526512829121202e-14
2024-02-27,135.5,170.60184597736526,143.16253234086244,31.513031936100997,0.7366002247012771,-2.447957411354205,-2.362361112945278,0.0,2.842170943040401e-14
2024-02-28,129.61,171.03369457831775,143.16253234086244,30.444087393863544,1.084177953392529,-1.628918762670855,-2.0281843471299554,0.0,5.684341886080802e-14
2024-02-29,226.3,164.9348017730593,143.16253234086244,23.926282862243102,1.5863720195899669,-1.772877145429468,-1.9675083042066497,0.0,-1.1368683772161603e-13
2024-03-01,124.97,173.55480898276292,143.16253234086244,34.86247045460949,1.0415630504574833,-2.6096302339460937,-2.902126629220418,0.0,2.842170943040401e-14
2024-03-02,85.88,172.97319018342833,143.16253234086244,32.16023901858446,1.0964751202971343,-1.8876221589474382,-1.558434137368223,0.0,-5.684341886080802e-14
2024-03-03,116.91,144.0702303060015,143.16253234086244,2.629427379087954,0.3363430891325246,-2.0656719881688432,0.0075994850875138395,0.0,-8.526512829121202e-14
2024-03-04,67.27,110.72982143266181,143.16253234086244,-31.32413247845376,0.7443878957466917,-2.0127186484588044,0.1597523229652342,0.0,1.4210854715202004e-14
2024-03-05,94.06,105.62340730266789,143.16253234086244,-36.075584751975256,0.7135469117408153,-1.8004331612863613,-0.37665403667379305,0.0,4.263256414560601e-14
2024-03-06,96.28,108.25230016323331,143.16253234086244,-33.29916032357692,0.84361207139508,-1.8958457230117594,-0.55883820243559,0.0,5.684341886080802e-14
2024-03-07,100.68,108.07521380031204,143.16253234086244,-33.732394645196734,0.9808582178654627,-1.8422668279639618,-0.49351528525523286,0.0,7.105427357601002e-14
2024-03-08,89.35,102.16961042103065,143.16253234086244,-40.090243844868446,1.2475823759604219,-1.7723364099507153,-0.37792404097304294,0.0,0.0
2024-03-09,97.01,101.95776801992704,143.16253234086244,-39.665915454322686,1.2196913274952264,-2.011173241589045,-0.747366952518875,0.0,-1.4210854715202004e-14
2024-03-10,74.25,102.36326219382006,143.16253234086244,-39.26550143872653,1.2291555368652942,-1.682324022286113,-1.0806002228950258,0.0,0.0
2024-03-11,121.49,102.65227015654817,143.16253234086244,-39.48579797921301,1.1677301462179717,-1.2487702430753818,-0.9434241082438426,0.0,0.0
2024-03-12,79.47,102.89246370712688,143.16253234086244,-39.663377769704454,1.0322657042727421,-1.1112778340462317,-0.5276787342575934,0.0,-2.842170943040401e-14
2024-03-13,108.21,102.94658775870897,143.16253234086244,-39.55466258541602,1.1148010809280613,-1.2156818159149898,-0.5604012617504882,0.0,-2.842170943040401e-14
2024-03-14,122.5,103.03357538773236,143.16253234086244,-39.49373095837505,0.9646679142833459,-1.2459844778144533,-0.35390943122393675,0.0,1.4210854715202004e-14
2024-03-15,93.16,101.08939437781224,143.16253234086244,-41.2016088723717,0.9648354317552252,-1.4929029215919565,-0.3434616008418168,0.0,4.263256414560601e-14
2024-03-16,98.71,100.97782122528253,143.16253234086244,-41.405911969801416,0.956534221936005,-1.63647234687709,-0.09886102083741713,0.0,0.0
2024-03-17,108.05,101.24425452305911,143.16253234086244,-42.06387644519286,0.937679705954121,-0.7324543626671302,-0.05962671589747737,0.0,2.842170943040401e-14
2024-03-18,71.09,101.25238169305617,143.16253234086244,-42.13650654412645,1.0796676959798241,-0.5949050581814777,-0.2584067414781764,0.0,0.0
2024-03-19,128.02,100.85457336812091,143.16253234086244,-42.27586141739166,1.0667267156518292,-0.73588302727065,-0.36294124373107334,0.0,1.4210854715202004e-14
2024-03-20,90.83,101.28857287719194,143.16253234086244,-42.104836304686394,1.1164711764361372,-0.5367903304810983,-0.3488040049391206,0.0,-2.842170943040401e-14
2024-03-21,126.06,101.34828921102458,143.16253234086244,-42.05657656546011,1.1489586683455286,-0.397110052926453,-0.5095151797968391,0.0,1.4210854715202004e-14
2024-03-22,102.19,101.1309415768085,143.16253234086244,-42.11885658766454,1.047287084689086,-0.44179445635532477,-0.5182268047231608,0.0,-1.4210854715202004e-14
2024-03-23,127.62,101.11432603771571,143.16253234086244,-42.56580698795951,1.1910517356362016,-0.34120079198748493,-0.33225025883590764,0.0,-2.842170943040401e-14
2024-03-24,109.92,100.92183815414117,143.16253234086244,-42.1566531509055,0.8473686924772208,-0.4131187624687126,-0.5182909658242968,0.0,2.842170943040401e-14
2024-03-25,76.8,100.66242440737363,143.16253234086244,-41.36550252848357,0.686184127182092,-1.5322565357166988,-0.288532996470654,0.0,2.842170943040401e-14
2024-03-26,76.51,100.38054723910167,143.16253234086244,-41.285445794819395,0.7277994752619387,-1.9306015509833818,-0.29373723121998246,0.0,5.684341886080802e-14
2024-03-27,77.47,100.44370206258306,143.16253234086244,-41.46924869630854,0.6521092017335832,-1.597090311295673,-0.3046004724087923,0.0,4.263256414560601e-14
2024-03-28,99.23,99.9916326535692,143.16253234086244,-41.71361885835179,0.567294537292494,-1.528289779859021,-0.4962855863749688,0.0,4.263256414560601e-14
2024-03-29,126.72,100.2981394736384,143.16253234086244,-41.6603948650142,0.6187029068229636,-1.462591140134911,-0.36010976889792456,0.0,2.842170943040401e-14
2024-03-30,115.34,100.44060347905979,143.16253234086244,-41.37957499766407,0.4881156871980987,-1.6723647149703669,-0.158104836366392,0.0,7.105427357601002e-14
2024-03-31,121.81,99.82969276925452,143.16253234086244,-41.58967706647076,0.3677528809942294,-1.9003428444322688,-0.2105725416991711,0.0,4.263256414560601e-14
2024-04-01,119.29,100.06298275791512,143.16253234086244,-41.19768745725425,0.4718529865537946,-2.0676955305539644,-0.30601958169296717,0.0,7.105427357601002e-14
2024-04-02,134.62,100.05929132185967,143.16253234086244,-41.68170306110686,0.40724081412644686,-2.0220364560969277,0.19325768407452776,0.0,4.263256414560601e-14
2024-04-03,131.02,100.07057884352214,143.16253234086244,-41.421232403332965,0.35934165121944683,-2.1602173889146274,0.1301546436878169,0.0,2.842170943040401e-14
2024-04-04,107.22,103.07039941286757,143.16253234086244,-38.218580430082156,0.19636507388461474,-2.126021291108125,0.056103719310761135,0.0,2.842170943040401e-14
2024-04-05,117.0,101.42964142004638,143.16253234086244,-39.977798309909076,0.054485147165119596,-1.9074285943059377,0.09785083623378354,0.0,5.684341886080802e-14
2024-04-06,66.81,100.3922460202,143.16253234086244,-41.19998927785433,0.144323998136081,-1.8113090722332676,0.0966880312890562,0.0,1.4210854715202004e-14
2024-04-07,72.56,97.73160588582776,143.16253234086244,-43.91764132684936,0.2757527285446887,-2.0805161313250564,0.29147827459498366,0.0,7.105427357601002e-14
2024-04-08,114.11,99.5767199899613,143.16253234086244,-42.14083790265819,0.27029261948408667,-1.9069723932051157,0.19170532547808317,0.0,0.0
2024-04-09,120.21,99.07281953886239,143.16253234086244,-42.517449058422805,0.3050234336133064,-2.0170532557307106,0.13976607854013964,0.0,1.4210854715202004e-14
2024-04-10,90.23,99.74258522351732,143.16253234086244,-41.859127569632584,0.07565602683909525,-1.8406720402430181,0.20419646569139627,0.0,0.0
2024-04-11,116.8,99.7904566660935,143.16253234086244,-42.08800693443103,0.003281943136963089,-1.5014863222111638,0.21413563873628177,0.0,1.4210854715202004e-14
2024-04-12,72.99,99.55182223593076,143.16253234086244,-42.247545118156545,-0.062383677983256974,-1.5554796481625768,0.25469833937067615,0.0,1.4210854715202004e-14
2024-04-13,102.45,99.6876028734626,143.16253234086244,-43.210070384789994,0.8314809912219094,-1.3438973787384678,0.2475573049067168,0.0,0.0
2024-04-14,83.0,99.92723277962631,143.16253234086244,-42.35631186433303,0.04924366801201763,-1.185598885059389,0.25736752014426845,0.0,0.0
2024-04-15,71.83,99.90882689074623,143.16253234086244,-42.30498027019691,0.005130174806556198,-1.2682459349408293,0.3143905802149574,0.0,1.4210854715202004e-14
2024-04-16,92.82,99.80738974730485,143.16253234086244,-42.28894011164678,-0.10034097867344527,-1.4357014985081886,0.46983999527083603,0.0,-1.4210854715202004e-14
2024-04-17,67.83,99.85021576717412,143.16253234086244,-43.30130004004539,-0.04306797106653196,-1.383342355066485,1.415393792490095,0.0,0.0
2024-04-18,79.98,98.10156201933427,143.16253234086244,-44.74132816701038,0.04264304111173309,-1.8737790176648639,1.5114938220353205,0.0,2.842170943040401e-14
2024-04-19,127.93,99.57825230914835,143.16253234086244,-43.051192505284526,-0.05831249662345817,-1.991832790188881,1.517057760382788,0.0,-1.4210854715202004e-14
2024-04-20,92.26,99.46904563930121,143.16253234086244,-43.201706687531434,0.013125397284140791,-1.9696243307134198,1.4647189193994823,0.0,0.0
2024-04-21,79.76,99.84401901890983,143.16253234086244,-43.59236893358791,0.0683940774748517,-1.9074525829644016,2.1129141171248165,0.0,4.263256414560601e-14
2024-04-22,99.45,99.65990275789541,143.16253234086244,-43.783884250198945,0.10307751060043437,-1.9507404799050623,2.128917636536509,0.0,4.263256414560601e-14
2024-04-23,100.68,99.94406249649961,143.16253234086244,-43.64205598601225,0.0032960002297017094,-1.8973993094408867,2.317689450860589,0.0,1.4210854715202004e-14
2024-04-24,90.0,100.0644301386235,143.16253234086244,-43.59408439732632,0.07437064904218045,-1.916444619989521,2.3380561660347006,0.0,2.842170943040401e-14
2024-04-25,113.66,100.1251774011648,143.16253234086244,-43.57537585883334,0.10732413671535142,-1.9203118999077264,2.3510086823280645,0.0,1.4210854715202004e-14
2024-04-26,108.76,99.75293341031434,143.16253234086244,-43.664417745618614,0.09804280183795842,-2.199487986424567,2.356263999657102,0.0,2.842170943040401e-14
2024-04-27,71.96,100.01781374696984,143.16253234086244,-43.59674645096123,0.11235475887297118,-1.9972442074234378,2.336917305619086,0.0,0.0
2024-04-28,100.54,99.8464444530128,143.16253234086244,-43.59027965983482,-0.030765422305282022,-2.0415804279080207,2.3465376221984657,0.0,0.0
2024-04-29,101.82,100.12724994584602,143.16253234086244,-43.42818330873293,-0.035495035976297766,-1.973436724874768,2.4018326745675567,0.0,1.4210854715202004e-14
2024-04-30,130.22,100.08306826224597,143.16253234086244,-43.60938269448303,0.1853421804104013,-2.012864325886263,2.3574407613424206,0.0,0.0
2024-05-01,118.94,99.93109116657152,143.16253234086244,-43.71466577416081,0.1479978145158547,-2.036806685274524,2.3720334706285353,0.0,2.842170943040401e-14
2024-05-02,122.91,100.04090895695721,143.16253234086244,-43.82867958431735,0.23651088364745565,-1.8628053652726806,2.333350682037328,0.0,1.4210854715202004e-14
2024-05-03,103.45,100.04708344884033,143.16253234086244,-43.646171862679545,0.18430302689602734,-1.9714826656986595,2.317902609460059,0.0,1.4210854715202004e-14
2024-05-04,91.71,100.03370985335634,143.16253234086244,-43.80542302626538,0.25089152535058423,-1.9149771537807494,2.3406861671894483,0.0,0.0
2024-05-05,117.86,100.03736505868073,143.16253234086244,-43.874714291954035,0.2058338288703544,-1.79777658364941,2.3414897645513997,0.0,-1.4210854715202004e-14
2024-05-06,123.14,99.72565744117836,143.16253234086244,-43.87616845697716,0.1867695497214269,-1.8797397957931297,2.1322638033647703,0.0,0.0
2024-05-07,67.46,99.73155746695068,143.16253234086244,-43.934142427607625,0.16633349915069978,-1.8216147804082479,2.1584488349533837,0.0,2.842170943040401e-14
2024-05-08,99.72,97.97109698280644,143.16253234086244,-45.56718412033948,0.2501066708523185,-2.04144303024146,2.1670851216725833,0.0,4.263256414560601e-14
2024-05-09,129.96,99.54703881152976,143.16253234086244,-44.006905689152916,0.19120649126527578,-1.9113707255736418,2.1115763941285817,0.0,1.4210854715202004e-14
2024-05-10,102.86,99.12104757639449,143.16253234086244,-44.27432370472258,0.06096787007027414,-1.9360918538331204,2.10796292401747,0.0,0.0
2024-05-11,103.2,99.35029974572059,143.16253234086244,-43.85613795881575,0.006552683225073561,-2.015543599868416,2.052896280317222,0.0,1.4210854715202004e-14
2024-05-12,70.93,99.49861169990159,143.16253234086244,-43.944500362154706,-0.040175918456125004,-1.7674345233820683,2.088190163032018,0.0,2.842170943040401e-14
2024-05-13,122.32,98.80768246889744,143.16253234086244,-44.55431895861726,0.003519474853283855,-1.708047816324983,1.9039974281239775,0.0,-2.842170943040401e-14
2024-05-14,124.43,98.65701097976047,143.16253234086244,-44.72040487315233,-0.07779818608641262,-1.6690161609199936,1.9616978590567602,0.0,1.4210854715202004e-14
2024-05-15,110.34,98.89110627306387,143.16253234086244,-44.10255941754324,-0.4616538907024901,-1.6399363876862114,1.9327236281333726,0.0,0.0
2024-05-16,98.74,98.96977677243402,143.16253234086244,-44.443879488185424,-0.1145405483112304,-1.5408549110864105,1.9065193791546575,0.0,-1.4210854715202004e-14
2024-05-17,79.68,98.76974049820618,143.16253234086244,-44.31177443203053,-0.09075798655778122,-1.8873462885907244,1.8970868645227688,0.0,0.0
2024-05-18,109.92,98.63084843498036,143.16253234086244,-44.879397687463594,0.03209990110363259,-1.601733741919395,1.9173476223972434,0.0,4.263256414560601e-14
2024-05-19,80.52,98.97712302074432,143.16253234086244,-44.66601391263241,0.14647186454562058,-1.5785549552082698,1.9126876831769284,0.0,1.4210854715202004e-14
2024-05-20,102.97,98.85048488387031,143.16253234086244,-44.41736447472805,0.023708918581811844,-1.8194679571754515,1.9010760563295706,0.0,0.0
2024-05-21,110.87,99.20698608188697,143.16253234086244,-44.03700972019469,0.011203382932925054,-2.111217011186668,2.181477089472944,0.0,1.4210854715202004e-14
2024-05-22,110.4,99.8859057360487,143.16253234086244,-43.55818544986993,-0.13320069483686103,-1.9427953001992877,2.3575548400923485,0.0,-1.4210854715202004e-14
2024-05-23,132.27,99.91856895655312,143.16253234086244,-43.5684403896589,-0.13122389306089605,-1.9144225213095436,2.3701234197200605,0.0,-2.842170943040401e-14
2024-05-24,93.67,99.71541982816503,143.16253234086244,-43.6847084115113,-0.1400859670082703,-1.8344266002112626,2.2121084660334227,0.0,-1.4210854715202004e-14
2024-05-25,88.32,100.17832105400016,143.16253234086244,-44.106230114079864,0.6696951017838801,-1.8656883530236221,2.3180120784573366,0.0,-1.4210854715202004e-14
2024-05-26,82.96,99.89476231755062,143.16253234086244,-43.595009945696575,-0.1287801652957518,-1.9068525233321636,2.362872611012668,0.0,-1.4210854715202004e-14
2024-05-27,86.83,99.94878348128604,143.16253234086244,-43.469237444392206,-0.10220103539229791,-1.9921987853298995,2.349888405538029,0.0,-2.842170943040401e-14
2024-05-28,104.9,99.97299733623593,143.16253234086244,-43.40192882034002,-0.1434651672522094,-2.0245064086576465,2.380365391623392,0.0,-2.842170943040401e-14
2024-05-29,130.22,100.02956337987897,143.16253234086244,-43.451325385618766,-0.22372743621019564,-1.8102105844319718,2.3522944452774746,0.0,-1.4210854715202004e-14
2024-05-30,70.15,100.01952597756345,143.16253234086244,-43.67241840205206,-0.1696958212368323,-1.7065195713022392,2.4056274312921664,0.0,-2.842170943040401e-14
2024-05-31,93.47,99.42036205541886,143.16253234086244,-44.262629098079174,-0.12831486163756903,-1.7392935880734428,2.388067262346654,0.0,-4.263256414560601e-14
2024-06-01,84.78,99.83693718653687,143.16253234086244,-43.704646627791824,-0.08143865350199672,-1.8968608056136542,2.3573509325819133,0.0,-1.4210854715202004e-14
2024-06-02,92.06,99.59926538144667,143.16253234086244,-43.57982436240647,-0.12629561439592316,-2.2349438736850127,2.3777968910716347,0.0,0.0
2024-06-03,128.57,99.85059063984546,143.16253234086244,-43.513989129181574,-0.18666888668060594,-1.9750712322946589,2.363787547139891,0.0,-2.842170943040401e-14
2024-06-04,103.0,99.76983385748451,143.16253234086244,-43.67384585753395,-0.2166727293281681,-1.7560096144507789,2.2538297179349973,0.0,-2.842170943040401e-14
2024-06-05,65.76,99.79719953313199,143.16253234086244,-43.50525325864275,-0.2274803768849144,-1.8827798436954968,2.250180671492733,0.0,-2.842170943040401e-14
2024-06-06,127.46,93.12902135154536,143.16253234086244,-50.27479205092673,-0.11699922656914816,-2.003869120935224,2.362149409114077,0.0,-5.684341886080802e-14
2024-06-07,94.88,99.65817800470204,143.16253234086244,-43.534626076048596,-0.17668974581857577,-1.9551839990160635,2.1621454847228567,0.0,-1.4210854715202004e-14
2024-06-08,92.21,99.74748254318607,143.16253234086244,-43.39636377651697,-0.06332732746521177,-1.8888850028301258,1.9335263091359196,0.0,1.4210854715202004e-14
2024-06-09,100.81,99.61586479734929,143.16253234086244,-43.505863424395194,-0.09649335906812698,-1.9254275502458646,1.981116790196038,0.0,-1.4210854715202004e-14
2024-06-10,111.99,99.9082289595262,143.16253234086244,-43.330947225140704,-0.05953167148761299,-1.9429795598479356,2.0791550751400094,0.0,0.0
2024-06-11,110.1,99.72492244344603,143.16253234086244,-43.648308696864255,-0.0639256983421156,-1.8098089151550512,2.0844334129450264,0.0,-1.4210854715202004e-14
2024-06-12,126.77,99.54183011143922,143.16253234086244,-43.42417904686539,-0.03497068551113579,-1.9583660091797248,1.796813512133033,0.0,0.0
2024-06-13,75.66,99.82142251483738,143.16253234086244,-43.304284496584216,-0.060293493089089864,-1.7807326078987025,1.8042007715469408,0.0,1.4210854715202004e-14
2024-06-14,95.03,100.62068076695985,143.16253234086244,-42.00205918151456,0.3554796309804714,-1.7619308938104619,0.8666588704419429,0.0,2.842170943040401e-14
2024-06-15,89.07,100.18610116817791,143.16253234086244,-42.312057593628836,0.29212174124761714,-2.0252673384464353,1.068772018143149,0.0,-2.842170943040401e-14
2024-06-16,139.69,100.36577768717534,143.16253234086244,-43.23475928478879,2.440966206298579,-2.1155746000097344,0.11261302481284467,0.0,0.0
2024-06-17,94.07,124.95705588032824,143.16253234086244,-16.64807736887724,0.5573444246089005,-2.0480655837575905,-0.06667793250823265,0.0,-4.263256414560601e-14
2024-06-18,79.86,115.32103255841287,143.16253234086244,-26.692792080218585,0.6977810295580182,-2.0625672581273777,0.21607852633841687,0.0,-5.684341886080802e-14
2024-06-19,106.28,114.87889173105292,143.16253234086244,-27.40850870140372,1.2406885817128264,-2.0810632983521904,-0.03475719176639141,0.0,-4.263256414560601e-14
2024-06-20,112.57,100.02023890958286,143.16253234086244,-41.07800532055359,0.01700961556864261,-2.157745140054023,0.07644741375935808,0.0,4.263256414560601e-14
2024-06-21,64.76,99.77948529476244,143.16253234086244,-41.1453212918049,-0.10643298497676151,-2.06305729763255,-0.06823547168577439,0.0,-1.4210854715202004e-14
2024-06-22,74.48,86.59486893453159,143.16253234086244,-54.75011561273534,0.11535001290372966,-1.8944939784132058,-0.038403828085980654,0.0,-4.263256414560601e-14
2024-06-23,115.98,99.08185128123658,143.16253234086244,-42.23592640165251,-0.0861036210189111,-1.6904559682505096,-0.06819506870397296,0.0,4.263256414560601e-14
2024-06-24,111.15,99.17081937182576,143.16253234086244,-41.90865905855551,0.070246733896357,-1.7537406608782997,-0.39955998349924793,0.0,1.4210854715202004e-14
2024-06-25,84.12,99.85411046724808,143.16253234086244,-41.46101145821245,-0.0944340288634163,-1.627931686295805,-0.1250447002427194,0.0,1.4210854715202004e-14
2024-06-26,88.44,99.47126423901693,143.16253234086244,-41.7448639233455,0.022364293513485997,-1.7424914138999832,-0.22627705811351007,0.0,0.0
2024-06-27,93.88,99.91935698134407,143.16253234086244,-41.329346933722704,-0.0762607425226335,-1.6018498497743876,-0.23571783349865005,0.0,0.0
2024-06-28,73.64,99.950250468119,143.16253234086244,-40.94207947962162,-0.20050248599644663,-1.826795481372044,-0.2429044257533694,0.0,2.842170943040401e-14
2024-06-29,114.41,100.15925362800706,143.16253234086244,-40.85236486408202,-0.35640751293455264,-1.5569003076990704,-0.23760602813973997,0.0,0.0
2024-06-30,130.24,100.20000213386946,143.16253234086244,-40.88600657925697,-0.4189334853781407,-1.3941201488794182,-0.26346999347848193,0.0,2.842170943040401e-14
2024-07-01,53.83,100.18788345325667,143.16253234086244,-40.58366462082571,-0.494809652916377,-1.2869034717684964,-0.6092711420951965,0.0,1.4210854715202004e-14
2024-07-02,49.54,74.6366380564076,143.16253234086244,-66.02794152709136,-0.5297370182242653,-1.3781045526589306,-0.5901111864803242,0.0,4.263256414560601e-14
2024-07-03,24.78,70.07659116727679,143.16253234086244,-70.12876751702264,-1.2149188302104639,-1.2320853698665821,-0.5101694564859673,0.0,0.0
2024-07-04,30.6,44.52194953404065,143.16253234086244,-95.28536766683608,-1.3386804598367772,-1.1060489459596081,-0.9104857341893239,0.0,7.105427357601002e-15
2024-07-05,49.2,44.8239660339324,143.16253234086244,-95.06460479193103,-1.120001521884443,-1.3128238886441734,-0.8411361044704087,0.0,2.1316282072803006e-14
2024-07-06,25.51,44.566192157352425,143.16253234086244,-95.7143000441852,-1.4596054414820507,-0.621421444388553,-0.8010132534542695,0.0,6.394884621840902e-14
2024-07-07,52.57,44.612712228603066,143.16253234086244,-95.40262813244739,-1.6608041872049455,-0.8321753969262056,-0.6542123956808364,0.0,-7.105427357601002e-15
2024-07-08,62.66,44.353091922757024,143.16253234086244,-95.6741403138305,-1.5887346189094869,-0.8267503258373854,-0.719815159528032,0.0,-2.1316282072803006e-14
2024-07-09,50.66,44.184228416093745,143.16253234086244,-96.37113898069937,-1.1888283045681887,-0.595983261207085,-0.8223533782940295,0.0,-2.842170943040401e-14
2024-07-10,41.4,44.46102430768929,143.16253234086244,-96.35398848206627,-1.0672422284589749,-0.4867049823627129,-0.793572340285189,0.0,7.105427357601002e-15
2024-07-11,67.24,44.39208258473839,143.16253234086244,-96.19589689367457,-1.1996595852524257,-0.4841999523164201,-0.8906933248806572,0.0,1.4210854715202004e-14
2024-07-12,30.28,50.68599980762816,143.16253234086244,-90.54049234320021,-0.790533128200919,-0.4480944939841267,-0.6974125678490273,0.0,7.105427357601002e-15
2024-07-13,56.81,44.694191722109665,143.16253234086244,-95.98504308715216,-0.8890996827416261,-0.9459493279053802,-0.6482485209536908,0.0,8.526512829121202e-14
2024-07-14,46.02,44.391251107012586,143.16253234086244,-96.393760546376,-0.8216864286563708,-0.7875247956790151,-0.7683094631385505,0.0,9.237055564881302e-14
2024-07-15,27.74,44.35975765375682,143.16253234086244,-96.89061415921167,-0.8207820159786238,-0.36472921766995187,-0.7266492942454102,0.0,2.1316282072803006e-14
2024-07-16,29.36,44.15837478880521,143.16253234086244,-97.41736889454656,-0.36124281875009756,-0.45175900669427393,-0.7737868320663542,0.0,4.973799150320701e-14
2024-07-17,42.57,44.066345104296225,143.16253234086244,-96.7133416756715,-0.8541193831900963,-0.7611877118919766,-0.7675384658127185,0.0,7.815970093361102e-14
2024-07-18,33.9,44.27096011913925,143.16253234086244,-97.04676403508161,-0.36970539172510297,-0.7203587173570472,-0.7547440775594643,0.0,2.842170943040401e-14
2024-07-19,28.45,44.13151892154506,143.16253234086244,-98.06500145907934,0.24705094575192393,-0.5386717018412709,-0.6743912041486845,0.0,-7.105427357601002e-15
2024-07-20,61.84,44.992362733552355,143.16253234086244,-97.76756721932757,0.10649475630163485,-0.24945164745412757,-0.2596454968300139,0.0,0.0
2024-07-21,48.49,44.373419819984555,143.16253234086244,-97.53722709685313,-0.08434139195427186,-0.2479309284801748,-0.9196131035902673,0.0,-4.973799150320701e-14
2024-07-22,54.64,44.272941533328066,143.16253234086244,-97.6910810889649,-0.18790000525879705,-0.3382077885790906,-0.6724019247316,0.0,1.4210854715202004e-14
2024-07-23,59.89,60.563032202787724,143.16253234086244,-91.62916638177347,10.153738049969109,-0.38260415891105515,-0.741467647359316,0.0,1.4210854715202004e-14
2024-07-24,25.12,43.97891712527632,143.16253234086244,-97.94689231083811,-0.11707618779860499,-0.23682206653535423,-0.8828246504140702,0.0,7.105427357601002e-15
2024-07-25,31.82,43.94035413863851,143.16253234086244,-97.83579979210961,0.1731403086265925,-0.3657698769908537,-1.1937488417500735,0.0,2.842170943040401e-14
2024-07-26,55.62,44.9708738513958,143.16253234086244,-97.213356644868,0.3414167951175623,-0.053563351415162226,-1.2661552883010643,0.0,2.1316282072803006e-14
2024-07-27,45.81,44.98241008792511,143.16253234086244,-97.49568093143414,0.4451134595231681,0.2704579644563588,-1.4000127454827194,0.0,7.105427357601002e-15
2024-07-28,33.95,45.0510276640968,143.16253234086244,-97.98455466708924,0.4299352235799797,0.3558583807102804,-0.9127436139666539,0.0,7.105427357601002e-15
2024-07-29,51.19,45.0838583568627,143.16253234086244,-97.63707926377367,0.48247892792394265,0.02927385476540767,-0.9533475029154139,0.0,-7.105427357601002e-15
2024-07-30,42.24,45.34186060136307,143.16253234086244,-97.43439211368138,0.5937333297687803,0.07107119138449261,-1.051084146971219,0.0,-4.263256414560601e-14
2024-07-31,38.75,45.33728869506516,143.16253234086244,-97.72715660175949,0.781103842538944,0.17564861459221276,-1.0548395011689318,0.0,-2.1316282072803006e-14
2024-08-01,44.98,45.23460424911878,143.16253234086244,-97.37171718646736,0.5823539068644683,-0.026059110023416703,-1.1125057021173501,0.0,-7.105427357601002e-15
2024-08-02,30.14,45.24340382287093,143.16253234086244,-97.99942732785097,1.0867981519835843,-0.23125709501361338,-0.7752422471104787,0.0,-2.842170943040401e-14
2024-08-03,30.54,45.47064241265226,143.16253234086244,-97.55525558794434,1.0944747394588696,-0.5176338914495464,-0.7134751882751186,0.0,-4.973799150320701e-14
2024-08-04,58.07,45.74048025549898,143.16253234086244,-96.89939176281177,1.0874974655750045,-0.8729333380597649,-0.737224450066848,0.0,-7.105427357601002e-14
2024-08-05,56.54,46.13164169007268,143.16253234086244,-95.98823357490527,0.7496843095252197,-1.458518440781627,-0.3338229446280728,0.0,-2.1316282072803006e-14
2024-08-06,35.5,46.34099285257773,143.16253234086244,-95.41252252074518,0.7627708446672856,-1.79512152457166,-0.376666287635091,0.0,-7.105427357601002e-14
2024-08-07,35.12,45.77668817773343,143.16253234086244,-95.86716806973003,0.7203994621405864,-1.731844958403557,-0.5072305971360199,0.0,0.0
2024-08-08,57.38,45.44675204938592,143.16253234086244,-96.52179563758719,1.18598397650405,-1.5476410973809673,-0.8323275330124063,0.0,-1.4210854715202004e-14
2024-08-09,59.13,45.45528474833577,143.16253234086244,-96.74090302117577,1.1535789091085937,-1.2989910102132218,-0.820932470246253,0.0,-1.4210854715202004e-14
2024-08-10,25.52,44.79723634574618,143.16253234086244,-97.13955749303022,0.6170563030618323,-1.1461840018185783,-0.6966108033292993,0.0,7.105427357601002e-15
2024-08-11,34.61,49.12050237957916,143.16253234086244,-95.93279654923175,3.0988029352744424,-0.7490138315788962,-0.45902251574708797,0.0,7.105427357601002e-15
2024-08-12,43.81,44.895967790579974,143.16253234086244,-97.7317866509049,0.7463191077272362,-0.7780804481554775,-0.5030165589493383,0.0,1.4210854715202004e-14
2024-08-13,40.84,44.29546624969551,143.16253234086244,-98.04511444313798,0.7362390479640905,-0.589559979184614,-0.9686307168084037,0.0,-2.842170943040401e-14
2024-08-14,27.72,45.56473255623639,143.16253234086244,-97.49793811074875,1.0552436111427197,-0.6066416600559592,-0.5484636249640519,0.0,0.0
2024-08-15,30.17,45.43423157502535,143.16253234086244,-97.48382276524634,1.5146062778241605,-0.5174453092320033,-1.2416389691828622,0.0,-4.263256414560601e-14
2024-08-16,52.27,45.375844902726975,143.16253234086244,-98.14388262239143,1.4384166044666382,-0.3131085891714364,-0.7681128310392499,0.0,7.105427357601002e-15
2024-08-17,29.71,46.34280066337038,143.16253234086244,-97.45717240122497,1.5391031140786107,-0.6010812105663261,-0.30058117977935983,0.0,-2.842170943040401e-14
2024-08-18,32.31,45.47095930802911,143.16253234086244,-97.84880162846426,1.3683313460919293,-0.47948662274938064,-0.7316161277115992,0.0,-2.842170943040401e-14
2024-08-19,62.39,46.88099318181282,143.16253234086244,-97.37682181041541,1.822158223616642,0.09512348889756521,-0.8219990611484499,0.0,2.1316282072803006e-14
2024-08-20,32.65,46.67542966189445,143.16253234086244,-97.72410532202915,1.729686020850101,0.2807240167115793,-0.7734073945005522,0.0,3.552713678800501e-14
2024-08-21,67.12,46.63471892288449,143.16253234086244,-97.28931917538459,1.3505531866337284,0.15969630019699113,-0.7487437294241077,0.0,1.4210854715202004e-14
2024-08-22,50.98,54.321145774429716,143.16253234086244,-91.06486234479243,2.1317882652345994,0.2875002087030407,-0.19581269557782432,0.0,-1.0658141036401503e-13
2024-08-23,59.03,50.29618178927794,143.16253234086244,-96.67846999422237,2.1424225493476876,0.842480147737541,0.8272167455526114,0.0,2.842170943040401e-14
2024-08-24,22.21,53.53794958859821,143.16253234086244,-95.87065077253791,4.382142713029158,1.0031893988775509,0.8607359083669749,0.0,0.0
2024-08-25,51.05,49.818424717296594,143.16253234086244,-97.07668540127786,2.109195339407294,0.5286117185536578,1.0947707197510526,0.0,0.0
2024-08-26,53.9,49.27503048306972,143.16253234086244,-96.75435242261604,1.8883702948606444,0.3948362006624296,0.5836440693002108,0.0,3.552713678800501e-14
2024-08-27,61.74,47.477970934895374,143.16253234086244,-96.72684173301171,0.8710424280370755,-0.5122015360086626,0.6834394350162576,0.0,-2.1316282072803006e-14
2024-08-28,25.15,48.025164913188554,143.16253234086244,-96.64636202978961,1.2972530243934097,-0.9908510451190957,1.202592622841436,0.0,-2.1316282072803006e-14
2024-08-29,41.59,49.5744811484778,143.16253234086244,-96.06069731662474,1.9982955871972135,-1.3044753544895638,1.7788258915324902,0.0,-4.263256414560601e-14
2024-08-30,46.93,49.85988819071832,143.16253234086244,-95.58402588626008,2.5098283861492856,-1.4035040663804352,1.17505741634715,0.0,-2.842170943040401e-14
2024-08-31,55.26,50.96609534287258,143.16253234086244,-95.59841450097342,3.2906009821498343,-0.989340055587165,1.1007165764209956,0.0,-1.1368683772161603e-13
2024-09-01,36.53,51.103849238177055,143.16253234086244,-95.31511039639226,2.9612762561831127,-0.958482697917014,1.2536337354408549,0.0,-7.815970093361102e-14
2024-09-02,32.18,49.33403916938305,143.16253234086244,-96.44403779252394,2.20345763060498,-0.7323112455117722,1.1443982359513643,0.0,-4.263256414560601e-14
2024-09-03,31.01,49.530230586786686,143.16253234086244,-96.24623153561393,2.52767336467913,-0.5196290326674174,0.605885449526493,0.0,-2.842170943040401e-14
2024-09-04,29.71,48.962682581670535,143.16253234086244,-96.5351465795943,3.3046588122232845,-0.4787986949710717,-0.49056329684980576,0.0,-1.4210854715202004e-14
2024-09-05,42.82,48.87003270876781,143.16253234086244,-96.51089027899775,3.3237122441579046,-0.38785604523934253,-0.7174655520154145,0.0,-2.842170943040401e-14
2024-09-06,33.32,49.25883089181818,143.16253234086244,-96.48254366882843,3.677300520948155,-0.3255527610217406,-0.7729055401422277,0.0,-1.4210854715202004e-14
2024-09-07,29.21,48.96156372990691,143.16253234086244,-96.04011314606814,3.123294707497756,-0.6597432679737877,-0.6244069044113041,0.0,-7.105427357601002e-14
2024-09-08,50.94,49.28106882125585,143.16253234086244,-95.87321913643079,3.012074721317634,-0.6672157710490921,-0.3531033334443121,0.0,-3.552713678800501e-14
2024-09-09,27.56,49.19307801882684,143.16253234086244,-96.13805208268067,3.0954560537536078,-0.09342294803974516,-0.8334353450687947,0.0,0.0
2024-09-10,47.86,50.81360042952788,143.16253234086244,-95.78971386746446,3.8043246378885556,0.42869320035913533,-0.7922358821177878,0.0,0.0
2024-09-11,24.33,50.6210763602222,143.16253234086244,-96.10961944853858,3.8983051115860303,0.8141987101076043,-1.1443403537952959,0.0,7.105427357601002e-15
2024-09-12,22.27,50.91745413078768,143.16253234086244,-96.00480486629111,3.9484154594919403,0.68552251838093,-0.8742113216565023,0.0,-2.1316282072803006e-14
2024-09-13,52.09,50.56497587400244,143.16253234086244,-95.4372669703105,3.2265880333215216,0.5003971488741497,-0.8872746787451975,0.0,4.263256414560601e-14
2024-09-14,24.81,48.863610668344585,143.16253234086244,-96.03298407723607,3.0907748312895365,-0.46701194957267145,-0.8897004769986863,0.0,2.1316282072803006e-14
2024-09-15,50.66,48.322410769638616,143.16253234086244,-95.82423149048941,2.8430703675249003,-0.8347484515450834,-1.0242119967141996,0.0,-3.552713678800501e-14
2024-09-16,23.3,48.93834610450172,143.16253234086244,-95.48356989640824,3.109020262523399,-1.187020050447209,-0.6626165520286093,0.0,-7.105427357601002e-14
2024-09-17,40.02,49.03644969096809,143.16253234086244,-95.57506853466924,3.1763740477804774,-1.2598615966602773,-0.4675265663452712,0.0,-4.973799150320701e-14
2024-09-18,48.33,48.887918779497404,143.16253234086244,-95.66455516198596,2.528566885866689,-1.0241837098291973,-0.1144415754165656,0.0,-7.105427357601002e-15
2024-09-19,60.23,47.723248361723456,143.16253234086244,-96.06720176431915,2.4978311561239366,-1.2723953147970892,-0.5975180561466519,0.0,-2.1316282072803006e-14
2024-09-20,42.8,48.04761614802431,143.16253234086244,-95.6707384209363,2.60676183930972,-1.3521241530730341,-0.6988154581385239,0.0,7.105427357601002e-15
2024-09-21,25.77,48.13201962518007,143.16253234086244,-95.6611906273632,2.7399201316675503,-1.346569755025347,-0.7626724649614095,0.0,3.552713678800501e-14
2024-09-22,43.48,47.60460877767726,143.16253234086244,-95.78791657976147,2.294131259432871,-1.1279684518544475,-0.9361697910021496,0.0,0.0
2024-09-23,60.01,46.39426860754374,143.16253234086244,-96.89108542192653,1.7733247576715123,-0.5196227395880051,-1.1308803294757155,0.0,2.842170943040401e-14
2024-09-24,61.64,46.85636154501265,143.16253234086244,-96.87200786931203,1.7845785023476293,-0.3077715635690483,-0.9109698653163878,0.0,4.973799150320701e-14
2024-09-25,61.41,47.29328966555624,143.16253234086244,-97.57040695194715,2.5169439788562733,-0.06715702939592254,-0.7486226728194377,0.0,3.552713678800501e-14
2024-09-26,30.26,47.122915632093466,143.16253234086244,-97.74160491363129,2.3510287568747734,-0.018417363918414614,-0.6306231880940647,0.0,2.842170943040401e-14
2024-09-27,23.81,49.01229842042263,143.16253234086244,-97.0972858494079,2.8850532707384424,0.7483379013164626,-0.6863392430868542,0.0,3.552713678800501e-14
2024-09-28,33.12,48.570129859660526,143.16253234086244,-97.38796311106236,2.714983053953527,0.925059204567682,-0.8444816286608174,0.0,4.263256414560601e-14
2024-09-29,60.61,48.85081595281421,143.16253234086244,-96.87770445440816,2.6569981179566726,0.8894680887059851,-0.9804781403027784,0.0,4.973799150320701e-14
2024-09-30,30.67,48.37044980934834,143.16253234086244,-96.89227778976901,2.2626575266635354,0.9493470152604047,-1.1118092836691083,0.0,7.815970093361102e-14
2024-10-01,138.22,49.55338928099375,143.16253234086244,-96.41332040587504,2.2705412191972085,0.9900043630162344,-0.4563682362071137,0.0,7.105427357601002e-15
2024-10-02,124.14,138.8607409485525,143.16253234086244,-11.296474756445305,7.118982085579323,0.19138804531789477,-0.3156867667618102,0.0,-5.684341886080802e-14
2024-10-03,206.85,138.12384157785684,143.16253234086244,-12.660173551384514,7.458643425957686,0.2373972729125756,-0.07455791049129061,0.0,-5.684341886080802e-14
2024-10-04,131.67,170.56539297967032,143.16253234086244,25.347930373358324,3.8495651265139985,-1.1262351464365024,-0.6683997146279608,0.0,2.842170943040401e-14
2024-10-05,194.57,168.06545350090101,143.16253234086244,21.36594632176718,4.59173338869017,-0.4877047849994018,-0.5670537654192345,0.0,-1.4210854715202004e-13
2024-10-06,188.94,169.75974684902158,143.16253234086244,24.325632697691294,3.708295971631796,-0.7483676147822603,-0.6883465463815946,0.0,-8.526512829121202e-14
2024-10-07,204.03,169.95192736361318,143.16253234086244,25.78270009071626,2.792711533185352,-1.1140678974709515,-0.671948703679827,0.0,-8.526512829121202e-14
2024-10-08,165.38,171.82726833325506,143.16253234086244,28.599388673575795,2.158053082007726,-0.8977416983519053,-1.1949640648390165,0.0,2.842170943040401e-14
2024-10-09,135.25,172.47450072057768,143.16253234086244,28.523669650685854,2.0813023510287034,-0.0021557975526430087,-1.290847824446628,0.0,-5.684341886080802e-14
2024-10-10,171.7,171.6110594699455,143.16253234086244,27.208128846266263,2.6219396491547524,-0.3289875126991371,-1.0525538536387988,0.0,-2.842170943040401e-14
2024-10-11,113.04,172.16052106134887,143.16253234086244,27.85163514410405,2.439547623389571,-0.18353613367411276,-1.1096579133331084,0.0,2.842170943040401e-14
2024-10-12,222.96,165.53111411386675,143.16253234086244,19.765888583106964,4.046337640346677,-0.6284198971425541,-0.8152245533067405,0.0,-2.842170943040401e-14
2024-10-13,160.53,172.14662908477516,143.16253234086244,27.540331873133745,2.2890587563949505,0.047415143761860575,-0.892709029377851,0.0,0.0
2024-10-14,118.37,172.36862664771147,143.16253234086244,26.670143685975678,2.576696801039704,1.862908642546905,-1.9036548227132044,0.0,-5.684341886080802e-14
2024-10-15,150.74,172.59701966255656,143.16253234086244,26.953109299542817,2.005315408075891,2.1511009371627314,-1.6750383230872947,0.0,-2.842170943040401e-14
2024-10-16,159.17,172.55850632260962,143.16253234086244,26.573249878333243,2.175159013946746,1.4921388250375762,-0.8445737355704137,0.0,2.842170943040401e-14
2024-10-17,183.5,175.98821865283873,143.16253234086244,28.586576106201324,1.7291045311398574,3.4992946013214135,-0.9892889266863394,0.0,2.842170943040401e-14
2024-10-18,210.67,179.86626545130665,143.16253234086244,32.62357421051772,0.6092417286166656,4.609349878047841,-1.138432706738014,0.0,0.0
2024-10-19,156.71,181.98212200772252,143.16253234086244,35.33338543962227,-0.00249383203058956,4.560873841350238,-1.072175782081713,0.0,-1.1368683772161603e-13
2024-10-20,124.83,181.95025342958462,143.16253234086244,34.715464745166074,0.1513970450583417,4.85168063574082,-0.9308213372430187,0.0,-2.842170943040401e-14
2024-10-21,134.92,179.6851108901076,143.16253234086244,31.313866618425187,0.8323330525713624,4.631874354927553,-0.2554954766788606,0.0,-8.526512829121202e-14
2024-10-22,179.55,172.12378223821005,143.16253234086244,25.197258800628124,0.9055502634713655,3.5780768546952033,-0.7196360214470688,0.0,0.0
2024-10-23,111.06,179.71781080202308,143.16253234086244,32.30493038561253,0.24764851213101494,4.5115907555300225,-0.5088911921128942,0.0,-2.842170943040401e-14
2024-10-24,169.09,163.66096840585445,143.16253234086244,17.021990839829968,1.0567865140969552,2.790697024365341,-0.37103831330013376,0.0,-1.1368683772161603e-13
2024-10-25,139.12,172.43870410337357,143.16253234086244,25.583066998194173,1.2152136515323761,2.833136923559709,-0.3552458107751767,0.0,2.842170943040401e-14
2024-10-26,192.47,164.64709043240973,143.16253234086244,18.395113456147342,1.3499316492485378,1.7079883211861773,0.03152466496532076,0.0,-8.526512829121202e-14
2024-10-27,220.54,169.45572481276022,143.16253234086244,23.627984280720423,1.5765198488825287,1.4381682591774922,-0.34947991688269114,0.0,2.842170943040401e-14
2024-10-28,217.94,170.68099614454576,143.16253234086244,24.2091903748926,0.6686963781544366,2.433125305168558,0.20745174546775413,0.0,-2.842170943040401e-14
2024-10-29,210.77,176.78888190559792,143.16253234086244,29.422037550753956,0.12739782150544945,2.8074154749183573,1.2694987175577697,0.0,-5.684341886080802e-14
2024-10-30,141.32,184.0328721207981,143.16253234086244,35.64798076791096,0.9412669675105523,2.5766454192794175,1.7044466252347719,0.0,-5.684341886080802e-14
2024-10-31,169.82,191.87291978602917,143.16253234086244,35.74141093698113,1.411846502311082,3.367372868061969,8.189757137812538,0.0,0.0
2024-11-01,324.51,199.13140631003654,143.16253234086244,40.40269788167261,0.6974443211107999,2.7552131145168035,12.113518651873768,0.0,1.1368683772161603e-13
2024-11-02,300.87,245.14072953637762,143.16253234086244,85.98382013231628,0.15760932545455497,2.9903444173100353,12.846423320434027,0.0,2.5579538487363607e-13
2024-11-03,340.63,264.6663527267426,143.16253234086244,109.974786415232,-1.2366982503589496,2.8438055342299235,9.921926686776915,0.0,2.8421709430404007e-13
2024-11-04,184.65,265.2618900232733,143.16253234086244,111.79491320358875,-1.217582607651299,3.2417425074747523,8.280284578998627,0.0,0.0
2024-11-05,301.33,260.6089722813724,143.16253234086244,108.20989155320527,-1.6394529333620675,2.9997015574477306,7.876299763219041,0.0,0.0
2024-11-06,388.9,261.7874648163836,143.16253234086244,110.59181554732966,-0.8853494868891781,1.9746389532437756,6.943827461836817,0.0,1.1368683772161603e-13
2024-11-07,234.06,282.3937643462245,143.16253234086244,132.89925280036394,-1.0729788161104963,1.6756537673077296,5.729304253800925,0.0,-5.684341886080802e-14
2024-11-08,274.98,281.34568701475587,143.16253234086244,134.89578681952597,-3.330911280815101,2.1766638547828223,4.441615280399759,0.0,0.0
2024-11-09,345.33,280.04537632060993,143.16253234086244,134.72187556423157,-4.384890830390366,1.7066014685163744,4.839257777389972,0.0,-5.684341886080802e-14
2024-11-10,284.94,281.6762327769218,143.16253234086244,135.98773069234866,-4.547048136115587,2.397099257586673,4.675918622239634,0.0,0.0
2024-11-11,308.68,279.5025967542759,143.16253234086244,135.138913690738,-5.122937077827064,1.4357349743770567,4.888352826125483,0.0,-5.684341886080802e-14
2024-11-12,323.34,281.72545661270374,143.16253234086244,136.11531453995536,-5.297651957312024,2.7706033620207795,4.974658327177241,0.0,-1.1368683772161603e-13
2024-11-13,310.59,281.45168073918086,143.16253234086244,136.17721518731483,-5.266215097007581,2.6074752585009224,4.770673049510456,0.0,-2.2737367544323206e-13
2024-11-14,368.72,281.7097632630156,143.16253234086244,136.93659224059752,-5.347411224793627,1.669192586274058,5.288857320075162,0.0,5.684341886080802e-14
2024-11-15,282.46,279.6857822332302,143.16253234086244,135.00924453955076,-5.770897789887058,2.2149769623950255,5.069926180309033,0.0,0.0
2024-11-16,391.94,280.3423094517219,143.16253234086244,135.31719903976702,-5.164827752118614,2.289407577997712,4.737998245213265,0.0,1.1368683772161603e-13
2024-11-17,364.7,280.1027252673114,143.16253234086244,133.66545706353727,-4.47461810696602,2.9146059500886072,4.834748019789159,0.0,-5.684341886080802e-14
2024-11-18,196.03,284.396045979009,143.16253234086244,134.64374237260034,-0.9248104696012085,2.855781291786587,4.6588004433608985,0.0,-5.684341886080802e-14
2024-11-19,321.58,289.1775152195663,143.16253234086244,136.0971980073847,2.310507984053743,2.5842263415777262,5.023050545687665,0.0,5.684341886080802e-14
2024-11-20,195.67,293.24828012450564,143.16253234086244,140.08422828709453,2.0592125927300953,2.6641329082855987,5.278173995532868,0.0,1.1368683772161603e-13
2024-11-21,208.92,282.9437101586783,143.16253234086244,128.13737883910147,1.5536059610186206,3.613382133667873,6.476810884027997,0.0,-1.1368683772161603e-13
2024-11-22,374.9,283.42913815183715,143.16253234086244,128.32069211868267,1.9833395951654447,3.519167931211954,6.4434061659146735,0.0,0.0
2024-11-23,290.09,282.31110749673223,143.16253234086244,128.63432248766037,1.29178200049474,2.724617990906826,6.4978526768078035,0.0,0.0
2024-11-24,238.79,290.98769997599,143.16253234086244,140.0778507443691,1.326479814307675,2.2690879656670737,4.151749110783739,0.0,-5.684341886080802e-14
2024-11-25,261.12,291.6974881261182,143.16253234086244,140.63391074654717,1.1479299384220503,2.512282530227993,4.240832570058415,0.0,1.1368683772161603e-13
2024-11-26,208.32,292.18181749016713,143.16253234086244,141.54518900228206,1.153021418314552,1.9259793988013154,4.3950953299067566,0.0,5.684341886080802e-14
2024-11-27,293.98,291.7803243800758,143.16253234086244,141.25425480699784,1.2158830817507487,2.2018108557185085,3.945843294746311,0.0,-5.684341886080802e-14
2024-11-28,240.21,291.7464013142821,143.16253234086244,141.2316418182726,0.9320916977552501,2.7017773246983317,3.7183581326933983,0.0,5.684341886080802e-14
2024-11-29,212.79,290.4429750470522,143.16253234086244,140.8379399790128,0.7297042079414028,2.1489680216416045,3.563830497593822,0.0,1.1368683772161603e-13
2024-11-30,268.1,289.4888999716964,143.16253234086244,140.00671316542233,0.6308990035514249,2.0855495259695975,3.603205935890586,0.0,0.0
2024-12-01,254.26,291.84129466711585,143.16253234086244,141.62288664831092,0.8673745911332807,2.5814352488060495,3.6070658380032135,0.0,-5.684341886080802e-14
2024-12-02,196.45,292.6738358633608,143.16253234086244,141.7000336001103,1.446412318811007,2.544764762893623,3.820092840683511,0.0,-5.684341886080802e-14
2024-12-03,214.23,282.88598308634084,143.16253234086244,136.9835311390507,-2.8033277665839704,2.3308692709787424,3.2123781020330866,0.0,-1.7053025658242404e-13
2024-12-04,226.1,282.0057699566931,143.16253234086244,129.75145736475244,-1.7363486242354824,4.478098844793363,6.350030030520584,0.0,-2.2737367544323206e-13
2024-12-05,210.63,270.3404073216578,143.16253234086244,110.68702766041586,0.6268711254751278,4.916585075609369,10.947391119295254,0.0,-2.8421709430404007e-13
2024-12-06,197.71,270.0142178166519,143.16253234086244,108.77963987569726,2.017715468067588,4.652554539504817,11.401775592519915,0.0,-1.1368683772161603e-13
2024-12-07,260.93,260.17495205225396,143.16253234086244,97.8629132651526,2.030002306227293,4.562514014733011,12.556990125278663,0.0,-5.684341886080802e-14
2024-12-08,290.42,277.0989754043614,143.16253234086244,123.44963178037068,0.3278077093603967,3.9926915201682744,6.166312053599479,0.0,1.1368683772161603e-13
2024-12-09,223.04,285.9917164404199,143.16253234086244,136.26623439728237,0.5770352940688541,2.6376017415856468,3.3483126666204828,0.0,1.1368683772161603e-13
2024-12-10,335.86,286.17468241830227,143.16253234086244,138.04864829621138,0.8974773560986165,2.3858961922226825,1.6801282329072091,0.0,-5.684341886080802e-14
2024-12-11,317.35,288.86431859542927,143.16253234086244,141.46052404799516,0.9985090797505779,2.907358643897862,0.33539448292321844,0.0,0.0
2024-12-12,229.59,287.3332574610778,143.16253234086244,141.52356392972663,0.4315342854488589,2.419502540852987,-0.20387563581305576,0.0,-1.1368683772161603e-13
2024-12-13,333.77,287.75032876490474,143.16253234086244,141.51841894793634,0.5732532753254901,2.8669350074131073,-0.3708108066325993,0.0,-5.684341886080802e-14
2024-12-14,313.61,289.8985111775284,143.16253234086244,143.02941432140108,0.5816495419111911,3.434620170624897,-0.30970519727106177,0.0,-1.7053025658242404e-13
2024-12-15,313.99,289.85353655378844,143.16253234086244,143.91802502747078,0.46602985992371054,2.5933396260558648,-0.2863903005242295,0.0,-1.1368683772161603e-13
2024-12-16,342.05,285.6765628014046,143.16253234086244,142.25712133210433,-2.298626930874179,3.236056854546462,-0.6805207952343555,0.0,-1.1368683772161603e-13
2024-12-17,240.4,284.88615345931345,143.16253234086244,141.77164280943734,-2.4293103976346377,2.457759647161142,-0.07647094051273737,0.0,-5.684341886080802e-14
2024-12-18,333.15,280.14745732953975,143.16253234086244,137.74858924709537,-1.4741134576192616,2.001986141381587,-1.2915369421803509,0.0,0.0
2024-12-19,292.22,278.7096939867222,143.16253234086244,138.90146378273735,-3.455467949544539,1.910841427494202,-1.8096756148272635,0.0,0.0
2024-12-20,366.69,279.2585845791257,143.16253234086244,139.55599303429756,-3.3771250194998923,1.7190823143588896,-1.801898090893126,0.0,-2.2737367544323206e-13
2024-12-21,229.39,283.60675210901195,143.16253234086244,140.4479671920967,-0.5052835791218724,2.628880792483633,-2.127344637309033,0.0,5.684341886080802e-14
2024-12-22,300.49,282.9422571042498,143.16253234086244,140.0419947580279,0.17172373065436788,1.572888044788598,-2.006881770083373,0.0,-1.7053025658242404e-13
2024-12-23,250.22,283.09982659894644,143.16253234086244,140.34846144068572,0.044371196914622144,2.0801727940501458,-2.5357111735663866,0.0,-1.1368683772161603e-13
2024-12-24,272.65,283.6627966376587,143.16253234086244,141.00199148936275,-0.07800769114891988,1.754848652494797,-2.178568153912208,0.0,-1.7053025658242404e-13
2024-12-25,232.04,282.96383497228186,143.16253234086244,140.32837332756432,-0.1269181955915692,1.5769109889194695,-1.9770634894727688,0.0,-5.684341886080802e-14
2024-12-26,268.11,284.83016559360914,143.16253234086244,142.42518209336274,-0.6445911983865695,2.1947436888326424,-2.3077013310619043,0.0,-1.7053025658242404e-13
2024-12-27,292.67,282.0104374638042,143.16253234086244,139.96343783465133,-0.4550306185084982,1.7228804082945492,-2.3833825014956678,0.0,5.684341886080802e-14
2024-12-28,232.77,281.9045243908315,143.16253234086244,139.9225844494604,-0.7225135436078021,1.7803349899402383,-2.2384138458237692,0.0,0.0
2024-12-29,242.44,282.1636839511404,143.16253234086244,139.88170178203572,-0.8696826431255983,2.2561498772682342,-2.2670174059004555,0.0,5.684341886080802e-14
2024-12-30,368.27,286.05032138175125,143.16253234086244,141.82555508519232,0.5420692124543119,2.6934644377595496,-2.1732996945173624,0.0,0.0
2024-12-31,348.83,286.9178803150939,143.16253234086244,142.90415413926394,0.7413410194772327,2.3901545770279427,-2.2803017615375305,0.0,-1.1368683772161603e-13
