date,year,eval_fold,observed_pm25,production_prediction,residual,absolute_error,pollution_regime,season,ensemble_std,regime_scale
2022-01-01,2022,1,262.12,293.1242846454311,-31.004284645431085,31.004284645431085,Extreme,Winter,4.284041143826821,29.973300898508228
2022-01-02,2022,1,275.29,253.0876216193717,22.202378380628318,22.202378380628318,Extreme,Winter,4.512719543688331,29.973300898508228
2022-01-03,2022,1,390.95,353.0696136135895,37.880386386410464,37.880386386410464,Extreme,Winter,5.102445059074823,29.973300898508228
2022-01-04,2022,1,301.63,333.1291076951298,-31.499107695129794,31.499107695129794,Extreme,Winter,20.30870764952635,29.973300898508228
2022-01-05,2022,1,239.84,228.2926882166716,11.54731178332841,11.54731178332841,High,Winter,5.150531952493874,27.113613087242882
2022-01-06,2022,1,299.74,252.91970973791635,46.82029026208366,46.82029026208366,Extreme,Winter,16.094601618752925,29.973300898508228
2022-01-07,2022,1,350.38,314.2779581550169,36.10204184498309,36.10204184498309,Extreme,Winter,17.133207023976077,29.973300898508228
2022-01-08,2022,1,271.26,254.7346817555357,16.5253182444643,16.5253182444643,Extreme,Winter,5.729562195295242,29.973300898508228
2022-01-09,2022,1,272.98,258.86312047373207,14.116879526267951,14.116879526267951,Extreme,Winter,3.2758426150429707,29.973300898508228
2022-01-10,2022,1,276.96,309.9809105275551,-33.020910527555145,33.020910527555145,Extreme,Winter,6.601649781325636,29.973300898508228
2022-01-11,2022,1,357.67,297.6587697237853,60.01123027621469,60.01123027621469,Extreme,Winter,7.273058080979797,29.973300898508228
2022-01-12,2022,1,211.5,219.99190463528797,-8.491904635287966,8.491904635287966,High,Winter,8.446972945271218,27.113613087242882
2022-01-13,2022,1,351.68,340.97120164017065,10.708798359829359,10.708798359829359,Extreme,Winter,2.9948164448016668,29.973300898508228
2022-01-14,2022,1,213.43,227.3381132699676,-13.9081132699676,13.9081132699676,High,Winter,7.14613045008201,27.113613087242882
2022-01-15,2022,1,341.99,352.810980770778,-10.820980770777965,10.820980770777965,Extreme,Winter,6.030590860953774,29.973300898508228
2022-01-16,2022,1,381.91,353.6779700837373,28.232029916262718,28.232029916262718,Extreme,Winter,2.289462359405712,29.973300898508228
2022-01-17,2022,1,188.72,176.43225671593828,12.287743284061719,12.287743284061719,High,Winter,11.947710585164026,27.113613087242882
2022-01-18,2022,1,321.04,256.02570888247806,65.01429111752196,65.01429111752196,Extreme,Winter,7.687702613077082,29.973300898508228
2022-01-19,2022,1,285.2,288.7108151745572,-3.5108151745571945,3.5108151745571945,Extreme,Winter,5.085555124214127,29.973300898508228
2022-01-20,2022,1,210.98,225.4180331656813,-14.438033165681304,14.438033165681304,High,Winter,6.192904583542722,27.113613087242882
2022-01-21,2022,1,327.57,290.53119714022944,37.038802859770556,37.038802859770556,Extreme,Winter,2.747844238175636,29.973300898508228
2022-01-22,2022,1,234.16,236.8594612298522,-2.6994612298522043,2.6994612298522043,High,Winter,5.148886211156031,27.113613087242882
2022-01-23,2022,1,358.61,346.5272568275278,12.082743172472192,12.082743172472192,Extreme,Winter,9.610303936250745,29.973300898508228
2022-01-24,2022,1,327.76,310.3884965581142,17.371503441885807,17.371503441885807,Extreme,Winter,9.639158283606974,29.973300898508228
2022-01-25,2022,1,337.91,312.71196802045563,25.198031979544396,25.198031979544396,Extreme,Winter,5.626649941993339,29.973300898508228
2022-01-26,2022,1,330.71,305.2707568951271,25.4392431048729,25.4392431048729,Extreme,Winter,5.756016506060476,29.973300898508228
2022-01-27,2022,1,297.47,288.97355586247687,8.496444137523156,8.496444137523156,Extreme,Winter,6.137684908220404,29.973300898508228
2022-01-28,2022,1,254.19,270.8787981759386,-16.688798175938587,16.688798175938587,Extreme,Winter,3.614749930274249,29.973300898508228
2022-01-29,2022,1,283.4,256.911022479966,26.488977520033984,26.488977520033984,Extreme,Winter,4.461436544617511,29.973300898508228
2022-01-30,2022,1,319.78,305.87859702277024,13.901402977229736,13.901402977229736,Extreme,Winter,6.58717707440421,29.973300898508228
2022-01-31,2022,1,360.99,340.2740139807183,20.71598601928173,20.71598601928173,Extreme,Winter,2.869171262485076,29.973300898508228
2022-02-01,2022,1,220.69,221.58073185945335,-0.8907318594533535,0.8907318594533535,High,Winter,5.819978981682473,27.113613087242882
2022-02-02,2022,1,212.84,227.23192910669712,-14.39192910669712,14.39192910669712,High,Winter,7.858633113405642,27.113613087242882
2022-02-03,2022,1,144.14,219.20642015043032,-75.06642015043033,75.06642015043033,High,Winter,3.4126891847029888,27.113613087242882
2022-02-04,2022,1,182.19,210.9079389270124,-28.717938927012398,28.717938927012398,High,Winter,6.856878145021327,27.113613087242882
2022-02-05,2022,1,113.89,153.11603290981802,-39.22603290981802,39.22603290981802,Moderate,Winter,13.29680594905294,18.605771556613803
2022-02-06,2022,1,112.85,147.00883632692003,-34.15883632692004,34.15883632692004,Moderate,Winter,15.537547547455326,18.605771556613803
2022-02-07,2022,1,222.53,203.8462271820937,18.683772817906288,18.683772817906288,High,Winter,10.695431468512204,27.113613087242882
2022-02-08,2022,1,198.47,184.49983996023843,13.970160039761566,13.970160039761566,High,Winter,4.827819504581642,27.113613087242882
2022-02-09,2022,1,213.66,203.0705105417748,10.589489458225188,10.589489458225188,High,Winter,7.521711637839896,27.113613087242882
2022-02-10,2022,1,123.74,150.24218896701876,-26.502188967018768,26.502188967018768,High,Winter,6.389174060400752,27.113613087242882
2022-02-11,2022,1,150.11,137.3050574866584,12.804942513341615,12.804942513341615,High,Winter,5.5108765811663005,27.113613087242882
2022-02-12,2022,1,221.19,207.4009097692542,13.789090230745785,13.789090230745785,High,Winter,8.364327023788123,27.113613087242882
2022-02-13,2022,1,203.75,201.7723697610511,1.9776302389489047,1.9776302389489047,High,Winter,9.059189856849668,27.113613087242882
2022-02-14,2022,1,191.15,212.08559176625064,-20.93559176625064,20.93559176625064,High,Winter,5.388522181615251,27.113613087242882
2022-02-15,2022,1,207.15,199.4031734014136,7.746826598586409,7.746826598586409,High,Winter,7.189740620280965,27.113613087242882
2022-02-16,2022,1,181.22,161.8043813990651,19.41561860093489,19.41561860093489,High,Winter,5.9835182691248825,27.113613087242882
2022-02-17,2022,1,131.43,143.77070950315584,-12.340709503155836,12.340709503155836,High,Winter,4.381410951294753,27.113613087242882
2022-02-18,2022,1,146.06,146.88603380606042,-0.8260338060604226,0.8260338060604226,High,Winter,4.102916488809108,27.113613087242882
2022-02-19,2022,1,133.81,161.31013215045243,-27.50013215045243,27.50013215045243,High,Winter,2.721897163823366,27.113613087242882
2022-02-20,2022,1,143.03,161.63828842077112,-18.608288420771117,18.608288420771117,High,Winter,1.8020373405520929,27.113613087242882
2022-02-21,2022,1,202.14,215.6556953104941,-13.515695310494124,13.515695310494124,High,Winter,11.077341879309154,27.113613087242882
2022-02-22,2022,1,145.86,144.07374919584458,1.7862508041554293,1.7862508041554293,High,Winter,2.727544658436772,27.113613087242882
2022-02-23,2022,1,195.23,135.33587569223488,59.89412430776511,59.89412430776511,High,Winter,5.983575263944927,27.113613087242882
2022-02-24,2022,1,164.35,143.79623242296725,20.553767577032744,20.553767577032744,High,Winter,8.528644127678621,27.113613087242882
2022-02-25,2022,1,179.07,190.91480801984144,-11.844808019841452,11.844808019841452,High,Winter,7.242429344091847,27.113613087242882
2022-02-26,2022,1,191.21,203.9746528506247,-12.764652850624685,12.764652850624685,High,Winter,5.917341110097686,27.113613087242882
2022-02-27,2022,1,204.5,198.05074475935427,6.449255240645726,6.449255240645726,High,Winter,5.894068976260147,27.113613087242882
2022-02-28,2022,1,197.6,182.1933194515817,15.406680548418308,15.406680548418308,High,Winter,4.836123286910848,27.113613087242882
2022-03-01,2022,1,115.18,175.1965268971222,-60.01652689712219,60.01652689712219,Moderate,Summer,5.223935653104359,18.605771556613803
2022-03-02,2022,1,110.46,131.33843064612975,-20.878430646129758,20.878430646129758,Moderate,Summer,3.1199835938165323,18.605771556613803
2022-03-03,2022,1,120.31,128.43140270797647,-8.121402707976472,8.121402707976472,High,Summer,6.0562720039695535,27.113613087242882
2022-03-04,2022,1,109.88,115.26734022914044,-5.387340229140449,5.387340229140449,Moderate,Summer,5.3198709124456665,18.605771556613803
2022-03-05,2022,1,82.56,117.31859763753916,-34.758597637539154,34.758597637539154,Moderate,Summer,3.133393135352904,18.605771556613803
2022-03-06,2022,1,118.01,150.17575413866368,-32.16575413866367,32.16575413866367,Moderate,Summer,10.798215510354504,18.605771556613803
2022-03-07,2022,1,103.29,100.32667859796628,2.9633214020337277,2.9633214020337277,Moderate,Summer,2.433309818107396,18.605771556613803
2022-03-08,2022,1,114.55,102.6757516878504,11.874248312149604,11.874248312149604,Moderate,Summer,1.0790021174224935,18.605771556613803
2022-03-09,2022,1,106.67,88.17278855692898,18.497211443071023,18.497211443071023,Moderate,Summer,3.5946171216895784,18.605771556613803
2022-03-10,2022,1,111.28,102.27916728918858,9.000832710811423,9.000832710811423,Moderate,Summer,3.210608125471804,18.605771556613803
2022-03-11,2022,1,119.09,117.49214735489834,1.5978526451016677,1.5978526451016677,Moderate,Summer,1.18957202841612,18.605771556613803
2022-03-12,2022,1,100.21,94.64926530000017,5.560734699999827,5.560734699999827,Moderate,Summer,0.8381537962857193,18.605771556613803
2022-03-13,2022,1,92.73,96.28407686946848,-3.5540768694684743,3.5540768694684743,Moderate,Summer,2.742951920177417,18.605771556613803
2022-03-14,2022,1,77.49,102.96916567099768,-25.479165670997688,25.479165670997688,Moderate,Summer,3.348426196808159,18.605771556613803
2022-03-15,2022,1,133.59,114.8290107307988,18.760989269201204,18.760989269201204,High,Summer,5.075220015345977,27.113613087242882
2022-03-16,2022,1,122.17,124.43816573092168,-2.2681657309216803,2.2681657309216803,High,Summer,4.862899779839639,27.113613087242882
2022-03-17,2022,1,126.35,91.21404342621427,35.13595657378572,35.13595657378572,High,Summer,2.6140288905082536,27.113613087242882
2022-03-18,2022,1,124.23,107.97497971555438,16.25502028444562,16.25502028444562,High,Summer,0.8371027260741613,27.113613087242882
2022-03-19,2022,1,119.93,132.1178362235746,-12.187836223574607,12.187836223574607,Moderate,Summer,11.166552786122862,18.605771556613803
2022-03-20,2022,1,92.11,106.7459950347114,-14.6359950347114,14.6359950347114,Moderate,Summer,2.1428492631077143,18.605771556613803
2022-03-21,2022,1,116.4,88.88481428191041,27.515185718089597,27.515185718089597,Moderate,Summer,3.56097856555261,18.605771556613803
2022-03-22,2022,1,89.36,93.0340972618868,-3.6740972618868,3.6740972618868,Moderate,Summer,3.227375945310785,18.605771556613803
2022-03-23,2022,1,71.4,85.23985122585871,-13.839851225858709,13.839851225858709,Moderate,Summer,3.391652143862031,18.605771556613803
2022-03-24,2022,1,118.57,116.03397790110876,2.5360220988912374,2.5360220988912374,Moderate,Summer,2.2653261790883423,18.605771556613803
2022-03-25,2022,1,119.92,99.03780300748878,20.882196992511226,20.882196992511226,Moderate,Summer,1.7135242974199938,18.605771556613803
2022-03-26,2022,1,121.99,97.29434040151676,24.695659598483232,24.695659598483232,High,Summer,1.5417037289084818,27.113613087242882
2022-03-27,2022,1,106.16,83.17205318704262,22.987946812957375,22.987946812957375,Moderate,Summer,2.2489162370182254,18.605771556613803
2022-03-28,2022,1,73.41,80.28007693724904,-6.8700769372490385,6.8700769372490385,Moderate,Summer,4.137598794399971,18.605771556613803
2022-03-29,2022,1,75.52,83.84078153699949,-8.32078153699949,8.32078153699949,Moderate,Summer,2.9193657097128174,18.605771556613803
2022-03-30,2022,1,68.36,100.52994847145196,-32.16994847145196,32.16994847145196,Moderate,Summer,3.199725701206348,18.605771556613803
2022-03-31,2022,1,96.13,89.59011592326746,6.539884076732534,6.539884076732534,Moderate,Summer,3.6450941500662415,18.605771556613803
2022-04-01,2022,1,80.87,103.68329656147154,-22.81329656147153,22.81329656147153,Moderate,Summer,2.2768569104767744,18.605771556613803
2022-04-02,2022,1,77.6,96.43411653005522,-18.834116530055226,18.834116530055226,Moderate,Summer,0.8846732137054186,18.605771556613803
2022-04-03,2022,1,116.74,107.41664005465115,9.323359945348841,9.323359945348841,Moderate,Summer,4.154412783783374,18.605771556613803
2022-04-04,2022,1,83.54,93.25788562739368,-9.71788562739367,9.71788562739367,Moderate,Summer,0.589950786625358,18.605771556613803
2022-04-05,2022,1,71.93,102.07422207226584,-30.144222072265833,30.144222072265833,Moderate,Summer,2.195852031156307,18.605771556613803
2022-04-06,2022,1,109.62,106.65934732918672,2.960652670813289,2.960652670813289,Moderate,Summer,0.5880015050554527,18.605771556613803
2022-04-07,2022,1,71.47,93.66530967215849,-22.195309672158487,22.195309672158487,Moderate,Summer,2.9825310598906394,18.605771556613803
2022-04-08,2022,1,77.16,91.44620003821606,-14.286200038216066,14.286200038216066,Moderate,Summer,2.0868730233115365,18.605771556613803
2022-04-09,2022,1,126.95,108.20846017231392,18.741539827686083,18.741539827686083,High,Summer,2.049120314322765,27.113613087242882
2022-04-10,2022,1,89.38,104.06606698581528,-14.686066985815287,14.686066985815287,Moderate,Summer,3.86437266017233,18.605771556613803
2022-04-11,2022,1,113.32,107.7133712750804,5.606628724919588,5.606628724919588,Moderate,Summer,2.176440847559196,18.605771556613803
2022-04-12,2022,1,66.42,92.45349178599584,-26.033491785995835,26.033491785995835,Moderate,Summer,2.30469179773956,18.605771556613803
2022-04-13,2022,1,127.8,94.51414860167176,33.285851398328234,33.285851398328234,High,Summer,3.540533724693942,27.113613087242882
2022-04-14,2022,1,100.69,119.13805965914716,-18.448059659147162,18.448059659147162,Moderate,Summer,3.2334660351820994,18.605771556613803
2022-04-15,2022,1,69.94,91.07038533697272,-21.130385336972722,21.130385336972722,Moderate,Summer,2.9326423299289868,18.605771556613803
2022-04-16,2022,1,76.8,92.88067263635982,-16.08067263635982,16.08067263635982,Moderate,Summer,6.571364517505369,18.605771556613803
2022-04-17,2022,1,75.3,92.63148272967244,-17.331482729672445,17.331482729672445,Moderate,Summer,2.309125221765965,18.605771556613803
2022-04-18,2022,1,100.08,115.61485139140788,-15.534851391407884,15.534851391407884,Moderate,Summer,1.8988719198583237,18.605771556613803
2022-04-19,2022,1,94.48,101.5009490827416,-7.020949082741595,7.020949082741595,Moderate,Summer,2.197728821290992,18.605771556613803
2022-04-20,2022,1,90.96,95.15087796742246,-4.190877967422466,4.190877967422466,Moderate,Summer,2.3772196212193277,18.605771556613803
2022-04-21,2022,1,132.8,113.29445701858285,19.505542981417165,19.505542981417165,High,Summer,4.9772109595936,27.113613087242882
2022-04-22,2022,1,71.11,84.7336416644728,-13.6236416644728,13.6236416644728,Moderate,Summer,3.921246000644564,18.605771556613803
2022-04-23,2022,1,90.89,99.97881604820776,-9.088816048207761,9.088816048207761,Moderate,Summer,2.152051574848182,18.605771556613803
2022-04-24,2022,1,82.2,115.35133170938909,-33.15133170938908,33.15133170938908,Moderate,Summer,1.9532939799583855,18.605771556613803
2022-04-25,2022,1,116.35,112.85689476217163,3.4931052378283596,3.4931052378283596,Moderate,Summer,4.798475306832787,18.605771556613803
2022-04-26,2022,1,98.94,106.53346932990328,-7.593469329903286,7.593469329903286,Moderate,Summer,1.6931132520371082,18.605771556613803
2022-04-27,2022,1,124.8,103.30560233952048,21.49439766047952,21.49439766047952,High,Summer,3.306989070220713,27.113613087242882
2022-04-28,2022,1,84.73,111.094835904671,-26.364835904670997,26.364835904670997,Moderate,Summer,2.644527079795726,18.605771556613803
2022-04-29,2022,1,81.25,115.45645155583163,-34.206451555831634,34.206451555831634,Moderate,Summer,2.163875587049511,18.605771556613803
2022-04-30,2022,1,127.16,115.44724377697447,11.712756223025522,11.712756223025522,High,Summer,3.921499630358253,27.113613087242882
2022-05-01,2022,1,93.71,102.90166016227066,-9.191660162270665,9.191660162270665,Moderate,Summer,3.2074391359786505,18.605771556613803
2022-05-02,2022,1,130.99,106.89019074175616,24.09980925824385,24.09980925824385,High,Summer,4.351313760722869,27.113613087242882
2022-05-03,2022,1,98.35,96.98059856972256,1.3694014302774349,1.3694014302774349,Moderate,Summer,1.2107000907282035,18.605771556613803
2022-05-04,2022,1,84.13,85.58481359509966,-1.4548135950996652,1.4548135950996652,Moderate,Summer,1.3439285429047458,18.605771556613803
2022-05-05,2022,1,125.91,97.60764020776124,28.30235979223876,28.30235979223876,High,Summer,2.225061051693072,27.113613087242882
2022-05-06,2022,1,71.95,83.96770941782604,-12.01770941782604,12.01770941782604,Moderate,Summer,2.68089746183965,18.605771556613803
2022-05-07,2022,1,122.37,107.6259806840638,14.7440193159362,14.7440193159362,High,Summer,2.024789112412584,27.113613087242882
2022-05-08,2022,1,68.92,82.99484255014245,-14.07484255014245,14.07484255014245,Moderate,Summer,2.4333911666520773,18.605771556613803
2022-05-09,2022,1,73.93,88.32289733955842,-14.392897339558417,14.392897339558417,Moderate,Summer,1.475764398801127,18.605771556613803
2022-05-10,2022,1,72.0,91.72763625101187,-19.727636251011873,19.727636251011873,Moderate,Summer,2.880151175646254,18.605771556613803
2022-05-11,2022,1,108.25,101.24410615310916,7.005893846890842,7.005893846890842,Moderate,Summer,1.3142521439601933,18.605771556613803
2022-05-12,2022,1,114.95,93.74022437293422,21.20977562706578,21.20977562706578,Moderate,Summer,1.555510484161507,18.605771556613803
2022-05-13,2022,1,65.99,93.92694299656785,-27.93694299656785,27.93694299656785,Moderate,Summer,1.441328135399682,18.605771556613803
2022-05-14,2022,1,76.92,89.44962903336203,-12.529629033362028,12.529629033362028,Moderate,Summer,4.200404121458345,18.605771556613803
2022-05-15,2022,1,75.3,84.26002640142063,-8.960026401420635,8.960026401420635,Moderate,Summer,2.492676378527686,18.605771556613803
2022-05-16,2022,1,87.74,106.7159520011359,-18.97595200113591,18.97595200113591,Moderate,Summer,3.307939389642761,18.605771556613803
2022-05-17,2022,1,93.83,94.12871213193309,-0.29871213193308677,0.29871213193308677,Moderate,Summer,2.0140099955824624,18.605771556613803
2022-05-18,2022,1,85.73,88.80199321193327,-3.071993211933261,3.071993211933261,Moderate,Summer,1.1003331704069854,18.605771556613803
2022-05-19,2022,1,116.73,100.5250968888009,16.2049031111991,16.2049031111991,Moderate,Summer,2.059558656539134,18.605771556613803
2022-05-20,2022,1,123.68,110.7340373118261,12.945962688173907,12.945962688173907,High,Summer,4.0615415255336,27.113613087242882
2022-05-21,2022,1,104.87,92.65963879060216,12.210361209397846,12.210361209397846,Moderate,Summer,5.321267042887615,18.605771556613803
2022-05-22,2022,1,87.12,84.36411500518938,2.7558849948106285,2.7558849948106285,Moderate,Summer,5.4313277588951,18.605771556613803
2022-05-23,2022,1,105.33,95.91665022864323,9.413349771356764,9.413349771356764,Moderate,Summer,3.677798835696144,18.605771556613803
2022-05-24,2022,1,106.52,101.102891212943,5.417108787056989,5.417108787056989,Moderate,Summer,0.962335812427197,18.605771556613803
2022-05-25,2022,1,78.55,93.4025602173852,-14.852560217385204,14.852560217385204,Moderate,Summer,2.3503823822359005,18.605771556613803
2022-05-26,2022,1,99.14,101.97061769082462,-2.8306176908246243,2.8306176908246243,Moderate,Summer,1.6611984323908453,18.605771556613803
2022-05-27,2022,1,71.56,95.7159148688036,-24.155914868803592,24.155914868803592,Moderate,Summer,0.8235163372570076,18.605771556613803
2022-05-28,2022,1,85.74,92.36815255799158,-6.628152557991584,6.628152557991584,Moderate,Summer,1.4029605133128884,18.605771556613803
2022-05-29,2022,1,92.74,103.74635519208374,-11.006355192083745,11.006355192083745,Moderate,Summer,1.9682789644495984,18.605771556613803
2022-05-30,2022,1,124.72,130.20868282129123,-5.488682821291235,5.488682821291235,High,Summer,8.389654073544023,27.113613087242882
2022-05-31,2022,1,103.92,115.60125704278089,-11.681257042780885,11.681257042780885,Moderate,Summer,3.1654811254152047,18.605771556613803
2022-06-01,2022,1,127.94,133.86308293114303,-5.923082931143028,5.923082931143028,High,Monsoon,7.314425493064821,27.113613087242882
2022-06-02,2022,1,100.78,113.60279967313784,-12.822799673137837,12.822799673137837,Moderate,Monsoon,3.385163426107539,18.605771556613803
2022-06-03,2022,1,134.75,166.58205180015128,-31.832051800151277,31.832051800151277,High,Monsoon,20.838821244240773,27.113613087242882
2022-06-04,2022,1,120.39,112.80606277049225,7.583937229507754,7.583937229507754,High,Monsoon,2.8517653855257783,27.113613087242882
2022-06-05,2022,1,122.69,116.57295926224032,6.11704073775968,6.11704073775968,High,Monsoon,3.2713984184479123,27.113613087242882
2022-06-06,2022,1,86.47,113.57114484615002,-27.10114484615002,27.10114484615002,Moderate,Monsoon,1.5243702284271947,18.605771556613803
2022-06-07,2022,1,102.06,78.36354522974351,23.696454770256494,23.696454770256494,Moderate,Monsoon,5.861563260690747,18.605771556613803
2022-06-08,2022,1,125.54,101.4031147332632,24.13688526673681,24.13688526673681,High,Monsoon,4.180578583939716,27.113613087242882
2022-06-09,2022,1,83.05,101.97116321302096,-18.92116321302096,18.92116321302096,Moderate,Monsoon,5.421196321797005,18.605771556613803
2022-06-10,2022,1,116.51,113.36863346521106,3.1413665347889435,3.1413665347889435,Moderate,Monsoon,3.198908531523871,18.605771556613803
2022-06-11,2022,1,134.31,166.30331627188522,-31.99331627188522,31.99331627188522,High,Monsoon,17.45164808738968,27.113613087242882
2022-06-12,2022,1,133.09,114.88495697825114,18.205043021748864,18.205043021748864,High,Monsoon,3.5419043445038567,27.113613087242882
2022-06-13,2022,1,103.26,91.1803724635668,12.079627536433208,12.079627536433208,Moderate,Monsoon,2.7572329511608853,18.605771556613803
2022-06-14,2022,1,95.19,89.28736753180678,5.902632468193218,5.902632468193218,Moderate,Monsoon,3.979832560546172,18.605771556613803
2022-06-15,2022,1,93.29,93.93254309171132,-0.6425430917113175,0.6425430917113175,Moderate,Monsoon,4.379835966735574,18.605771556613803
2022-06-16,2022,1,91.48,114.70137382039044,-23.22137382039044,23.22137382039044,Moderate,Monsoon,4.188622269791897,18.605771556613803
2022-06-17,2022,1,110.48,119.7137056571396,-9.233705657139595,9.233705657139595,Moderate,Monsoon,2.938860757845234,18.605771556613803
2022-06-18,2022,1,93.66,98.43839220854905,-4.77839220854905,4.77839220854905,Moderate,Monsoon,1.4791609873407194,18.605771556613803
2022-06-19,2022,1,125.56,113.53332223794077,12.026677762059236,12.026677762059236,High,Monsoon,4.518323287132483,27.113613087242882
2022-06-20,2022,1,94.18,105.85900533555834,-11.67900533555833,11.67900533555833,Moderate,Monsoon,4.267959192983799,18.605771556613803
2022-06-21,2022,1,96.18,107.93460909585885,-11.75460909585884,11.75460909585884,Moderate,Monsoon,4.250966858126247,18.605771556613803
2022-06-22,2022,1,99.1,120.65714477884408,-21.55714477884409,21.55714477884409,Moderate,Monsoon,8.220260383389519,18.605771556613803
2022-06-23,2022,1,109.41,130.69701445270087,-21.287014452700873,21.287014452700873,Moderate,Monsoon,8.660562329805007,18.605771556613803
2022-06-24,2022,1,98.12,105.0910643656498,-6.971064365649795,6.971064365649795,Moderate,Monsoon,3.779436625388944,18.605771556613803
2022-06-25,2022,1,120.94,111.51440840020877,9.425591599791233,9.425591599791233,High,Monsoon,1.9770660618164653,27.113613087242882
2022-06-26,2022,1,83.12,92.2415195526763,-9.12151955267629,9.12151955267629,Moderate,Monsoon,1.0428196368941711,18.605771556613803
2022-06-27,2022,1,107.87,112.53177413917234,-4.661774139172337,4.661774139172337,Moderate,Monsoon,2.4433122023015748,18.605771556613803
2022-06-28,2022,1,129.17,102.94968752039811,26.220312479601873,26.220312479601873,High,Monsoon,1.387102259978252,27.113613087242882
2022-06-29,2022,1,116.82,83.49881879867746,33.32118120132253,33.32118120132253,Moderate,Monsoon,2.840845644737157,18.605771556613803
2022-06-30,2022,1,98.93,117.68748141212524,-18.75748141212523,18.75748141212523,Moderate,Monsoon,3.2516925032421757,18.605771556613803
2022-07-01,2022,1,52.54,107.7699309942418,-55.229930994241805,55.229930994241805,Low,Monsoon,7.113690301998642,12.493448874024073
2022-07-02,2022,1,58.8,80.69330199413554,-21.89330199413554,21.89330199413554,Low,Monsoon,8.05389780637361,12.493448874024073
2022-07-03,2022,1,31.26,47.029092410511815,-15.769092410511814,15.769092410511814,Low,Monsoon,10.675788293945905,12.493448874024073
2022-07-04,2022,1,53.55,46.80846293319334,6.741537066806657,6.741537066806657,Low,Monsoon,3.341996472658692,12.493448874024073
2022-07-05,2022,1,34.83,47.41464223036008,-12.584642230360082,12.584642230360082,Low,Monsoon,3.778588752360264,12.493448874024073
2022-07-06,2022,1,62.08,43.28625328073275,18.793746719267247,18.793746719267247,Moderate,Monsoon,3.341861626923868,18.605771556613803
2022-07-07,2022,1,45.32,51.13705110171325,-5.817051101713247,5.817051101713247,Low,Monsoon,1.5702286261291674,12.493448874024073
2022-07-08,2022,1,47.13,40.96308422842855,6.166915771571453,6.166915771571453,Low,Monsoon,2.656103745649812,12.493448874024073
2022-07-09,2022,1,65.54,47.05202523902668,18.487974760973323,18.487974760973323,Moderate,Monsoon,2.0856492094286634,18.605771556613803
2022-07-10,2022,1,60.67,50.047538358329454,10.622461641670547,10.622461641670547,Moderate,Monsoon,2.476562049273061,18.605771556613803
2022-07-11,2022,1,44.07,47.21329552448423,-3.1432955244842304,3.1432955244842304,Low,Monsoon,3.9167235088409376,12.493448874024073
2022-07-12,2022,1,56.08,50.64135118821157,5.4386488117884255,5.4386488117884255,Low,Monsoon,1.7801063589410222,12.493448874024073
2022-07-13,2022,1,53.48,44.06940749533181,9.410592504668188,9.410592504668188,Low,Monsoon,1.138819704695433,12.493448874024073
2022-07-14,2022,1,40.03,40.96458604913303,-0.9345860491330313,0.9345860491330313,Low,Monsoon,1.188409608553879,12.493448874024073
2022-07-15,2022,1,37.2,40.47860232008193,-3.27860232008193,3.27860232008193,Low,Monsoon,0.9139410628976256,12.493448874024073
2022-07-16,2022,1,54.32,37.297832888728415,17.022167111271585,17.022167111271585,Low,Monsoon,4.265243023667539,12.493448874024073
2022-07-17,2022,1,31.23,45.56059837501389,-14.330598375013889,14.330598375013889,Low,Monsoon,1.7026001958349075,12.493448874024073
2022-07-18,2022,1,46.01,41.17960410800973,4.830395891990271,4.830395891990271,Low,Monsoon,0.9116918403856712,12.493448874024073
2022-07-19,2022,1,55.3,41.46183268744121,13.838167312558788,13.838167312558788,Low,Monsoon,3.2327856146625438,12.493448874024073
2022-07-20,2022,1,30.81,43.98777890003059,-13.177778900030592,13.177778900030592,Low,Monsoon,2.141787090501718,12.493448874024073
2022-07-21,2022,1,48.02,47.753868757275406,0.2661312427245974,0.2661312427245974,Low,Monsoon,2.2006269738635718,12.493448874024073
2022-07-22,2022,1,54.26,50.26670661123105,3.9932933887689472,3.9932933887689472,Low,Monsoon,2.400013206311737,12.493448874024073
2022-07-23,2022,1,24.31,49.439597649744016,-25.129597649744017,25.129597649744017,Low,Monsoon,3.052339083371663,12.493448874024073
2022-07-24,2022,1,50.75,38.05544737593121,12.694552624068791,12.694552624068791,Low,Monsoon,0.666369123317776,12.493448874024073
2022-07-25,2022,1,30.74,41.84912085521627,-11.109120855216272,11.109120855216272,Low,Monsoon,0.5040418613702434,12.493448874024073
2022-07-26,2022,1,50.85,41.07327389483776,9.77672610516224,9.77672610516224,Low,Monsoon,1.199007729667075,12.493448874024073
2022-07-27,2022,1,37.54,38.697995868437154,-1.1579958684371547,1.1579958684371547,Low,Monsoon,3.2091214678583624,12.493448874024073
2022-07-28,2022,1,37.53,38.41482468963216,-0.8848246896321612,0.8848246896321612,Low,Monsoon,1.0210093068288315,12.493448874024073
2022-07-29,2022,1,22.67,40.4648975098293,-17.794897509829298,17.794897509829298,Low,Monsoon,1.0734129194521291,12.493448874024073
2022-07-30,2022,1,54.32,54.12011539172899,0.19988460827101306,0.19988460827101306,Low,Monsoon,2.913041443881601,12.493448874024073
2022-07-31,2022,1,39.8,50.421555358801534,-10.621555358801537,10.621555358801537,Low,Monsoon,1.3657379252447412,12.493448874024073
2022-08-01,2022,1,30.76,53.405199424858566,-22.645199424858564,22.645199424858564,Low,Monsoon,2.584270207785959,12.493448874024073
2022-08-02,2022,1,50.57,41.91988531118675,8.650114688813247,8.650114688813247,Low,Monsoon,1.188279575469339,12.493448874024073
2022-08-03,2022,1,28.9,50.741482113941686,-21.841482113941687,21.841482113941687,Low,Monsoon,1.714502643406182,12.493448874024073
2022-08-04,2022,1,56.08,46.92323696649691,9.15676303350309,9.15676303350309,Low,Monsoon,1.3691371008624944,12.493448874024073
2022-08-05,2022,1,62.09,43.8993785623994,18.190621437600605,18.190621437600605,Moderate,Monsoon,1.8653334240838035,18.605771556613803
2022-08-06,2022,1,61.57,47.40101243565219,14.168987564347809,14.168987564347809,Moderate,Monsoon,1.806392637695981,18.605771556613803
2022-08-07,2022,1,53.69,46.2293510722773,7.460648927722701,7.460648927722701,Low,Monsoon,1.1789559372278915,12.493448874024073
2022-08-08,2022,1,36.91,50.179901951429336,-13.26990195142934,13.26990195142934,Low,Monsoon,1.6018456190590538,12.493448874024073
2022-08-09,2022,1,63.34,46.45980619103623,16.880193808963774,16.880193808963774,Moderate,Monsoon,3.244538727338968,18.605771556613803
2022-08-10,2022,1,22.38,42.79797577316094,-20.417975773160943,20.417975773160943,Low,Monsoon,2.168760292877441,12.493448874024073
2022-08-11,2022,1,46.49,39.27991419184102,7.210085808158979,7.210085808158979,Low,Monsoon,2.091929067609375,12.493448874024073
2022-08-12,2022,1,49.92,38.27896575168074,11.641034248319265,11.641034248319265,Low,Monsoon,2.602064488945223,12.493448874024073
2022-08-13,2022,1,51.43,38.13023080203892,13.299769197961076,13.299769197961076,Low,Monsoon,1.8360286321400967,12.493448874024073
2022-08-14,2022,1,59.1,39.76264244137205,19.33735755862795,19.33735755862795,Low,Monsoon,2.835238677526643,12.493448874024073
2022-08-15,2022,1,37.94,40.81100892530637,-2.87100892530637,2.87100892530637,Low,Monsoon,1.2354614646098194,12.493448874024073
2022-08-16,2022,1,61.39,46.14385505682984,15.246144943170158,15.246144943170158,Moderate,Monsoon,3.711867840334827,18.605771556613803
2022-08-17,2022,1,36.99,50.25272827634049,-13.26272827634049,13.26272827634049,Low,Monsoon,2.024670613127586,12.493448874024073
2022-08-18,2022,1,40.48,40.107681017043,0.3723189829569975,0.3723189829569975,Low,Monsoon,2.357179883717773,12.493448874024073
2022-08-19,2022,1,56.17,59.679145464064376,-3.5091454640643747,3.5091454640643747,Low,Monsoon,14.374902027073764,12.493448874024073
2022-08-20,2022,1,38.59,41.08244933042839,-2.4924493304283857,2.4924493304283857,Low,Monsoon,2.5845441797834163,12.493448874024073
2022-08-21,2022,1,23.29,38.34817458887899,-15.058174588878991,15.058174588878991,Low,Monsoon,3.315805897568516,12.493448874024073
2022-08-22,2022,1,53.18,40.46970671372331,12.710293286276688,12.710293286276688,Low,Monsoon,1.9162226655808012,12.493448874024073
2022-08-23,2022,1,37.62,39.965314761334746,-2.3453147613347483,2.3453147613347483,Low,Monsoon,1.043275261917153,12.493448874024073
2022-08-24,2022,1,38.53,64.4863993981828,-25.956399398182796,25.956399398182796,Low,Monsoon,16.131315120873893,12.493448874024073
2022-08-25,2022,1,41.93,40.09485068130103,1.8351493186989671,1.8351493186989671,Low,Monsoon,2.3842751463779783,12.493448874024073
2022-08-26,2022,1,34.72,42.76729833166721,-8.047298331667214,8.047298331667214,Low,Monsoon,1.040327823176226,12.493448874024073
2022-08-27,2022,1,60.48,42.76235429343796,17.71764570656204,17.71764570656204,Moderate,Monsoon,1.0320116105441763,18.605771556613803
2022-08-28,2022,1,26.49,49.16375973905182,-22.67375973905182,22.67375973905182,Low,Monsoon,2.4380357436684887,12.493448874024073
2022-08-29,2022,1,60.14,46.754994269258574,13.385005730741426,13.385005730741426,Moderate,Monsoon,1.1405666070327118,18.605771556613803
2022-08-30,2022,1,42.4,51.959061505372574,-9.559061505372576,9.559061505372576,Low,Monsoon,3.1146098094540435,12.493448874024073
2022-08-31,2022,1,46.92,43.541742905884085,3.3782570941159165,3.3782570941159165,Low,Monsoon,1.240037704023235,12.493448874024073
2022-09-01,2022,1,37.14,51.82127249150784,-14.68127249150784,14.68127249150784,Low,Monsoon,3.339224006902824,12.493448874024073
2022-09-02,2022,1,54.94,55.13200514310496,-0.1920051431049643,0.1920051431049643,Low,Monsoon,3.781165293480707,12.493448874024073
2022-09-03,2022,1,31.49,48.65215111026284,-17.162151110262844,17.162151110262844,Low,Monsoon,2.783909682210513,12.493448874024073
2022-09-04,2022,1,45.48,54.21235991957941,-8.732359919579416,8.732359919579416,Low,Monsoon,3.467345692226972,12.493448874024073
2022-09-05,2022,1,49.29,42.75677756829821,6.5332224317017875,6.5332224317017875,Low,Monsoon,3.0153377780015123,12.493448874024073
2022-09-06,2022,1,40.18,44.17086458481139,-3.9908645848113906,3.9908645848113906,Low,Monsoon,1.2608898083048898,12.493448874024073
2022-09-07,2022,1,33.94,43.86519287074218,-9.92519287074218,9.92519287074218,Low,Monsoon,1.7068114621592438,12.493448874024073
2022-09-08,2022,1,44.04,45.01955448573069,-0.9795544857306879,0.9795544857306879,Low,Monsoon,1.068606753461743,12.493448874024073
2022-09-09,2022,1,36.83,48.00766669018429,-11.177666690184289,11.177666690184289,Low,Monsoon,0.8643438294906367,12.493448874024073
2022-09-10,2022,1,53.23,44.16208174651855,9.067918253481444,9.067918253481444,Low,Monsoon,1.632897360043166,12.493448874024073
2022-09-11,2022,1,26.55,52.808184809709616,-26.258184809709615,26.258184809709615,Low,Monsoon,1.2168614804349167,12.493448874024073
2022-09-12,2022,1,26.22,38.55917026436234,-12.339170264362345,12.339170264362345,Low,Monsoon,1.673554693728636,12.493448874024073
2022-09-13,2022,1,34.17,49.71708946152068,-15.547089461520677,15.547089461520677,Low,Monsoon,2.522832636539023,12.493448874024073
2022-09-14,2022,1,62.77,50.94580152143094,11.824198478569066,11.824198478569066,Moderate,Monsoon,3.062664810833486,18.605771556613803
2022-09-15,2022,1,31.17,48.3074192469403,-17.137419246940297,17.137419246940297,Low,Monsoon,3.792410024981723,12.493448874024073
2022-09-16,2022,1,53.37,46.06977581358648,7.300224186413516,7.300224186413516,Low,Monsoon,5.740481642297968,12.493448874024073
2022-09-17,2022,1,44.65,45.18457529419684,-0.5345752941968414,0.5345752941968414,Low,Monsoon,0.637070291109352,12.493448874024073
2022-09-18,2022,1,30.26,48.80375682970632,-18.54375682970632,18.54375682970632,Low,Monsoon,2.3582739182242887,12.493448874024073
2022-09-19,2022,1,29.34,41.18652659552985,-11.846526595529848,11.846526595529848,Low,Monsoon,0.9914090896021828,12.493448874024073
2022-09-20,2022,1,36.38,46.29103649269336,-9.911036492693356,9.911036492693356,Low,Monsoon,3.148005457693539,12.493448874024073
2022-09-21,2022,1,28.49,46.759499411216765,-18.269499411216767,18.269499411216767,Low,Monsoon,0.9374773066164788,12.493448874024073
2022-09-22,2022,1,38.79,51.30266635341293,-12.512666353412932,12.512666353412932,Low,Monsoon,4.458707795356543,12.493448874024073
2022-09-23,2022,1,28.33,45.4023752287788,-17.072375228778803,17.072375228778803,Low,Monsoon,2.4030136274649587,12.493448874024073
2022-09-24,2022,1,58.3,52.45860545253,5.841394547469996,5.841394547469996,Low,Monsoon,6.258796714321921,12.493448874024073
2022-09-25,2022,1,36.43,46.266462817378354,-9.836462817378354,9.836462817378354,Low,Monsoon,2.3094874397178096,12.493448874024073
2022-09-26,2022,1,39.14,43.70148829883611,-4.56148829883611,4.56148829883611,Low,Monsoon,3.897711031684737,12.493448874024073
2022-09-27,2022,1,30.85,42.13408881874189,-11.284088818741886,11.284088818741886,Low,Monsoon,0.6052017538605028,12.493448874024073
2022-09-28,2022,1,51.83,47.98071636256127,3.849283637438731,3.849283637438731,Low,Monsoon,1.9785532243498405,12.493448874024073
2022-09-29,2022,1,62.74,46.28195883486965,16.458041165130354,16.458041165130354,Moderate,Monsoon,2.6104980204153887,18.605771556613803
2022-09-30,2022,1,49.96,48.91737387470207,1.0426261252979288,1.0426261252979288,Low,Monsoon,3.444521503877549,12.493448874024073
2022-10-01,2022,1,216.32,159.18568086881967,57.13431913118032,57.13431913118032,High,Post-Monsoon,36.53020138449836,27.113613087242882
2022-10-02,2022,1,216.93,194.88624873052103,22.043751269478975,22.043751269478975,High,Post-Monsoon,15.491557644834083,27.113613087242882
2022-10-03,2022,1,128.81,149.30415615874227,-20.49415615874227,20.49415615874227,High,Post-Monsoon,3.7204647791871888,27.113613087242882
2022-10-04,2022,1,139.93,141.9692311869769,-2.039231186976906,2.039231186976906,High,Post-Monsoon,5.018336335896865,27.113613087242882
2022-10-05,2022,1,208.26,136.8827098208192,71.37729017918079,71.37729017918079,High,Post-Monsoon,6.731150462335085,27.113613087242882
2022-10-06,2022,1,161.39,135.0703904805596,26.319609519440377,26.319609519440377,High,Post-Monsoon,4.714762391482844,27.113613087242882
2022-10-07,2022,1,175.54,178.21183714254818,-2.671837142548185,2.671837142548185,High,Post-Monsoon,3.389565522316578,27.113613087242882
2022-10-08,2022,1,171.48,171.662431752472,-0.18243175247201293,0.18243175247201293,High,Post-Monsoon,5.789197219752437,27.113613087242882
2022-10-09,2022,1,215.35,207.6934074031789,7.656592596821099,7.656592596821099,High,Post-Monsoon,4.724915436092054,27.113613087242882
2022-10-10,2022,1,108.04,140.79507448651435,-32.755074486514346,32.755074486514346,Moderate,Post-Monsoon,4.326232341979589,18.605771556613803
2022-10-11,2022,1,219.23,218.85172580904003,0.3782741909599565,0.3782741909599565,High,Post-Monsoon,7.850522215099052,27.113613087242882
2022-10-12,2022,1,221.18,153.72284979447895,67.45715020552106,67.45715020552106,High,Post-Monsoon,9.631486090705486,27.113613087242882
2022-10-13,2022,1,113.94,146.15444099684794,-32.21444099684794,32.21444099684794,Moderate,Post-Monsoon,1.5941506643234302,18.605771556613803
2022-10-14,2022,1,129.29,157.65966085074336,-28.369660850743372,28.369660850743372,High,Post-Monsoon,6.026154643038908,27.113613087242882
2022-10-15,2022,1,156.99,182.06383598427584,-25.07383598427583,25.07383598427583,High,Post-Monsoon,2.3311373590478044,27.113613087242882
2022-10-16,2022,1,224.12,205.18963161896835,18.930368381031656,18.930368381031656,High,Post-Monsoon,7.970535866994986,27.113613087242882
2022-10-17,2022,1,177.53,200.3628605118663,-22.8328605118663,22.8328605118663,High,Post-Monsoon,7.430035891070105,27.113613087242882
2022-10-18,2022,1,161.43,161.7621737679332,-0.33217376793319886,0.33217376793319886,High,Post-Monsoon,5.077111794229252,27.113613087242882
2022-10-19,2022,1,147.98,144.69967243502015,3.2803275649798422,3.2803275649798422,High,Post-Monsoon,4.786179885875644,27.113613087242882
2022-10-20,2022,1,199.18,155.58779294347622,43.59220705652379,43.59220705652379,High,Post-Monsoon,2.6321433833827266,27.113613087242882
2022-10-21,2022,1,202.47,204.1432761029727,-1.673276102972693,1.673276102972693,High,Post-Monsoon,5.627184341390392,27.113613087242882
2022-10-22,2022,1,179.7,170.92052425245532,8.779475747544666,8.779475747544666,High,Post-Monsoon,4.150671977664851,27.113613087242882
2022-10-23,2022,1,111.64,166.8390698891557,-55.199069889155695,55.199069889155695,Moderate,Post-Monsoon,3.822885123885374,18.605771556613803
2022-10-24,2022,1,143.29,148.66036743124033,-5.370367431240339,5.370367431240339,High,Post-Monsoon,5.300655688596241,27.113613087242882
2022-10-25,2022,1,192.6,162.26932842304535,30.330671576954643,30.330671576954643,High,Post-Monsoon,3.354186637156394,27.113613087242882
2022-10-26,2022,1,144.35,142.04013299742022,2.3098670025797787,2.3098670025797787,High,Post-Monsoon,7.347084007057742,27.113613087242882
2022-10-27,2022,1,132.34,200.85063182234845,-68.51063182234844,68.51063182234844,High,Post-Monsoon,9.19878212946574,27.113613087242882
2022-10-28,2022,1,223.13,204.4478293951937,18.682170604806288,18.682170604806288,High,Post-Monsoon,3.462726547810642,27.113613087242882
2022-10-29,2022,1,205.21,189.13019168737736,16.079808312622646,16.079808312622646,High,Post-Monsoon,7.679965439177541,27.113613087242882
2022-10-30,2022,1,125.0,150.56935850304916,-25.56935850304916,25.56935850304916,High,Post-Monsoon,6.266242411922329,27.113613087242882
2022-10-31,2022,1,149.78,205.6770998509503,-55.8970998509503,55.8970998509503,High,Post-Monsoon,5.129133340227323,27.113613087242882
2022-11-01,2022,1,244.85,212.61124606356412,32.23875393643587,32.23875393643587,High,Post-Monsoon,2.520394353281638,27.113613087242882
2022-11-02,2022,1,355.74,314.5206155332069,41.21938446679309,41.21938446679309,Extreme,Post-Monsoon,46.64702971150796,29.973300898508228
2022-11-03,2022,1,287.67,311.4364724766584,-23.766472476658407,23.766472476658407,Extreme,Post-Monsoon,12.823599399644392,29.973300898508228
2022-11-04,2022,1,230.06,204.2598921320905,25.800107867909503,25.800107867909503,High,Post-Monsoon,6.102373413440707,27.113613087242882
2022-11-05,2022,1,306.59,294.61217023774856,11.977829762251417,11.977829762251417,Extreme,Post-Monsoon,7.471597009061215,29.973300898508228
2022-11-06,2022,1,218.64,244.2559411861739,-25.615941186173927,25.615941186173927,High,Post-Monsoon,3.7499134924849575,27.113613087242882
2022-11-07,2022,1,199.33,205.82981088428025,-6.499810884280237,6.499810884280237,High,Post-Monsoon,8.431739194857506,27.113613087242882
2022-11-08,2022,1,371.31,352.7571232038228,18.552876796177202,18.552876796177202,Extreme,Post-Monsoon,9.147116483994749,29.973300898508228
2022-11-09,2022,1,328.2,318.37696823379974,9.823031766200245,9.823031766200245,Extreme,Post-Monsoon,7.444400874192562,29.973300898508228
2022-11-10,2022,1,366.71,349.44438519672804,17.265614803271944,17.265614803271944,Extreme,Post-Monsoon,5.929797483213668,29.973300898508228
2022-11-11,2022,1,198.79,210.0686921368007,-11.278692136800714,11.278692136800714,High,Post-Monsoon,13.072430002649735,27.113613087242882
2022-11-12,2022,1,213.82,241.30396704281725,-27.483967042817255,27.483967042817255,High,Post-Monsoon,4.658129354961204,27.113613087242882
2022-11-13,2022,1,258.63,266.1040964310712,-7.474096431071189,7.474096431071189,Extreme,Post-Monsoon,5.766882304364759,29.973300898508228
2022-11-14,2022,1,280.3,288.4339936793069,-8.133993679306911,8.133993679306911,Extreme,Post-Monsoon,5.537428376039172,29.973300898508228
2022-11-15,2022,1,293.9,347.88766745649974,-53.987667456499764,53.987667456499764,Extreme,Post-Monsoon,7.918690904371505,29.973300898508228
2022-11-16,2022,1,212.54,267.46237657149175,-54.92237657149175,54.92237657149175,High,Post-Monsoon,3.358075393217086,27.113613087242882
2022-11-17,2022,1,306.56,258.289893616822,48.27010638317802,48.27010638317802,Extreme,Post-Monsoon,3.4784327145784792,29.973300898508228
2022-11-18,2022,1,351.34,336.9058390601679,14.434160939832054,14.434160939832054,Extreme,Post-Monsoon,8.725795215078076,29.973300898508228
2022-11-19,2022,1,339.16,360.876605391922,-21.716605391921973,21.716605391921973,Extreme,Post-Monsoon,3.241797281773244,29.973300898508228
2022-11-20,2022,1,263.98,258.28132900937925,5.698670990620769,5.698670990620769,Extreme,Post-Monsoon,7.148336344889379,29.973300898508228
2022-11-21,2022,1,281.6,336.5045723610167,-54.904572361016676,54.904572361016676,Extreme,Post-Monsoon,11.7582720272518,29.973300898508228
2022-11-22,2022,1,244.42,237.53500402760355,6.884995972396439,6.884995972396439,High,Post-Monsoon,7.526733512448396,27.113613087242882
2022-11-23,2022,1,312.01,314.75563976903214,-2.7456397690321523,2.7456397690321523,Extreme,Post-Monsoon,8.745805007821913,29.973300898508228
2022-11-24,2022,1,266.51,304.7750380225298,-38.265038022529836,38.265038022529836,Extreme,Post-Monsoon,5.046614199655988,29.973300898508228
2022-11-25,2022,1,266.24,261.73864721202926,4.501352787970745,4.501352787970745,Extreme,Post-Monsoon,6.37877405283108,29.973300898508228
2022-11-26,2022,1,288.98,315.1531186988237,-26.173118698823657,26.173118698823657,Extreme,Post-Monsoon,5.28097579500638,29.973300898508228
2022-11-27,2022,1,272.0,322.2854862212003,-50.2854862212003,50.2854862212003,Extreme,Post-Monsoon,5.439592765870383,29.973300898508228
2022-11-28,2022,1,223.66,250.9217208455368,-27.261720845536814,27.261720845536814,High,Post-Monsoon,9.418581664907292,27.113613087242882
2022-11-29,2022,1,208.71,213.01934331389128,-4.309343313891276,4.309343313891276,High,Post-Monsoon,4.038444686410991,27.113613087242882
2022-11-30,2022,1,317.81,350.9031079416974,-33.09310794169738,33.09310794169738,Extreme,Post-Monsoon,8.465361625347304,29.973300898508228
2022-12-01,2022,1,259.62,300.2625790196904,-40.6425790196904,40.6425790196904,Extreme,Winter,6.674528312005291,29.973300898508228
2022-12-02,2022,1,228.87,212.15182415159856,16.718175848401444,16.718175848401444,High,Winter,3.659586475857353,27.113613087242882
2022-12-03,2022,1,289.45,338.43918596415574,-48.98918596415575,48.98918596415575,Extreme,Winter,2.0733727765805603,29.973300898508228
2022-12-04,2022,1,309.45,317.07935605968,-7.629356059679992,7.629356059679992,Extreme,Winter,2.3558897452850154,29.973300898508228
2022-12-05,2022,1,229.57,219.98891133973973,9.581088660260264,9.581088660260264,High,Winter,7.171386966568975,27.113613087242882
2022-12-06,2022,1,275.73,212.46108420794965,63.268915792050365,63.268915792050365,Extreme,Winter,7.009868226491317,29.973300898508228
2022-12-07,2022,1,347.44,309.1931492041557,38.246850795844296,38.246850795844296,Extreme,Winter,5.753846448519903,29.973300898508228
2022-12-08,2022,1,196.62,257.87338414027124,-61.25338414027124,61.25338414027124,High,Winter,3.0537633629465306,27.113613087242882
2022-12-09,2022,1,229.6,293.6883886160145,-64.0883886160145,64.0883886160145,High,Winter,4.636468349279251,27.113613087242882
2022-12-10,2022,1,219.51,221.8524091767829,-2.3424091767829225,2.3424091767829225,High,Winter,4.3394433832425685,27.113613087242882
2022-12-11,2022,1,233.59,202.3693131532347,31.22068684676529,31.22068684676529,High,Winter,6.053237676600923,27.113613087242882
2022-12-12,2022,1,361.03,306.42255952156245,54.607440478437525,54.607440478437525,Extreme,Winter,5.974975262931556,29.973300898508228
2022-12-13,2022,1,223.04,201.83865050222656,21.201349497773435,21.201349497773435,High,Winter,11.5124211831196,27.113613087242882
2022-12-14,2022,1,369.12,310.8401667633983,58.27983323660169,58.27983323660169,Extreme,Winter,3.677535387289525,29.973300898508228
2022-12-15,2022,1,214.0,275.3548943488987,-61.35489434889871,61.35489434889871,High,Winter,3.2730733174455016,27.113613087242882
2022-12-16,2022,1,257.08,315.245045903857,-58.16504590385699,58.16504590385699,Extreme,Winter,0.5367535083352379,29.973300898508228
2022-12-17,2022,1,243.69,217.81381597097703,25.876184029022966,25.876184029022966,High,Winter,4.372548176775935,27.113613087242882
2022-12-18,2022,1,278.85,284.49134968317776,-5.6413496831777366,5.6413496831777366,Extreme,Winter,9.242861287824391,29.973300898508228
2022-12-19,2022,1,220.09,205.48785223570425,14.60214776429575,14.60214776429575,High,Winter,3.704481841321403,27.113613087242882
2022-12-20,2022,1,196.26,211.33677431943656,-15.076774319436566,15.076774319436566,High,Winter,3.817173304825962,27.113613087242882
2022-12-21,2022,1,221.9,256.66816010353904,-34.76816010353903,34.76816010353903,High,Winter,8.724468303839517,27.113613087242882
2022-12-22,2022,1,389.87,334.81828633417973,55.05171366582027,55.05171366582027,Extreme,Winter,21.38510123061725,29.973300898508228
2022-12-23,2022,1,205.95,230.73533451137712,-24.78533451137713,24.78533451137713,High,Winter,2.7379950533727704,27.113613087242882
2022-12-24,2022,1,239.8,245.05455782838,-5.254557828380001,5.254557828380001,High,Winter,4.142708674633921,27.113613087242882
2022-12-25,2022,1,346.84,348.69892317192614,-1.8589231719261647,1.8589231719261647,Extreme,Winter,5.352810237868661,29.973300898508228
2022-12-26,2022,1,317.58,330.83944043529766,-13.259440435297677,13.259440435297677,Extreme,Winter,4.784939254583611,29.973300898508228
2022-12-27,2022,1,236.9,267.3865287425276,-30.48652874252761,30.48652874252761,High,Winter,6.49199673787172,27.113613087242882
2022-12-28,2022,1,204.21,231.78191305818592,-27.571913058185913,27.571913058185913,High,Winter,2.5723164150021924,27.113613087242882
2022-12-29,2022,1,300.03,307.66024678839483,-7.630246788394857,7.630246788394857,Extreme,Winter,4.867521540697361,29.973300898508228
2022-12-30,2022,1,383.61,355.3617615139325,28.24823848606752,28.24823848606752,Extreme,Winter,4.56017901111459,29.973300898508228
2022-12-31,2022,1,199.18,206.7636536123282,-7.583653612328192,7.583653612328192,High,Winter,13.412131937044384,27.113613087242882
2023-01-01,2023,2,239.46,222.47265108863604,16.987348911363966,16.987348911363966,High,Winter,7.46378370196696,26.943415889228824
2023-01-02,2023,2,381.49,342.5782727301372,38.91172726986281,38.91172726986281,Extreme,Winter,3.329273026521392,30.349820943043436
2023-01-03,2023,2,320.85,301.08778741855684,19.76221258144318,19.76221258144318,Extreme,Winter,5.965563425956833,30.349820943043436
2023-01-04,2023,2,236.58,240.52425408187293,-3.944254081872913,3.944254081872913,High,Winter,4.587633222125581,26.943415889228824
2023-01-05,2023,2,312.09,300.42831015064456,11.661689849355412,11.661689849355412,Extreme,Winter,8.938941483789161,30.349820943043436
2023-01-06,2023,2,212.71,217.6682494437004,-4.958249443700396,4.958249443700396,High,Winter,5.248030054755441,26.943415889228824
2023-01-07,2023,2,377.39,343.3860395372563,34.00396046274369,34.00396046274369,Extreme,Winter,6.576617857833582,30.349820943043436
2023-01-08,2023,2,316.18,315.87781254349835,0.302187456501656,0.302187456501656,Extreme,Winter,5.571230808956654,30.349820943043436
2023-01-09,2023,2,305.62,320.26912508526254,-14.64912508526254,14.64912508526254,Extreme,Winter,11.935886778797924,30.349820943043436
2023-01-10,2023,2,323.93,322.0635115671894,1.8664884328106268,1.8664884328106268,Extreme,Winter,6.504181133640266,30.349820943043436
2023-01-11,2023,2,354.84,341.6242792801542,13.215720719845763,13.215720719845763,Extreme,Winter,8.05864006111902,30.349820943043436
2023-01-12,2023,2,246.66,221.23016231784032,25.429837682159672,25.429837682159672,High,Winter,5.7295080231434135,26.943415889228824
2023-01-13,2023,2,294.02,294.34226757721405,-0.3222675772140633,0.3222675772140633,Extreme,Winter,9.121880017370676,30.349820943043436
2023-01-14,2023,2,359.52,359.4330313880881,0.0869686119118569,0.0869686119118569,Extreme,Winter,8.011509941842542,30.349820943043436
2023-01-15,2023,2,335.57,355.529884598034,-19.959884598034023,19.959884598034023,Extreme,Winter,7.365491446162048,30.349820943043436
2023-01-16,2023,2,303.21,323.2250387608715,-20.015038760871505,20.015038760871505,Extreme,Winter,4.093713979169144,30.349820943043436
2023-01-17,2023,2,311.94,325.09014393806746,-13.150143938067458,13.150143938067458,Extreme,Winter,4.59054183129005,30.349820943043436
2023-01-18,2023,2,329.09,322.9864643953735,6.103535604626472,6.103535604626472,Extreme,Winter,1.6415738525715804,30.349820943043436
2023-01-19,2023,2,303.74,314.6504514111934,-10.910451411193378,10.910451411193378,Extreme,Winter,2.9204123635154637,30.349820943043436
2023-01-20,2023,2,311.05,314.73246770526936,-3.682467705269346,3.682467705269346,Extreme,Winter,8.324205719720169,30.349820943043436
2023-01-21,2023,2,284.12,260.06815476723926,24.05184523276074,24.05184523276074,Extreme,Winter,5.343274238928262,30.349820943043436
2023-01-22,2023,2,293.96,303.7972763398725,-9.837276339872517,9.837276339872517,Extreme,Winter,6.737870192204753,30.349820943043436
2023-01-23,2023,2,371.63,363.4555700326231,8.17442996737691,8.17442996737691,Extreme,Winter,3.9978134448974303,30.349820943043436
2023-01-24,2023,2,218.15,234.36166449017117,-16.21166449017116,16.21166449017116,High,Winter,14.311763840162204,26.943415889228824
2023-01-25,2023,2,312.9,320.7128710053294,-7.812871005329441,7.812871005329441,Extreme,Winter,3.824704170870176,30.349820943043436
2023-01-26,2023,2,303.74,355.95324736094136,-52.21324736094135,52.21324736094135,Extreme,Winter,5.254253588962569,30.349820943043436
2023-01-27,2023,2,296.51,266.93858043907824,29.571419560921754,29.571419560921754,Extreme,Winter,4.246977259782001,30.349820943043436
2023-01-28,2023,2,233.49,268.49879130969856,-35.00879130969855,35.00879130969855,High,Winter,1.7325781634152122,26.943415889228824
2023-01-29,2023,2,334.08,332.2635991626556,1.8164008373443608,1.8164008373443608,Extreme,Winter,3.1606896443519354,30.349820943043436
2023-01-30,2023,2,211.28,216.0111535004129,-4.731153500412887,4.731153500412887,High,Winter,3.96533277434902,26.943415889228824
2023-01-31,2023,2,339.59,320.96141163317475,18.628588366825227,18.628588366825227,Extreme,Winter,8.62391141035304,30.349820943043436
2023-02-01,2023,2,164.87,214.5696469610893,-49.699646961089286,49.699646961089286,High,Winter,3.028256997589582,26.943415889228824
2023-02-02,2023,2,127.79,162.08877487588975,-34.29877487588975,34.29877487588975,High,Winter,15.602027556574358,26.943415889228824
2023-02-03,2023,2,175.55,195.12050873765725,-19.570508737657235,19.570508737657235,High,Winter,2.1790077486979373,26.943415889228824
2023-02-04,2023,2,153.81,157.3512699656692,-3.541269965669187,3.541269965669187,High,Winter,9.481072008489468,26.943415889228824
2023-02-05,2023,2,180.11,182.97955441319016,-2.8695544131901443,2.8695544131901443,High,Winter,11.053650808128944,26.943415889228824
2023-02-06,2023,2,169.35,165.31572798156577,4.034272018434223,4.034272018434223,High,Winter,8.368364473537028,26.943415889228824
2023-02-07,2023,2,224.72,221.6230483402013,3.096951659798691,3.096951659798691,High,Winter,3.621705635678024,26.943415889228824
2023-02-08,2023,2,191.15,146.37808058958078,44.77191941041923,44.77191941041923,High,Winter,3.9764656447579023,26.943415889228824
2023-02-09,2023,2,192.06,204.31891773332592,-12.258917733325916,12.258917733325916,High,Winter,3.9549606928558023,26.943415889228824
2023-02-10,2023,2,180.68,222.9205256306533,-42.24052563065328,42.24052563065328,High,Winter,5.104568404847135,26.943415889228824
2023-02-11,2023,2,148.21,152.58518010857284,-4.375180108572835,4.375180108572835,High,Winter,6.123460218341691,26.943415889228824
2023-02-12,2023,2,212.69,193.1541241321562,19.5358758678438,19.5358758678438,High,Winter,6.868712678929916,26.943415889228824
2023-02-13,2023,2,116.09,142.2449513075994,-26.15495130759939,26.15495130759939,Moderate,Winter,2.174112186202521,18.085277958896608
2023-02-14,2023,2,197.82,193.6672153830128,4.152784616987191,4.152784616987191,High,Winter,4.764474403189292,26.943415889228824
2023-02-15,2023,2,232.54,203.27051522647173,29.269484773528262,29.269484773528262,High,Winter,8.064674041146086,26.943415889228824
2023-02-16,2023,2,111.42,148.59854895478395,-37.17854895478395,37.17854895478395,Moderate,Winter,1.5022194423483124,18.085277958896608
2023-02-17,2023,2,214.78,195.30769288718457,19.47230711281543,19.47230711281543,High,Winter,5.330493764514587,26.943415889228824
2023-02-18,2023,2,204.58,218.41828208842304,-13.838282088423028,13.838282088423028,High,Winter,4.075329025911092,26.943415889228824
2023-02-19,2023,2,132.59,190.05349103675167,-57.46349103675166,57.46349103675166,High,Winter,4.611129789628087,26.943415889228824
2023-02-20,2023,2,209.82,180.4419996110153,29.378000388984702,29.378000388984702,High,Winter,2.550401075591156,26.943415889228824
2023-02-21,2023,2,236.66,206.4425352792658,30.2174647207342,30.2174647207342,High,Winter,6.884871238059961,26.943415889228824
2023-02-22,2023,2,230.27,203.8937176793872,26.376282320612802,26.376282320612802,High,Winter,5.968554826678372,26.943415889228824
2023-02-23,2023,2,174.23,180.7302247848856,-6.500224784885603,6.500224784885603,High,Winter,13.101238496706218,26.943415889228824
2023-02-24,2023,2,116.93,126.90231463527118,-9.972314635271175,9.972314635271175,Moderate,Winter,11.9890755415353,18.085277958896608
2023-02-25,2023,2,210.16,175.15136287341969,35.00863712658031,35.00863712658031,High,Winter,8.229162133082927,26.943415889228824
2023-02-26,2023,2,205.45,209.3940443709576,-3.944044370957613,3.944044370957613,High,Winter,7.4188267291049215,26.943415889228824
2023-02-27,2023,2,162.72,191.76320694921415,-29.043206949214152,29.043206949214152,High,Winter,6.478966550175407,26.943415889228824
2023-02-28,2023,2,201.67,208.218537324986,-6.548537324986,6.548537324986,High,Winter,8.375637112393528,26.943415889228824
2023-03-01,2023,2,104.82,130.8561230644792,-26.0361230644792,26.0361230644792,Moderate,Summer,2.0896451563301355,18.085277958896608
2023-03-02,2023,2,70.11,129.05790311049154,-58.94790311049154,58.94790311049154,Moderate,Summer,1.3902690340411892,18.085277958896608
2023-03-03,2023,2,109.89,98.48787703844027,11.402122961559726,11.402122961559726,Moderate,Summer,4.503166625556401,18.085277958896608
2023-03-04,2023,2,136.3,118.1269702811985,18.173029718801516,18.173029718801516,High,Summer,4.066563896562324,26.943415889228824
2023-03-05,2023,2,92.48,103.60248265266384,-11.122482652663834,11.122482652663834,Moderate,Summer,2.620688637264483,18.085277958896608
2023-03-06,2023,2,124.25,110.57052292245844,13.679477077541563,13.679477077541563,High,Summer,3.280309779531536,26.943415889228824
2023-03-07,2023,2,126.99,111.29003521318322,15.699964786816778,15.699964786816778,High,Summer,4.974307907448249,26.943415889228824
2023-03-08,2023,2,80.78,96.38199907862086,-15.601999078620864,15.601999078620864,Moderate,Summer,2.884504392694037,18.085277958896608
2023-03-09,2023,2,89.1,89.82293755156056,-0.7229375515605625,0.7229375515605625,Moderate,Summer,1.607759246540062,18.085277958896608
2023-03-10,2023,2,110.09,114.8660466764187,-4.7760466764187015,4.7760466764187015,Moderate,Summer,3.4075003887628657,18.085277958896608
2023-03-11,2023,2,68.26,99.48292886755172,-31.222928867551715,31.222928867551715,Moderate,Summer,1.090250992408277,18.085277958896608
2023-03-12,2023,2,99.6,92.67413978690064,6.925860213099355,6.925860213099355,Moderate,Summer,4.270962260785279,18.085277958896608
2023-03-13,2023,2,77.25,89.40971964491229,-12.159719644912286,12.159719644912286,Moderate,Summer,1.1807076304696442,18.085277958896608
2023-03-14,2023,2,75.38,86.55622669092286,-11.17622669092286,11.17622669092286,Moderate,Summer,3.9856195066632223,18.085277958896608
2023-03-15,2023,2,125.53,116.89269201586023,8.637307984139767,8.637307984139767,High,Summer,3.2401295467338103,26.943415889228824
2023-03-16,2023,2,131.2,101.95985694930724,29.24014305069275,29.24014305069275,High,Summer,2.4966611972217727,26.943415889228824
2023-03-17,2023,2,94.86,93.7408183044563,1.119181695543702,1.119181695543702,Moderate,Summer,1.3835737416107028,18.085277958896608
2023-03-18,2023,2,125.06,97.96243060714971,27.09756939285029,27.09756939285029,High,Summer,1.0660912344718567,26.943415889228824
2023-03-19,2023,2,96.47,109.55843463975602,-13.088434639756017,13.088434639756017,Moderate,Summer,1.2472198311297429,18.085277958896608
2023-03-20,2023,2,109.25,105.40605337401286,3.8439466259871438,3.8439466259871438,Moderate,Summer,2.193459563656844,18.085277958896608
2023-03-21,2023,2,77.62,103.194555447077,-25.57455544707699,25.57455544707699,Moderate,Summer,0.9071928366905436,18.085277958896608
2023-03-22,2023,2,124.05,116.57144644267042,7.478553557329576,7.478553557329576,High,Summer,8.788366233185771,26.943415889228824
2023-03-23,2023,2,96.0,101.80563451453312,-5.805634514533125,5.805634514533125,Moderate,Summer,1.0946045142209335,18.085277958896608
2023-03-24,2023,2,106.02,100.6097849061187,5.410215093881291,5.410215093881291,Moderate,Summer,0.8204053193715771,18.085277958896608
2023-03-25,2023,2,129.35,101.3569949298796,27.99300507012039,27.99300507012039,High,Summer,0.1545697752630677,26.943415889228824
2023-03-26,2023,2,67.38,93.54909808359024,-26.169098083590242,26.169098083590242,Moderate,Summer,3.572953151849525,18.085277958896608
2023-03-27,2023,2,119.31,92.89320476963177,26.416795230368237,26.416795230368237,Moderate,Summer,5.46783579454749,18.085277958896608
2023-03-28,2023,2,128.65,103.3122354849472,25.33776451505281,25.33776451505281,High,Summer,3.590875913667169,26.943415889228824
2023-03-29,2023,2,116.65,154.59240739086474,-37.94240739086473,37.94240739086473,Moderate,Summer,15.66338550424734,18.085277958896608
2023-03-30,2023,2,136.66,113.5223056528725,23.137694347127493,23.137694347127493,High,Summer,1.1743716042433865,26.943415889228824
2023-03-31,2023,2,76.84,107.39860043245255,-30.55860043245255,30.55860043245255,Moderate,Summer,4.520829609694659,18.085277958896608
2023-04-01,2023,2,104.29,95.0696204693792,9.220379530620804,9.220379530620804,Moderate,Summer,2.775877706145987,18.085277958896608
2023-04-02,2023,2,128.98,103.45839787650164,25.521602123498354,25.521602123498354,High,Summer,2.080432499937116,26.943415889228824
2023-04-03,2023,2,89.28,101.46877301276362,-12.188773012763619,12.188773012763619,Moderate,Summer,4.539931641670453,18.085277958896608
2023-04-04,2023,2,95.57,105.54192567001408,-9.971925670014087,9.971925670014087,Moderate,Summer,2.112221597359171,18.085277958896608
2023-04-05,2023,2,113.39,107.23498645732894,6.155013542671057,6.155013542671057,Moderate,Summer,2.074304763361522,18.085277958896608
2023-04-06,2023,2,100.27,108.18662508274096,-7.916625082740964,7.916625082740964,Moderate,Summer,3.0625984773504817,18.085277958896608
2023-04-07,2023,2,68.61,86.43636472260522,-17.82636472260522,17.82636472260522,Moderate,Summer,2.130367319215486,18.085277958896608
2023-04-08,2023,2,105.8,99.52871872943804,6.271281270561957,6.271281270561957,Moderate,Summer,1.7402456352082718,18.085277958896608
2023-04-09,2023,2,133.86,113.9610086850018,19.898991314998213,19.898991314998213,High,Summer,3.702198862357816,26.943415889228824
2023-04-10,2023,2,88.52,102.35331451026896,-13.833314510268963,13.833314510268963,Moderate,Summer,2.69589476431184,18.085277958896608
2023-04-11,2023,2,119.16,115.88555661786292,3.274443382137079,3.274443382137079,Moderate,Summer,4.573252286190785,18.085277958896608
2023-04-12,2023,2,73.24,89.57967017114878,-16.339670171148782,16.339670171148782,Moderate,Summer,2.9101752679969337,18.085277958896608
2023-04-13,2023,2,102.81,110.08241516718812,-7.2724151671881145,7.2724151671881145,Moderate,Summer,1.7257885311595738,18.085277958896608
2023-04-14,2023,2,125.08,102.60981700492688,22.470182995073117,22.470182995073117,High,Summer,4.288767234510552,26.943415889228824
2023-04-15,2023,2,109.23,87.76300731187108,21.466992688128926,21.466992688128926,Moderate,Summer,0.3684804093256943,18.085277958896608
2023-04-16,2023,2,82.23,109.6851589425608,-27.4551589425608,27.4551589425608,Moderate,Summer,5.537888449377649,18.085277958896608
2023-04-17,2023,2,102.93,135.34394392658567,-32.41394392658566,32.41394392658566,Moderate,Summer,11.87677706876137,18.085277958896608
2023-04-18,2023,2,120.09,113.55629202054132,6.533707979458683,6.533707979458683,High,Summer,3.5639959243049257,26.943415889228824
2023-04-19,2023,2,133.3,107.98095520692124,25.319044793078774,25.319044793078774,High,Summer,2.843899844576542,26.943415889228824
2023-04-20,2023,2,116.88,101.55716704741116,15.32283295258884,15.32283295258884,Moderate,Summer,2.450477644584772,18.085277958896608
2023-04-21,2023,2,74.42,88.28148274250178,-13.861482742501778,13.861482742501778,Moderate,Summer,4.631487412060463,18.085277958896608
2023-04-22,2023,2,133.84,133.11209323318647,0.7279067668135326,0.7279067668135326,High,Summer,9.619517694276263,26.943415889228824
2023-04-23,2023,2,75.68,93.24071070467568,-17.56071070467567,17.56071070467567,Moderate,Summer,2.2510618748364517,18.085277958896608
2023-04-24,2023,2,69.16,107.07377725574274,-37.913777255742744,37.913777255742744,Moderate,Summer,2.458778220900207,18.085277958896608
2023-04-25,2023,2,76.07,92.68493351024144,-16.614933510241443,16.614933510241443,Moderate,Summer,2.991978247728085,18.085277958896608
2023-04-26,2023,2,93.19,95.45171768832408,-2.261717688324083,2.261717688324083,Moderate,Summer,2.1499106064855846,18.085277958896608
2023-04-27,2023,2,90.77,94.39221147618424,-3.6222114761842477,3.6222114761842477,Moderate,Summer,4.409243470469321,18.085277958896608
2023-04-28,2023,2,117.81,98.0052054016908,19.8047945983092,19.8047945983092,Moderate,Summer,1.3885056166428822,18.085277958896608
2023-04-29,2023,2,74.47,98.60645914628778,-24.136459146287777,24.136459146287777,Moderate,Summer,1.5284348223113746,18.085277958896608
2023-04-30,2023,2,93.85,85.85147701977459,7.9985229802254025,7.9985229802254025,Moderate,Summer,2.1421898102209966,18.085277958896608
2023-05-01,2023,2,74.08,85.75901618369164,-11.679016183691644,11.679016183691644,Moderate,Summer,0.7429862566207258,18.085277958896608
2023-05-02,2023,2,65.91,102.2045425045874,-36.2945425045874,36.2945425045874,Moderate,Summer,1.2072604029158087,18.085277958896608
2023-05-03,2023,2,89.65,86.01014183427895,3.6398581657210514,3.6398581657210514,Moderate,Summer,3.210647444444489,18.085277958896608
2023-05-04,2023,2,126.24,115.21252884319732,11.027471156802676,11.027471156802676,High,Summer,10.228179371357252,26.943415889228824
2023-05-05,2023,2,87.39,82.86053738490625,4.529462615093749,4.529462615093749,Moderate,Summer,2.5248853911714697,18.085277958896608
2023-05-06,2023,2,131.86,139.58013113425002,-7.7201311342500105,7.7201311342500105,High,Summer,10.264895796373969,26.943415889228824
2023-05-07,2023,2,91.56,88.88402009821449,2.67597990178551,2.67597990178551,Moderate,Summer,1.6035859928447092,18.085277958896608
2023-05-08,2023,2,100.05,96.59600514110254,3.4539948588974596,3.4539948588974596,Moderate,Summer,2.568206064931788,18.085277958896608
2023-05-09,2023,2,69.35,99.62005949861376,-30.27005949861376,30.27005949861376,Moderate,Summer,2.070715730195412,18.085277958896608
2023-05-10,2023,2,120.7,110.21507070839654,10.484929291603464,10.484929291603464,High,Summer,2.411195894558505,26.943415889228824
2023-05-11,2023,2,101.81,110.821010335919,-9.011010335918996,9.011010335918996,Moderate,Summer,4.80084089861259,18.085277958896608
2023-05-12,2023,2,95.71,85.49393396666656,10.216066033333433,10.216066033333433,Moderate,Summer,0.7407044621986217,18.085277958896608
2023-05-13,2023,2,108.79,98.96057676266116,9.829423237338844,9.829423237338844,Moderate,Summer,2.8175577026418064,18.085277958896608
2023-05-14,2023,2,72.48,84.25153563998303,-11.771535639983028,11.771535639983028,Moderate,Summer,3.974146409397325,18.085277958896608
2023-05-15,2023,2,71.17,76.8056402100961,-5.635640210096099,5.635640210096099,Moderate,Summer,2.767086928655897,18.085277958896608
2023-05-16,2023,2,119.41,109.690695912658,9.719304087341996,9.719304087341996,Moderate,Summer,2.2479301367124607,18.085277958896608
2023-05-17,2023,2,115.4,110.6735775559386,4.726422444061399,4.726422444061399,Moderate,Summer,2.5524298025918384,18.085277958896608
2023-05-18,2023,2,114.62,103.82837059672684,10.791629403273163,10.791629403273163,Moderate,Summer,1.1561005283645125,18.085277958896608
2023-05-19,2023,2,93.33,111.13410648743611,-17.804106487436115,17.804106487436115,Moderate,Summer,3.2549591304769314,18.085277958896608
2023-05-20,2023,2,119.31,96.24191313319788,23.06808686680212,23.06808686680212,Moderate,Summer,1.4713643218612655,18.085277958896608
2023-05-21,2023,2,111.97,107.65363920057344,4.316360799426562,4.316360799426562,Moderate,Summer,4.6891177749452,18.085277958896608
2023-05-22,2023,2,128.72,108.47255117702012,20.247448822979877,20.247448822979877,High,Summer,2.6120488961725936,26.943415889228824
2023-05-23,2023,2,83.63,80.87752181193324,2.7524781880667604,2.7524781880667604,Moderate,Summer,4.410034700526812,18.085277958896608
2023-05-24,2023,2,111.61,134.78920355725472,-23.179203557254723,23.179203557254723,Moderate,Summer,9.901621478412109,18.085277958896608
2023-05-25,2023,2,93.76,95.83751059093753,-2.0775105909375213,2.0775105909375213,Moderate,Summer,1.6875298412600084,18.085277958896608
2023-05-26,2023,2,108.45,113.22568136072816,-4.775681360728157,4.775681360728157,Moderate,Summer,1.6007236453586853,18.085277958896608
2023-05-27,2023,2,99.02,102.41369794662552,-3.3936979466255224,3.3936979466255224,Moderate,Summer,1.176878028189407,18.085277958896608
2023-05-28,2023,2,125.01,113.15082878375136,11.85917121624864,11.85917121624864,High,Summer,4.088439106088668,26.943415889228824
2023-05-29,2023,2,85.04,102.76789999328696,-17.727899993286954,17.727899993286954,Moderate,Summer,1.1904011379847403,18.085277958896608
2023-05-30,2023,2,87.81,108.20494826611451,-20.39494826611451,20.39494826611451,Moderate,Summer,1.612417153145702,18.085277958896608
2023-05-31,2023,2,115.71,104.5797692937763,11.1302307062237,11.1302307062237,Moderate,Summer,2.714027469076175,18.085277958896608
2023-06-01,2023,2,130.08,115.43662697847418,14.643373021525832,14.643373021525832,High,Monsoon,4.012881404251445,26.943415889228824
2023-06-02,2023,2,72.81,103.60212927415984,-30.792129274159834,30.792129274159834,Moderate,Monsoon,3.951463241351702,18.085277958896608
2023-06-03,2023,2,93.67,97.8029713933569,-4.132971393356897,4.132971393356897,Moderate,Monsoon,1.1208182078209572,18.085277958896608
2023-06-04,2023,2,78.96,91.77483560489598,-12.81483560489599,12.81483560489599,Moderate,Monsoon,3.871611295285499,18.085277958896608
2023-06-05,2023,2,130.55,117.360476441663,13.189523558337015,13.189523558337015,High,Monsoon,1.7208376526207334,26.943415889228824
2023-06-06,2023,2,121.24,145.06528779269746,-23.825287792697466,23.825287792697466,High,Monsoon,12.337028209657662,26.943415889228824
2023-06-07,2023,2,109.41,102.27323494158392,7.136765058416074,7.136765058416074,Moderate,Monsoon,1.287004852681091,18.085277958896608
2023-06-08,2023,2,115.73,111.3119972944766,4.418002705523406,4.418002705523406,Moderate,Monsoon,4.359788238626566,18.085277958896608
2023-06-09,2023,2,80.17,86.56442432861891,-6.394424328618911,6.394424328618911,Moderate,Monsoon,1.820267674489232,18.085277958896608
2023-06-10,2023,2,88.66,86.90958158251571,1.7504184174842834,1.7504184174842834,Moderate,Monsoon,3.278219131521585,18.085277958896608
2023-06-11,2023,2,130.69,161.9908733216497,-31.300873321649703,31.300873321649703,High,Monsoon,21.067946321191368,26.943415889228824
2023-06-12,2023,2,81.66,98.92695331421372,-17.266953314213723,17.266953314213723,Moderate,Monsoon,1.9437659347687328,18.085277958896608
2023-06-13,2023,2,106.68,117.44056777483756,-10.760567774837554,10.760567774837554,Moderate,Monsoon,3.3186359240775247,18.085277958896608
2023-06-14,2023,2,84.1,97.8566975464746,-13.756697546474612,13.756697546474612,Moderate,Monsoon,1.8751955017037223,18.085277958896608
2023-06-15,2023,2,90.34,118.40493977353948,-28.06493977353948,28.06493977353948,Moderate,Monsoon,1.6356828658182314,18.085277958896608
2023-06-16,2023,2,67.99,97.45003958394965,-29.46003958394965,29.46003958394965,Moderate,Monsoon,3.9436399707920113,18.085277958896608
2023-06-17,2023,2,78.56,94.36301526708148,-15.803015267081477,15.803015267081477,Moderate,Monsoon,2.612741454874341,18.085277958896608
2023-06-18,2023,2,129.04,95.047851698808,33.99214830119199,33.99214830119199,High,Monsoon,2.239920382828399,26.943415889228824
2023-06-19,2023,2,69.16,101.21200732167954,-32.05200732167954,32.05200732167954,Moderate,Monsoon,4.620646306741209,18.085277958896608
2023-06-20,2023,2,80.48,87.61252764120937,-7.132527641209364,7.132527641209364,Moderate,Monsoon,3.6918579786836583,18.085277958896608
2023-06-21,2023,2,123.47,108.80551151932008,14.664488480679921,14.664488480679921,High,Monsoon,1.7730644300355654,26.943415889228824
2023-06-22,2023,2,131.64,97.66648965838964,33.97351034161035,33.97351034161035,High,Monsoon,4.247269826464186,26.943415889228824
2023-06-23,2023,2,122.07,107.99878981630508,14.071210183694916,14.071210183694916,High,Monsoon,2.422477617417772,26.943415889228824
2023-06-24,2023,2,96.61,74.91836696328035,21.69163303671965,21.69163303671965,Moderate,Monsoon,4.751315935312162,18.085277958896608
2023-06-25,2023,2,99.85,95.25938491966606,4.590615080333933,4.590615080333933,Moderate,Monsoon,3.696822871303448,18.085277958896608
2023-06-26,2023,2,79.04,83.18337691693034,-4.143376916930336,4.143376916930336,Moderate,Monsoon,3.7068921974759927,18.085277958896608
2023-06-27,2023,2,114.38,121.94402541448602,-7.564025414486025,7.564025414486025,Moderate,Monsoon,12.000222551619572,18.085277958896608
2023-06-28,2023,2,119.49,118.5715036153627,0.9184963846372938,0.9184963846372938,Moderate,Monsoon,8.652125416243718,18.085277958896608
2023-06-29,2023,2,97.37,100.44819246212636,-3.078192462126353,3.078192462126353,Moderate,Monsoon,5.30969811045051,18.085277958896608
2023-06-30,2023,2,93.92,119.49677844706238,-25.57677844706238,25.57677844706238,Moderate,Monsoon,5.881978505352878,18.085277958896608
2023-07-01,2023,2,46.86,92.80217153368814,-45.94217153368814,45.94217153368814,Low,Monsoon,9.747934401189704,12.389726835702215
2023-07-02,2023,2,42.9,62.755605449096784,-19.855605449096785,19.855605449096785,Low,Monsoon,5.31092443298964,12.389726835702215
2023-07-03,2023,2,29.12,45.18422524140768,-16.06422524140768,16.06422524140768,Low,Monsoon,5.489400531116956,12.389726835702215
2023-07-04,2023,2,28.39,47.3784642506217,-18.988464250621696,18.988464250621696,Low,Monsoon,2.384357795095098,12.389726835702215
2023-07-05,2023,2,22.37,46.041230503948434,-23.671230503948433,23.671230503948433,Low,Monsoon,3.222803900552167,12.389726835702215
2023-07-06,2023,2,51.22,45.25646441753072,5.963535582469277,5.963535582469277,Low,Monsoon,2.473958761282046,12.389726835702215
2023-07-07,2023,2,48.24,40.32034971255334,7.9196502874466645,7.9196502874466645,Low,Monsoon,2.640645416001077,12.389726835702215
2023-07-08,2023,2,41.59,39.798114814875,1.791885185125004,1.791885185125004,Low,Monsoon,2.2054552883711875,12.389726835702215
2023-07-09,2023,2,58.8,39.82369721529742,18.976302784702575,18.976302784702575,Low,Monsoon,2.830515499394118,12.389726835702215
2023-07-10,2023,2,41.95,41.40105094790438,0.5489490520956224,0.5489490520956224,Low,Monsoon,0.962310311334336,12.389726835702215
2023-07-11,2023,2,32.07,39.6289058389368,-7.558905838936802,7.558905838936802,Low,Monsoon,0.3126196889690858,12.389726835702215
2023-07-12,2023,2,28.71,39.064521721020114,-10.354521721020113,10.354521721020113,Low,Monsoon,2.402473763704124,12.389726835702215
2023-07-13,2023,2,42.14,46.54111586339009,-4.401115863390089,4.401115863390089,Low,Monsoon,1.0561627855174511,12.389726835702215
2023-07-14,2023,2,27.03,40.33039963827851,-13.300399638278506,13.300399638278506,Low,Monsoon,1.79201393625991,12.389726835702215
2023-07-15,2023,2,42.21,40.04574523798944,2.1642547620105574,2.1642547620105574,Low,Monsoon,0.801914863408714,12.389726835702215
2023-07-16,2023,2,31.48,37.93952548720202,-6.4595254872020185,6.4595254872020185,Low,Monsoon,1.9575654078290567,12.389726835702215
2023-07-17,2023,2,55.16,42.29522797176684,12.864772028233155,12.864772028233155,Low,Monsoon,1.9603280688115492,12.389726835702215
2023-07-18,2023,2,33.31,42.40028927896424,-9.090289278964235,9.090289278964235,Low,Monsoon,2.767606682228313,12.389726835702215
2023-07-19,2023,2,31.51,43.51374834581131,-12.003748345811307,12.003748345811307,Low,Monsoon,2.139773735469672,12.389726835702215
2023-07-20,2023,2,42.4,40.0746306598556,2.3253693401443982,2.3253693401443982,Low,Monsoon,2.5254061057992936,12.389726835702215
2023-07-21,2023,2,60.56,47.7931722900157,12.766827709984305,12.766827709984305,Moderate,Monsoon,0.4806378109334292,18.085277958896608
2023-07-22,2023,2,35.38,41.155314725750586,-5.775314725750583,5.775314725750583,Low,Monsoon,1.576415857895334,12.389726835702215
2023-07-23,2023,2,28.23,51.58839557344138,-23.35839557344138,23.35839557344138,Low,Monsoon,2.5385884360716418,12.389726835702215
2023-07-24,2023,2,41.48,49.21704014040196,-7.737040140401966,7.737040140401966,Low,Monsoon,2.680568822932276,12.389726835702215
2023-07-25,2023,2,62.24,47.75489857288584,14.48510142711416,14.48510142711416,Moderate,Monsoon,1.2116595593853556,18.085277958896608
2023-07-26,2023,2,59.42,44.55093676595645,14.869063234043551,14.869063234043551,Low,Monsoon,2.0361628407338737,12.389726835702215
2023-07-27,2023,2,54.48,41.77955615787823,12.700443842121764,12.700443842121764,Low,Monsoon,1.5904404253927973,12.389726835702215
2023-07-28,2023,2,22.94,40.17206237976275,-17.23206237976275,17.23206237976275,Low,Monsoon,2.637005814019036,12.389726835702215
2023-07-29,2023,2,24.18,46.4360489506384,-22.2560489506384,22.2560489506384,Low,Monsoon,1.546020401139321,12.389726835702215
2023-07-30,2023,2,55.29,49.54444127694804,5.745558723051957,5.745558723051957,Low,Monsoon,1.8380107107401509,12.389726835702215
2023-07-31,2023,2,60.06,48.05526256331473,12.004737436685275,12.004737436685275,Moderate,Monsoon,0.595894199437684,18.085277958896608
2023-08-01,2023,2,39.67,41.848777479414665,-2.178777479414663,2.178777479414663,Low,Monsoon,2.032683961532322,12.389726835702215
2023-08-02,2023,2,37.24,43.2876855748682,-6.047685574868197,6.047685574868197,Low,Monsoon,1.768057708613343,12.389726835702215
2023-08-03,2023,2,30.02,42.31834595871042,-12.298345958710417,12.298345958710417,Low,Monsoon,0.7340566290752005,12.389726835702215
2023-08-04,2023,2,53.14,45.01628909290308,8.123710907096921,8.123710907096921,Low,Monsoon,2.0489508631808024,12.389726835702215
2023-08-05,2023,2,53.06,40.47785747880474,12.582142521195266,12.582142521195266,Low,Monsoon,2.638479662669068,12.389726835702215
2023-08-06,2023,2,54.5,47.86619696522838,6.633803034771617,6.633803034771617,Low,Monsoon,2.420028313652358,12.389726835702215
2023-08-07,2023,2,60.47,46.34446055287198,14.12553944712802,14.12553944712802,Moderate,Monsoon,1.026610323587973,18.085277958896608
2023-08-08,2023,2,47.48,47.856527150402506,-0.3765271504025094,0.3765271504025094,Low,Monsoon,2.5460690750270083,12.389726835702215
2023-08-09,2023,2,31.38,50.72810217184805,-19.34810217184805,19.34810217184805,Low,Monsoon,1.1030427930193747,12.389726835702215
2023-08-10,2023,2,36.83,47.75540217712,-10.925402177119999,10.925402177119999,Low,Monsoon,0.8282042619069374,12.389726835702215
2023-08-11,2023,2,31.86,41.2242214179044,-9.364221417904403,9.364221417904403,Low,Monsoon,0.2440054444768505,12.389726835702215
2023-08-12,2023,2,58.69,42.79482085874347,15.895179141256527,15.895179141256527,Low,Monsoon,1.6003619826179256,12.389726835702215
2023-08-13,2023,2,43.49,41.57275647136049,1.91724352863951,1.91724352863951,Low,Monsoon,4.398061232612761,12.389726835702215
2023-08-14,2023,2,31.8,41.34922933383808,-9.549229333838081,9.549229333838081,Low,Monsoon,2.3925062053526824,12.389726835702215
2023-08-15,2023,2,49.06,46.98619360782422,2.0738063921757828,2.0738063921757828,Low,Monsoon,0.5338991289023934,12.389726835702215
2023-08-16,2023,2,29.53,40.02528753312661,-10.495287533126607,10.495287533126607,Low,Monsoon,1.7757322537586788,12.389726835702215
2023-08-17,2023,2,65.94,41.96779538802275,23.972204611977247,23.972204611977247,Moderate,Monsoon,2.8969487022870744,18.085277958896608
2023-08-18,2023,2,27.67,44.10189607804264,-16.43189607804264,16.43189607804264,Low,Monsoon,1.7502990234174842,12.389726835702215
2023-08-19,2023,2,37.6,43.36143809036312,-5.7614380903631215,5.7614380903631215,Low,Monsoon,1.9951836052826415,12.389726835702215
2023-08-20,2023,2,29.97,42.23150387670792,-12.26150387670792,12.26150387670792,Low,Monsoon,1.4630265748078966,12.389726835702215
2023-08-21,2023,2,35.15,42.38502737442722,-7.235027374427219,7.235027374427219,Low,Monsoon,2.196827734433393,12.389726835702215
2023-08-22,2023,2,53.04,43.56253231107095,9.477467688929046,9.477467688929046,Low,Monsoon,2.0670894985491293,12.389726835702215
2023-08-23,2023,2,33.81,42.70388342071742,-8.893883420717415,8.893883420717415,Low,Monsoon,2.3592796884972334,12.389726835702215
2023-08-24,2023,2,32.07,45.95529553482016,-13.885295534820159,13.885295534820159,Low,Monsoon,1.8663749181309977,12.389726835702215
2023-08-25,2023,2,59.7,49.3710032800928,10.328996719907202,10.328996719907202,Low,Monsoon,1.289831427337015,12.389726835702215
2023-08-26,2023,2,32.28,47.89887283443922,-15.618872834439216,15.618872834439216,Low,Monsoon,2.5004860480302846,12.389726835702215
2023-08-27,2023,2,58.62,40.63528262768578,17.984717372314215,17.984717372314215,Low,Monsoon,0.8830722498189527,12.389726835702215
2023-08-28,2023,2,43.87,50.96805646002684,-7.098056460026839,7.098056460026839,Low,Monsoon,1.493324780391531,12.389726835702215
2023-08-29,2023,2,43.96,43.854605929210784,0.1053940707892167,0.1053940707892167,Low,Monsoon,1.2707804502607885,12.389726835702215
2023-08-30,2023,2,47.72,43.033226624535125,4.686773375464874,4.686773375464874,Low,Monsoon,1.2362578361483936,12.389726835702215
2023-08-31,2023,2,29.23,44.04458904545553,-14.81458904545553,14.81458904545553,Low,Monsoon,0.6136786022549385,12.389726835702215
2023-09-01,2023,2,32.59,40.73955020867259,-8.149550208672586,8.149550208672586,Low,Monsoon,0.581547817041408,12.389726835702215
2023-09-02,2023,2,61.23,41.82361020215372,19.406389797846273,19.406389797846273,Moderate,Monsoon,1.2466862243774597,18.085277958896608
2023-09-03,2023,2,53.8,48.69488365876873,5.105116341231266,5.105116341231266,Low,Monsoon,6.278737967818049,12.389726835702215
2023-09-04,2023,2,30.32,46.11414998845508,-15.794149988455082,15.794149988455082,Low,Monsoon,3.034381370474759,12.389726835702215
2023-09-05,2023,2,61.49,50.85006883310647,10.639931166893533,10.639931166893533,Moderate,Monsoon,0.980172078836908,18.085277958896608
2023-09-06,2023,2,32.33,49.51405774185452,-17.184057741854524,17.184057741854524,Low,Monsoon,0.3380671552368546,12.389726835702215
2023-09-07,2023,2,62.21,52.855365378183386,9.354634621816615,9.354634621816615,Moderate,Monsoon,4.081852557428264,18.085277958896608
2023-09-08,2023,2,34.47,46.5617821324664,-12.091782132466399,12.091782132466399,Low,Monsoon,1.9474681425976756,12.389726835702215
2023-09-09,2023,2,47.93,45.55531586676061,2.3746841332393913,2.3746841332393913,Low,Monsoon,2.177414104739648,12.389726835702215
2023-09-10,2023,2,57.36,44.38359442619314,12.976405573806858,12.976405573806858,Low,Monsoon,1.1360492913486058,12.389726835702215
2023-09-11,2023,2,50.46,43.42979700798515,7.03020299201485,7.03020299201485,Low,Monsoon,3.438173556193875,12.389726835702215
2023-09-12,2023,2,31.92,39.59031171020725,-7.670311710207251,7.670311710207251,Low,Monsoon,0.4271230791953921,12.389726835702215
2023-09-13,2023,2,41.95,41.77004160922746,0.1799583907725406,0.1799583907725406,Low,Monsoon,1.8338919474649624,12.389726835702215
2023-09-14,2023,2,59.91,38.59136215097804,21.318637849021954,21.318637849021954,Low,Monsoon,1.2533545415990923,12.389726835702215
2023-09-15,2023,2,55.44,45.84288991896145,9.59711008103855,9.59711008103855,Low,Monsoon,0.987157973343774,12.389726835702215
2023-09-16,2023,2,55.27,44.971874410642,10.298125589358001,10.298125589358001,Low,Monsoon,2.208104996414198,12.389726835702215
2023-09-17,2023,2,39.34,49.35805144266436,-10.018051442664358,10.018051442664358,Low,Monsoon,1.964902861994912,12.389726835702215
2023-09-18,2023,2,48.46,48.21071740765696,0.24928259234304306,0.24928259234304306,Low,Monsoon,1.553774709102184,12.389726835702215
2023-09-19,2023,2,48.52,41.8957814880018,6.624218511998201,6.624218511998201,Low,Monsoon,0.7702426322927345,12.389726835702215
2023-09-20,2023,2,21.99,37.708395539779694,-15.718395539779696,15.718395539779696,Low,Monsoon,3.995066973173513,12.389726835702215
2023-09-21,2023,2,40.18,38.857290619074,1.3227093809259998,1.3227093809259998,Low,Monsoon,2.109451451289972,12.389726835702215
2023-09-22,2023,2,60.45,51.33561225887814,9.11438774112186,9.11438774112186,Moderate,Monsoon,1.7390664548244583,18.085277958896608
2023-09-23,2023,2,24.44,40.79150645390277,-16.35150645390277,16.35150645390277,Low,Monsoon,2.5103225037059578,12.389726835702215
2023-09-24,2023,2,33.16,44.59645440269591,-11.436454402695915,11.436454402695915,Low,Monsoon,1.750688650133668,12.389726835702215
2023-09-25,2023,2,28.58,40.774247089364245,-12.194247089364247,12.194247089364247,Low,Monsoon,1.3033687094179176,12.389726835702215
2023-09-26,2023,2,22.81,43.59721788992751,-20.787217889927508,20.787217889927508,Low,Monsoon,1.360209520821917,12.389726835702215
2023-09-27,2023,2,48.12,40.40334094493884,7.716659055061157,7.716659055061157,Low,Monsoon,1.5115365018094953,12.389726835702215
2023-09-28,2023,2,53.37,49.09840354109362,4.27159645890638,4.27159645890638,Low,Monsoon,0.95324477691284,12.389726835702215
2023-09-29,2023,2,37.29,41.310979354116746,-4.020979354116747,4.020979354116747,Low,Monsoon,2.0972166480197747,12.389726835702215
2023-09-30,2023,2,49.6,46.63061630686138,2.9693836931386244,2.9693836931386244,Low,Monsoon,3.3521404830361674,12.389726835702215
2023-10-01,2023,2,174.18,71.36385208740131,102.8161479125987,102.8161479125987,High,Post-Monsoon,12.2594600608346,26.943415889228824
2023-10-02,2023,2,154.64,139.71542513030548,14.92457486969451,14.92457486969451,High,Post-Monsoon,6.289600859281338,26.943415889228824
2023-10-03,2023,2,199.2,195.524682001702,3.6753179982979987,3.6753179982979987,High,Post-Monsoon,15.67862576451044,26.943415889228824
2023-10-04,2023,2,126.65,173.76399841095318,-47.11399841095317,47.11399841095317,High,Post-Monsoon,9.941900705520627,26.943415889228824
2023-10-05,2023,2,222.5,198.63406561314244,23.86593438685756,23.86593438685756,High,Post-Monsoon,6.370398017479899,26.943415889228824
2023-10-06,2023,2,158.65,143.07691343564545,15.573086564354554,15.573086564354554,High,Post-Monsoon,2.962051924748087,26.943415889228824
2023-10-07,2023,2,174.47,188.5565981040228,-14.086598104022812,14.086598104022812,High,Post-Monsoon,5.794566457929963,26.943415889228824
2023-10-08,2023,2,140.21,196.4701400592099,-56.2601400592099,56.2601400592099,High,Post-Monsoon,5.376896041474488,26.943415889228824
2023-10-09,2023,2,167.07,146.48508168954604,20.584918310453958,20.584918310453958,High,Post-Monsoon,2.995558984557501,26.943415889228824
2023-10-10,2023,2,124.27,142.49764557867672,-18.22764557867673,18.22764557867673,High,Post-Monsoon,5.816169097551214,26.943415889228824
2023-10-11,2023,2,131.91,152.9310361517902,-21.021036151790213,21.021036151790213,High,Post-Monsoon,5.394287508600301,26.943415889228824
2023-10-12,2023,2,117.22,141.84143386423807,-24.62143386423807,24.62143386423807,Moderate,Post-Monsoon,3.4792116915255917,18.085277958896608
2023-10-13,2023,2,138.11,133.54417373305463,4.565826266945379,4.565826266945379,High,Post-Monsoon,6.928727556683101,26.943415889228824
2023-10-14,2023,2,197.03,187.05041954698007,9.979580453019935,9.979580453019935,High,Post-Monsoon,8.489660156892397,26.943415889228824
2023-10-15,2023,2,209.04,210.73623592114276,-1.6962359211427724,1.6962359211427724,High,Post-Monsoon,3.722702903347215,26.943415889228824
2023-10-16,2023,2,123.9,147.3040957895437,-23.404095789543703,23.404095789543703,High,Post-Monsoon,4.564552014126004,26.943415889228824
2023-10-17,2023,2,230.08,206.2352162394653,23.84478376053471,23.84478376053471,High,Post-Monsoon,3.420405838013469,26.943415889228824
2023-10-18,2023,2,179.33,195.7350231629293,-16.405023162929297,16.405023162929297,High,Post-Monsoon,3.289342838417917,26.943415889228824
2023-10-19,2023,2,172.88,160.38083083860136,12.49916916139864,12.49916916139864,High,Post-Monsoon,9.363274734262967,26.943415889228824
2023-10-20,2023,2,180.4,204.59448591459545,-24.194485914595447,24.194485914595447,High,Post-Monsoon,4.077119260788007,26.943415889228824
2023-10-21,2023,2,210.06,230.61823814915735,-20.558238149157347,20.558238149157347,High,Post-Monsoon,4.087460083992315,26.943415889228824
2023-10-22,2023,2,182.07,167.5274088619403,14.542591138059692,14.542591138059692,High,Post-Monsoon,4.9987415850375605,26.943415889228824
2023-10-23,2023,2,121.64,134.46919366525225,-12.829193665252248,12.829193665252248,High,Post-Monsoon,8.800019995589704,26.943415889228824
2023-10-24,2023,2,153.94,169.9764727102074,-16.03647271020739,16.03647271020739,High,Post-Monsoon,2.982506311751555,26.943415889228824
2023-10-25,2023,2,216.04,185.74580007263887,30.29419992736112,30.29419992736112,High,Post-Monsoon,4.713637920244648,26.943415889228824
2023-10-26,2023,2,172.16,149.41145085189655,22.74854914810345,22.74854914810345,High,Post-Monsoon,4.074951414142709,26.943415889228824
2023-10-27,2023,2,188.76,145.55502202750674,43.20497797249325,43.20497797249325,High,Post-Monsoon,5.408894261228355,26.943415889228824
2023-10-28,2023,2,177.12,172.91387309856057,4.206126901439433,4.206126901439433,High,Post-Monsoon,7.775928576981144,26.943415889228824
2023-10-29,2023,2,214.59,203.3240695194514,11.265930480548604,11.265930480548604,High,Post-Monsoon,3.364410799472994,26.943415889228824
2023-10-30,2023,2,210.88,204.592281242455,6.287718757545008,6.287718757545008,High,Post-Monsoon,3.317333926555683,26.943415889228824
2023-10-31,2023,2,203.24,223.224734150122,-19.984734150121994,19.984734150121994,High,Post-Monsoon,3.5528107487565874,26.943415889228824
2023-11-01,2023,2,302.24,305.16914020261095,-2.929140202610938,2.929140202610938,Extreme,Post-Monsoon,27.141425108906287,30.349820943043436
2023-11-02,2023,2,393.07,357.6294144191886,35.44058558081139,35.44058558081139,Extreme,Post-Monsoon,14.722818720987236,30.349820943043436
2023-11-03,2023,2,196.21,211.7292012919085,-15.519201291908502,15.519201291908502,High,Post-Monsoon,7.831406283912814,26.943415889228824
2023-11-04,2023,2,298.38,329.5886498726177,-31.208649872617684,31.208649872617684,Extreme,Post-Monsoon,3.822473768507652,30.349820943043436
2023-11-05,2023,2,373.56,348.4305349208353,25.129465079164675,25.129465079164675,Extreme,Post-Monsoon,2.2320444438107496,30.349820943043436
2023-11-06,2023,2,366.24,344.43741559224577,21.80258440775424,21.80258440775424,Extreme,Post-Monsoon,3.3806109172443435,30.349820943043436
2023-11-07,2023,2,347.66,328.00245791714883,19.657542082851194,19.657542082851194,Extreme,Post-Monsoon,2.318730215568789,30.349820943043436
2023-11-08,2023,2,254.75,215.91692009443716,38.83307990556284,38.83307990556284,Extreme,Post-Monsoon,2.9787256530428534,30.349820943043436
2023-11-09,2023,2,200.48,221.06970307835925,-20.589703078359264,20.589703078359264,High,Post-Monsoon,2.864442019194191,26.943415889228824
2023-11-10,2023,2,227.36,253.86518768593763,-26.505187685937614,26.505187685937614,High,Post-Monsoon,4.0804599456953685,26.943415889228824
2023-11-11,2023,2,359.41,312.0788132135418,47.331186786458204,47.331186786458204,Extreme,Post-Monsoon,2.055795358089939,30.349820943043436
2023-11-12,2023,2,333.74,320.6016469089273,13.138353091072702,13.138353091072702,Extreme,Post-Monsoon,6.001748645647677,30.349820943043436
2023-11-13,2023,2,332.92,347.78419695177456,-14.864196951774545,14.864196951774545,Extreme,Post-Monsoon,5.63044808271696,30.349820943043436
2023-11-14,2023,2,341.35,322.225804792212,19.124195207788034,19.124195207788034,Extreme,Post-Monsoon,1.244114064143485,30.349820943043436
2023-11-15,2023,2,318.23,346.8240129589519,-28.594012958951907,28.594012958951907,Extreme,Post-Monsoon,6.837275659816941,30.349820943043436
2023-11-16,2023,2,334.27,323.3134001202004,10.956599879799569,10.956599879799569,Extreme,Post-Monsoon,3.98561831459132,30.349820943043436
2023-11-17,2023,2,288.06,264.7789267381812,23.28107326181879,23.28107326181879,Extreme,Post-Monsoon,3.9577843895599054,30.349820943043436
2023-11-18,2023,2,373.14,356.227793824244,16.912206175756012,16.912206175756012,Extreme,Post-Monsoon,4.773612824713147,30.349820943043436
2023-11-19,2023,2,304.92,270.1650109638285,34.75498903617154,34.75498903617154,Extreme,Post-Monsoon,6.576502122942241,30.349820943043436
2023-11-20,2023,2,239.05,222.6119434109093,16.438056589090706,16.438056589090706,High,Post-Monsoon,5.165377857544167,26.943415889228824
2023-11-21,2023,2,258.06,236.23036495681927,21.82963504318073,21.82963504318073,Extreme,Post-Monsoon,8.386027285793954,30.349820943043436
2023-11-22,2023,2,354.5,310.9928254453187,43.507174554681285,43.507174554681285,Extreme,Post-Monsoon,6.213375107098027,30.349820943043436
2023-11-23,2023,2,334.19,324.4216780798364,9.7683219201636,9.7683219201636,Extreme,Post-Monsoon,6.683902096836127,30.349820943043436
2023-11-24,2023,2,257.59,243.17341529251155,14.416584707488425,14.416584707488425,Extreme,Post-Monsoon,5.488573223934369,30.349820943043436
2023-11-25,2023,2,291.02,308.491083172533,-17.471083172533042,17.471083172533042,Extreme,Post-Monsoon,6.433656215850046,30.349820943043436
2023-11-26,2023,2,342.92,301.6093998137885,41.3106001862115,41.3106001862115,Extreme,Post-Monsoon,3.1965899086130283,30.349820943043436
2023-11-27,2023,2,257.42,227.30405099744388,30.115949002556135,30.115949002556135,Extreme,Post-Monsoon,5.732296590729262,30.349820943043436
2023-11-28,2023,2,223.39,228.24594611902225,-4.8559461190222635,4.8559461190222635,High,Post-Monsoon,4.209332632211888,26.943415889228824
2023-11-29,2023,2,231.85,266.07769510642504,-34.227695106425045,34.227695106425045,High,Post-Monsoon,6.1872393785903,26.943415889228824
2023-11-30,2023,2,389.59,355.8515738548172,33.73842614518276,33.73842614518276,Extreme,Post-Monsoon,2.8576073463806715,30.349820943043436
2023-12-01,2023,2,391.44,349.55031350130935,41.88968649869065,41.88968649869065,Extreme,Winter,15.146248231421373,30.349820943043436
2023-12-02,2023,2,292.2,265.284573394773,26.91542660522697,26.91542660522697,Extreme,Winter,5.798435720900766,30.349820943043436
2023-12-03,2023,2,269.59,263.3422386604095,6.247761339590454,6.247761339590454,Extreme,Winter,2.465223775458412,30.349820943043436
2023-12-04,2023,2,286.68,291.11994431291254,-4.43994431291253,4.43994431291253,Extreme,Winter,3.200857785797494,30.349820943043436
2023-12-05,2023,2,271.93,217.51237932007075,54.41762067992926,54.41762067992926,Extreme,Winter,2.347915470746956,30.349820943043436
2023-12-06,2023,2,370.3,324.8395930477468,45.46040695225321,45.46040695225321,Extreme,Winter,5.830051765804543,30.349820943043436
2023-12-07,2023,2,296.98,262.47473690015295,34.50526309984707,34.50526309984707,Extreme,Winter,8.731741978071037,30.349820943043436
2023-12-08,2023,2,283.64,273.5813878040192,10.0586121959808,10.0586121959808,Extreme,Winter,1.8623890997571928,30.349820943043436
2023-12-09,2023,2,211.45,221.6348117646018,-10.184811764601818,10.184811764601818,High,Winter,4.0723926942253454,26.943415889228824
2023-12-10,2023,2,271.04,267.27162405989964,3.768375940100384,3.768375940100384,Extreme,Winter,5.683095094572907,30.349820943043436
2023-12-11,2023,2,349.49,348.4810102889148,1.0089897110852348,1.0089897110852348,Extreme,Winter,6.713884930542244,30.349820943043436
2023-12-12,2023,2,310.97,304.226278614133,6.7437213858670475,6.7437213858670475,Extreme,Winter,2.8805290074758814,30.349820943043436
2023-12-13,2023,2,356.27,331.84185794826567,24.428142051734312,24.428142051734312,Extreme,Winter,6.021346018517254,30.349820943043436
2023-12-14,2023,2,231.44,265.21926275517103,-33.77926275517103,33.77926275517103,High,Winter,4.930648327549414,26.943415889228824
2023-12-15,2023,2,291.03,308.3608386863963,-17.330838686396305,17.330838686396305,Extreme,Winter,3.875938062625921,30.349820943043436
2023-12-16,2023,2,239.87,217.29132589639124,22.578674103608762,22.578674103608762,High,Winter,2.5854543996526567,26.943415889228824
2023-12-17,2023,2,348.44,322.77080651952,25.669193480479976,25.669193480479976,Extreme,Winter,3.681617903772095,30.349820943043436
2023-12-18,2023,2,298.15,313.1619777054981,-15.011977705498111,15.011977705498111,Extreme,Winter,1.0261984744748602,30.349820943043436
2023-12-19,2023,2,324.03,344.4589878168241,-20.428987816824133,20.428987816824133,Extreme,Winter,7.774232119889759,30.349820943043436
2023-12-20,2023,2,342.95,346.34633003720194,-3.396330037201949,3.396330037201949,Extreme,Winter,5.823956596272214,30.349820943043436
2023-12-21,2023,2,231.05,227.62604325233468,3.423956747665329,3.423956747665329,High,Winter,3.174380989865917,26.943415889228824
2023-12-22,2023,2,319.08,323.88288820447355,-4.802888204473561,4.802888204473561,Extreme,Winter,3.7823566930348287,30.349820943043436
2023-12-23,2023,2,315.93,333.0501391286608,-17.12013912866081,17.12013912866081,Extreme,Winter,2.45913488084504,30.349820943043436
2023-12-24,2023,2,213.74,219.14717693754912,-5.40717693754911,5.40717693754911,High,Winter,3.883030258292342,26.943415889228824
2023-12-25,2023,2,308.8,315.556251746994,-6.756251746993996,6.756251746993996,Extreme,Winter,4.296392044893358,30.349820943043436
2023-12-26,2023,2,251.7,242.84038479153904,8.859615208460951,8.859615208460951,Extreme,Winter,8.650697587089951,30.349820943043436
2023-12-27,2023,2,279.4,249.1087945481724,30.29120545182758,30.29120545182758,Extreme,Winter,4.755864674823455,30.349820943043436
2023-12-28,2023,2,302.3,303.118847194109,-0.8188471941089688,0.8188471941089688,Extreme,Winter,3.6703887277845286,30.349820943043436
2023-12-29,2023,2,243.92,226.3264541509913,17.593545849008677,17.593545849008677,High,Winter,1.8970580452406265,26.943415889228824
2023-12-30,2023,2,337.92,314.32535772128745,23.59464227871257,23.59464227871257,Extreme,Winter,5.8350711361356895,30.349820943043436
2023-12-31,2023,2,227.32,263.37355678095025,-36.05355678095026,36.05355678095026,High,Winter,3.718808091568323,26.943415889228824
2024-01-01,2024,3,231.43,267.7962056246352,-36.3662056246352,36.3662056246352,High,Winter,5.741602944271786,26.239775814828658
2024-01-02,2024,3,307.74,261.81088141016403,45.92911858983598,45.92911858983598,Extreme,Winter,6.447004388292744,28.102175472964962
2024-01-03,2024,3,231.77,217.40987455515776,14.360125444842254,14.360125444842254,High,Winter,3.940939267313548,26.239775814828658
2024-01-04,2024,3,360.27,347.7908648608523,12.479135139147672,12.479135139147672,Extreme,Winter,4.723092937187364,28.102175472964962
2024-01-05,2024,3,223.45,220.49540311620495,2.954596883795034,2.954596883795034,High,Winter,3.978359091686935,26.239775814828658
2024-01-06,2024,3,280.05,306.461065220467,-26.41106522046698,26.41106522046698,Extreme,Winter,8.137159296854868,28.102175472964962
2024-01-07,2024,3,256.53,229.78842662003248,26.74157337996749,26.74157337996749,Extreme,Winter,5.039015367022711,28.102175472964962
2024-01-08,2024,3,330.14,359.0190773827365,-28.87907738273651,28.87907738273651,Extreme,Winter,5.914779349217799,28.102175472964962
2024-01-09,2024,3,267.41,262.62698521585577,4.783014784144257,4.783014784144257,Extreme,Winter,4.645413808518877,28.102175472964962
2024-01-10,2024,3,382.03,356.72684548813265,25.30315451186732,25.30315451186732,Extreme,Winter,4.632181974812235,28.102175472964962
2024-01-11,2024,3,248.9,262.0964920983218,-13.196492098321784,13.196492098321784,High,Winter,1.9589807303260536,26.239775814828658
2024-01-12,2024,3,290.16,285.08114044486734,5.078859555132681,5.078859555132681,Extreme,Winter,5.138845773531991,28.102175472964962
2024-01-13,2024,3,273.11,224.1639841914488,48.94601580855121,48.94601580855121,Extreme,Winter,3.0783027939927043,28.102175472964962
2024-01-14,2024,3,370.8,363.9041534686082,6.89584653139184,6.89584653139184,Extreme,Winter,8.431309193252824,28.102175472964962
2024-01-15,2024,3,316.52,312.18413132070555,4.335868679294435,4.335868679294435,Extreme,Winter,5.319448578946621,28.102175472964962
2024-01-16,2024,3,202.84,211.48623167012676,-8.646231670126753,8.646231670126753,High,Winter,1.6935196252144864,26.239775814828658
2024-01-17,2024,3,218.66,258.15351965530255,-39.49351965530255,39.49351965530255,High,Winter,2.5253475113235924,26.239775814828658
2024-01-18,2024,3,238.68,256.78385823420695,-18.10385823420694,18.10385823420694,High,Winter,3.962565961919268,26.239775814828658
2024-01-19,2024,3,237.98,317.0877829901982,-79.10778299019822,79.10778299019822,High,Winter,9.739714628123654,26.239775814828658
2024-01-20,2024,3,267.32,300.22450722868643,-32.90450722868644,32.90450722868644,Extreme,Winter,1.2697036249366231,28.102175472964962
2024-01-21,2024,3,287.89,264.2787419379879,23.611258062012098,23.611258062012098,Extreme,Winter,3.91317129085824,28.102175472964962
2024-01-22,2024,3,367.43,323.72364721768594,43.70635278231407,43.70635278231407,Extreme,Winter,6.744287506919616,28.102175472964962
2024-01-23,2024,3,316.79,313.88540528511936,2.904594714880659,2.904594714880659,Extreme,Winter,9.532482026707696,28.102175472964962
2024-01-24,2024,3,214.99,221.5025093908609,-6.512509390860885,6.512509390860885,High,Winter,2.0989676869505045,26.239775814828658
2024-01-25,2024,3,248.97,261.2080140433242,-12.238014043324227,12.238014043324227,High,Winter,6.342914151708441,26.239775814828658
2024-01-26,2024,3,258.45,219.4424673048378,39.00753269516218,39.00753269516218,Extreme,Winter,11.411594562968787,28.102175472964962
2024-01-27,2024,3,296.36,313.5591975612913,-17.19919756129127,17.19919756129127,Extreme,Winter,10.14924789799534,28.102175472964962
2024-01-28,2024,3,323.21,324.26648964043824,-1.056489640438258,1.056489640438258,Extreme,Winter,2.0399412015521508,28.102175472964962
2024-01-29,2024,3,226.45,240.2768373778463,-13.826837377846317,13.826837377846317,High,Winter,6.8754693339442206,26.239775814828658
2024-01-30,2024,3,284.9,247.36048407374747,37.539515926252506,37.539515926252506,Extreme,Winter,5.173043233706367,28.102175472964962
2024-01-31,2024,3,291.33,310.3832097219783,-19.053209721978305,19.053209721978305,Extreme,Winter,3.730359744358465,28.102175472964962
2024-02-01,2024,3,118.78,175.93038937332585,-57.15038937332585,57.15038937332585,Moderate,Winter,8.457087588304999,17.372386937553046
2024-02-02,2024,3,185.92,159.3908575918668,26.529142408133197,26.529142408133197,High,Winter,9.385318699014942,26.239775814828658
2024-02-03,2024,3,162.29,148.92810266065618,13.361897339343813,13.361897339343813,High,Winter,3.948950364829475,26.239775814828658
2024-02-04,2024,3,197.2,208.230530940632,-11.030530940632019,11.030530940632019,High,Winter,4.288493785772952,26.239775814828658
2024-02-05,2024,3,141.66,137.84903157684667,3.8109684231533265,3.8109684231533265,High,Winter,4.801447344867837,26.239775814828658
2024-02-06,2024,3,201.69,198.30366679838136,3.3863332016186405,3.3863332016186405,High,Winter,6.087387662114607,26.239775814828658
2024-02-07,2024,3,174.75,203.6949366955792,-28.9449366955792,28.9449366955792,High,Winter,2.5389510209801918,26.239775814828658
2024-02-08,2024,3,233.88,190.88526975723408,42.99473024276591,42.99473024276591,High,Winter,2.858777246954016,26.239775814828658
2024-02-09,2024,3,188.41,212.79296081567563,-24.38296081567563,24.38296081567563,High,Winter,4.897151217078731,26.239775814828658
2024-02-10,2024,3,157.32,150.98287035580236,6.337129644197631,6.337129644197631,High,Winter,7.746177271944591,26.239775814828658
2024-02-11,2024,3,211.01,187.65601735884485,23.35398264115514,23.35398264115514,High,Winter,2.9542577559879506,26.239775814828658
2024-02-12,2024,3,160.19,192.2374548063408,-32.047454806340795,32.047454806340795,High,Winter,2.882188229607848,26.239775814828658
2024-02-13,2024,3,207.01,205.0971777169437,1.9128222830563004,1.9128222830563004,High,Winter,1.2447090920867667,26.239775814828658
2024-02-14,2024,3,195.86,198.11263610910672,-2.252636109106703,2.252636109106703,High,Winter,3.7294719058418906,26.239775814828658
2024-02-15,2024,3,124.11,137.24890582500356,-13.138905825003562,13.138905825003562,High,Winter,3.5957027991602755,26.239775814828658
2024-02-16,2024,3,139.18,152.93058329839357,-13.750583298393565,13.750583298393565,High,Winter,2.425166208373416,26.239775814828658
2024-02-17,2024,3,123.84,130.6613447929119,-6.821344792911901,6.821344792911901,High,Winter,1.6625023880547616,26.239775814828658
2024-02-18,2024,3,142.4,142.57452894443952,-0.1745289444395155,0.1745289444395155,High,Winter,3.70316432049842,26.239775814828658
2024-02-19,2024,3,170.23,189.405824934073,-19.175824934073006,19.175824934073006,High,Winter,4.021553462165183,26.239775814828658
2024-02-20,2024,3,216.76,143.20402845099133,73.55597154900866,73.55597154900866,High,Winter,5.883292568211288,26.239775814828658
2024-02-21,2024,3,127.58,129.7996132814594,-2.219613281459388,2.219613281459388,High,Winter,3.0589577633744653,26.239775814828658
2024-02-22,2024,3,168.38,138.2823808764785,30.097619123521497,30.097619123521497,High,Winter,8.103093648492303,26.239775814828658
2024-02-23,2024,3,197.0,149.2484301260926,47.751569873907414,47.751569873907414,High,Winter,2.590565244532499,26.239775814828658
2024-02-24,2024,3,126.74,126.1032714342803,0.636728565719693,0.636728565719693,High,Winter,7.237311347070269,26.239775814828658
2024-02-25,2024,3,190.7,147.3102671481481,43.389732851851875,43.389732851851875,High,Winter,6.56118684554704,26.239775814828658
2024-02-26,2024,3,153.46,144.76932329742377,8.69067670257624,8.69067670257624,High,Winter,2.949446555969961,26.239775814828658
2024-02-27,2024,3,135.5,153.18738143116437,-17.68738143116437,17.68738143116437,High,Winter,2.002031288677928,26.239775814828658
2024-02-28,2024,3,129.61,122.30689627674298,7.303103723257038,7.303103723257038,High,Winter,7.017703066164549,26.239775814828658
2024-02-29,2024,3,226.3,198.5819784578593,27.71802154214072,27.71802154214072,High,Winter,5.766982904864329,26.239775814828658
2024-03-01,2024,3,124.97,135.96563643251204,-10.995636432512043,10.995636432512043,High,Summer,7.233067012769228,26.239775814828658
2024-03-02,2024,3,85.88,137.79009890356994,-51.910098903569946,51.910098903569946,Moderate,Summer,5.134733892159566,17.372386937553046
2024-03-03,2024,3,116.91,137.02701743388548,-20.11701743388548,20.11701743388548,Moderate,Summer,4.737401351368075,17.372386937553046
2024-03-04,2024,3,67.27,115.30562501769192,-48.03562501769193,48.03562501769193,Moderate,Summer,2.222335622442064,17.372386937553046
2024-03-05,2024,3,94.06,116.29748980075766,-22.237489800757658,22.237489800757658,Moderate,Summer,2.3658193319547416,17.372386937553046
2024-03-06,2024,3,96.28,110.87742446666476,-14.597424466664762,14.597424466664762,Moderate,Summer,2.403978736864544,17.372386937553046
2024-03-07,2024,3,100.68,114.76490182106254,-14.08490182106253,14.08490182106253,Moderate,Summer,1.9245623424781584,17.372386937553046
2024-03-08,2024,3,89.35,121.7457766338378,-32.39577663383781,32.39577663383781,Moderate,Summer,5.391686828787466,17.372386937553046
2024-03-09,2024,3,97.01,91.11718135851626,5.892818641483743,5.892818641483743,Moderate,Summer,2.198753140131664,17.372386937553046
2024-03-10,2024,3,74.25,84.24187419342114,-9.99187419342114,9.99187419342114,Moderate,Summer,3.151084415812196,17.372386937553046
2024-03-11,2024,3,121.49,101.5892779393714,19.900722060628596,19.900722060628596,High,Summer,3.260619726434853,26.239775814828658
2024-03-12,2024,3,79.47,100.85817400420684,-21.388174004206846,21.388174004206846,Moderate,Summer,1.647847516646942,17.372386937553046
2024-03-13,2024,3,108.21,101.02335013574968,7.186649864250313,7.186649864250313,Moderate,Summer,4.843221518468784,17.372386937553046
2024-03-14,2024,3,122.5,119.18173204350676,3.3182679564932442,3.3182679564932442,High,Summer,2.007946460718962,26.239775814828658
2024-03-15,2024,3,93.16,101.31530008095984,-8.155300080959847,8.155300080959847,Moderate,Summer,0.2402883523219073,17.372386937553046
2024-03-16,2024,3,98.71,84.09094020277198,14.619059797228019,14.619059797228019,Moderate,Summer,4.084123345717035,17.372386937553046
2024-03-17,2024,3,108.05,93.03085473326152,15.019145266738477,15.019145266738477,Moderate,Summer,2.202377762830874,17.372386937553046
2024-03-18,2024,3,71.09,94.69506548001164,-23.605065480011632,23.605065480011632,Moderate,Summer,3.5506887165799546,17.372386937553046
2024-03-19,2024,3,128.02,105.9896317215926,22.03036827840741,22.03036827840741,High,Summer,1.3621385453634625,26.239775814828658
2024-03-20,2024,3,90.83,96.6553705917472,-5.825370591747202,5.825370591747202,Moderate,Summer,6.121805717950232,17.372386937553046
2024-03-21,2024,3,126.06,117.13470365636766,8.92529634363234,8.92529634363234,High,Summer,3.027527070242819,26.239775814828658
2024-03-22,2024,3,102.19,109.58959000258184,-7.399590002581846,7.399590002581846,Moderate,Summer,3.586134731620838,17.372386937553046
2024-03-23,2024,3,127.62,142.30524857863335,-14.685248578633349,14.685248578633349,High,Summer,10.422825570896508,26.239775814828658
2024-03-24,2024,3,109.92,101.20460715184862,8.715392848151382,8.715392848151382,Moderate,Summer,3.38071855147325,17.372386937553046
2024-03-25,2024,3,76.8,91.7743140982995,-14.974314098299502,14.974314098299502,Moderate,Summer,4.656672501671673,17.372386937553046
2024-03-26,2024,3,76.51,95.601536334004,-19.09153633400399,19.09153633400399,Moderate,Summer,0.945952982972919,17.372386937553046
2024-03-27,2024,3,77.47,90.4716392240678,-13.001639224067802,13.001639224067802,Moderate,Summer,1.5767778899140443,17.372386937553046
2024-03-28,2024,3,99.23,98.77987114053693,0.4501288594630779,0.4501288594630779,Moderate,Summer,2.0608617050724645,17.372386937553046
2024-03-29,2024,3,126.72,105.85995888627414,20.860041113725856,20.860041113725856,High,Summer,3.882501725791605,26.239775814828658
2024-03-30,2024,3,115.34,115.58231340845064,-0.24231340845064153,0.24231340845064153,Moderate,Summer,1.0646213994849416,17.372386937553046
2024-03-31,2024,3,121.81,116.7928945561112,5.017105443888809,5.017105443888809,High,Summer,1.2410205649327997,26.239775814828658
2024-04-01,2024,3,119.29,112.10277037148111,7.187229628518892,7.187229628518892,Moderate,Summer,0.87870402937863,17.372386937553046
2024-04-02,2024,3,134.62,143.87161884914383,-9.251618849143824,9.251618849143824,High,Summer,9.927501997603498,26.239775814828658
2024-04-03,2024,3,131.02,114.84194039544757,16.178059604552445,16.178059604552445,High,Summer,1.9807854190556424,26.239775814828658
2024-04-04,2024,3,107.22,92.73837727236364,14.481622727636363,14.481622727636363,Moderate,Summer,1.7040878514370896,17.372386937553046
2024-04-05,2024,3,117.0,114.96876592519703,2.031234074802967,2.031234074802967,Moderate,Summer,1.3849227770300347,17.372386937553046
2024-04-06,2024,3,66.81,99.82845965155066,-33.01845965155066,33.01845965155066,Moderate,Summer,1.315969483284486,17.372386937553046
2024-04-07,2024,3,72.56,97.089974701298,-24.529974701298002,24.529974701298002,Moderate,Summer,2.5326611630818383,17.372386937553046
2024-04-08,2024,3,114.11,103.88585165988458,10.22414834011542,10.22414834011542,Moderate,Summer,3.8266562598959504,17.372386937553046
2024-04-09,2024,3,120.21,111.58754209993002,8.622457900069975,8.622457900069975,High,Summer,2.244904824556477,26.239775814828658
2024-04-10,2024,3,90.23,94.78879727521227,-4.558797275212271,4.558797275212271,Moderate,Summer,4.109502103833119,17.372386937553046
2024-04-11,2024,3,116.8,95.4966106377774,21.303389362222603,21.303389362222603,Moderate,Summer,3.119239770528897,17.372386937553046
2024-04-12,2024,3,72.99,80.55442228451818,-7.564422284518187,7.564422284518187,Moderate,Summer,2.2613129464238657,17.372386937553046
2024-04-13,2024,3,102.45,108.43430723438672,-5.984307234386719,5.984307234386719,Moderate,Summer,1.8225675889885051,17.372386937553046
2024-04-14,2024,3,83.0,85.92772665146785,-2.92772665146785,2.92772665146785,Moderate,Summer,2.054441194270687,17.372386937553046
2024-04-15,2024,3,71.83,78.86136619561972,-7.031366195619725,7.031366195619725,Moderate,Summer,1.951541357512438,17.372386937553046
2024-04-16,2024,3,92.82,107.25774671324864,-14.437746713248643,14.437746713248643,Moderate,Summer,1.9472824447080408,17.372386937553046
2024-04-17,2024,3,67.83,85.12619592676157,-17.29619592676157,17.29619592676157,Moderate,Summer,1.809673985492415,17.372386937553046
2024-04-18,2024,3,79.98,91.70558300375951,-11.72558300375951,11.72558300375951,Moderate,Summer,1.5775523910737297,17.372386937553046
2024-04-19,2024,3,127.93,96.73889580095428,31.191104199045725,31.191104199045725,High,Summer,3.537192328846047,26.239775814828658
2024-04-20,2024,3,92.26,102.02741343465036,-9.76741343465035,9.76741343465035,Moderate,Summer,0.5120366406704325,17.372386937553046
2024-04-21,2024,3,79.76,84.14972765073868,-4.389727650738678,4.389727650738678,Moderate,Summer,1.94485707939825,17.372386937553046
2024-04-22,2024,3,99.45,84.26898259075686,15.18101740924314,15.18101740924314,Moderate,Summer,1.312315162120202,17.372386937553046
2024-04-23,2024,3,100.68,97.75812058844318,2.92187941155683,2.92187941155683,Moderate,Summer,3.3438750851085466,17.372386937553046
2024-04-24,2024,3,90.0,114.36399461333048,-24.363994613330476,24.363994613330476,Moderate,Summer,2.357824698613284,17.372386937553046
2024-04-25,2024,3,113.66,105.66613517454223,7.993864825457763,7.993864825457763,Moderate,Summer,1.4293601414464974,17.372386937553046
2024-04-26,2024,3,108.76,121.01395421145308,-12.253954211453078,12.253954211453078,Moderate,Summer,4.530186429388803,17.372386937553046
2024-04-27,2024,3,71.96,71.25987725737711,0.7001227426228809,0.7001227426228809,Moderate,Summer,6.289891554560803,17.372386937553046
2024-04-28,2024,3,100.54,80.47379148581521,20.066208514184794,20.066208514184794,Moderate,Summer,4.146240000325639,17.372386937553046
2024-04-29,2024,3,101.82,115.2702058570704,-13.4502058570704,13.4502058570704,Moderate,Summer,4.111916934348396,17.372386937553046
2024-04-30,2024,3,130.22,125.29299370599242,4.927006294007583,4.927006294007583,High,Summer,4.026111707349465,26.239775814828658
2024-05-01,2024,3,118.94,103.22720921797686,15.712790782023134,15.712790782023134,Moderate,Summer,1.681845868300833,17.372386937553046
2024-05-02,2024,3,122.91,112.60595680959172,10.30404319040828,10.30404319040828,High,Summer,3.9842738312306896,26.239775814828658
2024-05-03,2024,3,103.45,109.47664786059738,-6.026647860597379,6.026647860597379,Moderate,Summer,2.6555293309304373,17.372386937553046
2024-05-04,2024,3,91.71,93.78036464448058,-2.070364644480591,2.070364644480591,Moderate,Summer,1.163834410673026,17.372386937553046
2024-05-05,2024,3,117.86,108.07269319380838,9.787306806191623,9.787306806191623,Moderate,Summer,2.888893258876741,17.372386937553046
2024-05-06,2024,3,123.14,111.50186220936992,11.638137790630083,11.638137790630083,High,Summer,2.528194916184566,26.239775814828658
2024-05-07,2024,3,67.46,75.99121145131029,-8.531211451310298,8.531211451310298,Moderate,Summer,1.8788781759631925,17.372386937553046
2024-05-08,2024,3,99.72,97.01222595396368,2.70777404603632,2.70777404603632,Moderate,Summer,3.479329389987128,17.372386937553046
2024-05-09,2024,3,129.96,112.97731625992888,16.982683740071124,16.982683740071124,High,Summer,2.2087834256119008,26.239775814828658
2024-05-10,2024,3,102.86,96.94423736722294,5.91576263277706,5.91576263277706,Moderate,Summer,1.1897622000626646,17.372386937553046
2024-05-11,2024,3,103.2,80.26802848765163,22.93197151234837,22.93197151234837,Moderate,Summer,1.9182058719332824,17.372386937553046
2024-05-12,2024,3,70.93,98.95438831385609,-28.02438831385608,28.02438831385608,Moderate,Summer,1.3719715473512837,17.372386937553046
2024-05-13,2024,3,122.32,112.94200805085732,9.377991949142668,9.377991949142668,High,Summer,3.291968061698143,26.239775814828658
2024-05-14,2024,3,124.43,103.44454693067188,20.98545306932813,20.98545306932813,High,Summer,2.605735811535896,26.239775814828658
2024-05-15,2024,3,110.34,112.19601265032937,-1.8560126503293617,1.8560126503293617,Moderate,Summer,1.963344488625902,17.372386937553046
2024-05-16,2024,3,98.74,97.65112129761772,1.0888787023822744,1.0888787023822744,Moderate,Summer,1.1922265345269123,17.372386937553046
2024-05-17,2024,3,79.68,84.25355789109067,-4.573557891090658,4.573557891090658,Moderate,Summer,3.607841992276844,17.372386937553046
2024-05-18,2024,3,109.92,109.62125450576129,0.298745494238716,0.298745494238716,Moderate,Summer,4.564591422243549,17.372386937553046
2024-05-19,2024,3,80.52,109.25702611219413,-28.73702611219413,28.73702611219413,Moderate,Summer,2.642121657800393,17.372386937553046
2024-05-20,2024,3,102.97,113.75920371239567,-10.789203712395675,10.789203712395675,Moderate,Summer,3.2328183484240838,17.372386937553046
2024-05-21,2024,3,110.87,110.88101316097904,-0.011013160979032932,0.011013160979032932,Moderate,Summer,2.636278080721583,17.372386937553046
2024-05-22,2024,3,110.4,95.68908693435776,14.710913065642245,14.710913065642245,Moderate,Summer,3.3677353665753698,17.372386937553046
2024-05-23,2024,3,132.27,110.4675581624294,21.802441837570612,21.802441837570612,High,Summer,1.2689120439506605,26.239775814828658
2024-05-24,2024,3,93.67,92.01032377486354,1.6596762251364652,1.6596762251364652,Moderate,Summer,1.980288940875447,17.372386937553046
2024-05-25,2024,3,88.32,102.6138270155019,-14.293827015501904,14.293827015501904,Moderate,Summer,2.521431512290954,17.372386937553046
2024-05-26,2024,3,82.96,100.22788272826756,-17.267882728267566,17.267882728267566,Moderate,Summer,2.3015284985624422,17.372386937553046
2024-05-27,2024,3,86.83,114.60860536600524,-27.778605366005237,27.778605366005237,Moderate,Summer,4.211880105345094,17.372386937553046
2024-05-28,2024,3,104.9,80.9483637362377,23.95163626376231,23.95163626376231,Moderate,Summer,1.906803929961344,17.372386937553046
2024-05-29,2024,3,130.22,103.29561753814266,26.924382461857334,26.924382461857334,High,Summer,1.9432415267324936,26.239775814828658
2024-05-30,2024,3,70.15,99.5311490744984,-29.381149074498396,29.381149074498396,Moderate,Summer,1.741105669845762,17.372386937553046
2024-05-31,2024,3,93.47,80.45122457622854,13.018775423771459,13.018775423771459,Moderate,Summer,4.407083865808636,17.372386937553046
2024-06-01,2024,3,84.78,98.74463193972171,-13.964631939721713,13.964631939721713,Moderate,Monsoon,2.02674113275222,17.372386937553046
2024-06-02,2024,3,92.06,109.23503470329062,-17.17503470329062,17.17503470329062,Moderate,Monsoon,0.7521558122713529,17.372386937553046
2024-06-03,2024,3,128.57,112.19114027426872,16.378859725731274,16.378859725731274,High,Monsoon,2.9974586685248874,26.239775814828658
2024-06-04,2024,3,103.0,87.94317117596368,15.056828824036316,15.056828824036316,Moderate,Monsoon,1.931309376567699,17.372386937553046
2024-06-05,2024,3,65.76,85.13604981012948,-19.376049810129473,19.376049810129473,Moderate,Monsoon,2.6401225712307403,17.372386937553046
2024-06-06,2024,3,127.46,112.47673566037128,14.983264339628718,14.983264339628718,High,Monsoon,7.06949668390731,26.239775814828658
2024-06-07,2024,3,94.88,110.68695758070334,-15.80695758070334,15.80695758070334,Moderate,Monsoon,2.0771677654922374,17.372386937553046
2024-06-08,2024,3,92.21,98.47907170442916,-6.269071704429166,6.269071704429166,Moderate,Monsoon,2.021279992974518,17.372386937553046
2024-06-09,2024,3,100.81,86.61483641229722,14.19516358770278,14.19516358770278,Moderate,Monsoon,1.3657573805490395,17.372386937553046
2024-06-10,2024,3,111.99,113.03803417261882,-1.0480341726188271,1.0480341726188271,Moderate,Monsoon,1.6906594882186838,17.372386937553046
2024-06-11,2024,3,110.1,111.88975770310196,-1.7897577031019694,1.7897577031019694,Moderate,Monsoon,2.9912063100689497,17.372386937553046
2024-06-12,2024,3,126.77,98.15323691135598,28.61676308864402,28.61676308864402,High,Monsoon,3.9159011281289366,26.239775814828658
2024-06-13,2024,3,75.66,94.42688027182936,-18.766880271829365,18.766880271829365,Moderate,Monsoon,2.4880574229803774,17.372386937553046
2024-06-14,2024,3,95.03,98.969550893096,-3.9395508930959977,3.9395508930959977,Moderate,Monsoon,0.878146374216265,17.372386937553046
2024-06-15,2024,3,89.07,84.68450169357567,4.385498306424324,4.385498306424324,Moderate,Monsoon,7.584035761143139,17.372386937553046
2024-06-16,2024,3,139.69,115.77324957707124,23.916750422928757,23.916750422928757,High,Monsoon,1.4769849124177437,26.239775814828658
2024-06-17,2024,3,94.07,113.64193209586104,-19.571932095861044,19.571932095861044,Moderate,Monsoon,1.978932084246777,17.372386937553046
2024-06-18,2024,3,79.86,89.19628757793109,-9.336287577931088,9.336287577931088,Moderate,Monsoon,1.2126836228427598,17.372386937553046
2024-06-19,2024,3,106.28,107.77174650629584,-1.49174650629584,1.49174650629584,Moderate,Monsoon,1.2996232331930149,17.372386937553046
2024-06-20,2024,3,112.57,87.66649381414345,24.903506185856543,24.903506185856543,Moderate,Monsoon,2.0542796793002585,17.372386937553046
2024-06-21,2024,3,64.76,113.43992900857148,-48.67992900857148,48.67992900857148,Moderate,Monsoon,1.471114663944952,17.372386937553046
2024-06-22,2024,3,74.48,80.32202837778132,-5.842028377781318,5.842028377781318,Moderate,Monsoon,4.488449883488753,17.372386937553046
2024-06-23,2024,3,115.98,111.73874865935468,4.24125134064532,4.24125134064532,Moderate,Monsoon,0.3944229624307391,17.372386937553046
2024-06-24,2024,3,111.15,102.73841357520476,8.411586424795246,8.411586424795246,Moderate,Monsoon,2.198634127009794,17.372386937553046
2024-06-25,2024,3,84.12,89.83872448540913,-5.718724485409126,5.718724485409126,Moderate,Monsoon,3.205516122999644,17.372386937553046
2024-06-26,2024,3,88.44,98.2503988624223,-9.810398862422304,9.810398862422304,Moderate,Monsoon,2.8701596792489807,17.372386937553046
2024-06-27,2024,3,93.88,76.08625945248063,17.793740547519363,17.793740547519363,Moderate,Monsoon,0.1264623955747126,17.372386937553046
2024-06-28,2024,3,73.64,102.04704268807582,-28.40704268807582,28.40704268807582,Moderate,Monsoon,2.855446509759295,17.372386937553046
2024-06-29,2024,3,114.41,104.00030222434188,10.409697775658117,10.409697775658117,Moderate,Monsoon,2.2327167713362317,17.372386937553046
2024-06-30,2024,3,130.24,116.1882900191982,14.051709980801803,14.051709980801803,High,Monsoon,3.254855637001901,26.239775814828658
2024-07-01,2024,3,53.83,95.15641348270724,-41.32641348270724,41.32641348270724,Low,Monsoon,3.9234076927806014,12.174013887772778
2024-07-02,2024,3,49.54,60.643647214457545,-11.103647214457546,11.103647214457546,Low,Monsoon,4.529962822209207,12.174013887772778
2024-07-03,2024,3,24.78,63.928847305557525,-39.148847305557524,39.148847305557524,Low,Monsoon,5.581583881345614,12.174013887772778
2024-07-04,2024,3,30.6,41.20175170965161,-10.601751709651609,10.601751709651609,Low,Monsoon,3.344122372256535,12.174013887772778
2024-07-05,2024,3,49.2,38.56794247362825,10.632057526371753,10.632057526371753,Low,Monsoon,3.404272008420154,12.174013887772778
2024-07-06,2024,3,25.51,39.59224983522382,-14.082249835223816,14.082249835223816,Low,Monsoon,2.333105418371217,12.174013887772778
2024-07-07,2024,3,52.57,40.69469114416495,11.875308855835051,11.875308855835051,Low,Monsoon,2.906541062177933,12.174013887772778
2024-07-08,2024,3,62.66,46.21602324988934,16.443976750110657,16.443976750110657,Moderate,Monsoon,1.629963132379329,17.372386937553046
2024-07-09,2024,3,50.66,45.42220486403075,5.237795135969243,5.237795135969243,Low,Monsoon,1.690080931754397,12.174013887772778
2024-07-10,2024,3,41.4,38.6952473968604,2.704752603139596,2.704752603139596,Low,Monsoon,1.5597042072056118,12.174013887772778
2024-07-11,2024,3,67.24,53.105573986810704,14.134426013189291,14.134426013189291,Moderate,Monsoon,4.374874572066742,17.372386937553046
2024-07-12,2024,3,30.28,45.18127087293873,-14.901270872938731,14.901270872938731,Low,Monsoon,2.3893382858444125,12.174013887772778
2024-07-13,2024,3,56.81,42.60767677927184,14.202323220728161,14.202323220728161,Low,Monsoon,0.8322113122604547,12.174013887772778
2024-07-14,2024,3,46.02,45.99669728397317,0.023302716026833536,0.023302716026833536,Low,Monsoon,1.3966387618274727,12.174013887772778
2024-07-15,2024,3,27.74,39.38574448179199,-11.64574448179199,11.64574448179199,Low,Monsoon,2.5518716416513043,12.174013887772778
2024-07-16,2024,3,29.36,42.98054420065348,-13.620544200653484,13.620544200653484,Low,Monsoon,1.8496958300291748,12.174013887772778
2024-07-17,2024,3,42.57,47.43137698287141,-4.861376982871413,4.861376982871413,Low,Monsoon,1.9513356224569056,12.174013887772778
2024-07-18,2024,3,33.9,41.41553256448527,-7.5155325644852695,7.5155325644852695,Low,Monsoon,1.805621758259009,12.174013887772778
2024-07-19,2024,3,28.45,41.25539285420493,-12.805392854204928,12.805392854204928,Low,Monsoon,1.0543335862258434,12.174013887772778
2024-07-20,2024,3,61.84,47.81878127896948,14.021218721030522,14.021218721030522,Moderate,Monsoon,1.8436277804888652,17.372386937553046
2024-07-21,2024,3,48.49,49.013308327763625,-0.5233083277636226,0.5233083277636226,Low,Monsoon,1.3831806199834826,12.174013887772778
2024-07-22,2024,3,54.64,43.9735685522005,10.666431447799503,10.666431447799503,Low,Monsoon,1.1164889082525615,12.174013887772778
2024-07-23,2024,3,59.89,49.49425896720548,10.395741032794518,10.395741032794518,Low,Monsoon,1.18777896184982,12.174013887772778
2024-07-24,2024,3,25.12,43.30864987154423,-18.188649871544232,18.188649871544232,Low,Monsoon,1.067034717640254,12.174013887772778
2024-07-25,2024,3,31.82,39.58423573354956,-7.764235733549562,7.764235733549562,Low,Monsoon,1.6559814361288634,12.174013887772778
2024-07-26,2024,3,55.62,39.82010442988332,15.799895570116675,15.799895570116675,Low,Monsoon,1.16198134824839,12.174013887772778
2024-07-27,2024,3,45.81,48.73933345590539,-2.929333455905386,2.929333455905386,Low,Monsoon,1.595028879284814,12.174013887772778
2024-07-28,2024,3,33.95,41.08183771389557,-7.131837713895564,7.131837713895564,Low,Monsoon,1.7352007749525904,12.174013887772778
2024-07-29,2024,3,51.19,38.95185722861348,12.23814277138652,12.23814277138652,Low,Monsoon,2.0584577629335814,12.174013887772778
2024-07-30,2024,3,42.24,39.84519875342358,2.394801246576421,2.394801246576421,Low,Monsoon,2.75473873939987,12.174013887772778
2024-07-31,2024,3,38.75,46.79804553415445,-8.048045534154447,8.048045534154447,Low,Monsoon,0.291640174153875,12.174013887772778
2024-08-01,2024,3,44.98,43.56945334570231,1.4105466542976899,1.4105466542976899,Low,Monsoon,1.953684702698892,12.174013887772778
2024-08-02,2024,3,30.14,43.8393425569805,-13.699342556980497,13.699342556980497,Low,Monsoon,1.598428002628577,12.174013887772778
2024-08-03,2024,3,30.54,39.93898497674356,-9.398984976743563,9.398984976743563,Low,Monsoon,0.5622408794837872,12.174013887772778
2024-08-04,2024,3,58.07,45.83252046660365,12.237479533396353,12.237479533396353,Low,Monsoon,2.9695241943396,12.174013887772778
2024-08-05,2024,3,56.54,76.34957971039013,-19.809579710390132,19.809579710390132,Low,Monsoon,19.07439746054623,12.174013887772778
2024-08-06,2024,3,35.5,47.15456186314539,-11.654561863145389,11.654561863145389,Low,Monsoon,2.477919573210016,12.174013887772778
2024-08-07,2024,3,35.12,41.44639388404576,-6.326393884045764,6.326393884045764,Low,Monsoon,0.9335806810954326,12.174013887772778
2024-08-08,2024,3,57.38,45.51716270258508,11.86283729741492,11.86283729741492,Low,Monsoon,1.3779415866139992,12.174013887772778
2024-08-09,2024,3,59.13,47.94349279298961,11.186507207010393,11.186507207010393,Low,Monsoon,2.1101613912009074,12.174013887772778
2024-08-10,2024,3,25.52,45.07543468739422,-19.55543468739422,19.55543468739422,Low,Monsoon,0.8872399131956504,12.174013887772778
2024-08-11,2024,3,34.61,48.3590381729204,-13.7490381729204,13.7490381729204,Low,Monsoon,1.949694799921511,12.174013887772778
2024-08-12,2024,3,43.81,41.27762838019473,2.532371619805275,2.532371619805275,Low,Monsoon,0.9143096561123932,12.174013887772778
2024-08-13,2024,3,40.84,41.02954818851532,-0.1895481885153174,0.1895481885153174,Low,Monsoon,0.9813562348846768,12.174013887772778
2024-08-14,2024,3,27.72,41.20985930300215,-13.489859303002149,13.489859303002149,Low,Monsoon,0.5502706478788227,12.174013887772778
2024-08-15,2024,3,30.17,37.493128232967706,-7.323128232967704,7.323128232967704,Low,Monsoon,4.218831015843387,12.174013887772778
2024-08-16,2024,3,52.27,40.78969887263456,11.480301127365443,11.480301127365443,Low,Monsoon,1.448716646933223,12.174013887772778
2024-08-17,2024,3,29.71,41.57829851491085,-11.868298514910848,11.868298514910848,Low,Monsoon,1.26149176072961,12.174013887772778
2024-08-18,2024,3,32.31,42.40422324186362,-10.094223241863617,10.094223241863617,Low,Monsoon,1.7330487546751818,12.174013887772778
2024-08-19,2024,3,62.39,50.84421296988928,11.545787030110723,11.545787030110723,Moderate,Monsoon,1.5202242843142668,17.372386937553046
2024-08-20,2024,3,32.65,40.721345011170456,-8.071345011170457,8.071345011170457,Low,Monsoon,1.0689105618089578,12.174013887772778
2024-08-21,2024,3,67.12,52.4128781539451,14.707121846054903,14.707121846054903,Moderate,Monsoon,1.6127105341398835,17.372386937553046
2024-08-22,2024,3,50.98,46.31143401009816,4.668565989901836,4.668565989901836,Low,Monsoon,2.7488914208278112,12.174013887772778
2024-08-23,2024,3,59.03,40.920527138209465,18.109472861790536,18.109472861790536,Low,Monsoon,0.3625304910850562,12.174013887772778
2024-08-24,2024,3,22.21,39.29692468779226,-17.086924687792262,17.086924687792262,Low,Monsoon,1.811299910928708,12.174013887772778
2024-08-25,2024,3,51.05,37.93740760513624,13.11259239486376,13.11259239486376,Low,Monsoon,1.1411123816178248,12.174013887772778
2024-08-26,2024,3,53.9,46.52659879227667,7.373401207723326,7.373401207723326,Low,Monsoon,1.4025691619306158,12.174013887772778
2024-08-27,2024,3,61.74,41.1676277885017,20.572372211498305,20.572372211498305,Moderate,Monsoon,2.320584629085487,17.372386937553046
2024-08-28,2024,3,25.15,40.50779399734525,-15.357793997345254,15.357793997345254,Low,Monsoon,0.8364584269685897,12.174013887772778
2024-08-29,2024,3,41.59,49.066918476315806,-7.476918476315802,7.476918476315802,Low,Monsoon,2.9971496121250367,12.174013887772778
2024-08-30,2024,3,46.93,38.90004445502088,8.029955544979117,8.029955544979117,Low,Monsoon,1.6793426947287664,12.174013887772778
2024-08-31,2024,3,55.26,40.318378478656,14.941621521343997,14.941621521343997,Low,Monsoon,1.9362689879235968,12.174013887772778
2024-09-01,2024,3,36.53,47.30821155304614,-10.778211553046141,10.778211553046141,Low,Monsoon,2.122932889887918,12.174013887772778
2024-09-02,2024,3,32.18,38.651553904700016,-6.471553904700016,6.471553904700016,Low,Monsoon,0.7084553671425766,12.174013887772778
2024-09-03,2024,3,31.01,42.13534554954524,-11.12534554954524,11.12534554954524,Low,Monsoon,2.322446909138508,12.174013887772778
2024-09-04,2024,3,29.71,50.39896764870439,-20.68896764870439,20.68896764870439,Low,Monsoon,1.2462315849664918,12.174013887772778
2024-09-05,2024,3,42.82,43.09541673599733,-0.2754167359973323,0.2754167359973323,Low,Monsoon,1.9724972183418343,12.174013887772778
2024-09-06,2024,3,33.32,38.48631010871181,-5.166310108711812,5.166310108711812,Low,Monsoon,2.7764006554718423,12.174013887772778
2024-09-07,2024,3,29.21,38.68058547994583,-9.470585479945832,9.470585479945832,Low,Monsoon,0.6561414829392912,12.174013887772778
2024-09-08,2024,3,50.94,75.77362370104801,-24.833623701048012,24.833623701048012,Low,Monsoon,25.505531458921947,12.174013887772778
2024-09-09,2024,3,27.56,40.12370940563985,-12.563709405639852,12.563709405639852,Low,Monsoon,1.714634268724886,12.174013887772778
2024-09-10,2024,3,47.86,77.98982863826343,-30.129828638263433,30.129828638263433,Low,Monsoon,27.14641148936113,12.174013887772778
2024-09-11,2024,3,24.33,47.419016939384576,-23.089016939384578,23.089016939384578,Low,Monsoon,1.1310857383298083,12.174013887772778
2024-09-12,2024,3,22.27,41.88311794281063,-19.61311794281063,19.61311794281063,Low,Monsoon,1.814562472481957,12.174013887772778
2024-09-13,2024,3,52.09,49.42571290038666,2.6642870996133468,2.6642870996133468,Low,Monsoon,3.4891193819690707,12.174013887772778
2024-09-14,2024,3,24.81,43.03508031780142,-18.225080317801424,18.225080317801424,Low,Monsoon,2.5358435608734333,12.174013887772778
2024-09-15,2024,3,50.66,46.09911801612056,4.560881983879433,4.560881983879433,Low,Monsoon,5.015464620454391,12.174013887772778
2024-09-16,2024,3,23.3,40.39023039442706,-17.090230394427056,17.090230394427056,Low,Monsoon,1.2624358816000738,12.174013887772778
2024-09-17,2024,3,40.02,42.10423863392075,-2.084238633920748,2.084238633920748,Low,Monsoon,1.8616649840605315,12.174013887772778
2024-09-18,2024,3,48.33,37.393649400550274,10.936350599449725,10.936350599449725,Low,Monsoon,2.0679089193927864,12.174013887772778
2024-09-19,2024,3,60.23,39.8471274281748,20.382872571825196,20.382872571825196,Moderate,Monsoon,0.3699519679317285,17.372386937553046
2024-09-20,2024,3,42.8,48.704359639676696,-5.904359639676699,5.904359639676699,Low,Monsoon,2.3773651503593984,12.174013887772778
2024-09-21,2024,3,25.77,37.64636561128364,-11.876365611283642,11.876365611283642,Low,Monsoon,1.8206147783254385,12.174013887772778
2024-09-22,2024,3,43.48,45.445225195426055,-1.9652251954260578,1.9652251954260578,Low,Monsoon,1.5734933775271909,12.174013887772778
2024-09-23,2024,3,60.01,39.362875371610514,20.647124628389484,20.647124628389484,Moderate,Monsoon,2.702548571842325,17.372386937553046
2024-09-24,2024,3,61.64,49.69243135115531,11.947568648844694,11.947568648844694,Moderate,Monsoon,2.9483952170229872,17.372386937553046
2024-09-25,2024,3,61.41,45.04591579081301,16.364084209186984,16.364084209186984,Moderate,Monsoon,1.3207651243051266,17.372386937553046
2024-09-26,2024,3,30.26,47.95444248179726,-17.694442481797257,17.694442481797257,Low,Monsoon,1.461543745524002,12.174013887772778
2024-09-27,2024,3,23.81,41.14551653313205,-17.335516533132054,17.335516533132054,Low,Monsoon,1.4844374089792816,12.174013887772778
2024-09-28,2024,3,33.12,37.87803839368334,-4.758038393683343,4.758038393683343,Low,Monsoon,1.8015781817242456,12.174013887772778
2024-09-29,2024,3,60.61,43.42755997434018,17.182440025659822,17.182440025659822,Moderate,Monsoon,2.155174526481201,17.372386937553046
2024-09-30,2024,3,30.67,43.4668230166279,-12.796823016627897,12.796823016627897,Low,Monsoon,3.5791601434038856,12.174013887772778
2024-10-01,2024,3,138.22,82.38687381837173,55.83312618162827,55.83312618162827,High,Post-Monsoon,16.88011315088546,26.239775814828658
2024-10-02,2024,3,124.14,138.74587888055845,-14.60587888055845,14.60587888055845,High,Post-Monsoon,10.132452205413855,26.239775814828658
2024-10-03,2024,3,206.85,170.453356829379,36.39664317062099,36.39664317062099,High,Post-Monsoon,9.412013110172122,26.239775814828658
2024-10-04,2024,3,131.67,136.97010450933533,-5.300104509335341,5.300104509335341,High,Post-Monsoon,2.7738019007418147,26.239775814828658
2024-10-05,2024,3,194.57,154.11334347658516,40.456656523414836,40.456656523414836,High,Post-Monsoon,4.274735619625503,26.239775814828658
2024-10-06,2024,3,188.94,172.2345464106228,16.705453589377186,16.705453589377186,High,Post-Monsoon,3.701865173647511,26.239775814828658
2024-10-07,2024,3,204.03,186.38437650108983,17.64562349891017,17.64562349891017,High,Post-Monsoon,2.6987448048011657,26.239775814828658
2024-10-08,2024,3,165.38,211.93808330200292,-46.55808330200293,46.55808330200293,High,Post-Monsoon,4.8142967973813535,26.239775814828658
2024-10-09,2024,3,135.25,178.51849583321706,-43.26849583321706,43.26849583321706,High,Post-Monsoon,3.904926233422073,26.239775814828658
2024-10-10,2024,3,171.7,196.6082539324829,-24.90825393248292,24.90825393248292,High,Post-Monsoon,7.485646454144175,26.239775814828658
2024-10-11,2024,3,113.04,154.06798116963515,-41.02798116963514,41.02798116963514,Moderate,Post-Monsoon,2.461938882864931,17.372386937553046
2024-10-12,2024,3,222.96,210.1696808036086,12.790319196391408,12.790319196391408,High,Post-Monsoon,7.2901531323403805,26.239775814828658
2024-10-13,2024,3,160.53,177.38426364915384,-16.854263649153836,16.854263649153836,High,Post-Monsoon,4.970889377013236,26.239775814828658
2024-10-14,2024,3,118.37,140.0472662397702,-21.677266239770205,21.677266239770205,Moderate,Post-Monsoon,5.861084184516145,17.372386937553046
2024-10-15,2024,3,150.74,160.18701818162668,-9.447018181626675,9.447018181626675,High,Post-Monsoon,3.895611062070827,26.239775814828658
2024-10-16,2024,3,159.17,143.52988963950276,15.640110360497232,15.640110360497232,High,Post-Monsoon,2.143782545957215,26.239775814828658
2024-10-17,2024,3,183.5,185.59990250626285,-2.0999025062628505,2.0999025062628505,High,Post-Monsoon,1.431716864750599,26.239775814828658
2024-10-18,2024,3,210.67,198.7832451407116,11.886754859288374,11.886754859288374,High,Post-Monsoon,4.069944789364132,26.239775814828658
2024-10-19,2024,3,156.71,156.07549163677083,0.6345083632291733,0.6345083632291733,High,Post-Monsoon,2.619193253508933,26.239775814828658
2024-10-20,2024,3,124.83,143.5361213550489,-18.706121355048893,18.706121355048893,High,Post-Monsoon,3.5840938044386923,26.239775814828658
2024-10-21,2024,3,134.92,161.5765935175994,-26.65659351759942,26.65659351759942,High,Post-Monsoon,8.585365053931755,26.239775814828658
2024-10-22,2024,3,179.55,196.804433632242,-17.254433632241984,17.254433632241984,High,Post-Monsoon,2.1815266103788957,26.239775814828658
2024-10-23,2024,3,111.06,149.47993626915235,-38.419936269152345,38.419936269152345,Moderate,Post-Monsoon,3.389775361142722,17.372386937553046
2024-10-24,2024,3,169.09,188.5932187224658,-19.50321872246579,19.50321872246579,High,Post-Monsoon,6.62254888463523,26.239775814828658
2024-10-25,2024,3,139.12,163.0922698959597,-23.9722698959597,23.9722698959597,High,Post-Monsoon,5.98727547898886,26.239775814828658
2024-10-26,2024,3,192.47,187.932328420974,4.537671579026011,4.537671579026011,High,Post-Monsoon,5.170902990433876,26.239775814828658
2024-10-27,2024,3,220.54,211.5254866974564,9.014513302543605,9.014513302543605,High,Post-Monsoon,2.7563299476271275,26.239775814828658
2024-10-28,2024,3,217.94,174.07061404451906,43.869385955480936,43.869385955480936,High,Post-Monsoon,6.597388660748776,26.239775814828658
2024-10-29,2024,3,210.77,199.56601812328452,11.203981876715488,11.203981876715488,High,Post-Monsoon,3.03165067654704,26.239775814828658
2024-10-30,2024,3,141.32,146.58913002225074,-5.269130022250749,5.269130022250749,High,Post-Monsoon,5.078561531956255,26.239775814828658
2024-10-31,2024,3,169.82,194.3666046085096,-24.546604608509597,24.546604608509597,High,Post-Monsoon,5.673142180628872,26.239775814828658
2024-11-01,2024,3,324.51,296.00629450000645,28.503705499993544,28.503705499993544,Extreme,Post-Monsoon,29.763974144597157,28.102175472964962
2024-11-02,2024,3,300.87,228.85726004105055,72.01273995894945,72.01273995894945,Extreme,Post-Monsoon,11.220727815846296,28.102175472964962
2024-11-03,2024,3,340.63,344.85385107801403,-4.223851078014036,4.223851078014036,Extreme,Post-Monsoon,11.6993973766214,28.102175472964962
2024-11-04,2024,3,184.65,218.9372703303352,-34.28727033033519,34.28727033033519,High,Post-Monsoon,6.655690889003261,26.239775814828658
2024-11-05,2024,3,301.33,305.9300270602723,-4.600027060272339,4.600027060272339,Extreme,Post-Monsoon,9.044465185291992,28.102175472964962
2024-11-06,2024,3,388.9,359.8021707356973,29.097829264302675,29.097829264302675,Extreme,Post-Monsoon,13.511671785075515,28.102175472964962
2024-11-07,2024,3,234.06,184.24663198269337,49.81336801730663,49.81336801730663,High,Post-Monsoon,14.75750007177539,26.239775814828658
2024-11-08,2024,3,274.98,222.84081796323144,52.139182036768574,52.139182036768574,Extreme,Post-Monsoon,7.397888585650901,28.102175472964962
2024-11-09,2024,3,345.33,324.2352212400394,21.094778759960604,21.094778759960604,Extreme,Post-Monsoon,7.288665421646802,28.102175472964962
2024-11-10,2024,3,284.94,304.0622343709884,-19.122234370988394,19.122234370988394,Extreme,Post-Monsoon,5.476085565288895,28.102175472964962
2024-11-11,2024,3,308.68,352.97945114700406,-44.29945114700405,44.29945114700405,Extreme,Post-Monsoon,8.510945099890144,28.102175472964962
2024-11-12,2024,3,323.34,300.1705320282404,23.16946797175956,23.16946797175956,Extreme,Post-Monsoon,3.865567189545676,28.102175472964962
2024-11-13,2024,3,310.59,298.4835654408773,12.106434559122647,12.106434559122647,Extreme,Post-Monsoon,3.706726394519849,28.102175472964962
2024-11-14,2024,3,368.72,351.33574464276256,17.384255357237464,17.384255357237464,Extreme,Post-Monsoon,4.874178447271216,28.102175472964962
2024-11-15,2024,3,282.46,266.90561078183293,15.554389218167046,15.554389218167046,Extreme,Post-Monsoon,4.837163432676314,28.102175472964962
2024-11-16,2024,3,391.94,352.09843260531613,39.841567394683864,39.841567394683864,Extreme,Post-Monsoon,7.313967081071616,28.102175472964962
2024-11-17,2024,3,364.7,338.55207366214944,26.14792633785055,26.14792633785055,Extreme,Post-Monsoon,10.30325624211015,28.102175472964962
2024-11-18,2024,3,196.03,238.8489262223399,-42.81892622233991,42.81892622233991,High,Post-Monsoon,4.36880121197563,26.239775814828658
2024-11-19,2024,3,321.58,343.6134383099556,-22.033438309955613,22.033438309955613,Extreme,Post-Monsoon,7.670249135214805,28.102175472964962
2024-11-20,2024,3,195.67,221.1659197742921,-25.495919774292105,25.495919774292105,High,Post-Monsoon,2.422009561222841,26.239775814828658
2024-11-21,2024,3,208.92,265.4201455954428,-56.50014559544283,56.50014559544283,High,Post-Monsoon,3.6108147495942826,26.239775814828658
2024-11-22,2024,3,374.9,357.04075761673033,17.859242383269645,17.859242383269645,Extreme,Post-Monsoon,2.846434665671165,28.102175472964962
2024-11-23,2024,3,290.09,324.30866766000554,-34.218667660005565,34.218667660005565,Extreme,Post-Monsoon,7.289555574496666,28.102175472964962
2024-11-24,2024,3,238.79,226.3089497176632,12.481050282336781,12.481050282336781,High,Post-Monsoon,6.439766278465815,26.239775814828658
2024-11-25,2024,3,261.12,242.3443118771707,18.775688122829308,18.775688122829308,Extreme,Post-Monsoon,5.568844425013844,28.102175472964962
2024-11-26,2024,3,208.32,216.8253425632768,-8.505342563276798,8.505342563276798,High,Post-Monsoon,1.6149135001414512,26.239775814828658
2024-11-27,2024,3,293.98,305.0362544010243,-11.056254401024262,11.056254401024262,Extreme,Post-Monsoon,5.044691916944212,28.102175472964962
2024-11-28,2024,3,240.21,248.77493134972391,-8.564931349723906,8.564931349723906,High,Post-Monsoon,3.7146799443651286,26.239775814828658
2024-11-29,2024,3,212.79,229.558630501442,-16.768630501442004,16.768630501442004,High,Post-Monsoon,3.5436919510259006,26.239775814828658
2024-11-30,2024,3,268.1,325.579149648144,-57.47914964814396,57.47914964814396,Extreme,Post-Monsoon,6.60825259133427,28.102175472964962
2024-12-01,2024,3,254.26,265.4161730041236,-11.156173004123616,11.156173004123616,Extreme,Winter,5.591364257666424,28.102175472964962
2024-12-02,2024,3,196.45,213.8136649633605,-17.36366496336052,17.36366496336052,High,Winter,2.443587150752712,26.239775814828658
2024-12-03,2024,3,214.23,218.70532345737516,-4.475323457375168,4.475323457375168,High,Winter,5.154083328969429,26.239775814828658
2024-12-04,2024,3,226.1,249.6895964173309,-23.58959641733091,23.58959641733091,High,Winter,6.792484302592229,26.239775814828658
2024-12-05,2024,3,210.63,230.20690417186248,-19.57690417186248,19.57690417186248,High,Winter,8.097514476511895,26.239775814828658
2024-12-06,2024,3,197.71,235.19789773987392,-37.487897739873915,37.487897739873915,High,Winter,3.5834677372672674,26.239775814828658
2024-12-07,2024,3,260.93,234.29353498355903,26.63646501644098,26.63646501644098,Extreme,Winter,5.097513697784028,28.102175472964962
2024-12-08,2024,3,290.42,245.35859262450788,45.06140737549214,45.06140737549214,Extreme,Winter,4.721370325605732,28.102175472964962
2024-12-09,2024,3,223.04,220.126730600043,2.913269399956988,2.913269399956988,High,Winter,3.024321228392178,26.239775814828658
2024-12-10,2024,3,335.86,314.5001837427914,21.359816257208593,21.359816257208593,Extreme,Winter,4.478939421908405,28.102175472964962
2024-12-11,2024,3,317.35,293.1094946535144,24.240505346485634,24.240505346485634,Extreme,Winter,6.111877870966732,28.102175472964962
2024-12-12,2024,3,229.59,241.0165593682948,-11.42655936829479,11.42655936829479,High,Winter,4.686358117170991,26.239775814828658
2024-12-13,2024,3,333.77,323.2109073758048,10.55909262419516,10.55909262419516,Extreme,Winter,2.591558275592994,28.102175472964962
2024-12-14,2024,3,313.61,343.2235435584854,-29.61354355848539,29.61354355848539,Extreme,Winter,4.354938662355738,28.102175472964962
2024-12-15,2024,3,313.99,257.6740494507743,56.315950549225704,56.315950549225704,Extreme,Winter,4.510432930606674,28.102175472964962
2024-12-16,2024,3,342.05,314.51921739366725,27.530782606332764,27.530782606332764,Extreme,Winter,4.112232177586042,28.102175472964962
2024-12-17,2024,3,240.4,258.79855910526663,-18.398559105266628,18.398559105266628,High,Winter,6.337204539730549,26.239775814828658
2024-12-18,2024,3,333.15,325.10353733709985,8.046462662900126,8.046462662900126,Extreme,Winter,4.586239886810272,28.102175472964962
2024-12-19,2024,3,292.22,305.38724992103243,-13.167249921032408,13.167249921032408,Extreme,Winter,5.65200561769951,28.102175472964962
2024-12-20,2024,3,366.69,364.8957306943751,1.79426930562488,1.79426930562488,Extreme,Winter,2.633811907138945,28.102175472964962
2024-12-21,2024,3,229.39,218.02252858733965,11.367471412660336,11.367471412660336,High,Winter,1.4890952359345635,26.239775814828658
2024-12-22,2024,3,300.49,282.3431392569018,18.146860743098216,18.146860743098216,Extreme,Winter,6.102426310012475,28.102175472964962
2024-12-23,2024,3,250.22,227.96275129820083,22.25724870179917,22.25724870179917,Extreme,Winter,2.739267845994641,28.102175472964962
2024-12-24,2024,3,272.65,222.14865929063467,50.50134070936531,50.50134070936531,Extreme,Winter,2.7057555254226737,28.102175472964962
2024-12-25,2024,3,232.04,248.1503652582291,-16.11036525822911,16.11036525822911,High,Winter,3.105621193023071,26.239775814828658
2024-12-26,2024,3,268.11,259.9361705397955,8.173829460204502,8.173829460204502,Extreme,Winter,1.6247291244275464,28.102175472964962
2024-12-27,2024,3,292.67,257.7644673331628,34.90553266683719,34.90553266683719,Extreme,Winter,5.502634774650669,28.102175472964962
2024-12-28,2024,3,232.77,221.15085161680588,11.61914838319413,11.61914838319413,High,Winter,1.477694437583852,26.239775814828658
2024-12-29,2024,3,242.44,256.5981136335033,-14.15811363350332,14.15811363350332,High,Winter,2.181864556679585,26.239775814828658
2024-12-30,2024,3,368.27,329.3895643408237,38.88043565917627,38.88043565917627,Extreme,Winter,4.875741531491007,28.102175472964962
2024-12-31,2024,3,348.83,357.56915671177865,-8.739156711778662,8.739156711778662,Extreme,Winter,4.998516847177847,28.102175472964962
