date,actual_pm25,predicted_pm25,evidence_score,confidence_level,biomass_burning_shap,wind_ventilation_shap,meteorology_shap,pm25_persistence_shap
2020-01-01,294.84,275.2568119609764,1,Moderate,-0.8906963492746639,0.5552695115015063,0.2081435227481662,132.2215629351391
2020-01-02,263.03,275.2568119609764,1,Moderate,-0.8906963492746639,0.5552695115015063,0.2081435227481662,132.2215629351391
2020-01-03,205.46,282.5174381813771,1,Moderate,-0.5682960635367628,0.4352569332327305,3.452523926041291,136.03542104477756
2020-01-04,263.24,285.02334767771384,1,Moderate,-0.0273562563850812,0.7811959094787922,3.2211702040464107,137.88580547971142
2020-01-05,218.68,283.27420523286577,1,Moderate,-0.3134061802266177,0.7803771815774839,2.460572436713311,137.18412945393936
2020-01-06,220.28,278.7444564542675,1,Moderate,-0.3306956949614039,0.9818987100371976,1.9940109840815283,132.93671011424797
2020-01-07,255.75,281.38641088058216,1,Moderate,-0.2939033334617364,0.9099788945058284,3.4743390276562707,134.1334639510195
2020-01-08,293.11,282.2034192911728,1,Moderate,-0.6131136796689723,0.888493939618704,1.744233886699543,137.02127280366133
2020-01-09,199.65,279.7863179412769,1,Moderate,-0.8418410239618426,1.1108336343382157,0.4057032154436846,135.94908977459465
2020-01-10,318.41,285.5089811821427,1,Moderate,-0.1348367926010048,1.3922675705419525,3.305053923206726,137.78396414013255
2020-01-11,335.83,288.6773566843312,1,Moderate,-0.2405393465273794,0.9894665803832045,4.003682479411102,140.7622146302019
2020-01-12,331.67,288.58834639624683,1,Moderate,-0.3273558833088431,1.076415645941326,3.562195750661268,141.11455854209078
2020-01-13,228.61,288.9482720261136,1,Moderate,-0.5422455840462115,1.2387224802756505,3.420657543504235,141.66860524551754
2020-01-14,369.9,291.06187320974345,1,Moderate,-0.4474954742947153,1.6513346183093451,4.583287457279929,142.11221426758658
2020-01-15,248.59,290.4847236217307,1,Moderate,-0.5199270965463444,1.1136838205180672,4.611418790195207,142.11701576670126
2020-01-16,279.82,290.5889851705363,1,Moderate,-0.5828829077461053,1.227902678125098,3.836363756190164,142.94506930310482
2020-01-17,333.87,290.6692910348258,1,Moderate,-0.384046789469459,1.624461774813327,3.5530651106795363,142.71327859794005
2020-01-18,378.5,291.6779841439382,1,Moderate,-0.3424312654865578,2.072797583947668,3.2109456548136297,143.57413982980128
2020-01-19,190.64,283.9175806008646,1,Moderate,-0.9892209616846516,1.0413300589747034,1.6820864895047485,139.02085267320746
2020-01-20,285.63,285.74246730030865,1,Moderate,-0.779073195782767,1.302692630831095,2.9970023406317665,139.05931318376597
2020-01-21,216.31,283.27885865460473,1,Moderate,-1.7621467629409902,0.4671751217279666,2.7749343352538074,138.63636361970157
2020-01-22,271.73,276.28434325039456,1,Moderate,-1.6563392815236662,1.2826230024223546,1.270799058286338,132.22472813034713
2020-01-23,347.3,287.30513961252706,1,Moderate,-0.7417657512848227,1.9051069172866864,1.1670813100984545,141.8121847955647
2020-01-24,299.61,285.9493675112294,1,Moderate,-0.928149797129674,1.4164035686296128,1.0987627865828666,141.1998186122844
2020-01-25,259.31,284.50872449081305,1,Moderate,-1.0845120442174372,0.1439849098218721,1.646267133261543,140.64045215108484
2020-01-26,338.25,286.7980298462301,1,Moderate,-0.8901591432872887,0.8528330730066603,1.927641776164492,141.74518179948396
2020-01-27,264.41,288.63503398866453,1,Moderate,-1.3274185238077727,1.26454153026884,2.967112523476615,142.5682661178645
2020-01-28,339.78,290.6251587926826,1,Moderate,-1.4657186374087203,1.119649517289717,3.8648745076077495,143.94382106433156
2020-01-29,316.48,288.52911186709616,1,Moderate,-0.7958359881133321,-0.1871003260242535,3.733853189617269,142.61566265075413
2020-01-30,394.76,289.5542661445347,1,Moderate,-0.2241235078218008,0.4237328876071695,2.399081538288991,143.79304288559788
2020-01-31,217.58,276.2715668890414,1,Moderate,-0.3402211059480948,-2.8610614459521333,1.7196502383907706,134.59066686168867
2020-02-01,133.72,266.1321941474014,0,Low,-0.6262294852038603,-3.4406861310611783,-2.060191542572114,129.09676896537636
2020-02-02,165.16,226.2194898248681,0,Low,-1.2951297177739796,-2.595031107612387,-1.387471304629654,88.33458961402168
2020-02-03,113.95,174.71669663601898,0,Low,-2.193959688404937,-1.6666898134334078,-0.2962506869022713,35.71106448389726
2020-02-04,219.65,175.20991455715458,1,Moderate,-1.386408303962912,-0.2268419730007931,3.473703147491645,30.18692934576424
2020-02-05,115.87,175.81472098944977,1,Moderate,-1.896191720924583,-0.4658414950966759,1.007890768949953,34.00633109565879
2020-02-06,192.14,173.82232222116068,1,Moderate,-2.6313010293782795,-0.6364652281860522,2.353363725686676,31.57419241217592
2020-02-07,192.08,174.48073971525048,1,Moderate,-1.691254006135811,-0.1543656397742445,1.3177471794563351,31.8460798408418
2020-02-08,222.53,175.04648297331266,1,Moderate,-1.4654367221451443,0.4468919105824502,1.9178358109121367,30.98465963310081
2020-02-09,115.12,174.70292610769187,1,Moderate,-2.367179759694074,0.0780894527652684,1.0182744403152506,32.81120963344303
2020-02-10,153.68,172.16104292126892,1,Moderate,-1.552062023998714,0.6039890099185413,1.2647594400823994,28.68182415440421
2020-02-11,182.65,175.3855114493125,1,Moderate,-1.9558750868834645,0.5921775599403768,1.5344860541981646,32.05219058119498
2020-02-12,160.86,174.2861644416718,1,Moderate,-1.7314893238960434,0.1092412942686336,2.612593173317421,30.13328695711936
2020-02-13,224.76,177.1700272798266,1,Moderate,-1.6929873594553726,0.9564231479744916,2.0356802892499952,32.70837886119506
2020-02-14,203.18,174.77869020074684,1,Moderate,-1.606084450155464,-0.0766825786663235,2.35425400614529,30.9446708825609
2020-02-15,114.89,169.35546192039234,1,Moderate,-2.115698406868984,-2.618798720995909,1.447149672191395,29.480277035203454
2020-02-16,116.5,163.773637335736,0,Low,-2.1572592930830843,-3.066483927802602,1.1831034757933008,24.651744739965995
2020-02-17,114.96,159.34469532795657,1,Moderate,-2.1982514007893834,-2.508731286911182,2.2556925479868517,18.63345312680796
2020-02-18,141.84,137.64174248834868,1,Moderate,-1.4808483087707756,-1.563170747815191,4.561471618978599,-7.0382424149064295
2020-02-19,200.68,159.9391055007027,1,Moderate,-2.0128207191368968,-2.023605707239253,4.032905313530789,16.78009427268559
2020-02-20,136.03,165.93278925470474,1,Moderate,-2.967679194778904,-4.100293647228845,0.217455475033462,29.620774280816644
2020-02-21,213.38,169.18556530251308,0,Low,-2.126240810166641,-4.308122338139624,0.901212370165103,31.55618373979184
2020-02-22,166.54,167.84139500224458,1,Moderate,-2.2729040180422566,-4.80532581633872,0.0665940880623615,31.69049840770076
2020-02-23,135.72,170.10383519964532,1,Moderate,-1.867529261092067,-3.611363712125384,0.091343379053138,32.32885245294719
2020-02-24,218.86,171.3921697242838,1,Moderate,-1.275273588031063,-2.750950159050594,0.6684072994129282,31.587453831090144
2020-02-25,188.64,173.0800382596486,1,Moderate,-1.549044166860492,-2.907644241947332,0.3410974902709781,34.03309683732306
2020-02-26,166.45,173.15783605016648,1,Moderate,-1.761401632007272,-2.668535928727846,0.2736586164623816,34.15158265357684
2020-02-27,222.39,173.70695331432552,1,Moderate,-1.535104505278904,-2.8916145131270063,0.232362389565515,34.73877760230349
2020-02-28,153.5,170.93721945405133,0,Low,-2.21925212807466,-2.4822966571516445,-0.369053167149883,32.845289065565176
2020-02-29,206.33,170.7370197227803,0,Low,-2.1562663324566604,-1.5208871983350178,-0.7881963877580942,32.039837300467674
2020-03-01,53.63,160.60705970794433,0,Low,-4.504682552073635,-3.474436433413271,-1.2539438322636194,26.677590184832567
2020-03-02,64.75,114.44753237613628,0,Low,-2.011963800854562,-2.3126735769562177,-1.6214534912083154,-22.7689090957071
2020-03-03,51.99,95.3729072211966,0,Low,-2.05274808112624,-1.4784924728308932,-0.8114986458718789,-43.44688591983677
2020-03-04,58.95,49.83335679657993,0,Low,-1.2168799230530165,-1.0983133229210988,1.0017243723400076,-92.0157066706484
2020-03-05,39.73,49.1257768112138,0,Low,-1.1731324129579248,-1.2048478057182164,0.9310850422201348,-92.58986035319263
2020-03-06,59.96,48.7289045107564,0,Low,-0.9657904930067934,-1.6730298414199185,1.3334781305807968,-93.12828562626018
2020-03-07,64.31,49.43947917023446,1,Moderate,-0.5112718101054204,-1.9936808675266455,1.758954266604921,-92.97705475960085
2020-03-08,45.69,49.7752370250737,1,Moderate,-0.0185619389028638,-2.0569084171193768,2.009600023245066,-93.32142498301162
2020-03-09,65.38,49.07493506654019,1,Moderate,-0.2735736928586528,-1.9029444956960408,2.0266778060048565,-93.93775689177244
2020-03-10,67.23,49.87610853271664,1,Moderate,-0.4588049062280638,-1.749232175821468,1.860762916858531,-92.9391496429548
2020-03-11,43.71,52.20832752942548,1,Moderate,-0.6408179648563938,-1.6823475223524824,1.6575140183961858,-90.28855334262424
2020-03-12,47.51,48.41495426727383,1,Moderate,-0.8098398990040427,-1.72789497138014,1.81116485791724,-94.02100806112172
2020-03-13,41.43,48.811316989110445,0,Low,-0.6455769717262186,-1.7017539570453697,1.851460364352004,-93.85534478733248
2020-03-14,38.61,48.44567552971451,0,Low,-0.8081583215239138,-2.2183145590527924,1.753626839681007,-93.44401077025228
2020-03-15,44.11,48.61640228876471,1,Moderate,-0.542859594010535,-2.120371678006927,2.1494125497648664,-94.03231132984524
2020-03-16,40.47,48.74121283928399,1,Moderate,-0.6416405168067273,-1.7591572203195258,2.454360841286243,-94.47488260573851
2020-03-17,51.63,48.03356940203341,1,Moderate,-0.7679248032755717,-1.5217341000117863,2.286779213300673,-95.1260832488424
2020-03-18,45.6,48.118396390659406,1,Moderate,-0.8524134972910491,-1.5165879034050769,2.35541902344213,-95.03055357294912
2020-03-19,46.82,48.43428609589436,0,Low,-0.8962625122166876,-1.3801372560372374,2.343416606082876,-94.7952630827971
2020-03-20,61.67,49.45516203454147,0,Low,-0.0613655792707953,-1.40320813405093,2.2060797421933867,-94.4488763351927
2020-03-21,62.08,49.33838565494278,0,Low,-0.1411059966766563,-1.1158001956795731,2.3471790777018318,-94.9144195712653
2020-03-22,37.78,49.25297422790351,0,Low,-0.3935691536740209,-0.9766155857585616,2.3941489477508875,-94.93352232127724
2020-03-23,52.15,49.0181146419653,0,Low,-0.6049397771115266,-0.9485904202500308,2.460639560382531,-95.05152706191816
2020-03-24,53.69,49.60205955241175,0,Low,-0.4212637246487372,-0.4907116920550237,2.393554728098437,-95.04205209984542
2020-03-25,47.55,50.1923535790515,0,Low,-0.3339602665958814,-0.3241091102222995,2.6066425071926727,-94.91875189218544
2020-03-26,61.45,50.49415009162579,0,Low,-0.5261963917685769,-0.5828816723784169,3.2406408250015595,-94.79994501009126
2020-03-27,56.92,51.9504108123821,0,Low,-0.5835431767208759,-0.5963055698132542,3.8914745189146136,-93.9237473008608
2020-03-28,66.43,51.46491891521104,0,Low,-0.7196558999579221,-0.6801482442193058,3.463433352111047,-93.76124263358524
2020-03-29,50.22,53.86067161179908,0,Low,-0.6631192213484135,-0.1920620110319695,3.645467857175143,-92.0921473538581
2020-03-30,57.05,50.72082722284336,0,Low,-0.596931640382136,-0.9813551034388676,2.9948587383312164,-93.85827711252936
2020-03-31,68.6,51.39100292136812,0,Low,-0.6752060183822839,-1.4803295833947114,3.17781718582188,-92.79381100353922
2020-04-01,71.45,57.41259650778674,0,Low,-0.865478870018197,-1.8146087695437807,3.026284558079732,-86.09613275159352
2020-04-02,69.98,63.17028752237,1,Moderate,1.0719146936626858,-1.592169603847966,2.7466235308994733,-82.21861343920665
2020-04-03,56.01,65.11955056640913,1,Moderate,0.8205707719504057,-1.4934014668522249,2.388850105752095,-79.75900118530365
2020-04-04,70.63,57.143113627030765,1,Moderate,1.160407036977107,-1.4541723314061783,2.909167816014162,-88.63482123541687
2020-04-05,46.42,60.65523286866063,0,Low,0.8600552869655841,-1.6239811381926932,2.119765681069389,-83.86313930204416
2020-04-06,53.96,54.40447622020007,1,Moderate,1.0208109484158077,-1.410269929058842,2.700764282701442,-91.06936142272082
2020-04-07,65.17,54.44840085092287,1,Moderate,1.032773629793221,-1.5530846857894738,2.685987808838062,-90.8798082427814
2020-04-08,65.27,54.57133426368591,1,Moderate,1.0533774424128557,-1.5686341009278302,2.541884640086652,-90.61782605874816
2020-04-09,64.83,58.29153024685159,0,Low,1.1315120498672335,-1.5872856797805222,4.670468228370931,-89.08569669246849
2020-04-10,57.32,61.75261533769672,0,Low,1.230400164952747,-1.5392077055109858,4.520175846934261,-85.6212853095418
2020-04-11,49.09,55.062639790587966,1,Moderate,1.282800280594296,-1.592140222008168,2.571848907208038,-90.36240151606866
2020-04-12,46.04,54.75488986001246,1,Moderate,1.3038415455560874,-1.4636448615878246,2.540067237170687,-90.7879064019889
2020-04-13,61.36,55.11960915149715,1,Moderate,1.347616478303601,-0.9970656827657084,2.6873522345349508,-91.08082621943814
2020-04-14,36.49,54.26174921095831,1,Moderate,1.343786300402622,-1.045576728255886,2.2974782794969184,-91.49647098154776
2020-04-15,70.33,53.92095994619025,1,Moderate,1.5421338722691489,-1.4214917460119407,2.265349549553972,-91.62756407048336
2020-04-16,55.38,58.554214370672646,1,Moderate,1.422289293020578,-1.8865499215711885,1.3198380714993452,-85.46389541313859
2020-04-17,41.66,53.14744949923836,1,Moderate,1.9179745330674545,-1.5684657440790593,1.69850529843417,-92.06309692904668
2020-04-18,52.83,52.57363422530559,1,Moderate,2.509560428644976,-1.535216856988586,1.2912400183239727,-92.85448170553724
2020-04-19,49.31,52.56148035368532,1,Moderate,2.652982558247192,-1.6339502411113849,1.3161478683003942,-92.93623217261336
2020-04-20,61.87,52.55290744422656,1,Moderate,3.4680471150705023,-1.6826015725407746,1.4030326424394626,-93.7981030816051
2020-04-21,54.84,52.93049396574481,1,Moderate,3.4707005055237623,-1.3467531757364584,1.6705913536394543,-94.0265770585444
2020-04-22,57.81,53.68040728857324,1,Moderate,3.407079421709165,-1.203551375707567,2.141298250188358,-93.82695134847916
2020-04-23,46.83,53.57399837389235,1,Moderate,3.3950348885821624,-1.2280569116865936,2.111288056594639,-93.86680000046027
2020-04-24,51.03,52.6235597062356,1,Moderate,3.387658874522673,-1.1350384898745056,1.438448005544323,-94.23004102481931
2020-04-25,45.35,52.20774207240402,0,Low,3.513517268083041,-0.9893322923992622,1.190297426601396,-94.6692726707436
2020-04-26,40.93,52.01896920622303,1,Moderate,3.4921201085818137,-0.952573401899162,1.0519981097746296,-94.73510795109672
2020-04-27,37.21,51.89303827473516,1,Moderate,3.527442518394244,-1.6260783070196096,0.9743358777991578,-94.14519415530108
2020-04-28,42.99,52.04185255441516,1,Moderate,3.507250247958328,-2.0455629445502725,1.2324938400285972,-93.81486092988396
2020-04-29,50.16,52.90643909618754,1,Moderate,3.66365402050776,-1.9457167932014483,1.4767571022857533,-93.450787574267
2020-04-30,44.03,52.36270382299315,1,Moderate,3.596282598747766,-1.5771563770609405,1.1219981282078868,-93.940952867764
2020-05-01,66.22,52.95193204733664,1,Moderate,3.537546293449627,-1.6073629760270094,1.4385395435460333,-93.57932315449445
2020-05-02,47.13,53.90434419061612,1,Moderate,3.534029190612424,-1.7589171249142053,1.2188591731468443,-92.2521593890914
2020-05-03,65.08,53.151751572494206,1,Moderate,3.61449165892969,-1.870491593804982,1.509724365262594,-93.26450519875554
2020-05-04,52.32,52.99701774518823,1,Moderate,3.587727115342141,-1.948822475342592,1.56428052835125,-93.36869976402504
2020-05-05,67.17,53.19059860884649,1,Moderate,3.668033286413257,-1.8916513565678397,1.5099466641954509,-93.25826232605684
2020-05-06,44.06,54.67304044651089,1,Moderate,3.485887609077054,-1.7172981398209886,1.0537744516273682,-91.311855815235
2020-05-07,51.09,52.64044276633156,1,Moderate,3.663475202538277,-1.881579672093559,1.096555824868064,-93.40054092984371
2020-05-08,39.24,52.578474653361646,1,Moderate,3.5506684991096766,-1.874750815426054,1.1244872329533535,-93.3844626041378
2020-05-09,64.28,52.09197591560096,0,Low,3.532051842803865,-1.5964998347046604,0.8953991523590635,-93.90150758571976
2020-05-10,49.45,52.74007539387619,1,Moderate,3.6181679703592,-1.5944894025363885,0.9647704044403068,-93.41090591924936
2020-05-11,56.38,52.61733610059072,1,Moderate,3.573313087072624,-1.584472052173529,1.1048858101769503,-93.63892308534776
2020-05-12,58.73,52.4469904650598,1,Moderate,3.604297248267399,-1.670350562323872,1.0265888786720962,-93.67607744041824
2020-05-13,37.22,52.21100787872849,1,Moderate,3.6381904511716767,-1.4967452452655938,0.8469791595579234,-93.939948827598
2020-05-14,65.07,52.541860977628055,1,Moderate,3.6943663475924415,-1.5873119502640094,1.0120481360333144,-93.73977389659616
2020-05-15,54.36,52.43468791080353,1,Moderate,3.674460029566745,-1.335670626450661,0.8490883841193687,-93.91572221729436
2020-05-16,68.08,52.62969393734533,1,Moderate,3.6316489423980296,-1.3215528715843283,0.7700450451493123,-93.61297951948016
2020-05-17,45.34,55.72423197404368,1,Moderate,3.482577553102103,-1.4001392386019296,0.658310489786167,-90.1790491711051
2020-05-18,36.94,52.36537002960517,1,Moderate,3.5659383373696705,-1.2780255539852408,0.7404363197250261,-93.82551141436676
2020-05-19,67.37,52.62636118505699,1,Moderate,3.6597846754604855,-1.4169183056575083,0.7291508331604896,-93.50818835876896
2020-05-20,64.44,55.37300374141215,0,Low,3.6305222101986927,-1.2147446580286003,0.6264488593710229,-90.8317550109914
2020-05-21,58.55,52.46176920146117,1,Moderate,3.582258654350336,-1.349436268315428,0.706500813368968,-93.64008633880516
2020-05-22,44.09,52.36888833971673,1,Moderate,3.5704536001281797,-1.4325478299718044,0.5713448104990835,-93.5028945818012
2020-05-23,64.29,55.80651446027646,1,Moderate,3.495415122520466,-1.4623194276075764,3.35994843743824,-92.74906201293707
2020-05-24,69.85,52.38442396642286,1,Moderate,3.5939258358807176,-1.284233880021438,1.01287797423025,-94.10067830452914
2020-05-25,54.9,57.19723946174253,0,Low,3.37404219889672,-1.334126176776398,0.7476616410453804,-88.75287054228563
2020-05-26,45.77,52.17878751319436,1,Moderate,3.5700487028917194,-1.857483047101527,0.9151538455601756,-93.61146432901845
2020-05-27,44.96,51.82436781951301,1,Moderate,3.578410808573798,-1.885560978667581,0.8552403494938272,-93.88625470074946
2020-05-28,58.95,52.00861243918362,1,Moderate,3.707624977596724,-1.7730867258715106,0.7080846947949643,-93.79654284819904
2020-05-29,39.61,51.88610647201232,1,Moderate,3.627261263125432,-1.9180362456409497,0.865306877161822,-93.85095776349648
2020-05-30,52.41,51.860143449136245,1,Moderate,3.614701165699303,-1.881424568364013,0.7789856087605505,-93.81465109782204
2020-05-31,54.42,52.22886202438131,1,Moderate,3.677617253947667,-1.957490322869876,0.9096022698267529,-93.56339951738568
2020-06-01,66.64,52.5765950379356,0,Low,3.723448339276025,-1.820545824980939,1.1128187952287136,-93.60165861245068
2020-06-02,94.6,56.86410793789867,0,Low,4.069751319251576,-1.4075812814282618,1.681661548161994,-90.64225598894907
2020-06-03,112.67,92.40606869237986,0,Low,2.486089244536325,-1.545449268064154,0.2503940943630562,-51.94749771931782
2020-06-04,96.32,98.79095807919164,0,Low,2.1509113255302985,-1.662949719521034,0.1851102925024085,-45.04464616018249
2020-06-05,111.55,99.63326598565249,0,Low,2.069208427982914,-1.3538587104016813,0.2497558364736276,-44.49437190926485
2020-06-06,86.96,98.59657739166026,0,Low,2.2515490899726758,-1.3399803959210537,0.2193327164767721,-45.69685635973058
2020-06-07,65.89,98.57078652460515,0,Low,2.2655316229307245,-1.4721905977081713,0.2931451424055964,-45.67823198388546
2020-06-08,112.55,95.98285600238373,0,Low,2.36336499808496,-1.1726357123448852,0.6193400025041836,-48.989745626722986
2020-06-09,112.47,100.7773127506928,0,Low,2.11758740200012,-1.252172333539635,0.2276022785310574,-43.47823693716119
2020-06-10,107.74,100.32192274153104,0,Low,2.005483586725164,-1.1338576534842135,0.0884828051848277,-43.800718337757154
2020-06-11,87.03,100.49967981783148,0,Low,1.8001184349955737,-0.9482477987461744,0.1614323817685356,-43.67615554104889
2020-06-12,122.44,100.8769666287571,0,Low,1.3683166503304014,-0.5104716331710495,0.1900679459847966,-43.33347867524945
2020-06-13,105.44,100.80544961341164,0,Low,1.0607931184525412,-0.1600689294818277,0.1779474912059094,-43.43575440762737
2020-06-14,67.21,100.1631539845352,0,Low,0.3095842093094932,-0.4029125205162346,-0.0383895692852866,-42.8676604758352
2020-06-15,69.52,98.15298659155178,0,Low,0.3730830219409833,-0.1464034807332773,0.0750650893463022,-45.31129037986466
2020-06-16,99.23,98.9102609659396,0,Low,0.1516132543074335,-0.2662960168506458,-0.5671477453108953,-43.570440867068655
2020-06-17,77.95,99.2778651011603,0,Low,0.0951819721709311,-0.4773099838791403,-0.681247232643098,-42.821291995350826
2020-06-18,119.85,100.37089897184778,0,Low,-0.0685949995705911,-0.5093431696544228,-0.5715213476051755,-41.64217385218451
2020-06-19,105.9,100.20275493358926,0,Low,-0.0849049726638124,-0.667891538048788,-0.5962331447640631,-41.610747751796495
2020-06-20,66.79,99.790355472949,0,Low,-0.0403397918391943,-1.0995167809795876,-0.438097163160326,-41.79422313193433
2020-06-21,113.05,97.9640387986494,0,Low,0.0595137810769804,-1.507790165180242,-0.2750986499811267,-43.47511850812863
2020-06-22,115.07,100.3985125914845,0,Low,-0.37454461616791,-1.1957068444270813,-0.053616770427854,-41.140151518355104
2020-06-23,81.26,100.15427976672794,0,Low,-0.0815042011964034,-0.6837499315552523,-0.0659611386337369,-42.1770373027491
2020-06-24,129.16,100.12248168238226,0,Low,-0.2899301230810387,-1.1056173724416334,-0.0990239493832719,-41.54547921357425
2020-06-25,69.15,100.11900164067998,0,Low,0.1460321765249701,-1.08816813172494,-0.1884599900429902,-41.91293475493947
2020-06-26,110.65,99.90102979801254,0,Low,0.0565835561503845,-0.9716153674935684,-0.2523984512590675,-42.0940722802476
2020-06-27,95.17,100.09180922922532,0,Low,0.0051192909382618,-0.8508313596895194,-0.2879477836651363,-41.93706325922067
2020-06-28,82.39,100.0804594362171,0,Low,-0.0783606530559646,-1.4476539929667749,-0.1379825484527706,-41.41807571016983
2020-06-29,92.26,99.8655677957915,0,Low,-0.0395832441678091,-1.9325318346977816,-0.1000415689253227,-41.22480789728002
2020-06-30,87.19,99.89058225304927,0,Low,-0.0881154036387796,-2.026963432108289,-0.0240327761287329,-41.132838475937376
2020-07-01,57.45,99.69666803266075,0,Low,-0.5442728637307608,-1.9650354376645616,-0.1246689596267852,-40.83188704717959
2020-07-02,40.31,74.1209175043634,0,Low,-0.6199444851151492,-1.5884017513348043,-0.0177890745329472,-66.81547952551615
2020-07-03,66.57,53.18489271088288,0,Low,-0.3551026945850276,-1.5162936444570754,0.455416715445851,-88.56166000638338
2020-07-04,60.56,52.99436214054256,0,Low,0.1533053654819852,-1.517468066819389,0.6573996945702774,-89.46140719355279
2020-07-05,53.26,49.33576464231293,0,Low,-0.066094903647611,-1.8411658088282663,0.5332124775546567,-92.45271946362836
2020-07-06,43.1,47.68306286927479,0,Low,-0.6484387173596684,-1.9694370123003808,0.2031524896306571,-93.06474623155832
2020-07-07,60.02,47.3163815666092,0,Low,-0.7250174049187551,-1.82947966883134,0.1432602905892764,-93.4349139910925
2020-07-08,26.04,48.29170826746879,0,Low,0.314321785830257,-1.742304090722003,-0.3398585906367709,-93.1029831778652
2020-07-09,47.52,45.9899146870271,0,Low,0.1671272357669904,-1.9332100185943089,-1.1207736837237263,-94.28576118728432
2020-07-10,27.53,46.10579938723371,0,Low,0.2938019583898244,-1.773902721800492,-1.1672007028742628,-94.40943148734384
2020-07-11,50.76,44.36405410475965,0,Low,-0.932386734456896,-1.6370904205518038,-1.093098152124663,-95.13590292896949
2020-07-12,25.86,44.28985547240272,0,Low,-0.8679883469308532,-1.6136713861319212,-1.0933180340020152,-95.297699101395
2020-07-13,25.62,44.898354545660496,0,Low,-0.7463359706872256,-1.722229091492322,-0.7358403312143397,-95.05977240180808
2020-07-14,51.51,46.2779441007683,0,Low,-0.5585581148097563,-1.5190437511841803,0.0525311377212311,-94.85951751182144
2020-07-15,57.38,46.51324380602988,0,Low,-0.4531868895026526,-1.1237805999326262,0.040311824141508,-95.11263286953876
2020-07-16,43.76,45.39272344510712,0,Low,-0.8021302914572206,-1.1471077448596632,-0.3368509595332281,-95.48371989990524
2020-07-17,57.16,45.66989694992282,0,Low,-0.7422117588101627,-1.5604907551481937,-0.2611378795715732,-94.92879499740974
2020-07-18,50.14,45.31634412918268,0,Low,-0.7433835836720056,-1.7694421467064527,-0.3948516903484907,-94.93851079095282
2020-07-19,65.7,44.77206881285081,0,Low,-0.6328138437032331,-1.300057754321519,-0.6816524787863119,-95.77593945120064
2020-07-20,26.05,45.57534440880452,0,Low,-0.6297073987578363,-1.329994050362328,-0.869865323139126,-94.75762115979865
2020-07-21,23.6,44.31352277582408,0,Low,-0.8598653009104494,-1.6118935335719655,-0.8635243053139862,-95.513726425242
2020-07-22,39.65,44.12270079900605,0,Low,-0.8122512508069903,-1.4126871774253218,-0.9036122638592654,-95.91128084976484
2020-07-23,47.94,44.03035516419797,0,Low,-0.8599076921125939,-1.1961546298302372,-0.9683270633563325,-96.10778779136533
2020-07-24,24.16,43.769881472248535,0,Low,-0.8204836308357958,-0.9963750075558344,-1.078280641469448,-96.49751158875289
2020-07-25,22.42,43.783821937870265,0,Low,-0.87710233599088,-0.6341755842248383,-1.0758064614786311,-96.79162602129786
2020-07-26,26.9,43.814643873919856,0,Low,-1.0478654260427565,-0.5763827820457745,-1.207236897067611,-96.51640336178644
2020-07-27,24.28,43.904004537753934,0,Low,-0.928080312686664,-0.5080930448524382,-1.2011541251627575,-96.62120032040669
2020-07-28,44.82,44.01067230320196,0,Low,-0.9092827308603884,-0.3523012285557119,-0.8727321013589141,-97.01754397688552
2020-07-29,32.84,44.40338132208753,0,Low,-0.8253797809333752,-0.59100887436825,-0.2210959896224923,-97.1216663738508
2020-07-30,37.92,44.10647291937275,0,Low,-1.0159220604458123,-0.8716880416111153,-0.1623878455154973,-97.00606147391731
2020-07-31,48.7,44.46617782261436,0,Low,-0.6557720198636585,-0.5547225245457191,-0.1035899558956686,-97.38227001794304
2020-08-01,25.32,44.310254887652526,0,Low,-0.7742853464704763,-0.2024173268658924,-0.0893626229262594,-97.7862121569473
2020-08-02,39.44,43.99788134804405,0,Low,-0.8195210433601676,0.0475860860077951,-0.1737567723626309,-98.2189592631034
2020-08-03,43.38,44.12404391777377,0,Low,-0.91662739648123,0.0912359352255987,-0.1405007616677673,-98.07259620016526
2020-08-04,57.23,44.20098560732392,0,Low,-0.9819721042652076,-0.0582432868371508,-0.1254781925855652,-97.7958531498506
2020-08-05,30.92,44.17618201817113,0,Low,-1.3757200637402582,0.0046384230462873,-0.0998164960173369,-97.51545218598
2020-08-06,60.73,44.41910935268813,0,Low,-0.8242557690704331,0.0863053141699848,-0.2404290116158124,-97.76504352165809
2020-08-07,36.59,44.44695909837591,0,Low,-0.8095598729506106,-0.9422411245092044,0.0767348243840986,-97.04050706941086
2020-08-08,60.6,44.537981649669085,0,Low,-0.7586442694506548,-1.6354200495116098,0.1184768692152405,-96.34896324144636
2020-08-09,54.67,44.15407119093248,0,Low,-0.9138595080641606,-1.5935228197583708,-0.0241391043728321,-96.4769397177346
2020-08-10,37.66,43.89350660013226,0,Low,-1.160380992653716,-1.217566288242166,0.1859003253588685,-97.0769787851932
2020-08-11,55.12,44.11041033006183,0,Low,-0.8389824646839384,-1.0818905190475203,0.0035300337558371,-97.13477906082502
2020-08-12,41.1,44.1923941674795,0,Low,-0.8134816671777012,-0.843444628149756,0.0505224413376472,-97.36373431939316
2020-08-13,29.95,44.02439778913038,0,Low,-0.7513282148978213,-0.7563110060213516,0.1370984104450147,-97.76759374125793
2020-08-14,42.34,44.04609937506961,0,Low,-1.0211747994768212,-0.6501877834928329,0.7559539614373418,-98.20102434426052
2020-08-15,36.7,43.98410622991646,0,Low,-0.7426501594319616,-0.8715312186964325,0.8211810368757222,-98.3854257696933
2020-08-16,59.01,43.97951598977406,0,Low,-0.9375337301003704,-1.0667857645305014,0.7926356824009555,-97.97133253885852
2020-08-17,59.85,44.24250746629336,0,Low,-0.7298780895687517,-1.0440550897188918,0.8914321343670303,-98.03752382964848
2020-08-18,49.1,44.61350368541341,0,Low,-0.7197499403570224,-0.8323855715434969,1.0107025502628382,-98.00759569381135
2020-08-19,31.01,44.28127471170715,0,Low,-1.0204238153408935,-0.9459805981877738,0.8934972404542589,-97.80835045608086
2020-08-20,52.97,48.13304765036384,0,Low,-0.8242794319604739,-0.5585490727900163,3.148250995525024,-96.79490718127316
2020-08-21,58.75,44.72694080704897,0,Low,-0.9025866181672286,-0.1042501536646988,0.8054239709679281,-98.23417873294952
2020-08-22,22.72,44.16240135553401,0,Low,-0.9363128315856758,0.1358856473989731,0.7853155541060344,-98.9850193552478
2020-08-23,42.34,43.91760251276845,0,Low,-1.0405069792721124,-0.519279832828213,0.9001852382228455,-98.58532825421652
2020-08-24,22.45,43.80004191715972,0,Low,-1.3314650251719553,-1.464396660529478,0.9337295866566996,-97.50035832465804
2020-08-25,60.96,44.79965002521819,0,Low,-0.5355726583745569,-1.88364545788753,0.946137300543886,-96.88980149992608
2020-08-26,49.83,46.93797716118684,0,Low,0.0390896812875924,-1.730234048828908,1.995278752915748,-96.52868956505009
2020-08-27,60.45,48.26779118941048,0,Low,-0.172041581842082,-1.503588792934263,2.9292975427630186,-96.14840831943869
2020-08-28,28.89,43.858544689777865,0,Low,-0.975332350924757,-1.3466352370799717,0.3905861673220862,-97.372606230402
2020-08-29,30.42,43.96386367117374,0,Low,-1.2563748890273971,-1.301871048266816,0.2561563205558463,-96.89657905295026
2020-08-30,65.08,46.0561711699185,0,Low,-0.0149269306271552,-0.9971747451871532,0.6935459545729761,-96.78780544970265
2020-08-31,56.99,45.552050898137686,0,Low,-0.1449383719225901,-1.2336798204001682,0.6493033610441042,-96.88116661144612
2020-09-01,49.92,45.10784515740999,0,Low,-0.4102041317803386,-1.7030420316334764,0.5111776133464634,-96.45261863338511
2020-09-02,26.4,45.39536756227912,0,Low,-0.6465598615685976,-1.399601418673086,0.878474567112137,-96.5994780654538
2020-09-03,25.98,44.27925400173292,0,Low,-0.7976769236818322,-1.095470549245543,0.7959061722838355,-97.786037038486
2020-09-04,24.7,44.07181460810352,0,Low,-1.1078738075208294,-1.0666668078613766,0.0798540750691239,-96.99603119244588
2020-09-05,27.92,44.459184135992565,0,Low,-0.7956683740706249,-1.4072247654765069,0.1071610804203446,-96.60761614574308
2020-09-06,22.57,44.585618423402,0,Low,-0.7286585202587578,-1.1396244999478795,0.2176466362103846,-96.92627753346416
2020-09-07,57.83,45.3870143361306,0,Low,-0.7666972341459619,-0.4570472924937919,0.2626720128245681,-96.81444549091664
2020-09-08,58.04,46.73409914898021,0,Low,-0.6704713107923863,0.082111788781376,0.9537345601483328,-96.79380823001956
2020-09-09,37.07,46.7465368287824,0,Low,-0.7210168737737013,0.4010455871597549,1.038974427999798,-97.13499865346596
2020-09-10,57.8,46.89653629306655,0,Low,-0.3377605780478335,0.3231146052487283,1.2722667067318374,-97.5236167817286
2020-09-11,61.84,47.24741385218761,0,Low,0.2153939145936679,0.2581106538798192,0.8029303916906684,-97.191553448839
2020-09-12,48.62,47.08495770711583,0,Low,0.4430443250762338,0.2283063612174519,0.7429702115164833,-97.4918955315568
2020-09-13,61.54,47.17474281921296,0,Low,0.2493169703689569,0.2002356015187104,1.2193931960964637,-97.6567352896336
2020-09-14,41.45,46.90773213869884,0,Low,-0.0078463460456301,0.3734401080517215,1.1770135816223382,-97.79740754579204
2020-09-15,49.31,46.04792252158747,0,Low,-0.3393600124270825,0.5161760962645484,0.2867308200866178,-97.57815672319909
2020-09-16,50.23,44.56744285777162,0,Low,-0.957563495907988,0.0359468332174553,0.0501188709218474,-97.72359169132214
2020-09-17,28.52,44.556281678400566,0,Low,-0.8718048591819796,-0.0149322663773869,0.6301327161584682,-98.349646253061
2020-09-18,29.2,44.64856583187564,0,Low,-0.877865488989105,-0.0028298693744643,1.009647038509702,-98.64291818913296
2020-09-19,54.95,45.34735018946567,0,Low,-1.199385145698697,0.038850025439776,1.3338321882086093,-97.98847921934647
2020-09-20,42.9,45.84335118237115,0,Low,-1.1359042538160575,-0.1100828026291076,1.1961848962210284,-97.2693789982672
2020-09-21,62.87,46.842266475390346,0,Low,-0.3789667091927242,-0.0820416768053014,1.2372274169461337,-97.0964848964203
2020-09-22,63.25,47.23726231266566,0,Low,-0.0926957877103707,0.0121651859252434,1.0055412731126534,-96.85028069952432
2020-09-23,28.45,46.12808956779134,0,Low,-0.4010543808354641,0.0406085611876829,0.7941639362495567,-97.4681608896729
2020-09-24,57.07,45.698808663499086,0,Low,-1.0093097227148735,0.1329186156037709,1.0116392031640578,-97.59897177341637
2020-09-25,52.6,44.70588072934616,0,Low,-0.9674846719859376,0.1324346575415249,0.1200719983495457,-97.74167359542145
2020-09-26,42.16,44.5853025639878,0,Low,-0.8536156602226186,-0.1473555520825013,0.0599425400467099,-97.6362011046163
2020-09-27,28.1,45.15717654251515,0,Low,-0.8244474327285775,-0.6203933046137722,0.3611454489753191,-96.9216605099803
2020-09-28,28.01,46.16694641631732,0,Low,-0.8904349440363325,-0.5537131356642904,1.187182468541098,-96.73862031338564
2020-09-29,59.76,47.465057932605305,0,Low,-0.8424480442124492,-0.5421015775204779,1.6546075609365891,-95.9675323474608
2020-09-30,44.27,48.12947241215944,0,Low,-1.1786738821420006,-0.4157800183564929,0.8341090992481496,-94.27271512745271
2020-10-01,130.01,49.8791777280862,0,Low,-0.7070934675109808,-0.8293583492112876,1.6233754184252844,-93.37027821447928
2020-10-02,111.6,108.62190411150384,0,Low,-0.7775662525932205,-0.8607314974841461,1.310541354752689,-34.21287183403401
2020-10-03,126.12,112.79221211101726,0,Low,-0.4561864116290339,-0.5233460911426913,0.9483815718169004,-30.3391692988904
2020-10-04,160.92,119.1884474918516,0,Low,-0.5690113635435511,-0.1231605914269747,1.1336618571433366,-24.41557475118372
2020-10-05,123.32,154.836012321576,0,Low,-1.1537418877929604,-1.1754386892605506,0.7242603048949361,13.27840025287218
2020-10-06,231.49,161.54400957744463,0,Low,-0.1156300212197321,-0.9278961089231568,1.1342452168395736,18.290758149885654
2020-10-07,215.34,174.35437237229024,0,Low,-0.6640669990596261,-1.5054248683632545,1.5832840219067916,31.77804787694389
2020-10-08,153.66,173.20843241945272,0,Low,-1.481455161850632,-1.5337418573259851,3.1378017546416017,29.923295343125183
2020-10-09,192.4,176.1874206275065,0,Low,-1.2386151982790736,-1.164582956615664,2.802173231132452,32.62591321040633
2020-10-10,127.14,176.76787321924064,0,Low,-1.2799230010899347,-0.9419791597116112,2.777662016868385,33.049581022311315
2020-10-11,179.68,174.65612268468013,0,Low,-1.1584137036476538,-0.8297550932406446,0.8646117712454737,32.61714736946046
2020-10-12,191.03,175.07553763448738,0,Low,-2.4070911280994265,-0.8689271711697931,0.979960235501368,34.20906335739277
2020-10-13,208.77,179.3904684739988,0,Low,-0.9417380496196156,-0.4687878126162287,1.2039169738683038,36.4345450215039
2020-10-14,223.98,180.09359304997557,0,Low,-0.9611921265683572,-0.15543837059391,3.1252875997179137,34.922403606557495
2020-10-15,217.92,184.56212713868317,0,Low,-1.2495540281815425,0.1014134831752592,1.0810327152251975,41.466702627601855
2020-10-16,204.04,192.67665404669708,0,Low,-0.9089828948827884,-0.5180784328500018,0.4087531350300697,50.53242989853755
2020-10-17,233.79,196.5093515223472,0,Low,-0.9184760626824446,-0.3682993478753218,1.2598976455282105,53.37369694651447
2020-10-18,215.51,207.3400830125178,0,Low,-1.061654420456153,-0.1416581151867143,-0.0624558456232096,65.44331905292148
2020-10-19,180.64,208.0153942298145,0,Low,-0.9074597500864254,-0.8089103501747149,-0.8125281766860161,67.3817601658993
2020-10-20,194.76,192.68315303666068,0,Low,-1.0867330450887165,-0.1020428019006309,-0.3320995890930422,51.04149613188076
2020-10-21,175.03,189.7788096878981,0,Low,-0.7504283258847211,0.2287808830589038,0.1722541664724534,46.96567062338921
2020-10-22,231.33,191.61009316349637,0,Low,-0.2737937192025551,0.5025452667546034,0.5345496837864815,47.68425959129566
2020-10-23,190.68,192.35311489521493,1,Moderate,0.3895279743095524,0.1954976046438126,0.4059496910869079,48.19960728431235
2020-10-24,231.38,197.7247886327849,0,Low,2.020612107066344,1.0640382133229946,0.3526020254080698,51.12500394612527
2020-10-25,236.29,211.3047630340268,1,Moderate,0.7430497491370516,-0.0473088527948821,-0.6570960062978477,68.10358580312015
2020-10-26,148.99,204.25782857142696,0,Low,-0.5912735374389615,-0.9285492773344316,-2.7593066488618545,65.37442569419991
2020-10-27,119.88,183.00169156609928,0,Low,-0.4582443540647413,-0.5414968964817359,-1.5509661045789993,42.38986658036252
2020-10-28,222.58,180.6265624968842,0,Low,-0.3574387787808569,0.8803073688742529,1.0632630180754252,35.87789854785304
2020-10-29,122.74,178.57966689219552,0,Low,-0.0942613467215266,-0.1488947968302615,1.2791673036680964,34.381123391216946
2020-10-30,136.87,172.23881468798484,1,Moderate,0.1324995280403336,0.7441806870397397,1.208433916431204,26.99116821561113
2020-10-31,198.32,197.41163846385345,1,Moderate,6.8237174401474086,2.055749773279625,2.258093950216973,43.11154495934705
2020-11-01,362.87,239.683094325112,1,Moderate,22.26570944680784,5.052535402688564,4.708292569408736,64.49402456534425
2020-11-02,237.19,273.24087294420923,1,Moderate,11.399875735735314,2.377342847845318,2.27878071342816,114.02234130633784
2020-11-03,332.54,284.6565018452564,1,Moderate,9.023429809981888,1.797364163409536,1.92104868134104,128.75212684966132
2020-11-04,249.62,285.07331061604793,1,Moderate,8.20700711332336,2.769565295699796,1.8858768778608737,129.04832898830134
2020-11-05,366.43,289.60894192205114,1,Moderate,9.991806340007566,3.107916437941067,1.9120243220062776,131.43466248123372
2020-11-06,225.74,275.7612311608549,1,Moderate,7.233757168542365,2.4016604901422505,-1.4544984553417577,124.41777961664948
2020-11-07,289.41,283.62255608797886,1,Moderate,5.284942957631353,1.5284154731161523,-2.4189939873658237,136.06565930373486
2020-11-08,257.11,284.5304774762061,1,Moderate,5.441417021473963,1.472069893527474,-1.813501671953974,136.26795989229632
2020-11-09,255.77,285.5464909161892,1,Moderate,5.9851448608537074,1.2096921756610106,-2.3862085901546357,137.5753301289668
2020-11-10,234.91,288.4068030964177,1,Moderate,5.70569748897629,1.8906173898205776,-0.9067609273041074,138.5547168040626
2020-11-11,346.58,292.8815447217822,1,Moderate,6.1381390113323,1.8785349975241317,0.540147179811031,141.16219119225235
2020-11-12,307.49,291.2416732912117,1,Moderate,5.736584163154212,2.0656713458682243,0.3971335559940822,139.87975188533275
2020-11-13,371.52,287.34604889324424,1,Moderate,5.86515816811184,2.017751947731033,-2.261974815665291,138.56258125220418
2020-11-14,350.01,283.7227667201741,1,Moderate,5.033866048825615,2.063232134350382,-2.924422698909445,136.38755889504526
2020-11-15,198.91,282.1617848374862,1,Moderate,5.084196453391727,1.8474454772952669,-3.17560301019252,135.24321357612934
2020-11-16,272.64,282.04424739847894,1,Moderate,4.766673362788254,2.389068945189436,-2.9942995027511383,134.72027225239003
2020-11-17,338.52,291.5117087775554,1,Moderate,5.529931246502067,2.057965750280316,0.5953768075117607,140.16590263239874
2020-11-18,214.91,288.9031076182283,1,Moderate,4.693310211722598,1.764687641808546,-0.2772860882318332,139.5598635120665
2020-11-19,201.28,287.67734988520084,1,Moderate,4.828453712706666,2.067620392974398,-0.1184897427931224,137.7372331814505
2020-11-20,319.78,287.1024993410432,2,High,5.668453533481176,2.814152420677326,0.4802968531667042,134.9770641928554
2020-11-21,270.32,289.0997629494044,2,High,5.931726942320549,2.4196584357063866,0.7070030335250101,136.8788421969898
2020-11-22,230.99,290.07240616040866,0,Low,4.577895189453363,1.8911577177955363,-0.1421639525551861,140.5829848648526
2020-11-23,183.88,286.9221889059694,1,Moderate,4.852790588747597,0.8618953737319027,-0.5020713274732812,138.54704193010073
2020-11-24,336.02,290.57624188633946,2,High,5.06949062457231,2.0832888593170438,0.4628110724034132,139.79811898918433
2020-11-25,377.94,293.12732438497795,2,High,5.95154473053827,1.6324349581358102,0.7521621522983684,141.62865020314302
2020-11-26,386.82,293.0400193174627,2,High,6.539650215214798,1.773661252404594,0.937618968661958,140.62655654031906
2020-11-27,329.12,290.7651198800474,1,Moderate,5.316018879105418,2.169288952819663,1.0033687583408988,139.11391094891908
2020-11-28,289.6,288.1095776395625,1,Moderate,4.625170714060869,1.5343188382710888,0.1373155304653447,138.65024021590293
2020-11-29,323.98,287.2061290787224,1,Moderate,4.532240855713634,0.5188795833636903,0.7024392115617285,138.29003708722098
2020-11-30,264.04,288.67391311002183,1,Moderate,4.252733592646777,0.670835840121687,0.641052137386582,139.9467591990045
2020-12-01,364.62,290.8089953946496,1,Moderate,4.3763496299525375,1.7726657448634562,1.1168236859194771,140.38062399305187
2020-12-02,198.6,287.929087321338,1,Moderate,3.903379444466685,2.1872076040778303,0.4075000168783745,138.26846791505278
2020-12-03,351.96,289.3153974539757,1,Moderate,3.866449225230664,2.553083218203078,1.1000173672742877,138.6333153024055
2020-12-04,338.21,288.91201483946594,1,Moderate,3.900301108255428,1.2046276131657276,0.9620833942342524,139.682470382948
2020-12-05,236.35,286.97003845234804,1,Moderate,3.47268890904382,0.4656923237004911,0.6567906269446332,139.21233425179668
2020-12-06,372.63,289.5276337395842,0,Low,3.7390516218285472,1.6949911857600997,0.7417187234571969,140.18933986767587
2020-12-07,232.35,287.038875437914,0,Low,3.613829007331792,1.4258851354381268,0.4969391066506837,138.33968984763095
2020-12-08,322.8,288.85569594203173,0,Low,3.487620359846148,1.7582645317174457,0.7580395958463773,139.68923911375938
2020-12-09,279.99,282.9895359878714,0,Low,3.6118147522728337,1.5741390100418964,-2.0974363503701343,136.73848623506444
2020-12-10,376.55,285.6685125401109,0,Low,2.9334547233012334,1.6190826960388125,-1.2919481104126942,139.24539089032126
2020-12-11,216.77,281.5474654228555,0,Low,2.0132355503705317,1.309084659885394,-2.236494308769081,137.29910718050638
2020-12-12,248.71,279.6077256016516,0,Low,1.5944210017138942,1.4683222956180393,-2.692990692638803,136.07544065609605
2020-12-13,364.21,285.84856044190366,0,Low,0.6560689713333596,1.4895496708186264,-0.8615608697799322,141.40197032866928
2020-12-14,358.32,291.23701254985923,1,Moderate,0.2958165756118835,2.4236587637449096,1.3528618824318497,144.00214298720823
2020-12-15,226.59,290.3313338406262,1,Moderate,0.5041239206055016,1.7807658964255833,1.5506661682406977,143.33324551449215
2020-12-16,220.81,288.4844629895866,1,Moderate,0.3136684368631944,1.757190844951249,1.6294143017584704,141.62165706515137
2020-12-17,384.46,293.74915239147305,1,Moderate,0.559767165557618,3.0343208022661763,2.1885958137026744,144.8039362690843
2020-12-18,323.08,290.7048638762799,1,Moderate,0.1358872780395635,1.8726577896781984,1.606993134736278,143.9267933329636
2020-12-19,309.89,290.812716179854,1,Moderate,0.3498717586409211,1.254106052338155,2.1690174383886425,143.8771885896241
2020-12-20,244.26,286.56963708160924,1,Moderate,-0.2770269419771529,0.0590144486382456,1.1337093718332616,142.49140786225271
2020-12-21,242.12,287.74160305156465,1,Moderate,-0.6129394122854712,0.1580092855850871,1.1467092671484969,143.88729157025426
2020-12-22,307.15,290.0514161837014,1,Moderate,-0.3698044720096305,1.6080965298752157,0.8484827309822397,144.8021090539913
2020-12-23,369.63,288.43510652460367,1,Moderate,-1.3910566030691542,1.9273729417400487,0.6348459358473975,144.10141190922317
2020-12-24,191.02,285.90951279012654,1,Moderate,-1.8700359600587315,1.6076052364356226,0.94276072407364,142.06665044881368
2020-12-25,306.14,286.7901050976114,1,Moderate,-0.6326241116623861,2.005891827592896,0.6480051501753279,141.6062998906432
2020-12-26,333.16,286.3602783287055,1,Moderate,-0.6014668754896971,1.29784404364991,0.4567225793145206,142.04464624036834
2020-12-27,224.05,279.8422145015028,0,Low,-1.0817680592167231,0.5123133500944891,-2.469896935620906,139.71903380538382
2020-12-28,240.0,286.4461069095784,1,Moderate,-0.574142321092462,0.8666167493528252,0.7993821390811674,142.19171800137448
2020-12-29,215.74,286.0020268658554,1,Moderate,-0.5922948875591894,-0.4355939719856523,0.6661779415296037,143.2012054430083
2020-12-30,244.28,275.3232025911902,1,Moderate,-1.0951259967640077,-0.3919759183517414,0.7441287933744318,132.90364337206915
2020-12-31,328.42,289.1837880217399,1,Moderate,-0.5076251266691416,-0.4856903933256245,1.1524467911458776,145.86212440972648
2021-01-01,262.93,286.02002675974416,1,Moderate,-1.3857660795132978,-0.0214043284064171,0.4754018475382299,143.78926297926347
2021-01-02,350.83,288.4954773553215,1,Moderate,-1.6418252355299658,1.1713249296035444,1.1597991809373325,144.64364613944838
2021-01-03,279.11,288.39943923790685,1,Moderate,-1.3574815068198205,0.7038545149289672,1.5395432055990512,144.35099068333645
2021-01-04,224.89,285.734880222471,1,Moderate,-1.7970422078138706,0.1227364050125045,0.1433015166424613,144.1033521677675
2021-01-05,203.11,285.9345400312752,1,Moderate,-1.3117668538140312,0.0229712556524821,0.7637791348623508,143.29702415371196
2021-01-06,362.63,290.19610921975584,1,Moderate,-0.4605274306361929,0.4743777761932579,1.7925897402782656,145.2271367930582
2021-01-07,282.84,287.35223034725965,1,Moderate,-0.9246857574779076,-0.7033402653186225,1.606441955387157,144.21128207380676
2021-01-08,366.38,289.79529807482135,1,Moderate,-0.4392462174232022,-0.4172775241150449,2.6429138168680537,144.84637565862928
2021-01-09,370.44,289.74994925553125,1,Moderate,-0.4800990256091159,0.4461008862730628,2.993710483749189,143.62770457025584
2021-01-10,273.96,284.936444941212,1,Moderate,-0.4373330966800047,-2.075957414381099,2.8488578800369666,141.4383452313739
2021-01-11,251.84,285.5949104208852,1,Moderate,-0.7165591388672116,-0.8290488715326847,2.502272294924116,141.47571379549854
2021-01-12,281.97,287.4444551081246,1,Moderate,-0.6277110997016024,-1.4236343203904045,3.3439584514653427,142.9893097358889
2021-01-13,316.01,291.29592600333694,1,Moderate,-0.5755900078048432,-1.1069356114932574,3.9783962108493234,145.83752307092342
2021-01-14,275.6,290.4071305308322,1,Moderate,-0.2699777158479869,-1.69726938854831,3.980420932272675,145.23142436209355
2021-01-15,351.9,291.8547806393012,1,Moderate,-0.479033649329606,-0.8123948907643813,4.580631961820636,145.40304487671233
2021-01-16,307.29,289.5933248756479,1,Moderate,-0.1288161776888019,-1.3234234247264751,3.8769699398296846,144.00606219737102
2021-01-17,190.56,281.95110387447096,1,Moderate,-1.0167191476117643,-3.8581028661705847,2.9387418818605022,140.72465166553044
2021-01-18,264.73,288.5499077526828,1,Moderate,-0.5291576117011733,-0.2602453319213357,4.094782859893105,142.08199549554985
2021-01-19,300.65,288.9292282597621,1,Moderate,-0.9821014066111914,-0.1732891697026348,3.6042006023371616,143.31788589287638
2021-01-20,323.49,290.4340109634163,1,Moderate,-0.5028519291209255,-0.2784782974474545,3.71307924086145,144.33972960826094
2021-01-21,234.8,287.27409289840955,1,Moderate,-1.2499380052275353,-0.9151364381365732,3.344480032082499,142.93215496882885
2021-01-22,365.01,290.4066866712954,1,Moderate,-0.3090079187112652,-0.7985779764389248,4.31892371209686,144.03281651348652
2021-01-23,332.4,287.57575516912954,1,Moderate,-0.9883118399864588,-1.403213925599169,3.989476049453837,142.8152725443988
2021-01-24,266.64,287.5366841434696,1,Moderate,-0.3824605835855283,-2.141870847872965,4.196417509504214,142.70206572456163
2021-01-25,305.37,286.70385443416745,1,Moderate,-0.7867062351996008,-1.5055149678073323,3.971215479230969,141.8623278170811
2021-01-26,369.09,292.3411408798181,1,Moderate,-0.185758660466211,-0.4139466591265347,5.370170115979456,144.40814374256908
2021-01-27,385.16,291.8553197557623,1,Moderate,-0.5696404121918067,-0.0841333943742654,5.3919510649819165,143.9546101564841
2021-01-28,248.12,283.905631835699,1,Moderate,-0.6212108483774127,-0.4917921084672079,2.2974331640470718,139.55866928763427
2021-01-29,262.67,283.3484785201284,1,Moderate,-0.8064332371976737,-0.7953707517484688,2.3078614612400354,139.4798887069721
2021-01-30,307.13,283.10543910501235,1,Moderate,-1.239708925588631,-1.4394661541613758,2.6154630005812627,140.0066188433188
2021-01-31,302.61,283.35933090311005,1,Moderate,-1.5655886305927147,-2.1501280240888194,2.1999701398048432,141.71254507712453
2021-02-01,199.49,276.6829597167663,0,Low,-1.7814646262020544,-2.587261660254257,-0.1533360787431369,138.04248974110368
2021-02-02,207.46,277.15232357832434,1,Moderate,-1.930904205751968,-2.6712167616742435,1.5883659865266486,137.0035462183615
2021-02-03,158.08,263.0974712599236,1,Moderate,-1.8884691317340792,-1.8257858423128623,1.603215624428738,122.04597826867952
2021-02-04,209.88,187.3746951069966,1,Moderate,-2.004685187399038,0.7807560540355947,2.851912784221411,42.58417911527624
2021-02-05,191.76,188.8082174260392,1,Moderate,-1.9031994370155143,0.3898754663600694,2.3788594319658296,44.780149623866464
2021-02-06,217.46,185.93875306423575,1,Moderate,-1.8181513376448977,0.1381845094482032,2.293298880908501,42.16288867066167
2021-02-07,176.7,190.56414092806503,1,Moderate,-1.7359960865126234,-0.5504943947123159,1.8438370187907336,47.84426204963695
2021-02-08,218.0,181.89592705190265,1,Moderate,-1.8112924132057264,-0.780583463216748,2.21956605617325,39.10570453128948
2021-02-09,196.06,185.06458577783212,1,Moderate,-2.059670577057512,-1.0053887035828408,2.07838282269024,42.8887298949199
2021-02-10,155.98,183.03943105106777,1,Moderate,-1.9163704629551108,-0.1990178161042992,2.2654103325500974,39.72687665671474
2021-02-11,224.93,183.7715955544336,1,Moderate,-1.3576567464167273,0.2772958858505164,2.635338666499573,39.05408540763784
2021-02-12,221.56,185.4549553914405,1,Moderate,-1.60089464570132,0.7512632795550468,2.52628239878279,40.61577201794169
2021-02-13,227.68,193.78356006922863,1,Moderate,-1.3311864692250877,1.3047726599054064,2.105304329989892,48.54213720769607
2021-02-14,233.79,215.56863394638404,1,Moderate,-2.3035792326993234,1.454804093417757,1.8463252866809687,71.40855145812216
2021-02-15,195.8,217.30270735140596,1,Moderate,-2.2590157941045623,0.6341419322526548,1.5715255674327997,74.19352330496245
2021-02-16,219.21,201.6933056425405,1,Moderate,-2.031965218204385,1.249192469504547,1.6649429048312931,57.64860314554672
2021-02-17,192.69,196.62538420499493,0,Low,-2.463566403991996,0.7462279000488943,1.549705185975408,53.63048518210024
2021-02-18,183.93,193.49142822160195,0,Low,-3.1020405586363866,0.4126188336439063,1.3931709972238528,51.62514660850826
2021-02-19,180.39,190.10324754867244,0,Low,-3.248208766549989,0.0565084814882183,1.4361336359566836,48.6962818569152
2021-02-20,115.7,182.09710822038065,1,Moderate,-4.0045118668282855,0.1265577511870689,1.2823553912752808,41.53017460388419
2021-02-21,160.87,170.75734332712835,1,Moderate,-3.805484136653993,0.2575913493159355,0.995882903745758,30.146820869858303
2021-02-22,156.67,173.58986351849097,1,Moderate,-2.459931854476619,0.4144768324472141,0.8752540073197792,31.597532192338186
2021-02-23,174.89,171.0883892735582,0,Low,-2.0038660961484407,0.0742636883243822,2.156497029821941,27.6989623106979
2021-02-24,162.02,173.7724525697978,0,Low,-2.0437242448958477,0.6848328129982149,1.0172099177129788,30.95160174312
2021-02-25,207.58,173.48338224631087,0,Low,-1.962237313706296,0.4601373342212552,1.2267027146413605,30.59624717029218
2021-02-26,136.86,171.72763416793245,0,Low,-1.9534634133217,0.4115959084461432,0.9732266394190576,29.13374269252658
2021-02-27,143.07,166.8937732867598,0,Low,-1.897477112981432,-0.3546222134395491,0.3232538020611988,25.660086470257184
2021-02-28,110.28,166.55751678073815,0,Low,-1.727292031170753,-1.0476039668807735,-0.1056057673265057,26.275486205253863
2021-03-01,95.67,125.60044498415051,0,Low,-0.8469992644711021,0.0943573638668845,0.0756335189433144,-16.88507897505093
2021-03-02,133.84,121.61781514264244,0,Low,-0.646286009022383,0.4564019557884413,0.6571927237571911,-22.012025868743205
2021-03-03,134.58,110.41742909809402,0,Low,-0.3672037076662464,-0.3216964540479276,1.6053282347253537,-33.66153131577967
2021-03-04,106.58,109.09416202353673,0,Low,-0.8430113377816135,-1.2022306152437787,1.1824727470073948,-33.20560111130781
2021-03-05,128.04,105.18376097679013,0,Low,-0.8854331226776139,-0.7338866362497336,1.479762897044211,-37.839214502189215
2021-03-06,68.57,102.82258483123208,0,Low,-0.5787959722461538,-1.1256325631067432,1.330333072580549,-39.96585204685806
2021-03-07,129.04,102.01437007652386,0,Low,-0.3956318163804321,-0.9439106569463696,1.1975952660886409,-41.0062150571004
2021-03-08,71.44,100.77676286124498,0,Low,-0.625667564873794,-1.6894553299759525,0.8685555167815064,-40.93920210154922
2021-03-09,76.33,99.57612940465228,0,Low,-0.7423880221431889,-1.7692012886295492,0.5246356041774399,-41.59944922961484
2021-03-10,74.75,99.62974851723348,0,Low,-0.4687714572836254,-1.5596185610898248,3.175696658449971,-44.680090463705454
2021-03-11,99.86,99.80684919764126,0,Low,-0.545746728756584,-1.2444833359183711,0.536608515417749,-42.102061593964
2021-03-12,92.63,100.10375557277938,0,Low,-0.4615141955983472,-1.3358083972331545,0.5935576966805798,-41.85501187193218
2021-03-13,100.17,100.72282362415476,0,Low,-0.5151287954198291,-0.9837782327267977,0.7688007922607928,-41.70960248082188
2021-03-14,125.97,100.74772847919868,0,Low,-0.3951924855736511,-0.9601053143659236,0.7233420616220851,-41.78284812334631
2021-03-15,121.94,100.70097703755896,0,Low,-0.4379132379038645,-1.105625287541163,3.3275290778611057,-44.245545855719584
2021-03-16,69.53,100.4851034246214,0,Low,-0.4074833495307533,-1.0989422342138817,0.8130900071222475,-41.98409333961864
2021-03-17,65.37,99.96715991777728,0,Low,-0.6082300163893278,-1.3944133937345131,0.8720603765165063,-42.06478938947782
2021-03-18,98.33,93.15324928231976,0,Low,-0.3940867416537653,-1.0755420955760278,1.0878764111282146,-49.627530632441015
2021-03-19,120.35,99.75804611098484,0,Low,-0.3610521582529145,-1.1935980303119496,0.5965811689958149,-42.44641721030857
2021-03-20,106.43,100.55152190569156,0,Low,-0.6025881428549076,-0.9850257050399616,0.5820982797876548,-41.60549486706367
2021-03-21,125.31,100.36250376572752,0,Low,-0.311301732002173,-1.6082071732622945,3.141296828950377,-44.02181649882087
2021-03-22,78.9,100.06781147018036,0,Low,-0.5843535014964747,-1.8905471194238856,0.2863870438583469,-40.90620729362004
2021-03-23,102.49,100.149385648878,0,Low,-0.4611807442688793,-1.9101447632376656,0.2197098249261053,-40.861531009404025
2021-03-24,105.03,100.08410442074955,0,Low,-0.5859861864835099,-1.8935097487530876,0.1009098701388894,-40.6998418550152
2021-03-25,98.75,100.2221015942622,0,Low,-0.4435793437324714,-2.062651136556948,0.291218057347206,-40.72541832365804
2021-03-26,125.42,100.33158763591526,0,Low,-0.4399721601468556,-1.9384421535981144,0.6424842632568355,-41.09501465445906
2021-03-27,109.76,100.3005972428193,0,Low,-0.3145091330290235,-2.0518194015233044,0.8411420173100581,-41.33674858080092
2021-03-28,73.78,99.99228722507203,0,Low,-0.3983357011085273,-1.696388439621208,0.7008588417168649,-41.77637981677755
2021-03-29,111.39,100.00984094393516,0,Low,-0.2795657981237393,-1.5110793349576903,0.6885001220442126,-42.05054638589007
2021-03-30,63.26,99.51903653455967,0,Low,-0.3800600400502255,-1.6382192258132977,0.5389317301818889,-42.16414827062117
2021-03-31,73.08,84.4226168478372,0,Low,-0.1877003573121621,-1.756545624188166,1.0208148899377767,-57.81648440146263
2021-04-01,135.13,99.32850522320736,0,Low,-0.3189741502832212,-1.9259128768380904,0.4836015876013897,-42.07274167813521
2021-04-02,111.16,99.20935547556586,1,Moderate,0.1711750617247622,-2.0974641730378187,0.3679553435395815,-42.394843097523136
2021-04-03,87.14,99.87959742290812,1,Moderate,0.1324800840742091,-1.845119040063736,0.3854760468710911,-41.955772008835886
2021-04-04,95.61,100.08224066882072,1,Moderate,0.1574835820327748,-1.7829835374315366,0.4326593093373845,-41.88745102598041
2021-04-05,87.76,99.80231034374758,1,Moderate,0.1241907977745417,-1.7145204248049002,0.3906926995675381,-42.160585069652086
2021-04-06,135.19,99.81347492127856,1,Moderate,0.1556140520440692,-1.7285018040378402,0.3944628442889875,-42.17063251187912
2021-04-07,85.78,99.66637259143614,1,Moderate,0.1930641546108621,-1.9291067570111136,0.2804778474528088,-42.04059499447892
2021-04-08,83.53,99.69220560834776,1,Moderate,0.2222419361310159,-2.0369224640899426,0.2918097944393824,-41.94745599899517
2021-04-09,125.76,100.08036353200238,1,Moderate,0.2422371331982243,-1.5748199692174691,0.3195659601913162,-42.06915193303214
2021-04-10,127.26,100.23052081526195,1,Moderate,0.3244627635804833,-1.4415220195740557,0.2330357513549323,-42.04798802096183
2021-04-11,88.59,99.93894837560082,1,Moderate,0.2376144789499781,-1.6250113158868162,0.2281845673105377,-42.06437169563532
2021-04-12,111.06,99.99105339186872,0,Low,0.2417985185532666,-1.5016171491042225,0.2044951815841351,-42.11615550002687
2021-04-13,78.07,99.86372680719364,1,Moderate,0.2298856836398051,-1.697393694080223,0.318157933706642,-42.14945545693501
2021-04-14,130.22,99.88818849952004,1,Moderate,0.2017811405779825,-1.664712259607872,0.2522191453305361,-42.06363186764309
2021-04-15,81.6,99.87743462829344,1,Moderate,0.2880211806733693,-1.899438203840284,0.3136794429955416,-41.98736013239768
2021-04-16,108.48,99.86790835478736,1,Moderate,0.4171152252023939,-1.8369168016618893,0.2292678875718987,-42.10409029718751
2021-04-17,75.71,99.50264853893356,1,Moderate,1.4036350334404677,-1.9613066161941053,0.1569167453272877,-43.259128964502565
2021-04-18,87.7,99.48222894685684,1,Moderate,1.4534480172804467,-2.0439864515320023,0.089216217183009,-43.178981176937086
2021-04-19,124.79,99.76410566571438,0,Low,1.488845568209423,-1.797544346282849,0.0318616419179471,-43.12158953899261
2021-04-20,90.65,99.32167894276716,1,Moderate,2.1135466362833872,-1.8829531960408057,0.0164277066225438,-44.08787454496044
2021-04-21,117.93,99.8192026916576,1,Moderate,2.273197883137465,-1.862411264579091,0.852932652324504,-44.607048920087735
2021-04-22,72.96,99.545317228566,0,Low,2.303147965795502,-2.024451604391732,0.0720970978042841,-43.96800857150453
2021-04-23,83.27,99.69153193369716,1,Moderate,2.365452576739847,-2.0422196445030925,0.1680845236601059,-43.96231786306218
2021-04-24,98.48,99.79748730421022,0,Low,2.364582280890803,-1.9575483532050508,0.1935611033318294,-43.96564006766982
2021-04-25,128.99,99.992320897515,1,Moderate,2.3687332072191225,-2.0404020632957898,0.2238936573553857,-43.72243624462617
2021-04-26,73.38,99.80780739649629,1,Moderate,2.348923041084027,-1.929029865298496,0.1215468944797721,-43.89616501463147
2021-04-27,130.48,99.78816152586067,1,Moderate,2.30361822555946,-1.7482946639775332,0.1651579606222122,-44.09485233720594
2021-04-28,88.91,99.76447580931278,1,Moderate,2.281602474273417,-1.709626765431039,0.1203953499318653,-44.09042759032392
2021-04-29,108.0,99.95579127632271,1,Moderate,2.3436799264879844,-1.5533979135985383,0.1760131478671514,-44.17303622529639
2021-04-30,88.54,99.85953909197607,1,Moderate,2.3688617372766223,-1.9836674063245752,0.1019619555551081,-43.79014953539357
2021-05-01,89.91,99.7966291426204,1,Moderate,2.3502195402781942,-1.6481873396944582,-0.0117214532016366,-44.05621394562416
2021-05-02,112.94,99.8552958452108,1,Moderate,2.349262459354446,-1.5937458137812317,0.1375245834901307,-44.20027772471504
2021-05-03,93.84,99.90850299865473,1,Moderate,2.363951575478413,-1.6386638540816838,0.1648338418306336,-44.14415090543511
2021-05-04,128.06,100.17241528710996,1,Moderate,2.3267448929694674,-1.8413473310106372,0.1870308868105101,-43.66254550252184
2021-05-05,117.88,100.11906617638732,1,Moderate,2.379389712864961,-1.80321310497082,0.1537659921944659,-43.77340876456377
2021-05-06,87.91,99.98120785121613,1,Moderate,2.4154705647691825,-1.8552731125487825,-0.0255751926066318,-43.715946749260105
2021-05-07,90.46,99.58885832263954,1,Moderate,2.363380200008356,-2.173697884681121,-0.074238790314129,-43.68911754323604
2021-05-08,81.15,99.26816937651633,1,Moderate,2.1121844995244308,-2.0647068057359266,-0.0488546413102272,-43.89298601682443
2021-05-09,66.97,99.71631477986423,0,Low,2.318778457705785,-1.816544938419356,-0.0489781604303363,-43.89947291985428
2021-05-10,99.18,97.74568326401317,1,Moderate,2.4499699963346617,-1.550666778668651,0.1849537264743288,-46.50110602098961
2021-05-11,127.34,99.9744174753039,1,Moderate,2.35537856221603,-1.505002112247325,-0.0398009286779814,-43.99869038684928
2021-05-12,81.66,99.6924426638763,0,Low,2.3306364725245143,-1.8414136511539307,-0.0533824970342381,-43.905930001322496
2021-05-13,71.7,99.88920619350854,1,Moderate,2.330004263910826,-2.059425520751104,-0.0311125095338356,-43.51279238097981
2021-05-14,111.39,99.67380816345865,1,Moderate,2.32194044823437,-1.9330494672497849,-0.0203118109472022,-43.85730334744122
2021-05-15,70.77,99.70745264969928,1,Moderate,2.3187374701639296,-1.8486204414084988,-0.0269116796345377,-43.89828504028405
2021-05-16,78.26,98.78801826373514,1,Moderate,2.333320040628915,-1.689957673334264,-0.0482995688984761,-44.969576875523465
2021-05-17,71.24,99.29827796752468,1,Moderate,2.374259853536865,-1.6303328574897664,-0.0469806686066002,-44.56120070077827
2021-05-18,131.46,99.19670889265302,1,Moderate,2.37820764395036,-1.5507733715373977,0.0751066367811406,-44.86836435740349
2021-05-19,105.97,99.66099473771204,1,Moderate,2.371261959840667,-1.589509565175386,-0.0685602378687189,-44.21472975994697
2021-05-20,104.58,99.99471111208682,1,Moderate,2.3098785602249707,-2.0521873451602706,-0.0978531963465894,-43.32765924749376
2021-05-21,110.48,99.85147983554548,1,Moderate,2.344874447871962,-2.115888757150965,-0.0747146099595516,-43.46532358607846
2021-05-22,97.33,100.15903443776972,0,Low,2.355660261565573,-1.69478249909129,-0.0418969501138983,-43.62247871545313
2021-05-23,123.45,100.2281977856964,1,Moderate,2.378271970431552,-1.5149238489029542,-0.0724860451922146,-43.72519663150245
2021-05-24,113.46,100.22286802193624,1,Moderate,2.394371677799861,-1.327238924097535,-0.0079731094862595,-43.99882396314227
2021-05-25,75.17,100.17750844612816,1,Moderate,2.351754369589184,-1.6398391617900192,0.0471521096060435,-43.74409121213952
2021-05-26,118.69,100.21555344908232,1,Moderate,2.347172691485178,-1.877875070926346,0.2911561351353496,-43.70743264747438
2021-05-27,116.41,100.38393781229357,1,Moderate,2.3146703580602908,-1.7101249258429456,0.2133112520222468,-43.596451212808525
2021-05-28,106.42,100.42044860104863,1,Moderate,2.237000040186693,-0.9844337131694292,2.602676068988443,-46.597326135819536
2021-05-29,80.45,100.2776113226585,0,Low,2.306468972330926,-1.0142244062665386,-0.0341923869815334,-44.142973197286814
2021-05-30,100.11,100.12874686245851,1,Moderate,2.3312961881518985,-1.576043039760812,-0.0470311760041166,-43.74200745079092
2021-05-31,113.69,100.1174413363626,0,Low,2.30862479931132,-2.023068610746269,-0.0223343795829402,-43.308312813482
2021-06-01,115.29,100.4748577590684,0,Low,2.3254808415247803,-1.526873211300758,-0.0524255965976863,-43.4338566154204
2021-06-02,108.6,100.79270579316116,0,Low,2.4117172819991697,-1.3142442377583603,0.1152737238588219,-43.582573315800914
2021-06-03,113.0,100.6267858551147,0,Low,2.3201175268256264,-1.335234110248726,0.0751806798735338,-43.59581058219817
2021-06-04,90.15,100.65317294516294,0,Low,2.199240624535044,-1.090826040939544,-0.0824225601520308,-43.53535141914299
2021-06-05,85.49,100.31714373786126,0,Low,2.1287158146349023,-0.8490427218930874,-0.0530726798724075,-44.07198901587062
2021-06-06,137.15,100.8271106937654,0,Low,2.090963755825999,-0.8685718813632795,-0.0150908945698916,-43.54272262698989
2021-06-07,121.85,105.60596950117645,0,Low,2.295450799984233,-0.8581976156041535,0.1905975456612691,-39.1844135697274
2021-06-08,123.02,101.64329183712616,0,Low,2.087338796536136,-0.6863753481648611,0.1872024972679938,-43.10740644937558
2021-06-09,75.55,102.19689363297168,0,Low,2.065370208707876,-1.03386604767784,-0.0063160417391912,-41.9908268271816
2021-06-10,109.48,100.6540495804763,0,Low,1.9064438578814864,-1.624596805274705,-0.1655131010265746,-42.62481671196642
2021-06-11,113.2,100.47828842462272,0,Low,1.7528934064443549,-1.9369696158581828,-0.1177417731745173,-42.3824259336514
2021-06-12,78.63,100.0358098735515,0,Low,1.150757866783236,-2.24871497509672,-0.1216140293638997,-41.90715132963359
2021-06-13,92.32,100.45241301866284,0,Low,1.0551848355641624,-1.991210788929696,0.1094090512916012,-41.883502420125744
2021-06-14,111.99,100.4654798290967,0,Low,1.1199553103829776,-1.895403880226717,-0.1121630989589652,-41.80944084296311
2021-06-15,85.15,100.53382205090227,0,Low,0.2860823812075372,-1.687901228494565,-0.1910882642784287,-41.03580317839479
2021-06-16,87.12,100.27208238353744,0,Low,-0.1365865108330501,-1.603442653726796,-0.2048110664242212,-40.94560972634099
2021-06-17,101.64,100.34591183696212,0,Low,-0.1286933220050602,-1.7449188345752824,-0.1979735212284036,-40.74503482609164
2021-06-18,75.15,99.92693062061188,0,Low,-0.0182166748860212,-1.4730864949636482,-0.2248886611041357,-41.5194098892968
2021-06-19,131.53,100.35786311467186,0,Low,0.0688333658214603,-1.263368760074377,-0.231472408854665,-41.37866142308306
2021-06-20,117.42,100.55504293106348,0,Low,0.0641517480489564,-1.3460660054091822,-0.1844445699695141,-41.14113058246928
2021-06-21,85.27,100.76029822928312,0,Low,0.0787281875269959,-1.1527721084086016,-0.2833131021081304,-41.04487708858967
2021-06-22,81.91,100.48689568200189,0,Low,0.0187624602174219,-1.4089434788625492,-0.3478810898152481,-40.93757455040022
2021-06-23,116.85,100.68215792659863,0,Low,-0.04112767675999,-1.07900024997901,-0.1825626828847913,-41.177683804640026
2021-06-24,120.36,100.81871794470231,0,Low,0.0171759100610782,-1.2300908308703915,-0.2363696600501273,-40.89452981530067
2021-06-25,90.66,100.44069150023036,0,Low,-0.0353340448542978,-1.4616834509469685,-0.1351014415972317,-41.0897219032336
2021-06-26,118.99,100.78175833514912,0,Low,0.0393643444830778,-1.400839696779117,-0.0383440996336287,-40.98095455378365
2021-06-27,92.23,101.1073374407703,0,Low,-0.0326218365167651,-1.0553303960564706,0.2274372932344122,-41.19467996075334
2021-06-28,126.2,101.08347167689952,0,Low,-0.1257504300801792,-0.6293208853668926,0.1661810049067121,-41.4901703534226
2021-06-29,117.88,100.65723577751656,0,Low,-0.120589208403791,-0.8890681973979992,0.0614072550548129,-41.55704641259893
2021-06-30,123.29,100.76137863297468,0,Low,-0.2209095204699326,-0.4206613746361582,-0.0223067332687254,-41.73727607951295
2021-07-01,37.25,100.04144268462308,0,Low,-0.6690721782308212,-1.63607409755518,-0.3024798626807848,-40.51346351777256
2021-07-02,51.28,74.59219210588095,0,Low,-0.4354496174058309,-2.082341838101301,-0.1307890662490938,-65.92175971322526
2021-07-03,57.08,54.28588464289812,0,Low,-0.2384748718594827,-1.9773815656012756,0.275105176955917,-86.93589643745952
2021-07-04,50.94,48.37813334743353,0,Low,-0.7506944668739459,-1.970405345515036,0.4374874444759081,-92.50078662551596
2021-07-05,24.98,47.81869752211585,0,Low,-0.8886775622194321,-1.829932895140593,0.4570433514260538,-93.08226771281272
2021-07-06,63.23,46.98066877616882,0,Low,-0.8932228746377178,-1.63884868133518,0.3821544438332697,-94.03194645255408
2021-07-07,39.97,47.131172658284505,0,Low,-0.9533162582201358,-1.555141202791068,0.3551021492265211,-93.87800437079336
2021-07-08,35.87,47.18612291685168,0,Low,-0.696245250971917,-1.6163209129873577,0.5121143590726566,-94.1759576191242
2021-07-09,47.41,48.38772584135919,0,Low,0.1055326916694134,-1.847791979116494,0.4295683790868697,-93.4621155911431
2021-07-10,53.48,48.436994925598455,0,Low,0.2569734270836335,-2.0315515603144725,0.3425322732980359,-93.29349155533124
2021-07-11,29.01,47.43091402273258,0,Low,-0.2716871194872713,-1.683848924622317,0.3692032265384312,-94.14528550055876
2021-07-12,61.9,46.9074985117298,0,Low,-0.6123286708198934,-1.720570991582073,0.3401099795387458,-94.26224414626954
2021-07-13,54.33,46.66702798045305,0,Low,-0.7624179584461486,-1.8221909333136763,0.2822407346320189,-94.19313620328168
2021-07-14,61.31,46.71613924370362,0,Low,-0.7747356122300151,-1.9112560112896555,0.2214947558311583,-93.98189622947044
2021-07-15,47.24,46.0282515271386,0,Low,-0.9296532679581236,-1.7100226139665513,-0.346765844985748,-94.14783908681348
2021-07-16,34.3,44.90695841529247,0,Low,-1.253947538085493,-1.6701896448610516,-0.9422583423974844,-94.38917840022604
2021-07-17,61.82,44.80965467968563,0,Low,-1.2760865567661313,-1.5250705296114602,-0.9888348820689068,-94.56288569273038
2021-07-18,51.7,44.85030813596755,0,Low,-0.9871854597544686,-1.336629796699352,-0.9966160581207496,-94.99179289032033
2021-07-19,32.88,44.474982947485245,0,Low,-1.0530198421298913,-1.22277607675641,-1.2002499814881935,-95.21150349300274
2021-07-20,28.13,44.47325501566482,0,Low,-1.2582040102897452,-1.2149661922082429,-0.7995975408016278,-95.416509581898
2021-07-21,31.9,44.81274959219866,0,Low,-0.4747384178700884,-1.282149289110633,-0.6909363908133064,-95.90195865086976
2021-07-22,51.33,45.160255967708856,0,Low,-0.2723852838866106,-1.2364852484367237,-0.9434470282004904,-95.54995881262974
2021-07-23,50.89,44.64771395646484,0,Low,-0.5674028379887248,-1.125364774375299,-0.9544324978404228,-95.8676182741932
2021-07-24,31.02,44.16182234792158,0,Low,-0.8918526145644321,-0.6896219008792772,-0.9163426948162116,-96.502892782681
2021-07-25,33.55,44.03083060946996,0,Low,-0.9988462035556736,-0.8441712679333004,-0.8089316196707448,-96.47975264023276
2021-07-26,52.36,48.16797128125521,0,Low,-0.8359977481335746,-0.4335350847210675,1.551457950459519,-95.2764861772121
2021-07-27,37.7,44.66994979006927,0,Low,-0.8880362384692381,-0.0536222455759334,-0.6510947154179352,-96.89982935133008
2021-07-28,61.67,44.344265320349926,0,Low,-1.1049316422552036,-0.1594067622495964,-0.7069547654241668,-96.8469738505836
2021-07-29,46.34,44.48905966183442,0,Low,-1.156865634378936,-0.2833823161754641,-0.56672977021754,-96.66649495825617
2021-07-30,34.05,44.42569861287546,0,Low,-0.9361010976261616,-0.1561227293848061,-0.2611611154315746,-97.38344878554447
2021-07-31,29.08,44.83973001254615,0,Low,-0.9619249979163432,-0.0596183762634729,0.0571506913951619,-97.35840964553164
2021-08-01,60.87,44.57054117623319,0,Low,-0.978383416310406,-0.1024623793216188,0.7805931916402475,-98.2917385606375
2021-08-02,56.64,44.68105431760192,0,Low,-1.008626925559599,-0.158373754273586,0.9354623531103162,-98.24993969653764
2021-08-03,49.93,44.80731813408491,0,Low,-0.7743433531638407,-0.1289388150494727,0.7797738762720026,-98.2317059148362
2021-08-04,42.97,44.84251644100495,0,Low,-0.7572533045902013,-0.1177931356086901,0.876739760059708,-98.3217092197183
2021-08-05,41.09,44.55492151329501,0,Low,-0.8707113460772291,-0.2656917508411216,0.8878414373495495,-98.35904916799868
2021-08-06,55.88,44.2729128436444,0,Low,-1.1107762531874574,-0.0089690169078613,1.002290560989302,-98.7721647881121
2021-08-07,59.28,44.28128513600097,0,Low,-0.9501870410617764,0.2695821017257366,0.8397161657052434,-99.04035843123069
2021-08-08,33.19,44.46279580308962,0,Low,-0.8679022972893585,0.6091225818095686,0.7691131213904083,-99.21006994368344
2021-08-09,47.19,44.52996316446673,0,Low,-0.8864621305809858,0.7813736536809098,0.848778430732918,-99.3762591302286
2021-08-10,40.97,44.28455198215156,0,Low,-0.9020289384789372,0.922271690097094,0.4578158076512967,-99.35603891798034
2021-08-11,32.07,44.47058396734804,0,Low,-1.2304800450750208,1.0821523627255976,0.754093597292819,-99.29771428845784
2021-08-12,41.34,44.29889662739616,0,Low,-1.2615144593930896,0.7477391359994352,0.6004150458076829,-98.9502754358804
2021-08-13,47.35,44.27341218750958,0,Low,-1.499981421969614,0.1559164888606677,0.5804511736932203,-98.1255063939372
2021-08-14,27.84,44.713719274960106,0,Low,-1.1425305351015993,-0.2637871709586413,1.014769104235832,-98.057264464078
2021-08-15,60.68,45.846245174246825,0,Low,-1.0448125111321866,-0.7822792644424919,1.5634094268694176,-97.05260481791038
2021-08-16,37.94,46.0544283112242,0,Low,-1.1412940700155068,-0.9746110163267696,1.9944610072607576,-96.98665995055671
2021-08-17,62.63,46.95213965783771,0,Low,-0.7728251561299605,-0.7087022365851648,1.6772850006659372,-96.40615029097556
2021-08-18,49.35,47.325148210977865,0,Low,0.0249547097987662,-0.500955856705061,1.3373027790916296,-96.69868576206996
2021-08-19,58.82,51.44655065316987,0,Low,0.0626237997523777,0.1568181045935101,3.727835954485903,-95.66325954652436
2021-08-20,57.99,46.78293508359064,0,Low,-0.2268639885545015,-0.1331846405963816,1.1432199026406626,-97.1627685307616
2021-08-21,58.26,45.65525725489368,0,Low,-0.8370151374496676,-0.4289202723821593,1.4965771025518009,-97.73791677868876
2021-08-22,48.89,45.15708020332054,0,Low,-0.8349783003535021,-0.6337548782915534,1.2046590134224568,-97.7413779723193
2021-08-23,36.65,44.55424050214072,0,Low,-0.7743087223507278,-0.8001272152767107,0.7883918898593667,-97.82224779095372
2021-08-24,26.65,44.39711641148706,0,Low,-0.7868173855495659,-0.8540887175648403,0.6100679332289811,-97.73457775948997
2021-08-25,40.57,43.86880954914624,0,Low,-0.9023526613563044,-0.5437008019255958,0.7237840224372418,-98.57145335087156
2021-08-26,46.53,44.675631704625175,0,Low,-0.584445335454698,-0.9568242999063868,0.6838470715767683,-97.629478072453
2021-08-27,47.98,44.237027634940034,0,Low,-0.9312103894743924,-1.5204414954681411,0.9224371715670072,-97.39628999254688
2021-08-28,23.54,44.246998380386685,0,Low,-0.8044519786967231,-1.7688155760409974,1.151977852383891,-97.4942442581219
2021-08-29,25.75,44.80482983130004,0,Low,-0.4708935734251676,-0.824769394882105,1.055805573046912,-98.11784511430204
2021-08-30,40.5,45.68764057667207,0,Low,0.1178027232279302,-0.461501246319756,0.8630857548633556,-97.99427899596188
2021-08-31,59.6,45.19931321175838,0,Low,-0.2695450623804212,-0.4553802410269457,0.9275607634645822,-98.16585458916124
2021-09-01,60.54,45.16947366723298,0,Low,-0.2015331801700406,-0.9823445750633528,0.7521247035920453,-97.5613056219881
2021-09-02,42.43,45.26216492176625,0,Low,-0.1785673800950815,-0.7889480476482682,0.6618666832598428,-97.59471867461268
2021-09-03,40.17,44.99484580624773,0,Low,-0.4392342543197515,-0.3539020610325233,0.7421619200904068,-98.11671213935288
2021-09-04,31.12,45.0250100310419,0,Low,-0.8008830077311668,-0.0174208948549961,0.9472589386124451,-98.26647734584682
2021-09-05,30.67,43.92942302342603,0,Low,-1.250031639301799,-0.0681107364314634,0.7412141096350402,-98.65618105133817
2021-09-06,37.55,44.98056509499854,0,Low,-1.096623908005982,0.1552216301343827,1.17190357675108,-98.4124685447434
2021-09-07,60.8,44.66386461153329,0,Low,-0.9854227114110768,0.5325110613143185,0.8832281720940446,-98.92898425132648
2021-09-08,60.83,44.95952918788797,0,Low,-1.1652983239322516,0.1568088449280621,0.9630983531024392,-98.15761202707267
2021-09-09,60.08,46.5850673479134,0,Low,-0.8465416833121505,0.3232733414373734,1.7473519418043515,-97.80154859287867
2021-09-10,62.4,46.82635958396506,0,Low,-0.7698290504391191,-0.1820357568139534,1.87404763215042,-97.25835558179476
2021-09-11,58.74,46.34499229421588,0,Low,-0.8485268714035421,-0.3563175499856715,1.7546828812150952,-97.3673785064725
2021-09-12,34.58,44.965435729314166,0,Low,-0.9358309926532477,-1.2271925347253678,1.499054797434885,-97.5331278816046
2021-09-13,41.85,45.123007677454616,0,Low,-0.9041713441603476,-1.1536496837931838,1.5065028882176577,-97.48820652367196
2021-09-14,31.06,45.24984693192956,0,Low,-0.8566312195417354,-0.7575839998272098,1.5260872138052952,-97.82455740336924
2021-09-15,38.76,46.33558998405261,0,Low,-0.5820164151951522,-0.5512808703828488,1.7598915647365236,-97.45353663596836
2021-09-16,26.44,45.204379916276565,0,Low,-0.7550093702457908,-0.8881129085770751,1.3944637973766494,-97.70949394313968
2021-09-17,63.53,45.3215027080158,0,Low,-0.8460236562005092,-1.5661903477467654,1.7365538101891271,-97.1653694390885
2021-09-18,38.82,45.70448344730514,0,Low,-0.6953265538700684,-1.871897886998529,1.853029075345731,-96.74385352803448
2021-09-19,29.4,44.93162697378548,0,Low,-1.1936876625278388,-1.875484214908185,1.3709498275612784,-96.53268331720224
2021-09-20,49.66,45.09098413238664,0,Low,-0.8427616309835667,-1.6145219454619235,1.1104752482672886,-96.72473988029763
2021-09-21,49.98,45.24785225020183,0,Low,-0.8980222723497202,-1.423279352833231,1.339462841020064,-96.9328413064977
2021-09-22,46.47,45.89112202407539,0,Low,-0.666669991110324,-1.4862513225636655,1.3862389787306149,-96.50472798184364
2021-09-23,57.15,46.64869890683491,0,Low,-0.1215423573867959,-1.3993371231241003,1.1787937334670515,-96.17174768698368
2021-09-24,54.63,46.7867142543062,0,Low,-0.3364422220999,-1.211269160495663,1.493476218722592,-96.32158292268328
2021-09-25,46.45,45.662939911674215,0,Low,-0.9484926448619754,-1.1599055329074623,1.5275887748092605,-96.91878302622804
2021-09-26,29.75,45.4681256084238,0,Low,-1.0642411728292558,-0.5611726497583566,1.6238588116655617,-97.6928517215166
2021-09-27,47.18,46.398715974276826,0,Low,-1.3533282828372968,-0.4815822119059385,2.23603857562801,-97.16494444747036
2021-09-28,46.16,48.7957133804749,0,Low,-0.9294445348803544,-0.4387906254102903,3.7337804039527502,-96.73236420404966
2021-09-29,31.85,49.48192972283365,0,Low,-0.7944908151585677,-0.3597806145742835,4.02233404200405,-96.5486652303
2021-09-30,40.6,66.08573099142221,0,Low,-0.8401148118565702,-0.7715987048606933,14.525306739224412,-89.99039457194743
2021-10-01,181.47,72.84904007736156,0,Low,0.7777094014584283,0.6043941666792707,16.129583141481593,-87.82517897312029
2021-10-02,202.4,164.74402569125243,0,Low,-1.076929913699532,1.0398622707581646,8.471711523308896,13.14684947002254
2021-10-03,160.05,168.73649926882524,0,Low,-0.74442353413784,0.1460643287580912,5.54296331918964,20.629362814152948
2021-10-04,216.25,172.50353794247482,0,Low,-0.2829969461280405,0.1902164818437685,2.468070238185188,26.96571582771157
2021-10-05,135.97,169.0810257482904,0,Low,-0.896279513395781,-0.3427149539390989,1.9521678316794608,25.20532004308348
2021-10-06,117.63,167.13873809776658,0,Low,-1.0676681562733286,0.0343954883870292,1.951249606877596,23.058228817912934
2021-10-07,216.75,168.62612337068748,0,Low,-0.648414856602554,0.4458765685924699,3.2610825327759105,22.405046785059305
2021-10-08,187.97,173.34760612896883,0,Low,-1.0397131357211649,0.2209687802138395,2.5259845897380626,28.477833553875644
2021-10-09,144.29,171.34675426621595,0,Low,-1.4365030439169628,0.2337509650759398,1.6178035663014398,27.76917043789313
2021-10-10,112.6,169.93287470116582,0,Low,-1.6391624142389989,0.1663687752879772,1.3830591048765415,26.860076894377844
2021-10-11,219.63,171.22804228943508,0,Low,-0.7425335687839678,0.4755573659711722,2.1883366220049374,26.144149529380496
2021-10-12,207.25,173.6072119791097,0,Low,-1.022794720161898,1.2555276102274784,1.8769875616367908,28.33495918654488
2021-10-13,143.08,171.91744175400177,0,Low,-1.3545206969687311,0.776562400360471,1.5355406423547049,27.797327067392885
2021-10-14,186.6,169.942425341217,0,Low,-1.3307810768430546,0.3487993045359757,1.7275161810224666,26.03435859163917
2021-10-15,111.01,169.7554838295515,0,Low,-1.5178858861160198,-0.3339535313473327,1.2692869940204672,27.175503912131965
2021-10-16,184.23,165.98353312843756,0,Low,-0.3450802673573576,0.234786569776797,3.1731659184230985,19.75812856673273
2021-10-17,135.97,168.92278264958804,0,Low,-0.2691213403223041,0.7853199675650159,2.321157887749024,22.92289379373392
2021-10-18,147.79,165.17714499287675,0,Low,-0.1477808096269213,1.0913059457575085,3.341544038090935,17.729543477792927
2021-10-19,146.06,167.9568224054424,0,Low,-0.5573771772948274,0.6728449085463121,2.867540540632629,21.811281792695933
2021-10-20,171.67,165.41120433172216,0,Low,-0.5857689983037551,-0.1291388920367419,3.7647231757178634,19.19885670548233
2021-10-21,121.6,165.78865174695216,0,Low,-0.6921353500785944,-0.114864991602041,2.755314015516258,20.67780573225409
2021-10-22,167.13,163.75800190631907,0,Low,-0.2423495141248887,-0.2607882413700027,4.023845846041994,17.074761474909682
2021-10-23,180.16,168.8965406583333,0,Low,-0.3052628315644971,-1.097237454767814,2.379835163939413,24.75667343986369
2021-10-24,132.63,168.43562518397252,0,Low,-0.4573662268180176,-1.0790550309981664,2.186284153725772,24.623229947200485
2021-10-25,141.21,167.6486901262003,0,Low,-0.4161218424725461,-1.0387614974776458,2.417065218985697,23.52397590630236
2021-10-26,187.19,169.3502165888954,0,Low,-0.3478171398002844,-0.9891639320490434,2.256971462179579,25.267693857702653
2021-10-27,169.82,169.84592005604785,0,Low,-0.4396603736497042,-0.3132370370225469,1.273020526560792,26.163264599296845
2021-10-28,172.17,170.74645292612158,0,Low,-0.0792887933015629,-0.2132609211688218,1.1363288694905278,26.74014143023897
2021-10-29,191.63,170.94192297973743,1,Moderate,0.8153066093151345,-0.5122383595292798,0.7792070314876587,26.69711535760148
2021-10-30,165.45,182.54095717089413,1,Moderate,4.942527908076435,-0.1400686746110113,0.5184366853250757,34.05752891124145
2021-10-31,189.48,202.06262190948027,1,Moderate,14.361140374757492,-0.0879149277137087,0.5692102892419788,44.05765383233212
2021-11-01,258.46,211.40460758223963,1,Moderate,17.660414389525993,-0.1741025376840025,1.1192717615724337,49.63649162796263
2021-11-02,239.13,251.71631050530488,1,Moderate,12.600940238319854,-0.372649068237423,1.06512630643049,95.2603606879294
2021-11-03,366.71,281.2303382726481,1,Moderate,6.098871172876379,-0.252637397302517,1.3344787408696503,130.88709341534215
2021-11-04,203.23,281.8493704337668,1,Moderate,6.143966212488876,-2.308015114059656,1.0974304784848428,133.75345651599028
2021-11-05,317.38,284.0150105378049,1,Moderate,5.916515637150726,0.5725872082075458,-1.1169648920305235,135.4803402436147
2021-11-06,354.95,291.7275867004957,1,Moderate,6.888186802227847,0.862642039723087,1.8734936702565097,138.94073184742575
2021-11-07,390.6,293.0642896298981,1,Moderate,5.402603196860691,-0.2184255000306947,1.5948190544956231,143.12276053770995
2021-11-08,278.16,278.8724703373464,1,Moderate,4.638882485904096,-0.8324750653303518,-2.25291297039829,134.15644354630857
2021-11-09,199.85,273.2608261170766,1,Moderate,4.513471533685252,-1.7572652955911932,-3.5339764056821665,130.87606394380236
2021-11-10,206.73,271.86836517883387,1,Moderate,3.8627761974336856,-1.7861493934125452,-3.0183661882445763,129.6475722221951
2021-11-11,200.12,264.69184053787245,1,Moderate,5.344352801160453,-1.4606649041003306,-3.0762867383095243,120.72190703825942
2021-11-12,251.71,246.4533509085996,1,Moderate,14.017798114687745,0.4597104757762894,-0.045834699841734,88.85914467711488
2021-11-13,213.53,258.0826831983979,1,Moderate,7.876241286071559,-1.7754238690937758,-1.839414231418771,110.65874767197654
2021-11-14,278.06,277.2493218128543,1,Moderate,7.882904162687824,-0.5806343862025932,0.9588171352313926,125.82570256027532
2021-11-15,298.15,291.9261397004548,1,Moderate,5.623607981659069,-0.4714922058763206,1.8593482655067064,141.75214331830293
2021-11-16,284.33,292.1580439526465,1,Moderate,5.854370910863347,-0.3307350742416479,1.921310985898817,141.55056478926352
2021-11-17,325.2,294.39210346396345,2,High,5.910924759956344,0.3734960701104881,1.7364428877916431,143.20870740524254
2021-11-18,368.41,295.62035061306665,2,High,5.922025764530706,1.5727959887787697,1.33939143095674,143.6236050879382
2021-11-19,354.14,294.43491715392213,2,High,5.918405958455965,2.0343646311793164,1.5553943260978822,141.76421989732663
2021-11-20,322.69,293.35377509518423,1,Moderate,5.103682583587816,1.6735888909611236,1.7581343607297333,141.65583691904314
2021-11-21,342.25,291.74667340133544,1,Moderate,5.032837341161653,1.8351687458525772,1.1524757889084438,140.56365918455032
2021-11-22,321.28,292.7938141215679,1,Moderate,4.951276337358994,2.0924097474869496,1.2433487257035152,141.344246970156
2021-11-23,331.56,293.0185008486532,1,Moderate,4.899860407298172,2.165735483719439,0.8052155675166434,141.98515704925654
2021-11-24,376.7,292.5440429328397,1,Moderate,4.872441129579094,1.983653235373796,0.7217127079901424,141.80370351903423
2021-11-25,268.68,284.95988439251704,1,Moderate,4.734418673246085,1.6762809972537254,-2.46280959249726,137.84946197365213
2021-11-26,317.79,284.7794848382023,1,Moderate,5.61939785566246,1.8908141155867884,-1.8271087012540244,135.93384922734478
2021-11-27,243.93,279.61494643859146,0,Low,4.439491455553317,1.5646487922898724,-3.188210953440183,133.6364848033261
2021-11-28,216.88,277.88872136440705,0,Low,4.125935434960255,1.2899920352115248,-4.0001005880693015,133.31036214144234
2021-11-29,298.71,279.5258522352949,0,Low,4.25754275048613,1.215192298912747,-3.681813551125905,134.5723983961597
2021-11-30,275.3,283.16210947442744,0,Low,4.068656489684159,2.02626220754598,-3.3050477377058387,137.20970617404095
2021-12-01,318.5,285.2922190921236,0,Low,4.628556927396635,2.655494690741347,-3.09726766441815,137.94290279754148
2021-12-02,231.58,288.42555030233854,0,Low,4.405102837239391,2.366336180599722,-0.2696033209278967,138.76118226456492
2021-12-03,224.55,285.2008554047607,0,Low,2.318422326109748,2.682867518670998,-0.4335456834810733,137.47057890259865
2021-12-04,195.63,283.0996681158001,0,Low,2.14061667918567,2.283851115695826,-1.0671312097151953,136.5797991897713
2021-12-05,317.5,283.3592027478728,1,Moderate,13.555245535012055,4.570883494580039,1.2839490312001294,120.786592346218
2021-12-06,196.23,282.6471253221127,0,Low,3.75473069000869,-0.1135576377302569,-0.3127648205208449,136.15618474949255
2021-12-07,289.88,279.02419062794365,1,Moderate,5.406698744472703,3.207247537049127,0.1115232190383699,127.136188786521
2021-12-08,261.22,288.4793142891,1,Moderate,3.735491699073175,2.12827857210791,0.1455848769056258,139.30742680015078
2021-12-09,307.46,290.45704412174274,1,Moderate,3.669644311294669,2.53409415427686,1.5988001170437045,139.4919731982651
2021-12-10,380.97,292.6444189325451,1,Moderate,3.1847157469498306,3.175392045047968,1.8345712225770132,141.28720757710798
2021-12-11,262.33,288.12651976373746,1,Moderate,1.9395259710758228,2.241376036514012,1.1627283843141316,139.620357030971
2021-12-12,275.78,287.3428477868494,1,Moderate,1.5150398232153102,2.283315641677238,0.7531285098941661,139.62883147120036
2021-12-13,330.51,287.7766495893147,1,Moderate,1.7393781331390068,1.97651891684488,0.9003079796698594,139.99791221879858
2021-12-14,222.62,288.34804534242164,1,Moderate,0.0906210234783349,1.7626200532552714,2.823750199163141,140.50852172566238
2021-12-15,281.53,281.7646834506538,0,Low,-0.2678629945852904,2.605562820853128,-2.5357328975564504,138.80018418108014
2021-12-16,206.9,282.28328878453834,0,Low,-0.5074354895160345,1.670549825967697,-2.0546214774363385,140.0122635846608
2021-12-17,301.67,291.40451729169445,1,Moderate,-0.3664678966471777,3.1313300323018973,1.5038399734548342,143.97328284172264
2021-12-18,296.46,289.60468243141565,1,Moderate,-1.1946461792790597,2.2984396029024907,1.13679699487961,144.20155967205028
2021-12-19,379.87,292.5126224108536,1,Moderate,-0.1169295882603411,2.174665021457295,1.499682370037547,145.79267226675677
2021-12-20,187.91,281.79266164360195,1,Moderate,-0.3461904783844247,-1.7940497267487854,1.2219205314779775,139.54844897639495
2021-12-21,260.52,282.80340423410763,1,Moderate,-0.4527843697938278,0.0195318310870784,1.2575920759362669,138.81653235601584
2021-12-22,245.48,284.89204223146885,1,Moderate,-0.5637946064958671,0.4815982657185558,0.8976562214218373,140.914050009962
2021-12-23,205.28,289.37595003143,1,Moderate,-0.7417928731272393,1.4217424194454764,0.9532387863521948,144.5802293578973
2021-12-24,357.31,289.4768544581469,1,Moderate,-0.4844882965596507,1.5659022261121636,1.0233895599222833,144.20951862780973
2021-12-25,315.43,289.29837122011185,1,Moderate,-0.0871911758392981,1.4509307385229793,0.8958807064143773,143.87621861015143
2021-12-26,375.34,290.5983744463155,1,Moderate,-0.8048805887727324,2.3850156658469044,1.3869114035788892,144.46879562480012
2021-12-27,315.79,290.00241518747794,1,Moderate,-0.9975680294575338,2.674515378916948,0.9665289105583558,144.19640658659802
2021-12-28,339.0,288.52951764243363,1,Moderate,-1.1071719459021994,2.2883555952087167,0.6808150890984473,143.50498656316654
2021-12-29,205.57,287.65817876313446,1,Moderate,-0.8553740176298097,1.7006299480680356,0.7750516298020591,142.8753388620319
2021-12-30,318.36,287.9412176706547,1,Moderate,-0.7857538072113908,2.052288311754213,1.311337351010704,142.20081347423883
2021-12-31,309.91,288.70429278335075,1,Moderate,-0.3459027418495686,1.5024196663016731,1.3511813046441592,143.03406221339216
2022-01-01,262.12,287.5787963507061,1,Moderate,-0.915084609276068,0.4317050653659698,1.852478980481838,143.04716457327208
2022-01-02,275.29,290.40476471668813,1,Moderate,-0.5054436923505712,1.7232843706536176,1.585419136759156,144.4389725607636
2022-01-03,390.95,292.01829521150063,1,Moderate,-0.4786973947818664,1.9473457964814,1.7586844401568815,145.6284300287818
2022-01-04,301.63,289.7728759460493,1,Moderate,0.0888147495560573,1.9957463466366152,1.932347819189113,142.5934346898053
2022-01-05,239.84,285.52356480814075,1,Moderate,-0.7127016124828481,1.5487755748746033,1.49039411285901,140.03456439202768
2022-01-06,299.74,289.0001594817539,1,Moderate,-1.391277140586613,3.2100007351179363,1.8214811589504256,142.19742238740997
2022-01-07,350.38,289.48584406866746,1,Moderate,-1.5912077730054486,2.081950856995883,1.8556851024158825,143.97688354139882
2022-01-08,271.26,288.57037929536085,1,Moderate,-0.7419576033225561,0.5675492629182717,2.2985914908625475,143.2836638040403
2022-01-09,272.98,285.12478933296666,1,Moderate,-0.6091485682238545,-1.467341731266576,2.2358497548356877,141.80289753675902
2022-01-10,276.96,286.3187304444689,1,Moderate,-0.6178588755154718,-0.4824674562218066,2.20198016903738,142.05454426630646
2022-01-11,357.67,292.715166253828,1,Moderate,-0.4786458890785147,1.2669550928291595,2.65799520467673,146.1063295045382
2022-01-12,211.5,285.31804462447354,1,Moderate,-0.37428960577304,-2.0884892505775863,2.8841966744219274,141.73409446553993
2022-01-13,351.68,290.11306170614927,1,Moderate,-0.2611458551271893,0.313253617610185,4.022576432711165,142.875845170093
2022-01-14,213.43,290.36001085811665,1,Moderate,-0.4779770409965093,0.6079185768395073,3.589116841748162,143.47842013966314
2022-01-15,341.99,289.564982191385,1,Moderate,-0.0548247567871924,2.131684854964588,4.845056891461347,139.480532860884
2022-01-16,381.91,293.7914379698939,1,Moderate,0.0262617180199538,1.355137240832627,4.213689400100754,145.0338172700782
2022-01-17,188.72,288.3527393058315,1,Moderate,-0.2500340885970443,0.8623700912121373,3.7752054153462007,140.80266554700776
2022-01-18,321.04,287.760195846828,1,Moderate,-0.031099467608068,1.6332467411452527,3.665598384639739,139.32991784778872
2022-01-19,285.2,283.63407441123,1,Moderate,-0.972294052686245,-0.354262284208421,3.899796043996014,137.89830236326617
2022-01-20,210.98,285.7429898165273,1,Moderate,-0.4874358756192679,-0.6398746598848415,3.353142265452191,140.35462574571682
2022-01-21,327.57,290.5507379347693,1,Moderate,-0.08325447130922,1.1710443721454815,4.372604701082393,141.9278109919882
2022-01-22,234.16,288.9715448380278,1,Moderate,-0.1368473089082645,-0.2486163384091025,4.461361082345285,141.7331150621376
2022-01-23,358.61,294.7931608684377,1,Moderate,-0.3024071034950709,1.9356302656550897,5.573995097100052,144.4234102683153
2022-01-24,327.76,293.7112508799468,1,Moderate,-0.155610218209709,0.8106941727960719,5.213597601067868,144.68003698343017
2022-01-25,337.91,295.4010890524342,1,Moderate,-0.0993989291963295,1.3994256142488706,5.063689002697484,145.87484102382183
2022-01-26,330.71,294.9701875682951,1,Moderate,-0.2613878739776418,1.6194678813024328,4.755019826915602,145.6945553931925
2022-01-27,297.47,295.1957354243767,1,Moderate,-0.1348275512259986,1.8107391179575267,4.4503699010450015,145.9069216157381
2022-01-28,254.19,291.54943860024565,1,Moderate,-0.342405883165479,-0.0354340704727886,4.266822271779216,144.49792394124242
2022-01-29,283.4,290.48364893312305,1,Moderate,-0.1996030725367539,-0.916067227452098,4.2311572202692656,144.2056296719803
2022-01-30,319.78,294.67648902563167,1,Moderate,-0.2856827810148722,0.8277351357257271,4.623446057088737,146.3484582729698
2022-01-31,360.99,292.07379333299656,1,Moderate,0.0834458330921228,-1.295086033148401,4.762814000297765,145.36008719189286
2022-02-01,220.69,278.797893658058,1,Moderate,-0.5992694344359221,-3.88236132217803,1.9950025859263791,138.12198948788333
2022-02-02,212.84,276.17469898545096,1,Moderate,-0.5168184317758392,-4.679381206723733,1.3008239325691442,136.90754235051904
2022-02-03,144.14,264.82603386948904,1,Moderate,-1.5726754805358474,-9.051731944628449,0.4359496167365191,131.85195933705458
2022-02-04,182.19,177.03728638164068,1,Moderate,-2.373823737580757,-5.587185116285711,0.5546557350413661,41.28110715960344
2022-02-05,113.89,169.26788499908125,0,Low,-2.806288322134698,-6.781177331076009,-0.2026034136460462,35.895421725075614
2022-02-06,112.85,164.99212078497763,1,Moderate,-2.523653691138263,-4.551566597412916,1.3907279460173252,27.51408078664919
2022-02-07,222.53,174.79106267621808,1,Moderate,-1.2110525650320292,-1.5797560354816125,4.150348004321878,30.268990931547386
2022-02-08,198.47,177.49709157365163,1,Moderate,-1.5713282354602134,-1.3315855553460103,3.697730100095144,33.53974292350036
2022-02-09,213.66,177.5678611813168,1,Moderate,-1.5974227124679783,-0.7899674629226662,2.7058953475844176,34.08682366826057
2022-02-10,123.74,176.79315363054965,1,Moderate,-3.0911813250824616,-2.577925998639589,1.7979321662771668,37.50179644713211
2022-02-11,150.11,173.20334277141922,1,Moderate,-1.6481044431203962,-1.6885901603948985,2.4575724276583397,30.919932606413624
2022-02-12,221.19,174.3311611996297,1,Moderate,-1.5999247371579626,-2.3744385442163134,2.424210357460411,32.71878178268111
2022-02-13,203.75,173.6801252944692,1,Moderate,-1.9887081605490395,-3.833687696526634,2.0103015678041984,34.32968724287829
2022-02-14,191.15,176.49907672206297,1,Moderate,-1.797014498633314,-2.6476149597673837,1.8944502945629007,35.886723545038414
2022-02-15,207.15,177.61465045243884,1,Moderate,-2.2962690122169964,-1.85254244451053,1.9789928891951256,36.621936679108885
2022-02-16,181.22,177.54293497774972,1,Moderate,-2.180056492324825,-1.5239618458703346,2.253883194971637,35.83053778011094
2022-02-17,131.43,172.03853094684266,1,Moderate,-2.271921268746661,-1.3798366994856894,1.5731566670818664,30.954599907130746
2022-02-18,146.06,170.13059736342402,1,Moderate,-1.7987186496565242,-0.7083048847337281,2.000392348817332,27.47469620813458
2022-02-19,133.81,170.83774366158664,1,Moderate,-2.2986660721732264,-0.8065472203808197,1.5868507358565995,29.193573877421745
2022-02-20,143.03,164.42814310737975,1,Moderate,-2.224078650741581,-1.205689504894995,3.0674556720188253,21.6279232501352
2022-02-21,202.14,170.22473207349947,1,Moderate,-2.329539731468149,-2.06540109341977,2.254961892479212,29.20217866504577
2022-02-22,145.86,171.78765973178935,1,Moderate,-2.2167511904670065,-2.0719967594088904,0.7985919806045088,32.11528336019833
2022-02-23,195.23,172.75188430043684,1,Moderate,-2.2125165795165374,-2.3724210710036826,1.166983750414906,33.00730585967965
2022-02-24,164.35,169.9448989763436,1,Moderate,-3.0971573713006686,-3.382431096778769,1.202660185507278,32.059294918053304
2022-02-25,179.07,173.187565200197,0,Low,-1.881921999613703,-3.459382388605107,1.3572243969056603,34.009112850647675
2022-02-26,191.21,174.52520968355296,0,Low,-1.5394186709775377,-2.815123536444072,1.3075383278365231,34.409681222275665
2022-02-27,204.5,172.08560666573464,1,Moderate,-2.0498640744581444,-3.711299389245509,1.1314828583154213,33.55275493026048
2022-02-28,197.6,172.19949051262873,1,Moderate,-1.8639215164990168,-3.718264335630296,1.1444475594641146,33.47469646443152
2022-03-01,115.18,170.92558235416908,1,Moderate,-2.062239161701263,-3.950546723994588,0.6560848997719285,33.11975099923061
2022-03-02,110.46,163.80622731120795,1,Moderate,-1.369086112518046,-2.4815913149056668,0.8079895997426577,23.686382798026717
2022-03-03,120.31,140.08719956938904,1,Moderate,-1.0077476288845395,-1.1262594099275944,0.2887372789402028,-1.2300630116013525
2022-03-04,109.88,110.85658584056776,0,Low,-0.471961892665744,-1.129348698681893,1.5640804371604606,-32.268716346107595
2022-03-05,82.56,108.10817099059506,0,Low,-0.5592428525245104,-1.1006083405669655,1.294395603795988,-34.68890576097198
2022-03-06,118.01,107.42547586419823,0,Low,-0.4771415184753125,-1.154812786103523,1.4388266817847744,-35.543928853870256
2022-03-07,103.29,106.49575169360874,0,Low,-0.467151624755807,-1.04429135738636,1.394535228317774,-36.54987289342941
2022-03-08,114.55,102.7972247373962,0,Low,-0.4139326446043551,-0.8063631335739182,1.84308961749862,-40.98810144278663
2022-03-09,106.67,102.69904809826588,0,Low,-0.4106916084923989,-0.4695804243989165,1.913830806869503,-41.49704301657479
2022-03-10,111.28,102.39825345366442,0,Low,-0.4392021588427532,-0.2204685806885259,1.7174493860766389,-41.82205753374342
2022-03-11,119.09,102.63313829580804,0,Low,-0.3850713039493722,-0.7628372444256297,1.76418780159037,-41.14567329826983
2022-03-12,100.21,101.79898442742922,0,Low,-0.4207230607485921,-1.406577684678486,4.061021090114289,-43.597268258120415
2022-03-13,92.73,101.46309791470144,0,Low,-0.4316027837918016,-0.7039043446968144,1.6082941404093298,-42.172221438081735
2022-03-14,77.49,101.50231288691693,0,Low,-0.5449620463697402,-0.7869277240522385,1.4909957830536564,-41.81932546657726
2022-03-15,133.59,102.1350498167132,0,Low,-0.8198918836698849,-0.5473247777245465,1.4762395179750678,-41.13650538072989
2022-03-16,122.17,102.36209371844151,0,Low,-0.6411400330523164,-0.4459478438929691,1.3960407224941564,-41.10939146796984
2022-03-17,126.35,102.02234368551473,0,Low,-0.4479563277508819,-1.2676521244830117,1.316444188674757,-40.74102439178863
2022-03-18,124.23,103.3930318066279,0,Low,-0.4645931947698133,-1.291577821457126,1.1890144779814764,-39.20234399598915
2022-03-19,119.93,102.5936697488953,0,Low,-0.470465317098619,-1.0784448917847402,1.225005527314769,-40.24495791039861
2022-03-20,92.11,101.56864983086346,0,Low,-0.6779368953818591,-0.5657242714395262,0.8805535470617404,-41.23077489023935
2022-03-21,116.4,101.05497149514844,0,Low,-0.465396400497411,-0.4624091752318199,0.7010656229637685,-41.88082089294853
2022-03-22,89.36,100.77583605170769,0,Low,-0.709179996596372,-0.8647109179505225,0.516072703576781,-41.32887807818472
2022-03-23,71.4,100.90731237661042,0,Low,-0.7018226579747453,-1.1709287885976076,0.4773770934580528,-40.859845611137736
2022-03-24,118.57,100.9175061447613,0,Low,-0.5470656282779803,-1.281756671774683,0.3664117384715029,-40.78261563451998
2022-03-25,119.92,100.77754198959693,0,Low,-0.5612782006353702,-1.3963126875483516,0.0666058373142644,-40.49400530039607
2022-03-26,121.99,100.43560063207816,0,Low,-0.6996920292998419,-1.5857796998841232,0.0160671891976114,-40.45752716879791
2022-03-27,106.16,100.47266771812072,0,Low,-0.7500216569488639,-1.865252605115588,-0.0422315789657302,-40.03235878171156
2022-03-28,73.41,99.79661444060037,0,Low,-0.789427645994687,-1.94824063783341,-0.1317504860464951,-40.49649913038751
2022-03-29,75.52,99.6085351591714,0,Low,-0.9046863089078986,-1.940944363296454,0.0764524513260064,-40.784818960812736
2022-03-30,68.36,98.9357999812288,0,Low,-0.8470083845874545,-2.220437143989644,0.0674509402446558,-41.22673777130124
2022-03-31,96.13,98.7420208545248,0,Low,-0.9022553007354112,-1.6685959345014492,0.1143227554126864,-41.96398300651344
2022-04-01,80.87,99.197549960486,0,Low,-0.391689952612328,-1.5402135471923684,-0.1066627324809653,-41.92641614809079
2022-04-02,77.6,99.60554876725908,1,Moderate,0.2475820805823135,-1.593388241353667,-0.094210935210018,-42.11696647762202
2022-04-03,116.74,99.86884735853432,1,Moderate,0.1621690371338049,-1.3040153704622934,-0.5069263073226151,-41.64491234167699
2022-04-04,83.54,99.8718415669944,1,Moderate,0.1550144759561726,-1.166403354541265,-0.4923661878648682,-41.78693570741808
2022-04-05,71.93,100.04437795836613,1,Moderate,0.2390565421354648,-1.257293367691855,-0.4665058153177388,-41.63341174162218
2022-04-06,109.62,99.9669336204564,1,Moderate,0.2009593639940454,-1.2019687047146514,-0.372774565894875,-41.82181481379055
2022-04-07,71.47,99.56601940664922,1,Moderate,0.198636824414972,-1.7842847660658443,-0.1397847040488846,-41.87108028851348
2022-04-08,77.16,99.17883598363449,1,Moderate,0.1930475364652197,-1.9938745319589055,0.1325514696351449,-42.31542083136943
2022-04-09,126.95,99.78279698173507,1,Moderate,0.2107347161076448,-1.708133248072008,0.088432721610183,-41.970769548773184
2022-04-10,89.38,99.41212110124644,1,Moderate,0.2113802463290549,-1.8289668195919448,0.1382098020915641,-42.271034468444654
2022-04-11,113.32,100.34864575117533,1,Moderate,0.2199019818859271,-1.5639065933970389,0.8533201855212349,-42.32320216369728
2022-04-12,66.42,99.87572590118609,1,Moderate,0.2387036194385444,-1.6705732613587845,0.1346151298769308,-41.989551927633066
2022-04-13,127.8,96.76519970693008,1,Moderate,0.3494931667975897,-1.4947266229564842,0.3003827322808641,-45.55248191005436
2022-04-14,100.69,99.29488293835556,1,Moderate,0.2796292849690877,-1.670249217941175,-0.0233698713088569,-42.45365959822596
2022-04-15,69.94,98.27156866185176,0,Low,-0.0268878048728219,-1.9695482764288497,-0.1056312473292966,-42.78889635037976
2022-04-16,76.8,98.77436566009472,0,Low,0.429797563057846,-1.942306449686598,0.1229189833705697,-42.99857677750949
2022-04-17,75.3,99.09175197359832,0,Low,0.648598149135458,-2.0207987235940825,0.0844396806054404,-42.78301947341093
2022-04-18,100.08,99.4698934356934,1,Moderate,1.5554915688085498,-1.6199279159131794,0.2129851669232176,-43.84118772498762
2022-04-19,94.48,99.5420617476584,1,Moderate,2.2759716040141265,-1.4534831177255974,0.0338847736742597,-44.47684385316679
2022-04-20,90.96,99.6369971983628,1,Moderate,2.3205194077027524,-1.4579705909768297,0.1028970970716503,-44.49098105629718
2022-04-21,132.8,99.7564672470386,1,Moderate,2.3192975805801583,-1.6483483430889356,0.1103795175028291,-44.18739384881787
2022-04-22,71.11,99.52128733074906,0,Low,2.3271653705706346,-1.986601741434305,0.1080033588320238,-44.08981199808175
2022-04-23,90.89,99.48762483821586,1,Moderate,2.273710566402791,-1.8219309095157172,0.0800289434907435,-44.206716103024384
2022-04-24,82.2,99.57835930666174,1,Moderate,2.303179372871702,-1.752929151299328,0.0617560274356222,-44.19617928320871
2022-04-25,116.35,99.70255093960844,1,Moderate,2.38035756489739,-1.6884116287506872,0.0610140090535656,-44.21294134645427
2022-04-26,98.94,99.69544331949024,1,Moderate,2.335088425557861,-1.8263688302660297,0.218590618830224,-44.194399235494224
2022-04-27,124.8,99.84514063757544,1,Moderate,2.327712337557598,-1.822093815884153,0.1894828696042625,-44.01249309456468
2022-04-28,84.73,99.73603979789569,1,Moderate,2.346018977847447,-1.920348240350065,0.096756245684115,-43.94891952614825
2022-04-29,81.25,99.76409766168824,1,Moderate,2.3123831865522906,-1.7064310131839644,0.1279237528517609,-44.13231060539426
2022-04-30,127.16,99.91537238858167,1,Moderate,2.3335099463330824,-1.7531657728554473,0.1701440198728701,-43.99764814563123
2022-05-01,93.71,99.86448177485582,1,Moderate,2.3784416454413697,-1.6836329962879673,0.295535795352284,-44.28839501051228
2022-05-02,130.99,99.9842218564118,1,Moderate,2.375656503773843,-1.8366044465877565,0.2710383961502177,-43.98840093778694
2022-05-03,98.35,99.61599663592862,1,Moderate,2.393965971678441,-1.9779958568603488,-0.0451364670559518,-43.91736935269593
2022-05-04,84.13,99.8087521340032,1,Moderate,2.3967313961262917,-1.8658058096700267,-0.1739113368424518,-43.71079445647304
2022-05-05,125.91,99.70283764021066,1,Moderate,2.3901163957187066,-1.9682863935965556,-0.1043711315828107,-43.77715357119112
2022-05-06,71.95,98.96294551613556,1,Moderate,1.9590523929192545,-1.8353217707158365,-0.0854714234108452,-44.237846023519474
2022-05-07,122.37,99.01697585602162,1,Moderate,1.9186354224176183,-1.6435524317466044,-0.1164494864276253,-44.3041899890842
2022-05-08,68.92,98.58250007362572,1,Moderate,1.952884958681688,-1.8245477829314465,-0.0972916500524219,-44.611077792934566
2022-05-09,73.93,98.15231620132144,1,Moderate,1.9907758898859045,-1.4815151800693194,-0.0875897767144384,-45.431887072643136
2022-05-10,72.0,98.22657087770108,1,Moderate,1.93973450908996,-1.9735838802674848,-0.0846203473303287,-44.81749174465352
2022-05-11,108.25,97.89294388578324,1,Moderate,2.0236733465026955,-1.7462993701293386,0.0151504786772252,-45.5621129101298
2022-05-12,114.95,99.03463622630412,1,Moderate,1.9464051521579095,-1.5084599183131215,0.1233266439818987,-44.689167992385
2022-05-13,65.99,98.92769630651918,1,Moderate,1.9765973083729684,-1.784426855553506,-0.1024321631380273,-44.32457432402468
2022-05-14,76.92,94.45747630671596,0,Low,2.160774700735137,-2.0101879053310325,0.0339240792529348,-48.88956690880352
2022-05-15,75.3,98.6729064282573,1,Moderate,1.975153553161596,-1.974311205481485,-0.1618992156744515,-44.32856904461078
2022-05-16,87.74,98.41059222717584,1,Moderate,2.023738398869483,-1.8838141625315776,-0.1938938590227249,-44.6979704910018
2022-05-17,93.83,98.77114424875934,1,Moderate,1.985911339851848,-2.010791945579524,-0.2010571435540116,-44.165450342821416
2022-05-18,85.73,98.86549757015057,1,Moderate,1.997424167549422,-2.2217867424668287,-0.258848569947165,-43.813823625847306
2022-05-19,116.73,99.77830667691651,0,Low,2.375823978571717,-1.853714423513236,-0.2653158341708519,-43.641019384833534
2022-05-20,123.68,99.93602745086726,0,Low,2.427534891609844,-1.6491377800534974,-0.2054282625613016,-43.7994737389902
2022-05-21,104.87,99.76956057942226,1,Moderate,2.4420082987867486,-1.6161604238486216,-0.0981528571203971,-44.120666779257874
2022-05-22,87.12,99.62053497962016,1,Moderate,2.3793716614707097,-1.9489972425775048,-0.1470290091599988,-43.82534277097545
2022-05-23,105.33,99.7643725524605,1,Moderate,2.374894653459578,-2.0313020189489683,-0.226392639248656,-43.51535978366388
2022-05-24,106.52,99.8539316028377,1,Moderate,2.3805597764581363,-2.05313673077742,-0.1927259490029504,-43.4432978347025
2022-05-25,78.55,99.88658848068071,1,Moderate,2.379895382732035,-2.1473256492850146,-0.0908641979737981,-43.41764939565496
2022-05-26,99.14,100.06165995375136,0,Low,2.374131861963753,-1.859614295343916,0.0745281862732917,-43.68991814000423
2022-05-27,71.56,100.00224231232896,0,Low,2.371024840849937,-1.6102470186705813,0.0806596249792698,-44.0017274756921
2022-05-28,85.74,99.93249823831373,1,Moderate,2.370890208643841,-1.4449530915393276,0.1763661709331739,-44.3323373905864
2022-05-29,92.74,100.15539793699818,1,Moderate,2.345765521273249,-1.748673434814079,0.0787344236487478,-43.68296091397219
2022-05-30,124.72,100.38269661368112,1,Moderate,2.3949130656273607,-1.836082909736647,0.3378929639359233,-43.676558847008
2022-05-31,103.92,100.27046656952342,1,Moderate,2.293674858762411,-1.9161610407826937,2.545021474390477,-45.81460106370924
2022-06-01,127.94,100.1168000236119,1,Moderate,2.3617551700250625,-2.03650879117647,0.0417803133994385,-43.41275900949859
2022-06-02,100.78,100.18257589042246,0,Low,2.3829812983802565,-1.8971072266369688,-0.011701381366461,-43.45412914081682
2022-06-03,134.75,100.30373283025268,0,Low,2.413942771812589,-2.07592981411865,-0.0161230869627525,-43.18068938134096
2022-06-04,120.39,100.22637720975462,0,Low,2.1814278093895063,-2.0734106498974465,-0.0413424517901024,-43.002829838809824
2022-06-05,122.69,100.21129673506962,0,Low,2.1754721437096185,-1.9700299340740397,-0.0524174925649852,-43.10426032286345
2022-06-06,86.47,100.56099364156334,0,Low,2.1349885356777123,-2.0044951728108997,-0.1044927767458767,-42.62753928542004
2022-06-07,102.06,99.95993944885424,0,Low,2.1214833207346957,-1.832580781003124,-0.0027366563536076,-43.488758775386174
2022-06-08,125.54,99.9539788392378,0,Low,2.135895581771781,-1.8473562167737805,-0.1383276246192749,-43.35876524200337
2022-06-09,83.05,99.92978193704836,0,Low,1.9449482584110929,-1.9198015414468264,-0.2227614621336624,-43.03513565864471
2022-06-10,116.51,100.06806397659726,0,Low,2.113175614977425,-1.9611084745709364,-0.1953683788337085,-43.05116712583797
2022-06-11,134.31,100.2693153566624,0,Low,1.3061456142635977,-1.9340372889252784,2.202169733991702,-44.467495043530114
2022-06-12,133.09,100.41454218876044,0,Low,1.245083760055374,-1.9529759775579556,-0.171044112471032,-41.86905382212842
2022-06-13,103.26,101.86943325618292,0,Low,1.0467587643863705,-2.025872979819316,-0.3309990298908258,-39.98298583935573
2022-06-14,95.19,100.86264715499853,0,Low,0.5857795357767865,-1.9076791934567023,-0.7710497689673756,-40.20693575921664
2022-06-15,93.29,99.95923976015968,0,Low,0.3600426552556575,-1.875751752723056,-0.1577369632267067,-41.529846520008654
2022-06-16,91.48,99.71076678855822,0,Low,0.1230755745589232,-2.222366116190663,-0.1487636199725878,-41.20371139069989
2022-06-17,110.48,99.9945311816885,0,Low,0.0843392624600065,-1.9426970356082476,-0.1918556812628569,-41.11778770476282
2022-06-18,93.66,100.13454860963338,0,Low,-0.0735423777124136,-1.8066734623366492,-0.1231597460309998,-41.02460814514906
2022-06-19,125.56,100.24220707490764,0,Low,0.0368506170012152,-1.7841709620258566,-0.1213883691627151,-41.051616551767495
2022-06-20,94.18,100.1208496946333,0,Low,-0.0110284462375563,-1.6859100633965411,-0.2686837826964721,-41.076060353898605
2022-06-21,96.18,100.20961351525092,0,Low,0.0293045225761389,-1.8212694965338203,-0.1597038876018237,-41.00124996405207
2022-06-22,99.1,100.2927192628416,0,Low,-0.2095905938977506,-1.529102965183367,-0.1977470551262424,-40.93337246381356
2022-06-23,109.41,100.12418766263757,0,Low,-0.5397879966428664,-1.5544919655456506,-0.2391094699534398,-40.70495524608296
2022-06-24,98.12,100.5218405466658,0,Low,-0.1374024035229226,-1.3326440818445542,-0.1206439680750715,-41.05000134075414
2022-06-25,120.94,100.56929270161513,0,Low,-0.1883246417217812,-1.4671475329759838,-0.0436775907772454,-40.89408987377232
2022-06-26,83.12,100.40684309153748,0,Low,-0.2527914145588386,-1.505715338776336,0.1900477386618561,-41.18723023465167
2022-06-27,107.87,100.48976286876248,0,Low,-0.5357469162189881,-1.3323569287928936,0.0045555878351571,-40.80922121492324
2022-06-28,129.17,99.8114644686836,0,Low,-0.4493308730653781,-1.4408570283397113,-0.0924105586167576,-41.36846941215703
2022-06-29,116.82,100.76400417302256,0,Low,-0.2140416314935272,-1.8052746345333024,0.0312543821291709,-40.410466283942256
2022-06-30,98.93,99.8986928345894,0,Low,-0.1488224589363484,-1.9752243705545605,-0.1677225098684494,-40.97207016691372
2022-07-01,52.54,99.3650731410314,0,Low,-0.5019095628054642,-1.8752958613309765,-0.2187019709670318,-41.20155180472759
2022-07-02,58.8,74.04107134711852,0,Low,-0.6963866747070893,-1.7706356873365046,-0.3205094360530454,-66.33392919564726
2022-07-03,31.26,52.282680934687896,0,Low,-0.7488184752280607,-1.3524947233892672,-0.3509126579760608,-88.42762554958117
2022-07-04,53.55,45.40021989156428,0,Low,-0.8322792111146556,-1.3172227622710913,-1.0524422782698348,-94.56036819764267
2022-07-05,34.83,45.371205793413445,0,Low,-0.8232818328785448,-1.229989631486653,-1.1158457362266734,-94.6222093468572
2022-07-06,62.08,45.88041014150787,0,Low,-0.4992991014267219,-1.1002906090512414,-0.966711559680131,-94.71582092919652
2022-07-07,45.32,46.19209617781648,0,Low,-0.3163365329338792,-1.2698151085634584,-1.1052145298176677,-94.27906999173106
2022-07-08,47.13,45.90489527104953,0,Low,-0.5385797187545754,-1.2340223286075898,-0.9305265028893538,-94.55450851956148
2022-07-09,65.54,45.5189410826033,0,Low,-0.759066851565678,-1.244813901565912,-1.0319360344918806,-94.6077744706358
2022-07-10,60.67,46.90158529056592,0,Low,-0.4547279423303836,-1.4262414340410503,-1.0515113766473625,-93.32846629727776
2022-07-11,44.07,46.27117785213562,0,Low,-0.4723355140685098,-1.2222106584937422,-0.970709008215776,-94.22609930794884
2022-07-12,56.08,45.98106525400193,0,Low,-0.3678397935829016,-0.6933020355080574,-1.1610611320427515,-94.95926412572685
2022-07-13,53.48,45.41622515061792,0,Low,-0.6296873378597473,-0.7051482824316336,-1.0591822293981898,-95.352289340555
2022-07-14,40.03,44.81932693101076,0,Low,-0.9421315333540774,-0.4495942854836089,-0.9780319981558582,-95.9734475928582
2022-07-15,37.2,44.80599450640296,0,Low,-0.9667544800720868,-0.1904440071595785,-0.9078188779228156,-96.29152046930508
2022-07-16,54.32,44.833634973636144,0,Low,-0.9365883073256598,-0.4789133291451269,-0.8313792606640878,-96.0820164700915
2022-07-17,31.23,44.75065643373425,0,Low,-0.8173374177565478,-0.5444619599665931,-0.8546692022065485,-96.19540732719857
2022-07-18,46.01,44.49650174955357,0,Low,-0.8604027839981199,-0.3704650598605351,-0.8279656349021798,-96.60719711254812
2022-07-19,55.3,44.222535077239016,0,Low,-0.9396769259341992,-0.4777144709999089,-0.9375463032308768,-96.5850595634585
2022-07-20,30.81,44.56401722475487,0,Low,-1.1100131779331772,-0.5543819771134342,-0.9729911264283136,-95.96112883463267
2022-07-21,48.02,44.16669619625346,0,Low,-1.017846568182947,-0.5942857501789276,-1.1448831313253245,-96.2388206949218
2022-07-22,54.26,44.36125692651319,0,Low,-1.0066088612529682,-0.5694846533761955,-1.2660143358234528,-95.95916756389671
2022-07-23,24.31,44.32382017557886,0,Low,-0.9130143104117354,-0.1381287604270903,-1.1506904444702792,-96.63687864997456
2022-07-24,50.75,62.68194992642375,0,Low,-0.5309802034263883,-0.2708866238955698,10.119087414051384,-89.79780300116822
2022-07-25,30.74,43.95039344171455,0,Low,-1.0597404341282868,-0.7269502607861158,-0.243986001804273,-97.18146220242927
2022-07-26,50.85,44.09431468851206,0,Low,-0.9680970842021576,-1.8166916197594531,-0.1708033866454636,-96.11262556174336
2022-07-27,37.54,43.82246352157515,0,Low,-1.019796402955879,-1.886297444821272,0.0054478279984363,-96.43942279950863
2022-07-28,37.53,44.02276791471149,0,Low,-0.6902905520500731,-1.6757865467120856,0.2435104043158107,-97.01719773170466
2022-07-29,22.67,43.954782450070205,0,Low,-0.8010479660328625,-1.4807180550916788,0.028697802554334,-96.954681672222
2022-07-30,54.32,45.30831885973169,0,Low,-0.1043455646367961,-1.3237104178486476,0.5947851320935966,-97.02094263073886
2022-07-31,39.8,45.653822668310376,0,Low,0.1689492435969728,-1.3305068667604032,0.5742935359413842,-96.92144558532996
2022-08-01,30.76,44.930106091221504,0,Low,-0.2402057886521073,-0.8972393852781074,-0.0064048761353216,-97.08857619957536
2022-08-02,50.57,44.36129637325673,0,Low,-0.8798972527327537,-0.7243598021124377,0.0232050357500364,-97.22018394851054
2022-08-03,28.9,44.40358394479156,0,Low,-1.0838937170760314,-0.6018382167268388,0.6361117130475855,-97.7093281753156
2022-08-04,56.08,45.33425697415645,0,Low,-0.7923427355593906,-0.379461410924538,0.8755122960758046,-97.5319835162978
2022-08-05,62.09,45.07446808291597,0,Low,-0.8338701499848801,-0.4735281569583337,0.8320163111462314,-97.61268226214948
2022-08-06,61.57,45.1644661775577,0,Low,-0.9138130212543186,-0.6568325695861196,0.9328878698427272,-97.36030844230704
2022-08-07,53.69,44.681523834254165,0,Low,-0.8497870402574133,-0.0442196198411938,0.3812131220871781,-97.96821496859688
2022-08-08,36.91,44.84639113705504,0,Low,-1.0458571558297949,0.239387778780832,0.634277260982242,-98.14394908774068
2022-08-09,63.34,46.86846331392562,0,Low,0.1791867702265464,0.3887267543736832,0.5825859382805922,-97.44456848981768
2022-08-10,22.38,44.209125193045935,0,Low,-1.6413732887637975,0.5041936501748564,0.2677941638086649,-98.08402167303626
2022-08-11,46.49,44.246044616592826,0,Low,-1.6079253475629158,0.0866444645292045,0.4472675997921721,-97.84247444102807
2022-08-12,49.92,44.73295935991729,0,Low,-1.4046192825369546,-0.3018407177354181,0.8301377102970803,-97.55325069096996
2022-08-13,51.43,44.35457790138732,0,Low,-1.2859609695462093,-0.8125308362180077,0.5269439750012908,-97.23640660871224
2022-08-14,59.1,44.46938506260036,0,Low,-1.2601918243526384,-1.1642917899907206,0.5805407848882577,-96.84920444880704
2022-08-15,37.94,44.47142514957376,0,Low,-1.2660768543138137,-1.176227821944304,0.2910989154264835,-96.53990143045704
2022-08-16,61.39,45.39516949310522,0,Low,-1.3240953193768876,-1.5821931936082134,0.7567574720471468,-95.61783180681928
2022-08-17,36.99,45.47490484008408,0,Low,-0.8890931253416262,-1.813632029153996,0.935518117997398,-95.92042046428016
2022-08-18,40.48,45.94202100956539,0,Low,-0.6866751488570271,-2.004486971839283,1.1263375565770102,-95.65568676717776
2022-08-19,56.17,44.5872599087492,0,Low,-0.7462783625124717,-1.862113680372894,0.4567695544746071,-96.42364994370249
2022-08-20,38.59,44.16565530086159,0,Low,-1.147840912611497,-1.5341808632540612,0.3046404881561728,-96.61949575229151
2022-08-21,23.29,44.03899111152264,0,Low,-0.9499957647730904,-1.6077890995969468,0.4188906586335648,-96.98464702360336
2022-08-22,53.18,44.50923267434893,0,Low,-0.5039257238137573,-1.4744293814898854,0.4996213395617106,-97.1745659007716
2022-08-23,37.62,45.062665545230175,0,Low,-0.2697362898342277,-1.4894849320690475,0.4556106004611452,-96.79625617419016
2022-08-24,38.53,59.815189722149455,0,Low,-0.5177722073097079,-1.7201944939560525,9.898032959254673,-91.00740887670194
2022-08-25,41.93,44.23596183037613,0,Low,-0.7941831310618747,-2.04105575993613,0.3455960964095181,-96.43692771589788
2022-08-26,34.72,44.16505757769597,0,Low,-0.9866571640021076,-1.469907462226323,0.2851612059985366,-96.82607134293656
2022-08-27,60.48,44.69394240227364,0,Low,-0.7220259961383906,-1.0566812479025276,0.489954589517016,-97.17983728406494
2022-08-28,26.49,44.66875692041088,0,Low,-0.6493486229895702,-1.4079073722110906,0.3852895843727921,-96.82180900962376
2022-08-29,60.14,47.189411072931016,0,Low,-0.1350398729977313,-1.804150598464623,0.954049524940712,-94.98798032140986
2022-08-30,42.4,46.30867422805642,0,Low,-0.7716006810152825,-1.8271719194894571,1.2809671940155325,-95.53605270631684
2022-08-31,46.92,45.43336310081414,0,Low,-0.9189732077072912,-1.4319570073283936,0.7894959918279573,-96.16773501684062
2022-09-01,37.14,45.869906808367794,0,Low,-0.6085400238870584,-1.0474846752505562,0.8423611195882541,-96.47896195294534
2022-09-02,54.94,46.684888136309056,0,Low,0.1248131843700684,-1.3020555150451194,1.0711804289694171,-96.37158230284778
2022-09-03,31.49,47.17566445232313,0,Low,-0.1808705394123219,-1.4443566021141874,1.171765408833875,-95.53340615584668
2022-09-04,45.48,62.30533190810363,0,Low,0.1156227716147093,-1.3066742967469993,10.235460445198722,-89.90160935282532
2022-09-05,49.29,61.27318012763028,0,Low,-0.6532044194944555,-1.485231415931294,10.42377469751503,-90.17469107532152
2022-09-06,40.18,46.37585231158085,0,Low,-1.0546014492287776,-1.807014581690603,0.8140897367519022,-94.7391537351142
2022-09-07,33.94,46.2367395059696,0,Low,-0.9628843554951456,-1.3783351870950824,0.0548659256226736,-94.63943921792536
2022-09-08,44.04,46.80164861874105,0,Low,-1.1263561182696669,-1.1456296654103748,0.3888290079000341,-94.47772694634143
2022-09-09,36.83,46.585910980737545,0,Low,-1.1811664918999405,-1.1757613354009857,0.3737800387223251,-94.59347357154635
2022-09-10,53.23,46.56446173022824,0,Low,-1.537792713722556,-1.319203995001182,0.1565309840081781,-93.89760488591868
2022-09-11,26.55,46.38921114130286,0,Low,-1.0021455692506192,-1.12299870286943,0.2858125431916092,-94.93398947063122
2022-09-12,26.22,46.14021105967039,0,Low,-0.7229558921234154,-0.7700456382782706,0.1548859361075381,-95.68420568689794
2022-09-13,34.17,45.778854055189534,0,Low,-0.8813400542044276,-0.8722626910859258,-0.1295427366051519,-95.50053280377745
2022-09-14,62.77,45.5778625423406,0,Low,-1.1687491439899502,-1.5143723226521284,-0.1878389618578829,-94.71370937002192
2022-09-15,31.17,44.74247935683001,0,Low,-1.107920743683848,-1.851853760780993,-0.4663746894414672,-94.9939037901262
2022-09-16,53.37,44.619712115173904,0,Low,-0.9176170004972068,-1.968409439445076,-0.8559805612384164,-94.80081322450786
2022-09-17,44.65,44.34006704092872,0,Low,-0.864686078813371,-1.9958230640954768,-0.9021928608946924,-95.05976329613011
2022-09-18,30.26,44.037418248342746,0,Low,-1.0442959723278336,-1.7013344151921788,-0.8801999115358451,-95.49928379346386
2022-09-19,29.34,44.00247882608165,0,Low,-0.9685846580859488,-1.4369854113212226,-0.8864980279353404,-95.8679854174383
2022-09-20,36.38,43.995030167066616,0,Low,-1.0116283108570665,-1.4881536107519702,-1.112619149401718,-95.55510110278507
2022-09-21,28.49,44.44090000199839,0,Low,-0.874342368034014,-1.1465254896475714,-1.140427486085669,-95.5603369950968
2022-09-22,38.79,45.45882803771679,0,Low,-1.0547095211025408,-0.9877092612153712,-1.070959824088508,-94.59032569673924
2022-09-23,28.33,44.82847391849216,0,Low,-1.5451706463035348,-1.0031378321928714,-0.1064207530505737,-95.67932919082328
2022-09-24,58.3,46.4613934124672,0,Low,-1.5228502395461512,-1.0988315394672066,0.116055879750338,-94.19551302913224
2022-09-25,36.43,46.25798187566744,0,Low,-1.4678978629001334,-1.451260241858571,0.1503100032619156,-94.1357023636982
2022-09-26,39.14,46.29208581550713,0,Low,-1.5097361095351276,-1.5248550098122662,0.033069973349251,-93.86892537935718
2022-09-27,30.85,46.66863124069885,0,Low,-1.5112505061069907,-1.5113489115944343,0.5284975971602136,-93.99979927962238
2022-09-28,51.83,47.47585670934532,0,Low,-1.2300698207066432,-1.3030594527943085,1.533718452759599,-94.6872648107758
2022-09-29,62.74,50.32637323311808,0,Low,-1.2563087968959048,-0.8393260730085582,3.369959341066032,-94.11048357890594
2022-09-30,49.96,53.29705395093284,0,Low,-0.8112217008614148,-0.2847782536566834,5.356450673490489,-94.12592910890196
2022-10-01,216.32,77.94457609489208,0,Low,0.3257591558157112,0.3697674227484424,18.942261044997714,-84.85574386953228
2022-10-02,216.93,165.5086640094887,0,Low,-0.6545205240319828,-0.0148308471155563,7.819105569565646,15.196377470208276
2022-10-03,128.81,165.14701728843934,0,Low,-1.4755461644485184,-0.2961568626052135,3.6216480855204822,20.1345398891102
2022-10-04,139.93,165.30311899168225,0,Low,-1.704650623940542,-0.793874787422467,2.497170074338492,22.141941987844447
2022-10-05,208.26,169.87368758940974,0,Low,-0.9850662955224924,-1.4304015884009882,2.7981135749187187,26.328509557552135
2022-10-06,161.39,170.12937207805822,0,Low,-1.0840251666864582,-1.579758413275895,2.552538414433288,27.07808490272483
2022-10-07,175.54,170.43899663210453,0,Low,-0.943321661331874,-0.9274837965386912,2.757082458170042,26.39018729094264
2022-10-08,171.48,170.98073248202851,0,Low,-1.3408980251656983,-1.3549139853140697,1.701582526995333,28.812429624650537
2022-10-09,215.35,172.06088700345464,0,Low,-1.0751878091204383,-0.8811337163372062,2.0006826622901115,28.853993525759744
2022-10-10,108.04,167.69223611620654,0,Low,-1.4342214450813109,-1.745029764095555,1.4440052274990818,26.264949757021817
2022-10-11,219.23,165.2074275552592,0,Low,-0.8348519124681982,-0.9339006781417868,3.2108626167982486,20.602785188208596
2022-10-12,221.18,169.02412710671956,0,Low,-0.972999772206978,-0.7050791319512006,3.0591383783132358,24.4805352917022
2022-10-13,113.94,166.32024478690835,0,Low,-1.3586595661925045,-0.6242646419337116,2.6696062909676725,22.47103036320451
2022-10-14,129.29,165.94485849297078,0,Low,-1.138925571661365,-0.6541457519909162,3.021885164309334,21.55351231145137
2022-10-15,156.99,167.11147000090844,0,Low,-0.8731152553696743,-0.6788749444012854,7.629765497341319,17.87116236247573
2022-10-16,224.12,172.4817903183092,1,Moderate,0.2098350495832983,-0.0476672625020869,8.478973927531673,20.678116262833843
2022-10-17,177.53,172.92615141529038,0,Low,-0.3522114678323589,-0.0581795288448789,3.303681095518788,26.870328975586425
2022-10-18,161.43,173.27136222706795,0,Low,-0.8594480569487027,0.4957032064303611,1.977521857852381,28.495052878871512
2022-10-19,147.98,172.82046189094487,0,Low,-0.9018304535225012,0.5109612735608875,3.84489817360804,26.203900556435997
2022-10-20,199.18,172.9514909882812,0,Low,-0.8928853788199418,0.4982656395102486,2.2210119407256133,27.96256644600284
2022-10-21,202.47,173.11400271826426,0,Low,-0.9772012180649804,0.5098592783938136,1.6390886468985006,28.779723670174523
2022-10-22,179.7,172.7598724191286,0,Low,-0.6952082388779274,0.5922585361391485,1.4059643999373983,28.294325381067683
2022-10-23,111.64,171.26786525786596,0,Low,-0.8630946026973614,0.2970298074671987,1.1844191860996014,27.48697852613417
2022-10-24,143.29,166.4809491768688,0,Low,-0.5702943018420917,1.1291340543141055,1.8227721897765057,20.93680489375793
2022-10-25,192.6,171.36945879995383,0,Low,-0.5405558472077758,1.226513433783826,2.582487496160745,24.938481376354662
2022-10-26,144.35,172.78984013141277,1,Moderate,0.4806979235041977,0.6070011750199092,4.0555556530568095,24.48405303896944
2022-10-27,132.34,177.18476657851025,1,Moderate,3.065351110810328,0.662664944016754,2.0021118026276694,28.292106380193136
2022-10-28,223.13,186.53188027882584,1,Moderate,8.110958804754548,1.881037891614892,2.1723337716574687,31.20501746993651
2022-10-29,205.21,192.06255070417825,1,Moderate,8.806027450595689,1.912859205033604,1.807887786246728,36.37324392143979
2022-10-30,125.0,190.9208984557985,1,Moderate,8.360804704415274,2.564935924953188,1.5013796118382938,35.33124587372932
2022-10-31,149.78,196.48347405811623,1,Moderate,11.827564489948628,2.5133365196424644,1.2914209853965677,37.68861972226623
2022-11-01,244.85,217.9747069795732,1,Moderate,20.55303140565059,2.761617137419864,1.7870484859592628,49.71047760968092
2022-11-02,355.74,261.74882827562664,1,Moderate,21.01404906875051,4.693934315444107,1.3186409065924547,91.55967164397693
2022-11-03,287.67,278.68216799667283,1,Moderate,12.702174542665084,3.204688787796752,-1.0637705104982556,120.6765428358466
2022-11-04,230.06,272.4705845188602,0,Low,9.251853879885612,3.2643215090509377,-3.3267627572721707,120.11863954633333
2022-11-05,306.59,279.6297419464393,1,Moderate,9.938859277273831,3.305181290335654,-0.0273153985316048,123.25048443649877
2022-11-06,218.64,274.2669837686992,1,Moderate,7.585048799840808,3.226960595900396,-0.9834933478241638,121.27593537991952
2022-11-07,199.33,273.7664315600788,1,Moderate,7.330644582591727,2.509016092341521,-1.1190828077427653,121.8833213520256
2022-11-08,371.31,289.2181601642006,1,Moderate,6.25935899531404,3.451318661992321,-0.4030711957783743,136.74802136181
2022-11-09,328.2,290.4951396950977,0,Low,5.7969420969355285,2.8638051879416846,0.4034300797008009,138.2684299896572
2022-11-10,366.71,288.17045305272825,1,Moderate,4.670665637647618,1.88421873406882,-0.1648516731284011,138.61788801327782
2022-11-11,198.79,284.39461737821574,1,Moderate,4.641118410186849,2.02295856317138,-1.4316411720396018,135.99964923603477
2022-11-12,213.82,282.84020170756094,1,Moderate,4.886699848877098,2.077878697584562,-1.4586071180145537,134.1716979382515
2022-11-13,258.63,282.7398515042595,1,Moderate,6.395341280224946,0.8645992677829414,-0.3469250695950755,132.66430368498425
2022-11-14,280.3,281.7304532659344,1,Moderate,7.902345154994961,-0.4554799297923473,2.417935470060541,128.7031202298089
2022-11-15,293.9,286.80976365470536,1,Moderate,4.876605499841788,-1.523219763369879,0.9106794321051024,139.38316614526613
2022-11-16,212.54,289.14135500564555,1,Moderate,5.504321336523755,-0.9206355865991626,0.9163628195323754,140.47877409532606
2022-11-17,306.56,288.72367693523256,1,Moderate,5.889726493808121,-0.8312700932842823,1.511436271347402,138.99125192249883
2022-11-18,351.34,291.0975248268134,1,Moderate,6.047182764998283,-1.445508410366893,1.7434651123057086,141.58985301901393
2022-11-19,339.16,288.8942928857178,2,High,5.788908386464727,-2.287776335968951,1.823881455951496,140.40674703840804
2022-11-20,263.98,288.8652182418848,2,High,5.6379110551092,-1.2263526394721878,1.2579618659219585,140.0331656194635
2022-11-21,281.6,285.24122949063303,1,Moderate,4.863085970490036,-1.973853720478968,1.255620387100337,137.9338445126592
2022-11-22,244.42,282.2518254717137,2,High,4.690976882067166,-4.090007663538783,1.2258917626802526,137.26243214964276
2022-11-23,312.01,290.6564725933913,2,High,4.719725124165733,-0.5916345103832513,1.5140410515108162,141.8518085872357
2022-11-24,266.51,279.9871817444418,1,Moderate,4.759193758433624,-2.522128618618497,-2.4868012137692665,137.07438547753367
2022-11-25,266.24,276.9788041277338,0,Low,4.453818721441568,-3.5854574774907597,-2.032293943111971,134.98020448603282
2022-11-26,288.98,279.637398473553,1,Moderate,4.880716707183523,-1.3983632050863342,-2.0270314722906067,135.0195441028842
2022-11-27,272.0,276.8961899374529,0,Low,4.521155454972589,-1.613265832826472,-0.7601900264555993,131.5859580009002
2022-11-28,223.66,275.4635930472997,0,Low,4.180803740946042,-2.2772145189316086,-2.4587456789221576,132.85621716334512
2022-11-29,208.71,273.6582177167633,0,Low,3.9770100966192,-1.87835874269674,-2.8157529486618977,131.21278697064056
2022-11-30,317.81,277.6629102261428,0,Low,3.9835373479419873,-1.1503829107538102,-2.202498553390289,133.86972200148264
2022-12-01,259.62,274.2279779526732,0,Low,4.037092840873886,-2.193231289291352,-3.3303654925317243,132.55194955276014
2022-12-02,228.87,276.4913158347696,0,Low,4.224432183623852,-0.5407277585799468,-3.503288328188036,133.14836739705143
2022-12-03,289.45,278.6549018887458,0,Low,3.87708906132078,1.1435388411104035,-2.726797518779729,133.19853916423193
2022-12-04,309.45,279.3842348516548,0,Low,3.857257769193483,0.7105671195992682,-2.398676446475531,134.05255406847516
2022-12-05,229.57,277.47134879707374,0,Low,3.845841365174273,0.181153402339609,-2.811144385461694,133.09296607415922
2022-12-06,275.73,279.5827874159983,0,Low,3.7809255940339943,0.5331380382286858,-1.663045895345362,133.76923733821857
2022-12-07,347.44,283.4812301605914,0,Low,3.8145854539456057,1.829712902519656,-1.0953425031823607,135.76974196644602
2022-12-08,196.62,277.62994679074126,0,Low,3.623124147115705,-0.5648076665688501,-2.2657720111887936,133.67486998052087
2022-12-09,229.6,279.4190820020889,0,Low,3.478345625294251,0.458672662441206,-1.6814172675006198,134.00094864099182
2022-12-10,219.51,277.65012710634903,0,Low,2.4646848088187507,0.502457089043213,-3.0182089944999366,134.5386618621246
2022-12-11,233.59,262.70470237060624,1,Moderate,7.704240813395261,0.7079200960785197,0.1987483335586983,110.9312607867113
2022-12-12,361.03,282.1496165037284,1,Moderate,6.025308206692063,1.3767621316478162,1.584846084380971,130.00016774014497
2022-12-13,223.04,281.4630995579266,0,Low,1.6633080751381275,0.8985841202258202,-2.579882681912866,138.31855770361324
2022-12-14,369.12,282.8018794221664,0,Low,0.2945537965774111,1.7741888989759615,-2.4155060752599407,139.98611046101067
2022-12-15,214.0,277.90015244070185,0,Low,-0.0009285529316292,-0.0832460890019081,-3.00611442510497,137.82790916687796
2022-12-16,257.08,278.7123662052324,0,Low,0.1612470004710697,-1.2024925680486174,-1.7830890179635963,138.37416844991134
2022-12-17,243.69,279.5935454676733,0,Low,-0.1140529015720174,-0.6582508707983893,-2.095237684777587,139.29855458395895
2022-12-18,278.85,280.98010583629275,0,Low,-0.0429038673606571,-0.4195908695917321,-2.590618693387052,140.87068692576986
2022-12-19,220.09,276.8100999083084,0,Low,-1.644470929550273,-0.2165017761431018,-3.461535614801772,138.9700758879413
2022-12-20,196.26,272.0042166915111,0,Low,-1.6292929410324066,-1.4681335229129924,-3.934928611896429,135.87403942649058
2022-12-21,221.9,274.4529778175489,0,Low,-1.659253345584112,-1.6224661437851244,-1.112476553270312,135.6846415193262
2022-12-22,389.87,261.960063944545,1,Moderate,1.769059331537686,4.434796491094124,0.8317757111380266,111.76190006991288
2022-12-23,205.95,279.8993827767609,1,Moderate,-1.9670116704393907,0.5558979423907275,0.1263566571650297,138.0216075067822
2022-12-24,239.8,282.8928677329661,1,Moderate,-0.4579486937865417,1.196369287825583,0.3324018046040952,138.65951299346057
2022-12-25,346.84,288.1611190465201,1,Moderate,-0.3733626281076631,2.407974619156868,0.3751626036087408,142.58881211099987
2022-12-26,317.58,289.38975950473593,1,Moderate,-0.8066056043388832,1.5350385291920825,0.9660088150978932,144.5327854239225
2022-12-27,236.9,285.9276998206783,1,Moderate,-0.6397416050277491,0.4600002844165178,0.821762586649551,142.1231462137776
2022-12-28,204.21,287.98353974297106,1,Moderate,-0.4495926583882347,1.5716945582323505,0.8594783774824202,142.8394271247821
2022-12-29,300.03,287.7946622772022,1,Moderate,-0.831753014752798,1.505190541749947,1.3976000970959623,142.56109231224667
2022-12-30,383.61,294.22907869857966,1,Moderate,-0.3898808680785676,1.2340885478271832,3.228361269604246,146.99397740836437
2022-12-31,199.18,287.3074644764133,1,Moderate,-0.6328793923715877,0.5082317842768134,2.2253225839600788,142.04425715968569
2023-01-01,239.46,288.1220067091117,1,Moderate,-0.3420656006821332,1.3838016520037957,2.453293161447594,141.46444515548012
2023-01-02,381.49,291.6336423162453,1,Moderate,-0.4685641756521514,1.5485104539812804,3.3116167927641524,144.0795469042897
2023-01-03,320.85,290.3405287504203,1,Moderate,-0.3629338711253034,2.0951677476336776,1.922526730653177,143.5232358023964
2023-01-04,236.58,287.39456394192285,1,Moderate,-0.6277606499838447,0.6344234020707068,2.2675375325949783,141.95783131637873
2023-01-05,312.09,289.2076835557799,1,Moderate,-0.4596518583571289,1.0604132476557395,2.8876716741247423,142.55671815149412
2023-01-06,212.71,290.1972678244141,1,Moderate,-0.5917624818564223,1.2641827274792463,3.291204422640657,143.07111081528808
2023-01-07,377.39,296.3392476800354,1,Moderate,-0.102400196955512,1.760382218650396,5.751317256765015,145.76741606071312
2023-01-08,316.18,290.98143387669154,1,Moderate,-0.8108327908689864,1.6672289360903725,4.068239850072392,142.8942655405355
2023-01-09,305.62,293.1070346464466,1,Moderate,-0.2904602776455516,1.688040622296173,3.956490780815468,144.5904311801182
2023-01-10,323.93,293.22086649759405,1,Moderate,-0.6106978643184934,1.4178174349700066,4.953630493903042,144.29758409217715
2023-01-11,354.84,296.9086627915027,1,Moderate,-0.2359786409552646,2.0037296981125263,5.023117660688914,146.95526173279424
2023-01-12,246.66,292.6524753700566,1,Moderate,-0.6189746887547991,1.3140499260729803,4.332923158689119,144.461944633187
2023-01-13,294.02,293.45661566704507,1,Moderate,-0.4071743164114528,1.802289216355653,4.4769653216479455,144.4220031045906
2023-01-14,359.52,293.71321907716447,1,Moderate,-0.4611198984611967,1.6514938122535583,4.887242589591149,144.47307023291862
2023-01-15,335.57,294.1768834164422,1,Moderate,-1.0245495726117542,2.11823475656186,4.697201668623679,145.22346422300615
2023-01-16,303.21,294.1718149443957,1,Moderate,-0.4060446636685321,1.7342860744899875,4.379893570416174,145.3011476222959
2023-01-17,311.94,291.8350872266026,1,Moderate,-0.1100208786914324,1.158684313335979,3.6420096480337336,143.98188180306207
2023-01-18,329.09,291.4226776042234,1,Moderate,-0.6099407469576845,0.335625120251838,4.271670835849717,144.26279005421728
2023-01-19,303.74,289.96223210084486,1,Moderate,-0.6277025067428272,0.7686562347378441,3.869187914202362,142.7895581177851
2023-01-20,311.05,291.43586525882733,1,Moderate,-0.2985115314105208,0.7072112397119057,4.74565073273981,143.1189824769239
2023-01-21,284.12,286.77619187714737,1,Moderate,-0.6358241864701256,0.5660787789451243,3.1490096706203285,140.53439527318972
2023-01-22,293.96,285.9771157893783,1,Moderate,-0.5523736208901066,0.760519907222208,2.8248800413457973,139.78155712083787
2023-01-23,371.63,288.33474762809857,1,Moderate,-0.1936260746555372,2.03065569352892,2.722828990041512,140.61235667832133
2023-01-24,218.15,282.28646435200903,1,Moderate,-0.8075598510992678,0.6120665621633834,2.8887293676907477,136.4306959323918
2023-01-25,312.9,286.03145091475545,1,Moderate,-0.2065915795552616,1.1967262520531372,2.844858914514273,139.03392498688106
2023-01-26,303.74,285.16290426835394,1,Moderate,-0.3153522243858285,-0.1914422659360911,2.7051783935343794,139.80198802427913
2023-01-27,296.51,286.3438048915817,1,Moderate,-0.1319276505179202,0.5402127326518221,3.0563649858131963,139.71662248277224
2023-01-28,233.49,286.0653468549762,1,Moderate,-0.5225792446889033,0.486529268843281,2.981670463052951,139.9571940269066
2023-01-29,334.08,286.5103169692585,1,Moderate,-0.3286366544322237,0.0568552932070336,3.0444170512386246,140.57514893838285
2023-01-30,211.28,282.4474656667678,1,Moderate,-0.879302484119483,-0.1275793582317751,2.3548340709065068,137.93698109735035
2023-01-31,339.59,283.35411593355826,1,Moderate,-0.897906114550626,-2.0110361400598764,3.5993317100933537,139.50119413721313
2023-02-01,164.87,273.6222208266954,1,Moderate,-1.402378559997936,-7.714703286222017,3.193045010094048,136.38372532195896
2023-02-02,127.79,222.37270389485465,1,Moderate,-4.341533714733767,-11.69719887551996,0.1730844692358689,95.07581967500995
2023-02-03,175.55,193.7179498027249,1,Moderate,-3.81028309203798,-8.891325116696704,0.9622704149791452,62.29475525561797
2023-02-04,153.81,172.2360640832566,1,Moderate,-3.065050685736283,-5.0433669390050575,1.553659528641909,35.62828983849364
2023-02-05,180.11,174.3282083851095,1,Moderate,-3.00566852279695,-4.48643878351565,2.034205732879276,36.62357761768054
2023-02-06,169.35,176.08518930940892,1,Moderate,-3.385921123826105,-3.593313192044843,2.0410580645046745,37.860833219913
2023-02-07,224.72,181.7642019382695,1,Moderate,-1.812518973062966,-3.0698824468947574,1.9744616615712935,41.50960935579375
2023-02-08,191.15,178.53309696481722,1,Moderate,-1.3445391951341563,-2.260901889329225,1.3227719918353489,37.65323371658288
2023-02-09,192.06,178.02634105523262,1,Moderate,-1.2559125335658172,-2.2335595427211907,1.2465663049516529,37.10671448570557
2023-02-10,180.68,177.271959637677,1,Moderate,-1.986522582901661,-3.0607379948219933,0.8691052579126195,38.287582616625706
2023-02-11,148.21,176.25105406572297,1,Moderate,-1.6914275528092213,-2.6170958559322983,0.9997008179454238,36.39734431565666
2023-02-12,212.69,175.43749887588217,1,Moderate,-1.4992231012243948,-2.6586153693358248,0.6677080424989129,35.765096963081085
2023-02-13,116.09,170.9431387179429,0,Low,-3.152525305267395,-4.009423895947212,-0.4255997958062311,35.36815537410139
2023-02-14,197.82,171.06847821649842,1,Moderate,-2.6941290130125326,-3.699991844846719,0.5765869551696372,33.72347977832559
2023-02-15,232.54,172.44613118373334,1,Moderate,-1.781783096442244,-4.050621391864102,0.5048856486330764,34.61111768254415
2023-02-16,111.42,171.79624773429637,1,Moderate,-2.259804808218904,-4.563719022163651,0.4696352067312098,34.98760401708512
2023-02-17,214.78,173.55278884604238,1,Moderate,-1.5305556688100956,-2.6755392176787027,0.9242475536975012,33.67210383797121
2023-02-18,204.58,179.3624554233976,0,Low,-1.413638605265085,-2.07859451745524,1.2070563657323992,38.48509983952323
2023-02-19,132.59,176.48500707513108,0,Low,-1.538554582947223,-2.32731132712002,0.7848876916836373,36.40345295265235
2023-02-20,209.82,177.65271985564908,0,Low,-1.1690069253276023,-1.4612036125570296,0.8162392232865269,36.30415882938482
2023-02-21,236.66,181.0071039598839,0,Low,-1.4305351382677367,-1.67354014947092,1.0816238539155694,39.86702305284471
2023-02-22,230.27,184.21343282111627,0,Low,-1.3801763173062078,-1.8988518170516928,0.9322247324077492,43.39770388220418
2023-02-23,174.23,196.35286736098888,0,Low,-2.99001618855846,-4.987600653752333,0.4090038946237671,60.75894796781363
2023-02-24,116.93,182.0790621828095,0,Low,-3.621795839692598,-3.0154113479567224,-0.0746330887446166,45.62837011834119
2023-02-25,210.16,177.51505496368642,0,Low,-2.0298848715737496,-2.0899107022729178,0.6958228035100373,37.77649539316069
2023-02-26,205.45,178.62791307905064,0,Low,-2.2465327439042797,-1.2034158999117874,0.7470495327547226,38.16827984924971
2023-02-27,162.72,177.13060514539976,0,Low,-2.3286749745621926,-1.1314047338888664,0.7874853465284346,36.64066716646009
2023-02-28,201.67,179.85626636506927,0,Low,-1.7947551210462749,-0.343204481983186,0.7067818850920605,38.12491174214431
2023-03-01,104.82,171.24876517909655,0,Low,-3.285939027799735,-1.2797864937739845,-0.0715336252060169,32.72349198501394
2023-03-02,70.11,142.01507745634177,0,Low,-1.6303934072817667,-1.7779030523358172,-0.9903753272346134,3.251216902331625
2023-03-03,109.89,124.17147577077644,0,Low,-0.9267150588507344,-0.9150954037446516,-0.2870919429944266,-16.862154164496122
2023-03-04,136.3,109.52288961477085,0,Low,-0.962504187399582,-0.4867608940833218,0.7142824868460391,-32.90466013145478
2023-03-05,92.48,109.46668291929402,0,Low,-0.4965206933162159,-0.884774281439039,0.2420061471332601,-32.55656059394643
2023-03-06,124.25,106.4935754579911,0,Low,-0.5147865875052031,-1.237395022784987,0.4362887598408624,-35.35306403242198
2023-03-07,126.99,107.65705866983949,0,Low,-0.538251880106161,-1.6555374068706066,0.2240083795673623,-33.53569276361357
2023-03-08,80.78,102.10746119147156,0,Low,-0.7889791526669342,-1.3785755859754858,0.3652306522698726,-39.2527470630183
2023-03-09,89.1,100.68533217907355,0,Low,-0.501899167291621,-1.0442159184899231,0.3959281295042689,-41.327013205511605
2023-03-10,110.09,100.60439413774368,0,Low,-0.7860218670919424,-0.8148707019873952,0.924992475459182,-41.882238109498665
2023-03-11,68.26,100.04217370491595,0,Low,-0.8739261640776899,-0.8700215848835804,0.7592688494501679,-42.13567973643541
2023-03-12,99.6,100.3548368705845,0,Low,-0.9581901919628132,-0.9315771535945528,0.9350827753211346,-41.85301090004168
2023-03-13,77.25,100.31730591256556,0,Low,-0.9130250184895023,-0.8001799786458346,0.741335477006858,-41.87335690816845
2023-03-14,75.38,100.8143401755161,0,Low,-0.9119991970574378,-0.6223144529376763,0.8043897587838229,-41.61826827413504
2023-03-15,125.53,102.33593679720096,0,Low,-1.1388930181713517,-0.7994634195925083,4.143629757936932,-43.031868863834525
2023-03-16,131.2,102.37131360799847,0,Low,-0.4888972297752078,-1.0068740628762285,0.698429024284558,-39.99387646449704
2023-03-17,94.86,100.6183655905492,0,Low,-0.3668721303898589,-1.600478083023784,0.4306337859354748,-41.00745032283505
2023-03-18,125.06,100.97753001338238,0,Low,-0.3458453684390555,-1.320733302808038,0.5556195486824235,-41.07404320491538
2023-03-19,96.47,100.5812363931875,0,Low,-0.4866024838648163,-1.5940552345384629,0.6203401840573594,-41.12097841332902
2023-03-20,109.25,100.60050462191002,0,Low,-0.5029460393612293,-1.2677779879698687,0.4915037376937224,-41.28280742931507
2023-03-21,77.62,100.49582767754788,0,Low,-0.5365994875011897,-1.113654586619968,0.3535072077809704,-41.36995779697444
2023-03-22,124.05,100.8968679585555,0,Low,-0.5186644705002549,-0.9844175341707698,0.3370854123174434,-41.099667789953365
2023-03-23,96.0,100.8373982661942,0,Low,-0.4581460400197036,-0.8590833006586696,0.2659946530953393,-41.27389938708523
2023-03-24,106.02,101.06585956219205,0,Low,-0.4900720072699894,-0.7380344943228521,0.392977262685783,-41.26154353976338
2023-03-25,129.35,101.04945996745656,0,Low,-0.4332656567241715,-0.9942220439085558,0.4435791841717391,-41.12916385694491
2023-03-26,67.38,100.54560989086929,0,Low,-0.495691949230435,-1.4150603514289006,0.2524682053529783,-40.958638354686826
2023-03-27,119.31,99.68844784555333,0,Low,-0.5715801387728153,-1.2369718624259605,0.7126938681345488,-42.378226362244895
2023-03-28,128.65,101.25567747251915,0,Low,-0.6855940036876101,-1.1507598626184237,0.7538835344776208,-40.82438453651493
2023-03-29,116.65,101.39977833103823,0,Low,-0.4963700959239887,-1.109650943629447,1.1438133256203875,-41.30054629589115
2023-03-30,136.66,101.95317266945436,0,Low,-0.3234415717715305,-1.339953483517468,1.1673305364334643,-40.71329515255258
2023-03-31,76.84,102.89314679917844,0,Low,-0.3427616685000044,-1.1858931341153345,0.3777445256920281,-39.11847526476065
2023-04-01,104.29,101.2398317795276,0,Low,-0.1900223491522446,-1.320511574237496,0.5625835692795743,-40.974750207224666
2023-04-02,128.98,101.33575173157573,1,Moderate,0.1636825530892269,-0.8595313563799492,0.4784223376360298,-41.60935414363205
2023-04-03,89.28,101.40565847209702,1,Moderate,0.1886191640432902,-1.0086363744941222,0.4799679365820111,-41.41682459489662
2023-04-04,95.57,101.41964940094786,1,Moderate,0.102872151610186,-1.0036283078206878,0.6006324693106789,-41.44275925301479
2023-04-05,113.39,101.08723320212648,1,Moderate,0.1709183176042631,-1.054012377385965,0.6386336875468079,-41.830838766501095
2023-04-06,100.27,100.91776514199864,1,Moderate,0.1776880843565566,-1.0867128760475628,0.7923178680891114,-42.12806027526193
2023-04-07,68.61,100.7759868848389,1,Moderate,0.1524467982340856,-1.3924804679746516,1.010584762191161,-42.15709654847417
2023-04-08,105.8,100.72075107204203,1,Moderate,0.2458005085867546,-1.2025341464574404,1.101639967320824,-42.58668759827052
2023-04-09,133.86,100.74359867762044,1,Moderate,0.2635588913167511,-1.2167449233941414,0.8021552319882106,-42.26790286315285
2023-04-10,88.52,99.98597870557283,1,Moderate,0.2447736979953971,-1.2763926692384289,0.429220141092661,-42.57415480513923
2023-04-11,119.16,100.14518526385156,1,Moderate,0.1976363808563218,-1.2655550326951517,0.4886183519051648,-42.438046777077226
2023-04-12,73.24,100.31874132309817,1,Moderate,0.2448629165629915,-1.3147187615785676,0.5099177973696308,-42.28385297011836
2023-04-13,102.81,100.10092717468372,1,Moderate,0.2526793712348661,-1.6050891329492492,0.3878605554040619,-42.09705595986841
2023-04-14,125.08,100.31821254419164,0,Low,0.2153666248607413,-1.7509941493551098,0.4027114137120443,-41.71140368588852
2023-04-15,109.23,100.22542529108034,1,Moderate,0.3380972744035972,-1.6133635709693794,2.852923410952056,-44.5147641641684
2023-04-16,82.23,100.06111049020662,1,Moderate,0.3836369575206961,-1.2977698530932325,0.0445641724362609,-42.23185312751959
2023-04-17,102.93,100.13798124342472,1,Moderate,0.9047601167551996,-1.2557122348662793,0.0915097856445678,-42.76510876497122
2023-04-18,120.09,100.19295490775532,1,Moderate,2.09147651997808,-1.2677796669097332,0.0570267102622799,-43.85030099643779
2023-04-19,133.3,100.11517652678135,1,Moderate,2.318285698078858,-1.4365489344594011,0.0472693113681216,-43.97636188906868
2023-04-20,116.88,99.9153933504358,1,Moderate,2.302431530059722,-1.624635981110059,-0.0255449555057103,-43.89938958387064
2023-04-21,74.42,100.15234092523342,1,Moderate,2.2648053251053857,-1.5869927142949531,0.0032247354237374,-43.69122876186321
2023-04-22,133.84,99.8169493677614,1,Moderate,2.335307992809008,-1.2207893157552292,0.0014434145944831,-44.46154506474931
2023-04-23,75.68,99.28627920431308,1,Moderate,2.3063117053182696,-1.5228921530090784,-0.0206704956387819,-44.6390021932198
2023-04-24,69.16,99.21954837832575,1,Moderate,2.2918947140430705,-1.3014142578728398,0.0269162680329876,-44.96038068673991
2023-04-25,76.07,98.57719088462692,1,Moderate,2.319372209657736,-1.729149838032339,0.0930612094014581,-45.26862503726235
2023-04-26,93.19,99.10678603941273,1,Moderate,2.3367702145930878,-1.694985400029465,0.1362763644979422,-44.8338074805113
2023-04-27,90.77,99.43915016674336,1,Moderate,2.324692261848204,-1.081285084957175,0.122183140018488,-45.088972491028606
2023-04-28,117.81,99.42284860023956,1,Moderate,2.0953432393623284,-0.9333972564649086,0.0412334522710768,-44.9428631757914
2023-04-29,74.47,99.39728281641044,1,Moderate,2.072220105074398,-0.9067570950755264,0.028289479070092,-44.959002013520966
2023-04-30,93.85,99.26686037191443,1,Moderate,2.0061828474830907,-0.9041840099090764,0.0821080430222886,-45.07977884954432
2023-05-01,74.08,98.98328413054222,1,Moderate,1.8606300934151887,-0.979768386921864,0.1282289632146363,-45.18833888002823
2023-05-02,65.91,98.75957094812988,1,Moderate,1.8894645391006208,-1.3427159517778051,0.1605860099142581,-45.11029598996965
2023-05-03,89.65,94.69979440659424,1,Moderate,2.163978523541307,-1.1408258503690882,0.5459015962322549,-50.03179220367263
2023-05-04,126.24,99.90800047407156,0,Low,2.381234195810649,-0.9404209928046277,0.1653131469408371,-44.86065821673772
2023-05-05,87.39,100.1453545309022,1,Moderate,2.3485300182941646,-0.4459181736474877,0.1066086918220547,-45.02639834642894
2023-05-06,131.86,100.4857304932345,0,Low,2.311288436140616,-0.3873777881621422,0.1167387217996434,-44.71745121740605
2023-05-07,91.56,100.1645567758957,1,Moderate,2.270563175504271,-0.8634364182413956,0.2660856812687192,-44.67118800349833
2023-05-08,100.05,100.5597157895972,0,Low,2.311139073494612,-0.6680504657883402,0.3755768582358385,-44.62148201720732
2023-05-09,69.35,100.29804878758918,1,Moderate,2.3403105001159603,-1.3748589262847906,0.4638068711618081,-44.293741998266256
2023-05-10,120.7,100.36567117920367,0,Low,2.2824275098778823,-1.4810282300045434,0.5302151185154713,-44.12847556004756
2023-05-11,101.81,99.82371867083287,1,Moderate,2.2509230153193607,-1.8797593153250327,0.3367638739594878,-44.04674124398338
2023-05-12,95.71,100.01237218649896,1,Moderate,2.265107198726279,-1.689706544055078,0.1311886202075216,-43.85674942924222
2023-05-13,108.79,100.1234767587919,1,Moderate,2.2950049757056474,-1.4971608454236789,0.8377404004096055,-44.674640112762106
2023-05-14,72.48,99.79116608672769,1,Moderate,2.3487567283948483,-1.5380544449258329,0.1004296848984726,-44.28249822250226
2023-05-15,71.17,99.99633038626716,1,Moderate,2.3243216144434458,-1.4199091695374155,0.0838627026334885,-44.1544771021348
2023-05-16,119.41,99.94692354580944,1,Moderate,2.3963324153361527,-1.531033814714909,0.0354001845705964,-44.11630758024484
2023-05-17,115.4,99.84442391596748,1,Moderate,2.316555992031563,-1.630061481847932,0.0065641607957275,-44.01116709587434
2023-05-18,114.62,100.03565452437482,0,Low,2.3283078878485397,-1.6432282737300308,-0.0527362641066368,-43.75922116649952
2023-05-19,93.33,99.98167601349716,0,Low,2.3368027174192125,-1.807319496872842,-0.1232233725429807,-43.5871161753687
2023-05-20,119.31,99.65957888643943,1,Moderate,2.392298278999117,-2.110954038561897,-0.1760541205487558,-43.60824357431149
2023-05-21,111.97,99.87862192885468,0,Low,2.370676752559786,-1.9914756584919828,-0.0858367723407941,-43.57727473373479
2023-05-22,128.72,99.88633665130764,1,Moderate,2.388086802603067,-2.110972877292158,-0.0605714967428965,-43.49273811812281
2023-05-23,83.63,99.7173551946063,1,Moderate,2.3356310553927697,-2.093791772087275,-0.0408866187116085,-43.646129810850034
2023-05-24,111.61,100.11503321180348,1,Moderate,2.361537751039889,-2.07674896436755,0.0493494528762816,-43.38163736860761
2023-05-25,93.76,99.8056382104153,1,Moderate,2.332012096038469,-1.92108162694656,-0.1229153216097287,-43.64490927792934
2023-05-26,108.45,100.10788695760618,1,Moderate,2.429251013976287,-1.8145936795376991,-0.1214215766535106,-43.54788114104135
2023-05-27,99.02,100.09508702870886,1,Moderate,2.3965631043820887,-1.495877761266115,0.0610568530590733,-44.02918750832864
2023-05-28,125.01,99.97578353904352,1,Moderate,2.3810139357709343,-1.7933670941500202,0.1356023100305334,-43.90999795347037
2023-05-29,85.04,99.83329084103148,1,Moderate,2.4124742721527968,-1.8401059357014864,0.0553073557891107,-43.956917192071394
2023-05-30,87.81,100.29434599052838,0,Low,2.368725269678606,-2.0272918274010943,0.1125767909739591,-43.322196583585566
2023-05-31,115.71,100.04218988507938,1,Moderate,2.357189009425517,-2.0578362516719086,0.1342564431492374,-43.553951656685925
2023-06-01,130.08,100.3944125644517,1,Moderate,2.346491450907933,-2.059617683188207,0.0365317908607839,-43.09152533499128
2023-06-02,72.81,100.42023107821264,0,Low,2.4134765944079977,-1.9518250338540248,0.1325045941155134,-43.33645741731932
2023-06-03,93.67,100.36457370440914,0,Low,2.315207451413474,-1.972923802045716,0.2475294269698177,-43.38777171279093
2023-06-04,78.96,100.22721605408265,0,Low,2.1301212078162868,-1.7259152196262286,0.3489309239980491,-43.68845319896795
2023-06-05,130.55,100.70672586927716,0,Low,2.2040039869694192,-1.5562369699477363,0.3258149923141336,-43.42938848092112
2023-06-06,121.24,100.5594127964332,0,Low,2.2209074596008738,-1.5757527479033415,0.337482833745184,-43.585757089872
2023-06-07,109.41,100.38155341709223,0,Low,2.174794451982672,-1.8158376370384957,0.1494300040149135,-43.28936574272933
2023-06-08,115.73,100.2770083274356,0,Low,2.112511274577076,-1.8568700453692808,4.428740092791983e-05,-43.14120953003559
2023-06-09,80.17,100.0765366181202,0,Low,2.3206861891410657,-2.0064970791053858,-0.1112550304554044,-43.28892980232256
2023-06-10,88.66,99.96510390476412,0,Low,2.281370363827266,-2.2027135434502854,-0.0031431204879418,-43.27294213598739
2023-06-11,130.69,99.97199481979564,0,Low,2.125228772761556,-1.9356745399666508,-0.0437274191403841,-43.33636433472138
2023-06-12,81.66,99.6428486301856,0,Low,1.3294723195463405,-1.981644131293702,-0.1275009138564632,-42.74001098507305
2023-06-13,106.68,100.08024451771358,0,Low,0.6550430320112918,-1.9173709064982865,-0.1244138375993535,-41.69554611106256
2023-06-14,84.1,99.74355150002737,0,Low,0.3867674376884416,-2.110143251431441,-0.136908755891258,-41.55869627120085
2023-06-15,90.34,99.824179520463,0,Low,0.3361466152223561,-2.0794789174520574,-0.1904897059295394,-41.40453081224023
2023-06-16,67.99,99.08216685240114,0,Low,-0.3252043063015939,-2.380769009980064,-0.2746671717019523,-41.0997250004777
2023-06-17,78.56,97.82067318861458,0,Low,-0.6520497126952787,-2.4308442130308534,-0.1635882493886684,-42.09537697713307
2023-06-18,129.04,99.6002804344419,0,Low,-0.3732087432989041,-1.9040884265930924,-0.1622633386903632,-41.122691397838224
2023-06-19,69.16,99.56636858985428,0,Low,-0.3298551578042,-1.957475592452348,-0.2437135988118994,-41.06511940193975
2023-06-20,80.48,99.108386814188,0,Low,-0.2234215428756258,-1.7027635648014108,-0.2677614113231581,-41.86019900767421
2023-06-21,123.47,99.7842381069234,0,Low,-0.2928634310619634,-1.718199508643108,-0.2355717423686049,-41.13165955186541
2023-06-22,131.64,100.1598519993328,0,Low,-0.1893246740019051,-1.781417954600509,-0.3384306826459777,-40.69350703028131
2023-06-23,122.07,100.12821265178256,0,Low,0.0188475974167325,-1.924181938941043,-0.4377875891096944,-40.69119775844592
2023-06-24,96.61,100.65997307253554,0,Low,0.0293075391702639,-2.01005869859912,-0.3406544003886156,-40.18115370850947
2023-06-25,99.85,99.88025985133,0,Low,-0.0572425654599959,-1.9920134557961493,-0.4636901002997901,-40.76932636797655
2023-06-26,79.04,100.1178664898183,0,Low,-0.1569837447703439,-1.7849381883165618,-0.5400030576690281,-40.56274086028828
2023-06-27,114.38,100.17933128726608,0,Low,-0.1767978582422488,-1.305601825504422,-0.4684055771581796,-41.03239579269152
2023-06-28,119.49,100.05429935738611,0,Low,-0.3318921032943502,-1.1069198925887036,-0.818402883886653,-40.85101810370665
2023-06-29,97.37,99.42296735900044,0,Low,-0.3455697733120089,-1.3264912267323246,-1.0922104971306474,-40.97529348468705
2023-06-30,93.92,98.99497255801414,0,Low,-0.2987132599453921,-1.2923290734600164,-1.4106643977159885,-41.16585305172688
2023-07-01,46.86,99.0733432459418,0,Low,-0.2736493810744682,-0.9524314614373228,-1.4117139584588798,-41.45139429394995
2023-07-02,42.9,72.70535212696224,0,Low,-0.2986658174302982,-1.0193396105764163,-1.5460279578841578,-67.59314682800931
2023-07-03,29.12,49.73841731269104,0,Low,-0.5974790628405262,-1.1076771047230136,-1.2852224007721669,-90.43373645983576
2023-07-04,28.39,44.75769322694691,0,Low,-0.608724448593354,-1.3781228615757066,-1.2418609749393774,-95.17613082880708
2023-07-05,22.37,45.08855383186708,0,Low,-0.4576267101303007,-1.2580337303707063,-1.0956460683544087,-95.26267200013996
2023-07-06,51.22,44.421601094156365,0,Low,-0.5924639552372012,-1.4231786159663156,-1.1495057431367524,-95.57578293236584
2023-07-07,48.24,43.99621846663964,0,Low,-1.2139232593278115,-1.3186644056956325,-1.073028970870766,-95.5606972383286
2023-07-08,41.59,44.7978166690252,0,Low,-0.5154430319592681,-1.0845671046633494,-0.9816656923524334,-95.78303984286222
2023-07-09,58.8,44.081929539726886,0,Low,-0.9614960268280937,-1.3380356843778465,-0.3935672756679762,-96.3875038142617
2023-07-10,41.95,44.8091216072435,0,Low,-0.565815085043791,-1.5767391527281422,-0.4042024018638855,-95.8066540939832
2023-07-11,32.07,43.76485439250186,0,Low,-1.5005365036936875,-1.3209654810802909,0.58292677338474,-97.1591027369714
2023-07-12,28.71,43.61230153623127,0,Low,-1.5236617613367025,-1.117580756054675,0.7298264140959215,-97.63881470133576
2023-07-13,42.14,43.74441736212396,0,Low,-1.0828977122125794,-1.0530570160843873,0.5941016547919016,-97.87626190523343
2023-07-14,27.03,43.78088884771332,0,Low,-0.9969771717670312,-1.0463647212924407,0.8734145984485987,-98.2117161985382
2023-07-15,42.21,44.21578021435163,0,Low,-1.1258500615201563,-1.1831860816877866,0.8967179349744792,-97.53443391827736
2023-07-16,31.48,44.01682161318527,0,Low,-1.1349570498993689,-1.1318897386394289,0.9790125256255952,-97.85787646476396
2023-07-17,55.16,60.756399907852746,0,Low,-1.0066086531275735,-1.0691229459503069,10.896940784815332,-91.22734161874716
2023-07-18,33.31,43.68004802257221,0,Low,-1.2795043616864887,-0.4447404223866457,0.5548031232040657,-98.31304265742116
2023-07-19,31.51,43.91625540707442,0,Low,-1.094548271568447,-0.4054733955610724,0.3666936928531507,-98.11294895951166
2023-07-20,42.4,43.96117406339011,0,Low,-0.952811647197076,-0.4096407065336962,0.334265251018027,-98.17317117475956
2023-07-21,60.56,44.08781671192669,0,Low,-1.0907977439726395,-0.4311270454986254,0.375772971217026,-97.92856381068157
2023-07-22,35.38,43.88435186972178,0,Low,-1.1912727477084706,-0.6495203594116594,0.8386003701825562,-98.2759877342031
2023-07-23,28.23,44.122126042259445,0,Low,-1.433003248475837,-0.4480462351866256,0.7054222278277075,-97.86477904276832
2023-07-24,41.48,44.42067069093215,0,Low,-1.041920142736915,-0.7732332992106608,0.8297601685350384,-97.75646837651776
2023-07-25,62.24,44.09141413244154,0,Low,-1.0409139978768045,-1.0091738255778504,0.5286027699052969,-97.54963315487154
2023-07-26,59.42,44.02889290644218,0,Low,-0.9349372476764968,-0.9209951753801088,0.4564718359766997,-97.7341788473404
2023-07-27,54.48,44.41805226059727,0,Low,-1.0745792207520906,-0.8680392673883358,0.5384878182695618,-97.34034941039432
2023-07-28,22.94,43.95399106628456,0,Low,-1.065236541580791,-0.4126054225009287,0.29185240060059,-98.02255171109674
2023-07-29,24.18,43.763759909378365,0,Low,-1.1302692293564094,-0.409129234709304,0.3244641054135949,-98.18383807283196
2023-07-30,55.29,44.253508617850514,0,Low,-0.90454595561336,-0.1560177279585199,0.3698303055650775,-98.21829034500512
2023-07-31,60.06,44.2802028195857,0,Low,-0.98533985934876,-0.1208309355429617,0.4713127131241528,-98.24747143950918
2023-08-01,39.67,44.244647281752535,0,Low,-0.9679992949018296,-0.1708570135581133,0.769632173576508,-98.54866092422652
2023-08-02,37.24,44.97883349927357,0,Low,-0.5481480215516397,-0.3450890769866593,0.7805139181338081,-98.07097566118442
2023-08-03,30.02,45.191952087327394,0,Low,-0.4260531372242309,-0.630995563358297,0.6799243122985519,-97.59345586525106
2023-08-04,53.14,45.54524631689005,0,Low,-0.2572356062331795,-0.916232948379798,0.6546090240310279,-97.09842649339046
2023-08-05,53.06,44.53000560363203,0,Low,-0.8092011455959061,-0.4145486065813625,0.599047945457953,-98.00782493051108
2023-08-06,54.5,44.33012803228939,0,Low,-0.8961298298511734,-0.2898323171653546,0.4250206928273783,-98.07146285438388
2023-08-07,60.47,44.65639529725743,0,Low,-0.9233037213843366,-0.0281992278921836,0.4640854668901779,-98.01871956121867
2023-08-08,47.48,44.24158513570282,0,Low,-1.2277313730344264,-0.5782808917001122,0.4448640508209188,-97.55979899124604
2023-08-09,31.38,44.609572970012,0,Low,-1.320634814453224,-1.7892870449177014,0.6162981412127698,-96.05933565269235
2023-08-10,36.83,44.047971018356186,0,Low,-1.3407411961960185,-1.7985788748584053,0.6790547316788724,-96.65429598313077
2023-08-11,31.86,44.06720487323582,0,Low,-1.0486320767282489,-1.74013983289313,0.6519583002486087,-96.95851385825388
2023-08-12,58.69,44.71661834041888,0,Low,-0.8642093286724893,-1.4234144810803786,0.6077652437273722,-96.76605543441812
2023-08-13,43.49,45.1277226406791,0,Low,-0.9682537814676072,-1.511060764944854,0.6486010807066688,-96.2040962344776
2023-08-14,31.8,44.6719517829377,0,Low,-1.1617852529853658,-1.584202221404341,0.5477114672396174,-96.29230455077472
2023-08-15,49.06,45.13823307673656,0,Low,-1.1438589582117962,-1.5745597221181935,1.0402819100700849,-96.34616249386605
2023-08-16,29.53,44.72973350191874,0,Low,-1.1011182608328869,-1.151832057404044,0.8027576030089967,-96.9826061237158
2023-08-17,65.94,44.36900277374468,0,Low,-1.312491037203947,-1.1821053686416136,0.4718471255878034,-96.77078028686005
2023-08-18,27.67,47.95528155107423,0,Low,-1.6608636802178165,-1.2288108843619416,1.0633962509037818,-93.38097247611226
2023-08-19,37.6,45.29269017994464,0,Low,-0.8585414519476549,-1.422359784194516,1.1018844999445776,-96.69082542472024
2023-08-20,29.97,45.180327197501065,0,Low,-0.780203871770428,-1.4347571275955118,0.7365617131294926,-96.503805857125
2023-08-21,35.15,44.93682120715815,0,Low,-0.9900447969568013,-1.5369739430968807,1.034741381955461,-96.73343377560612
2023-08-22,53.04,44.39702156252552,0,Low,-1.0013955872226592,-1.4644409147702009,0.7794429656859918,-97.07911724203012
2023-08-23,33.81,44.14264422720096,0,Low,-1.0443011556895885,-1.4633108670154868,0.5385109080843896,-97.05078699904084
2023-08-24,32.07,44.02954064660585,0,Low,-1.0814378324618323,-1.4938873036686195,0.3857504493670721,-96.94341700749324
2023-08-25,59.7,44.46065515665127,0,Low,-1.0911683110857278,-1.5852700126313253,0.4097242074555312,-96.43516306794967
2023-08-26,32.28,44.33498939541365,0,Low,-1.3673077278320531,-1.65805649836443,0.3012415407810082,-96.10342026003342
2023-08-27,58.62,45.6955787942836,0,Low,-1.0371005459944642,-1.3661275405684532,0.0003694773813685,-95.06409493739731
2023-08-28,43.87,45.81946432572148,0,Low,-0.9599091830326762,-1.452257207350034,0.7117621325241661,-95.64266375728243
2023-08-29,43.96,45.84261009584753,0,Low,-0.9425544021272868,-1.6312605666635325,0.7772275020106675,-95.52333477823484
2023-08-30,47.72,46.23869835090406,0,Low,-0.8534076446282065,-1.657359954308991,0.5092859957643797,-94.9223523867856
2023-08-31,29.23,46.26591797827099,0,Low,-1.0351940228378518,-1.623272875135926,0.4989659795883147,-94.73711344420606
2023-09-01,32.59,45.92553704280986,0,Low,-0.8621985467170813,-1.3160783548516668,0.2976830053954569,-95.35640140187928
2023-09-02,61.23,47.156649187352606,0,Low,-0.6861370023892323,-1.2815792052679238,0.6886032451679712,-94.72677019102066
2023-09-03,53.8,47.116727452300125,0,Low,-0.6708172932021381,-1.4596590574970154,0.6826544762628678,-94.59798301412606
2023-09-04,30.32,47.7156795282918,0,Low,-0.3686325837955623,-1.677934121306338,0.6375700967863833,-94.03785620425516
2023-09-05,61.49,48.03005873354856,0,Low,-0.1382610860082389,-1.7033040769012988,0.5780844021781433,-93.86899284658249
2023-09-06,32.33,47.08027465239381,0,Low,-0.3066010221099625,-1.5210914026992974,-0.0098223001208967,-94.24474296353849
2023-09-07,62.21,48.09981742118294,0,Low,-0.3163639376945844,-1.2921580637584162,0.0345312532664941,-93.48872417149306
2023-09-08,34.47,47.91508384640567,0,Low,-0.2586676844047135,-1.1988117627414774,-0.0259266892796134,-93.76404235803096
2023-09-09,47.93,47.94256263987317,0,Low,-0.384911824518504,-1.2519021037644316,0.3444573575979506,-93.92761313030432
2023-09-10,57.36,46.85012501317458,0,Low,-0.4012212909570228,-1.6249600551357548,0.0690210115388697,-94.35524699313402
2023-09-11,50.46,44.882110136013765,0,Low,-0.6373952893208358,-2.0981979608827266,-0.3416993926010397,-95.20312956204413
2023-09-12,31.92,44.574318549418,0,Low,-0.7446394721257205,-1.7910972160691738,-0.3610678858863139,-95.69140921736332
2023-09-13,41.95,44.08037079052516,0,Low,-0.8205434953177587,-1.5394589425470715,-0.5949548499268809,-96.12720426254565
2023-09-14,59.91,44.20885294470322,0,Low,-0.8028605653313025,-1.2100513444318448,-0.3980397554189672,-96.5427277309772
2023-09-15,55.44,44.717949772890925,0,Low,-0.7691266802091737,-1.4153798944750813,-0.6455511476924138,-95.61452484559489
2023-09-16,55.27,45.38433347930816,0,Low,-0.8170139725091102,-1.61340914124726,-0.5379080431721823,-94.80986770462574
2023-09-17,39.34,44.68643333941623,0,Low,-0.7585336803010505,-1.5675807843409035,-0.5453687755691883,-95.60461576123512
2023-09-18,48.46,44.55439704993688,0,Low,-0.8393582814753077,-1.7840998901722198,-0.6285048755199849,-95.35617224375808
2023-09-19,48.52,44.72302289372312,0,Low,-0.8914236274365966,-1.9816794632506336,-0.7351629698424831,-94.83124338660966
2023-09-20,21.99,44.41259837752866,0,Low,-0.8298623735514375,-1.9366649700020824,-0.6670478643674778,-95.31635875541284
2023-09-21,40.18,44.35167147827389,0,Low,-0.8101255504737928,-1.2506027897938234,-0.3229758772527418,-96.42715664506824
2023-09-22,60.45,45.05564589582612,0,Low,-0.548583324946065,-1.442974368973664,-0.2529185117743531,-95.8624102393423
2023-09-23,24.44,44.28314811545525,0,Low,-1.0648058499233737,-1.7175065109115744,-0.4029133421120535,-95.69415852246024
2023-09-24,33.16,45.78445820107712,0,Low,-0.3231347376243731,-1.130805346167414,0.0226571769165674,-95.94679123291014
2023-09-25,28.58,46.33262606611664,0,Low,0.1952478835982415,-1.0596060664438025,0.6757522522717065,-96.64130034417192
2023-09-26,22.81,45.186368203396405,0,Low,-0.3607644149866355,-0.5670455411008108,0.3999789614802382,-97.4483331428588
2023-09-27,48.12,44.81614652704986,0,Low,-0.677555251495785,-0.3556326848007246,0.326257848318881,-97.63945572583492
2023-09-28,53.37,45.32588967947099,0,Low,-0.512497515178529,-0.5979057482428235,0.760831210825471,-97.48707060879558
2023-09-29,37.29,45.50220033204153,0,Low,-0.5933117500400673,-0.4656548705487457,0.7300317903423263,-97.33139717857443
2023-09-30,49.6,51.931551395081854,0,Low,2.0206649186663435,-0.2655058693401255,2.2565044185750573,-95.24264441368184
2023-10-01,174.18,59.65891846142693,0,Low,3.0920330436044914,0.633658689123715,4.805095057826929,-92.03440066999067
2023-10-02,154.64,161.04197407401338,0,Low,-0.5448069907596919,-0.354923651959701,6.649972699231068,12.129199676639342
2023-10-03,199.2,164.74548865520669,0,Low,-0.4416492176872724,-0.8597783129684625,5.970973887882481,16.913409957117604
2023-10-04,126.65,164.92263815958108,0,Low,-1.4721381110471083,-2.341590277712842,2.4504882932949985,23.123345914183677
2023-10-05,222.5,169.12751867838168,0,Low,-0.7271742272234976,-2.34785750409156,3.3926548176219824,25.647363251212248
2023-10-06,158.65,166.56929418394705,0,Low,-1.1663296611985696,-2.640344346635012,4.813398504356737,22.40003734656152
2023-10-07,174.47,168.35809244142084,0,Low,-1.265772714921365,-1.8751719329428755,2.7289351484625315,25.6075695999601
2023-10-08,140.21,170.07613847666158,0,Low,-1.4551851027385685,-1.851334401636856,1.0122542441839857,29.207871395990644
2023-10-09,167.07,167.7293648413737,0,Low,-1.6696680558313342,-2.004579789471478,0.7036872344941754,27.537393111319894
2023-10-10,124.27,166.51603648877207,0,Low,-2.063103198563151,-2.8442886728366807,0.4116736011893702,27.84922241812018
2023-10-11,131.91,162.29595317587354,0,Low,-1.7404974690772663,-2.1155376647578508,0.1747610286298312,22.814694940216484
2023-10-12,117.22,160.77026995677727,0,Low,-1.5034234744188304,-2.010953323825569,0.2735321150311631,20.84858229912813
2023-10-13,138.11,129.3775775762887,0,Low,-1.3618646255813491,-1.248964581043529,0.8436978488166611,-12.01782340676556
2023-10-14,197.03,153.3898146967518,0,Low,-1.2703842329025097,-1.0269516127466043,1.0018654909672136,11.522752710571371
2023-10-15,209.04,175.80624028429511,0,Low,-1.977201254059702,-1.3517410809841308,0.7747645251944961,35.1978857532821
2023-10-16,123.9,175.04877763772808,0,Low,-1.1782750871738974,-2.099388238610423,0.5853792535155335,34.578529369134365
2023-10-17,230.08,175.83348324786533,0,Low,-0.90416178501239,-2.3216100276075524,1.7697338697734952,34.126988849849305
2023-10-18,179.33,176.72667855835482,0,Low,-1.276950009230439,-2.7376537407384607,1.1302955036574474,36.4484544638038
2023-10-19,172.88,176.5204150662348,0,Low,-1.2380781290882523,-1.1685784574043006,1.159441864909523,34.60509744695537
2023-10-20,180.4,177.35438156458534,0,Low,-1.2855155222014296,-1.0962517732373132,1.055831953129735,35.51778456603197
2023-10-21,210.06,178.45795591764366,0,Low,-1.1732014030197726,-0.8045861414427813,1.4549713746673418,35.81823974657651
2023-10-22,182.07,181.0719964983749,0,Low,-0.7586321564078229,-0.3441097234088955,1.454752917210716,37.55745312011857
2023-10-23,121.64,178.28749503793998,0,Low,-0.6192917778361214,-0.6013799160779291,1.1348773255237736,35.210757065467874
2023-10-24,153.94,175.76466029599646,0,Low,-0.7088048384269774,-0.0818286242758028,0.5359246000531195,32.85683681778375
2023-10-25,216.04,178.46521586667933,0,Low,-0.7383542913403788,0.4867704615520927,3.1378776524081724,32.41638970319701
2023-10-26,172.16,177.49049024621797,0,Low,-0.6316788245403749,-0.0936646096515881,1.4561629952450923,33.5971383443025
2023-10-27,188.76,180.8504215671299,0,Low,-0.3027902802310018,-0.2163982155665659,1.2532697683549527,36.953807953709976
2023-10-28,177.12,181.87347310351225,0,Low,-0.185867106781858,-0.3434838969461505,1.0141131409273505,38.22617862545052
2023-10-29,214.59,184.4893930327732,1,Moderate,1.1253593074334054,-0.0223982052459003,1.2130925485118662,39.0108070412114
2023-10-30,210.88,184.995722549379,1,Moderate,0.7399084209881572,-0.0038172880898434,1.6271915302660904,39.46990754535219
2023-10-31,203.24,200.39865364354392,1,Moderate,6.042443035532481,0.4342279946166317,1.7960535626076424,48.96339670992484
2023-11-01,302.24,241.22731263491045,1,Moderate,15.949066542593604,2.5424050855935314,4.121844084272748,75.45146458158798
2023-11-02,393.07,289.8560144871906,1,Moderate,8.867390559469511,1.0742370968635793,3.997806678402711,132.75404781159207
2023-11-03,196.21,277.4664271985984,1,Moderate,6.255039960232066,0.3958373445285922,-1.2827810893908036,128.9357986423661
2023-11-04,298.38,288.5893919178536,1,Moderate,7.325658269660396,2.686155633725011,1.6596720896182249,133.75537358398756
2023-11-05,373.56,292.86071666201553,1,Moderate,6.022030547727244,1.8112699329403736,2.0901221855098475,139.77476165497572
2023-11-06,366.24,293.40364968546544,1,Moderate,6.2913448758177255,1.4867368833573904,1.7101855389225675,140.7528500465053
2023-11-07,347.66,291.93996095611635,1,Moderate,5.684956227836679,1.7876543065067134,1.9517054623644323,139.35311261854608
2023-11-08,254.75,289.84321324949656,1,Moderate,5.252486162397847,1.3830255334311885,1.0943799384391155,138.95078927436592
2023-11-09,200.48,287.8076362808374,1,Moderate,4.999466949530562,1.425353451112899,0.6216946467005936,137.59858889263091
2023-11-10,227.36,283.31890276100864,1,Moderate,4.863313489975547,1.358098194907802,-3.071712121566597,137.0066708568295
2023-11-11,359.41,295.55704247806773,1,Moderate,5.3256892500880335,3.072121199304138,1.1193495812887957,142.87735010652432
2023-11-12,333.74,296.17383603149915,1,Moderate,5.583810338206426,2.6995621248340256,1.4756795731715204,143.25225165442478
2023-11-13,332.92,296.04903352706845,1,Moderate,4.981546525394486,1.95028835965704,2.3504203777598742,143.60424592339456
2023-11-14,341.35,296.7656346010801,1,Moderate,5.00055173864454,2.4662580173217,1.6888811309728573,144.4474113732787
2023-11-15,318.23,295.39034659342303,1,Moderate,4.983290463092787,1.9370879490314905,3.3730843814465663,141.93435145898974
2023-11-16,334.27,295.9209015153533,1,Moderate,4.985337684233044,2.030389144145403,1.9889728669271345,143.75366947918542
2023-11-17,288.06,294.05808998325955,1,Moderate,5.113701036276999,1.6907700374258607,1.4414389410213566,142.64964762767295
2023-11-18,373.14,293.8692536726519,1,Moderate,5.380641702546677,1.6367568825203558,1.6894240901842743,141.9998986565382
2023-11-19,304.92,291.17692655052844,1,Moderate,5.099206348356614,1.4313809868798932,1.6037539147878836,139.88005295964177
2023-11-20,239.05,290.6355953056871,1,Moderate,5.2695795787843975,1.547574627339342,1.216116290955592,139.4397924677454
2023-11-21,258.06,291.60414406762527,1,Moderate,5.671360720258279,1.477045506708354,1.1601688452023429,140.13303665459395
2023-11-22,354.5,296.5385963675763,1,Moderate,6.001170750222139,2.82412064236283,1.4174321677687158,143.13334046636032
2023-11-23,334.19,295.6404732960065,1,Moderate,6.086537359898994,2.387541400726777,1.4199351907084068,142.58392700381
2023-11-24,257.59,290.54379306984885,2,High,5.657376276143687,1.9593369934441136,0.9256805838097292,138.83886687558882
2023-11-25,291.02,290.8077474375513,2,High,5.663512379877159,2.179117542079445,1.0389053096125949,138.76367986511963
2023-11-26,342.92,292.2682854003642,1,Moderate,6.265304552093622,1.7865368955543717,1.362802718777934,139.69110889307578
2023-11-27,257.42,290.35164982741856,0,Low,5.347726198282976,2.4003619742155005,1.3144590014891098,138.1265703125686
2023-11-28,223.39,282.62728096387,0,Low,4.526585632808441,2.296813078762711,-2.969856367037772,135.61120627847447
2023-11-29,231.85,287.8461994308465,0,Low,4.532812761746158,1.5317870054914515,0.5784995773937083,138.04056774535283
2023-11-30,389.59,295.9569006237111,1,Moderate,4.641640353055419,3.2216956956581977,1.1489152977750066,143.78211693636024
2023-12-01,391.44,291.5444131741835,1,Moderate,4.68349178521612,2.933187638517268,1.3697393074926292,139.39546210209534
2023-12-02,292.2,286.97239116990283,1,Moderate,4.4376294327627255,2.463697585531348,1.0600133824544922,135.84851842829198
2023-12-03,269.59,284.1367041477216,1,Moderate,3.538247207582719,2.199416798903965,1.1447126798584115,134.09179512051415
2023-12-04,286.68,280.4186707076892,0,Low,3.6273929008396353,1.6698381250827192,-1.4631893082755674,133.42209664918016
2023-12-05,271.93,283.91412890836835,0,Low,3.798722344394496,1.504226178145404,-1.0536911628706211,136.50233920783683
2023-12-06,370.3,292.1928156719485,1,Moderate,3.9231953377282927,1.890971969755186,2.6779844165517783,140.53813160705084
2023-12-07,296.98,289.8387720595314,1,Moderate,3.79727970650078,2.108847189434567,2.5753253046421354,138.19478751809154
2023-12-08,283.64,285.20090434140525,1,Moderate,2.1167075323011404,1.984053868280107,1.3991253557203938,136.53848524424117
2023-12-09,211.45,284.2735206667703,1,Moderate,1.8793000369410535,2.0489021846657782,1.066350789895588,136.11643531440558
2023-12-10,271.04,287.10079538372,1,Moderate,3.964898683349047,1.5245143613655836,1.4253701777513383,137.0234798203917
2023-12-11,349.49,287.35552301007084,1,Moderate,3.492015038057297,0.7215200990063191,1.4354082336452745,138.5440472984996
2023-12-12,310.97,289.86962954126574,1,Moderate,1.731877817795112,1.8780669096486236,1.7365944858911406,141.36055798706843
2023-12-13,356.27,291.93890338081275,1,Moderate,1.904591877557081,2.817432331051527,1.7813579471276435,142.2729888842141
2023-12-14,231.44,285.71554344499725,0,Low,1.4731972716299953,1.56065860410616,-0.2321885458672914,139.751343774266
2023-12-15,291.03,290.9491863837864,1,Moderate,1.572611826327844,2.92837726913376,1.8909377969664336,141.39472715049598
2023-12-16,239.87,289.4704615890401,1,Moderate,1.4914332414312332,2.409620501897931,1.862419128572383,140.54445637627614
2023-12-17,348.44,290.7601413736755,1,Moderate,0.401871750101789,1.8066640930208884,1.6797325340747875,143.70934065561582
2023-12-18,298.15,288.9277338318893,1,Moderate,0.1367412631962304,1.5286964228447055,1.908577757394185,142.19118604759188
2023-12-19,324.03,290.38720867578684,1,Moderate,0.3270110478424441,2.2171656674246303,1.5883024672316557,143.09219715242588
2023-12-20,342.95,289.89066973771537,1,Moderate,0.2026213732812181,1.6081174202496082,1.8900378711731616,143.0273607321492
2023-12-21,231.05,286.3422617914855,1,Moderate,0.040727151617084,1.279924588972733,1.183516916187389,140.67556079384607
2023-12-22,319.08,287.11704862129903,1,Moderate,0.3044048120875141,1.3798373859905333,1.248543676082126,141.02173040627656
2023-12-23,315.93,288.01560797740154,1,Moderate,0.2798979246551075,1.4896708643657823,1.4784794860905088,141.60502736142774
2023-12-24,213.74,285.9676698602157,1,Moderate,-0.2825865676887122,1.3233837300993558,1.7790684029377468,139.98527195400493
2023-12-25,308.8,287.80428746237385,1,Moderate,0.1429345114075729,1.859132351582456,1.783073649603361,140.85661460891797
2023-12-26,251.7,287.19926868557224,1,Moderate,-0.6281944881579481,1.4164363690330708,1.6543209602441666,141.59417350359053
2023-12-27,279.4,287.93267708607004,1,Moderate,-0.472891375842595,1.5150366556798016,1.5417566695738618,142.18624279579666
2023-12-28,302.3,288.3425730420528,1,Moderate,-0.3651215462920015,1.8174558631325943,1.844351813656245,141.88335457069348
2023-12-29,243.92,287.5013748767054,1,Moderate,0.0416395886387765,1.2637521290052929,1.2810376144282876,141.75241320377077
2023-12-30,337.92,287.1666992684231,1,Moderate,-0.2046134570512783,1.6458197898729057,1.4318577043451122,141.13110289039406
2023-12-31,227.32,285.1220812783768,1,Moderate,-0.5954213256864704,1.6155827210720624,1.983716528338216,138.95567101379052
2024-01-01,231.43,284.609370055284,1,Moderate,-0.3314840983019004,1.169086922330009,1.7438971916276125,138.86533769876593
2024-01-02,307.74,286.73297798259887,1,Moderate,-0.5907315641168699,1.2669917354980167,2.5212020167364617,140.37298345361882
2024-01-03,231.77,289.37300255121494,1,Moderate,-0.3532788972612277,1.140767646098501,3.954647608283039,141.46833385323237
2024-01-04,360.27,289.96107243988104,1,Moderate,-0.2303974531906018,0.9702544917898908,4.247239834606255,141.81144322581332
2024-01-05,223.45,288.19974051254303,1,Moderate,-1.912635990613767,1.3946282162495387,4.159909944701967,141.39530600134307
2024-01-06,280.05,288.99103247915434,1,Moderate,-2.1614506948025385,1.8758689378467075,4.087549945142478,142.0265319501055
2024-01-07,256.53,289.64521108859253,1,Moderate,-0.9503419596832428,1.6141159130840048,5.4893646343449465,140.32954015998445
2024-01-08,330.14,289.9435852989107,1,Moderate,-0.2607324164098293,1.255264480246916,4.054969796773927,141.73155109743735
2024-01-09,267.41,288.68227254903485,1,Moderate,-0.5723088414513022,1.7604150740585882,3.798103338054055,140.5335306375112
2024-01-10,382.03,290.4837986837015,1,Moderate,-0.0198035516097686,2.1230332251203468,4.105509400189805,141.1125272691389
2024-01-11,248.9,290.6098147228686,1,Moderate,-0.2408258172114539,2.2367927338647595,4.904566189853348,140.54674927549962
2024-01-12,290.16,291.32181031775474,1,Moderate,-0.3636511018947966,2.4650206277863536,4.302292244769371,141.75561620623145
2024-01-13,273.11,290.77899961173966,1,Moderate,-0.6687563305066859,2.4689958293055034,4.222935688637132,141.59329208344144
2024-01-14,370.8,292.4241399618341,1,Moderate,-0.2954200888435561,2.207939266619656,3.5315465936528825,143.8175418495429
2024-01-15,316.52,291.47304128158777,1,Moderate,-0.6462480107417267,2.302590345058253,4.496815046695722,142.15735155971322
2024-01-16,202.84,291.4058071677383,1,Moderate,-0.5776233085604493,2.0006953515196466,4.879701528369528,141.9405012555473
2024-01-17,218.66,288.999857786581,1,Moderate,-0.6362083070283285,1.6882945606316353,4.118869686560744,140.66636950555463
2024-01-18,238.68,284.51569649023327,1,Moderate,-1.6686409380320222,1.7041160640790236,3.808828595087931,137.50886042823603
2024-01-19,237.98,266.7039201538005,1,Moderate,-1.20672122701491,3.8954167020195216,3.227096531938228,117.6255958059954
2024-01-20,267.32,283.6003040231452,1,Moderate,-0.8166546071558718,2.4140317810724525,2.557128199367442,136.28326630899883
2024-01-21,287.89,291.57547305690844,1,Moderate,-0.6668837379479151,1.708262425385496,3.194910119677324,144.1766519089313
2024-01-22,367.43,292.1246412962756,1,Moderate,-0.8512059436137943,2.587725865075132,3.3655615027614725,143.8600275311905
2024-01-23,316.79,289.52402636980327,1,Moderate,-1.1503485997740943,2.001188018398462,3.374128453219056,142.13652615709736
2024-01-24,214.99,289.252562344637,1,Moderate,-0.564127492457431,1.976828260214024,3.315028193793314,141.36230104222471
2024-01-25,248.97,288.4034972096542,1,Moderate,-0.5139234688606725,1.99395736151693,3.3606136790659717,140.40031729706945
2024-01-26,258.45,288.2815519097138,1,Moderate,-1.382629397141341,1.7508291923979793,3.088469345912129,141.66235042768267
2024-01-27,296.36,290.1095558108008,1,Moderate,-1.2944421903845884,1.6563346202701452,3.0749155153213046,143.51021552473162
2024-01-28,323.21,291.8033133969524,1,Moderate,-1.2186380938662509,2.8633280481290395,3.068245196315197,143.92784590551213
2024-01-29,226.45,291.0603689033098,1,Moderate,-1.3758952601792138,2.939338920462902,3.3714271445080253,142.9629657576558
2024-01-30,284.9,288.32696715462407,1,Moderate,-1.3988046674202848,1.9573670646624908,3.363445697662915,141.24242671885656
2024-01-31,291.33,289.30210786128225,1,Moderate,-0.4890298255260593,2.0780544152079834,3.2499371219797224,141.30061380875824
2024-02-01,118.78,291.2057351418443,1,Moderate,-0.6889157088122096,2.968922153224036,3.344307906681278,142.41888844988904
2024-02-02,185.92,249.0605995464384,1,Moderate,-1.4037995941113748,2.630977969960062,3.720673439929041,100.95021538979816
2024-02-03,162.29,214.06844678651825,1,Moderate,-1.786903155653882,1.4334517124146955,1.8029583733621533,69.45640751553283
2024-02-04,197.2,181.9402431571324,1,Moderate,-2.0882382967258084,2.1410700866311503,1.843798903879574,36.88108012248514
2024-02-05,141.66,183.14760664401288,1,Moderate,-2.4558593488439584,1.9754067561540711,1.850087818058536,38.615439077782064
2024-02-06,201.69,178.93329928961057,1,Moderate,-3.255071896062413,2.0231552434585183,1.725546656957685,35.277136944394584
2024-02-07,174.75,182.18983536051368,1,Moderate,-1.9952127250235805,1.5826931197200549,2.062274777897709,37.3775478470573
2024-02-08,233.88,176.79029005682764,1,Moderate,-1.919436345952108,0.1864861153345062,2.0321649558193964,33.32854299076351
2024-02-09,188.41,175.86741390201908,1,Moderate,-1.9821889423321943,-3.6941622922170168,1.3080984888604044,37.07313430684552
2024-02-10,157.32,176.1240748814512,1,Moderate,-1.8462444009727377,-3.5945424674152755,1.4728212297411396,36.92950817923569
2024-02-11,211.01,177.92963289290088,1,Moderate,-1.3417309318752173,-2.015728739390526,1.8677347688805723,36.25682545442359
2024-02-12,160.19,178.49344311325058,1,Moderate,-1.5530681946687908,-0.714047734925783,1.494987546158528,36.10303915582426
2024-02-13,207.01,181.72119718999792,1,Moderate,-1.3208640233945976,0.2559007502150762,1.2395579593500032,38.3840701629652
2024-02-14,195.86,181.5818691169134,1,Moderate,-1.4244605628307874,0.0410349395144013,1.3145184000568777,38.488243999310605
2024-02-15,124.11,180.50063269478676,1,Moderate,-1.656254226802144,-0.5564391345103445,1.598301004701781,37.95249271053512
2024-02-16,139.18,173.69576360056598,1,Moderate,-1.6676178009652372,-0.2173033096331988,1.937061480162004,30.48109089013991
2024-02-17,123.84,173.66214902560188,1,Moderate,-1.607635751268174,-0.9730097973948252,3.966265170437621,29.11399706296481
2024-02-18,142.4,157.67393036507332,1,Moderate,-1.1572658480408298,-0.3465032736193761,5.39765708531969,10.61751006055149
2024-02-19,170.23,168.48267212845738,1,Moderate,-2.3393185340047107,-0.730048835548503,3.7635608284621127,24.62594632868606
2024-02-20,216.76,172.6676085384952,0,Low,-1.3287478494564284,-2.7152128160644105,3.347915128763229,30.201121734390323
2024-02-21,127.58,173.57562927870947,0,Low,-1.4594870326523663,-3.738622074108084,2.401621321881516,33.2095847227259
2024-02-22,168.38,170.7048503815015,0,Low,-2.2141955671695928,-3.656461309372226,1.9822662472759012,31.430708669904952
2024-02-23,197.0,171.09895593917037,0,Low,-2.1059452596349306,-2.561152409280294,1.9932718307020547,30.61024943652108
2024-02-24,126.74,171.82799511659735,1,Moderate,-1.1572467146089145,-2.919993662701565,1.8669024314712936,30.875800721574144
2024-02-25,190.7,170.3222228668625,1,Moderate,-1.1578686225836554,-2.238814116711505,1.8049302410284485,28.75144302426678
2024-02-26,153.46,171.64107326767612,1,Moderate,-1.3479951762204123,-2.604347007510477,0.440775838787868,31.990107271756777
2024-02-27,135.5,170.60184597736526,1,Moderate,-2.362361112945278,-2.447957411354205,0.7366002247012771,31.513031936101
2024-02-28,129.61,171.03369457831775,1,Moderate,-2.0281843471299554,-1.628918762670855,1.084177953392529,30.444087393863544
2024-02-29,226.3,164.9348017730593,1,Moderate,-1.9675083042066497,-1.772877145429468,1.5863720195899669,23.926282862243102
2024-03-01,124.97,173.55480898276292,1,Moderate,-2.902126629220418,-2.6096302339460937,1.041563050457483,34.86247045460949
2024-03-02,85.88,172.97319018342833,0,Low,-1.558434137368223,-1.8876221589474385,1.0964751202971343,32.16023901858446
2024-03-03,116.91,144.0702303060015,0,Low,0.0075994850875138,-2.0656719881688432,0.3363430891325246,2.629427379087954
2024-03-04,67.27,110.7298214326618,0,Low,0.1597523229652342,-2.0127186484588044,0.7443878957466917,-31.32413247845376
2024-03-05,94.06,105.62340730266789,1,Moderate,-0.376654036673793,-1.800433161286361,0.7135469117408153,-36.075584751975256
2024-03-06,96.28,108.25230016323331,1,Moderate,-0.55883820243559,-1.8958457230117596,0.84361207139508,-33.29916032357692
2024-03-07,100.68,108.07521380031204,1,Moderate,-0.4935152852552328,-1.8422668279639616,0.9808582178654628,-33.732394645196734
2024-03-08,89.35,102.16961042103064,1,Moderate,-0.3779240409730429,-1.7723364099507153,1.247582375960422,-40.090243844868446
2024-03-09,97.01,101.95776801992704,1,Moderate,-0.747366952518875,-2.011173241589045,1.2196913274952264,-39.665915454322686
2024-03-10,74.25,102.36326219382006,1,Moderate,-1.0806002228950258,-1.682324022286113,1.2291555368652942,-39.26550143872653
2024-03-11,121.49,102.65227015654816,0,Low,-0.9434241082438426,-1.2487702430753818,1.1677301462179717,-39.48579797921301
2024-03-12,79.47,102.89246370712688,0,Low,-0.5276787342575934,-1.1112778340462317,1.032265704272742,-39.66337776970445
2024-03-13,108.21,102.94658775870896,0,Low,-0.5604012617504882,-1.2156818159149898,1.1148010809280613,-39.55466258541602
2024-03-14,122.5,103.03357538773236,0,Low,-0.3539094312239367,-1.245984477814453,0.964667914283346,-39.49373095837505
2024-03-15,93.16,101.08939437781224,0,Low,-0.3434616008418168,-1.4929029215919565,0.9648354317552252,-41.2016088723717
2024-03-16,98.71,100.97782122528253,0,Low,-0.0988610208374171,-1.63647234687709,0.956534221936005,-41.405911969801416
2024-03-17,108.05,101.24425452305913,0,Low,-0.0596267158974773,-0.7324543626671302,0.937679705954121,-42.06387644519286
2024-03-18,71.09,101.25238169305617,0,Low,-0.2584067414781764,-0.5949050581814777,1.079667695979824,-42.13650654412645
2024-03-19,128.02,100.85457336812092,0,Low,-0.3629412437310733,-0.73588302727065,1.0667267156518292,-42.27586141739166
2024-03-20,90.83,101.28857287719194,0,Low,-0.3488040049391206,-0.5367903304810983,1.1164711764361372,-42.1048363046864
2024-03-21,126.06,101.34828921102458,0,Low,-0.5095151797968391,-0.397110052926453,1.1489586683455286,-42.05657656546011
2024-03-22,102.19,101.1309415768085,0,Low,-0.5182268047231608,-0.4417944563553247,1.047287084689086,-42.11885658766454
2024-03-23,127.62,101.11432603771571,0,Low,-0.3322502588359076,-0.3412007919874849,1.1910517356362016,-42.56580698795951
2024-03-24,109.92,100.92183815414116,0,Low,-0.5182909658242968,-0.4131187624687126,0.8473686924772208,-42.1566531509055
2024-03-25,76.8,100.66242440737363,0,Low,-0.288532996470654,-1.5322565357166988,0.686184127182092,-41.36550252848357
2024-03-26,76.51,100.38054723910167,0,Low,-0.2937372312199824,-1.9306015509833816,0.7277994752619387,-41.2854457948194
2024-03-27,77.47,100.44370206258306,0,Low,-0.3046004724087923,-1.597090311295673,0.6521092017335832,-41.46924869630854
2024-03-28,99.23,99.9916326535692,0,Low,-0.4962855863749688,-1.528289779859021,0.567294537292494,-41.71361885835179
2024-03-29,126.72,100.2981394736384,0,Low,-0.3601097688979245,-1.462591140134911,0.6187029068229636,-41.6603948650142
2024-03-30,115.34,100.4406034790598,0,Low,-0.158104836366392,-1.6723647149703669,0.4881156871980987,-41.37957499766407
2024-03-31,121.81,99.82969276925452,0,Low,-0.2105725416991711,-1.9003428444322688,0.3677528809942294,-41.58967706647076
2024-04-01,119.29,100.06298275791512,0,Low,-0.3060195816929671,-2.0676955305539644,0.4718529865537946,-41.19768745725425
2024-04-02,134.62,100.05929132185967,1,Moderate,0.1932576840745277,-2.022036456096928,0.4072408141264468,-41.68170306110686
2024-04-03,131.02,100.07057884352214,1,Moderate,0.1301546436878169,-2.1602173889146274,0.3593416512194468,-41.421232403332965
2024-04-04,107.22,103.07039941286756,1,Moderate,0.0561037193107611,-2.126021291108125,0.1963650738846147,-38.21858043008216
2024-04-05,117.0,101.42964142004638,1,Moderate,0.0978508362337835,-1.9074285943059377,0.0544851471651195,-39.97779830990908
2024-04-06,66.81,100.3922460202,1,Moderate,0.0966880312890562,-1.811309072233268,0.144323998136081,-41.19998927785433
2024-04-07,72.56,97.73160588582776,1,Moderate,0.2914782745949836,-2.0805161313250564,0.2757527285446887,-43.91764132684936
2024-04-08,114.11,99.5767199899613,0,Low,0.1917053254780831,-1.906972393205116,0.2702926194840866,-42.14083790265819
2024-04-09,120.21,99.0728195388624,1,Moderate,0.1397660785401396,-2.0170532557307106,0.3050234336133064,-42.517449058422805
2024-04-10,90.23,99.74258522351732,1,Moderate,0.2041964656913962,-1.840672040243018,0.0756560268390952,-41.85912756963258
2024-04-11,116.8,99.7904566660935,1,Moderate,0.2141356387362817,-1.5014863222111638,0.003281943136963,-42.08800693443103
2024-04-12,72.99,99.55182223593076,1,Moderate,0.2546983393706761,-1.5554796481625768,-0.0623836779832569,-42.24754511815655
2024-04-13,102.45,99.6876028734626,1,Moderate,0.2475573049067168,-1.3438973787384678,0.8314809912219094,-43.21007038479
2024-04-14,83.0,99.92723277962632,0,Low,0.2573675201442684,-1.185598885059389,0.0492436680120176,-42.35631186433303
2024-04-15,71.83,99.90882689074624,1,Moderate,0.3143905802149574,-1.2682459349408293,0.0051301748065561,-42.30498027019691
2024-04-16,92.82,99.80738974730484,1,Moderate,0.469839995270836,-1.4357014985081886,-0.1003409786734452,-42.28894011164678
2024-04-17,67.83,99.85021576717412,1,Moderate,1.415393792490095,-1.383342355066485,-0.0430679710665319,-43.30130004004539
2024-04-18,79.98,98.10156201933428,1,Moderate,1.5114938220353205,-1.873779017664864,0.042643041111733,-44.74132816701038
2024-04-19,127.93,99.57825230914835,0,Low,1.517057760382788,-1.991832790188881,-0.0583124966234581,-43.051192505284526
2024-04-20,92.26,99.4690456393012,1,Moderate,1.4647189193994825,-1.96962433071342,0.0131253972841407,-43.20170668753144
2024-04-21,79.76,99.84401901890983,1,Moderate,2.1129141171248165,-1.9074525829644016,0.0683940774748517,-43.59236893358791
2024-04-22,99.45,99.6599027578954,0,Low,2.128917636536509,-1.9507404799050625,0.1030775106004343,-43.78388425019895
2024-04-23,100.68,99.9440624964996,1,Moderate,2.317689450860589,-1.8973993094408867,0.0032960002297017,-43.64205598601225
2024-04-24,90.0,100.0644301386235,1,Moderate,2.338056166034701,-1.916444619989521,0.0743706490421804,-43.59408439732632
2024-04-25,113.66,100.1251774011648,1,Moderate,2.3510086823280645,-1.9203118999077264,0.1073241367153514,-43.57537585883334
2024-04-26,108.76,99.75293341031434,1,Moderate,2.356263999657102,-2.199487986424567,0.0980428018379584,-43.66441774561861
2024-04-27,71.96,100.01781374696984,1,Moderate,2.336917305619086,-1.9972442074234376,0.1123547588729711,-43.59674645096123
2024-04-28,100.54,99.8464444530128,1,Moderate,2.3465376221984657,-2.0415804279080207,-0.030765422305282,-43.59027965983482
2024-04-29,101.82,100.12724994584602,1,Moderate,2.4018326745675567,-1.973436724874768,-0.0354950359762977,-43.42818330873293
2024-04-30,130.22,100.08306826224596,0,Low,2.3574407613424206,-2.012864325886263,0.1853421804104013,-43.60938269448303
2024-05-01,118.94,99.93109116657152,1,Moderate,2.3720334706285358,-2.036806685274524,0.1479978145158547,-43.71466577416081
2024-05-02,122.91,100.0409089569572,1,Moderate,2.333350682037328,-1.8628053652726808,0.2365108836474556,-43.82867958431735
2024-05-03,103.45,100.04708344884033,0,Low,2.317902609460059,-1.9714826656986597,0.1843030268960273,-43.646171862679545
2024-05-04,91.71,100.03370985335634,1,Moderate,2.3406861671894483,-1.9149771537807492,0.2508915253505842,-43.80542302626538
2024-05-05,117.86,100.03736505868072,1,Moderate,2.3414897645514,-1.79777658364941,0.2058338288703544,-43.87471429195404
2024-05-06,123.14,99.72565744117836,1,Moderate,2.1322638033647703,-1.8797397957931297,0.1867695497214269,-43.87616845697716
2024-05-07,67.46,99.73155746695068,1,Moderate,2.158448834953384,-1.821614780408248,0.1663334991506997,-43.934142427607625
2024-05-08,99.72,97.97109698280644,1,Moderate,2.1670851216725837,-2.04144303024146,0.2501066708523185,-45.56718412033948
2024-05-09,129.96,99.54703881152976,1,Moderate,2.1115763941285817,-1.9113707255736416,0.1912064912652757,-44.00690568915292
2024-05-10,102.86,99.12104757639447,1,Moderate,2.10796292401747,-1.9360918538331204,0.0609678700702741,-44.27432370472258
2024-05-11,103.2,99.3502997457206,1,Moderate,2.052896280317222,-2.015543599868416,0.0065526832250735,-43.85613795881575
2024-05-12,70.93,99.4986116999016,1,Moderate,2.088190163032018,-1.7674345233820683,-0.040175918456125,-43.94450036215471
2024-05-13,122.32,98.80768246889744,1,Moderate,1.903997428123977,-1.708047816324983,0.0035194748532838,-44.55431895861726
2024-05-14,124.43,98.65701097976049,1,Moderate,1.96169785905676,-1.6690161609199936,-0.0777981860864126,-44.72040487315233
2024-05-15,110.34,98.89110627306388,1,Moderate,1.9327236281333728,-1.6399363876862114,-0.4616538907024901,-44.10255941754324
2024-05-16,98.74,98.96977677243402,1,Moderate,1.9065193791546573,-1.5408549110864105,-0.1145405483112304,-44.443879488185424
2024-05-17,79.68,98.76974049820618,1,Moderate,1.8970868645227688,-1.8873462885907244,-0.0907579865577812,-44.31177443203053
2024-05-18,109.92,98.63084843498036,1,Moderate,1.9173476223972437,-1.601733741919395,0.0320999011036325,-44.8793976874636
2024-05-19,80.52,98.97712302074432,1,Moderate,1.9126876831769284,-1.5785549552082698,0.1464718645456205,-44.66601391263241
2024-05-20,102.97,98.85048488387032,1,Moderate,1.9010760563295703,-1.8194679571754515,0.0237089185818118,-44.41736447472805
2024-05-21,110.87,99.20698608188697,0,Low,2.181477089472944,-2.111217011186668,0.011203382932925,-44.03700972019469
2024-05-22,110.4,99.8859057360487,1,Moderate,2.3575548400923485,-1.942795300199288,-0.133200694836861,-43.55818544986993
2024-05-23,132.27,99.91856895655312,1,Moderate,2.3701234197200605,-1.914422521309544,-0.131223893060896,-43.5684403896589
2024-05-24,93.67,99.71541982816504,1,Moderate,2.2121084660334227,-1.8344266002112624,-0.1400859670082703,-43.6847084115113
2024-05-25,88.32,100.17832105400016,1,Moderate,2.3180120784573366,-1.865688353023622,0.6696951017838801,-44.10623011407986
2024-05-26,82.96,99.89476231755062,1,Moderate,2.362872611012668,-1.906852523332164,-0.1287801652957518,-43.595009945696575
2024-05-27,86.83,99.94878348128604,1,Moderate,2.349888405538029,-1.9921987853298997,-0.1022010353922979,-43.469237444392206
2024-05-28,104.9,99.97299733623592,0,Low,2.380365391623392,-2.0245064086576465,-0.1434651672522094,-43.40192882034002
2024-05-29,130.22,100.02956337987897,1,Moderate,2.3522944452774746,-1.810210584431972,-0.2237274362101956,-43.451325385618766
2024-05-30,70.15,100.01952597756345,1,Moderate,2.4056274312921664,-1.7065195713022392,-0.1696958212368323,-43.67241840205206
2024-05-31,93.47,99.42036205541886,1,Moderate,2.388067262346654,-1.7392935880734428,-0.128314861637569,-44.26262909807917
2024-06-01,84.78,99.83693718653689,1,Moderate,2.3573509325819133,-1.8968608056136544,-0.0814386535019967,-43.704646627791824
2024-06-02,92.06,99.59926538144668,0,Low,2.3777968910716347,-2.2349438736850127,-0.1262956143959231,-43.57982436240647
2024-06-03,128.57,99.85059063984546,0,Low,2.363787547139891,-1.9750712322946589,-0.1866688866806059,-43.51398912918157
2024-06-04,103.0,99.76983385748451,0,Low,2.2538297179349973,-1.7560096144507789,-0.2166727293281681,-43.67384585753395
2024-06-05,65.76,99.797199533132,0,Low,2.250180671492733,-1.8827798436954968,-0.2274803768849144,-43.50525325864275
2024-06-06,127.46,93.12902135154536,0,Low,2.362149409114077,-2.003869120935224,-0.1169992265691481,-50.27479205092673
2024-06-07,94.88,99.65817800470204,0,Low,2.1621454847228567,-1.9551839990160635,-0.1766897458185757,-43.5346260760486
2024-06-08,92.21,99.74748254318608,0,Low,1.93352630913592,-1.8888850028301256,-0.0633273274652117,-43.39636377651697
2024-06-09,100.81,99.61586479734927,0,Low,1.981116790196038,-1.9254275502458649,-0.0964933590681269,-43.5058634243952
2024-06-10,111.99,99.9082289595262,0,Low,2.0791550751400094,-1.942979559847936,-0.0595316714876129,-43.330947225140704
2024-06-11,110.1,99.72492244344603,0,Low,2.0844334129450264,-1.8098089151550512,-0.0639256983421156,-43.648308696864255
2024-06-12,126.77,99.54183011143922,0,Low,1.796813512133033,-1.9583660091797248,-0.0349706855111357,-43.42417904686539
2024-06-13,75.66,99.82142251483738,0,Low,1.8042007715469408,-1.7807326078987025,-0.0602934930890898,-43.304284496584216
2024-06-14,95.03,100.62068076695984,0,Low,0.8666588704419429,-1.761930893810462,0.3554796309804714,-42.00205918151456
2024-06-15,89.07,100.18610116817791,0,Low,1.068772018143149,-2.0252673384464357,0.2921217412476171,-42.31205759362884
2024-06-16,139.69,100.36577768717534,0,Low,0.1126130248128446,-2.1155746000097344,2.440966206298579,-43.23475928478879
2024-06-17,94.07,124.95705588032824,0,Low,-0.0666779325082326,-2.0480655837575905,0.5573444246089005,-16.64807736887724
2024-06-18,79.86,115.32103255841288,0,Low,0.2160785263384168,-2.0625672581273777,0.6977810295580182,-26.692792080218585
2024-06-19,106.28,114.87889173105292,0,Low,-0.0347571917663914,-2.0810632983521904,1.2406885817128264,-27.40850870140372
2024-06-20,112.57,100.02023890958286,0,Low,0.076447413759358,-2.157745140054023,0.0170096155686426,-41.07800532055359
2024-06-21,64.76,99.77948529476244,0,Low,-0.0682354716857743,-2.06305729763255,-0.1064329849767615,-41.1453212918049
2024-06-22,74.48,86.59486893453159,0,Low,-0.0384038280859806,-1.8944939784132055,0.1153500129037296,-54.75011561273534
2024-06-23,115.98,99.08185128123658,0,Low,-0.0681950687039729,-1.6904559682505096,-0.0861036210189111,-42.23592640165251
2024-06-24,111.15,99.17081937182576,0,Low,-0.3995599834992479,-1.7537406608782995,0.070246733896357,-41.90865905855551
2024-06-25,84.12,99.85411046724808,0,Low,-0.1250447002427194,-1.627931686295805,-0.0944340288634163,-41.46101145821245
2024-06-26,88.44,99.47126423901692,0,Low,-0.22627705811351,-1.7424914138999832,0.0223642935134859,-41.7448639233455
2024-06-27,93.88,99.91935698134408,0,Low,-0.23571783349865,-1.6018498497743876,-0.0762607425226335,-41.329346933722704
2024-06-28,73.64,99.950250468119,0,Low,-0.2429044257533694,-1.826795481372044,-0.2005024859964466,-40.94207947962162
2024-06-29,114.41,100.15925362800706,0,Low,-0.2376060281397399,-1.5569003076990704,-0.3564075129345526,-40.85236486408202
2024-06-30,130.24,100.20000213386946,0,Low,-0.2634699934784819,-1.3941201488794182,-0.4189334853781407,-40.88600657925697
2024-07-01,53.83,100.18788345325667,0,Low,-0.6092711420951965,-1.2869034717684964,-0.494809652916377,-40.58366462082571
2024-07-02,49.54,74.6366380564076,0,Low,-0.5901111864803242,-1.3781045526589306,-0.5297370182242653,-66.02794152709136
2024-07-03,24.78,70.07659116727679,0,Low,-0.5101694564859673,-1.232085369866582,-1.214918830210464,-70.12876751702264
2024-07-04,30.6,44.52194953404065,0,Low,-0.910485734189324,-1.106048945959608,-1.3386804598367772,-95.28536766683608
2024-07-05,49.2,44.8239660339324,0,Low,-0.8411361044704087,-1.3128238886441734,-1.120001521884443,-95.06460479193105
2024-07-06,25.51,44.566192157352425,0,Low,-0.8010132534542695,-0.621421444388553,-1.4596054414820507,-95.7143000441852
2024-07-07,52.57,44.612712228603066,0,Low,-0.6542123956808364,-0.8321753969262056,-1.6608041872049455,-95.4026281324474
2024-07-08,62.66,44.353091922757024,0,Low,-0.719815159528032,-0.8267503258373854,-1.5887346189094869,-95.6741403138305
2024-07-09,50.66,44.18422841609375,0,Low,-0.8223533782940295,-0.595983261207085,-1.1888283045681889,-96.37113898069936
2024-07-10,41.4,44.46102430768929,0,Low,-0.793572340285189,-0.4867049823627129,-1.0672422284589749,-96.35398848206628
2024-07-11,67.24,44.39208258473839,0,Low,-0.8906933248806572,-0.4841999523164201,-1.1996595852524257,-96.19589689367456
2024-07-12,30.28,50.68599980762816,0,Low,-0.6974125678490273,-0.4480944939841267,-0.790533128200919,-90.5404923432002
2024-07-13,56.81,44.69419172210967,0,Low,-0.6482485209536908,-0.9459493279053802,-0.8890996827416261,-95.98504308715216
2024-07-14,46.02,44.391251107012586,0,Low,-0.7683094631385505,-0.7875247956790151,-0.8216864286563708,-96.393760546376
2024-07-15,27.74,44.35975765375682,0,Low,-0.7266492942454102,-0.3647292176699518,-0.8207820159786238,-96.89061415921168
2024-07-16,29.36,44.15837478880521,0,Low,-0.7737868320663542,-0.4517590066942739,-0.3612428187500975,-97.41736889454656
2024-07-17,42.57,44.06634510429623,0,Low,-0.7675384658127185,-0.7611877118919766,-0.8541193831900963,-96.7133416756715
2024-07-18,33.9,44.27096011913925,0,Low,-0.7547440775594643,-0.7203587173570472,-0.3697053917251029,-97.0467640350816
2024-07-19,28.45,44.13151892154506,0,Low,-0.6743912041486845,-0.5386717018412709,0.2470509457519239,-98.06500145907934
2024-07-20,61.84,44.99236273355236,0,Low,-0.2596454968300139,-0.2494516474541275,0.1064947563016348,-97.76756721932756
2024-07-21,48.49,44.37341981998456,0,Low,-0.9196131035902672,-0.2479309284801748,-0.0843413919542718,-97.53722709685312
2024-07-22,54.64,44.27294153332807,0,Low,-0.6724019247316,-0.3382077885790906,-0.187900005258797,-97.6910810889649
2024-07-23,59.89,60.56303220278773,0,Low,-0.741467647359316,-0.3826041589110551,10.153738049969109,-91.62916638177347
2024-07-24,25.12,43.97891712527632,0,Low,-0.8828246504140702,-0.2368220665353542,-0.1170761877986049,-97.94689231083812
2024-07-25,31.82,43.94035413863851,0,Low,-1.1937488417500737,-0.3657698769908537,0.1731403086265925,-97.8357997921096
2024-07-26,55.62,44.9708738513958,0,Low,-1.2661552883010645,-0.0535633514151622,0.3414167951175623,-97.213356644868
2024-07-27,45.81,44.98241008792511,0,Low,-1.4000127454827194,0.2704579644563588,0.4451134595231681,-97.49568093143414
2024-07-28,33.95,45.0510276640968,0,Low,-0.912743613966654,0.3558583807102804,0.4299352235799797,-97.98455466708924
2024-07-29,51.19,45.0838583568627,0,Low,-0.953347502915414,0.0292738547654076,0.4824789279239426,-97.63707926377369
2024-07-30,42.24,45.34186060136307,0,Low,-1.051084146971219,0.0710711913844926,0.5937333297687803,-97.43439211368138
2024-07-31,38.75,45.33728869506516,0,Low,-1.0548395011689318,0.1756486145922127,0.781103842538944,-97.72715660175948
2024-08-01,44.98,45.23460424911878,0,Low,-1.11250570211735,-0.0260591100234167,0.5823539068644683,-97.37171718646736
2024-08-02,30.14,45.24340382287093,0,Low,-0.7752422471104787,-0.2312570950136133,1.0867981519835843,-97.99942732785097
2024-08-03,30.54,45.47064241265226,0,Low,-0.7134751882751186,-0.5176338914495464,1.0944747394588696,-97.55525558794434
2024-08-04,58.07,45.74048025549898,0,Low,-0.737224450066848,-0.8729333380597649,1.0874974655750045,-96.89939176281176
2024-08-05,56.54,46.13164169007268,0,Low,-0.3338229446280728,-1.458518440781627,0.7496843095252197,-95.98823357490528
2024-08-06,35.5,46.34099285257773,0,Low,-0.376666287635091,-1.79512152457166,0.7627708446672856,-95.41252252074518
2024-08-07,35.12,45.77668817773343,0,Low,-0.5072305971360199,-1.731844958403557,0.7203994621405864,-95.86716806973004
2024-08-08,57.38,45.44675204938592,0,Low,-0.8323275330124063,-1.5476410973809671,1.18598397650405,-96.5217956375872
2024-08-09,59.13,45.45528474833577,0,Low,-0.820932470246253,-1.2989910102132218,1.1535789091085935,-96.74090302117575
2024-08-10,25.52,44.79723634574618,0,Low,-0.6966108033292993,-1.1461840018185785,0.6170563030618323,-97.13955749303022
2024-08-11,34.61,49.12050237957916,0,Low,-0.4590225157470879,-0.7490138315788962,3.0988029352744424,-95.93279654923175
2024-08-12,43.81,44.89596779057997,0,Low,-0.5030165589493383,-0.7780804481554775,0.7463191077272362,-97.7317866509049
2024-08-13,40.84,44.29546624969551,0,Low,-0.9686307168084036,-0.589559979184614,0.7362390479640905,-98.04511444313798
2024-08-14,27.72,45.56473255623639,0,Low,-0.5484636249640519,-0.6066416600559592,1.0552436111427197,-97.49793811074876
2024-08-15,30.17,45.43423157502535,0,Low,-1.2416389691828622,-0.5174453092320033,1.5146062778241605,-97.48382276524634
2024-08-16,52.27,45.375844902726975,0,Low,-0.7681128310392499,-0.3131085891714364,1.4384166044666382,-98.14388262239144
2024-08-17,29.71,46.34280066337038,0,Low,-0.3005811797793598,-0.6010812105663261,1.539103114078611,-97.45717240122497
2024-08-18,32.31,45.47095930802911,0,Low,-0.7316161277115992,-0.4794866227493806,1.3683313460919293,-97.84880162846426
2024-08-19,62.39,46.88099318181282,0,Low,-0.8219990611484499,0.0951234888975652,1.822158223616642,-97.3768218104154
2024-08-20,32.65,46.67542966189445,0,Low,-0.7734073945005522,0.2807240167115793,1.729686020850101,-97.72410532202916
2024-08-21,67.12,46.63471892288449,0,Low,-0.7487437294241077,0.1596963001969911,1.3505531866337284,-97.2893191753846
2024-08-22,50.98,54.32114577442972,0,Low,-0.1958126955778243,0.2875002087030407,2.1317882652345994,-91.06486234479245
2024-08-23,59.03,50.29618178927794,0,Low,0.8272167455526114,0.842480147737541,2.142422549347688,-96.67846999422235
2024-08-24,22.21,53.53794958859821,0,Low,0.8607359083669749,1.0031893988775509,4.382142713029158,-95.87065077253791
2024-08-25,51.05,49.818424717296594,0,Low,1.0947707197510526,0.5286117185536578,2.109195339407294,-97.07668540127786
2024-08-26,53.9,49.27503048306972,0,Low,0.5836440693002108,0.3948362006624296,1.8883702948606444,-96.75435242261604
2024-08-27,61.74,47.477970934895374,0,Low,0.6834394350162576,-0.5122015360086626,0.8710424280370755,-96.72684173301172
2024-08-28,25.15,48.02516491318856,0,Low,1.202592622841436,-0.9908510451190956,1.2972530243934095,-96.6463620297896
2024-08-29,41.59,49.5744811484778,0,Low,1.7788258915324902,-1.3044753544895638,1.9982955871972132,-96.06069731662474
2024-08-30,46.93,49.85988819071832,0,Low,1.17505741634715,-1.4035040663804352,2.5098283861492856,-95.58402588626008
2024-08-31,55.26,50.96609534287258,0,Low,1.1007165764209956,-0.989340055587165,3.2906009821498343,-95.59841450097342
2024-09-01,36.53,51.103849238177055,0,Low,1.2536337354408549,-0.958482697917014,2.9612762561831127,-95.31511039639226
2024-09-02,32.18,49.33403916938305,0,Low,1.1443982359513645,-0.7323112455117722,2.20345763060498,-96.44403779252394
2024-09-03,31.01,49.530230586786686,0,Low,0.605885449526493,-0.5196290326674174,2.52767336467913,-96.24623153561392
2024-09-04,29.71,48.962682581670535,0,Low,-0.4905632968498057,-0.4787986949710717,3.3046588122232845,-96.5351465795943
2024-09-05,42.82,48.87003270876781,0,Low,-0.7174655520154145,-0.3878560452393425,3.323712244157905,-96.51089027899776
2024-09-06,33.32,49.25883089181818,0,Low,-0.7729055401422277,-0.3255527610217406,3.677300520948155,-96.48254366882844
2024-09-07,29.21,48.96156372990691,0,Low,-0.6244069044113041,-0.6597432679737877,3.123294707497756,-96.04011314606814
2024-09-08,50.94,49.28106882125585,0,Low,-0.3531033334443121,-0.6672157710490921,3.012074721317634,-95.8732191364308
2024-09-09,27.56,49.19307801882684,0,Low,-0.8334353450687947,-0.0934229480397451,3.095456053753608,-96.13805208268067
2024-09-10,47.86,50.81360042952788,0,Low,-0.7922358821177878,0.4286932003591353,3.804324637888556,-95.78971386746446
2024-09-11,24.33,50.6210763602222,0,Low,-1.144340353795296,0.8141987101076043,3.8983051115860303,-96.10961944853858
2024-09-12,22.27,50.91745413078768,0,Low,-0.8742113216565023,0.68552251838093,3.94841545949194,-96.00480486629112
2024-09-13,52.09,50.56497587400244,0,Low,-0.8872746787451975,0.5003971488741497,3.2265880333215216,-95.4372669703105
2024-09-14,24.81,48.863610668344585,0,Low,-0.8897004769986863,-0.4670119495726714,3.0907748312895365,-96.03298407723608
2024-09-15,50.66,48.322410769638616,0,Low,-1.0242119967141996,-0.8347484515450834,2.8430703675249003,-95.8242314904894
2024-09-16,23.3,48.93834610450172,0,Low,-0.6626165520286093,-1.187020050447209,3.109020262523399,-95.48356989640824
2024-09-17,40.02,49.03644969096809,0,Low,-0.4675265663452712,-1.2598615966602773,3.1763740477804774,-95.57506853466924
2024-09-18,48.33,48.88791877949741,0,Low,-0.1144415754165656,-1.0241837098291973,2.528566885866689,-95.66455516198596
2024-09-19,60.23,47.723248361723456,0,Low,-0.5975180561466519,-1.2723953147970892,2.4978311561239366,-96.06720176431917
2024-09-20,42.8,48.04761614802431,0,Low,-0.6988154581385239,-1.352124153073034,2.60676183930972,-95.6707384209363
2024-09-21,25.77,48.13201962518007,0,Low,-0.7626724649614095,-1.346569755025347,2.7399201316675503,-95.6611906273632
2024-09-22,43.48,47.60460877767726,0,Low,-0.9361697910021496,-1.1279684518544475,2.294131259432871,-95.78791657976149
2024-09-23,60.01,46.39426860754374,0,Low,-1.1308803294757157,-0.5196227395880051,1.7733247576715123,-96.89108542192652
2024-09-24,61.64,46.85636154501265,0,Low,-0.9109698653163878,-0.3077715635690483,1.7845785023476293,-96.87200786931204
2024-09-25,61.41,47.29328966555624,0,Low,-0.7486226728194377,-0.0671570293959225,2.5169439788562733,-97.57040695194716
2024-09-26,30.26,47.122915632093466,0,Low,-0.6306231880940647,-0.0184173639184146,2.3510287568747734,-97.74160491363128
2024-09-27,23.81,49.01229842042263,0,Low,-0.6863392430868542,0.7483379013164626,2.8850532707384424,-97.0972858494079
2024-09-28,33.12,48.570129859660526,0,Low,-0.8444816286608174,0.925059204567682,2.714983053953527,-97.38796311106236
2024-09-29,60.61,48.85081595281421,0,Low,-0.9804781403027784,0.8894680887059851,2.6569981179566726,-96.87770445440816
2024-09-30,30.67,48.37044980934834,0,Low,-1.1118092836691085,0.9493470152604048,2.262657526663536,-96.892277789769
2024-10-01,138.22,49.55338928099375,0,Low,-0.4563682362071137,0.9900043630162344,2.2705412191972085,-96.41332040587504
2024-10-02,124.14,138.8607409485525,0,Low,-0.3156867667618102,0.1913880453178947,7.118982085579323,-11.296474756445305
2024-10-03,206.85,138.12384157785684,0,Low,-0.0745579104912906,0.2373972729125756,7.458643425957686,-12.660173551384514
2024-10-04,131.67,170.56539297967032,0,Low,-0.6683997146279608,-1.1262351464365024,3.8495651265139994,25.347930373358324
2024-10-05,194.57,168.065453500901,0,Low,-0.5670537654192345,-0.4877047849994018,4.59173338869017,21.36594632176718
2024-10-06,188.94,169.75974684902158,0,Low,-0.6883465463815946,-0.7483676147822603,3.708295971631796,24.325632697691294
2024-10-07,204.03,169.95192736361318,0,Low,-0.671948703679827,-1.1140678974709517,2.792711533185352,25.78270009071626
2024-10-08,165.38,171.82726833325506,0,Low,-1.1949640648390163,-0.8977416983519053,2.158053082007726,28.599388673575795
2024-10-09,135.25,172.47450072057768,0,Low,-1.290847824446628,-0.002155797552643,2.0813023510287034,28.523669650685854
2024-10-10,171.7,171.6110594699455,0,Low,-1.0525538536387988,-0.3289875126991371,2.6219396491547524,27.208128846266263
2024-10-11,113.04,172.16052106134887,0,Low,-1.1096579133331084,-0.1835361336741127,2.439547623389571,27.85163514410405
2024-10-12,222.96,165.53111411386675,0,Low,-0.8152245533067405,-0.6284198971425541,4.046337640346677,19.765888583106964
2024-10-13,160.53,172.14662908477516,0,Low,-0.892709029377851,0.0474151437618605,2.2890587563949505,27.540331873133745
2024-10-14,118.37,172.3686266477115,0,Low,-1.9036548227132044,1.862908642546905,2.576696801039704,26.67014368597568
2024-10-15,150.74,172.59701966255656,0,Low,-1.6750383230872947,2.1511009371627314,2.005315408075891,26.953109299542817
2024-10-16,159.17,172.55850632260962,0,Low,-0.8445737355704137,1.4921388250375762,2.175159013946746,26.573249878333243
2024-10-17,183.5,175.98821865283873,0,Low,-0.9892889266863394,3.499294601321413,1.7291045311398574,28.586576106201324
2024-10-18,210.67,179.86626545130665,0,Low,-1.138432706738014,4.609349878047841,0.6092417286166656,32.62357421051772
2024-10-19,156.71,181.98212200772247,0,Low,-1.072175782081713,4.560873841350238,-0.0024938320305895,35.33338543962227
2024-10-20,124.83,181.95025342958465,0,Low,-0.9308213372430189,4.85168063574082,0.1513970450583417,34.715464745166074
2024-10-21,134.92,179.6851108901076,0,Low,-0.2554954766788606,4.631874354927553,0.8323330525713624,31.313866618425187
2024-10-22,179.55,172.12378223821003,0,Low,-0.7196360214470688,3.5780768546952038,0.9055502634713656,25.197258800628124
2024-10-23,111.06,179.71781080202308,0,Low,-0.5088911921128942,4.511590755530023,0.2476485121310149,32.30493038561253
2024-10-24,169.09,163.66096840585445,0,Low,-0.3710383133001337,2.790697024365341,1.0567865140969552,17.021990839829968
2024-10-25,139.12,172.43870410337357,0,Low,-0.3552458107751767,2.833136923559709,1.215213651532376,25.583066998194173
2024-10-26,192.47,164.64709043240973,1,Moderate,0.0315246649653207,1.7079883211861773,1.3499316492485378,18.395113456147342
2024-10-27,220.54,169.45572481276022,0,Low,-0.3494799168826911,1.4381682591774922,1.5765198488825287,23.627984280720423
2024-10-28,217.94,170.68099614454576,1,Moderate,0.2074517454677541,2.433125305168558,0.6686963781544366,24.2091903748926
2024-10-29,210.77,176.78888190559792,1,Moderate,1.2694987175577697,2.8074154749183573,0.1273978215054494,29.42203755075396
2024-10-30,141.32,184.0328721207981,1,Moderate,1.704446625234772,2.576645419279417,0.9412669675105524,35.64798076791096
2024-10-31,169.82,191.8729197860292,1,Moderate,8.189757137812538,3.367372868061969,1.411846502311082,35.74141093698113
2024-11-01,324.51,199.1314063100365,1,Moderate,12.113518651873768,2.7552131145168035,0.6974443211107999,40.40269788167261
2024-11-02,300.87,245.1407295363776,1,Moderate,12.846423320434027,2.9903444173100358,0.1576093254545549,85.98382013231628
2024-11-03,340.63,264.6663527267426,1,Moderate,9.921926686776915,2.8438055342299235,-1.2366982503589496,109.974786415232
2024-11-04,184.65,265.2618900232733,1,Moderate,8.280284578998627,3.2417425074747523,-1.217582607651299,111.79491320358876
2024-11-05,301.33,260.6089722813724,1,Moderate,7.876299763219041,2.9997015574477306,-1.6394529333620675,108.20989155320528
2024-11-06,388.9,261.7874648163836,1,Moderate,6.943827461836817,1.974638953243776,-0.8853494868891781,110.59181554732966
2024-11-07,234.06,282.3937643462245,1,Moderate,5.729304253800925,1.6756537673077296,-1.0729788161104965,132.89925280036394
2024-11-08,274.98,281.34568701475587,1,Moderate,4.441615280399759,2.1766638547828223,-3.330911280815101,134.89578681952597
2024-11-09,345.33,280.04537632060993,1,Moderate,4.839257777389972,1.7066014685163744,-4.384890830390366,134.72187556423157
2024-11-10,284.94,281.6762327769218,1,Moderate,4.675918622239634,2.397099257586673,-4.547048136115587,135.98773069234866
2024-11-11,308.68,279.5025967542759,1,Moderate,4.888352826125483,1.4357349743770569,-5.122937077827064,135.138913690738
2024-11-12,323.34,281.72545661270374,1,Moderate,4.974658327177241,2.7706033620207795,-5.297651957312024,136.11531453995536
2024-11-13,310.59,281.45168073918086,1,Moderate,4.770673049510456,2.6074752585009224,-5.266215097007581,136.17721518731483
2024-11-14,368.72,281.7097632630156,1,Moderate,5.288857320075162,1.669192586274058,-5.347411224793627,136.93659224059752
2024-11-15,282.46,279.6857822332302,1,Moderate,5.069926180309033,2.214976962395025,-5.770897789887058,135.00924453955076
2024-11-16,391.94,280.3423094517219,1,Moderate,4.737998245213265,2.289407577997712,-5.164827752118614,135.31719903976702
2024-11-17,364.7,280.1027252673114,1,Moderate,4.834748019789159,2.9146059500886072,-4.47461810696602,133.66545706353727
2024-11-18,196.03,284.396045979009,1,Moderate,4.6588004433608985,2.855781291786587,-0.9248104696012084,134.64374237260034
2024-11-19,321.58,289.1775152195663,1,Moderate,5.023050545687665,2.5842263415777262,2.310507984053743,136.0971980073847
2024-11-20,195.67,293.24828012450564,1,Moderate,5.278173995532868,2.6641329082855987,2.0592125927300957,140.08422828709453
2024-11-21,208.92,282.9437101586783,1,Moderate,6.476810884027997,3.613382133667873,1.5536059610186206,128.13737883910147
2024-11-22,374.9,283.42913815183715,1,Moderate,6.4434061659146735,3.519167931211954,1.983339595165445,128.32069211868267
2024-11-23,290.09,282.31110749673223,1,Moderate,6.497852676807804,2.724617990906826,1.29178200049474,128.63432248766037
2024-11-24,238.79,290.98769997599,1,Moderate,4.151749110783739,2.2690879656670737,1.326479814307675,140.0778507443691
2024-11-25,261.12,291.6974881261182,1,Moderate,4.240832570058415,2.512282530227993,1.1479299384220505,140.63391074654717
2024-11-26,208.32,292.18181749016713,1,Moderate,4.3950953299067566,1.9259793988013156,1.153021418314552,141.54518900228206
2024-11-27,293.98,291.7803243800758,0,Low,3.945843294746311,2.2018108557185085,1.2158830817507489,141.25425480699784
2024-11-28,240.21,291.7464013142821,0,Low,3.7183581326933983,2.701777324698332,0.93209169775525,141.2316418182726
2024-11-29,212.79,290.4429750470522,0,Low,3.563830497593822,2.1489680216416045,0.7297042079414028,140.8379399790128
2024-11-30,268.1,289.4888999716964,0,Low,3.603205935890586,2.085549525969597,0.6308990035514249,140.00671316542233
2024-12-01,254.26,291.84129466711585,0,Low,3.6070658380032135,2.581435248806049,0.8673745911332807,141.62288664831092
2024-12-02,196.45,292.6738358633608,0,Low,3.820092840683511,2.544764762893623,1.446412318811007,141.7000336001103
2024-12-03,214.23,282.88598308634084,0,Low,3.2123781020330866,2.3308692709787424,-2.8033277665839704,136.9835311390507
2024-12-04,226.1,282.0057699566931,0,Low,6.350030030520584,4.478098844793363,-1.7363486242354824,129.75145736475244
2024-12-05,210.63,270.3404073216578,0,Low,10.947391119295254,4.916585075609369,0.6268711254751278,110.68702766041586
2024-12-06,197.71,270.0142178166519,0,Low,11.401775592519916,4.652554539504817,2.017715468067588,108.77963987569726
2024-12-07,260.93,260.174952052254,0,Low,12.556990125278665,4.562514014733011,2.030002306227293,97.8629132651526
2024-12-08,290.42,277.0989754043614,2,High,6.166312053599479,3.9926915201682736,0.3278077093603967,123.44963178037068
2024-12-09,223.04,285.9917164404199,1,Moderate,3.3483126666204828,2.6376017415856468,0.5770352940688541,136.26623439728235
2024-12-10,335.86,286.17468241830227,1,Moderate,1.6801282329072091,2.3858961922226825,0.8974773560986165,138.04864829621138
2024-12-11,317.35,288.86431859542927,1,Moderate,0.3353944829232184,2.907358643897862,0.998509079750578,141.46052404799516
2024-12-12,229.59,287.3332574610778,1,Moderate,-0.2038756358130557,2.419502540852987,0.4315342854488589,141.52356392972663
2024-12-13,333.77,287.75032876490474,1,Moderate,-0.3708108066325993,2.8669350074131077,0.5732532753254901,141.51841894793634
2024-12-14,313.61,289.8985111775284,1,Moderate,-0.3097051972710617,3.434620170624897,0.5816495419111911,143.02941432140108
2024-12-15,313.99,289.85353655378844,1,Moderate,-0.2863903005242295,2.5933396260558648,0.4660298599237105,143.91802502747078
2024-12-16,342.05,285.6765628014046,0,Low,-0.6805207952343555,3.236056854546462,-2.298626930874179,142.25712133210433
2024-12-17,240.4,284.88615345931345,0,Low,-0.0764709405127373,2.457759647161142,-2.4293103976346377,141.77164280943734
2024-12-18,333.15,280.14745732953975,1,Moderate,-1.2915369421803509,2.001986141381587,-1.4741134576192616,137.74858924709537
2024-12-19,292.22,278.7096939867222,0,Low,-1.8096756148272637,1.910841427494202,-3.455467949544539,138.90146378273735
2024-12-20,366.69,279.2585845791257,0,Low,-1.801898090893126,1.7190823143588896,-3.3771250194998923,139.55599303429756
2024-12-21,229.39,283.60675210901195,0,Low,-2.127344637309033,2.628880792483633,-0.5052835791218724,140.4479671920967
2024-12-22,300.49,282.9422571042498,1,Moderate,-2.006881770083373,1.572888044788598,0.1717237306543678,140.0419947580279
2024-12-23,250.22,283.09982659894644,1,Moderate,-2.535711173566386,2.0801727940501458,0.0443711969146221,140.34846144068572
2024-12-24,272.65,283.6627966376587,0,Low,-2.178568153912208,1.754848652494797,-0.0780076911489198,141.00199148936275
2024-12-25,232.04,282.96383497228186,0,Low,-1.9770634894727688,1.5769109889194697,-0.1269181955915692,140.32837332756432
2024-12-26,268.11,284.83016559360914,0,Low,-2.3077013310619043,2.1947436888326424,-0.6445911983865695,142.42518209336274
2024-12-27,292.67,282.0104374638042,1,Moderate,-2.383382501495668,1.7228804082945492,-0.4550306185084982,139.96343783465133
2024-12-28,232.77,281.9045243908315,0,Low,-2.238413845823769,1.7803349899402383,-0.7225135436078021,139.9225844494604
2024-12-29,242.44,282.1636839511404,0,Low,-2.2670174059004555,2.2561498772682342,-0.8696826431255983,139.88170178203572
2024-12-30,368.27,286.05032138175125,1,Moderate,-2.1732996945173624,2.6934644377595496,0.5420692124543119,141.82555508519232
2024-12-31,348.83,286.9178803150939,1,Moderate,-2.2803017615375305,2.3901545770279427,0.7413410194772327,142.90415413926394
