date,group_a,group_b,effect_a,effect_b,effect_combined_ab,interaction_value,non_additive_flag
2020-01-01,biomass_burning,wind_ventilation,-0.9449344677372551,-11.611089667893964,-13.716858095690156,-1.1608339600589375,False
2020-01-02,biomass_burning,wind_ventilation,-0.9449344677372551,-11.611089667893964,-13.716858095690156,-1.1608339600589375,False
2020-01-03,biomass_burning,wind_ventilation,0.27792447507317775,-13.63622045521663,-13.357198867608815,0.00109711253463729,False
2020-01-04,biomass_burning,wind_ventilation,-0.4701020802889957,-15.369866556033116,-16.588628954700823,-0.748660318378711,False
2020-01-05,biomass_burning,wind_ventilation,0.18121970972504187,-14.509754319793387,-14.943682154829446,-0.6151475447611006,False
2020-01-06,biomass_burning,wind_ventilation,-0.40533081243796687,-16.28616617416543,-17.440157304982165,-0.7486603183787679,False
2020-01-07,biomass_burning,wind_ventilation,-0.6330755818734701,-16.746021362057093,-17.377999831395982,0.0010971125345804467,False
2020-01-08,biomass_burning,wind_ventilation,-0.19719388241799152,-15.987887510612723,-15.802582453573109,0.38249893945760505,False
2020-01-09,biomass_burning,wind_ventilation,0.7392350474285649,-14.838276732669556,-14.325409202042067,-0.22636751680107636,False
2020-01-10,biomass_burning,wind_ventilation,-0.9956607252305503,-16.694762939844168,-17.938615747386677,-0.24819208231195944,False
2020-01-11,biomass_burning,wind_ventilation,-0.725065781804517,-15.201922415624153,-16.175180279740516,-0.24819208231184575,False
2020-01-12,biomass_burning,wind_ventilation,-0.30066436475362934,-16.05310400079958,-16.573017864146948,-0.2192494985937401,False
2020-01-13,biomass_burning,wind_ventilation,-0.055382854070558096,-15.40060505713808,-15.863878532109425,-0.40789062090078687,False
2020-01-14,biomass_burning,wind_ventilation,-0.02444844538547386,-17.107345621835634,-16.87416374040083,0.2576303268202764,False
2020-01-15,biomass_burning,wind_ventilation,0.452954400034173,-16.01003222564367,-15.38457995677237,0.1724978688371266,False
2020-01-16,biomass_burning,wind_ventilation,0.29526633664511337,-16.40546951239827,-15.728801348830189,0.38140182692296776,False
2020-01-17,biomass_burning,wind_ventilation,-0.03618771550316069,-16.318509658139874,-16.488814414253852,-0.13411704061081764,False
2020-01-18,biomass_burning,wind_ventilation,-0.4934395213656444,-17.071411647773743,-17.813169252683167,-0.24831808354377927,False
2020-01-19,biomass_burning,wind_ventilation,0.7412151254935111,-15.687984904991538,-14.867811046689155,0.07895873280887145,False
2020-01-20,biomass_burning,wind_ventilation,0.31919186661883714,-17.01274487565371,-16.907118073494757,-0.21356506445988543,False
2020-01-21,biomass_burning,wind_ventilation,1.3256409536978708,-13.442822390229423,-12.647323496211868,-0.5301420596803155,False
2020-01-22,biomass_burning,wind_ventilation,0.20673731439558196,-15.980686832445429,-16.622087931395242,-0.8481384133453957,False
2020-01-23,biomass_burning,wind_ventilation,-0.7021059804843617,-15.62511127802469,-17.021642056284577,-0.6944247977755253,False
2020-01-24,biomass_burning,wind_ventilation,0.3097934846828707,-17.17789383062683,-17.411357562502758,-0.5432572165587999,False
2020-01-25,biomass_burning,wind_ventilation,0.3330356662698932,-15.350064058792782,-14.912742469198008,0.10428592332488051,False
2020-01-26,biomass_burning,wind_ventilation,-0.01756675390356577,-16.08528123092094,-15.791170722213963,0.3116772626105444,False
2020-01-27,biomass_burning,wind_ventilation,1.1783299801565477,-15.973116971888487,-14.847823080667467,-0.053036088935527914,False
2020-01-28,biomass_burning,wind_ventilation,1.2406092502252477,-16.484523036178985,-15.602588829036733,-0.3586750430829966,False
2020-01-29,biomass_burning,wind_ventilation,0.22297690551027927,-14.43983184776306,-14.673661477616974,-0.45680653536419413,False
2020-01-30,biomass_burning,wind_ventilation,-0.531512733705938,-16.219062152832294,-17.2565232969024,-0.5059484103641694,False
2020-01-31,biomass_burning,wind_ventilation,-0.3294968652318744,-10.564507171927175,-11.284654292055393,-0.3906502548963431,False
2020-02-01,biomass_burning,wind_ventilation,0.3795113717549725,-8.699070275940358,-9.110778678185909,-0.791219774000524,False
2020-02-02,biomass_burning,wind_ventilation,-0.42069602828715347,-7.743231335347559,-8.705731941556849,-0.5418045779221359,False
2020-02-03,biomass_burning,wind_ventilation,0.031820289912758426,-1.7892307266771468,-1.7574104367643884,0.0,False
2020-02-04,biomass_burning,wind_ventilation,-0.5513499206378185,-3.10872971050361,-3.6600796311414854,-5.684341886080802e-14,False
2020-02-05,biomass_burning,wind_ventilation,0.3326580854431427,-2.9185807474053718,-2.5859226619622007,2.842170943040401e-14,False
2020-02-06,biomass_burning,wind_ventilation,1.3908897591052494,-2.6208961048796766,-1.2921028149962694,-0.0620964692218422,False
2020-02-07,biomass_burning,wind_ventilation,0.18560725705023629,-2.642128466866808,-2.4129753377686143,0.043545872047957346,False
2020-02-08,biomass_burning,wind_ventilation,-0.16492398247251572,-2.974449445067904,-2.8333350590999373,0.3060383684404826,False
2020-02-09,biomass_burning,wind_ventilation,1.2956704514751607,-3.025132754932571,-1.7557538907590242,-0.026291587301614072,False
2020-02-10,biomass_burning,wind_ventilation,0.2949281317932275,-2.3010526614025366,-1.9574592131169197,0.048665316492389366,False
2020-02-11,biomass_burning,wind_ventilation,0.8329229224473238,-3.3785107288866527,-2.5667599492964257,-0.021172142857096787,False
2020-02-12,biomass_burning,wind_ventilation,0.40660967863652786,-2.1277931677213644,-1.859326357748472,-0.13814286866363545,False
2020-02-13,biomass_burning,wind_ventilation,0.11794706056107884,-3.3042274386237125,-2.968572204427403,0.21770817363523065,False
2020-02-14,biomass_burning,wind_ventilation,0.5110565267582672,-1.3721868491293208,-0.791292863021539,0.06983745934951457,False
2020-02-15,biomass_burning,wind_ventilation,1.0417193531104658,1.545117703523374,2.412674755046453,-0.174162301587387,False
2020-02-16,biomass_burning,wind_ventilation,2.1422447712735675,1.7380039125924611,3.880248683866,-2.842170943040401e-14,False
2020-02-17,biomass_burning,wind_ventilation,2.213441455399362,1.2824702182758188,3.4959116736752094,2.842170943040401e-14,False
2020-02-18,biomass_burning,wind_ventilation,1.1135812505346507,-0.2039467864821347,0.9096344640525444,2.842170943040401e-14,False
2020-02-19,biomass_burning,wind_ventilation,1.261459793605269,-0.6344406348362099,0.6270191587690874,2.842170943040401e-14,False
2020-02-20,biomass_burning,wind_ventilation,2.621780493556372,1.469478765495353,3.9170969574643664,-0.17416230158735857,False
2020-02-21,biomass_burning,wind_ventilation,0.9417922760139561,1.7889563419668093,2.730748617980737,-2.842170943040401e-14,False
2020-02-22,biomass_burning,wind_ventilation,1.0268481645845782,1.9794360542500158,3.0062842188345655,-2.842170943040401e-14,False
2020-02-23,biomass_burning,wind_ventilation,0.40233697922204215,0.19979985748886975,0.6719742960604549,0.069837459349543,False
2020-02-24,biomass_burning,wind_ventilation,0.17276764702469904,-0.416778771682516,-0.306107593879716,-0.06209646922189904,False
2020-02-25,biomass_burning,wind_ventilation,0.05781841337332594,-1.2971943847369687,-1.2393759713636427,0.0,False
2020-02-26,biomass_burning,wind_ventilation,0.5164061294795204,-1.5117853142675415,-0.995379184788078,-5.684341886080802e-14,False
2020-02-27,biomass_burning,wind_ventilation,0.05545206681247805,-1.6616719222332677,-1.5363823960713034,0.06983745934948615,False
2020-02-28,biomass_burning,wind_ventilation,1.2704094930415124,-1.6408605049080052,-0.3704510118665212,-2.842170943040401e-14,False
2020-02-29,biomass_burning,wind_ventilation,1.029996522555507,-2.7851548667359225,-1.887092272751886,-0.13193392857147046,False
2020-03-01,biomass_burning,wind_ventilation,5.484547916099103,0.9020678224906646,6.386615738589768,0.0,False
2020-03-02,biomass_burning,wind_ventilation,1.9720870962080568,0.3176410958200364,2.289728192028079,-1.4210854715202004e-14,False
2020-03-03,biomass_burning,wind_ventilation,2.0935518932781463,-0.3868524435766716,1.706699449701489,1.4210854715202004e-14,False
2020-03-04,biomass_burning,wind_ventilation,0.4278843850855196,-0.09867189804513998,0.32921248704038675,7.105427357601002e-15,False
2020-03-05,biomass_burning,wind_ventilation,0.4065890153078513,-0.08342157551966523,0.3231674397881932,7.105427357601002e-15,False
2020-03-06,biomass_burning,wind_ventilation,0.3129619861532902,0.019186250335032184,0.3321482364883366,1.4210854715202004e-14,False
2020-03-07,biomass_burning,wind_ventilation,-0.04243555648665165,-0.024170555276384675,-0.06660611176302922,7.105427357601002e-15,False
2020-03-08,biomass_burning,wind_ventilation,-1.1627345242859377,-0.024170555276384675,-1.1869050795623366,-1.4210854715202004e-14,False
2020-03-09,biomass_burning,wind_ventilation,-0.3156996882400307,-0.024170555276370465,-0.33987024351641537,-1.4210854715202004e-14,False
2020-03-10,biomass_burning,wind_ventilation,-0.11189725709493104,0.09779902744531199,-0.014098229649626148,-7.105427357601002e-15,False
2020-03-11,biomass_burning,wind_ventilation,-0.11196855998188227,0.1811449774723073,0.07227206302471245,0.003095645534287428,False
2020-03-12,biomass_burning,wind_ventilation,0.2231544307119151,0.050159674480326544,0.27331410519224164,0.0,False
2020-03-13,biomass_burning,wind_ventilation,-0.3210881829255072,0.042302829282405696,-0.27878535364310864,-7.105427357601002e-15,False
2020-03-14,biomass_burning,wind_ventilation,0.2651521317958938,-0.0772609372020554,0.18789119459385262,1.4210854715202004e-14,False
2020-03-15,biomass_burning,wind_ventilation,-0.08557052009242483,-0.07313497939907876,-0.1587054994915178,-1.4210854715202004e-14,False
2020-03-16,biomass_burning,wind_ventilation,0.00939684269637553,0.1350872157786398,0.1268405812022877,-0.017643477272727637,False
2020-03-17,biomass_burning,wind_ventilation,0.1769652475425545,0.11434809297162474,0.29440898604845245,0.003095645534273217,False
2020-03-18,biomass_burning,wind_ventilation,0.31389976575619727,0.02805319601340983,0.3419529617696071,0.0,False
2020-03-19,biomass_burning,wind_ventilation,0.21868852872187006,-0.2128535876123152,0.005834941109554848,0.0,False
2020-03-20,biomass_burning,wind_ventilation,-0.7008175415223405,-0.2309860251148379,-0.9287079211028768,0.0030956455343016387,False
2020-03-21,biomass_burning,wind_ventilation,-0.6926827867298755,0.035910041211337784,-0.6567727455185235,1.4210854715202004e-14,False
2020-03-22,biomass_burning,wind_ventilation,-0.394361256646917,-0.15636458506140372,-0.5476301961740262,0.0030956455342945333,False
2020-03-23,biomass_burning,wind_ventilation,-0.12459361854292439,0.027226963037541907,-0.09736665550537538,7.105427357601002e-15,False
2020-03-24,biomass_burning,wind_ventilation,-0.4716226961652765,-0.31785591042088157,-0.7672576933014525,0.022220913284705546,False
2020-03-25,biomass_burning,wind_ventilation,-0.4080031165043678,-0.7106577750632894,-1.1550458528566878,-0.03638496128903057,False
2020-03-26,biomass_burning,wind_ventilation,-0.23096189906102893,-0.21812660415142915,-0.4490885032124581,0.0,False
2020-03-27,biomass_burning,wind_ventilation,-0.1361403427079324,-0.7018606528125062,-0.8380009955204528,-1.4210854715202004e-14,False
2020-03-28,biomass_burning,wind_ventilation,-0.08069554765228304,-0.8240604422949005,-0.9047559899471764,7.105427357601002e-15,False
2020-03-29,biomass_burning,wind_ventilation,-0.35256637178067507,-1.4846151336205082,-1.837181505401162,2.1316282072803006e-14,False
2020-03-30,biomass_burning,wind_ventilation,-0.4755117812064782,7.105427357601002e-15,-0.4755117812064711,0.0,False
2020-03-31,biomass_burning,wind_ventilation,-0.060759844327321844,-0.060216299935653694,-0.12097614426297554,0.0,False
2020-04-01,biomass_burning,wind_ventilation,-0.238784918206548,-0.1358788283855148,-0.3746637465920699,-7.105427357601002e-15,False
2020-04-02,biomass_burning,wind_ventilation,-2.2484923049348993,-0.017373457017420435,-2.262770116418011,0.003095645534308744,False
2020-04-03,biomass_burning,wind_ventilation,-1.8074554197841763,0.028650691486873825,-1.778804728297331,-2.842170943040401e-14,False
2020-04-04,biomass_burning,wind_ventilation,-2.502605228374044,-0.12486496384124024,-2.507719627699146,0.11975056451613852,False
2020-04-05,biomass_burning,wind_ventilation,-1.8271052560222358,-0.06277873407571377,-1.8898839900979425,7.105427357601002e-15,False
2020-04-06,biomass_burning,wind_ventilation,-2.0657243639945975,-0.18484489786880687,-2.2505692618634257,-2.1316282072803006e-14,False
2020-04-07,biomass_burning,wind_ventilation,-2.0575197681799366,-0.18484489786880687,-2.242364666048765,-2.1316282072803006e-14,False
2020-04-08,biomass_burning,wind_ventilation,-2.0868712737168096,-0.16172831892144757,-2.2485995926382643,-7.105427357601002e-15,False
2020-04-09,biomass_burning,wind_ventilation,-1.9416706849852048,-0.18484489786882108,-2.126515582854026,0.0,False
2020-04-10,biomass_burning,wind_ventilation,-2.2527942938313643,-0.1347825030876848,-2.387576796919028,2.1316282072803006e-14,False
2020-04-11,biomass_burning,wind_ventilation,-2.3331691570851163,-0.18484489786882818,-2.5180140549539303,1.4210854715202004e-14,False
2020-04-12,biomass_burning,wind_ventilation,-2.270215374126572,-0.15388611212451053,-2.4241014862510752,7.105427357601002e-15,False
2020-04-13,biomass_burning,wind_ventilation,-2.604746536323688,-0.48707066672218957,-2.8922138984481975,0.19960330459768016,False
2020-04-14,biomass_burning,wind_ventilation,-2.659786052266547,-0.4870706667221967,-2.947253414391035,0.1996033045977086,False
2020-04-15,biomass_burning,wind_ventilation,-2.578118486550906,-0.18218262520384343,-2.7603011117547425,7.105427357601002e-15,False
2020-04-16,biomass_burning,wind_ventilation,-2.4648611998957364,-0.01529681176712927,-2.5379893814639516,-0.05783136980108594,False
2020-04-17,biomass_burning,wind_ventilation,-2.578941841701976,-0.06277873407572798,-2.64172057577769,1.4210854715202004e-14,False
2020-04-18,biomass_burning,wind_ventilation,-2.846609533813016,-0.06277873407572798,-2.9093882678887297,1.4210854715202004e-14,False
2020-04-19,biomass_burning,wind_ventilation,-2.8816070658643014,-0.06277873407572798,-2.9443857999400223,7.105427357601002e-15,False
2020-04-20,biomass_burning,wind_ventilation,-2.8498982372847195,-0.06277873407570667,-2.9126769713604332,-7.105427357601002e-15,False
2020-04-21,biomass_burning,wind_ventilation,-2.833048585147637,-0.06277873407570667,-2.8958273192233506,-7.105427357601002e-15,False
2020-04-22,biomass_burning,wind_ventilation,-2.827185187715777,-0.0894462018066946,-2.916631389522472,0.0,False
2020-04-23,biomass_burning,wind_ventilation,-2.7964575604009525,-0.0894462018066946,-2.885903762207647,0.0,False
2020-04-24,biomass_burning,wind_ventilation,-3.04714880524417,-0.06277873407572798,-3.1099275393198837,1.4210854715202004e-14,False
2020-04-25,biomass_burning,wind_ventilation,-3.2036587948831823,-0.12860395624489485,-3.3100418378433574,0.022220913284719757,False
2020-04-26,biomass_burning,wind_ventilation,-3.1363169137110987,-0.1384800958188137,-3.2747970095299124,0.0,False
2020-04-27,biomass_burning,wind_ventilation,-3.269817078382758,-0.10574424831308704,-3.2558107621797063,0.11975056451613852,False
2020-04-28,biomass_burning,wind_ventilation,-3.0809427269409753,0.02311657894737351,-3.057826147993616,-1.4210854715202004e-14,False
2020-04-29,biomass_burning,wind_ventilation,-3.4093869276444053,-1.4210854715202004e-14,-3.4093869276444053,1.4210854715202004e-14,False
2020-04-30,biomass_burning,wind_ventilation,-3.251584416727013,0.029062389908936836,-3.2003011135333423,0.022220913284733967,False
2020-05-01,biomass_burning,wind_ventilation,-3.083670604222462,-0.009110262744322029,-3.092780866966777,7.105427357601002e-15,False
2020-05-02,biomass_burning,wind_ventilation,-3.2168141416432547,-0.10056431418111345,-3.1976278913082155,0.11975056451615274,False
2020-05-03,biomass_burning,wind_ventilation,-3.2612550245424075,0.0,-3.2612550245424075,0.0,False
2020-05-04,biomass_burning,wind_ventilation,-3.0559121858196434,0.0,-3.0559121858196434,0.0,False
2020-05-05,biomass_burning,wind_ventilation,-3.3592706857565204,0.0,-3.3592706857565204,0.0,False
2020-05-06,biomass_burning,wind_ventilation,-2.9220256332250685,0.023116578947352195,-2.898909054277695,2.1316282072803006e-14,False
2020-05-07,biomass_burning,wind_ventilation,-3.427290246744981,-0.03966215512834026,-3.4669524018733355,-1.4210854715202004e-14,False
2020-05-08,biomass_burning,wind_ventilation,-3.2915176526614474,-0.06277873407570667,-3.3542963867371682,-1.4210854715202004e-14,False
2020-05-09,biomass_burning,wind_ventilation,-3.303113431064766,-0.06277873407571377,-3.3658921651404796,0.0,False
2020-05-10,biomass_burning,wind_ventilation,-3.4948445683627725,-0.20598141264714798,-3.7008259810099133,7.105427357601002e-15,False
2020-05-11,biomass_burning,wind_ventilation,-3.3283574933632636,-0.06277873407572798,-3.3911362274389845,7.105427357601002e-15,False
2020-05-12,biomass_burning,wind_ventilation,-3.348416779495203,-0.06277873407570667,-3.4111955135709096,0.0,False
2020-05-13,biomass_burning,wind_ventilation,-3.4552490991276343,-0.06277873407572798,-3.518027833203341,2.1316282072803006e-14,False
2020-05-14,biomass_burning,wind_ventilation,-3.7336112834363746,-0.11105573993278028,-3.844667023369148,7.105427357601002e-15,False
2020-05-15,biomass_burning,wind_ventilation,-3.567570339499582,-0.03199393540315043,-3.617207752175446,-0.017643477272713426,False
2020-05-16,biomass_burning,wind_ventilation,-3.4284411156874555,-0.20598141264714798,-3.6344225283346034,0.0,False
2020-05-17,biomass_burning,wind_ventilation,-3.0233022026172307,-0.1825292985918594,-3.0860809366929374,0.11975056451615274,False
2020-05-18,biomass_burning,wind_ventilation,-3.279154171310452,-0.10874540074239292,-3.3878995720528238,2.1316282072803006e-14,False
2020-05-19,biomass_burning,wind_ventilation,-3.4495880254096747,-0.2542584185041932,-3.703846443913868,0.0,False
2020-05-20,biomass_burning,wind_ventilation,-3.2838617221635644,-0.1087454007423716,-3.392607122905943,-7.105427357601002e-15,False
2020-05-21,biomass_burning,wind_ventilation,-3.3393133523736083,-0.1087454007423716,-3.448058753115994,-1.4210854715202004e-14,False
2020-05-22,biomass_burning,wind_ventilation,-3.3360007608008857,-0.10874540074238581,-3.4447461615432715,0.0,False
2020-05-23,biomass_burning,wind_ventilation,-3.0942931716693636,-0.13152676654668483,-3.2035990249313215,0.022220913284726862,False
2020-05-24,biomass_burning,wind_ventilation,-3.4014591257322024,-0.1534733383401914,-3.5549324640723867,7.105427357601002e-15,False
2020-05-25,biomass_burning,wind_ventilation,-2.8641766614030573,-0.10056431418110634,-2.844990411068025,0.11975056451613852,False
2020-05-26,biomass_burning,wind_ventilation,-3.270880040688553,0.0,-3.2708800406885388,1.4210854715202004e-14,False
2020-05-27,biomass_burning,wind_ventilation,-3.2674275082677156,0.0,-3.3252588780687944,-0.057831369801078836,False
2020-05-28,biomass_burning,wind_ventilation,-3.59029049899042,-1.4210854715202004e-14,-3.590290498990413,2.1316282072803006e-14,False
2020-05-29,biomass_burning,wind_ventilation,-3.487518619839726,0.02311657894737351,-3.4644020408923595,-7.105427357601002e-15,False
2020-05-30,biomass_burning,wind_ventilation,-3.446110891572019,-0.06795866820768026,-3.5140695597797063,-7.105427357601002e-15,False
2020-05-31,biomass_burning,wind_ventilation,-3.6257475403607273,-0.03966215512835447,-3.7232410652901606,-0.057831369801078836,False
2020-06-01,biomass_burning,wind_ventilation,-3.8835722856612875,-0.03966215512835447,-3.923234440789628,1.4210854715202004e-14,False
2020-06-02,biomass_burning,wind_ventilation,-4.454658768835095,-0.30021851147530043,-4.631976785496086,0.12290049481430998,False
2020-06-03,biomass_burning,wind_ventilation,-0.22328385725235478,0.06074726254132656,-0.16253659471102821,0.0,False
2020-06-04,biomass_burning,wind_ventilation,0.015420428667425767,0.14857318905579575,0.16399361772322152,0.0,False
2020-06-05,biomass_burning,wind_ventilation,0.05967612929138966,0.21579045988764278,0.27546658917906086,2.842170943040401e-14,False
2020-06-06,biomass_burning,wind_ventilation,0.07215031874406463,0.2996206375545114,0.37177095629857604,0.0,False
2020-06-07,biomass_burning,wind_ventilation,0.044341000424381605,0.2827199917538792,0.3270609921782466,-1.4210854715202004e-14,False
2020-06-08,biomass_burning,wind_ventilation,-0.5999646237111023,-0.18509922253984712,-0.5854605416532337,0.1996033045977157,False
2020-06-09,biomass_burning,wind_ventilation,-0.11723225555495276,0.07839931232079778,-0.03883294323415498,0.0,False
2020-06-10,biomass_burning,wind_ventilation,0.0517661848308677,0.042768731198762566,0.09453491602961606,-1.4210854715202004e-14,False
2020-06-11,biomass_burning,wind_ventilation,0.0838633200143164,-0.30279393275459654,-0.21893061274028014,0.0,False
2020-06-12,biomass_burning,wind_ventilation,0.044217546739787394,-0.3166817703448288,-0.2724642236050272,1.4210854715202004e-14,False
2020-06-13,biomass_burning,wind_ventilation,0.044217546739801605,-0.3659657169185948,-0.3217481701787932,0.0,False
2020-06-14,biomass_burning,wind_ventilation,-0.04257333617093195,-0.07914408789490324,-0.12171742406582098,1.4210854715202004e-14,False
2020-06-15,biomass_burning,wind_ventilation,-0.3818536526424907,-0.47152624444620983,-0.6537765924909991,0.19960330459770148,False
2020-06-16,biomass_burning,wind_ventilation,-0.10635590621670588,-0.27697725980522137,-0.38333316602192724,0.0,False
2020-06-17,biomass_burning,wind_ventilation,-0.1607834211115744,-0.09250105052215929,-0.25328447163370527,2.842170943040401e-14,False
2020-06-18,biomass_burning,wind_ventilation,-0.07727508130079741,-0.22739809124165333,-0.3046731725424223,2.842170943040401e-14,False
2020-06-19,biomass_burning,wind_ventilation,0.03555997517852916,-0.19976606825611043,-0.16420609307755285,2.842170943040401e-14,False
2020-06-20,biomass_burning,wind_ventilation,0.048695714424610514,0.15380979495472502,0.20250550937934975,1.4210854715202004e-14,False
2020-06-21,biomass_burning,wind_ventilation,-0.2693468388819582,-0.26157869241623644,-0.33132222670047895,0.1996033045977157,False
2020-06-22,biomass_burning,wind_ventilation,-0.11251790779894577,-0.2575937159233206,-0.37011162372223794,2.842170943040401e-14,False
2020-06-23,biomass_burning,wind_ventilation,-0.060322724163327734,-0.265551328575512,-0.3258740527388113,2.842170943040401e-14,False
2020-06-24,biomass_burning,wind_ventilation,0.06091656976946069,-0.18343536306728936,-0.12251879329782867,0.0,False
2020-06-25,biomass_burning,wind_ventilation,0.08872588808914372,-0.23410593680405611,-0.14538004871489818,1.4210854715202004e-14,False
2020-06-26,biomass_burning,wind_ventilation,0.06091656976944648,-0.3847158449068502,-0.3237992751373895,1.4210854715202004e-14,False
2020-06-27,biomass_burning,wind_ventilation,0.06091656976944648,-0.2575937159233206,-0.1966771461538599,1.4210854715202004e-14,False
2020-06-28,biomass_burning,wind_ventilation,0.03530664107069015,-0.07556726942242165,-0.04026062835171729,1.4210854715202004e-14,False
2020-06-29,biomass_burning,wind_ventilation,0.03530664107069015,0.10763558219055369,0.14294222326128647,4.263256414560601e-14,False
2020-06-30,biomass_burning,wind_ventilation,0.03530664107071857,0.08965602055725697,0.12496266162798975,1.4210854715202004e-14,False
2020-07-01,biomass_burning,wind_ventilation,0.0965830239102985,0.13994659801258535,0.23652962192289806,1.4210854715202004e-14,False
2020-07-02,biomass_burning,wind_ventilation,-0.013065754398041918,0.05628907344014067,0.04322331904212717,2.842170943040401e-14,False
2020-07-03,biomass_burning,wind_ventilation,-0.5910331463995604,-0.18000997740478653,-0.771043123804354,-7.105427357601002e-15,False
2020-07-04,biomass_burning,wind_ventilation,-1.444913930356094,-0.1747248299661237,-1.6196387603222107,7.105427357601002e-15,False
2020-07-05,biomass_burning,wind_ventilation,-1.2508959541700193,-0.06277873407571377,-1.313674688245726,7.105427357601002e-15,False
2020-07-06,biomass_burning,wind_ventilation,-0.3451918410724275,-0.07702836734470253,-0.42222020841713714,-7.105427357601002e-15,False
2020-07-07,biomass_burning,wind_ventilation,-0.306174049638372,-0.07702836734469543,-0.38320241698308166,-1.4210854715202004e-14,False
2020-07-08,biomass_burning,wind_ventilation,-1.821509743503384,-0.08694928935209845,-1.9084590328554896,-7.105427357601002e-15,False
2020-07-09,biomass_burning,wind_ventilation,-1.6874090536401951,-0.08694928935210555,-1.7743583429923007,0.0,False
2020-07-10,biomass_burning,wind_ventilation,-2.171318238688471,0.07514090922351357,-2.096177329464979,-2.1316282072803006e-14,False
2020-07-11,biomass_burning,wind_ventilation,-0.12838679927040886,-0.09770410505431215,-0.226090904324721,0.0,False
2020-07-12,biomass_burning,wind_ventilation,-0.22392673966777465,0.0,-0.22392673966778176,-7.105427357601002e-15,False
2020-07-13,biomass_burning,wind_ventilation,-0.14552618492562885,0.0,-0.14552618492562885,0.0,False
2020-07-14,biomass_burning,wind_ventilation,-0.4625645491897217,7.105427357601002e-15,-0.46256454918970746,7.105427357601002e-15,False
2020-07-15,biomass_burning,wind_ventilation,-0.7866010612262286,-0.12390794961650187,-0.9105090108427305,0.0,False
2020-07-16,biomass_burning,wind_ventilation,-0.13884330780254572,-0.01424963326898876,-0.15309294107152738,7.105427357601002e-15,False
2020-07-17,biomass_burning,wind_ventilation,-0.2112433423179283,-0.06277873407572088,-0.27402207639364207,7.105427357601002e-15,False
2020-07-18,biomass_burning,wind_ventilation,-0.19084943137337262,-0.1273227879013774,-0.31817221927475714,-7.105427357601002e-15,False
2020-07-19,biomass_burning,wind_ventilation,-0.34240820648567905,-0.06277873407571377,-0.4051869405613928,0.0,False
2020-07-20,biomass_burning,wind_ventilation,-0.27299804892089696,-0.10315223262499273,-0.3761502815458826,7.105427357601002e-15,False
2020-07-21,biomass_burning,wind_ventilation,-0.06956420554264753,-0.10315223262499273,-0.17271643816764026,0.0,False
2020-07-22,biomass_burning,wind_ventilation,-0.20679387887453515,0.0544017864164843,-0.13165296965102868,0.02073912280702217,False
2020-07-23,biomass_burning,wind_ventilation,-0.04556004890585541,0.0,-0.045560048905862516,-7.105427357601002e-15,False
2020-07-24,biomass_burning,wind_ventilation,-0.0949933509052272,0.13505193167652862,0.060797703578316487,0.020739122807015065,False
2020-07-25,biomass_burning,wind_ventilation,-0.03922532521270483,0.13666578673312557,0.09744046152041363,-7.105427357601002e-15,False
2020-07-26,biomass_burning,wind_ventilation,-0.021931881189928504,0.08065014526004433,0.05871826407010872,-7.105427357601002e-15,False
2020-07-27,biomass_burning,wind_ventilation,-0.0949933509052201,0.09467843312725677,0.020424205029037523,0.020739122807000854,False
2020-07-28,biomass_burning,wind_ventilation,-0.05685473875278291,0.06640051199104136,0.009545773238251343,-7.105427357601002e-15,False
2020-07-29,biomass_burning,wind_ventilation,-0.24291991476224695,0.08065014526004433,-0.16226976950222394,-2.1316282072803006e-14,False
2020-07-30,biomass_burning,wind_ventilation,-0.10171024110258742,0.04027664671075115,-0.061433594391836266,0.0,False
2020-07-31,biomass_burning,wind_ventilation,-0.5569095021651194,0.13505193167652152,-0.4011184476815757,0.02073912280702217,False
2020-08-01,biomass_burning,wind_ventilation,-0.35513861722083817,0.0157741999262484,-0.2995000267371566,0.03986439055743318,False
2020-08-02,biomass_burning,wind_ventilation,0.017399489345422126,-0.025990733165095037,-0.008591243819687122,-1.4210854715202004e-14,False
2020-08-03,biomass_burning,wind_ventilation,-0.017523368217425173,-0.08688200911960564,-0.10440537733704502,-1.4210854715202004e-14,False
2020-08-04,biomass_burning,wind_ventilation,0.016951679474189518,-0.1080191481119499,-0.09106746863776038,0.0,False
2020-08-05,biomass_burning,wind_ventilation,0.14787760908068748,-0.0471278721574393,0.10074973692324107,-7.105427357601002e-15,False
2020-08-06,biomass_burning,wind_ventilation,-0.2792193071160014,-0.10801914811195701,-0.3872384552279655,-7.105427357601002e-15,False
2020-08-07,biomass_burning,wind_ventilation,-0.3673428562384231,0.0372698002408427,-0.3300730559975875,-7.105427357601002e-15,False
2020-08-08,biomass_burning,wind_ventilation,-0.3217627071175073,-0.07302863791596792,-0.39479134503346813,7.105427357601002e-15,False
2020-08-09,biomass_burning,wind_ventilation,-0.07802917385645713,0.06750103138094232,0.010210980331507358,0.02073912280702217,False
2020-08-10,biomass_burning,wind_ventilation,0.10030956339723929,0.12124893634342726,0.22155849974065234,-1.4210854715202004e-14,False
2020-08-11,biomass_burning,wind_ventilation,0.0,-0.021049683463267854,-0.021049683463282065,-1.4210854715202004e-14,False
2020-08-12,biomass_burning,wind_ventilation,-0.07687889135938519,-0.11373143364107108,-0.16987120219345542,0.020739122807000854,False
2020-08-13,biomass_burning,wind_ventilation,-0.05718400572678206,-0.06971508304073382,-0.12689908876752298,-7.105427357601002e-15,False
2020-08-14,biomass_burning,wind_ventilation,-0.015113074511539537,0.005425826182772653,-0.00968724832877399,-7.105427357601002e-15,False
2020-08-15,biomass_burning,wind_ventilation,0.01739948934541502,-0.006800050194279095,0.01059943915112882,-7.105427357601002e-15,False
2020-08-16,biomass_burning,wind_ventilation,0.06591327343835474,0.016105468034538717,0.08201874147289345,0.0,False
2020-08-17,biomass_burning,wind_ventilation,-0.1266043417788083,-0.0068272434082388145,-0.13343158518706133,-1.4210854715202004e-14,False
2020-08-18,biomass_burning,wind_ventilation,-0.12246048649249985,-0.14498482629373655,-0.2674453127862435,-7.105427357601002e-15,False
2020-08-19,biomass_burning,wind_ventilation,-0.036757670823739375,0.04957231255276895,-0.004828835543698062,-0.017643477272727637,False
2020-08-20,biomass_burning,wind_ventilation,-0.0768788913593923,-0.1899383966137549,-0.26372164243885976,0.003095645534287428,False
2020-08-21,biomass_burning,wind_ventilation,-0.03516684549015281,-0.3145373586431788,-0.3497042041333458,-1.4210854715202004e-14,False
2020-08-22,biomass_burning,wind_ventilation,0.0261118603250452,-0.059380941748436555,-0.03326908142341267,-2.1316282072803006e-14,False
2020-08-23,biomass_burning,wind_ventilation,0.08277213144715745,-0.10015044101128723,-0.017378309564136885,-7.105427357601002e-15,False
2020-08-24,biomass_burning,wind_ventilation,0.17211704873586342,-0.05687146357395534,0.11524558516190098,-7.105427357601002e-15,False
2020-08-25,biomass_burning,wind_ventilation,-0.5520657376613798,-0.15507633192432024,-0.7071420695857071,-7.105427357601002e-15,False
2020-08-26,biomass_burning,wind_ventilation,-1.4040751971531336,0.03773810596736382,-1.3663370911857697,0.0,False
2020-08-27,biomass_burning,wind_ventilation,-1.1201518296405695,0.026380403454353996,-1.0715505129015241,0.022220913284691335,False
2020-08-28,biomass_burning,wind_ventilation,0.1489807793463669,0.10510378215431615,0.2364410842279412,-0.017643477272741848,False
2020-08-29,biomass_burning,wind_ventilation,0.12967634851547416,-0.11177717943115795,0.00025569181158147103,-0.017643477272734742,False
2020-08-30,biomass_burning,wind_ventilation,-1.4396258617335462,-0.12382049408743256,-1.5821878398372817,-0.018741484016302934,False
2020-08-31,biomass_burning,wind_ventilation,-1.2247524974312753,0.005250365461527906,-1.2382436159860504,-0.018741484016302934,False
2020-09-01,biomass_burning,wind_ventilation,-0.8031062987473305,0.05647958998365965,-0.7653681927799667,-0.01874148401629583,False
2020-09-02,biomass_burning,wind_ventilation,-0.45521178551359043,0.1285248536728787,-0.34233277032272014,-0.0156458384820084,False
2020-09-03,biomass_burning,wind_ventilation,-0.06338264749951605,0.17343453175626422,0.07366692296773181,-0.03638496128901636,False
2020-09-04,biomass_burning,wind_ventilation,-0.018507468471867128,0.08065014526003011,0.043401192771888475,-0.018741484016274512,False
2020-09-05,biomass_burning,wind_ventilation,-0.20235619584302356,-0.017053959794267826,-0.2381516396535801,-0.018741484016288723,False
2020-09-06,biomass_burning,wind_ventilation,-0.28398355367067296,0.11092891898665869,-0.1903143282226054,-0.017259693538591137,False
2020-09-07,biomass_burning,wind_ventilation,-0.6547194805438181,-0.0819639039822988,-0.735079756815388,0.001603627710728972,False
2020-09-08,biomass_burning,wind_ventilation,-0.44581729236615075,-0.36885581477890383,-0.7732050888768711,0.04146801826818347,False
2020-09-09,biomass_burning,wind_ventilation,-0.3516420764503465,-0.3497305470284857,-0.6790298729610669,0.022342750517765353,False
2020-09-10,biomass_burning,wind_ventilation,-1.02979312899204,-0.2742543418129628,-1.2848003658215532,0.019247104983449503,False
2020-09-11,biomass_burning,wind_ventilation,-1.9641700744111645,-0.46377889469066247,-2.250150735385972,0.1777982337158548,False
2020-09-12,biomass_burning,wind_ventilation,-2.179668261409951,-0.5288657023694938,-2.4308815117105382,0.27765245206890654,False
2020-09-13,biomass_burning,wind_ventilation,-1.756028793995597,-0.3749224559326265,-2.069984057191128,0.06096719273709539,False
2020-09-14,biomass_burning,wind_ventilation,-1.5387899623501937,-0.5964485630712488,-1.7590297885054795,0.376208736915963,False
2020-09-15,biomass_burning,wind_ventilation,-0.9638844907236788,-0.49732015219925074,-1.2824340603553281,0.17877058256760137,False
2020-09-16,biomass_burning,wind_ventilation,-0.038863759878672965,-0.13077695157269886,-0.16964071145135762,1.4210854715202004e-14,False
2020-09-17,biomass_burning,wind_ventilation,-0.08408082756252355,-0.14521521031441864,-0.24693951514966272,-0.01764347727272053,False
2020-09-18,biomass_burning,wind_ventilation,-0.13887218817605174,-0.12676063212823863,-0.2656328203043046,-1.4210854715202004e-14,False
2020-09-19,biomass_burning,wind_ventilation,-0.0290119922408536,-0.22676258395547677,-0.25577457619633037,0.0,False
2020-09-20,biomass_burning,wind_ventilation,-0.04330307413050605,-0.006545173016952788,-0.049848247147473046,-1.4210854715202004e-14,False
2020-09-21,biomass_burning,wind_ventilation,-1.0503087528192978,-0.11882456396705976,-1.111261769583578,0.05787154720277954,False
2020-09-22,biomass_burning,wind_ventilation,-1.488510961482767,-0.24421745462621658,-1.4743230690235407,0.2584053470854428,False
2020-09-23,biomass_burning,wind_ventilation,-0.8777796003147884,-0.17772219555100577,-0.8798268588324802,0.17567493703331394,False
2020-09-24,biomass_burning,wind_ventilation,0.036460280317314187,-0.060953016764273116,-0.02449273644695893,0.0,False
2020-09-25,biomass_burning,wind_ventilation,-0.041048919453125166,-0.14640106520132434,-0.1874499846544495,0.0,False
2020-09-26,biomass_burning,wind_ventilation,-0.08443086081245355,-0.07809523255076556,-0.16252609336324042,-2.1316282072803006e-14,False
2020-09-27,biomass_burning,wind_ventilation,-0.12495071268009639,-0.1110908264287147,-0.2360415391088253,-1.4210854715202004e-14,False
2020-09-28,biomass_burning,wind_ventilation,-0.08645776722535459,-0.03941400943469375,-0.12587177666004123,7.105427357601002e-15,False
2020-09-29,biomass_burning,wind_ventilation,-0.04881753340877992,-0.3144076974493615,-0.3632252308581485,-7.105427357601002e-15,False
2020-09-30,biomass_burning,wind_ventilation,0.03975334461063085,-1.0052198118941078,-0.9654664672834699,7.105427357601002e-15,False
2020-10-01,biomass_burning,wind_ventilation,-0.18414596287091456,-1.1629418654321952,-1.3470878283031098,0.0,False
2020-10-02,biomass_burning,wind_ventilation,1.1470451887248032,-1.5235292075270195,-0.37648401880218785,2.842170943040401e-14,False
2020-10-03,biomass_burning,wind_ventilation,0.9689841262714083,-1.4625382642399245,-0.4935541379684736,4.263256414560601e-14,False
2020-10-04,biomass_burning,wind_ventilation,1.136702983305355,-1.4392442905491407,-0.3025413072437857,0.0,False
2020-10-05,biomass_burning,wind_ventilation,1.5777409607585184,-0.10987864113701562,1.4678623196215028,0.0,False
2020-10-06,biomass_burning,wind_ventilation,-1.2402648168329051,-0.846531881417917,-2.086796698250822,0.0,False
2020-10-07,biomass_burning,wind_ventilation,-0.48407853575210424,-1.3057701919213685,-1.7898487276735011,-2.842170943040401e-14,False
2020-10-08,biomass_burning,wind_ventilation,0.3422240383291921,-1.4423894769782635,-1.100165438649043,2.842170943040401e-14,False
2020-10-09,biomass_burning,wind_ventilation,-0.376735641763446,-2.3744704304932895,-2.6033353579710763,0.14787071428565923,False
2020-10-10,biomass_burning,wind_ventilation,-0.3655389876590789,-2.5438693499008878,-2.6917001639247076,0.21770817363525907,False
2020-10-11,biomass_burning,wind_ventilation,-0.3611900469564375,-1.6352130789562977,-1.8485324116271045,0.1478707142856308,False
2020-10-12,biomass_burning,wind_ventilation,1.465298012104114,-2.661424317599227,-0.9784181318598826,0.21770817363523065,False
2020-10-13,biomass_burning,wind_ventilation,-1.4204764860979253,-3.068334095601813,-4.445264709651724,0.04354587204801419,False
2020-10-14,biomass_burning,wind_ventilation,-0.9746140064669078,-3.237403249205016,-3.99430908203675,0.2177081736351738,False
2020-10-15,biomass_burning,wind_ventilation,-1.4163846842627663,-3.465039922164408,-5.07675905087163,-0.19533444444445536,False
2020-10-16,biomass_burning,wind_ventilation,-1.4741521830925706,-4.13997488253446,-5.809461510071458,-0.19533444444442694,False
2020-10-17,biomass_burning,wind_ventilation,-1.7424027544513763,-4.461000922245432,-6.251573959005327,-0.04817028230851861,False
2020-10-18,biomass_burning,wind_ventilation,-0.5437546361507373,-5.516252866222715,-6.19136400138359,-0.13135649901013835,False
2020-10-19,biomass_burning,wind_ventilation,-0.624861924919685,-3.8287974008491403,-4.585015824778964,-0.13135649901013835,False
2020-10-20,biomass_burning,wind_ventilation,-0.8741742033401749,-3.2604520093873077,-4.091820410150319,0.04280580257716338,False
2020-10-21,biomass_burning,wind_ventilation,-1.2482561134796697,-2.7409346723264036,-4.332716915518489,-0.3435261297124157,False
2020-10-22,biomass_burning,wind_ventilation,-2.3207031080386287,-2.9975924303430475,-5.543931689765799,-0.22563615138412274,False
2020-10-23,biomass_burning,wind_ventilation,-3.4508554391332495,-2.241624501743132,-6.101873965673519,-0.4093940247971375,False
2020-10-24,biomass_burning,wind_ventilation,-6.749064543975464,-4.3871092492292405,-11.399886310287826,-0.26371251708312116,False
2020-10-25,biomass_burning,wind_ventilation,-3.865738212608221,-5.225649682387228,-9.268801583117408,-0.177413688121959,False
2020-10-26,biomass_burning,wind_ventilation,-0.9815159490066208,-3.000583440507995,-4.319826945872421,-0.33772755635780527,False
2020-10-27,biomass_burning,wind_ventilation,-2.1402183988372485,-1.0822411295687857,-3.3637759498900834,-0.14131642148404921,False
2020-10-28,biomass_burning,wind_ventilation,-1.5912669984690808,-3.240309576065556,-4.6401643222809525,0.1914122522536843,False
2020-10-29,biomass_burning,wind_ventilation,-2.5670091902538843,-0.9719014733424274,-3.8420679241313564,-0.30315726053504477,False
2020-10-30,biomass_burning,wind_ventilation,-2.4189226380549655,-2.232960142741689,-4.1628522182014365,0.48903056259521804,False
2020-10-31,biomass_burning,wind_ventilation,-16.590349717714332,-4.746554284580412,-20.229391322388636,1.1075126799061081,False
2020-11-01,biomass_burning,wind_ventilation,-50.82801327331333,-12.191045867117708,-59.53638020684127,3.482678933589767,True
2020-11-02,biomass_burning,wind_ventilation,-20.479325832885024,-17.214597296139743,-37.792698401517555,-0.09877527249278728,False
2020-11-03,biomass_burning,wind_ventilation,-13.585501989672082,-16.832443521991877,-31.55494195109111,-1.1369964394271506,False
2020-11-04,biomass_burning,wind_ventilation,-11.3160533360915,-17.83060627171068,-30.194628178283835,-1.0479685704816575,False
2020-11-05,biomass_burning,wind_ventilation,-14.421142616728616,-18.157356423901433,-33.48501787753469,-0.9065188369046382,False
2020-11-06,biomass_burning,wind_ventilation,-8.492518107164756,-16.321611301382063,-26.105172043209535,-1.2910426346627162,False
2020-11-07,biomass_burning,wind_ventilation,-1.6621056050266816,-15.957793140919193,-18.539733377708387,-0.9198346317625123,False
2020-11-08,biomass_burning,wind_ventilation,-1.6737622822063827,-15.126563708744811,-17.502825561090162,-0.7024995701389685,False
2020-11-09,biomass_burning,wind_ventilation,-2.592767643264949,-14.441540257381462,-18.09147018832948,-1.0571622876830702,False
2020-11-10,biomass_burning,wind_ventilation,-2.4698188366949125,-15.26305007962975,-18.875033497588106,-1.1421645812634438,False
2020-11-11,biomass_burning,wind_ventilation,-3.4594131517456503,-16.438614042220422,-21.057669472588316,-1.1596422786222433,False
2020-11-12,biomass_burning,wind_ventilation,-2.8012210281694365,-16.602993782849865,-20.119512409026242,-0.7152975980069414,False
2020-11-13,biomass_burning,wind_ventilation,-3.038137623986472,-15.769698954852515,-19.439311888839768,-0.6314753100007806,False
2020-11-14,biomass_burning,wind_ventilation,-1.1993543484059046,-15.66267248389488,-17.846630735705787,-0.9846039034050023,False
2020-11-15,biomass_burning,wind_ventilation,-1.0366316986139168,-14.94391471974177,-16.894798036593727,-0.9142516182380405,False
2020-11-16,biomass_burning,wind_ventilation,-0.8030445214134261,-17.878818974421506,-19.75102660803708,-1.0691631122021477,False
2020-11-17,biomass_burning,wind_ventilation,-2.5210966530733003,-17.573687585173275,-20.83131413335741,-0.7365298951108343,False
2020-11-18,biomass_burning,wind_ventilation,-1.105755127305656,-16.916127922000612,-18.84223523242315,-0.8203521831168814,False
2020-11-19,biomass_burning,wind_ventilation,-1.2156318234718242,-17.99795217851431,-20.300224811547082,-1.0866408095609472,False
2020-11-20,biomass_burning,wind_ventilation,-4.0420649822852965,-19.497125023426804,-25.248647079758086,-1.7094570740459858,False
2020-11-21,biomass_burning,wind_ventilation,-4.122984871633548,-17.793087244002777,-23.4672513206757,-1.5511792050393751,False
2020-11-22,biomass_burning,wind_ventilation,-0.6627720385117755,-17.788805947424123,-19.128990976769046,-0.6774129908331474,False
2020-11-23,biomass_burning,wind_ventilation,-0.8986034350865566,-16.04026790645105,-17.81773340800089,-0.8788620664632845,False
2020-11-24,biomass_burning,wind_ventilation,-2.2168865556121773,-18.738276950444288,-22.05136063414352,-1.0961971280870557,False
2020-11-25,biomass_burning,wind_ventilation,-3.4768758855959163,-17.17261832254053,-21.482723649455636,-0.8332294413191903,False
2020-11-26,biomass_burning,wind_ventilation,-4.016595409810975,-17.773067052108047,-22.622891903238212,-0.8332294413191903,False
2020-11-27,biomass_burning,wind_ventilation,-1.7147557341695006,-18.611462921715372,-21.106833107486523,-0.7806144516016502,False
2020-11-28,biomass_burning,wind_ventilation,-0.8352084610481825,-17.64578412462265,-19.34542932527853,-0.8644367396076973,False
2020-11-29,biomass_burning,wind_ventilation,-0.8884285987812177,-16.515917539222983,-17.902651863727158,-0.4983057257229575,False
2020-11-30,biomass_burning,wind_ventilation,-0.4345715071456766,-15.944532294072417,-17.02560121220904,-0.6464974109909463,False
2020-12-01,biomass_burning,wind_ventilation,-0.5914304358995537,-17.354094837789717,-17.926050827289316,0.019474446399954104,False
2020-12-02,biomass_burning,wind_ventilation,0.07061148172738285,-17.655966571836075,-17.735152518709015,-0.14979742860032275,False
2020-12-03,biomass_burning,wind_ventilation,0.11555146413508055,-19.444522629619428,-19.79223411899477,-0.4632629535104229,False
2020-12-04,biomass_burning,wind_ventilation,0.1591094894056937,-15.257985737466527,-16.034045566946133,-0.9351693188853005,False
2020-12-05,biomass_burning,wind_ventilation,0.8893491171282335,-14.857911584511669,-14.558086206098494,-0.5895237387150587,False
2020-12-06,biomass_burning,wind_ventilation,0.11822695978355569,-16.66372238319377,-16.921473391795985,-0.3759779683857687,False
2020-12-07,biomass_burning,wind_ventilation,0.35854913423486323,-16.104015426935234,-16.55222229923936,-0.8067560065389898,False
2020-12-08,biomass_burning,wind_ventilation,0.41652892806359887,-17.33036304536529,-17.47717206643364,-0.5633379491319488,False
2020-12-09,biomass_burning,wind_ventilation,0.5757630320994167,-16.11243478008703,-16.11706023772564,-0.5803884897380271,False
2020-12-10,biomass_burning,wind_ventilation,-0.18869148563686622,-15.997586375961873,-16.65136819586894,-0.46509033427020086,False
2020-12-11,biomass_burning,wind_ventilation,0.37642355330183364,-14.710595972164697,-15.256226580869622,-0.9220541620067593,False
2020-12-12,biomass_burning,wind_ventilation,0.6962776287544443,-15.762828339963846,-16.505636625331704,-1.4390859141223018,False
2020-12-13,biomass_burning,wind_ventilation,0.02929259601916101,-15.700882531810464,-16.651324830866827,-0.9797348950755236,False
2020-12-14,biomass_burning,wind_ventilation,0.33196195946356966,-17.452159368889284,-18.425770549930576,-1.3055731405048618,False
2020-12-15,biomass_burning,wind_ventilation,-0.06673328048287885,-17.323046538055962,-18.3536872867748,-0.9639074682359592,False
2020-12-16,biomass_burning,wind_ventilation,0.18193964452439104,-17.707350169743393,-18.622830767072458,-1.097420241853456,False
2020-12-17,biomass_burning,wind_ventilation,-0.5412974734569502,-19.845726802815307,-21.341986345541272,-0.9549620692690155,False
2020-12-18,biomass_burning,wind_ventilation,0.06923500704084518,-17.610707256727494,-18.414250121268083,-0.8727778715814338,False
2020-12-19,biomass_burning,wind_ventilation,-0.2547962465952196,-16.85732179574285,-17.603494086996477,-0.49137604465840923,False
2020-12-20,biomass_burning,wind_ventilation,0.47917156407504535,-16.31429156020829,-16.164870176026227,-0.32975017989298294,False
2020-12-21,biomass_burning,wind_ventilation,0.14386768219173973,-16.2492523484122,-16.4363579598799,-0.33097329365944006,False
2020-12-22,biomass_burning,wind_ventilation,-0.2230071184242206,-17.206376806910725,-18.00977241507286,-0.5803884897379135,False
2020-12-23,biomass_burning,wind_ventilation,1.8399005927797134,-17.98576515791615,-16.72625305487429,-0.5803884897378566,False
2020-12-24,biomass_burning,wind_ventilation,2.9153238721544312,-17.365445142323097,-14.924346853415955,-0.47422558324728925,False
2020-12-25,biomass_burning,wind_ventilation,0.10648552208090223,-19.522858775710063,-18.803526889468912,0.612846364160248,False
2020-12-26,biomass_burning,wind_ventilation,-0.12424947791907925,-16.921698538724343,-16.492048320883157,0.5538996957602649,False
2020-12-27,biomass_burning,wind_ventilation,1.174495922799622,-15.47340948765617,-13.873427181442594,0.4254863834139542,False
2020-12-28,biomass_burning,wind_ventilation,0.009543986930793835,-16.524746198214928,-17.094328853591946,-0.5791266423078127,False
2020-12-29,biomass_burning,wind_ventilation,0.07521645065907023,-14.118775894559633,-14.72093370107001,-0.677374257169447,False
2020-12-30,biomass_burning,wind_ventilation,0.1341838437772367,-13.241328118087893,-13.862091799175289,-0.7549475248646331,False
2020-12-31,biomass_burning,wind_ventilation,-0.1901382595237351,-13.691003543807199,-14.655004280069818,-0.7738624767388842,False
2021-01-01,biomass_burning,wind_ventilation,1.1292353752120903,-13.976142032429209,-13.564374825323455,-0.7174681681063362,False
2021-01-02,biomass_burning,wind_ventilation,1.6951463973433079,-15.293716620545467,-15.007487293135114,-1.4089170699329543,False
2021-01-03,biomass_burning,wind_ventilation,0.9894254393861956,-15.10663478363358,-15.427878799318762,-1.3106694550713769,False
2021-01-04,biomass_burning,wind_ventilation,2.1377493684633464,-14.853731520348674,-13.97670753655052,-1.260725384665193,False
2021-01-05,biomass_burning,wind_ventilation,1.5095910811699582,-15.491104614914889,-15.24223891841018,-1.2607253846652497,False
2021-01-06,biomass_burning,wind_ventilation,-0.05600083450207194,-16.897847559458228,-17.66034278825714,-0.7064943942968398,False
2021-01-07,biomass_burning,wind_ventilation,0.5153686733486893,-14.924607343861453,-14.308866066842938,0.10037260366982537,False
2021-01-08,biomass_burning,wind_ventilation,-0.18779390165860832,-14.920445997168088,-15.354629281992345,-0.24638938316564918,False
2021-01-09,biomass_burning,wind_ventilation,-0.0671004033722511,-16.014268767425676,-16.52068399347519,-0.43931482267726096,False
2021-01-10,biomass_burning,wind_ventilation,0.04155607388617,-10.90608136883202,-11.370473705309962,-0.5059484103641125,False
2021-01-11,biomass_burning,wind_ventilation,0.5560876160042767,-12.98108358252125,-13.016076834864293,-0.5910808683473192,False
2021-01-12,biomass_burning,wind_ventilation,0.1349154699720998,-11.743092436497193,-12.114125376889206,-0.5059484103641125,False
2021-01-13,biomass_burning,wind_ventilation,-0.22477981247658363,-12.09592613854295,-12.79648866389914,-0.4757827128796066,False
2021-01-14,biomass_burning,wind_ventilation,-0.5007297200844505,-11.616109353189927,-12.515226071868312,-0.398386998593935,False
2021-01-15,biomass_burning,wind_ventilation,-0.24190522398214398,-13.449187247498912,-13.42376568625923,0.26732678522182596,False
2021-01-16,biomass_burning,wind_ventilation,-0.7081553629379869,-12.12357598375246,-12.830508232923876,0.0012231137665708047,False
2021-01-17,biomass_burning,wind_ventilation,0.7905756105633372,-8.682631653320641,-7.510654215834279,0.3814018269230246,False
2021-01-18,biomass_burning,wind_ventilation,-0.2628264693843221,-14.797923788512776,-15.060750257897041,5.684341886080802e-14,False
2021-01-19,biomass_burning,wind_ventilation,0.10751805777636037,-14.285855313640639,-13.592524907588995,0.5858123482752831,False
2021-01-20,biomass_burning,wind_ventilation,-0.32628441252529683,-13.796629924550984,-14.379447551361977,-0.256533214285696,False
2021-01-21,biomass_burning,wind_ventilation,0.9675572222049027,-12.746825331836305,-12.120933781900249,-0.3416656722688458,False
2021-01-22,biomass_burning,wind_ventilation,-0.30590502009573584,-13.185808775907105,-13.632948854820825,-0.14123505881798337,False
2021-01-23,biomass_burning,wind_ventilation,0.47875117829778446,-12.462695351267087,-11.769963194447314,0.21398097852198816,False
2021-01-24,biomass_burning,wind_ventilation,-0.16015566786091995,-11.108470900679947,-11.525159782826563,-0.256533214285696,False
2021-01-25,biomass_burning,wind_ventilation,0.26404039460402373,-11.637088868073874,-11.714714145738583,-0.3416656722687321,False
2021-01-26,biomass_burning,wind_ventilation,-0.7382319077490251,-13.058223996648508,-14.159946142177205,-0.36349023777967204,False
2021-01-27,biomass_burning,wind_ventilation,-0.16671720580296778,-13.83915487621698,-13.916759716135346,0.0891123658846027,False
2021-01-28,biomass_burning,wind_ventilation,-0.17239096602509107,-14.626383440874974,-14.798774406900009,5.684341886080802e-14,False
2021-01-29,biomass_burning,wind_ventilation,0.06152971299144383,-14.013567405465949,-13.921871994989885,0.030165697484619614,False
2021-01-30,biomass_burning,wind_ventilation,0.34281065692908896,-12.744172547157405,-12.888395348718177,-0.48703345848986146,False
2021-01-31,biomass_burning,wind_ventilation,1.1309500694054009,-11.836213427545147,-11.399688155915385,-0.694424797775639,False
2021-02-01,biomass_burning,wind_ventilation,2.025459344498529,-11.20072282761896,-9.335566313314303,-0.1603028301938707,False
2021-02-02,biomass_burning,wind_ventilation,2.337340691554232,-12.579397901288303,-9.79661972576497,0.4454374839691013,False
2021-02-03,biomass_burning,wind_ventilation,1.970945977755889,-11.967428536068581,-10.29915998865718,-0.30267743034448813,False
2021-02-04,biomass_burning,wind_ventilation,-0.4285203731804472,-5.906007848779154,-6.466462150531044,-0.13193392857144204,False
2021-02-05,biomass_burning,wind_ventilation,-0.2243521112725375,-5.474614423173563,-5.761063003668028,-0.062096469221927464,False
2021-02-06,biomass_burning,wind_ventilation,-0.8276825210926404,-4.978769185557127,-5.80645170664971,5.684341886080802e-14,False
2021-02-07,biomass_burning,wind_ventilation,-0.3901139061799199,-4.2014931231139485,-4.723540957865367,-0.13193392857149888,False
2021-02-08,biomass_burning,wind_ventilation,-0.7889334228350435,-1.83687370056046,-2.5374769285903938,0.08833019480510984,False
2021-02-09,biomass_burning,wind_ventilation,-0.4918895262815113,-1.922536045887739,-2.4144255721691934,5.684341886080802e-14,False
2021-02-10,biomass_burning,wind_ventilation,-0.6773291526605476,-2.9771853585327506,-3.786448439764712,-0.13193392857141362,False
2021-02-11,biomass_burning,wind_ventilation,-1.1490113844382677,-3.686598291912645,-4.8792134101172735,-0.04360373376636062,False
2021-02-12,biomass_burning,wind_ventilation,-0.6560136388410456,-4.3532256140696575,-5.245498023719847,-0.23625877080914393,False
2021-02-13,biomass_burning,wind_ventilation,-0.8613379886495522,-5.539363518361199,-6.636960277819895,-0.23625877080914393,False
2021-02-14,biomass_burning,wind_ventilation,0.6865603932410238,-10.803853890770739,-10.249227426101129,-0.13193392857141362,False
2021-02-15,biomass_burning,wind_ventilation,1.5302094646265516,-7.981834850512229,-6.82931814013574,-0.377692754250063,False
2021-02-16,biomass_burning,wind_ventilation,-0.668311686652487,-7.1672806467736905,-8.053358368779783,-0.2177660353536055,False
2021-02-17,biomass_burning,wind_ventilation,0.2647793923536028,-5.251030067784541,-5.4052910546317605,-0.4190403792008226,False
2021-02-18,biomass_burning,wind_ventilation,1.8961237898541015,-2.9650648394799077,-1.570362231509307,-0.5014211818835008,False
2021-02-19,biomass_burning,wind_ventilation,2.3571461873191595,-1.861780229674224,-0.08179720892391629,-0.5771631665688517,False
2021-02-20,biomass_burning,wind_ventilation,3.660649156783478,-1.8301746465884037,1.1197985700088111,-0.7106759401862632,False
2021-02-21,biomass_burning,wind_ventilation,4.223987925112539,-1.14892750226781,2.51257616792617,-0.5624842549185587,False
2021-02-22,biomass_burning,wind_ventilation,1.1247696461979046,-2.145883979945978,-1.270018988125912,-0.2489046543778386,False
2021-02-23,biomass_burning,wind_ventilation,0.6392006906598624,-1.1449226690600085,-0.5057219784002029,-5.684341886080802e-14,False
2021-02-24,biomass_burning,wind_ventilation,0.21597270139204738,-1.699563319126554,-1.395260422929283,0.08833019480522353,False
2021-02-25,biomass_burning,wind_ventilation,0.41878368241535213,-1.4235519966949823,-1.048372048045934,-0.043603733766303776,False
2021-02-26,biomass_burning,wind_ventilation,0.7622023662834181,-1.545934196892233,-0.8123723616101586,-0.02864053100134356,False
2021-02-27,biomass_burning,wind_ventilation,0.5868270602252608,0.5471655319972513,1.2223227870277356,0.08833019480522353,False
2021-02-28,biomass_burning,wind_ventilation,0.25257449007528976,0.9922406330006481,1.333145317881133,0.0883301948051951,False
2021-03-01,biomass_burning,wind_ventilation,0.48118942993662017,0.2578416139687505,0.7390310439053849,1.4210854715202004e-14,False
2021-03-02,biomass_burning,wind_ventilation,0.40979345991999594,-0.6816736867866666,-0.27188022686665647,1.4210854715202004e-14,False
2021-03-03,biomass_burning,wind_ventilation,0.02081742855430946,-1.294904386597608,-1.2740869580432985,0.0,False
2021-03-04,biomass_burning,wind_ventilation,0.37272464389675974,-1.0735136852542269,-0.7007890413574387,2.842170943040401e-14,False
2021-03-05,biomass_burning,wind_ventilation,0.40919153377774364,-1.1795655916398147,-0.770374057862071,0.0,False
2021-03-06,biomass_burning,wind_ventilation,0.04094505756576439,-0.30011492853448374,-0.2591698709686767,4.263256414560601e-14,False
2021-03-07,biomass_burning,wind_ventilation,-0.07252255950545816,-0.7519762454744097,-0.8244988049798678,0.0,False
2021-03-08,biomass_burning,wind_ventilation,0.09693776627122475,-0.06863500143184353,0.028302764839367,-1.4210854715202004e-14,False
2021-03-09,biomass_burning,wind_ventilation,0.1968137958977536,-0.06863500143182932,0.1281787944659385,1.4210854715202004e-14,False
2021-03-10,biomass_burning,wind_ventilation,0.22087345854419027,-0.01768054324942625,0.20319291529476402,0.0,False
2021-03-11,biomass_burning,wind_ventilation,0.0622577293417379,-0.1369061115850485,-0.07464838224331061,0.0,False
2021-03-12,biomass_burning,wind_ventilation,0.0,0.01742625694592448,0.01742625694593869,1.4210854715202004e-14,False
2021-03-13,biomass_burning,wind_ventilation,-0.12475196777641884,-0.1541096129049322,-0.27886158068137945,-2.842170943040401e-14,False
2021-03-14,biomass_burning,wind_ventilation,-0.1259760311592686,-0.12259022708815337,-0.24856625824740775,1.4210854715202004e-14,False
2021-03-15,biomass_burning,wind_ventilation,-0.14999965957400718,-0.1541096129049322,-0.3041092724789536,-1.4210854715202004e-14,False
2021-03-16,biomass_burning,wind_ventilation,0.13210537186093063,-0.21707439049320953,-0.08496901863226469,1.4210854715202004e-14,False
2021-03-17,biomass_burning,wind_ventilation,-0.06095876836357661,0.13680447451386613,0.07584570615030373,1.4210854715202004e-14,False
2021-03-18,biomass_burning,wind_ventilation,0.17407587194222174,-0.41916836566049653,-0.24509249371826058,1.4210854715202004e-14,False
2021-03-19,biomass_burning,wind_ventilation,-0.006774545790548814,-0.16399746745750576,-0.17077201324802616,2.842170943040401e-14,False
2021-03-20,biomass_burning,wind_ventilation,-0.06780821174945117,-0.26988791977481696,-0.3376961315242397,2.842170943040401e-14,False
2021-03-21,biomass_burning,wind_ventilation,-0.06903227513225829,0.024748138595498403,-0.04428413653675989,0.0,False
2021-03-22,biomass_burning,wind_ventilation,0.11258172237150177,0.11533569006091682,0.2279174124324328,1.4210854715202004e-14,False
2021-03-23,biomass_burning,wind_ventilation,-0.03646688988095548,0.2321273324973845,0.195660442616429,0.0,False
2021-03-24,biomass_burning,wind_ventilation,0.11258172237150177,0.021270264072313694,0.13385198644384388,2.842170943040401e-14,False
2021-03-25,biomass_burning,wind_ventilation,0.08100945586568287,0.09326552954880185,0.17427498541449893,1.4210854715202004e-14,False
2021-03-26,biomass_burning,wind_ventilation,0.05599270870544615,0.08423504166059104,0.14022775036602297,-1.4210854715202004e-14,False
2021-03-27,biomass_burning,wind_ventilation,0.0761126631554987,0.012321190327241993,0.08843385348272648,-1.4210854715202004e-14,False
2021-03-28,biomass_burning,wind_ventilation,0.1768579305721545,0.11575442747738407,0.29261235804953856,0.0,False
2021-03-29,biomass_burning,wind_ventilation,-0.07727508130084004,0.11575442747735565,0.03847934617657245,5.684341886080802e-14,False
2021-03-30,biomass_burning,wind_ventilation,0.1655081560126206,0.3747905406778784,0.5402986966905132,1.4210854715202004e-14,False
2021-03-31,biomass_burning,wind_ventilation,0.019752101331548033,0.29099035970349973,0.31074246103504777,0.0,False
2021-04-01,biomass_burning,wind_ventilation,-0.03646688988095548,0.12884210867989054,0.09237521879894928,1.4210854715202004e-14,False
2021-04-02,biomass_burning,wind_ventilation,-0.002681786519829643,0.08965602055725697,0.08697423403744153,1.4210854715202004e-14,False
2021-04-03,biomass_burning,wind_ventilation,0.1384449851780829,0.03996611947127349,0.1784111046493706,1.4210854715202004e-14,False
2021-04-04,biomass_burning,wind_ventilation,0.046710301711925695,-0.014879812830159267,0.03183048888178064,1.4210854715202004e-14,False
2021-04-05,biomass_burning,wind_ventilation,0.1384449851780687,0.1504437767747504,0.28888876195286173,4.263256414560601e-14,False
2021-04-06,biomass_burning,wind_ventilation,0.035559975178500736,0.06074726254129814,0.09630723771985572,5.684341886080802e-14,False
2021-04-07,biomass_burning,wind_ventilation,-0.060322724163341945,0.3845651811776918,0.35400040158882007,0.02975794457447023,False
2021-04-08,biomass_burning,wind_ventilation,0.06116990387724286,0.3007350035108374,0.39166285196255046,0.02975794457447023,False
2021-04-09,biomass_burning,wind_ventilation,0.1384449851780829,-0.17466326180920078,-0.03621827663110366,1.4210854715202004e-14,False
2021-04-10,biomass_burning,wind_ventilation,0.06741554189062526,-0.2376280393974355,-0.17021249750681022,0.0,False
2021-04-11,biomass_burning,wind_ventilation,0.1029436421024883,-0.08363203850635159,0.01931160359617934,4.263256414560601e-14,False
2021-04-12,biomass_burning,wind_ventilation,0.0731856975280607,-0.1361451852098554,-0.0629594876817805,1.4210854715202004e-14,False
2021-04-13,biomass_burning,wind_ventilation,0.0731856975280607,-0.08547461147310287,-0.012288913945027957,1.4210854715202004e-14,False
2021-04-14,biomass_burning,wind_ventilation,0.1185428403851887,-0.03296146476959905,0.08558137561561807,2.842170943040401e-14,False
2021-04-15,biomass_burning,wind_ventilation,0.11854284038520291,0.023487779119264474,0.1420306195044816,1.4210854715202004e-14,False
2021-04-16,biomass_burning,wind_ventilation,0.11854284038521712,0.028908758015930403,0.14745159840116173,1.4210854715202004e-14,False
2021-04-17,biomass_burning,wind_ventilation,0.1483007849596305,0.1603533433703319,0.30865412832999084,2.842170943040401e-14,False
2021-04-18,biomass_burning,wind_ventilation,0.25313185047230036,0.25396813150149455,0.5070999819738233,2.842170943040401e-14,False
2021-04-19,biomass_burning,wind_ventilation,0.10142964846070868,0.01656557894128241,0.11799522740201951,2.842170943040401e-14,False
2021-04-20,biomass_burning,wind_ventilation,0.14609882459706114,0.3845651811776918,0.5604219503492089,0.02975794457445602,False
2021-04-21,biomass_burning,wind_ventilation,0.14609882459706114,0.08423504166057683,0.2303338662576806,4.263256414560601e-14,False
2021-04-22,biomass_burning,wind_ventilation,0.1787047297615203,0.17060035977881682,0.34930508954036554,2.842170943040401e-14,False
2021-04-23,biomass_burning,wind_ventilation,0.11427200525012893,0.08965602055722854,0.2039280258073859,2.842170943040401e-14,False
2021-04-24,biomass_burning,wind_ventilation,0.04405671195277705,0.06074726254131235,0.10480397449411782,2.842170943040401e-14,False
2021-04-25,biomass_burning,wind_ventilation,0.09377580904170202,0.08965602055725697,0.1834318295989732,1.4210854715202004e-14,False
2021-04-26,biomass_burning,wind_ventilation,0.09092784845169888,0.06074726254131235,0.15167511099305386,4.263256414560601e-14,False
2021-04-27,biomass_burning,wind_ventilation,0.09092784845169888,0.06074726254131235,0.15167511099303965,2.842170943040401e-14,False
2021-04-28,biomass_burning,wind_ventilation,0.09092784845168467,0.0,0.0909278484517273,4.263256414560601e-14,False
2021-04-29,biomass_burning,wind_ventilation,0.0611699038772997,2.842170943040401e-14,0.061169903877313914,-1.4210854715202004e-14,False
2021-04-30,biomass_burning,wind_ventilation,0.09092784845169888,0.0,0.09092784845174151,4.263256414560601e-14,False
2021-05-01,biomass_burning,wind_ventilation,0.15308835265336995,0.052396537135194876,0.20548488978860746,4.263256414560601e-14,False
2021-05-02,biomass_burning,wind_ventilation,0.12333040807895657,0.023487779119278684,0.14681818719824946,1.4210854715202004e-14,False
2021-05-03,biomass_burning,wind_ventilation,0.12333040807894236,-0.010568240453054045,0.11276216762591673,2.842170943040401e-14,False
2021-05-04,biomass_burning,wind_ventilation,0.15308835265338416,0.0,0.15308835265339837,1.4210854715202004e-14,False
2021-05-05,biomass_burning,wind_ventilation,0.06116990387724286,0.0,0.06116990387728549,4.263256414560601e-14,False
2021-05-06,biomass_burning,wind_ventilation,0.06116990387727128,2.842170943040401e-14,0.061169903877313914,1.4210854715202004e-14,False
2021-05-07,biomass_burning,wind_ventilation,0.06116990387727128,0.3390331733451717,0.4002030772224572,1.4210854715202004e-14,False
2021-05-08,biomass_burning,wind_ventilation,0.46395245279957464,0.35357586321082124,0.8175283160104243,2.842170943040401e-14,False
2021-05-09,biomass_burning,wind_ventilation,0.035559975178500736,0.08391592295198791,0.11947589813053128,4.263256414560601e-14,False
2021-05-10,biomass_burning,wind_ventilation,-0.3043874270340723,0.17103984982635723,-0.13334757720771506,0.0,False
2021-05-11,biomass_burning,wind_ventilation,0.06116990387724286,0.023487779119250263,0.08465768299654997,5.684341886080802e-14,False
2021-05-12,biomass_burning,wind_ventilation,0.08872588808914372,0.08423504166057683,0.17296092974973476,1.4210854715202004e-14,False
2021-05-13,biomass_burning,wind_ventilation,0.11848383266358553,0.17060035977883103,0.28908419244241657,0.0,False
2021-05-14,biomass_burning,wind_ventilation,0.1384449851780687,0.08423504166057683,0.22268002683865973,1.4210854715202004e-14,False
2021-05-15,biomass_burning,wind_ventilation,0.06116990387727128,0.05017902208825831,0.1113489259655438,1.4210854715202004e-14,False
2021-05-16,biomass_burning,wind_ventilation,0.09067451434385987,0.15340044570099565,0.24407496004486973,1.4210854715202004e-14,False
2021-05-17,biomass_burning,wind_ventilation,0.08872588808914372,0.37655198192021544,0.4950358145838294,0.02975794457447023,False
2021-05-18,biomass_burning,wind_ventilation,-0.07585081070304511,0.12991266658171696,0.05406185587868606,1.4210854715202004e-14,False
2021-05-19,biomass_burning,wind_ventilation,0.1682029297525105,-0.061986832353852606,0.1062160973986721,1.4210854715202004e-14,False
2021-05-20,biomass_burning,wind_ventilation,0.1682029297525247,-0.032961464769584836,0.13524146498293987,0.0,False
2021-05-21,biomass_burning,wind_ventilation,0.1384449851780829,0.16706206938755486,0.30550705456565197,1.4210854715202004e-14,False
2021-05-22,biomass_burning,wind_ventilation,0.1384449851780829,-0.148439389061366,-0.009994403883268888,1.4210854715202004e-14,False
2021-05-23,biomass_burning,wind_ventilation,0.04625867231536063,-0.0934322241253085,-0.04717355180994787,0.0,False
2021-05-24,biomass_burning,wind_ventilation,0.01650072774091882,-0.032961464769570625,-0.016460737028651806,0.0,False
2021-05-25,biomass_burning,wind_ventilation,0.06116990387727128,0.023487779119264474,0.08465768299653575,0.0,False
2021-05-26,biomass_burning,wind_ventilation,0.06116990387727128,0.028908758015930403,0.0900786618932159,1.4210854715202004e-14,False
2021-05-27,biomass_burning,wind_ventilation,0.06116990387727128,-0.030467446537045362,0.03070245734022592,0.0,False
2021-05-28,biomass_burning,wind_ventilation,0.09092784845169888,-0.20265261814921587,-0.11172476969748857,2.842170943040401e-14,False
2021-05-29,biomass_burning,wind_ventilation,0.06116990387727128,-0.1427161706990745,-0.081546266821789,1.4210854715202004e-14,False
2021-05-30,biomass_burning,wind_ventilation,0.06116990387727128,0.005723218362319926,0.06689312223960542,1.4210854715202004e-14,False
2021-05-31,biomass_burning,wind_ventilation,0.06116990387725707,0.21390672002507927,0.27507662390235055,1.4210854715202004e-14,False
2021-06-01,biomass_burning,wind_ventilation,0.006683743162994915,-0.04823200729401833,-0.041548264131023416,0.0,False
2021-06-02,biomass_burning,wind_ventilation,-0.021125575156688114,-0.16620394981833897,-0.18732952497502708,0.0,False
2021-06-03,biomass_burning,wind_ventilation,0.006683743162994915,-0.11119678488226725,-0.10451304171927234,0.0,False
2021-06-04,biomass_burning,wind_ventilation,0.0064304090551701165,-0.20258655098726308,-0.19615614193207875,1.4210854715202004e-14,False
2021-06-05,biomass_burning,wind_ventilation,0.05044593702722011,0.08942712834240751,0.13987306536961341,-1.4210854715202004e-14,False
2021-06-06,biomass_burning,wind_ventilation,-0.019179519643586218,-0.23980525182497558,-0.2589847714685618,0.0,False
2021-06-07,biomass_burning,wind_ventilation,-1.200257164187164,-0.23828917882683243,-1.4385463430139822,1.4210854715202004e-14,False
2021-06-08,biomass_burning,wind_ventilation,0.03530664107071857,-0.3650330821874661,-0.32972644111677596,-2.842170943040401e-14,False
2021-06-09,biomass_burning,wind_ventilation,-0.1465711139745025,-0.13433444395791128,-0.2809055579323996,1.4210854715202004e-14,False
2021-06-10,biomass_burning,wind_ventilation,-0.07727508130079741,-0.22321460100189938,-0.300489682302711,-1.4210854715202004e-14,False
2021-06-11,biomass_burning,wind_ventilation,-0.023821609647001196,-0.06296477758823471,-0.0867863872352359,0.0,False
2021-06-12,biomass_burning,wind_ventilation,0.08823307471180897,0.23167128078206645,0.3199043554938896,1.4210854715202004e-14,False
2021-06-13,biomass_burning,wind_ventilation,-0.03449982940225027,0.16870650319380331,0.13420667379155304,0.0,False
2021-06-14,biomass_burning,wind_ventilation,-0.023821609646986985,1.4210854715202004e-14,-0.023821609646986985,-1.4210854715202004e-14,False
2021-06-15,biomass_burning,wind_ventilation,-0.20103393033177497,0.05500716493607172,-0.14602676539570325,0.0,False
2021-06-16,biomass_burning,wind_ventilation,0.08823307471183739,0.023487779119278684,0.11172085383110186,-1.4210854715202004e-14,False
2021-06-17,biomass_burning,wind_ventilation,-0.0011624181453271376,0.08391592295200212,0.08275350480667498,0.0,False
2021-06-18,biomass_burning,wind_ventilation,0.044217546739801605,-0.061986832353838395,-0.01776928561403679,0.0,False
2021-06-19,biomass_burning,wind_ventilation,-0.07727508130081162,0.14619666930896358,0.06892158800815196,0.0,False
2021-06-20,biomass_burning,wind_ventilation,-0.08593265286208407,0.14619666930893516,0.06026401644685109,0.0,False
2021-06-21,biomass_burning,wind_ventilation,-0.11374197118175289,-0.11692000324455876,-0.23066197442634007,-2.842170943040401e-14,False
2021-06-22,biomass_burning,wind_ventilation,0.007750656858846128,-0.053955225656295625,-0.0462045687974495,0.0,False
2021-06-23,biomass_burning,wind_ventilation,0.007750656858831917,-0.1484393890613802,-0.1406887322025483,0.0,False
2021-06-24,biomass_burning,wind_ventilation,-0.08593265286206986,-0.1484393890613518,-0.23437204192343586,-1.4210854715202004e-14,False
2021-06-25,biomass_burning,wind_ventilation,0.06116990387727128,0.14619666930894937,0.20736657318622065,0.0,False
2021-06-26,biomass_burning,wind_ventilation,0.07430564312338106,-0.2107003726761576,-0.13639472955277654,0.0,False
2021-06-27,biomass_burning,wind_ventilation,-0.08813204248301076,-0.2712745469378035,-0.35940658942081427,0.0,False
2021-06-28,biomass_burning,wind_ventilation,0.048695714424596304,-0.417231989801337,-0.3685362753767123,2.842170943040401e-14,False
2021-06-29,biomass_burning,wind_ventilation,-0.03809516848610883,-0.0840778548316905,-0.12217302331778512,1.4210854715202004e-14,False
2021-06-30,biomass_burning,wind_ventilation,0.048695714424624725,-0.34154530306823006,-0.29284958864361954,-1.4210854715202004e-14,False
2021-07-01,biomass_burning,wind_ventilation,0.1624376856063776,0.06535838284234785,0.22779606844875389,2.842170943040401e-14,False
2021-07-02,biomass_burning,wind_ventilation,0.1405156148733795,0.34628614690501536,0.48680176177838064,-1.4210854715202004e-14,False
2021-07-03,biomass_burning,wind_ventilation,-0.5154283626126173,0.0,-0.5154283626126173,0.0,False
2021-07-04,biomass_burning,wind_ventilation,-0.2805487223020293,-0.057831369801078836,-0.33838009210311526,-7.105427357601002e-15,False
2021-07-05,biomass_burning,wind_ventilation,0.1691768780850893,0.1119706368312876,0.26350403764363506,-0.017643477272741848,False
2021-07-06,biomass_burning,wind_ventilation,0.1499656254036168,0.07365911874580888,0.20598126687671225,-0.017643477272713426,False
2021-07-07,biomass_burning,wind_ventilation,0.0848588724890007,-0.026123865280290204,0.05873500720872471,1.4210854715202004e-14,False
2021-07-08,biomass_burning,wind_ventilation,-0.12075124371143886,-1.4210854715202004e-14,-0.12075124371143175,2.1316282072803006e-14,False
2021-07-09,biomass_burning,wind_ventilation,-1.4348551243237324,7.105427357601002e-15,-1.434855124323711,1.4210854715202004e-14,False
2021-07-10,biomass_burning,wind_ventilation,-1.655187473705773,-0.15772205353810875,-1.8129095272438747,7.105427357601002e-15,False
2021-07-11,biomass_burning,wind_ventilation,-0.8629840266026179,0.0,-0.8629840266026179,0.0,False
2021-07-12,biomass_burning,wind_ventilation,-0.3358378898094898,-0.09107524715505377,-0.4269131369645578,-1.4210854715202004e-14,False
2021-07-13,biomass_burning,wind_ventilation,-0.2393115789269018,-0.09107524715506088,-0.3303868260819698,-7.105427357601002e-15,False
2021-07-14,biomass_burning,wind_ventilation,-0.33242158007822553,-0.1846533944064035,-0.517074974484629,0.0,False
2021-07-15,biomass_burning,wind_ventilation,-0.24692159756223475,-0.16048283913002592,-0.40740443669225357,7.105427357601002e-15,False
2021-07-16,biomass_burning,wind_ventilation,-0.22320613438958503,-0.2009363169612115,-0.42414245135079653,0.0,False
2021-07-17,biomass_burning,wind_ventilation,-0.29388875985862484,-0.2009363169612115,-0.49482507681984345,-7.105427357601002e-15,False
2021-07-18,biomass_burning,wind_ventilation,-0.4018817942280748,-0.06301667366199837,-0.46489846789007316,0.0,False
2021-07-19,biomass_burning,wind_ventilation,-0.3514870940031969,0.030973424145301465,-0.32051366985790253,-7.105427357601002e-15,False
2021-07-20,biomass_burning,wind_ventilation,-0.21725458939540943,0.07514090922350647,-0.14211368017190296,0.0,False
2021-07-21,biomass_burning,wind_ventilation,-0.7533896632009487,0.07204526368922615,-0.6782487539774493,0.003095645534273217,False
2021-07-22,biomass_burning,wind_ventilation,-1.105314108752566,-0.08523758694669681,-1.1683307824145643,0.02222091328469844,False
2021-07-23,biomass_burning,wind_ventilation,-0.47089829718927234,-0.04037349854927186,-0.5112717957385513,-7.105427357601002e-15,False
2021-07-24,biomass_burning,wind_ventilation,-0.039575358462663246,-0.0633062099920565,-0.10288156845474106,-2.1316282072803006e-14,False
2021-07-25,biomass_burning,wind_ventilation,0.07509914585956778,-0.06830590783204826,-0.010850239245222326,-0.017643477272741848,False
2021-07-26,biomass_burning,wind_ventilation,-0.07759386155979797,-0.3001837597186494,-0.37468197574416706,0.0030956455342803224,False
2021-07-27,biomass_burning,wind_ventilation,-0.055474532061069226,-0.30493444951132886,-0.37805245884513283,-0.017643477272734742,False
2021-07-28,biomass_burning,wind_ventilation,-0.021931881189942715,-0.13840144262945842,-0.16033332381940113,0.0,False
2021-07-29,biomass_burning,wind_ventilation,0.02145006016939277,-0.1645253079097415,-0.14307524774034164,7.105427357601002e-15,False
2021-07-30,biomass_burning,wind_ventilation,0.021450060169399876,-0.0864937374157293,-0.08268715451906417,-0.017643477272734742,False
2021-07-31,biomass_burning,wind_ventilation,-0.23648139742270757,-0.15714292664573293,-0.3936243240684547,-1.4210854715202004e-14,False
2021-08-01,biomass_burning,wind_ventilation,-0.11857426353876832,-0.17585721744806904,-0.29443148098683736,0.0,False
2021-08-02,biomass_burning,wind_ventilation,-0.11736054439181487,-0.20379207662215748,-0.3180569754796849,0.003095645534287428,False
2021-08-03,biomass_burning,wind_ventilation,-0.30152945958258215,-0.11611086587211616,-0.4145446799204109,0.003095645534287428,False
2021-08-04,biomass_burning,wind_ventilation,-0.2653623315948579,-0.15177129902610176,-0.41713363062096676,-7.105427357601002e-15,False
2021-08-05,biomass_burning,wind_ventilation,-0.11415885353488164,-0.13407932359394437,-0.248238177128826,0.0,False
2021-08-06,biomass_burning,wind_ventilation,0.09561364682291185,-0.05161972290473216,0.04399392391817969,0.0,False
2021-08-07,biomass_burning,wind_ventilation,-0.11736054439180776,-0.12274811536136099,-0.2193695369461679,0.020739122807000854,False
2021-08-08,biomass_burning,wind_ventilation,-0.026154636819420318,-0.307858051241098,-0.31327356525350325,0.020739122807015065,False
2021-08-09,biomass_burning,wind_ventilation,0.045673146256447694,-0.28711892843409714,-0.24144578217763524,1.4210854715202004e-14,False
2021-08-10,biomass_burning,wind_ventilation,0.0263558482523365,-0.3180923525793702,-0.2917365043270479,-1.4210854715202004e-14,False
2021-08-11,biomass_burning,wind_ventilation,0.1547175593904342,-0.43749272437194264,-0.28277516498151556,-7.105427357601002e-15,False
2021-08-12,biomass_burning,wind_ventilation,0.17211704873586342,-0.28337219199673314,-0.11125514326088393,-1.4210854715202004e-14,False
2021-08-13,biomass_burning,wind_ventilation,0.14787760908068748,-0.2753547701282173,-0.12747716104755114,-2.1316282072803006e-14,False
2021-08-14,biomass_burning,wind_ventilation,0.01739948934542923,-0.07809523255076556,-0.06069574320535054,-1.4210854715202004e-14,False
2021-08-15,biomass_burning,wind_ventilation,-0.07863588305427527,-0.0613171957423404,-0.13995307879661567,0.0,False
2021-08-16,biomass_burning,wind_ventilation,0.043580615510919074,-0.0026088227677760756,0.040971792743143,0.0,False
2021-08-17,biomass_burning,wind_ventilation,-0.40331631455735817,0.004257387290337533,-0.3959632817327332,0.003095645534287428,False
2021-08-18,biomass_burning,wind_ventilation,-1.489234437880775,-0.0020472585176989355,-1.491281696398481,-7.105427357601002e-15,False
2021-08-19,biomass_burning,wind_ventilation,-1.6192117273212645,-0.3588363866544739,-1.7196427668902814,0.25840534708545704,False
2021-08-20,biomass_burning,wind_ventilation,-1.0783239838042675,-0.09108615664444386,-1.1694101404487114,0.0,False
2021-08-21,biomass_burning,wind_ventilation,-0.126777515312952,-0.0026088227677760756,-0.12938633808072808,0.0,False
2021-08-22,biomass_burning,wind_ventilation,-0.07754794077981586,-0.01685845603677194,-0.0944063968165949,-7.105427357601002e-15,False
2021-08-23,biomass_burning,wind_ventilation,-0.12655683295999864,-0.04298232131705504,-0.1695391542770821,-2.842170943040401e-14,False
2021-08-24,biomass_burning,wind_ventilation,-0.37115068978425825,0.055186807652439995,-0.31286823659753793,0.0030956455342803224,False
2021-08-25,biomass_burning,wind_ventilation,-0.05528132249553863,0.05179296364871533,0.017250763960184656,0.02073912280700796,False
2021-08-26,biomass_burning,wind_ventilation,-0.7046098085140073,-0.03090533584713029,-0.7355151443611518,-1.4210854715202004e-14,False
2021-08-27,biomass_burning,wind_ventilation,-0.00039879696222300254,-0.03090533584713029,-0.031304132809346186,7.105427357601002e-15,False
2021-08-28,biomass_burning,wind_ventilation,-0.010544167332589893,-0.0026088227677760756,-0.01315299010038018,-1.4210854715202004e-14,False
2021-08-29,biomass_burning,wind_ventilation,-0.6207606557702405,0.04650372947865122,-0.571161280757309,0.0030956455342803224,False
2021-08-30,biomass_burning,wind_ventilation,-1.5795126074638972,-0.05767176838445209,-1.6548278531210912,-0.017643477272741848,False
2021-08-31,biomass_burning,wind_ventilation,-0.9825946557998577,-0.11458043233730564,-1.0971750881371705,-7.105427357601002e-15,False
2021-09-01,biomass_burning,wind_ventilation,-1.0824505209534507,-0.06591503275984678,-1.1483655537133117,-1.4210854715202004e-14,False
2021-09-02,biomass_burning,wind_ventilation,-1.080174105364243,-0.03513023408726923,-1.1122086939172462,0.0030956455342661116,False
2021-09-03,biomass_burning,wind_ventilation,-0.8452157403651839,0.024368532212434957,-0.8177515626184828,0.0030956455342661116,False
2021-09-04,biomass_burning,wind_ventilation,-0.3822293732929083,-0.23010041811010495,-0.6123297914030204,-7.105427357601002e-15,False
2021-09-05,biomass_burning,wind_ventilation,0.21702675871527788,-0.033976245631997415,0.1654070358105315,-0.017643477272748953,False
2021-09-06,biomass_burning,wind_ventilation,0.13804485659665744,-0.3515727767301797,-0.23117139740624282,-0.01764347727272053,False
2021-09-07,biomass_burning,wind_ventilation,-0.017293444022783433,-0.3313538573640855,-0.3662907786595895,-0.01764347727272053,False
2021-09-08,biomass_burning,wind_ventilation,-0.057290051049449175,-0.38368476602911983,-0.4409748170785548,1.4210854715202004e-14,False
2021-09-09,biomass_burning,wind_ventilation,0.05937585101000309,-1.2330275897236191,-1.173651738713609,7.105427357601002e-15,False
2021-09-10,biomass_burning,wind_ventilation,-0.008248454655280568,-1.1759038932929542,-1.1841523479482419,-7.105427357601002e-15,False
2021-09-11,biomass_burning,wind_ventilation,0.18168544627882,-1.233735263094026,-1.0520498168152201,-1.4210854715202004e-14,False
2021-09-12,biomass_burning,wind_ventilation,0.2851803017395156,-0.10754345928804554,0.17763684245147005,0.0,False
2021-09-13,biomass_burning,wind_ventilation,0.18174073685331393,-0.0002130000120601494,0.16388425956853325,-0.01764347727272053,False
2021-09-14,biomass_burning,wind_ventilation,0.09977431141471982,-0.023941616451878645,0.14015564312870765,0.06432294816586648,False
2021-09-15,biomass_burning,wind_ventilation,-0.4212137635245554,-0.34214106630694374,-0.702127527199913,0.061227302631586156,False
2021-09-16,biomass_burning,wind_ventilation,-0.03421846087582736,0.016105468034545822,-0.01811299284128154,0.0,False
2021-09-17,biomass_burning,wind_ventilation,0.15397871466920776,-0.055075891123514964,0.09890282354571411,2.1316282072803006e-14,False
2021-09-18,biomass_burning,wind_ventilation,-0.33698250187724454,-0.07302863791596792,-0.41001113979320536,7.105427357601002e-15,False
2021-09-19,biomass_burning,wind_ventilation,0.4065459607995976,0.013099244964458023,0.4196452057640627,7.105427357601002e-15,False
2021-09-20,biomass_burning,wind_ventilation,0.1589129708386281,0.013099244964465129,0.17201221580309323,0.0,False
2021-09-21,biomass_burning,wind_ventilation,0.16398672030244654,-0.05850005112014145,0.10548666918229799,-7.105427357601002e-15,False
2021-09-22,biomass_burning,wind_ventilation,-0.15996809041621418,-0.16079846261057185,-0.320766553026786,0.0,False
2021-09-23,biomass_burning,wind_ventilation,-1.0241866666566253,-0.16079846261059316,-1.1849851292671971,2.1316282072803006e-14,False
2021-09-24,biomass_burning,wind_ventilation,-0.7218481524254088,-0.16079846261058606,-0.8826466150359948,0.0,False
2021-09-25,biomass_burning,wind_ventilation,0.33741932956942833,0.02686935373638022,0.3466452060330809,-0.017643477272727637,False
2021-09-26,biomass_burning,wind_ventilation,0.4225076904565839,0.083966643161979,0.48883085634584234,-0.01764347727272053,False
2021-09-27,biomass_burning,wind_ventilation,0.46255074552480124,-0.03979116747955658,0.42275957804523756,-7.105427357601002e-15,False
2021-09-28,biomass_burning,wind_ventilation,0.16607536351013152,0.011513985888910838,0.18068499493332268,0.0030956455342803224,False
2021-09-29,biomass_burning,wind_ventilation,-0.08312154130773308,-0.025541534210567818,-0.1086630755182938,7.105427357601002e-15,False
2021-09-30,biomass_burning,wind_ventilation,0.188696298555044,-0.04858971389805333,0.14010658465699066,0.0,False
2021-10-01,biomass_burning,wind_ventilation,-2.7320943383888334,-2.3031449279023093,-5.0352392662911285,1.4210854715202004e-14,False
2021-10-02,biomass_burning,wind_ventilation,0.9495755231906173,-2.0470441013703464,-1.0974685781797007,2.842170943040401e-14,False
2021-10-03,biomass_burning,wind_ventilation,-0.23198906932927343,-1.031918562517376,-1.4380699334339795,-0.17416230158733015,False
2021-10-04,biomass_burning,wind_ventilation,-0.8392416519054677,-1.8836225257738874,-2.6530267183297838,0.06983745934957142,False
2021-10-05,biomass_burning,wind_ventilation,0.6671238202273173,-1.0409591633501236,-0.5428782002657044,-0.16904285714289813,False
2021-10-06,biomass_burning,wind_ventilation,1.6732387182849493,-0.8226018751097115,0.6815939860323112,-0.16904285714292655,False
2021-10-07,biomass_burning,wind_ventilation,0.9965673651924476,-1.808849025571277,-0.7424442010292864,0.069837459349543,False
2021-10-08,biomass_burning,wind_ventilation,-0.40814883115663747,-2.893630860467681,-3.4272766767192024,-0.12549698509488394,False
2021-10-09,biomass_burning,wind_ventilation,0.3292878470944345,-2.4569512772715427,-2.1488355730343187,-0.021172142857210474,False
2021-10-10,biomass_burning,wind_ventilation,0.3747907203214993,-1.5867039036733388,-1.2330853262089931,-0.02117214285715363,False
2021-10-11,biomass_burning,wind_ventilation,-0.4847238004422252,-1.2203138553195458,-1.7262097986189247,-0.02117214285715363,False
2021-10-12,biomass_burning,wind_ventilation,-0.2639107488816421,-2.920843052343912,-3.2059259440827645,-0.021172142857210474,False
2021-10-13,biomass_burning,wind_ventilation,0.25497813417493376,-2.584724452191864,-2.1818756037312426,0.14787071428568765,False
2021-10-14,biomass_burning,wind_ventilation,0.21331710995539765,-0.633595787608499,-0.2724079633674421,0.14787071428565923,False
2021-10-15,biomass_burning,wind_ventilation,0.11818762022750207,0.6373493323530113,0.8253744119301132,0.06983745934959984,False
2021-10-16,biomass_burning,wind_ventilation,0.6793282882091489,-0.07041174228183422,0.5097111481340448,-0.09920539779326987,False
2021-10-17,biomass_burning,wind_ventilation,0.9342847264733791,-1.145995121509543,-0.38075325217903355,-0.1690428571428697,False
2021-10-18,biomass_burning,wind_ventilation,0.8903353163200904,-0.5125904811457076,0.44758229452395426,0.06983745934957142,False
2021-10-19,biomass_burning,wind_ventilation,1.4050713786352844,0.28968006801460433,1.5955460488566189,-0.09920539779326987,False
2021-10-20,biomass_burning,wind_ventilation,0.8231946765265548,0.8518903052176654,1.6750849817442486,2.842170943040401e-14,False
2021-10-21,biomass_burning,wind_ventilation,1.1353134724745928,0.8338071234721838,1.9691205959467482,-2.842170943040401e-14,False
2021-10-22,biomass_burning,wind_ventilation,0.7853254671732941,0.26364289662882356,1.0489683638020892,-2.842170943040401e-14,False
2021-10-23,biomass_burning,wind_ventilation,0.05547442376644085,0.5634390514358927,0.6189134752022767,-5.684341886080802e-14,False
2021-10-24,biomass_burning,wind_ventilation,0.2818593105002094,0.841137101062543,1.0237910137694826,-0.09920539779326987,False
2021-10-25,biomass_burning,wind_ventilation,0.2939328204425351,0.7980473696573256,0.9927747923065908,-0.09920539779326987,False
2021-10-26,biomass_burning,wind_ventilation,-0.09541134972653253,-0.23372926885323864,-0.28047530208732496,0.04866531649244621,False
2021-10-27,biomass_burning,wind_ventilation,0.2179343026336369,-1.6326945131119146,-1.3660948939858315,0.04866531649244621,False
2021-10-28,biomass_burning,wind_ventilation,-0.42503889025945796,-1.5485377055523202,-1.9249112793193603,0.04866531649241779,False
2021-10-29,biomass_burning,wind_ventilation,-1.6118108006258751,-0.4618654764203427,-2.301219477251095,-0.2275432002048774,False
2021-10-30,biomass_burning,wind_ventilation,-10.420148607829361,-0.47436017934268193,-11.77463360721498,-0.880124820042937,False
2021-10-31,biomass_burning,wind_ventilation,-28.28559829735238,-2.026816254743295,-30.3936954898181,-0.0812809377224255,False
2021-11-01,biomass_burning,wind_ventilation,-36.90187895803584,-2.5499385467058175,-39.46612593016937,-0.014308425427714155,False
2021-11-02,biomass_burning,wind_ventilation,-24.429937254387056,-8.3505071320115,-33.503857068000116,-0.7234126816015589,False
2021-11-03,biomass_burning,wind_ventilation,-6.453420151932562,-13.723686992755177,-21.34639385393541,-1.1692867092476718,False
2021-11-04,biomass_burning,wind_ventilation,-6.5003366525085085,-9.61197375030423,-17.203356229365852,-1.0910458265531133,False
2021-11-05,biomass_burning,wind_ventilation,-5.9459733971896185,-15.31718419411709,-22.25716570586593,-0.9940081145592217,False
2021-11-06,biomass_burning,wind_ventilation,-7.8326486314585395,-15.34896772284776,-24.009092987281917,-0.8274766329756176,False
2021-11-07,biomass_burning,wind_ventilation,-3.979161984826078,-14.367412284406214,-19.34580942251739,-0.9992351532850989,False
2021-11-08,biomass_burning,wind_ventilation,-1.7538917639508327,-11.979534130179047,-14.779426062648042,-1.0460001685181624,False
2021-11-09,biomass_burning,wind_ventilation,-1.5777689792078604,-10.172009160835273,-12.70472802059578,-0.9549498805526468,False
2021-11-10,biomass_burning,wind_ventilation,-0.5067169463112009,-10.231280297458682,-11.775656317899973,-1.0376590741300902,False
2021-11-11,biomass_burning,wind_ventilation,-5.424401797849214,-9.66541191547583,-16.075669366313434,-0.9858556529883913,False
2021-11-12,biomass_burning,wind_ventilation,-27.458253748160416,-6.6391350280979395,-34.76804710146416,-0.6706583252058067,False
2021-11-13,biomass_burning,wind_ventilation,-11.984888017990812,-6.889631676241208,-20.03722442445519,-1.1627047302231688,False
2021-11-14,biomass_burning,wind_ventilation,-11.14367157869924,-14.84129907825917,-24.604964170586925,1.3800064863714852,False
2021-11-15,biomass_burning,wind_ventilation,-2.845379623134079,-12.761955605173682,-16.475053177039285,-0.8677179487315243,False
2021-11-16,biomass_burning,wind_ventilation,-3.2839256914942894,-13.124061677282441,-17.258227620149512,-0.8502402513727816,False
2021-11-17,biomass_burning,wind_ventilation,-3.6419295491598973,-14.719839474487912,-19.18844243997887,-0.8266734163310616,False
2021-11-18,biomass_burning,wind_ventilation,-3.8631694864589576,-16.60323232891261,-21.503117443086467,-1.036715627714898,False
2021-11-19,biomass_burning,wind_ventilation,-3.947163184803685,-16.98780248672199,-22.056458911263178,-1.1214932397375037,False
2021-11-20,biomass_burning,wind_ventilation,-2.1227938165632168,-16.08893387089705,-19.338663762217834,-1.126936074757566,False
2021-11-21,biomass_burning,wind_ventilation,-2.423776853127265,-16.37840081466038,-19.502211540724943,-0.700033872937297,False
2021-11-22,biomass_burning,wind_ventilation,-2.422002158869759,-16.775490027884075,-19.934022081864555,-0.7365298951107206,False
2021-11-23,biomass_burning,wind_ventilation,-2.5444546767540714,-17.100920090454338,-20.465726950325234,-0.8203521831168246,False
2021-11-24,biomass_burning,wind_ventilation,-2.502393583751484,-17.049626289114656,-20.37237205598302,-0.8203521831168814,False
2021-11-25,biomass_burning,wind_ventilation,-1.6109720740163311,-15.737580278405801,-18.443977341154437,-1.0954249887323044,False
2021-11-26,biomass_burning,wind_ventilation,-1.7112434595585455,-15.479294507363875,-18.267305252721542,-1.0767672857991215,False
2021-11-27,biomass_burning,wind_ventilation,-0.22318530462013086,-14.679595382764148,-15.772086435321569,-0.8693057479372897,False
2021-11-28,biomass_burning,wind_ventilation,0.22471399160667715,-14.479345327151236,-15.207759371487953,-0.9531280359433936,False
2021-11-29,biomass_burning,wind_ventilation,-0.733204832872616,-15.185532785639793,-16.91668713173766,-0.9979495132252509,False
2021-11-30,biomass_burning,wind_ventilation,-0.5358414413946662,-15.869354581935909,-17.36788037780002,-0.9626843544694452,False
2021-12-01,biomass_burning,wind_ventilation,-0.9834445495936848,-17.304297979069872,-19.068356980265264,-0.7806144516017071,False
2021-12-02,biomass_burning,wind_ventilation,-0.8739467065518056,-16.412225635990012,-18.16503440900516,-0.8788620664633413,False
2021-12-03,biomass_burning,wind_ventilation,3.1398879004649984,-17.675494039127443,-15.460036104645496,-0.9244299659830517,False
2021-12-04,biomass_burning,wind_ventilation,3.4096035113915946,-16.691542788522725,-14.519948843654788,-1.2380095665236581,False
2021-12-05,biomass_burning,wind_ventilation,-24.876389888768983,-18.017388526017612,-40.75532421502885,2.1384541997577458,True
2021-12-06,biomass_burning,wind_ventilation,0.2917647072158047,-12.78855626311821,-12.560564065571896,-0.06377250966949077,False
2021-12-07,biomass_burning,wind_ventilation,-5.347687557898496,-19.965051911843204,-25.15119694153489,0.1615425282068088,False
2021-12-08,biomass_burning,wind_ventilation,-0.10841253076210933,-16.793163476323286,-17.23132618697838,-0.32975017989298294,False
2021-12-09,biomass_burning,wind_ventilation,0.1475350293367228,-18.729530462115463,-18.797670570970638,-0.21567513819189799,False
2021-12-10,biomass_burning,wind_ventilation,0.263060912163553,-19.017168737472616,-19.530090720665612,-0.7759828953565489,False
2021-12-11,biomass_burning,wind_ventilation,0.1065146196169735,-18.221198569388946,-18.637872726140415,-0.5231887763684426,False
2021-12-12,biomass_burning,wind_ventilation,0.38016776849673306,-18.315994118811773,-18.307847545466757,-0.37202119515171717,False
2021-12-13,biomass_burning,wind_ventilation,0.13988647546040056,-18.04062284156811,-18.089377488414584,-0.18864112230687624,False
2021-12-14,biomass_burning,wind_ventilation,0.606102745318708,-17.50591147314657,-17.173582308117886,-0.2737735802900261,False
2021-12-15,biomass_burning,wind_ventilation,0.6022664437766139,-19.31774894565217,-19.020585857193964,-0.3051033553184084,False
2021-12-16,biomass_burning,wind_ventilation,0.417920200595006,-16.5525347801277,-16.290245936789916,-0.15563135725722077,False
2021-12-17,biomass_burning,wind_ventilation,0.1435949032344297,-21.05251804877804,-21.487610255753737,-0.5786871102101259,False
2021-12-18,biomass_burning,wind_ventilation,1.6245315125410684,-18.2783548272742,-17.2823777241706,-0.62855440943747,False
2021-12-19,biomass_burning,wind_ventilation,-0.4260028437536221,-18.044391384373114,-19.30731593215023,-0.8369217040234957,False
2021-12-20,biomass_burning,wind_ventilation,-0.07707561100875182,-10.816139123554365,-11.82838405344836,-0.9351693188852437,False
2021-12-21,biomass_burning,wind_ventilation,0.27402284261773957,-15.439117371917348,-15.752601037244744,-0.587506507945136,False
2021-12-22,biomass_burning,wind_ventilation,0.32072267725220627,-15.15076483798606,-15.417548668679046,-0.5875065079451929,False
2021-12-23,biomass_burning,wind_ventilation,0.633348961968693,-18.104605203212998,-17.802229534903802,-0.3309732936594969,False
2021-12-24,biomass_burning,wind_ventilation,-0.06132368695062951,-19.230749499119213,-19.426190226680603,-0.1341170406107608,False
2021-12-25,biomass_burning,wind_ventilation,-0.4271789332560161,-17.586879918909688,-18.12101587565968,-0.10695702349397607,False
2021-12-26,biomass_burning,wind_ventilation,0.25300667359357476,-19.391210948852347,-18.963959451391077,0.1742448238676957,False
2021-12-27,biomass_burning,wind_ventilation,0.5951564366816342,-20.365707017457908,-18.67936870231648,1.0911818784597926,False
2021-12-28,biomass_burning,wind_ventilation,0.8713603603501952,-19.369410995589135,-17.43703445426371,1.0610161809752299,False
2021-12-29,biomass_burning,wind_ventilation,0.863979329471249,-17.581993948584284,-16.885435467514128,-0.16742084840109328,False
2021-12-30,biomass_burning,wind_ventilation,0.7373126525694147,-19.1685677065189,-18.36579881089557,0.06545624305391584,False
2021-12-31,biomass_burning,wind_ventilation,-0.011351942596377285,-17.63635194148884,-17.398867568186574,0.24883631589864308,False
2022-01-01,biomass_burning,wind_ventilation,1.009876044522457,-15.547757145588264,-14.472424858011891,0.06545624305391584,False
2022-01-02,biomass_burning,wind_ventilation,0.05749675930832154,-17.148967373403707,-17.275429567119886,-0.18395895302450072,False
2022-01-03,biomass_burning,wind_ventilation,-0.02763569867482829,-17.623506378684056,-17.49343535811454,0.1577067192443451,False
2022-01-04,biomass_burning,wind_ventilation,-0.9907197828538301,-18.376385063819043,-19.14782983998242,0.2192750066904523,False
2022-01-05,biomass_burning,wind_ventilation,0.3931868785078336,-17.671900118586052,-17.34103207779765,-0.06231883771943103,False
2022-01-06,biomass_burning,wind_ventilation,1.4525273551100781,-20.77013812245974,-19.268961485233547,0.04864928211611641,False
2022-01-07,biomass_burning,wind_ventilation,2.0228075290391416,-18.659237227646997,-16.468033768439284,0.1683959301685718,False
2022-01-08,biomass_burning,wind_ventilation,0.4840499868032566,-16.98496384465807,-16.093791942532107,0.4071219153227048,False
2022-01-09,biomass_burning,wind_ventilation,0.3720235971044872,-13.72901881475508,-13.356995217650592,0.0,False
2022-01-10,biomass_burning,wind_ventilation,-0.12652797267111282,-14.825784374364048,-15.050559961896852,-0.09824761486169109,False
2022-01-11,biomass_burning,wind_ventilation,-0.15619505402173672,-17.89360236502978,-18.107917250656214,-0.05811983160469936,False
2022-01-12,biomass_burning,wind_ventilation,-0.01826322769829858,-9.919931459894201,-10.444143097956612,-0.5059484103641125,False
2022-01-13,biomass_burning,wind_ventilation,-0.24141494128082286,-14.796443390625143,-15.921171289724327,-0.8833129578183616,False
2022-01-14,biomass_burning,wind_ventilation,0.0968226800297316,-14.330190991995664,-14.946708061615652,-0.7133397496497196,False
2022-01-15,biomass_burning,wind_ventilation,-1.5734383538343764,-19.397266119447977,-21.20607898954239,-0.23537451626003758,False
2022-01-16,biomass_burning,wind_ventilation,-1.0786536724618259,-15.70530480885634,-17.134631153045973,-0.35067267172780703,False
2022-01-17,biomass_burning,wind_ventilation,-0.4616089967385051,-15.157563507700615,-15.33902815316543,0.280144351273691,False
2022-01-18,biomass_burning,wind_ventilation,-0.7282299810157724,-17.291124414474723,-17.913220531854165,0.10613386363633026,False
2022-01-19,biomass_burning,wind_ventilation,0.6859727061598733,-12.320493998737788,-11.626635043803219,0.007886248774696014,False
2022-01-20,biomass_burning,wind_ventilation,-0.0647818329894676,-12.128513674535498,-12.336576839966938,-0.1432813324419726,False
2022-01-21,biomass_burning,wind_ventilation,-0.9469627447121525,-15.073070039374102,-16.370705455813948,-0.35067267172769334,False
2022-01-22,biomass_burning,wind_ventilation,-0.5886718394794457,-11.650674112541935,-12.82763688616052,-0.5882909341391382,False
2022-01-23,biomass_burning,wind_ventilation,-0.3813679825065037,-16.815517788181864,-17.530507901810154,-0.3336221311217855,False
2022-01-24,biomass_burning,wind_ventilation,-0.5607703478762573,-14.843319861498117,-15.754762881102067,-0.35067267172769334,False
2022-01-25,biomass_burning,wind_ventilation,-0.6408779875987989,-16.192617488123176,-16.86147865269635,-0.02798317697437369,False
2022-01-26,biomass_burning,wind_ventilation,-0.3365025025928503,-15.46672374365852,-16.537417896477166,-0.7341916502257959,False
2022-01-27,biomass_burning,wind_ventilation,-0.6307596369937869,-15.904777640477278,-17.269728927696804,-0.7341916502257391,False
2022-01-28,biomass_burning,wind_ventilation,-0.34639869593473804,-13.934075484061452,-14.716144894281854,-0.4356707142856635,False
2022-01-29,biomass_burning,wind_ventilation,-0.775976271818422,-13.339605793121507,-14.216839540589376,-0.10125747564944731,False
2022-01-30,biomass_burning,wind_ventilation,-0.7525728879282951,-15.856460377083863,-16.788170765012126,-0.17913749999996753,False
2022-01-31,biomass_burning,wind_ventilation,-1.304968281006552,-13.13139792023037,-14.464349378211352,-0.027983176974430535,False
2022-02-01,biomass_burning,wind_ventilation,-0.28213315120012794,-9.396495435086763,-9.57249472265056,0.10613386363633026,False
2022-02-02,biomass_burning,wind_ventilation,-0.5104180673092742,-8.14701585684287,-8.551300060515814,0.10613386363633026,False
2022-02-03,biomass_burning,wind_ventilation,1.1580585068712708,-2.061129898067634,-0.9030713911964199,-5.684341886080802e-14,False
2022-02-04,biomass_burning,wind_ventilation,0.4803724148861761,1.5265165357863282,2.0952191454776425,0.08833019480513826,False
2022-02-05,biomass_burning,wind_ventilation,1.082183563736777,2.81075953452833,3.8929430982650786,-2.842170943040401e-14,False
2022-02-06,biomass_burning,wind_ventilation,1.4445512728840413,1.2167619932723994,2.6613132661564123,-2.842170943040401e-14,False
2022-02-07,biomass_burning,wind_ventilation,-1.1121709429905025,-2.8351489089432107,-3.7296116782984825,0.21770817363523065,False
2022-02-08,biomass_burning,wind_ventilation,0.010787409983322505,-3.180407529608914,-3.34378242121295,-0.17416230158735857,False
2022-02-09,biomass_burning,wind_ventilation,0.013315436583980045,-4.477869085387169,-4.394716189453646,0.069837459349543,False
2022-02-10,biomass_burning,wind_ventilation,2.9179056927178237,-2.357830848165264,0.3859125429651442,-0.1741623015874154,False
2022-02-11,biomass_burning,wind_ventilation,0.4542063294030072,-1.9482172080279554,-1.4940108786249766,-2.842170943040401e-14,False
2022-02-12,biomass_burning,wind_ventilation,0.17383071886004586,-0.9933581520804751,-0.9885702903632705,-0.16904285714284129,False
2022-02-13,biomass_burning,wind_ventilation,0.899811518991072,-0.41337745590303143,0.3122717615007389,-0.17416230158730173,False
2022-02-14,biomass_burning,wind_ventilation,0.19942064026977846,-1.8027059392827027,-1.5334478396633813,0.069837459349543,False
2022-02-15,biomass_burning,wind_ventilation,0.563181452271408,-3.028219896199147,-2.4913300312293813,-0.026291587301642494,False
2022-02-16,biomass_burning,wind_ventilation,0.5865777856040211,-3.641062596495175,-2.9066140966054377,0.14787071428571608,False
2022-02-17,biomass_burning,wind_ventilation,1.402894051122047,-2.6554942420253838,-1.1047294766176776,0.14787071428565923,False
2022-02-18,biomass_burning,wind_ventilation,0.6450330426372375,-1.0953665303746902,-0.3024627734517651,0.14787071428568765,False
2022-02-19,biomass_burning,wind_ventilation,0.7752774408775451,-0.7920646163568961,-0.0008503897651053194,0.015936785714245616,False
2022-02-20,biomass_burning,wind_ventilation,0.7030073573720301,1.1384006434035143,1.8414080007755729,2.842170943040401e-14,False
2022-02-21,biomass_burning,wind_ventilation,0.3550742739510895,-0.13469811609249405,0.220376157858567,-2.842170943040401e-14,False
2022-02-22,biomass_burning,wind_ventilation,0.1475866639492267,0.1740878393918308,0.3216745033410291,-2.842170943040401e-14,False
2022-02-23,biomass_burning,wind_ventilation,0.1453509530606425,-1.1974180841205282,-1.1840010596312993,-0.13193392857141362,False
2022-02-24,biomass_burning,wind_ventilation,1.733145234822132,0.11307649418506571,1.8462217290071123,-8.526512829121202e-14,False
2022-02-25,biomass_burning,wind_ventilation,0.09506142670826989,-0.44025724895647045,-0.34519582224820056,0.0,False
2022-02-26,biomass_burning,wind_ventilation,-0.33841672561359815,-1.0008011206523122,-1.4711517748374092,-0.13193392857149888,False
2022-02-27,biomass_burning,wind_ventilation,0.33521164687138594,0.79588812217753,1.219429963854111,0.0883301948051951,False
2022-02-28,biomass_burning,wind_ventilation,-0.12601832758809905,0.9863344630016968,0.9486463302187644,0.08833019480516668,False
2022-03-01,biomass_burning,wind_ventilation,0.9879416060518622,0.826264507971473,1.8142061140233352,0.0,False
2022-03-02,biomass_burning,wind_ventilation,0.583698359622872,-0.5843833558346319,-0.0006849962118167241,-5.684341886080802e-14,False
2022-03-03,biomass_burning,wind_ventilation,0.6035228841253968,-0.6835035961549352,-0.010143252679938541,0.06983745934959984,False
2022-03-04,biomass_burning,wind_ventilation,0.12986271738331823,0.1743375827628313,0.30420030014619215,4.263256414560601e-14,False
2022-03-05,biomass_burning,wind_ventilation,0.37000329392152764,0.15255492157785966,0.5225582154993873,0.0,False
2022-03-06,biomass_burning,wind_ventilation,0.19534475297034248,-0.11981515906677487,0.0755295939035534,-1.4210854715202004e-14,False
2022-03-07,biomass_burning,wind_ventilation,0.2645185926333937,-0.08574356318604259,0.17877502944735113,0.0,False
2022-03-08,biomass_burning,wind_ventilation,0.23670927431368227,-0.22890453161153346,0.007804742702177236,2.842170943040401e-14,False
2022-03-09,biomass_burning,wind_ventilation,0.28072480228571806,-0.32103127873877213,-0.04030647645303986,1.4210854715202004e-14,False
2022-03-10,biomass_burning,wind_ventilation,0.321732843138264,-0.32103127873877213,0.0007015643995060827,1.4210854715202004e-14,False
2022-03-11,biomass_burning,wind_ventilation,0.08766066206123924,-0.31348681365052755,-0.2258261515892599,2.842170943040401e-14,False
2022-03-12,biomass_burning,wind_ventilation,0.08502573815964354,-0.03641811260698091,0.048607625552648415,-1.4210854715202004e-14,False
2022-03-13,biomass_burning,wind_ventilation,0.1214926280405848,-0.215843266123386,-0.09435063808277278,2.842170943040401e-14,False
2022-03-14,biomass_burning,wind_ventilation,0.04094505756579281,-0.20240082359462974,-0.16145576602882272,1.4210854715202004e-14,False
2022-03-15,biomass_burning,wind_ventilation,0.000911064515577209,-0.4791451999211347,-0.47823413540552906,2.842170943040401e-14,False
2022-03-16,biomass_burning,wind_ventilation,-0.03646688988095548,-0.4476998081496646,-0.48416669803062007,0.0,False
2022-03-17,biomass_burning,wind_ventilation,0.03053957744535296,-0.1638282293435509,-0.13328865189818373,1.4210854715202004e-14,False
2022-03-18,biomass_burning,wind_ventilation,-0.08096738444174889,-0.19932469858416368,-0.2802920830259268,-1.4210854715202004e-14,False
2022-03-19,biomass_burning,wind_ventilation,0.06700646732632265,-0.21634137604708314,-0.14933490872073207,2.842170943040401e-14,False
2022-03-20,biomass_burning,wind_ventilation,0.06823053070914398,-0.27694873735750036,-0.2087182066483706,-1.4210854715202004e-14,False
2022-03-21,biomass_burning,wind_ventilation,0.06700646732633686,-0.3399135149457493,-0.27290704761944085,-2.842170943040401e-14,False
2022-03-22,biomass_burning,wind_ventilation,-0.015998698461189065,-0.18352261446867146,-0.19952131292987474,-1.4210854715202004e-14,False
2022-03-23,biomass_burning,wind_ventilation,-0.08503097359347578,-0.1511754826899221,-0.23620645628339787,0.0,False
2022-03-24,biomass_burning,wind_ventilation,-0.001765144751061598,-0.25267676887629875,-0.25444191362738877,-2.842170943040401e-14,False
2022-03-25,biomass_burning,wind_ventilation,0.08502573815965775,-0.2376280393974355,-0.15260230123779195,-1.4210854715202004e-14,False
2022-03-26,biomass_burning,wind_ventilation,0.12597079572542214,-0.1465968160946005,-0.020626020369164166,1.4210854715202004e-14,False
2022-03-27,biomass_burning,wind_ventilation,0.0012240633828355385,-0.02940030966442464,-0.028176246281603312,-1.4210854715202004e-14,False
2022-03-28,biomass_burning,wind_ventilation,0.26345313924838365,0.04259495581204931,0.30604809506044717,1.4210854715202004e-14,False
2022-03-29,biomass_burning,wind_ventilation,0.33280372492437493,0.0842350416605484,0.4170387665849944,7.105427357601002e-14,False
2022-03-30,biomass_burning,wind_ventilation,0.4195946078351085,0.37479054067785,0.7943851485130011,4.263256414560601e-14,False
2022-03-31,biomass_burning,wind_ventilation,0.350244022159103,0.09226664835813381,0.4425106705172226,-1.4210854715202004e-14,False
2022-04-01,biomass_burning,wind_ventilation,0.1403910406911848,0.06074726254129814,0.20113830323252557,4.263256414560601e-14,False
2022-04-02,biomass_burning,wind_ventilation,0.048204727828476734,0.06074726254132656,0.10895199036981751,1.4210854715202004e-14,False
2022-04-03,biomass_burning,wind_ventilation,0.018446783254020716,-0.053955225656309835,-0.03550844240227491,1.4210854715202004e-14,False
2022-04-04,biomass_burning,wind_ventilation,0.11848383266358553,-0.061986832353852606,0.056497000309747136,1.4210854715202004e-14,False
2022-04-05,biomass_burning,wind_ventilation,-0.030564779588885926,-0.08547461147311708,-0.1160393910619888,1.4210854715202004e-14,False
2022-04-06,biomass_burning,wind_ventilation,0.050349827287234916,-0.148439389061366,-0.09808956177411687,1.4210854715202004e-14,False
2022-04-07,biomass_burning,wind_ventilation,0.02059188271280732,0.3123988443303176,0.33299072704312493,0.0,False
2022-04-08,biomass_burning,wind_ventilation,0.026512573912881976,0.3123988443302892,0.3389114182431996,2.842170943040401e-14,False
2022-04-09,biomass_burning,wind_ventilation,0.026512573912867765,0.21967612216759846,0.27594664065493646,0.02975794457447023,False
2022-04-10,biomass_burning,wind_ventilation,0.08872588808914372,0.3349043770593312,0.4236302651484891,1.4210854715202004e-14,False
2022-04-11,biomass_burning,wind_ventilation,0.06116990387728549,-0.017764560756944547,0.043405343120326734,-1.4210854715202004e-14,False
2022-04-12,biomass_burning,wind_ventilation,0.09092784845169888,0.011144197258957433,0.10207204571069894,4.263256414560601e-14,False
2022-04-13,biomass_burning,wind_ventilation,-0.236142448522628,-0.0790306391883604,-0.31517308771094577,4.263256414560601e-14,False
2022-04-14,biomass_burning,wind_ventilation,0.06116990387724286,0.5324614055201806,0.5936313093974661,4.263256414560601e-14,False
2022-04-15,biomass_burning,wind_ventilation,0.8683727951160023,0.5792325546793506,1.4476053497953956,4.263256414560601e-14,False
2022-04-16,biomass_burning,wind_ventilation,0.03336058555757404,0.6220670990734476,0.6554276846310501,2.842170943040401e-14,False
2022-04-17,biomass_burning,wind_ventilation,0.026512573912867765,0.495402377012482,0.5219149509253782,2.842170943040401e-14,False
2022-04-18,biomass_burning,wind_ventilation,-0.1149295113651192,0.13061424593476545,0.015684734569674674,2.842170943040401e-14,False
2022-04-19,biomass_burning,wind_ventilation,0.026512573912881976,0.09765278116518061,0.1241653550780768,1.4210854715202004e-14,False
2022-04-20,biomass_burning,wind_ventilation,0.08872588808914372,0.1718665858110029,0.2605924739001608,1.4210854715202004e-14,False
2022-04-21,biomass_burning,wind_ventilation,0.08872588808914372,0.052396537135194876,0.1411224252243528,1.4210854715202004e-14,False
2022-04-22,biomass_burning,wind_ventilation,0.0887258880891153,0.2986544435598688,0.38738033164902674,4.263256414560601e-14,False
2022-04-23,biomass_burning,wind_ventilation,0.11848383266357132,0.09807416205634922,0.21655799471993475,1.4210854715202004e-14,False
2022-04-24,biomass_burning,wind_ventilation,0.0887258880891153,0.023487779119250263,0.1122136672084082,4.263256414560601e-14,False
2022-04-25,biomass_burning,wind_ventilation,0.02623921909086846,0.08423504166057683,0.11047426075147371,2.842170943040401e-14,False
2022-04-26,biomass_burning,wind_ventilation,0.11848383266357132,0.17060035977881682,0.2890841924424308,4.263256414560601e-14,False
2022-04-27,biomass_burning,wind_ventilation,0.0887258880891153,0.08423504166057683,0.17296092974973476,4.263256414560601e-14,False
2022-04-28,biomass_burning,wind_ventilation,0.1184838326635429,0.08965602055722854,0.20813985322082829,5.684341886080802e-14,False
2022-04-29,biomass_burning,wind_ventilation,0.08872588808912951,0.06074726254132656,0.1494731506304845,2.842170943040401e-14,False
2022-04-30,biomass_burning,wind_ventilation,0.11848383266357132,0.06074726254132656,0.1792310952049121,1.4210854715202004e-14,False
2022-05-01,biomass_burning,wind_ventilation,0.06116990387727128,0.06074726254131235,0.12191716641859784,1.4210854715202004e-14,False
2022-05-02,biomass_burning,wind_ventilation,0.06116990387727128,1.4210854715202004e-14,0.06116990387728549,0.0,False
2022-05-03,biomass_burning,wind_ventilation,0.09092784845169888,0.028908758015930403,0.11983660646767191,4.263256414560601e-14,False
2022-05-04,biomass_burning,wind_ventilation,0.08872588808914372,2.842170943040401e-14,0.08872588808917214,0.0,False
2022-05-05,biomass_burning,wind_ventilation,0.09092784845169888,0.0,0.0909278484517273,2.842170943040401e-14,False
2022-05-06,biomass_burning,wind_ventilation,0.8683727951160307,0.052396537135194876,0.920769332251254,2.842170943040401e-14,False
2022-05-07,biomass_burning,wind_ventilation,0.898130739690501,-0.04418168360001573,0.8539490560904994,1.4210854715202004e-14,False
2022-05-08,biomass_burning,wind_ventilation,0.8683727951160307,0.28428533356211005,1.1824160732525968,0.02975794457445602,False
2022-05-09,biomass_burning,wind_ventilation,0.8442374187578565,0.14755207070706433,0.9917894894649635,4.263256414560601e-14,False
2022-05-10,biomass_burning,wind_ventilation,0.895928779327889,0.36811551122896446,1.2938022351313236,0.02975794457447023,False
2022-05-11,biomass_burning,wind_ventilation,0.7045823195063008,0.24109926910098523,0.9456815886073002,1.4210854715202004e-14,False
2022-05-12,biomass_burning,wind_ventilation,0.835917425514225,-0.06031349750102777,0.7756039280132256,2.842170943040401e-14,False
2022-05-13,biomass_burning,wind_ventilation,0.8683727951160449,1.4210854715202004e-14,0.8683727951160733,1.4210854715202004e-14,False
2022-05-14,biomass_burning,wind_ventilation,0.3906207989564763,0.1764608287229663,0.5670816276795279,8.526512829121202e-14,False
2022-05-15,biomass_burning,wind_ventilation,0.7702222624060795,0.05239653713520909,0.8226187995413028,1.4210854715202004e-14,False
2022-05-16,biomass_burning,wind_ventilation,0.6012241929161775,0.023487779119250263,0.6247119720354704,4.263256414560601e-14,False
2022-05-17,biomass_burning,wind_ventilation,0.6678588777901524,0.028908758015944613,0.6967676358061112,1.4210854715202004e-14,False
2022-05-18,biomass_burning,wind_ventilation,0.6504216646215042,0.2688964989854554,0.9490761081814156,0.02975794457445602,False
2022-05-19,biomass_burning,wind_ventilation,-0.009109200957865937,0.016246460232707705,0.007137259274855978,1.4210854715202004e-14,False
2022-05-20,biomass_burning,wind_ventilation,-0.05013395713304192,-0.04418168360001573,-0.09431564073305765,0.0,False
2022-05-21,biomass_burning,wind_ventilation,-0.02037601255860011,0.023487779119264474,0.003111766560692786,2.842170943040401e-14,False
2022-05-22,biomass_burning,wind_ventilation,0.08872588808912951,0.05239653713520909,0.14112242522436702,2.842170943040401e-14,False
2022-05-23,biomass_burning,wind_ventilation,0.0887258880891153,0.028908758015930403,0.11763464610507413,2.842170943040401e-14,False
2022-05-24,biomass_burning,wind_ventilation,0.12353375361615804,0.18926210138629074,0.312795855002463,1.4210854715202004e-14,False
2022-05-25,biomass_burning,wind_ventilation,0.09377580904173044,0.19100335391323142,0.2847791629549761,1.4210854715202004e-14,False
2022-05-26,biomass_burning,wind_ventilation,0.06116990387727128,0.048084964758075444,0.10925486863536094,1.4210854715202004e-14,False
2022-05-27,biomass_burning,wind_ventilation,0.006683743162980704,0.11575442747736986,0.12243817064037898,2.842170943040401e-14,False
2022-05-28,biomass_burning,wind_ventilation,-0.00822748839892995,0.2097069863986576,0.20147949799974185,1.4210854715202004e-14,False
2022-05-29,biomass_burning,wind_ventilation,0.03644168773742251,0.06074726254132656,0.09718895027876329,1.4210854715202004e-14,False
2022-05-30,biomass_burning,wind_ventilation,0.0108317590386946,0.06074726254132656,0.07157902158000695,-1.4210854715202004e-14,False
2022-05-31,biomass_burning,wind_ventilation,0.03644168773742251,0.0926838806510375,0.12912556838848843,2.842170943040401e-14,False
2022-06-01,biomass_burning,wind_ventilation,0.006683743162994915,0.19100335391323142,0.19768709707625476,2.842170943040401e-14,False
2022-06-02,biomass_burning,wind_ventilation,0.016500727740890397,0.021270264072313694,0.037770991813246724,4.263256414560601e-14,False
2022-06-03,biomass_burning,wind_ventilation,-0.1324294361670013,0.06074726254131235,-0.07168217362567475,1.4210854715202004e-14,False
2022-06-04,biomass_burning,wind_ventilation,0.007750656858817706,-0.05064358726104956,-0.04289293040218922,4.263256414560601e-14,False
2022-06-05,biomass_burning,wind_ventilation,0.007750656858831917,0.06074726254129814,0.06849791940014427,1.4210854715202004e-14,False
2022-06-06,biomass_burning,wind_ventilation,-0.022417138134173342,0.06074726254132656,0.03833012440716743,1.4210854715202004e-14,False
2022-06-07,biomass_burning,wind_ventilation,0.03555997517852916,1.4210854715202004e-14,0.03555997517854337,0.0,False
2022-06-08,biomass_burning,wind_ventilation,0.007750656858846128,1.4210854715202004e-14,0.007750656858860339,0.0,False
2022-06-09,biomass_burning,wind_ventilation,0.03678403856132206,0.052396537135180665,0.08918057569653115,2.842170943040401e-14,False
2022-06-10,biomass_burning,wind_ventilation,0.007750656858846128,-0.04842607221408457,-0.04067541535521002,2.842170943040401e-14,False
2022-06-11,biomass_burning,wind_ventilation,-0.1137419711817671,0.0,-0.11374197118173868,2.842170943040401e-14,False
2022-06-12,biomass_burning,wind_ventilation,-0.1803766560556994,-0.04842607221405615,-0.22880272826976977,-1.4210854715202004e-14,False
2022-06-13,biomass_burning,wind_ventilation,-0.01026861397447476,-0.04842607221407036,-0.05869468618854512,0.0,False
2022-06-14,biomass_burning,wind_ventilation,0.10713148736242317,1.4210854715202004e-14,0.10713148736243738,0.0,False
2022-06-15,biomass_burning,wind_ventilation,0.08872588808912951,-0.04842607221408457,0.040299815875073364,2.842170943040401e-14,False
2022-06-16,biomass_burning,wind_ventilation,0.06091656976946069,0.29865444355989723,0.35957101332938635,2.842170943040401e-14,False
2022-06-17,biomass_burning,wind_ventilation,0.03530664107070436,0.028908758015944613,0.06421539908666318,1.4210854715202004e-14,False
2022-06-18,biomass_burning,wind_ventilation,-0.1137419711817671,0.052396537135194876,-0.06134543404655801,1.4210854715202004e-14,False
2022-06-19,biomass_burning,wind_ventilation,-0.11374197118175289,0.023487779119264474,-0.09025419206248841,0.0,False
2022-06-20,biomass_burning,wind_ventilation,0.08502573815964354,0.052396537135194876,0.13742227529485262,1.4210854715202004e-14,False
2022-06-21,biomass_burning,wind_ventilation,0.030539577445381383,0.05500716493607172,0.0855467423814531,0.0,False
2022-06-22,biomass_burning,wind_ventilation,-0.11374197118178131,0.03151938581679303,-0.08222258536494564,4.263256414560601e-14,False
2022-06-23,biomass_burning,wind_ventilation,-0.10245519649964763,0.2744013256086646,0.1719461291090454,2.842170943040401e-14,False
2022-06-24,biomass_burning,wind_ventilation,-0.08593265286206986,-0.061986832353838395,-0.14791948521592246,-1.4210854715202004e-14,False
2022-06-25,biomass_burning,wind_ventilation,-0.04673550385543024,-0.08547461147310287,-0.1322101153285331,0.0,False
2022-06-26,biomass_burning,wind_ventilation,-0.07758808016802732,-0.053955225656309835,-0.13154330582433715,0.0,False
2022-06-27,biomass_burning,wind_ventilation,-0.16946166382594186,-0.1484393890613518,-0.31790105288730786,-1.4210854715202004e-14,False
2022-06-28,biomass_burning,wind_ventilation,-0.1495250852273955,-0.1484393890613518,-0.29796447428871886,2.842170943040401e-14,False
2022-06-29,biomass_burning,wind_ventilation,-0.1335263867661638,-0.1484393890613518,-0.2819657758275298,-1.4210854715202004e-14,False
2022-06-30,biomass_burning,wind_ventilation,-0.04673550385544445,2.842170943040401e-14,-0.04673550385541603,0.0,False
2022-07-01,biomass_burning,wind_ventilation,0.08016941898574714,0.05571155635199432,0.13588097533776988,2.842170943040401e-14,False
2022-07-02,biomass_burning,wind_ventilation,0.1549629520782787,0.1672175041499031,0.3221804562281676,-1.4210854715202004e-14,False
2022-07-03,biomass_burning,wind_ventilation,0.07066082384426409,-0.0870090846994458,-0.016348260855203023,-2.1316282072803006e-14,False
2022-07-04,biomass_burning,wind_ventilation,-0.06271832771870578,0.019186250335032184,-0.0435320773836807,-7.105427357601002e-15,False
2022-07-05,biomass_burning,wind_ventilation,-0.20895160206986674,0.09432715955854576,-0.11462444251132808,-7.105427357601002e-15,False
2022-07-06,biomass_burning,wind_ventilation,-0.6477384187188875,-0.19929672102506402,-0.6285521683838624,0.2184829713600891,False
2022-07-07,biomass_burning,wind_ventilation,-0.9940551663513801,-0.08149333119455093,-0.9748689160163551,0.10067958152957601,False
2022-07-08,biomass_burning,wind_ventilation,-0.6167250078848099,-0.01424963326898876,-0.6309746411538057,-7.105427357601002e-15,False
2022-07-09,biomass_burning,wind_ventilation,-0.3106342280885954,-0.014249633268995865,-0.3248838613575842,7.105427357601002e-15,False
2022-07-10,biomass_burning,wind_ventilation,-0.7909051383553134,-0.04037349854927186,-0.8312786369045924,-7.105427357601002e-15,False
2022-07-11,biomass_burning,wind_ventilation,-0.7153314676571867,0.04997104900760263,-0.6431395053648856,0.02222091328469844,False
2022-07-12,biomass_burning,wind_ventilation,-0.8631106164611566,0.1615946184129342,-0.6792950847635097,0.02222091328471265,False
2022-07-13,biomass_burning,wind_ventilation,-0.4678003107989923,0.18860545016059405,-0.27609921510410373,0.0030956455342945333,False
2022-07-14,biomass_burning,wind_ventilation,-0.01764347727272053,0.10866798129538324,0.0910245040226485,-1.4210854715202004e-14,False
2022-07-15,biomass_burning,wind_ventilation,0.027923623661081365,0.07769455715008888,0.10561818081116314,-7.105427357601002e-15,False
2022-07-16,biomass_burning,wind_ventilation,-0.016825833366077347,0.03384225259817697,0.017016419232113833,1.4210854715202004e-14,False
2022-07-17,biomass_burning,wind_ventilation,-0.07295542439263158,0.10594849887201008,0.03608872001366592,0.003095645534287428,False
2022-07-18,biomass_burning,wind_ventilation,-0.13008214008588936,0.0034303927029668557,-0.1266517473829296,-7.105427357601002e-15,False
2022-07-19,biomass_burning,wind_ventilation,-0.055281322495531526,0.036695040127114,0.002152840438590431,0.02073912280700796,False
2022-07-20,biomass_burning,wind_ventilation,-0.24457587305719386,0.034846952050834545,-0.20972892100636642,-7.105427357601002e-15,False
2022-07-21,biomass_burning,wind_ventilation,0.0,-0.017706746289377406,-0.017706746289377406,0.0,False
2022-07-22,biomass_burning,wind_ventilation,-0.1737222375166283,0.03450145149135153,-0.13922078602529808,-2.1316282072803006e-14,False
2022-07-23,biomass_burning,wind_ventilation,-0.15135504403005484,0.00656911739007171,-0.14478592663998313,0.0,False
2022-07-24,biomass_burning,wind_ventilation,-1.4774608236265436,-0.13106732779943542,-1.6085281514260004,-2.1316282072803006e-14,False
2022-07-25,biomass_burning,wind_ventilation,-0.017523368217425173,-0.012163851830841566,-0.029687220048273844,-7.105427357601002e-15,False
2022-07-26,biomass_burning,wind_ventilation,-0.017523368217432278,-0.11340213646525399,-0.13092550468268627,0.0,False
2022-07-27,biomass_burning,wind_ventilation,0.12810506704851576,0.013099244964458023,0.14120431201296668,-7.105427357601002e-15,False
2022-07-28,biomass_burning,wind_ventilation,0.017399489345422126,0.013099244964458023,0.030498734309887254,7.105427357601002e-15,False
2022-07-29,biomass_burning,wind_ventilation,0.04642279425760876,0.11241070946434917,0.15883350372195792,0.0,False
2022-07-30,biomass_burning,wind_ventilation,-1.1307191980648525,0.001883027979523888,-1.1288361700853429,-1.4210854715202004e-14,False
2022-07-31,biomass_burning,wind_ventilation,-1.7419852011470098,0.0548030239183106,-1.6649612639439937,0.022220913284705546,False
2022-08-01,biomass_burning,wind_ventilation,-0.9866752889008978,0.09466741447575089,-0.9096513516978817,-0.017643477272734742,False
2022-08-02,biomass_burning,wind_ventilation,-0.11596591981401616,-0.07927078494859785,-0.19375491428491642,0.0014817904776975865,False
2022-08-03,biomass_burning,wind_ventilation,-0.13022691635457306,-0.1379455964095655,-0.22458868740528004,0.04358382535885852,False
2022-08-04,biomass_burning,wind_ventilation,-0.5550819017203281,-0.3829084229074411,-0.8736673764619098,0.06432294816585937,False
2022-08-05,biomass_burning,wind_ventilation,-0.3317233041771033,-0.3394865449522655,-0.6099825464977897,0.06122730263157905,False
2022-08-06,biomass_burning,wind_ventilation,-0.32526433815998956,-0.3080539544706369,-0.6333182926306264,0.0,False
2022-08-07,biomass_burning,wind_ventilation,-0.1346539884145912,-0.20332480217492588,-0.317239667782502,0.020739122807015065,False
2022-08-08,biomass_burning,wind_ventilation,-0.0718439343923265,-0.1737129851224708,-0.2455569195147973,0.0,False
2022-08-09,biomass_burning,wind_ventilation,-2.2412511999037648,-0.1295455000442658,-2.3707966999480377,-7.105427357601002e-15,False
2022-08-10,biomass_burning,wind_ventilation,0.11227484855920267,-0.1737129851224637,-0.061438136563261025,0.0,False
2022-08-11,biomass_burning,wind_ventilation,0.057761619512668005,-0.12676063212823152,-0.06899901261557773,-1.4210854715202004e-14,False
2022-08-12,biomass_burning,wind_ventilation,0.08521763251704328,-0.1792277004839704,-0.09401006796692002,7.105427357601002e-15,False
2022-08-13,biomass_burning,wind_ventilation,-0.021220282605931118,-0.15505714520758573,-0.17627742781352396,-7.105427357601002e-15,False
2022-08-14,biomass_burning,wind_ventilation,0.023635219743852076,-0.1562088588655115,-0.13257363912164521,1.4210854715202004e-14,False
2022-08-15,biomass_burning,wind_ventilation,-0.021931881189942715,-0.0497120894869596,-0.07164397067690942,-7.105427357601002e-15,False
2022-08-16,biomass_burning,wind_ventilation,0.023635219743873392,-0.11119012665287187,-0.08755490690899848,0.0,False
2022-08-17,biomass_burning,wind_ventilation,-0.10589849040720622,-0.04967948911124864,-0.15557797951844776,7.105427357601002e-15,False
2022-08-18,biomass_burning,wind_ventilation,-0.44320250485101553,-0.034595657171408334,-0.47779816202241676,7.105427357601002e-15,False
2022-08-19,biomass_burning,wind_ventilation,-0.07922193223937768,-0.006299144092068332,-0.08552107633144601,0.0,False
2022-08-20,biomass_burning,wind_ventilation,0.05092166920290708,0.01787141118432345,0.06879308038723053,0.0,False
2022-08-21,biomass_burning,wind_ventilation,0.0828445798302937,0.15579105448352948,0.23863563431383739,1.4210854715202004e-14,False
2022-08-22,biomass_burning,wind_ventilation,-0.4466305316883279,0.15269540894926337,-0.2908394772047984,0.0030956455342661116,False
2022-08-23,biomass_burning,wind_ventilation,-0.80982061365264,0.08065014526004433,-0.7291704683926028,-7.105427357601002e-15,False
2022-08-24,biomass_burning,wind_ventilation,-0.049146665660430244,0.029305452493197492,-0.019841213167232752,0.0,False
2022-08-25,biomass_burning,wind_ventilation,-0.09189770537092556,0.056479589983652545,-0.035418115387280125,-7.105427357601002e-15,False
2022-08-26,biomass_burning,wind_ventilation,0.06831898318520757,-0.01056195760990164,0.040113548302578295,-0.017643477272727637,False
2022-08-27,biomass_burning,wind_ventilation,-0.2910745411230238,0.018528316224553976,-0.2725462248984698,0.0,False
2022-08-28,biomass_burning,wind_ventilation,-0.44615649520525835,0.08065014526004433,-0.365506349945214,0.0,False
2022-08-29,biomass_burning,wind_ventilation,-1.5902088692732832,0.05235363218069011,-1.537855237092593,0.0,False
2022-08-30,biomass_burning,wind_ventilation,-0.26045111509642993,0.08065014526005143,-0.17980096983639982,-2.1316282072803006e-14,False
2022-08-31,biomass_burning,wind_ventilation,-0.07467581370565313,0.1305602116830329,0.058980043511674296,0.0030956455342945333,False
2022-09-01,biomass_burning,wind_ventilation,-0.4622196470038915,0.11162356940533869,-0.3505960775985457,7.105427357601002e-15,False
2022-09-02,biomass_burning,wind_ventilation,-1.6397044020554787,0.08065014526003722,-1.5590542567954344,7.105427357601002e-15,False
2022-09-03,biomass_burning,wind_ventilation,-1.5645849316594749,0.154309264005839,-1.4279191449263635,-0.017643477272727637,False
2022-09-04,biomass_burning,wind_ventilation,-1.3999996598415265,0.029305452493197492,-1.3706942073483361,-7.105427357601002e-15,False
2022-09-05,biomass_burning,wind_ventilation,-0.004377494270968896,0.057601965572537495,0.0532244713015686,0.0,False
2022-09-06,biomass_burning,wind_ventilation,0.16494433227828864,0.08065014526003722,0.24559447753832586,0.0,False
2022-09-07,biomass_burning,wind_ventilation,0.1256869655819557,0.12746786508959929,0.23551135339884155,-0.017643477272713426,False
2022-09-08,biomass_burning,wind_ventilation,0.2447631511279127,0.034683478593372286,0.2794466297212992,1.4210854715202004e-14,False
2022-09-09,biomass_burning,wind_ventilation,0.2819250982013841,0.10134399980930908,0.3656256207379869,-0.01764347727270632,False
2022-09-10,biomass_burning,wind_ventilation,0.30678028075674746,0.1296671892032606,0.43644746996001516,7.105427357601002e-15,False
2022-09-11,biomass_burning,wind_ventilation,0.0027834369508923373,0.06640051199104846,0.0691839489419479,7.105427357601002e-15,False
2022-09-12,biomass_burning,wind_ventilation,-0.3134032163379672,0.06640051199104846,-0.24700270434692584,-7.105427357601002e-15,False
2022-09-13,biomass_burning,wind_ventilation,-0.15375297454667702,-0.057507437625453406,-0.21126041217213043,0.0,False
2022-09-14,biomass_burning,wind_ventilation,0.22830063528446942,0.05235363218069722,0.28065426746515243,-1.4210854715202004e-14,False
2022-09-15,biomass_burning,wind_ventilation,0.058092179999100324,0.028183076904305437,0.08627525690340576,0.0,False
2022-09-16,biomass_burning,wind_ventilation,-0.0749335283221626,-0.0296482928967734,-0.1045818212189431,-7.105427357601002e-15,False
2022-09-17,biomass_burning,wind_ventilation,-0.11955729574301444,-0.006299144092068332,-0.12585643983508277,0.0,False
2022-09-18,biomass_burning,wind_ventilation,0.05794005718599493,0.017871411184316344,0.07581146837031838,7.105427357601002e-15,False
2022-09-19,biomass_burning,wind_ventilation,-0.03826249102444734,0.09467843312723545,0.07715506490981028,0.02073912280702217,False
2022-09-20,biomass_burning,wind_ventilation,-0.03826249102444024,0.029926361371273913,0.012402993153841635,0.02073912280700796,False
2022-09-21,biomass_burning,wind_ventilation,-0.34468818085761654,0.10167703065712175,-0.20314675964307582,0.03986439055741897,False
2022-09-22,biomass_burning,wind_ventilation,-0.4415890503955353,-0.0671967294683995,-0.5087857798639277,7.105427357601002e-15,False
2022-09-23,biomass_burning,wind_ventilation,0.16714177665841845,0.0619086612437556,0.22905043790218116,7.105427357601002e-15,False
2022-09-24,biomass_burning,wind_ventilation,0.28724048187085316,-0.1280880054229101,0.15915247644793595,-7.105427357601002e-15,False
2022-09-25,biomass_burning,wind_ventilation,0.30463997121625397,-0.2424637350224046,0.06217623619386359,1.4210854715202004e-14,False
2022-09-26,biomass_burning,wind_ventilation,0.19927951667080634,-0.21416722194305748,-0.014887705272244034,7.105427357601002e-15,False
2022-09-27,biomass_burning,wind_ventilation,0.2221072826855206,-0.11644558907058666,0.10566169361491973,-1.4210854715202004e-14,False
2022-09-28,biomass_burning,wind_ventilation,0.14312538056691437,-0.15471248821905448,-0.011587107652140105,0.0,False
2022-09-29,biomass_burning,wind_ventilation,0.12428989025058002,-0.04254106667175961,0.0817488235788204,0.0,False
2022-09-30,biomass_burning,wind_ventilation,-0.16867324069138334,-0.6524096272366577,-0.8210828679280411,0.0,False
2022-10-01,biomass_burning,wind_ventilation,-2.5327876983683097,-2.345956320477299,-4.642559585044879,0.23618443380073018,False
2022-10-02,biomass_burning,wind_ventilation,0.1579001362860879,-1.8643641957356465,-1.8107889016873457,-0.10432484223778715,False
2022-10-03,biomass_burning,wind_ventilation,1.703150269641867,-1.9145049371039704,-0.21135466746218867,-8.526512829121202e-14,False
2022-10-04,biomass_burning,wind_ventilation,2.0165194044806753,-0.07212835895913372,2.0327212403267083,0.08833019480516668,False
2022-10-05,biomass_burning,wind_ventilation,0.709941530044631,-0.11445797678430836,0.6838137480655178,0.0883301948051951,False
2022-10-06,biomass_burning,wind_ventilation,0.9234354000151086,-0.2152357062095689,0.534037392218238,-0.17416230158730173,False
2022-10-07,biomass_burning,wind_ventilation,0.7147959334651262,-1.1316761977834346,-0.4168802643183085,0.0,False
2022-10-08,biomass_burning,wind_ventilation,0.15140805090393883,-1.627440262583832,-1.4760322116799784,-8.526512829121202e-14,False
2022-10-09,biomass_burning,wind_ventilation,-0.5981627536735346,-1.4617986754269623,-2.0599614291005253,-2.842170943040401e-14,False
2022-10-10,biomass_burning,wind_ventilation,0.33562065604908753,-0.2739013499148939,0.06171930613416521,-2.842170943040401e-14,False
2022-10-11,biomass_burning,wind_ventilation,0.9490020678257736,-0.8242248579721831,0.12477720985361884,2.842170943040401e-14,False
2022-10-12,biomass_burning,wind_ventilation,0.8656455206325688,-1.5391791720442427,-0.7593657581938089,-0.08583210678213504,False
2022-10-13,biomass_burning,wind_ventilation,2.0360398624148957,-1.5047803706639797,0.6010969511005442,0.06983745934962826,False
2022-10-14,biomass_burning,wind_ventilation,1.7248161491307883,-0.662734023548694,1.0620821255821227,2.842170943040401e-14,False
2022-10-15,biomass_burning,wind_ventilation,1.0278075625458598,0.18086790328041502,1.2970056606314415,0.08833019480516668,False
2022-10-16,biomass_burning,wind_ventilation,-0.36328995816728593,-1.7273659472440386,-2.0208184460616962,0.06983745934962826,False
2022-10-17,biomass_burning,wind_ventilation,0.9821950603379435,-1.8207700181221753,-1.1817801165144317,-0.34320515873019986,False
2022-10-18,biomass_burning,wind_ventilation,0.7506955911273963,-2.7139325225026596,-1.9145716148828456,0.04866531649241779,False
2022-10-19,biomass_burning,wind_ventilation,0.6807720726088746,-2.498188686759107,-1.768751297657758,0.04866531649247463,False
2022-10-20,biomass_burning,wind_ventilation,0.7304812580271118,-2.134448774767492,-1.3553022002479338,0.04866531649244621,False
2022-10-21,biomass_burning,wind_ventilation,0.10881932856807452,-2.65493682988037,-2.6716144864071794,-0.12549698509488394,False
2022-10-22,biomass_burning,wind_ventilation,-0.06390800149523557,-2.7358798378486426,-2.9252848244387337,-0.12549698509485552,False
2022-10-23,biomass_burning,wind_ventilation,0.15964610204008522,-2.1212636312053803,-1.9129522126728205,0.04866531649247463,False
2022-10-24,biomass_burning,wind_ventilation,0.5836340779941054,-2.0838313685125343,-1.2215778073593242,0.2786194831591047,False
2022-10-25,biomass_burning,wind_ventilation,-0.5031767391083122,-2.147503542342946,-2.6020149649588973,0.048665316492360944,False
2022-10-26,biomass_burning,wind_ventilation,-1.411423310851717,-1.299782458575379,-2.5840136936337217,0.12719207579337422,False
2022-10-27,biomass_burning,wind_ventilation,-5.795201521556521,-1.4233829460467007,-6.921446701867239,0.2971377657359824,False
2022-10-28,biomass_burning,wind_ventilation,-13.967013531319253,-3.7274061699134506,-17.348647114560833,0.3457725866718704,False
2022-10-29,biomass_burning,wind_ventilation,-15.412820175393392,-4.225280971981192,-20.35510895493431,-0.7170078075597246,False
2022-10-30,biomass_burning,wind_ventilation,-14.50149035745443,-5.529083234367761,-20.118897938365507,-0.08832434654331678,False
2022-10-31,biomass_burning,wind_ventilation,-20.517330294502415,-4.794996229528351,-25.571738603526484,-0.25941207949571776,False
2022-11-01,biomass_burning,wind_ventilation,-39.24021321058342,-6.076433371607379,-45.854837811245204,-0.5381912290544051,False
2022-11-02,biomass_burning,wind_ventilation,-42.95907947498091,-17.03721265570121,-58.41703787105462,1.579254259627504,False
2022-11-03,biomass_burning,wind_ventilation,-20.731491416013057,-16.241393110674835,-37.633070571844115,-0.6601860451562231,False
2022-11-04,biomass_burning,wind_ventilation,-12.487867690629741,-15.411800603177596,-29.06691595032973,-1.1672476565223917,False
2022-11-05,biomass_burning,wind_ventilation,-14.789170491900279,-16.791839835809412,-31.94512162201815,-0.3641112943084579,False
2022-11-06,biomass_burning,wind_ventilation,-9.33766757913088,-16.07819050271081,-26.357108209455106,-0.9412501276134151,False
2022-11-07,biomass_burning,wind_ventilation,-8.146742793814553,-16.230371135512144,-25.796621128204578,-1.4195071988778807,False
2022-11-08,biomass_burning,wind_ventilation,-4.891219734320828,-19.651151623290104,-25.285003429741835,-0.7426320721309025,False
2022-11-09,biomass_burning,wind_ventilation,-3.63850248791897,-18.868027803781445,-23.889014685976463,-1.382484394276048,False
2022-11-10,biomass_burning,wind_ventilation,-1.2981134599698407,-17.05247312893266,-19.587530444645893,-1.236943855743391,False
2022-11-11,biomass_burning,wind_ventilation,-0.9728978326616016,-16.465055439899515,-18.45829898747172,-1.0203457149106043,False
2022-11-12,biomass_burning,wind_ventilation,-1.3205834512128263,-17.23715401487607,-19.91905749247894,-1.3613200263900467,False
2022-11-13,biomass_burning,wind_ventilation,-5.62244117728784,-16.401149286719317,-23.530516655331326,-1.506926191324169,False
2022-11-14,biomass_burning,wind_ventilation,-10.339857101768075,-14.792887609939498,-25.45192230497645,-0.3191775932688756,False
2022-11-15,biomass_burning,wind_ventilation,-1.8714413448707887,-12.332880562002345,-14.857182462294077,-0.6528605554209435,False
2022-11-16,biomass_burning,wind_ventilation,-2.741463914305143,-12.68301461522185,-16.27156016061872,-0.8470816310917257,False
2022-11-17,biomass_burning,wind_ventilation,-3.4516627849861266,-14.153593336908614,-18.11850926009987,-0.5132531382051297,False
2022-11-18,biomass_burning,wind_ventilation,-4.415541768011167,-13.474727863201167,-17.771450805190796,0.11881882602153837,False
2022-11-19,biomass_burning,wind_ventilation,-3.8315219344676734,-12.239008477087282,-15.91173340388832,0.15879700766663518,False
2022-11-20,biomass_burning,wind_ventilation,-3.115036162292654,-13.216844917000344,-16.810855819231108,-0.4789747399381099,False
2022-11-21,biomass_burning,wind_ventilation,-1.526598410701581,-12.12945843418754,-13.782531200858784,-0.1264743559696626,False
2022-11-22,biomass_burning,wind_ventilation,-1.4489880675368454,-8.328757885995287,-10.019518464969508,-0.24177251143737521,False
2022-11-23,biomass_burning,wind_ventilation,-1.438207461255388,-14.492571521339642,-16.640468107486186,-0.7096891248911561,False
2022-11-24,biomass_burning,wind_ventilation,-1.5323000804440312,-10.812237611963894,-12.471012048377531,-0.12647435596960577,False
2022-11-25,biomass_burning,wind_ventilation,-0.6887642391272379,-8.904120882577331,-9.918479921147934,-0.32559479944336545,False
2022-11-26,biomass_burning,wind_ventilation,-1.1010377507483327,-12.270497866425103,-13.444036253610818,-0.07250063643738258,False
2022-11-27,biomass_burning,wind_ventilation,0.1926620199444642,-11.683652894410216,-11.890337279803362,-0.3993464053376101,False
2022-11-28,biomass_burning,wind_ventilation,0.4020363914002587,-10.40746871342651,-10.537554580190317,-0.5321222581640654,False
2022-11-29,biomass_burning,wind_ventilation,0.11647975436233082,-11.681634879837304,-11.981979228171326,-0.41682410269635284,False
2022-11-30,biomass_burning,wind_ventilation,-0.08018535660988846,-13.176556385993422,-13.853295083188016,-0.5965533405847054,False
2022-12-01,biomass_burning,wind_ventilation,-0.1603128355208696,-9.578642683952296,-10.286493610078537,-0.5475380906053715,False
2022-12-02,biomass_burning,wind_ventilation,-0.47123383960541787,-12.691774258955263,-12.960752043769276,0.2022560547914054,False
2022-12-03,biomass_burning,wind_ventilation,0.3412198295384883,-15.572977542247486,-15.953381261264951,-0.7216235485559537,False
2022-12-04,biomass_burning,wind_ventilation,0.260287496677563,-14.039174145079187,-14.443817097533383,-0.6649304491317594,False
2022-12-05,biomass_burning,wind_ventilation,0.3575154720669502,-13.107481607432476,-13.444429666804638,-0.6944635314391121,False
2022-12-06,biomass_burning,wind_ventilation,0.4824022096743761,-14.372995797427052,-14.82576290663792,-0.9351693188852437,False
2022-12-07,biomass_burning,wind_ventilation,-0.1563946101825877,-16.01684535885363,-17.393680651557816,-1.2204406825215983,False
2022-12-08,biomass_burning,wind_ventilation,-0.1495560805614673,-13.06713447130494,-13.99781641171063,-0.7811258598442237,False
2022-12-09,biomass_burning,wind_ventilation,-0.03911987196232758,-16.1038072338784,-16.70674607467197,-0.5638189688312423,False
2022-12-10,biomass_burning,wind_ventilation,0.42707101129917646,-15.162422904789082,-15.458679575511553,-0.7233276820216474,False
2022-12-11,biomass_burning,wind_ventilation,-14.893857197660793,-8.948667290336232,-24.682261260150085,-0.83973677215306,False
2022-12-12,biomass_burning,wind_ventilation,-11.020401148347219,-13.098299173892201,-24.27251163175771,-0.15381130951828936,False
2022-12-13,biomass_burning,wind_ventilation,0.2011143242689286,-15.494237386842599,-15.68450103262677,-0.3913779700530995,False
2022-12-14,biomass_burning,wind_ventilation,0.16538433104682326,-18.423516422970295,-18.5802859878479,-0.3221538959244299,False
2022-12-15,biomass_burning,wind_ventilation,0.2295867129308249,-14.097548652206399,-14.448350429013487,-0.5803884897379135,False
2022-12-16,biomass_burning,wind_ventilation,-0.2829244503204791,-14.146383720711299,-14.74620682003416,-0.3168986490023826,False
2022-12-17,biomass_burning,wind_ventilation,0.13068389251787949,-13.632535381868422,-13.684633097742108,-0.182781608391565,False
2022-12-18,biomass_burning,wind_ventilation,0.10043386634634999,-14.539416296622278,-14.36413371184716,0.07484871842876828,False
2022-12-19,biomass_burning,wind_ventilation,3.290196696419173,-14.75384656087698,-11.606953970596578,-0.1433041061387712,False
2022-12-20,biomass_burning,wind_ventilation,3.367395503487387,-12.583763794461106,-10.298010573257443,-1.081642282283724,False
2022-12-21,biomass_burning,wind_ventilation,3.098885655173831,-12.03361897209652,-9.921426182688663,-0.9866928657659741,False
2022-12-22,biomass_burning,wind_ventilation,-6.968280836671909,-16.36155474444584,-22.959616302400292,0.37021927871745675,False
2022-12-23,biomass_burning,wind_ventilation,2.627334555531661,-14.276537522515412,-12.844445197371897,-1.1952422303881463,False
2022-12-24,biomass_burning,wind_ventilation,0.1038223338243256,-17.04596591866516,-17.745638447797887,-0.8034948629570522,False
2022-12-25,biomass_burning,wind_ventilation,0.2899669336622992,-17.644025846232296,-17.98770963657398,-0.633650724003985,False
2022-12-26,biomass_burning,wind_ventilation,0.12350667497986478,-15.599358940859872,-16.394774353520233,-0.918922087640226,False
2022-12-27,biomass_burning,wind_ventilation,-0.12205908054659176,-12.815069116382858,-13.827312135219131,-0.890183938289681,False
2022-12-28,biomass_burning,wind_ventilation,-0.3107075838949527,-15.355515556792227,-16.556407078976804,-0.8901839382896242,False
2022-12-29,biomass_burning,wind_ventilation,0.13576359372700608,-17.206918886261462,-17.96133923082408,-0.8901839382896242,False
2022-12-30,biomass_burning,wind_ventilation,-0.5034063785063267,-16.210159003305137,-17.29022411717898,-0.5766587353675163,False
2022-12-31,biomass_burning,wind_ventilation,0.0771774128864422,-15.706027817549284,-16.359296104891826,-0.7304457002289837,False
2023-01-01,biomass_burning,wind_ventilation,-0.39319177541750605,-17.197967313837808,-18.666180075389548,-1.0750209861342341,False
2023-01-02,biomass_burning,wind_ventilation,-0.1781279115875236,-17.02032090361223,-17.672703441301337,-0.4742546261015832,False
2023-01-03,biomass_burning,wind_ventilation,-0.5436156981530758,-18.010702752238387,-19.29679389952355,-0.7424754491320869,False
2023-01-04,biomass_burning,wind_ventilation,-0.014139129187412891,-15.56976958679536,-15.898780630125714,-0.314871914142941,False
2023-01-05,biomass_burning,wind_ventilation,-0.29346459892514076,-15.851909833985587,-16.647270095828333,-0.5018956629176046,False
2023-01-06,biomass_burning,wind_ventilation,-0.27786124248905253,-15.776186509743013,-16.37761581681616,-0.3235680645840944,False
2023-01-07,biomass_burning,wind_ventilation,-0.8432303588324999,-16.34392357516822,-17.714670794368317,-0.5275168603675979,False
2023-01-08,biomass_burning,wind_ventilation,0.09451709259593599,-15.727534986378885,-15.698474611847473,-0.06545671806452447,False
2023-01-09,biomass_burning,wind_ventilation,-0.48509091819437344,-16.072634621034865,-17.085242399596837,-0.5275168603675979,False
2023-01-10,biomass_burning,wind_ventilation,0.12271571700244976,-14.354739279121304,-14.987005051822166,-0.7549814897033116,False
2023-01-11,biomass_burning,wind_ventilation,-0.7844555463595384,-15.380228177458775,-17.08394795161695,-0.9192642277986351,False
2023-01-12,biomass_burning,wind_ventilation,0.04039099178879724,-14.079497588439892,-15.141750897294514,-1.1026443006434192,False
2023-01-13,biomass_burning,wind_ventilation,-0.3397180657808576,-15.52469957193631,-16.3748839574788,-0.5104663197616333,False
2023-01-14,biomass_burning,wind_ventilation,-0.1536535648489803,-15.704292135327137,-16.470595018526865,-0.6126493183507478,False
2023-01-15,biomass_burning,wind_ventilation,0.5976739421436719,-17.3526358221024,-17.16718058485867,-0.41221870489994217,False
2023-01-16,biomass_burning,wind_ventilation,-0.14585580841679757,-17.57787709484728,-18.234199223025655,-0.5104663197615764,False
2023-01-17,biomass_burning,wind_ventilation,-0.6645128535005256,-16.062179086548042,-17.0468174611305,-0.32012552108193404,False
2023-01-18,biomass_burning,wind_ventilation,0.3455098611847802,-14.777936150562255,-14.80268591562998,-0.37025962625250486,False
2023-01-19,biomass_burning,wind_ventilation,0.06462599236886035,-16.496889914394558,-16.631598760938232,-0.19933483891253445,False
2023-01-20,biomass_burning,wind_ventilation,-0.4682193112828372,-16.1851073253315,-16.91735365624635,-0.26402701963201025,False
2023-01-21,biomass_burning,wind_ventilation,0.08347530613571053,-16.712185390293087,-16.925692735482016,-0.2969826513246403,False
2023-01-22,biomass_burning,wind_ventilation,0.11079907957474688,-17.2167819744526,-17.41210079517964,-0.30611790030178554,False
2023-01-23,biomass_burning,wind_ventilation,-0.46534402136239805,-19.300508850748088,-20.104893345066728,-0.33904047295624196,False
2023-01-24,biomass_burning,wind_ventilation,0.3285878499168575,-16.714618661588247,-16.64496151673694,-0.25893070506555205,False
2023-01-25,biomass_burning,wind_ventilation,-0.4664126849275476,-18.49608280082657,-19.42979348540581,-0.4672979996516915,False
2023-01-26,biomass_burning,wind_ventilation,-0.28683790687921373,-15.456463799928088,-16.452883626139055,-0.7095819193317539,False
2023-01-27,biomass_burning,wind_ventilation,-0.6745891957989443,-16.93199619711811,-18.43024235394995,-0.8236569610328957,False
2023-01-28,biomass_burning,wind_ventilation,0.004300002435059014,-16.85195559258176,-17.372102870807055,-0.524447280660354,False
2023-01-29,biomass_burning,wind_ventilation,-0.5477609988207632,-17.011108118324955,-17.616782112899955,-0.05791299575423636,False
2023-01-30,biomass_burning,wind_ventilation,0.7884023752618532,-16.850403039744492,-16.134242628768277,-0.072241964285638,False
2023-01-31,biomass_burning,wind_ventilation,0.8690713494968918,-14.055468239978666,-13.30047193218303,-0.11407504170125549,False
2023-02-01,biomass_burning,wind_ventilation,1.0869219772792462,-3.639859886238014,-2.5529379089588247,-5.684341886080802e-14,False
2023-02-02,biomass_burning,wind_ventilation,5.103988912629973,2.569320979182237,7.673309891812295,8.526512829121202e-14,False
2023-02-03,biomass_burning,wind_ventilation,3.2340359528758427,1.6151800987854301,4.849216051661244,-2.842170943040401e-14,False
2023-02-04,biomass_burning,wind_ventilation,1.0908448250583263,0.8173924526702478,1.9965674725337408,0.08833019480516668,False
2023-02-05,biomass_burning,wind_ventilation,0.5207081044530071,0.0668375348699044,0.6758758341280782,0.08833019480516668,False
2023-02-06,biomass_burning,wind_ventilation,1.5983568023958128,-1.1219997038321878,0.5646872933687348,0.08833019480510984,False
2023-02-07,biomass_burning,wind_ventilation,-1.5156228488705494,-3.1885055418261743,-4.836062319268251,-0.1319339285715273,False
2023-02-08,biomass_burning,wind_ventilation,-1.2868468452399213,-2.1841045623840785,-3.6887174429774916,-0.21776603535349182,False
2023-02-09,biomass_burning,wind_ventilation,-1.2225272303233226,-2.0137463088898073,-3.1664360798636437,0.06983745934948615,False
2023-02-10,biomass_burning,wind_ventilation,-0.09469742199681264,-0.7743763797486736,-1.0432361033328448,-0.17416230158735857,False
2023-02-11,biomass_burning,wind_ventilation,-0.33577771036934223,-0.9454636136467798,-1.281241324016122,0.0,False
2023-02-12,biomass_burning,wind_ventilation,-0.7772334538098278,-0.5951397983386926,-1.3723732521485488,-2.842170943040401e-14,False
2023-02-13,biomass_burning,wind_ventilation,2.5258364534969076,0.5753544176425578,3.1011908711394653,0.0,False
2023-02-14,biomass_burning,wind_ventilation,2.2518048917347357,0.10608429360752325,2.357889185342259,0.0,False
2023-02-15,biomass_burning,wind_ventilation,-0.31547603411686964,0.8700999093874202,0.5546238752705221,-2.842170943040401e-14,False
2023-02-16,biomass_burning,wind_ventilation,0.6549037092826495,1.5226033975839925,2.1775071068666136,-2.842170943040401e-14,False
2023-02-17,biomass_burning,wind_ventilation,-0.16255449665686683,-1.0689386011842146,-1.2314930978411098,-2.842170943040401e-14,False
2023-02-18,biomass_burning,wind_ventilation,-0.02530334716553284,-2.9710839200704697,-3.170549568823361,-0.17416230158735857,False
2023-02-19,biomass_burning,wind_ventilation,0.3423849286647851,-2.4664574715978915,-2.298234844520465,-0.17416230158735857,False
2023-02-20,biomass_burning,wind_ventilation,-0.515841295164364,-2.9273752134892845,-3.2850488544989673,0.15816765415468126,False
2023-02-21,biomass_burning,wind_ventilation,-0.2961658613463385,-3.77195208935737,-4.242280252291039,-0.17416230158733015,False
2023-02-22,biomass_burning,wind_ventilation,-0.5397860152539522,-3.660306925759727,-4.262189410235607,-0.062096469221927464,False
2023-02-23,biomass_burning,wind_ventilation,1.9674495167257646,-1.8075909758545095,0.027924612299813134,-0.13193392857144204,False
2023-02-24,biomass_burning,wind_ventilation,2.6968760393881155,-1.7582311014008098,0.8067110094157783,-0.1319339285715273,False
2023-02-25,biomass_burning,wind_ventilation,0.17299777039454511,-1.6349035010567547,-1.461905730662238,-2.842170943040401e-14,False
2023-02-26,biomass_burning,wind_ventilation,0.3460164229947509,-3.3510929302776162,-3.137010435854279,-0.13193392857141362,False
2023-02-27,biomass_burning,wind_ventilation,0.4119689090627503,-2.6990510178748366,-2.419016037383585,-0.13193392857149888,False
2023-02-28,biomass_burning,wind_ventilation,-0.1843261040409061,-3.065697318378426,-3.3819573509908594,-0.1319339285715273,False
2023-03-01,biomass_burning,wind_ventilation,2.733386880769217,-1.6097229521899976,0.9495016269918324,-0.174162301587387,False
2023-03-02,biomass_burning,wind_ventilation,0.7887454875006483,1.180093162212387,2.0571688445182588,0.08833019480522353,False
2023-03-03,biomass_burning,wind_ventilation,0.3262409419468071,-0.025479284972817595,0.3007616569740037,1.4210854715202004e-14,False
2023-03-04,biomass_burning,wind_ventilation,0.10985726086940417,-0.48268083205940115,-0.372823571189997,0.0,False
2023-03-05,biomass_burning,wind_ventilation,0.12972558644001708,-0.042811953706774375,0.0869136327332285,-1.4210854715202004e-14,False
2023-03-06,biomass_burning,wind_ventilation,0.31212411038222854,-0.40807932282017134,-0.0959552124379286,1.4210854715202004e-14,False
2023-03-07,biomass_burning,wind_ventilation,0.24528087687527034,-0.23620548373796169,0.009075393137337073,2.842170943040401e-14,False
2023-03-08,biomass_burning,wind_ventilation,0.2371334150721509,-0.5261123181770415,-0.2889789031048906,0.0,False
2023-03-09,biomass_burning,wind_ventilation,0.004478167684851542,-0.1543588448490567,-0.14988067716421938,-1.4210854715202004e-14,False
2023-03-10,biomass_burning,wind_ventilation,-0.03524282649811994,0.0539855689925588,0.018742742494410436,-2.842170943040401e-14,False
2023-03-11,biomass_burning,wind_ventilation,0.4195946078351369,0.12783640019459597,0.5474310080297329,0.0,False
2023-03-12,biomass_burning,wind_ventilation,0.47074358848564657,0.13200083056925394,0.6027444190548863,-1.4210854715202004e-14,False
2023-03-13,biomass_burning,wind_ventilation,0.5400941741616663,0.2737513947035808,0.8138455688652613,1.4210854715202004e-14,False
2023-03-14,biomass_burning,wind_ventilation,0.49914911659587347,-0.1352197186754438,0.3639293979204439,1.4210854715202004e-14,False
2023-03-15,biomass_burning,wind_ventilation,0.47503309664536175,-0.4042237924234797,0.07080930422186782,-1.4210854715202004e-14,False
2023-03-16,biomass_burning,wind_ventilation,0.26116045238313745,-0.47408609752586983,-0.21292564514271817,1.4210854715202004e-14,False
2023-03-17,biomass_burning,wind_ventilation,0.2586912173968017,0.07639816124641641,0.3350893786432039,-1.4210854715202004e-14,False
2023-03-18,biomass_burning,wind_ventilation,-0.010856961182170721,-0.2666639693379693,-0.2775209305201827,-4.263256414560601e-14,False
2023-03-19,biomass_burning,wind_ventilation,0.11258172237153019,-0.008707971718934004,0.10387375065255355,-4.263256414560601e-14,False
2023-03-20,biomass_burning,wind_ventilation,-0.039957174254126926,-0.03590156885756812,-0.07585874311173768,-4.263256414560601e-14,False
2023-03-21,biomass_burning,wind_ventilation,0.12904126613167932,-0.03590156885758233,0.09313969727408278,-1.4210854715202004e-14,False
2023-03-22,biomass_burning,wind_ventilation,0.08502573815965775,-0.24854792940642767,-0.16352219124681255,-4.263256414560601e-14,False
2023-03-23,biomass_burning,wind_ventilation,0.12149262804062744,-0.24854792940644188,-0.12705530136584287,-2.842170943040401e-14,False
2023-03-24,biomass_burning,wind_ventilation,0.03470174512987967,-0.24854792940644188,-0.2138461842765622,0.0,False
2023-03-25,biomass_burning,wind_ventilation,0.0,-0.12048995213305602,-0.12048995213305602,0.0,False
2023-03-26,biomass_burning,wind_ventilation,1.4210854715202004e-14,-0.1568669194494703,-0.1568669194494703,-1.4210854715202004e-14,False
2023-03-27,biomass_burning,wind_ventilation,0.12149262804059902,-0.18739199752532443,-0.06589936948472541,0.0,False
2023-03-28,biomass_burning,wind_ventilation,-0.1358473681362682,-0.38293021266356675,-0.5187775807998207,1.4210854715202004e-14,False
2023-03-29,biomass_burning,wind_ventilation,-0.015578803478476289,-0.2955275234205317,-0.31110632689899376,1.4210854715202004e-14,False
2023-03-30,biomass_burning,wind_ventilation,-0.01561302811384735,-0.5373527293578064,-0.5529657574716538,0.0,False
2023-03-31,biomass_burning,wind_ventilation,0.10562626581895529,-0.37011188453540456,-0.2644856187164919,-4.263256414560601e-14,False
2023-04-01,biomass_burning,wind_ventilation,-0.04342234643353038,-0.19787735566971776,-0.24129970210323393,1.4210854715202004e-14,False
2023-04-02,biomass_burning,wind_ventilation,-0.027716818998882786,-0.3944617546137579,-0.42217857361264066,0.0,False
2023-04-03,biomass_burning,wind_ventilation,-0.027716818998882786,-0.2808264032887564,-0.3085432222876392,0.0,False
2023-04-04,biomass_burning,wind_ventilation,0.19575891396438294,-0.33149697702550895,-0.135738063061126,0.0,False
2023-04-05,biomass_burning,wind_ventilation,0.16600096938994113,-0.13438060866486978,0.03162036072508556,1.4210854715202004e-14,False
2023-04-06,biomass_burning,wind_ventilation,0.16600096938992692,0.010904054458208634,0.20666296842259158,0.02975794457445602,False
2023-04-07,biomass_burning,wind_ventilation,0.16600096938995534,0.08545924192451082,0.28121815588889376,0.029757944574427597,False
2023-04-08,biomass_burning,wind_ventilation,0.09352247493390564,0.02236681272081853,0.11588928765472417,0.0,False
2023-04-09,biomass_burning,wind_ventilation,0.09786696401363315,0.19918486305491,0.32680977164294234,0.029757944574399176,False
2023-04-10,biomass_burning,wind_ventilation,0.07031097980173229,0.1991848630548958,0.2992537874310841,0.02975794457445602,False
2023-04-11,biomass_burning,wind_ventilation,0.1384449851780687,0.18464521503672415,0.32309020021482127,2.842170943040401e-14,False
2023-04-12,biomass_burning,wind_ventilation,0.06116990387727128,-0.21634137604709736,-0.15517147216981186,1.4210854715202004e-14,False
2023-04-13,biomass_burning,wind_ventilation,0.06116990387724286,-0.0030221852647684955,0.058147718612516996,4.263256414560601e-14,False
2023-04-14,biomass_burning,wind_ventilation,0.06116990387727128,0.012008112215298183,0.07317801609259789,2.842170943040401e-14,False
2023-04-15,biomass_burning,wind_ventilation,0.06116990387727128,-0.01690064580063222,0.04426925807665327,1.4210854715202004e-14,False
2023-04-16,biomass_burning,wind_ventilation,0.06116990387724286,-0.01690064580063222,0.04426925807665327,4.263256414560601e-14,False
2023-04-17,biomass_burning,wind_ventilation,0.06116990387724286,-0.01690064580063222,0.04426925807665327,4.263256414560601e-14,False
2023-04-18,biomass_burning,wind_ventilation,0.09092784845171309,-0.01690064580063222,0.07402720265108087,0.0,False
2023-04-19,biomass_burning,wind_ventilation,0.08166610008568398,-0.01690064580063222,0.06476545428508018,2.842170943040401e-14,False
2023-04-20,biomass_burning,wind_ventilation,0.07387366424883623,0.052396537135180665,0.12627020138404532,2.842170943040401e-14,False
2023-04-21,biomass_burning,wind_ventilation,0.14009849870424773,-0.14989229070361887,-0.009793791999385348,-1.4210854715202004e-14,False
2023-04-22,biomass_burning,wind_ventilation,0.05190815551124217,-0.0724384632385835,-0.020530307727312902,2.842170943040401e-14,False
2023-04-23,biomass_burning,wind_ventilation,0.11854284038517449,0.3597990510414917,0.4783418914267088,4.263256414560601e-14,False
2023-04-24,biomass_burning,wind_ventilation,0.19581792168600032,1.4210854715202004e-14,0.19581792168602874,1.4210854715202004e-14,False
2023-04-25,biomass_burning,wind_ventilation,0.1680086033663173,0.2759688733746515,0.44397747674095456,-1.4210854715202004e-14,False
2023-04-26,biomass_burning,wind_ventilation,0.12101052128194567,0.18020094626453442,0.3309694121209361,0.02975794457445602,False
2023-04-27,biomass_burning,wind_ventilation,0.13565388875724693,-0.053955225656309835,0.08169866310096552,2.842170943040401e-14,False
2023-04-28,biomass_burning,wind_ventilation,0.587633909384877,-0.08547461147311708,0.50215929791176,0.0,False
2023-04-29,biomass_burning,wind_ventilation,0.5834858935091773,-0.030467446537059573,0.5530184469721462,2.842170943040401e-14,False
2023-04-30,biomass_burning,wind_ventilation,0.777884586527648,-0.061986832353838395,0.715897754173838,2.842170943040401e-14,False
2023-05-01,biomass_burning,wind_ventilation,1.0030208129248024,-0.0056802916561764505,0.9973405212686259,0.0,False
2023-05-02,biomass_burning,wind_ventilation,0.8913366722212146,-0.053955225656309835,0.8373814465649048,0.0,False
2023-05-03,biomass_burning,wind_ventilation,0.29290575899372584,-0.16729010490982432,0.12561565408392994,2.842170943040401e-14,False
2023-05-04,biomass_burning,wind_ventilation,0.001424270597780719,-0.18176202821447873,-0.1803377576166838,1.4210854715202004e-14,False
2023-05-05,biomass_burning,wind_ventilation,0.09377580904171623,-0.21488075483875946,-0.1211049457970148,2.842170943040401e-14,False
2023-05-06,biomass_burning,wind_ventilation,0.1384449851780971,-0.3375942530516767,-0.19914926787359377,-1.4210854715202004e-14,False
2023-05-07,biomass_burning,wind_ventilation,0.16820292975253892,-0.12712882236962741,0.04107410738291151,0.0,False
2023-05-08,biomass_burning,wind_ventilation,0.01650072774093303,-0.26988791977480275,-0.2533871920338697,0.0,False
2023-05-09,biomass_burning,wind_ventilation,0.06116990387727128,-0.20692314218656804,-0.14575323830928255,1.4210854715202004e-14,False
2023-05-10,biomass_burning,wind_ventilation,0.03336058555757404,-0.26818922061794126,-0.2348286350603388,2.842170943040401e-14,False
2023-05-11,biomass_burning,wind_ventilation,0.06116990387725707,0.2790697126962982,0.3402396165735837,2.842170943040401e-14,False
2023-05-12,biomass_burning,wind_ventilation,0.046258672315332205,-0.0518205803293057,-0.005561908013930861,4.263256414560601e-14,False
2023-05-13,biomass_burning,wind_ventilation,0.09092784845169888,-0.01776456075697297,0.07316328769476854,4.263256414560601e-14,False
2023-05-14,biomass_burning,wind_ventilation,0.06116990387727128,0.16724812965003366,0.25817597810176096,0.02975794457445602,False
2023-05-15,biomass_burning,wind_ventilation,0.06116990387725707,0.0065871333186322545,0.06775703719591775,2.842170943040401e-14,False
2023-05-16,biomass_burning,wind_ventilation,-0.06767809517293699,-0.0030221852647684955,-0.07070028043769128,1.4210854715202004e-14,False
2023-05-17,biomass_burning,wind_ventilation,0.12333040807894236,-0.0319309432806989,0.09139946479827188,2.842170943040401e-14,False
2023-05-18,biomass_burning,wind_ventilation,0.06116990387727128,-0.024938293094820096,0.036231610782465395,1.4210854715202004e-14,False
2023-05-19,biomass_burning,wind_ventilation,0.09763679375822676,0.0,0.09763679375826939,4.263256414560601e-14,False
2023-05-20,biomass_burning,wind_ventilation,0.016500727740890397,0.22277873628621592,0.26903740860157654,0.02975794457447023,False
2023-05-21,biomass_burning,wind_ventilation,0.016500727740890397,0.23167128078205224,0.24817200852298527,4.263256414560601e-14,False
2023-05-22,biomass_burning,wind_ventilation,0.016500727740904608,0.1678573166352919,0.21411598895066675,0.02975794457447023,False
2023-05-23,biomass_burning,wind_ventilation,0.0827255621963019,0.028908758015930403,0.11163432021224651,1.4210854715202004e-14,False
2023-05-24,biomass_burning,wind_ventilation,0.06116990387724286,0.028908758015930403,0.0900786618932159,4.263256414560601e-14,False
2023-05-25,biomass_burning,wind_ventilation,0.14450544744919114,0.052396537135180665,0.19690198458441444,4.263256414560601e-14,False
2023-05-26,biomass_burning,wind_ventilation,-0.005464780996675245,0.023487779119278684,0.01802299812261765,1.4210854715202004e-14,False
2023-05-27,biomass_burning,wind_ventilation,0.024293163577766563,0.05500716493608593,0.07930032851385249,0.0,False
2023-05-28,biomass_burning,wind_ventilation,0.23036343395418157,0.0926838806510375,0.3230473146052475,2.842170943040401e-14,False
2023-05-29,biomass_burning,wind_ventilation,0.1758772732399052,0.24260520947984787,0.4184824827197815,2.842170943040401e-14,False
2023-05-30,biomass_burning,wind_ventilation,0.08395882446382075,0.0165655789412682,0.10052440340510316,1.4210854715202004e-14,False
2023-05-31,biomass_burning,wind_ventilation,0.08395882446382075,0.262660598748937,0.37637736778718534,0.029757944574427597,False
2023-06-01,biomass_burning,wind_ventilation,0.09286724732496054,0.06074726254131235,0.1536145098662729,0.0,False
2023-06-02,biomass_burning,wind_ventilation,0.011480330007756834,0.05017902208827252,0.06165935209602935,0.0,False
2023-06-03,biomass_burning,wind_ventilation,0.0659664907220332,0.08423504166057683,0.15020153238261003,0.0,False
2023-06-04,biomass_burning,wind_ventilation,0.07957550315056494,0.031519385816821455,0.11109488896737219,-1.4210854715202004e-14,False
2023-06-05,biomass_burning,wind_ventilation,-0.1270180333914368,-0.08547461147308866,-0.21249264486453967,-1.4210854715202004e-14,False
2023-06-06,biomass_burning,wind_ventilation,-0.06038334851750449,-0.04418168360001573,-0.10456503211752022,0.0,False
2023-06-07,biomass_burning,wind_ventilation,-0.060383348517490276,0.07919933547125879,0.018815986953768515,0.0,False
2023-06-08,biomass_burning,wind_ventilation,0.00837102736795714,-0.032961464769584836,-0.024590437401613485,1.4210854715202004e-14,False
2023-06-09,biomass_burning,wind_ventilation,-0.15406665823842047,0.23167128078205224,0.07760462254366018,2.842170943040401e-14,False
2023-06-10,biomass_burning,wind_ventilation,-0.05888402801515724,0.2525366808606577,0.19365265284555733,5.684341886080802e-14,False
2023-06-11,biomass_burning,wind_ventilation,-0.11374197118179552,0.2525366808606577,0.13879470967890484,4.263256414560601e-14,False
2023-06-12,biomass_burning,wind_ventilation,0.07408605003672619,0.31550145844892086,0.38958750848567547,2.842170943040401e-14,False
2023-06-13,biomass_burning,wind_ventilation,0.008974720241639034,0.0,0.008974720241681666,4.263256414560601e-14,False
2023-06-14,biomass_burning,wind_ventilation,0.048695714424610514,0.08965602055725697,0.1383517349818817,1.4210854715202004e-14,False
2023-06-15,biomass_burning,wind_ventilation,0.007750656858831917,0.14711258065956656,0.1548632375184127,1.4210854715202004e-14,False
2023-06-16,biomass_burning,wind_ventilation,0.27381848475666004,0.5387323408182283,0.8125508255749168,2.842170943040401e-14,False
2023-06-17,biomass_burning,wind_ventilation,0.024023785159002387,0.6550782758234845,0.6791020609825296,4.263256414560601e-14,False
2023-06-18,biomass_burning,wind_ventilation,-0.05744551330769809,0.04547433695721281,-0.011971176350471069,1.4210854715202004e-14,False
2023-06-19,biomass_burning,wind_ventilation,0.007750656858831917,0.08423504166057683,0.09198569851943716,2.842170943040401e-14,False
2023-06-20,biomass_burning,wind_ventilation,0.04421754673975897,0.3242634701474145,0.36848101688721613,4.263256414560601e-14,False
2023-06-21,biomass_burning,wind_ventilation,-0.033259553328761626,0.06074726254132656,0.027487709212564937,0.0,False
2023-06-22,biomass_burning,wind_ventilation,-0.16755624858471663,0.06074726254131235,-0.10680898604340427,0.0,False
2023-06-23,biomass_burning,wind_ventilation,0.020159693689677738,0.0,0.02015969368969195,1.4210854715202004e-14,False
2023-06-24,biomass_burning,wind_ventilation,0.024447510553443408,0.230026846975818,0.2544743575292472,-1.4210854715202004e-14,False
2023-06-25,biomass_burning,wind_ventilation,0.06982747543852952,0.23002684697580378,0.2998543224143475,1.4210854715202004e-14,False
2023-06-26,biomass_burning,wind_ventilation,-0.036330023735033024,0.08323189172070045,0.04690186798568163,1.4210854715202004e-14,False
2023-06-27,biomass_burning,wind_ventilation,0.048695714424638936,-0.03046744653701694,0.018228267887593574,-2.842170943040401e-14,False
2023-06-28,biomass_burning,wind_ventilation,-0.11251790779895998,-0.061986832353824184,-0.17450474015278417,0.0,False
2023-06-29,biomass_burning,wind_ventilation,0.008974720241639034,-0.005680291656190661,0.003294428585462583,1.4210854715202004e-14,False
2023-06-30,biomass_burning,wind_ventilation,0.035559975178514946,-0.08547461147310287,-0.04991463629457371,1.4210854715202004e-14,False
2023-07-01,biomass_burning,wind_ventilation,0.016952357137469676,-0.1754037563697466,-0.1584513992322627,1.4210854715202004e-14,False
2023-07-02,biomass_burning,wind_ventilation,-0.21176930962892015,-0.0177349943724181,-0.22950430400133826,0.0,False
2023-07-03,biomass_burning,wind_ventilation,-0.274473777653121,0.12191061027668582,-0.1318240445694272,0.02073912280700796,False
2023-07-04,biomass_burning,wind_ventilation,-0.39399188308448885,0.08065014526003011,-0.3133417378244516,7.105427357601002e-15,False
2023-07-05,biomass_burning,wind_ventilation,-0.6999676314738394,0.08065014526003722,-0.6193174862137951,7.105427357601002e-15,False
2023-07-06,biomass_burning,wind_ventilation,-0.4105058722706971,0.06640051199105557,-0.3441053602796629,-2.1316282072803006e-14,False
2023-07-07,biomass_burning,wind_ventilation,0.11294068778517641,-0.05750743762546051,0.0554332501597159,0.0,False
2023-07-08,biomass_burning,wind_ventilation,-0.7816845023284316,-0.05750743762546051,-0.8391919399539063,-1.4210854715202004e-14,False
2023-07-09,biomass_burning,wind_ventilation,-0.05256633483556783,0.05235363218069722,-0.00021270265487771667,-7.105427357601002e-15,False
2023-07-10,biomass_burning,wind_ventilation,-0.700251680120509,0.017871411184316344,-0.6823802689361926,0.0,False
2023-07-11,biomass_burning,wind_ventilation,0.16573010301793545,0.0738870526574047,0.23961715567534014,0.0,False
2023-07-12,biomass_burning,wind_ventilation,0.13047811973526535,0.14154142121455493,0.2720195409498132,-7.105427357601002e-15,False
2023-07-13,biomass_burning,wind_ventilation,0.0970310270495034,0.04027664671076536,0.13730767376026165,-7.105427357601002e-15,False
2023-07-14,biomass_burning,wind_ventilation,0.11070557770310074,0.06640051199105557,0.1771060896941421,-1.4210854715202004e-14,False
2023-07-15,biomass_burning,wind_ventilation,0.007254118975055235,-0.057507437625453406,-0.05025331865041238,-1.4210854715202004e-14,False
2023-07-16,biomass_burning,wind_ventilation,0.007254118975055235,0.08065014526003722,0.08790426423507824,-1.4210854715202004e-14,False
2023-07-17,biomass_burning,wind_ventilation,0.01739948934542923,0.08936252977685655,0.10676201912228578,0.0,False
2023-07-18,biomass_burning,wind_ventilation,0.1523445067036917,0.11241070946435627,0.2647552161680409,-7.105427357601002e-15,False
2023-07-19,biomass_burning,wind_ventilation,0.017399489345422126,0.03726980024085691,0.054669289586264824,-1.4210854715202004e-14,False
2023-07-20,biomass_burning,wind_ventilation,-0.06062968451103501,0.07254631890691599,0.032655757202888935,0.02073912280700796,False
2023-07-21,biomass_burning,wind_ventilation,-0.017523368217425173,0.0018830279795096772,-0.015640340237915495,0.0,False
2023-07-22,biomass_burning,wind_ventilation,0.09313514661725719,0.0018830279795167826,0.09501817459675976,-1.4210854715202004e-14,False
2023-07-23,biomass_burning,wind_ventilation,0.17211704873586342,0.0018830279795096772,0.1740000767153731,0.0,False
2023-07-24,biomass_burning,wind_ventilation,0.017399489345422126,-0.015197268114881979,0.0022022212305330413,-7.105427357601002e-15,False
2023-07-25,biomass_burning,wind_ventilation,0.017399489345422126,-0.0708166281035929,-0.05341713875818499,-1.4210854715202004e-14,False
2023-07-26,biomass_burning,wind_ventilation,0.017399489345422126,-0.04664607282720823,-0.029246583481800315,-1.4210854715202004e-14,False
2023-07-27,biomass_burning,wind_ventilation,0.0011502824970648362,-0.21965060776355472,-0.21850032526648988,0.0,False
2023-07-28,biomass_burning,wind_ventilation,0.06078143070477893,0.09127357047202622,0.15205500117677673,-2.842170943040401e-14,False
2023-07-29,biomass_burning,wind_ventilation,0.060781430704764716,0.09127357047201912,0.15205500117676962,-1.4210854715202004e-14,False
2023-07-30,biomass_burning,wind_ventilation,-0.05613976855238434,-0.09234486581976853,-0.14848463437214576,7.105427357601002e-15,False
2023-07-31,biomass_burning,wind_ventilation,-0.03989056170401284,-0.09234486581976853,-0.13223542752378137,0.0,False
2023-08-01,biomass_burning,wind_ventilation,0.06296659027923823,-0.342377551150264,-0.2794109608710329,-7.105427357601002e-15,False
2023-08-02,biomass_burning,wind_ventilation,-0.34055720249937593,-0.23331319584683996,-0.6641932696333583,-0.09032287128714245,False
2023-08-03,biomass_burning,wind_ventilation,-0.6668834028387707,-0.3058790356130814,-1.1286770528582508,-0.15591461440639875,False
2023-08-04,biomass_burning,wind_ventilation,-0.9277026499526357,-0.3714707787323377,-1.389496299972123,-0.09032287128714955,False
2023-08-05,biomass_burning,wind_ventilation,-0.03826249102444734,-0.2703322874610592,-0.3054991329512191,0.003095645534287428,False
2023-08-06,biomass_burning,wind_ventilation,0.04375533759777994,-0.2946677145417951,-0.2685558542167641,-0.017643477272748953,False
2023-08-07,biomass_burning,wind_ventilation,-0.00024398792731972208,-0.4178639609332748,-0.41810794886058744,7.105427357601002e-15,False
2023-08-08,biomass_burning,wind_ventilation,0.08277213144715745,-0.11889971589314285,-0.036127584445999616,-1.4210854715202004e-14,False
2023-08-09,biomass_burning,wind_ventilation,0.11770905274265431,-0.07468982583785788,0.043019226904796426,0.0,False
2023-08-10,biomass_burning,wind_ventilation,0.0979365107104897,-0.034811202829232,0.0631253078812577,0.0,False
2023-08-11,biomass_burning,wind_ventilation,-0.035166845490145704,0.03726980024085691,0.0021029547506898894,-2.1316282072803006e-14,False
2023-08-12,biomass_burning,wind_ventilation,-0.20145939156859782,-0.03975856710386694,-0.24121795867246476,0.0,False
2023-08-13,biomass_burning,wind_ventilation,-0.06754644328541559,-0.02104427630154504,-0.08859071958696063,0.0,False
2023-08-14,biomass_burning,wind_ventilation,0.09306210043037311,0.017871411184316344,0.11093351161468235,-7.105427357601002e-15,False
2023-08-15,biomass_burning,wind_ventilation,0.13047811973527246,0.023990155640028377,0.13682479810255188,-0.017643477272748953,False
2023-08-16,biomass_burning,wind_ventilation,0.14787760908068748,-0.01594033656316185,0.11429379524479089,-0.017643477272734742,False
2023-08-17,biomass_burning,wind_ventilation,0.11294068778519772,0.05598409104317881,0.16892477882836232,-1.4210854715202004e-14,False
2023-08-18,biomass_burning,wind_ventilation,0.2587430782888944,0.08065014526003722,0.33939322354893164,0.0,False
2023-08-19,biomass_burning,wind_ventilation,-0.06656711987184849,0.08065014526003722,0.014083025388202941,1.4210854715202004e-14,False
2023-08-20,biomass_burning,wind_ventilation,-0.18878361843703573,0.08065014526004433,-0.1081334731769914,0.0,False
2023-08-21,biomass_burning,wind_ventilation,-0.04419992638525372,0.06640051199104846,0.022200585605787637,-7.105427357601002e-15,False
2023-08-22,biomass_burning,wind_ventilation,0.0931351466172643,0.06640051199105557,0.15953565860830565,-1.4210854715202004e-14,False
2023-08-23,biomass_burning,wind_ventilation,0.06078143070475761,0.003621777915327584,0.06440320862007809,-7.105427357601002e-15,False
2023-08-24,biomass_burning,wind_ventilation,0.01739948934541502,0.017871411184316344,0.035270900529731364,0.0,False
2023-08-25,biomass_burning,wind_ventilation,0.02646189357499651,-0.020548777361049986,0.005913116213932312,-1.4210854715202004e-14,False
2023-08-26,biomass_burning,wind_ventilation,0.017399489345422126,0.0036217779153346896,0.02102126726074971,-7.105427357601002e-15,False
2023-08-27,biomass_burning,wind_ventilation,-0.015113074511532432,-0.1754465043615312,-0.19055957887305652,7.105427357601002e-15,False
2023-08-28,biomass_burning,wind_ventilation,0.060781430704764716,-0.06277873407570667,-0.0019973033709561605,-1.4210854715202004e-14,False
2023-08-29,biomass_burning,wind_ventilation,0.08644173434363012,-0.09107524715506088,-0.004633512811416551,1.4210854715202004e-14,False
2023-08-30,biomass_burning,wind_ventilation,-0.03989056170401284,-0.12061010387680682,-0.16050066558081966,0.0,False
2023-08-31,biomass_burning,wind_ventilation,-0.0008592143582788481,-0.06277873407570667,-0.06363794843399972,-1.4210854715202004e-14,False
2023-09-01,biomass_burning,wind_ventilation,-0.0620030658961781,-0.06277873407572088,-0.12478179997190608,-7.105427357601002e-15,False
2023-09-02,biomass_burning,wind_ventilation,-0.2588443936658962,-0.06277873407572088,-0.32162312774160995,7.105427357601002e-15,False
2023-09-03,biomass_burning,wind_ventilation,-0.20799270763491506,-0.09107524715506798,-0.29906795478997594,7.105427357601002e-15,False
2023-09-04,biomass_burning,wind_ventilation,-0.6699292919282982,-0.12061010387679261,-0.7905393958050908,0.0,False
2023-09-05,biomass_burning,wind_ventilation,-1.080326228713389,-0.06277873407572798,-1.1431049627890886,2.842170943040401e-14,False
2023-09-06,biomass_burning,wind_ventilation,-0.9378098576718585,0.07365911874580888,-0.862668948448345,0.001481790477704692,False
2023-09-07,biomass_burning,wind_ventilation,-0.6086180019101093,-0.028296513079340002,-0.6369145149894493,0.0,False
2023-09-08,biomass_burning,wind_ventilation,-0.6688363020466497,-0.1842213648698845,-0.8707011441892618,-0.017643477272727637,False
2023-09-09,biomass_burning,wind_ventilation,-0.5905681637193112,-0.25171789880201345,-0.8422860625213247,0.0,False
2023-09-10,biomass_burning,wind_ventilation,-0.64488141147703,-0.25171789880202056,-0.8965993102790506,0.0,False
2023-09-11,biomass_burning,wind_ventilation,-0.23949626270280078,-0.02417055527639178,-0.26366681797918545,7.105427357601002e-15,False
2023-09-12,biomass_burning,wind_ventilation,-0.0749335283221626,-0.024170555276384675,-0.09910408359855438,-7.105427357601002e-15,False
2023-09-13,biomass_burning,wind_ventilation,-0.019518469800750893,0.0927843864962199,0.05562243942274847,-0.01764347727272053,False
2023-09-14,biomass_burning,wind_ventilation,-0.08742852748130758,0.0,-0.08742852748130758,0.0,False
2023-09-15,biomass_burning,wind_ventilation,-0.5831872138251981,7.105427357601002e-15,-0.5831872138251981,-7.105427357601002e-15,False
2023-09-16,biomass_burning,wind_ventilation,-0.6942224599902644,-0.13815758288548352,-0.8323800428757622,-1.4210854715202004e-14,False
2023-09-17,biomass_burning,wind_ventilation,-0.17822692315231592,0.0,-0.17822692315231592,0.0,False
2023-09-18,biomass_burning,wind_ventilation,-0.12631284503270734,-0.02417055527639178,-0.15048340030909912,0.0,False
2023-09-19,biomass_burning,wind_ventilation,-0.0996362868648788,-0.24845602104232256,-0.34809230790720136,0.0,False
2023-09-20,biomass_burning,wind_ventilation,-0.25042998745267653,0.049417481475138914,-0.18027338317054387,0.02073912280699375,False
2023-09-21,biomass_burning,wind_ventilation,-0.09963198256046724,0.054401786416491404,-0.024491073336960767,0.020739122807015065,False
2023-09-22,biomass_burning,wind_ventilation,-0.6869175675290222,-0.028296513079340002,-0.7152140806083622,0.0,False
2023-09-23,biomass_burning,wind_ventilation,-0.03251256385696166,0.07514090922351357,0.04262834536655191,0.0,False
2023-09-24,biomass_burning,wind_ventilation,-0.937716060201609,0.0,-0.937716060201609,0.0,False
2023-09-25,biomass_burning,wind_ventilation,-1.8379696485339494,-0.014249633268981654,-1.8522192818029382,-7.105427357601002e-15,False
2023-09-26,biomass_burning,wind_ventilation,-0.8780892861280805,-0.009248988017823478,-0.8842426286116094,0.0030956455342945333,False
2023-09-27,biomass_burning,wind_ventilation,-0.4168003710327639,-0.009248988017823478,-0.42295371351629996,0.003095645534287428,False
2023-09-28,biomass_burning,wind_ventilation,-0.7535003277340095,-0.022932711442784637,-0.7764330391767942,0.0,False
2023-09-29,biomass_burning,wind_ventilation,-0.7728451801166614,-0.12474107431765447,-0.8944906089000284,0.003095645534287428,False
2023-09-30,biomass_burning,wind_ventilation,-5.261248884049095,-0.7946324216298208,-5.672028366402337,0.38385293927657926,False
2023-10-01,biomass_burning,wind_ventilation,-7.785551315216111,-2.9436710958070194,-9.85598524511714,0.8732371659059908,False
2023-10-02,biomass_burning,wind_ventilation,0.5360230244451714,-1.1082014026275715,-0.5023409188327719,0.06983745934962826,False
2023-10-03,biomass_burning,wind_ventilation,-0.05461528576751107,-0.7211723162287171,-0.7757876019963135,-8.526512829121202e-14,False
2023-10-04,biomass_burning,wind_ventilation,1.8691845559477542,1.451959924711332,3.1469821790717276,-0.17416230158735857,False
2023-10-05,biomass_burning,wind_ventilation,0.25053578066280124,-0.08039410281443793,0.17014167784836332,0.0,False
2023-10-06,biomass_burning,wind_ventilation,1.4649824570959709,0.7017184706029695,2.166700927698912,-2.842170943040401e-14,False
2023-10-07,biomass_burning,wind_ventilation,1.8962763743965922,-0.22177794167484421,1.5054555755788783,-0.1690428571428697,False
2023-10-08,biomass_burning,wind_ventilation,0.41026117183082533,-0.8654631831452093,-0.30733129702872475,0.14787071428565923,False
2023-10-09,biomass_burning,wind_ventilation,0.8442955488256985,0.38764556803016603,1.3798118311415521,0.14787071428568765,False
2023-10-10,biomass_burning,wind_ventilation,1.65197087366343,1.2007361095845113,2.852706983247856,-8.526512829121202e-14,False
2023-10-11,biomass_burning,wind_ventilation,1.0442314854606138,0.7370772989921761,1.78130878445279,0.0,False
2023-10-12,biomass_burning,wind_ventilation,0.7324784584869519,0.8542531969512197,1.5867316554381432,-2.842170943040401e-14,False
2023-10-13,biomass_burning,wind_ventilation,0.4195032544062087,-0.23871418698692537,0.328659781704971,0.14787071428568765,False
2023-10-14,biomass_burning,wind_ventilation,-0.04692448066614929,-0.9011303506949844,-0.9480548313611621,-2.842170943040401e-14,False
2023-10-15,biomass_burning,wind_ventilation,-0.1344277328516057,-2.064456818662194,-2.5049807816726286,-0.30609623015882903,False
2023-10-16,biomass_burning,wind_ventilation,0.025283262127601347,-0.6834312103346747,-1.001353106937188,-0.3432051587301146,False
2023-10-17,biomass_burning,wind_ventilation,-0.30225725278731375,-0.6488137108115097,-0.9510709635989087,-8.526512829121202e-14,False
2023-10-18,biomass_burning,wind_ventilation,0.2014637452000443,-0.7073362353441155,-0.8490776488742142,-0.343205158730143,False
2023-10-19,biomass_burning,wind_ventilation,-0.016094783730949302,-1.898821517758421,-1.9360884443465523,-0.021172142857182052,False
2023-10-20,biomass_burning,wind_ventilation,0.35167631211587036,-2.3549616261301196,-2.0244574568714597,-0.021172142857210474,False
2023-10-21,biomass_burning,wind_ventilation,-0.011390727547734514,-2.830955964497605,-2.79368137555295,0.048665316492389366,False
2023-10-22,biomass_burning,wind_ventilation,-0.5956058207150647,-3.6286592107831552,-4.208989771725982,0.015275259772238314,False
2023-10-23,biomass_burning,wind_ventilation,-0.4453251333447952,-3.1917435769044857,-3.4476311488897693,0.18943756135951162,False
2023-10-24,biomass_burning,wind_ventilation,0.021009165404507257,-3.0262127142482314,-2.9565382323513916,0.04866531649233252,False
2023-10-25,biomass_burning,wind_ventilation,-0.52844391757327,-4.57473980592323,-5.05451840700411,0.048665316492389366,False
2023-10-26,biomass_burning,wind_ventilation,-0.5405655480491305,-3.1387957395290584,-3.8048582726731013,-0.12549698509491236,False
2023-10-27,biomass_burning,wind_ventilation,-1.3467140022075625,-3.3346974496372184,-4.63274613535242,0.048665316492360944,False
2023-10-28,biomass_burning,wind_ventilation,-1.486360188028982,-3.1363697673752995,-4.8743367231080015,-0.2516067677037199,False
2023-10-29,biomass_burning,wind_ventilation,-4.169563381872194,-3.7206025356183545,-7.932334171529732,-0.042168254039182784,False
2023-10-30,biomass_burning,wind_ventilation,-3.5234208856741134,-4.010950057957814,-7.600790197589049,-0.06641925395712178,False
2023-10-31,biomass_burning,wind_ventilation,-13.442094544685148,-4.114577293197982,-17.754924573142603,-0.19825273525947296,False
2023-11-01,biomass_burning,wind_ventilation,-33.165097645279474,-11.018553541193967,-42.32796557849494,1.8556856079785007,False
2023-11-02,biomass_burning,wind_ventilation,-13.857383821672443,-16.77719218777179,-30.817675479674165,-0.18309947022993356,False
2023-11-03,biomass_burning,wind_ventilation,-4.9340204095698255,-13.188500509086396,-19.722181746367028,-1.5996608277108066,False
2023-11-04,biomass_burning,wind_ventilation,-7.984003438617719,-18.603810764659954,-27.746907297170537,-1.1590930938928636,False
2023-11-05,biomass_burning,wind_ventilation,-4.744160467238146,-17.29653263637499,-23.17842459255735,-1.1377314889442118,False
2023-11-06,biomass_burning,wind_ventilation,-4.932287795281866,-16.708350862058467,-22.700129263590043,-1.0594906062497103,False
2023-11-07,biomass_burning,wind_ventilation,-3.7271109712930865,-16.973695402334386,-21.77895468281025,-1.0781483091827795,False
2023-11-08,biomass_burning,wind_ventilation,-3.070145802466641,-16.025855322683526,-20.275022262945186,-1.1790211377950186,False
2023-11-09,biomass_burning,wind_ventilation,-2.9495539752346644,-15.46256048453597,-19.524791006918463,-1.112676547147828,False
2023-11-10,biomass_burning,wind_ventilation,-1.8635778955630258,-15.7706882517939,-18.81623817823197,-1.1819720308750448,False
2023-11-11,biomass_burning,wind_ventilation,-3.654147549444076,-19.829982594491014,-24.227768598236594,-0.7436384543015038,False
2023-11-12,biomass_burning,wind_ventilation,-3.657296871503547,-18.933637809443837,-23.597668373344163,-1.0067336923967787,False
2023-11-13,biomass_burning,wind_ventilation,-2.5694503295544564,-17.404530345216415,-21.064536655173697,-1.0905559804028258,False
2023-11-14,biomass_burning,wind_ventilation,-2.6510614403734394,-18.209741767479898,-21.993084753117046,-1.1322815452637087,False
2023-11-15,biomass_burning,wind_ventilation,-2.6510614403733825,-16.815076478325977,-20.59841946396324,-1.1322815452638793,False
2023-11-16,biomass_burning,wind_ventilation,-2.783422631237727,-16.703717524589308,-20.477089529738237,-0.9899493739112017,False
2023-11-17,biomass_burning,wind_ventilation,-2.854390307514336,-16.106203578395764,-20.0802667421446,-1.1196728562345015,False
2023-11-18,biomass_burning,wind_ventilation,-3.177263036101124,-15.217513557173504,-19.341617173402938,-0.9468405801283097,False
2023-11-19,biomass_burning,wind_ventilation,-2.6055730836944235,-15.048059927713496,-18.568997724074563,-0.9153647126666442,False
2023-11-20,biomass_burning,wind_ventilation,-2.762819684599208,-15.103059853450077,-18.85236267699554,-0.9864831389462552,False
2023-11-21,biomass_burning,wind_ventilation,-3.212895658115599,-15.486705008604986,-19.769906093672944,-1.070305426952359,False
2023-11-22,biomass_burning,wind_ventilation,-4.180019066281659,-17.854811315613006,-22.80394923889571,-0.7691188570010468,False
2023-11-23,biomass_burning,wind_ventilation,-4.133050876038908,-17.66845607528296,-22.570625808322802,-0.7691188570009331,False
2023-11-24,biomass_burning,wind_ventilation,-3.034038145428781,-16.532265284722598,-20.583496295446537,-1.0171928652951578,False
2023-11-25,biomass_burning,wind_ventilation,-3.207194390099687,-16.74980095381477,-20.858890053742016,-0.9018947098275589,False
2023-11-26,biomass_burning,wind_ventilation,-3.421867025049835,-15.921266921953247,-20.075756781830535,-0.7326228348274526,False
2023-11-27,biomass_burning,wind_ventilation,-1.056563673781227,-17.135678827819277,-18.836766880268613,-0.644524378668109,False
2023-11-28,biomass_burning,wind_ventilation,0.2553872962131436,-16.654578177136386,-17.439141593950012,-1.0399507130267693,False
2023-11-29,biomass_burning,wind_ventilation,-0.7157941322653301,-17.458268810018296,-19.069798439112503,-0.8957354968288769,False
2023-11-30,biomass_burning,wind_ventilation,-1.2504578149085432,-19.90805709432601,-21.34908267421872,-0.1905677649841664,False
2023-12-01,biomass_burning,wind_ventilation,-1.056895017073316,-20.124235478272,-21.16165604894553,0.019474446399783574,False
2023-12-02,biomass_burning,wind_ventilation,-0.9442563537795081,-19.31657241210968,-20.622756146412428,-0.361927380523241,False
2023-12-03,biomass_burning,wind_ventilation,0.6301552046392089,-18.076130550809296,-18.0164313135092,-0.5704559673391145,False
2023-12-04,biomass_burning,wind_ventilation,0.1512365771761779,-15.363215889434457,-16.031850475675867,-0.8198711634175879,False
2023-12-05,biomass_burning,wind_ventilation,0.5158147293068396,-14.240473558811061,-14.744960606372672,-1.0203017768684504,False
2023-12-06,biomass_burning,wind_ventilation,0.13027506664178645,-16.01770805457079,-16.694188994468107,-0.8067560065391035,False
2023-12-07,biomass_burning,wind_ventilation,0.32763845811973624,-16.309740341411725,-16.915843654043442,-0.9337417707514533,False
2023-12-08,biomass_burning,wind_ventilation,3.202356778868875,-15.732147262712374,-13.45422044982655,-0.9244299659830517,False
2023-12-09,biomass_burning,wind_ventilation,3.88429038587293,-16.530134733308103,-13.320859117339694,-0.6750147699045215,False
2023-12-10,biomass_burning,wind_ventilation,-0.07526263040847425,-17.64794541349596,-18.614200533635767,-0.8909924897313317,False
2023-12-11,biomass_burning,wind_ventilation,0.3426664808757778,-15.035740721517982,-15.565852112223695,-0.8727778715814907,False
2023-12-12,biomass_burning,wind_ventilation,0.3248840205894794,-17.563568916409622,-18.360877963479993,-1.1221930676598504,False
2023-12-13,biomass_burning,wind_ventilation,-0.39195571648639316,-18.637620191298765,-20.15176897544518,-1.122193067660021,False
2023-12-14,biomass_burning,wind_ventilation,0.32738176396139806,-17.360606972128664,-17.239329889189435,-0.20610468102216828,False
2023-12-15,biomass_burning,wind_ventilation,0.3112792438618044,-20.299431231288906,-20.164090970964708,-0.1759389835376055,False
2023-12-16,biomass_burning,wind_ventilation,0.2696264084141262,-18.815936448936725,-19.161331584051936,-0.6150215435293376,False
2023-12-17,biomass_burning,wind_ventilation,0.02323818087484142,-17.760627147227922,-18.459012514909034,-0.7216235485559537,False
2023-12-18,biomass_burning,wind_ventilation,0.38169829096091235,-16.964101732153722,-17.41932514521642,-0.8369217040236094,False
2023-12-19,biomass_burning,wind_ventilation,-0.16864046812355582,-18.469339178744463,-19.110187999345555,-0.4722083524775371,False
2023-12-20,biomass_burning,wind_ventilation,0.048182917609267406,-17.221860981149575,-17.846317029468594,-0.6726389659282859,False
2023-12-21,biomass_burning,wind_ventilation,0.5654322637741416,-16.40286774586866,-16.59491519820824,-0.7574797161137212,False
2023-12-22,biomass_burning,wind_ventilation,-0.12705192437647383,-16.74324293866971,-17.315343198406822,-0.4450483353606387,False
2023-12-23,biomass_burning,wind_ventilation,0.12872148586512822,-16.626567553382017,-16.713521205708673,-0.2156751381917843,False
2023-12-24,biomass_burning,wind_ventilation,1.077890931356535,-16.645258284031513,-15.871719648558724,-0.3043522958837457,False
2023-12-25,biomass_burning,wind_ventilation,0.3212932456280555,-18.141840971419924,-18.452454641469956,-0.631906915678087,False
2023-12-26,biomass_burning,wind_ventilation,0.657040843911318,-16.956253953870544,-16.39001963551368,-0.09080652555445567,False
2023-12-27,biomass_burning,wind_ventilation,0.3072138626052947,-16.351442378267222,-16.631735023607177,-0.5875065079452497,False
2023-12-28,biomass_burning,wind_ventilation,0.010176863172148387,-16.122214225680693,-16.801365845717555,-0.6893284832090103,False
2023-12-29,biomass_burning,wind_ventilation,-0.5561595636141305,-15.52636720991569,-16.661818150733268,-0.5792913772034467,False
2023-12-30,biomass_burning,wind_ventilation,0.008583685518885886,-15.610319276110886,-16.479705196107886,-0.8779696055158865,False
2023-12-31,biomass_burning,wind_ventilation,0.1117889023380485,-14.793988199864259,-15.845440266678395,-1.1632409691521843,False
2024-01-01,biomass_burning,wind_ventilation,-0.42566518361974204,-15.489481421865548,-16.78080645885956,-0.8656598533742681,False
2024-01-02,biomass_burning,wind_ventilation,-0.13594625520551062,-14.841778913978715,-16.19816585170588,-1.2204406825216552,False
2024-01-03,biomass_burning,wind_ventilation,-0.33330964668340357,-14.468920361937478,-15.192880263517281,-0.39065025489639993,False
2024-01-04,biomass_burning,wind_ventilation,-0.6323547727064351,-13.178526284001293,-14.505344588146897,-0.694463531439169,False
2024-01-05,biomass_burning,wind_ventilation,2.281206426644644,-14.136797428682314,-12.163776310724813,-0.30818530868714333,False
2024-01-06,biomass_burning,wind_ventilation,2.8393893735095617,-15.714892228659664,-13.554599795394438,-0.6790969402443352,False
2024-01-07,biomass_burning,wind_ventilation,0.5029074709339056,-13.991248437612114,-14.352609903406858,-0.8642689367286494,False
2024-01-08,biomass_burning,wind_ventilation,-0.061961995702858985,-13.353311841614016,-14.578514806469059,-1.1632409691521843,False
2024-01-09,biomass_burning,wind_ventilation,0.35655580989106284,-14.46546240371498,-14.569342899563196,-0.46043630573927885,False
2024-01-10,biomass_burning,wind_ventilation,-0.2887969229441296,-14.889642418291373,-15.82732694388335,-0.6488876026478465,False
2024-01-11,biomass_burning,wind_ventilation,0.0608049423208854,-15.547258010639439,-16.449263424019932,-0.9628103557013787,False
2024-01-12,biomass_burning,wind_ventilation,0.03696087107874746,-16.23257028750936,-17.158419772131992,-0.9628103557013787,False
2024-01-13,biomass_burning,wind_ventilation,-0.051437689659678654,-16.261270384544332,-17.390816585373102,-1.0781085111690913,False
2024-01-14,biomass_burning,wind_ventilation,-0.7977166089700631,-16.159689615613672,-17.687725923580672,-0.7303196989969365,False
2024-01-15,biomass_burning,wind_ventilation,-0.09955025799195028,-16.419673476040316,-16.479487579377974,0.03973615465429248,False
2024-01-16,biomass_burning,wind_ventilation,-0.30235425804346505,-15.92732025361397,-15.96234772643561,0.26732678522182596,False
2024-01-17,biomass_burning,wind_ventilation,-0.09203077875298504,-17.09357104081886,-16.629955168781123,0.5556466507907203,False
2024-01-18,biomass_burning,wind_ventilation,0.7356607344291319,-16.151932103331035,-15.422093371957317,-0.005822003055413916,False
2024-01-19,biomass_burning,wind_ventilation,-0.12395148255785671,-16.72770297992875,-17.146600185633844,-0.29494572314723655,False
2024-01-20,biomass_burning,wind_ventilation,0.16928603032528144,-14.284743386778132,-14.63864613282135,-0.5231887763684995,False
2024-01-21,biomass_burning,wind_ventilation,-0.009451123988583277,-14.432067371253254,-14.613109076942806,-0.17159058170096841,False
2024-01-22,biomass_burning,wind_ventilation,0.2226328512422242,-15.57993132988696,-15.143317500122805,0.21398097852193132,False
2024-01-23,biomass_burning,wind_ventilation,0.3830360111387563,-15.111309970782372,-14.398994825653972,0.3292791339896439,False
2024-01-24,biomass_burning,wind_ventilation,0.15666067842761322,-14.886105408191781,-14.43033129325903,0.299113436505138,False
2024-01-25,biomass_burning,wind_ventilation,-0.2829188263005449,-15.982326927630254,-16.012315267148153,0.2529304867826454,False
2024-01-26,biomass_burning,wind_ventilation,1.036325980542017,-14.34747651883822,-13.156428932711492,0.1547216055847116,False
2024-01-27,biomass_burning,wind_ventilation,0.8895126058407641,-14.222379264767028,-13.243754293041661,0.0891123658846027,False
2024-01-28,biomass_burning,wind_ventilation,0.942425938108272,-16.926688429463525,-15.925611384826823,0.058651106528429864,False
2024-01-29,biomass_burning,wind_ventilation,1.1651018192990819,-17.71580273275532,-16.317804983059943,0.23289593039629608,False
2024-01-30,biomass_burning,wind_ventilation,1.0062226285106135,-16.728630628189876,-15.870913896205991,-0.14850589652672852,False
2024-01-31,biomass_burning,wind_ventilation,0.08835811819812989,-16.136334766318328,-16.155059672846107,-0.10708302472590958,False
2024-02-01,biomass_burning,wind_ventilation,0.6407033029998388,-17.81442890143262,-17.40609025390512,-0.2323646554723382,False
2024-02-02,biomass_burning,wind_ventilation,0.6875793709140794,-16.029885018254163,-15.885562863898883,-0.5432572165587999,False
2024-02-03,biomass_burning,wind_ventilation,-0.41606161111423035,-11.657188509682896,-12.951054991417493,-0.8778048706203663,False
2024-02-04,biomass_burning,wind_ventilation,-0.4658018517003768,-7.107575859580351,-7.68360707885418,-0.11022936757345292,False
2024-02-05,biomass_burning,wind_ventilation,-0.14948371797967752,-6.429125157566318,-6.890609631040547,-0.31200075549455164,False
2024-02-06,biomass_burning,wind_ventilation,0.8327101854666807,-6.150557829461974,-5.21825837009618,0.0995892738991131,False
2024-02-07,biomass_burning,wind_ventilation,-1.3739431544289573,-5.691669528491218,-7.039378957336851,0.026233725583324485,False
2024-02-08,biomass_burning,wind_ventilation,-0.901676833467917,-2.861718967591827,-3.605228146905006,0.1581676541547381,False
2024-02-09,biomass_burning,wind_ventilation,-0.6971062606413625,0.5224608300452758,-0.08631523579094846,0.08833019480513826,False
2024-02-10,biomass_burning,wind_ventilation,-0.3354083042742104,0.6347014406976825,0.2992931364234721,0.0,False
2024-02-11,biomass_burning,wind_ventilation,-0.967974556799021,-1.646177468585421,-2.544314566034842,0.06983745934959984,False
2024-02-12,biomass_burning,wind_ventilation,-0.9442347530174402,-3.247013668521589,-4.277080528321164,-0.08583210678213504,False
2024-02-13,biomass_burning,wind_ventilation,-1.4456142292582967,-4.715009004936235,-6.002455580039765,0.15816765415476652,False
2024-02-14,biomass_burning,wind_ventilation,-1.051038333593823,-5.060471980677988,-6.041672854922211,0.06983745934959984,False
2024-02-15,biomass_burning,wind_ventilation,-0.5935598964583164,-3.8200195536183514,-4.413579450076725,-5.684341886080802e-14,False
2024-02-16,biomass_burning,wind_ventilation,-0.33068184494811703,-1.9482780982543773,-2.2789599432025227,-2.842170943040401e-14,False
2024-02-17,biomass_burning,wind_ventilation,-1.0166545998826848,-1.0599729901232138,-1.928756875720211,0.14787071428568765,False
2024-02-18,biomass_burning,wind_ventilation,-0.5793696555775796,-1.0210058690247479,-1.600375524602299,2.842170943040401e-14,False
2024-02-19,biomass_burning,wind_ventilation,1.4839021693731524,-0.5050368706710628,0.9788652987020043,-8.526512829121202e-14,False
2024-02-20,biomass_burning,wind_ventilation,-0.932837150141836,0.017166495857594555,-0.9156706542842699,-2.842170943040401e-14,False
2024-02-21,biomass_burning,wind_ventilation,-0.7174598400695231,0.3027217063978469,-0.5889004352589495,-0.1741623015872733,False
2024-02-22,biomass_burning,wind_ventilation,1.0619976462781722,0.6377519280117099,1.6997495742898536,-2.842170943040401e-14,False
2024-02-23,biomass_burning,wind_ventilation,0.6647676349523408,-0.02040833140443965,0.6443593035478727,-2.842170943040401e-14,False
2024-02-24,biomass_burning,wind_ventilation,-1.089278874349617,0.313072384487441,-0.7762064898621759,0.0,False
2024-02-25,biomass_burning,wind_ventilation,-0.725923398840564,0.39019765756464153,-0.5047685984188206,-0.16904285714289813,False
2024-02-26,biomass_burning,wind_ventilation,-0.9706947791343339,-0.006452232755520981,-1.0763524096831816,-0.09920539779332671,False
2024-02-27,biomass_burning,wind_ventilation,1.235867781079321,-0.4041319886503629,0.8105636495717761,-0.021172142857182052,False
2024-02-28,biomass_burning,wind_ventilation,0.46954271862733776,-1.1983150451781057,-0.8978151836936377,-0.1690428571428697,False
2024-02-29,biomass_burning,wind_ventilation,0.4430557475689909,-0.8832659484539249,-0.4402102008849056,2.842170943040401e-14,False
2024-03-01,biomass_burning,wind_ventilation,1.7548802090365143,-1.19463281516758,0.391204536726093,-0.16904285714284129,False
2024-03-02,biomass_burning,wind_ventilation,0.5570750562112039,-1.4851615458228196,-1.0971293467544854,-0.1690428571428697,False
2024-03-03,biomass_burning,wind_ventilation,-0.6064723145232165,-0.6364749711987088,-1.411990142864795,-0.1690428571428697,False
2024-03-04,biomass_burning,wind_ventilation,-0.18582259052246286,-0.3210241782118288,-0.5068467687342917,0.0,False
2024-03-05,biomass_burning,wind_ventilation,-0.04145915178570192,-0.36290064057394034,-0.40435979235964226,0.0,False
2024-03-06,biomass_burning,wind_ventilation,-0.03364469774618328,0.21999375363122908,0.18634905588508843,4.263256414560601e-14,False
2024-03-07,biomass_burning,wind_ventilation,-0.1401111180294521,0.08453155930865819,-0.055579558720765476,2.842170943040401e-14,False
2024-03-08,biomass_burning,wind_ventilation,0.12597079572545056,0.20966763486484297,0.3356384305902793,-1.4210854715202004e-14,False
2024-03-09,biomass_burning,wind_ventilation,0.32300634849099197,0.3255781472534949,0.6485844957444868,0.0,False
2024-03-10,biomass_burning,wind_ventilation,0.40685954274967173,0.06799736045313409,0.47485690320283425,2.842170943040401e-14,False
2024-03-11,biomass_burning,wind_ventilation,0.37156175747722386,-0.5739454702562483,-0.20238371277901024,1.4210854715202004e-14,False
2024-03-12,biomass_burning,wind_ventilation,0.11283505647932657,-0.5354273936569172,-0.42259233717756217,2.842170943040401e-14,False
2024-03-13,biomass_burning,wind_ventilation,0.12149262804059902,-0.5739454702562341,-0.4524528422156209,1.4210854715202004e-14,False
2024-03-14,biomass_burning,wind_ventilation,0.02604417356860722,-0.5908477061568931,-0.5648035325882574,2.842170943040401e-14,False
2024-03-15,biomass_burning,wind_ventilation,-0.03646688988095548,0.01257704795312975,-0.023889841927811517,1.4210854715202004e-14,False
2024-03-16,biomass_burning,wind_ventilation,0.06700646732632265,0.0679973604531483,0.13500382777945674,-1.4210854715202004e-14,False
2024-03-17,biomass_burning,wind_ventilation,0.007548638091094517,-0.19286934520313537,-0.18532070711206927,-2.842170943040401e-14,False
2024-03-18,biomass_burning,wind_ventilation,0.07507997409501854,-0.19286934520314958,-0.11778937110814525,-1.4210854715202004e-14,False
2024-03-19,biomass_burning,wind_ventilation,0.04401552797202157,0.22989448342659102,0.273910011398641,2.842170943040401e-14,False
2024-03-20,biomass_burning,wind_ventilation,-0.015578803478447867,-0.12990456761487224,-0.14548337109334852,-2.842170943040401e-14,False
2024-03-21,biomass_burning,wind_ventilation,-0.02501674716023672,-0.1684226442142176,-0.19343939137446853,-1.4210854715202004e-14,False
2024-03-22,biomass_burning,wind_ventilation,-0.06095876836359082,-0.26080292485860923,-0.32176169322218584,1.4210854715202004e-14,False
2024-03-23,biomass_burning,wind_ventilation,0.0964758808803623,-0.2415034636888862,-0.1450275828085097,1.4210854715202004e-14,False
2024-03-24,biomass_burning,wind_ventilation,-0.0609587683635624,-0.28596259044529404,-0.34692135880885644,0.0,False
2024-03-25,biomass_burning,wind_ventilation,0.08026967122803796,-0.020951470673949757,0.059318200554059786,-2.842170943040401e-14,False
2024-03-26,biomass_burning,wind_ventilation,-0.06903227513225829,0.1356280950454618,0.0665958199131893,-1.4210854715202004e-14,False
2024-03-27,biomass_burning,wind_ventilation,0.052460352908340724,-0.1355878489830502,-0.08312749607470948,0.0,False
2024-03-28,biomass_burning,wind_ventilation,-0.1940151875460714,-0.028441387794757134,-0.2224565753408143,1.4210854715202004e-14,False
2024-03-29,biomass_burning,wind_ventilation,0.07262004659800425,-0.05763623744689994,0.0149838091510901,-1.4210854715202004e-14,False
2024-03-30,biomass_burning,wind_ventilation,-0.01201937932752628,0.04384661674068013,0.031827237413168064,1.4210854715202004e-14,False
2024-03-31,biomass_burning,wind_ventilation,0.03336058555758825,0.27897610079463675,0.3123366863522392,1.4210854715202004e-14,False
2024-04-01,biomass_burning,wind_ventilation,0.0,0.23167128078205224,0.23167128078206645,1.4210854715202004e-14,False
2024-04-02,biomass_burning,wind_ventilation,0.05341924701842515,0.21740169316652214,0.3005788847594175,0.02975794457447023,False
2024-04-03,biomass_burning,wind_ventilation,0.05341924701842515,0.32381791863639364,0.4069951102292748,0.02975794457445602,False
2024-04-04,biomass_burning,wind_ventilation,0.025841526591875663,0.28702350994394976,0.31286503653585385,2.842170943040401e-14,False
2024-04-05,biomass_burning,wind_ventilation,-0.010625363289094025,1.4210854715202004e-14,-0.010625363289065604,1.4210854715202004e-14,False
2024-04-06,biomass_burning,wind_ventilation,0.09092784845169888,0.023487779119250263,0.11441562757097756,2.842170943040401e-14,False
2024-04-07,biomass_burning,wind_ventilation,-0.20210546898194082,0.19994860784227342,-0.002156861139653188,1.4210854715202004e-14,False
2024-04-08,biomass_burning,wind_ventilation,0.10378765521370781,1.4210854715202004e-14,0.10378765521373623,1.4210854715202004e-14,False
2024-04-09,biomass_burning,wind_ventilation,0.08872588808912951,0.3978734558034205,0.4865993438925784,2.842170943040401e-14,False
2024-04-10,biomass_burning,wind_ventilation,0.11848383266357132,0.05006239478115049,0.16854622744473602,1.4210854715202004e-14,False
2024-04-11,biomass_burning,wind_ventilation,0.11848383266357132,0.031519385816807244,0.15000321848039277,1.4210854715202004e-14,False
2024-04-12,biomass_burning,wind_ventilation,0.08872588808912951,0.26974568554396683,0.35847157363312476,2.842170943040401e-14,False
2024-04-13,biomass_burning,wind_ventilation,0.06116990387725707,0.2600880524802278,0.32125795635754173,5.684341886080802e-14,False
2024-04-14,biomass_burning,wind_ventilation,0.06116990387727128,-0.08547461147311708,-0.024304707595831587,1.4210854715202004e-14,False
2024-04-15,biomass_burning,wind_ventilation,0.10156824487857818,-0.08547461147311708,0.016093633405461105,0.0,False
2024-04-16,biomass_burning,wind_ventilation,0.07381465652721886,-0.08547461147310287,-0.01165995494588401,0.0,False
2024-04-17,biomass_burning,wind_ventilation,0.0928739039648292,-0.148439389061366,-0.05556548509652259,1.4210854715202004e-14,False
2024-04-18,biomass_burning,wind_ventilation,-0.15163109438297795,0.16882233477940645,0.01719124039644271,1.4210854715202004e-14,False
2024-04-19,biomass_burning,wind_ventilation,-0.030750688451291808,0.1076355821905679,0.07688489373930452,2.842170943040401e-14,False
2024-04-20,biomass_burning,wind_ventilation,0.11848383266357132,0.08423504166056262,0.20271887432417657,4.263256414560601e-14,False
2024-04-21,biomass_burning,wind_ventilation,0.08872588808914372,0.06074726254132656,0.1494731506304703,0.0,False
2024-04-22,biomass_burning,wind_ventilation,0.08872588808912951,0.21340855436301354,0.30213444245217147,2.842170943040401e-14,False
2024-04-23,biomass_burning,wind_ventilation,0.08872588808912951,0.06074726254131235,0.1494731506304703,2.842170943040401e-14,False
2024-04-24,biomass_burning,wind_ventilation,0.06399767194926653,0.012321190327227782,0.07631886227652274,2.842170943040401e-14,False
2024-04-25,biomass_burning,wind_ventilation,0.06399767194928074,-0.04842607221407036,0.015571599735224595,1.4210854715202004e-14,False
2024-04-26,biomass_burning,wind_ventilation,0.034239727374853146,0.35357586321083545,0.3878155905856886,0.0,False
2024-04-27,biomass_burning,wind_ventilation,0.034239727374853146,0.11192727115627576,0.14616699853114312,1.4210854715202004e-14,False
2024-04-28,biomass_burning,wind_ventilation,0.08872588808912951,0.25396813150150876,0.3426940195906525,1.4210854715202004e-14,False
2024-04-29,biomass_burning,wind_ventilation,0.022091203215168775,0.01656557894128241,0.03865678215647961,2.842170943040401e-14,False
2024-04-30,biomass_burning,wind_ventilation,-0.03239495749910759,0.06074726254132656,0.028352305042233183,1.4210854715202004e-14,False
2024-05-01,biomass_burning,wind_ventilation,0.11848383266355711,0.08965602055724275,0.20813985322082829,2.842170943040401e-14,False
2024-05-02,biomass_burning,wind_ventilation,0.19575891396439715,0.06074726254131235,0.2565061765057237,1.4210854715202004e-14,False
2024-05-03,biomass_burning,wind_ventilation,0.2024678592708824,0.08965602055722854,0.29212387982813937,2.842170943040401e-14,False
2024-05-04,biomass_burning,wind_ventilation,0.034239727374838935,0.0,0.03423972737488157,4.263256414560601e-14,False
2024-05-05,biomass_burning,wind_ventilation,0.006683743162994915,0.028908758015944613,0.03559250117896795,2.842170943040401e-14,False
2024-05-06,biomass_burning,wind_ventilation,0.4392242366597401,0.0,0.4392242366597685,2.842170943040401e-14,False
2024-05-07,biomass_burning,wind_ventilation,0.4392242366597401,0.0,0.4392242366597827,4.263256414560601e-14,False
2024-05-08,biomass_burning,wind_ventilation,0.39987705628206527,0.17646082872299473,0.5763378850050884,2.842170943040401e-14,False
2024-05-09,biomass_burning,wind_ventilation,0.4766562131711538,1.4210854715202004e-14,0.47665621317119644,2.842170943040401e-14,False
2024-05-10,biomass_burning,wind_ventilation,0.5685746619472383,0.0,0.5685746619472809,4.263256414560601e-14,False
2024-05-11,biomass_burning,wind_ventilation,0.6132438380836476,0.05480879886019352,0.6680526369438411,0.0,False
2024-05-12,biomass_burning,wind_ventilation,0.5289997327949152,1.4210854715202004e-14,0.5289997327949436,1.4210854715202004e-14,False
2024-05-13,biomass_burning,wind_ventilation,0.8919576634782516,0.06916540404040461,0.9611230675186846,2.842170943040401e-14,False
2024-05-14,biomass_burning,wind_ventilation,0.8621997189038098,0.3140432781365661,1.1762429970404042,2.842170943040401e-14,False
2024-05-15,biomass_burning,wind_ventilation,0.8621997189038098,1.4210854715202004e-14,0.8621997189038524,2.842170943040401e-14,False
2024-05-16,biomass_burning,wind_ventilation,0.8919576634782658,0.0,0.8919576634782942,2.842170943040401e-14,False
2024-05-17,biomass_burning,wind_ventilation,0.9533017158358348,0.2399877409695108,1.2230474013798442,0.02975794457449865,False
2024-05-18,biomass_burning,wind_ventilation,0.9533017158358206,0.3415781782374978,1.324637838647817,0.02975794457449865,False
2024-05-19,biomass_burning,wind_ventilation,0.9257457316239766,0.023487779119278684,0.9492335107432979,4.263256414560601e-14,False
2024-05-20,biomass_burning,wind_ventilation,0.9257457316239766,0.05239653713520909,0.9781422687591999,1.4210854715202004e-14,False
2024-05-21,biomass_burning,wind_ventilation,0.3306219809058888,0.38248462122675164,0.7131066021326689,2.842170943040401e-14,False
2024-05-22,biomass_burning,wind_ventilation,0.006683743162994915,0.05239653713520909,0.05908028029821821,1.4210854715202004e-14,False
2024-05-23,biomass_burning,wind_ventilation,-0.021284574275412638,0.023487779119264474,0.0022032048439086793,5.684341886080802e-14,False
2024-05-24,biomass_burning,wind_ventilation,0.3696416738463597,-0.024938293094805886,0.34470338075158224,2.842170943040401e-14,False
2024-05-25,biomass_burning,wind_ventilation,0.06116990387727128,-0.04842607221407036,0.012743831663229344,2.842170943040401e-14,False
2024-05-26,biomass_burning,wind_ventilation,0.046258672315346416,0.0,0.04625867231536063,1.4210854715202004e-14,False
2024-05-27,biomass_burning,wind_ventilation,-0.01892618553576142,0.028908758015930403,0.009982572480211616,4.263256414560601e-14,False
2024-05-28,biomass_burning,wind_ventilation,-0.01892618553577563,0.028908758015930403,0.009982572480183194,2.842170943040401e-14,False
2024-05-29,biomass_burning,wind_ventilation,0.06399767194929495,0.0,0.06399767194930917,1.4210854715202004e-14,False
2024-05-30,biomass_burning,wind_ventilation,0.034239727374853146,0.0,0.03423972737488157,2.842170943040401e-14,False
2024-05-31,biomass_burning,wind_ventilation,0.024039829469927554,0.14755207070706433,0.17159190017703452,4.263256414560601e-14,False
2024-06-01,biomass_burning,wind_ventilation,0.08872588808914372,-0.04842607221408457,0.040299815875073364,1.4210854715202004e-14,False
2024-06-02,biomass_burning,wind_ventilation,0.03530664107069015,0.3494473835893359,0.3847540246600687,4.263256414560601e-14,False
2024-06-03,biomass_burning,wind_ventilation,0.018446783254020716,0.028908758015930403,0.04735554126999375,4.263256414560601e-14,False
2024-06-04,biomass_burning,wind_ventilation,0.06091656976944648,0.0,0.060916569769474904,2.842170943040401e-14,False
2024-06-05,biomass_burning,wind_ventilation,0.08872588808914372,0.0,0.08872588808915793,1.4210854715202004e-14,False
2024-06-06,biomass_burning,wind_ventilation,-0.2784988013310681,0.17646082872299473,-0.10203797260804492,2.842170943040401e-14,False
2024-06-07,biomass_burning,wind_ventilation,0.06091656976943227,-0.04842607221407036,0.012490497555390334,2.842170943040401e-14,False
2024-06-08,biomass_burning,wind_ventilation,-0.16946166382594186,0.0,-0.16946166382592764,1.4210854715202004e-14,False
2024-06-09,biomass_burning,wind_ventilation,0.07625169863648296,0.028908758015944613,0.10516045665245599,2.842170943040401e-14,False
2024-06-10,biomass_burning,wind_ventilation,-0.14531423768761442,0.028908758015944613,-0.11640547967164139,2.842170943040401e-14,False
2024-06-11,biomass_burning,wind_ventilation,0.04774990253690703,1.4210854715202004e-14,0.04774990253693545,1.4210854715202004e-14,False
2024-06-12,biomass_burning,wind_ventilation,-0.19517760569139853,0.3729805566182307,0.1778029509268464,1.4210854715202004e-14,False
2024-06-13,biomass_burning,wind_ventilation,-0.10536229886729132,0.10323487107426388,-0.0021274277930274366,0.0,False
2024-06-14,biomass_burning,wind_ventilation,-0.1450832930502628,0.023487779119278684,-0.12159551393098411,0.0,False
2024-06-15,biomass_burning,wind_ventilation,0.002741255819373123,0.18926210138629074,0.19200335720567807,1.4210854715202004e-14,False
2024-06-16,biomass_burning,wind_ventilation,-0.14630735643309833,0.2304803523822443,0.08417299594916017,1.4210854715202004e-14,False
2024-06-17,biomass_burning,wind_ventilation,-0.2720925035950472,0.05991721824184992,-0.21217528535316887,2.842170943040401e-14,False
2024-06-18,biomass_burning,wind_ventilation,-0.21675129837713314,0.08047799324467064,-0.1362733051324625,0.0,False
2024-06-19,biomass_burning,wind_ventilation,0.01772950133432971,0.012321190327241993,0.030050691661571705,0.0,False
2024-06-20,biomass_burning,wind_ventilation,-0.15716431761528327,0.22926382386199862,0.07209950624671535,0.0,False
2024-06-21,biomass_burning,wind_ventilation,0.007750656858817706,0.18629866878220014,0.19404932564106048,4.263256414560601e-14,False
2024-06-22,biomass_burning,wind_ventilation,-0.24184456784627173,0.23178711236765537,-0.010057455478616362,0.0,False
2024-06-23,biomass_burning,wind_ventilation,-0.1827742463140254,0.07699372277403427,-0.10578052354000533,-1.4210854715202004e-14,False
2024-06-24,biomass_burning,wind_ventilation,-0.18504046730443235,0.01656557894128241,-0.16847488836313573,1.4210854715202004e-14,False
2024-06-25,biomass_burning,wind_ventilation,-0.2712902688468688,0.25330404563250397,-0.017986223214350616,1.4210854715202004e-14,False
2024-06-26,biomass_burning,wind_ventilation,0.020193918325020377,0.4143231257521336,0.4345170440771824,2.842170943040401e-14,False
2024-06-27,biomass_burning,wind_ventilation,0.12033020989527188,-0.14843938906139442,-0.028109179166094123,2.842170943040401e-14,False
2024-06-28,biomass_burning,wind_ventilation,-0.07727508130081162,0.0,-0.07727508130079741,1.4210854715202004e-14,False
2024-06-29,biomass_burning,wind_ventilation,-0.14630735643308412,-0.148439389061366,-0.2947467454944501,0.0,False
2024-06-30,biomass_burning,wind_ventilation,-0.1863296833090402,-0.03046744653703115,-0.21679712984608557,-1.4210854715202004e-14,False
2024-07-01,biomass_burning,wind_ventilation,-0.11790252439060112,-0.10237525727376351,-0.220277781664322,4.263256414560601e-14,False
2024-07-02,biomass_burning,wind_ventilation,0.07885028892279422,0.025685109779999493,0.1045353987027795,-1.4210854715202004e-14,False
2024-07-03,biomass_burning,wind_ventilation,0.0,-0.18947087799990925,-0.18947087799990925,0.0,False
2024-07-04,biomass_burning,wind_ventilation,-0.05117206441121169,-0.014249633268995865,-0.06542169768020756,0.0,False
2024-07-05,biomass_burning,wind_ventilation,-0.03826249102444734,-0.057551951906809506,-0.07507532012424178,0.020739122807015065,False
2024-07-06,biomass_burning,wind_ventilation,-0.03492285756284019,0.0,-0.034922857562854404,-1.4210854715202004e-14,False
2024-07-07,biomass_burning,wind_ventilation,-0.18059201363090693,0.0,-0.18059201363092114,-1.4210854715202004e-14,False
2024-07-08,biomass_burning,wind_ventilation,-0.14566915606806674,-0.11266777028581743,-0.25833692635387706,7.105427357601002e-15,False
2024-07-09,biomass_burning,wind_ventilation,-0.07802917385645003,0.04015215314749554,-0.017137897901939425,0.020739122807015065,False
2024-07-10,biomass_burning,wind_ventilation,-0.03251256385695456,-0.008948060786906353,-0.041460624643868016,-7.105427357601002e-15,False
2024-07-11,biomass_burning,wind_ventilation,-0.05729005104942786,-0.03582990746389214,-0.09311995851333421,-1.4210854715202004e-14,False
2024-07-12,biomass_burning,wind_ventilation,-0.1998549907986913,-0.052553698340204846,-0.25240868913889614,0.0,False
2024-07-13,biomass_burning,wind_ventilation,-0.3144643449428841,-0.05246706835573178,-0.3669314132986159,0.0,False
2024-07-14,biomass_burning,wind_ventilation,-0.10470573202427857,0.047874708412834366,-0.05373537807716389,0.0030956455342803224,False
2024-07-15,biomass_burning,wind_ventilation,-0.17385433017256702,-0.0024713974841787945,-0.17484393717906244,0.0014817904776833757,False
2024-07-16,biomass_burning,wind_ventilation,-0.0749335283221626,0.05235363218069722,-0.022579896141465383,0.0,False
2024-07-17,biomass_burning,wind_ventilation,-0.052566334835574935,0.08065014526003722,0.028083810424462285,0.0,False
2024-07-18,biomass_burning,wind_ventilation,-0.18331565721715748,0.057717433817252584,-0.1255982233999049,0.0,False
2024-07-19,biomass_burning,wind_ventilation,-0.17042661322756913,0.02726736992170231,-0.1400635977715794,0.003095645534287428,False
2024-07-20,biomass_burning,wind_ventilation,-0.935100944231543,-0.1751125338044659,-1.1071178325017357,0.003095645534273217,False
2024-07-21,biomass_burning,wind_ventilation,-0.1764099930450982,-0.2089025735406551,-0.3853125665857533,0.0,False
2024-07-22,biomass_burning,wind_ventilation,-0.12824475915987676,-0.14101026539722739,-0.26925502455711126,-7.105427357601002e-15,False
2024-07-23,biomass_burning,wind_ventilation,0.2303711390204981,-0.07466790259222478,0.15570323642828043,7.105427357601002e-15,False
2024-07-24,biomass_burning,wind_ventilation,0.0277854978484271,0.0054318899347265415,0.033217387783146535,-7.105427357601002e-15,False
2024-07-25,biomass_burning,wind_ventilation,0.07420326103481756,-0.10465990222837718,-0.030456641193566725,-7.105427357601002e-15,False
2024-07-26,biomass_burning,wind_ventilation,0.11443051639491841,-0.16790371820151506,-0.05347320180658954,7.105427357601002e-15,False
2024-07-27,biomass_burning,wind_ventilation,0.10030956339723218,-0.11111848920442924,-0.010808925807197056,0.0,False
2024-07-28,biomass_burning,wind_ventilation,0.0,-0.1410102653972345,-0.1410102653972345,0.0,False
2024-07-29,biomass_burning,wind_ventilation,-0.05729005104942786,-0.1671341306775176,-0.22442418172695255,-7.105427357601002e-15,False
2024-07-30,biomass_burning,wind_ventilation,-0.17613253122252104,-0.26491821501372925,-0.4410507462362574,-7.105427357601002e-15,False
2024-07-31,biomass_burning,wind_ventilation,-0.0349228575628473,-0.23942840241404895,-0.27435125997690335,-7.105427357601002e-15,False
2024-08-01,biomass_burning,wind_ventilation,-0.017523368217425173,-0.1671341306775176,-0.18465749889494987,-7.105427357601002e-15,False
2024-08-02,biomass_burning,wind_ventilation,0.03435116881960454,-0.1551235998954823,-0.12077243107587066,7.105427357601002e-15,False
2024-08-03,biomass_burning,wind_ventilation,-0.11131798724844799,-0.2560988380691924,-0.3674168253176546,-1.4210854715202004e-14,False
2024-08-04,biomass_burning,wind_ventilation,-0.49586265733004353,-0.1299316106691677,-0.6257942679992112,0.0,False
2024-08-05,biomass_burning,wind_ventilation,-0.867981905001578,-0.11785462519923584,-0.9858365302008139,0.0,False
2024-08-06,biomass_burning,wind_ventilation,-1.0650754947014747,-0.12625234292863752,-1.191327837630105,7.105427357601002e-15,False
2024-08-07,biomass_burning,wind_ventilation,-0.6334229412310108,-0.06842097312754447,-0.7018439143585553,0.0,False
2024-08-08,biomass_burning,wind_ventilation,-0.10047628199681213,0.042073459074835284,-0.055307177387682316,0.0030956455342945333,False
2024-08-09,biomass_burning,wind_ventilation,-0.1564048282744821,0.06891437216681595,-0.08439481057337872,0.003095645534287428,False
2024-08-10,biomass_burning,wind_ventilation,-0.27372045932892775,0.10487452260006336,-0.16575029119456985,0.0030956455342945333,False
2024-08-11,biomass_burning,wind_ventilation,-0.7329868885803563,0.03606153990202188,-0.674704435393636,0.02222091328469844,False
2024-08-12,biomass_burning,wind_ventilation,-0.8365084508926159,-0.05223130933488562,-0.8856441146932283,0.003095645534273217,False
2024-08-13,biomass_burning,wind_ventilation,-0.08194278851819092,-0.19901119632612563,-0.28095398484432366,-7.105427357601002e-15,False
2024-08-14,biomass_burning,wind_ventilation,-0.7339374984843516,-0.1760784848833481,-0.9100159833676926,7.105427357601002e-15,False
2024-08-15,biomass_burning,wind_ventilation,0.2000006656082789,-0.10622680982988442,0.07613037850565973,-0.017643477272734742,False
2024-08-16,biomass_burning,wind_ventilation,-0.16453815715686204,-0.19901119632612563,-0.36354935348298767,0.0,False
2024-08-17,biomass_burning,wind_ventilation,-1.189324358457121,-0.03979116747955658,-1.2291155259366704,7.105427357601002e-15,False
2024-08-18,biomass_burning,wind_ventilation,-0.2757219794647341,-0.054715368439019585,-0.32734170236945914,0.0030956455342945333,False
2024-08-19,biomass_burning,wind_ventilation,-0.4890943787394093,-1.2494374430708817,-1.7385318218102839,7.105427357601002e-15,False
2024-08-20,biomass_burning,wind_ventilation,-0.511461572225997,-1.1517333380165624,-1.6631949102425523,7.105427357601002e-15,False
2024-08-21,biomass_burning,wind_ventilation,-0.316835072489674,-1.1773002074941417,-1.4298123318179563,0.06432294816585937,False
2024-08-22,biomass_burning,wind_ventilation,-1.1909578566424486,-0.6781966161039321,-1.785706256830089,0.0834482159162917,False
2024-08-23,biomass_burning,wind_ventilation,-3.1149984313890116,-1.4833241297354078,-4.197002266572007,0.4013202945524128,False
2024-08-24,biomass_burning,wind_ventilation,-3.3777612260371797,-1.6838373547428276,-4.66027828622758,0.401320294552427,False
2024-08-25,biomass_burning,wind_ventilation,-3.6174786248942965,-1.5323145097619744,-4.769211962910859,0.38058117174541195,False
2024-08-26,biomass_burning,wind_ventilation,-2.763809697937667,-1.5295613045032397,-3.974017133327088,0.3193538691138187,False
2024-08-27,biomass_burning,wind_ventilation,-2.8037983449525683,-0.3301656055041988,-2.9343606458590656,0.19960330459770148,False
2024-08-28,biomass_burning,wind_ventilation,-3.3889410712294747,-0.3619831643704643,-3.6091523008033306,0.14177193479660843,False
2024-08-29,biomass_burning,wind_ventilation,-4.385153120122908,-0.22638268264187644,-4.411932498167069,0.1996033045977157,False
2024-08-30,biomass_burning,wind_ventilation,-3.1313781484616072,-0.20524554364952508,-3.137020387513431,0.19960330459770148,False
2024-08-31,biomass_burning,wind_ventilation,-2.947926829956174,-0.13016686367625852,-2.8753947435004363,0.20269895013199601,False
2024-09-01,biomass_burning,wind_ventilation,-3.223284866180464,-0.1714273286929071,-3.212752367548404,0.18195982732496674,False
2024-09-02,biomass_burning,wind_ventilation,-3.0929173931239973,-0.33621232515060484,-3.109775849160769,0.3193538691138329,False
2024-09-03,biomass_burning,wind_ventilation,-2.6025329560554127,-0.4614434480838199,-2.7446225350254068,0.3193538691138258,False
2024-09-04,biomass_burning,wind_ventilation,-0.335083461310802,-0.14208957896998697,-0.4771730402808032,-1.4210854715202004e-14,False
2024-09-05,biomass_burning,wind_ventilation,0.006133663184527904,0.006130230929365155,0.015359539648187592,0.0030956455342945333,False
2024-09-06,biomass_burning,wind_ventilation,0.18336880753290785,-0.02885951266036102,0.15760494040681294,0.0030956455342661116,False
2024-09-07,biomass_burning,wind_ventilation,-0.3518116798470885,-0.01685845603677194,-0.36867013588386044,0.0,False
2024-09-08,biomass_burning,wind_ventilation,-0.8864240510701293,0.013128828459244346,-0.8510743093261794,0.022220913284705546,False
2024-09-09,biomass_burning,wind_ventilation,0.07864739896231043,-0.6647056586049302,-0.5829626141083324,0.003095645534287428,False
2024-09-10,biomass_burning,wind_ventilation,-0.3025993224459853,-1.6112928108544935,-1.9315356105732135,-0.017643477272734742,False
2024-09-11,biomass_burning,wind_ventilation,0.35132887641152166,-1.977827393978039,-1.644141994839238,-0.01764347727272053,False
2024-09-12,biomass_burning,wind_ventilation,0.16074194957268872,-1.6598069845279895,-1.4990650349553007,0.0,False
2024-09-13,biomass_burning,wind_ventilation,0.18709779782503233,-1.8656523002204608,-1.6785545023954214,7.105427357601002e-15,False
2024-09-14,biomass_burning,wind_ventilation,-0.22215918026121528,-0.6748534829418489,-0.8970126632030642,0.0,False
2024-09-15,biomass_burning,wind_ventilation,0.01739948934542923,-0.4081134446824848,-0.39071395533705555,0.0,False
2024-09-16,biomass_burning,wind_ventilation,-0.8583776916062931,-0.19754297275593302,-1.055920664362226,0.0,False
2024-09-17,biomass_burning,wind_ventilation,-0.5547730362796983,-0.22156023863541208,-0.7763332749151317,-2.1316282072803006e-14,False
2024-09-18,biomass_burning,wind_ventilation,-1.4017618506195575,-0.10620278827176577,-1.4857437256066177,0.022220913284705546,False
2024-09-19,biomass_burning,wind_ventilation,-0.1952256424462604,-0.13619007276778206,-0.33141571521403534,7.105427357601002e-15,False
2024-09-20,biomass_burning,wind_ventilation,-0.0749335283221626,-0.13619007276778206,-0.21112360108994466,0.0,False
2024-09-21,biomass_burning,wind_ventilation,0.017415165891726758,-0.1422640973879581,-0.12175328596195101,0.0030956455342803224,False
2024-09-22,biomass_burning,wind_ventilation,-0.4170921844418274,-0.09938977731471255,-0.5341254390292676,-0.017643477272727637,False
2024-09-23,biomass_burning,wind_ventilation,0.01780878737928049,-0.07431066832896249,-0.07414535822240254,-0.01764347727272053,False
2024-09-24,biomass_burning,wind_ventilation,-0.10258923488137839,-0.23451882565981919,-0.3371080605412047,-7.105427357601002e-15,False
2024-09-25,biomass_burning,wind_ventilation,-0.566174494827365,-0.17274410186717404,-0.7389185966945533,-1.4210854715202004e-14,False
2024-09-26,biomass_burning,wind_ventilation,-0.05815065198554947,-0.3939172260100108,-0.45206787799556736,-7.105427357601002e-15,False
2024-09-27,biomass_burning,wind_ventilation,-0.16647083588024003,-2.006032457669235,-2.1725032935494824,-7.105427357601002e-15,False
2024-09-28,biomass_burning,wind_ventilation,0.07647943726208695,-2.033423412338067,-1.9569439750759798,0.0,False
2024-09-29,biomass_burning,wind_ventilation,0.17044098470960733,-2.0069479026920263,-1.836506917982426,-7.105427357601002e-15,False
2024-09-30,biomass_burning,wind_ventilation,0.21831727877434304,-1.7314382400975248,-1.5131209613231889,-7.105427357601002e-15,False
2024-10-01,biomass_burning,wind_ventilation,-0.49692046676848634,-1.9094769676129033,-2.348525887178603,0.057871547202786644,False
2024-10-02,biomass_burning,wind_ventilation,0.6739391377642789,-0.43366381930189846,0.24027531846235206,-2.842170943040401e-14,False
2024-10-03,biomass_burning,wind_ventilation,-0.11273752852008556,-0.9136148213531214,-1.026352349873207,0.0,False
2024-10-04,biomass_burning,wind_ventilation,-0.2731009437248133,0.38753049677947615,0.2027597478597727,0.08833019480510984,False
2024-10-05,biomass_burning,wind_ventilation,-0.05831758539937937,0.304836143916674,0.33484875332248976,0.0883301948051951,False
2024-10-06,biomass_burning,wind_ventilation,0.1518032750517193,-0.10600748789636327,-0.04003631962675058,-0.08583210678210662,False
2024-10-07,biomass_burning,wind_ventilation,0.35957139566403384,-0.17918247575676105,0.2687191147124679,0.0883301948051951,False
2024-10-08,biomass_burning,wind_ventilation,-0.4362956793407875,-0.831169187519265,-1.3532969736421592,-0.08583210678210662,False
2024-10-09,biomass_burning,wind_ventilation,-0.06637261157845842,-3.008451028486263,-2.8571154664295193,0.21770817363520223,False
2024-10-10,biomass_burning,wind_ventilation,-0.2944416249441133,-1.5393504023736,-1.8337920273177417,-2.842170943040401e-14,False
2024-10-11,biomass_burning,wind_ventilation,-0.32226268847344386,-1.7146380320521928,-1.8890300062398921,0.1478707142857445,False
2024-10-12,biomass_burning,wind_ventilation,-0.15831849247624064,-0.39514279243161354,-0.4055905706221381,0.14787071428571608,False
2024-10-13,biomass_burning,wind_ventilation,-0.3168893313257968,-2.2148391267053853,-2.225690089590728,0.3060383684404542,False
2024-10-14,biomass_burning,wind_ventilation,1.5425213344902318,-4.000624385094312,-2.3102323363183643,0.14787071428571608,False
2024-10-15,biomass_burning,wind_ventilation,1.0462166047374524,-3.52552067108104,-2.6112379949150863,-0.13193392857149888,False
2024-10-16,biomass_burning,wind_ventilation,-0.0368472852404409,-2.9633108555625256,-2.7943037367514876,0.20585440405147892,False
2024-10-17,biomass_burning,wind_ventilation,0.3744867049872198,-6.699252649722496,-6.118911540683911,0.20585440405136524,False
2024-10-18,biomass_burning,wind_ventilation,0.4796623386100691,-8.645555146619074,-8.059243801750881,0.10664900625812379,False
2024-10-19,biomass_burning,wind_ventilation,0.014254341820077343,-8.996462520094525,-9.13890339540319,-0.15669521712874257,False
2024-10-20,biomass_burning,wind_ventilation,-0.015368510201312802,-9.365656838154393,-9.36355826389709,0.017467084458616,False
2024-10-21,biomass_burning,wind_ventilation,-1.084465514196637,-7.797046707266702,-8.618695137004806,0.2628170844585327,False
2024-10-22,biomass_burning,wind_ventilation,-0.45652109726981394,-5.85936230618816,-6.129373461856488,0.1865099416014857,False
2024-10-23,biomass_burning,wind_ventilation,-0.7970846217664871,-8.71004548595755,-9.259708856598849,0.2474212511251892,False
2024-10-24,biomass_burning,wind_ventilation,1.0899279918612308,-3.265106293392307,-1.875386675514818,0.2997916260162583,False
2024-10-25,biomass_burning,wind_ventilation,1.3168489063535844,-4.440739684870124,-3.2230961763098094,-0.09920539779326987,False
2024-10-26,biomass_burning,wind_ventilation,0.7086040872108583,-2.410236388124247,-1.7590188587380453,-0.05738655782465685,False
2024-10-27,biomass_burning,wind_ventilation,1.5900597762681343,-1.7139652454802388,-0.40169039496734626,-0.27778492575524183,False
2024-10-28,biomass_burning,wind_ventilation,0.07545564982456199,-3.3754815934442206,-3.7797647003478403,-0.47973875672818167,False
2024-10-29,biomass_burning,wind_ventilation,-2.268273643145392,-5.273016849636377,-7.74923795918744,-0.2079474664056704,False
2024-10-30,biomass_burning,wind_ventilation,-2.9634185553825034,-6.24332138708175,-9.711753254483341,-0.5050133120190878,False
2024-10-31,biomass_burning,wind_ventilation,-16.441253860682593,-6.43560489778298,-22.782028795977055,0.09482996248851805,False
2024-11-01,biomass_burning,wind_ventilation,-23.70499234479368,-5.163116324696659,-29.544501013836225,-0.676392344345885,False
2024-11-02,biomass_burning,wind_ventilation,-25.333315732242454,-13.368847414668494,-39.70291569838949,-1.0007525514785414,False
2024-11-03,biomass_burning,wind_ventilation,-15.711014612791814,-15.128794847881466,-31.689532079081886,-0.849722618408606,False
2024-11-04,biomass_burning,wind_ventilation,-10.658785512153457,-14.790665917547614,-26.55353444949992,-1.1040830197988498,False
2024-11-05,biomass_burning,wind_ventilation,-10.74957170682211,-15.644488544296848,-28.07545963596027,-1.6813993848413133,False
2024-11-06,biomass_burning,wind_ventilation,-9.113810029832393,-13.488662607854963,-24.43235969337948,-1.8298870556921258,False
2024-11-07,biomass_burning,wind_ventilation,-5.071403863917567,-14.781626057843255,-21.456321258931325,-1.6032913371705035,False
2024-11-08,biomass_burning,wind_ventilation,-1.2945110580425876,-16.172848610615574,-18.516180861953103,-1.0488211932949412,False
2024-11-09,biomass_burning,wind_ventilation,-2.097700185161216,-15.057738212945083,-18.018609150766622,-0.8631707526603236,False
2024-11-10,biomass_burning,wind_ventilation,-1.6289979310066087,-15.422306205594452,-18.091640565235878,-1.0403364286348165,False
2024-11-11,biomass_burning,wind_ventilation,-1.7866350851020343,-13.952716125095321,-16.91246349165874,-1.1731122814613855,False
2024-11-12,biomass_burning,wind_ventilation,-1.7647736460125998,-16.004126225670802,-18.909884447372463,-1.1409845756890604,False
2024-11-13,biomass_burning,wind_ventilation,-1.6368188281858806,-15.600353139627941,-18.347860681615714,-1.110688713801892,False
2024-11-14,biomass_burning,wind_ventilation,-2.3673759014900497,-14.298650134125808,-17.84991618174024,-1.1838901461243836,False
2024-11-15,biomass_burning,wind_ventilation,-1.910099694756866,-14.414191167213971,-17.527786006211443,-1.2034951442406054,False
2024-11-16,biomass_burning,wind_ventilation,-1.517455175670591,-15.18435514899727,-17.347289931812952,-0.6454796071450914,False
2024-11-17,biomass_burning,wind_ventilation,-1.945070692370507,-17.001511401825724,-19.72483755416806,-0.778255459971831,False
2024-11-18,biomass_burning,wind_ventilation,-1.9330495340390712,-17.489799925816783,-20.284927207833732,-0.8620777479778781,False
2024-11-19,biomass_burning,wind_ventilation,-2.435315222274255,-18.489944938055828,-22.14696992272053,-1.2217097623904465,False
2024-11-20,biomass_burning,wind_ventilation,-3.2826449362248695,-17.868754724194048,-22.155774361185706,-1.004374700766789,False
2024-11-21,biomass_burning,wind_ventilation,-7.74532612963344,-19.621419801581624,-28.186564189950246,-0.8198182587351823,False
2024-11-22,biomass_burning,wind_ventilation,-7.455984395307553,-19.335792824349824,-27.69541776639855,-0.9036405467411726,False
2024-11-23,biomass_burning,wind_ventilation,-7.744467463709327,-17.607548229687495,-26.05179118135368,-0.6997754879568561,False
2024-11-24,biomass_burning,wind_ventilation,-1.2437813178882493,-16.601967077119014,-18.511159863838486,-0.6654114688312234,False
2024-11-25,biomass_burning,wind_ventilation,-1.4911647724221666,-16.951178809179623,-19.17887347671251,-0.7365298951107206,False
2024-11-26,biomass_burning,wind_ventilation,-1.6282508920403416,-15.854470996391967,-18.418372227016903,-0.935650338584594,False
2024-11-27,biomass_burning,wind_ventilation,-0.8488466167585216,-17.339993739894055,-19.142705313386898,-0.9538649567343214,False
2024-11-28,biomass_burning,wind_ventilation,-0.5105284671870436,-17.071468655230262,-18.402349305534074,-0.8203521831167677,False
2024-11-29,biomass_burning,wind_ventilation,-0.5140531932507315,-16.100862615972517,-17.435267992340187,-0.8203521831169382,False
2024-11-30,biomass_burning,wind_ventilation,-0.5560386200049834,-16.6552192886345,-18.06687525051217,-0.8556173418726871,False
2024-12-01,biomass_burning,wind_ventilation,-0.6741526434527714,-16.474117887533055,-17.763292074515107,-0.6150215435292807,False
2024-12-02,biomass_burning,wind_ventilation,-0.8332169571253871,-16.7763270939912,-17.998411135287085,-0.3888670841704993,False
2024-12-03,biomass_burning,wind_ventilation,0.374569137721096,-16.59685592362905,-16.783923355512,-0.5616365696040475,False
2024-12-04,biomass_burning,wind_ventilation,-8.501412106928228,-22.633370807660356,-29.82266300730626,1.312119907282323,False
2024-12-05,biomass_burning,wind_ventilation,-20.57363222643349,-15.267239274122858,-35.201399046937894,0.6394724536184526,False
2024-12-06,biomass_burning,wind_ventilation,-21.5463258676333,-15.097582979802723,-36.6428874758457,0.0010213715903262255,False
2024-12-07,biomass_burning,wind_ventilation,-25.066569627461377,-14.22108000251987,-38.922835947655415,0.3648136823258312,False
2024-12-08,biomass_burning,wind_ventilation,-8.301342123585016,-20.388788180935194,-29.365449299986096,-0.6753189954658865,False
2024-12-09,biomass_burning,wind_ventilation,-0.7059169258196221,-17.091154061593613,-18.987345972450328,-1.1902749850370924,False
2024-12-10,biomass_burning,wind_ventilation,-0.29031415370326386,-18.301579875462835,-19.011072426185535,-0.4191783970194365,False
2024-12-11,biomass_burning,wind_ventilation,-0.049248821508854235,-18.072873848611778,-18.822402672864882,-0.7002800027442504,False
2024-12-12,biomass_burning,wind_ventilation,0.2964781994752457,-17.329016341427177,-17.861231457042436,-0.8286933150905043,False
2024-12-13,biomass_burning,wind_ventilation,0.16557236347210846,-18.21075593584709,-18.83802071990766,-0.7928371475326799,False
2024-12-14,biomass_burning,wind_ventilation,-0.05407932130452764,-18.89002875257313,-19.389282410470287,-0.44517433659262906,False
2024-12-15,biomass_burning,wind_ventilation,-0.284008077944236,-18.601724410692327,-18.976539014191076,-0.09080652555451252,False
2024-12-16,biomass_burning,wind_ventilation,0.7831444069323652,-17.822385684104916,-17.80054204914586,-0.7613007719733105,False
2024-12-17,biomass_burning,wind_ventilation,-0.4409410887543572,-16.9279505310746,-17.69152378151466,-0.3226321616857035,False
2024-12-18,biomass_burning,wind_ventilation,1.8796084887447364,-15.951586757355528,-14.652366758348762,-0.5803884897379703,False
2024-12-19,biomass_burning,wind_ventilation,2.626041010591564,-15.219810112823154,-13.242239509346746,-0.6484704071151555,False
2024-12-20,biomass_burning,wind_ventilation,2.3496663083820977,-14.896356800891624,-13.449829702642035,-0.9031392101325082,False
2024-12-21,biomass_burning,wind_ventilation,3.1343649007669683,-17.4949509500085,-15.237362913999505,-0.8767768647579715,False
2024-12-22,biomass_burning,wind_ventilation,2.9709246884281697,-16.322500522294433,-14.125880954639229,-0.774305120772965,False
2024-12-23,biomass_burning,wind_ventilation,3.694109311637135,-16.693962362625086,-13.634087463174637,-0.6342344121866859,False
2024-12-24,biomass_burning,wind_ventilation,2.821548617294411,-16.667482665908494,-14.043658863998871,-0.19772481538478814,False
2024-12-25,biomass_burning,wind_ventilation,2.933605549695926,-16.039790650195926,-13.756908266899302,-0.6507231663993025,False
2024-12-26,biomass_burning,wind_ventilation,3.4298312546198986,-16.9243837570379,-14.434642092361571,-0.9400895899435682,False
2024-12-27,biomass_burning,wind_ventilation,3.456548874987277,-16.198740306299726,-13.143116476518514,-0.40092504520606553,False
2024-12-28,biomass_burning,wind_ventilation,3.3094783964917838,-16.133018230305026,-13.105215858504437,-0.281676024691194,False
2024-12-29,biomass_burning,wind_ventilation,3.40582517266364,-16.56765136194565,-13.759902653402321,-0.5980764641203109,False
2024-12-30,biomass_burning,wind_ventilation,2.7241305952861126,-17.788300594344435,-15.728281586412265,-0.6641115873539434,False
2024-12-31,biomass_burning,wind_ventilation,2.867746701689441,-17.205007732436002,-15.099620232962195,-0.7623592022156345,False
2020-01-01,biomass_burning,meteorology,-0.9449344677372551,4.448814491187193,6.662067529573449,3.158187506123511,True
2020-01-02,biomass_burning,meteorology,-0.9449344677372551,4.448814491187193,6.662067529573449,3.158187506123511,True
2020-01-03,biomass_burning,meteorology,0.27792447507317775,-1.6152672701088022,-1.3823134790609402,-0.04497068402531568,False
2020-01-04,biomass_burning,meteorology,-0.4701020802889957,-1.2103048800800025,-1.7122542295286962,-0.031847269159698044,False
2020-01-05,biomass_burning,meteorology,0.18121970972504187,-0.5363122601831378,-0.5008421339379083,-0.14574958347981237,False
2020-01-06,biomass_burning,meteorology,-0.40533081243796687,-0.12262509803792909,-0.6737054939556515,-0.14574958347975553,False
2020-01-07,biomass_burning,meteorology,-0.6330755818734701,0.06729049616473048,-0.5976323548684945,-0.03184726915975489,False
2020-01-08,biomass_burning,meteorology,-0.19719388241799152,0.28434566935521843,0.05530451777752887,-0.031847269159698044,False
2020-01-09,biomass_burning,meteorology,0.7392350474285649,3.2685574297573226,3.4907142535548132,-0.5170782236310743,False
2020-01-10,biomass_burning,meteorology,-0.9956607252305503,-1.9392712484063281,-2.8660003433421366,0.06893163029474181,False
2020-01-11,biomass_burning,meteorology,-0.725065781804517,-2.3889400837690005,-3.1458531347332723,-0.03184726915975489,False
2020-01-12,biomass_burning,meteorology,-0.30066436475362934,-1.5547904182247976,-1.85545478297837,5.684341886080802e-14,False
2020-01-13,biomass_burning,meteorology,-0.055382854070558096,-1.4253200444672984,-1.4807028985378565,0.0,False
2020-01-14,biomass_burning,meteorology,-0.02444844538547386,-3.570423185410334,-3.5259400005010093,0.06893163029479865,False
2020-01-15,biomass_burning,meteorology,0.45295440003411613,-3.356651101121656,-3.069127704517996,-0.1654310034304558,False
2020-01-16,biomass_burning,meteorology,0.2952663366450565,-2.7057520361695424,-2.3086292014480705,0.10185649807641539,False
2020-01-17,biomass_burning,meteorology,-0.03618771550316069,-2.192364975494627,-2.393983694428414,-0.16543100343062633,False
2020-01-18,biomass_burning,meteorology,-0.4934395213656444,-1.8026260435745485,-2.109870293341146,0.18619527159904692,False
2020-01-19,biomass_burning,meteorology,0.7412151254934543,0.9955798662278994,1.3094413426491087,-0.42735364907224493,False
2020-01-20,biomass_burning,meteorology,0.31919186661883714,-1.3501007839105341,-0.8566822882337419,0.17422662905795505,False
2020-01-21,biomass_burning,meteorology,1.3256409536978708,-1.8120690840136717,1.669373938144986,2.155802068460787,True
2020-01-22,biomass_burning,meteorology,0.2067373143956388,-0.7371877276388545,2.768470061266669,3.2989204745098846,True
2020-01-23,biomass_burning,meteorology,-0.7021059804843617,-0.5497998487157929,2.4095785084849695,3.661484337685124,True
2020-01-24,biomass_burning,meteorology,0.3097934846828707,0.5913102931524463,2.784192211430934,1.883088433595617,False
2020-01-25,biomass_burning,meteorology,0.3330356662698932,-1.3274256149416601,1.6594921008284587,2.6538820495002255,True
2020-01-26,biomass_burning,meteorology,-0.01756675390356577,-1.631390263395133,0.9756909984679396,2.6246480157666383,True
2020-01-27,biomass_burning,meteorology,1.1783299801565477,-2.396164937062906,-0.01541599124715276,1.2024189656592057,False
2020-01-28,biomass_burning,meteorology,1.2406092502252477,-4.144699390463018,-1.4176483648277554,1.4864417754100145,False
2020-01-29,biomass_burning,meteorology,0.22297690551022242,-3.032167313247669,-1.8759399975241422,0.9332504102133043,False
2020-01-30,biomass_burning,meteorology,-0.5315127337059948,-0.2138000097593249,-0.6280491021609578,0.11726364130436195,False
2020-01-31,biomass_burning,meteorology,-0.3294968652318744,1.0394963210511037,0.7789310861140848,0.0689316302948555,False
2020-02-01,biomass_burning,meteorology,0.3795113717549725,7.835098500516665,7.885570057951554,-0.3290398143200832,False
2020-02-02,biomass_burning,meteorology,-0.4206960282872103,6.435520586197441,5.7996870579102335,-0.21513749999999732,False
2020-02-03,biomass_burning,meteorology,0.031820289912758426,5.284056287642954,5.315876577555741,2.842170943040401e-14,False
2020-02-04,biomass_burning,meteorology,-0.5513499206377901,-2.7456997709126654,-3.165091148496373,0.1319585430540826,False
2020-02-05,biomass_burning,meteorology,0.3326580854431427,3.8856816808836925,4.296876708291165,0.07853694196433025,False
2020-02-06,biomass_burning,meteorology,1.3908897591052494,-0.28697808984455264,1.3321716951543578,0.22826002589366112,False
2020-02-07,biomass_burning,meteorology,0.18560725705023629,1.6649994541141666,1.850606711164403,0.0,False
2020-02-08,biomass_burning,meteorology,-0.16492398247257256,1.0256243858488858,0.8607004033763985,8.526512829121202e-14,False
2020-02-09,biomass_burning,meteorology,1.2956704514751607,2.259439942473648,3.370429478770234,-0.18468091517857488,False
2020-02-10,biomass_burning,meteorology,0.2949281317932275,1.2547120628184416,1.5496401946116123,-5.684341886080802e-14,False
2020-02-11,biomass_burning,meteorology,0.8329229224473238,1.1213239671197641,2.032783831531418,0.07853694196433025,False
2020-02-12,biomass_burning,meteorology,0.40660967863652786,0.09578055494546334,0.6021115925181562,0.09972135893616496,False
2020-02-13,biomass_burning,meteorology,0.11794706056107884,0.741817642269126,0.9383016447945067,0.07853694196430183,False
2020-02-14,biomass_burning,meteorology,0.5110565267582388,0.5090864735680896,1.0986799422906302,0.07853694196430183,False
2020-02-15,biomass_burning,meteorology,1.0417193531104658,1.5678834618719861,2.6096028149823667,-8.526512829121202e-14,False
2020-02-16,biomass_burning,meteorology,2.1422447712735675,2.6348615835334783,4.623702765063456,-0.15340358974358992,False
2020-02-17,biomass_burning,meteorology,2.213441455399362,-0.07463848114588245,2.0908692912177855,-0.04793368303569423,False
2020-02-18,biomass_burning,meteorology,1.1135812505346507,-5.231391179012633,-3.879758459247654,0.23805146923032794,False
2020-02-19,biomass_burning,meteorology,1.261459793605269,-5.195708357943261,-3.5972824543194974,0.3369661100184942,False
2020-02-20,biomass_burning,meteorology,2.621780493556372,2.041175081205921,4.591588161386056,-0.07136741337623675,False
2020-02-21,biomass_burning,meteorology,0.9417922760139845,0.6638621507585185,1.612823955360568,0.007169528588065077,False
2020-02-22,biomass_burning,meteorology,1.0268481645845782,2.3420387221142676,3.2975194733226942,-0.07136741337615149,False
2020-02-23,biomass_burning,meteorology,0.40233697922207057,2.0617427395781363,2.5461158951675884,0.08203617636738159,False
2020-02-24,biomass_burning,meteorology,0.17276764702469904,1.2470489444183954,1.5803897097747779,0.16057311833168342,False
2020-02-25,biomass_burning,meteorology,0.05781841337332594,1.2986596655391622,1.43501502087679,0.07853694196430183,False
2020-02-26,biomass_burning,meteorology,0.5164061294795204,1.1851061649623489,1.7015122944418692,0.0,False
2020-02-27,biomass_burning,meteorology,0.05545206681247805,1.116036522487093,1.2535247656670094,0.08203617636743843,False
2020-02-28,biomass_burning,meteorology,1.2704094930415692,3.2874423640127475,4.55785185705426,-5.684341886080802e-14,False
2020-02-29,biomass_burning,meteorology,1.0299965225555354,3.2446473082963223,4.274643830851801,-5.684341886080802e-14,False
2020-03-01,biomass_burning,meteorology,5.484547916099103,4.794972636531668,10.010356050188705,-0.2691645024420666,False
2020-03-02,biomass_burning,meteorology,1.9720870962080568,5.10520828806294,7.0772953842709825,-1.4210854715202004e-14,False
2020-03-03,biomass_burning,meteorology,2.0935518932781463,4.176001055894432,6.2695529491726205,4.263256414560601e-14,False
2020-03-04,biomass_burning,meteorology,0.42788438508552673,0.6326650039921873,1.0307723639881061,-0.02977702508960789,False
2020-03-05,biomass_burning,meteorology,0.4065890153078513,0.6326650039921802,1.0094769942104236,-0.02977702508960789,False
2020-03-06,biomass_burning,meteorology,0.3129619861532902,0.5542972617062105,0.810026209765546,-0.05723303809395475,False
2020-03-07,biomass_burning,meteorology,-0.04243555648665165,0.3793753131634645,0.05195444468076005,-0.2849853119960528,False
2020-03-08,biomass_burning,meteorology,-1.162734524285952,0.7155557919525677,-0.6663392229008593,-0.2191604905674751,False
2020-03-09,biomass_burning,meteorology,-0.3156996882400307,0.5348811029935874,0.0068278390586797855,-0.2123535756948769,False
2020-03-10,biomass_burning,meteorology,-0.11189725709493104,0.5240763945503062,0.28610542384515725,-0.1260737136102179,False
2020-03-11,biomass_burning,meteorology,-0.11196855998189648,0.426771376344945,0.18196213540600326,-0.13284068095704527,False
2020-03-12,biomass_burning,meteorology,0.2231544307119009,0.5177042429154355,0.6565454272000153,-0.08431324642732108,False
2020-03-13,biomass_burning,meteorology,-0.32108818292551433,0.424075453155325,0.07590706189647989,-0.027080208333330802,False
2020-03-14,biomass_burning,meteorology,0.2651521317958938,0.15966914866393722,0.41112238477139584,-0.013698895688435186,False
2020-03-15,biomass_burning,meteorology,-0.08557052009242483,0.3651785743849203,0.21209911264185166,-0.0675089416506438,False
2020-03-16,biomass_burning,meteorology,0.00939684269637553,-0.010620414911556963,-0.07911960050601863,-0.0778960282908372,False
2020-03-17,biomass_burning,meteorology,0.1769652475425474,0.42537746303650437,0.6285238367445629,0.02618112616551116,False
2020-03-18,biomass_burning,meteorology,0.31389976575619727,0.3423373839968562,0.6824182759185575,0.026181126165504054,False
2020-03-19,biomass_burning,meteorology,0.21868852872186295,0.3476060313792999,0.5924756862666811,0.026181126165518265,False
2020-03-20,biomass_burning,meteorology,-0.7008175415223477,0.5986608641310411,-0.2762800580920981,-0.17412338070079159,False
2020-03-21,biomass_burning,meteorology,-0.6926827867298755,0.5745516565425035,-0.3197657795111226,-0.20163464932375064,False
2020-03-22,biomass_burning,meteorology,-0.3943612566469312,0.8057739949208624,0.23094376311750864,-0.18046897515642257,False
2020-03-23,biomass_burning,meteorology,-0.1245936185429315,0.4573088945719874,0.2198132603123426,-0.11290201571671332,False
2020-03-24,biomass_burning,meteorology,-0.4716226961652765,0.4599779065256939,-0.08799612637518095,-0.07635133673559835,False
2020-03-25,biomass_burning,meteorology,-0.4080031165043678,0.2544752699920281,-0.26473985751704987,-0.11121201100471012,False
2020-03-26,biomass_burning,meteorology,-0.23096189906102893,-0.9244290234554597,-1.1327487539752283,0.022642168541260332,False
2020-03-27,biomass_burning,meteorology,-0.1361403427079395,-2.135229209452092,-2.274908509784254,-0.0035389576242224052,False
2020-03-28,biomass_burning,meteorology,-0.08069554765227593,-1.4813209681795314,-1.6210002685116933,-0.05898375267988598,False
2020-03-29,biomass_burning,meteorology,-0.35256637178067507,-1.5374565586508737,-1.9215506701070666,-0.03152773967551781,False
2020-03-30,biomass_burning,meteorology,-0.4755117812064782,-0.7067193705564918,-1.3604830373146015,-0.17825188555163152,False
2020-03-31,biomass_burning,meteorology,-0.060759844327321844,-1.6637980496998424,-1.90280977957881,-0.17825188555164573,False
2020-04-01,biomass_burning,meteorology,-0.238784918206548,-2.536562781649394,-2.923822560317987,-0.14847486046204494,False
2020-04-02,biomass_burning,meteorology,-2.2484923049348993,-1.8466484145037185,-4.602480184721244,-0.5073394652826266,False
2020-04-03,biomass_burning,meteorology,-1.8074554197841763,-1.3673787527443793,-3.50237554842829,-0.32754137589973453,False
2020-04-04,biomass_burning,meteorology,-2.502605228374051,-2.126208067850122,-5.210634962785299,-0.581821666561126,False
2020-04-05,biomass_burning,meteorology,-1.8271052560222358,-1.0495025280180954,-3.669531900478688,-0.7929241164383569,False
2020-04-06,biomass_burning,meteorology,-2.0657243639945975,-1.750521072099616,-4.95294624012412,-1.136700804029907,False
2020-04-07,biomass_burning,meteorology,-2.0575197681799366,-1.7829034393425474,-5.006475517089299,-1.1660523095668154,False
2020-04-08,biomass_burning,meteorology,-2.0868712737168096,-1.877169751399272,-5.100741829146003,-1.1367008040299211,False
2020-04-09,biomass_burning,meteorology,-1.9416706849851977,-5.121344048332624,-8.530694654379154,-1.4676799210613325,False
2020-04-10,biomass_burning,meteorology,-2.252794293831357,-4.734812240144791,-8.161778844985406,-1.174172311009258,False
2020-04-11,biomass_burning,meteorology,-2.3331691570851163,-1.8289515323704393,-5.391911022064768,-1.2297903326092126,False
2020-04-12,biomass_burning,meteorology,-2.270215374126572,-1.7964833615255955,-5.325840573798274,-1.2591418381461068,False
2020-04-13,biomass_burning,meteorology,-2.604746536323688,-2.1513055953860274,-5.857595317168759,-1.1015431854590432,False
2020-04-14,biomass_burning,meteorology,-2.659786052266554,-1.2984859366666228,-4.943077357363293,-0.9848053684301163,False
2020-04-15,biomass_burning,meteorology,-2.5781184865509132,-1.173791684442321,-4.726250496452877,-0.974340325459643,False
2020-04-16,biomass_burning,meteorology,-2.4648611998957364,-0.04630973661976867,-3.2840730637489983,-0.7729021272334933,False
2020-04-17,biomass_burning,meteorology,-2.578941841701969,-0.4528126850232681,-3.766773263755063,-0.7350187370298258,False
2020-04-18,biomass_burning,meteorology,-2.846609533813016,-0.02426806198013054,-3.428615466816673,-0.5577378710235266,False
2020-04-19,biomass_burning,meteorology,-2.8816070658643014,-0.012593239939469925,-3.422601718493972,-0.5284014126902008,False
2020-04-20,biomass_burning,meteorology,-2.8498982372847195,-0.08230299790545814,-3.4699442829733655,-0.5377430477831879,False
2020-04-21,biomass_burning,meteorology,-2.833048585147637,-0.33463253279666816,-3.7054241657274716,-0.5377430477831666,False
2020-04-22,biomass_burning,meteorology,-2.8271851877157843,-0.9491991130915878,-4.3141273485905245,-0.5377430477831524,False
2020-04-23,biomass_burning,meteorology,-2.7964575604009667,-0.9491991130915665,-4.283399721275707,-0.5377430477831737,False
2020-04-24,biomass_burning,meteorology,-3.04714880524417,-0.11785595275312488,-3.3975523184118472,-0.23254756041455238,False
2020-04-25,biomass_burning,meteorology,-3.2036587948831823,0.20612055709379007,-3.132227143862231,-0.13468890607283868,False
2020-04-26,biomass_burning,meteorology,-3.1363169137110987,0.3264868954239404,-2.9672726987607803,-0.15744268047362198,False
2020-04-27,biomass_burning,meteorology,-3.269817078382765,0.5572919325556285,-2.8982253799913806,-0.1857002341642442,False
2020-04-28,biomass_burning,meteorology,-3.0809427269409895,0.2610189621163741,-3.071078930205907,-0.25115516538129157,False
2020-04-29,biomass_burning,meteorology,-3.4093869276444195,-0.1831466720533541,-3.8104046519633457,-0.21787105226557202,False
2020-04-30,biomass_burning,meteorology,-3.251584416727013,0.48415308217685293,-2.972409353518735,-0.20497801896857482,False
2020-05-01,biomass_burning,meteorology,-3.083670604222469,0.06516726858808397,-3.4749411639289463,-0.45643782829456114,False
2020-05-02,biomass_burning,meteorology,-3.2168141416432547,0.24679729465119493,-3.3625996525928556,-0.39258280560079584,False
2020-05-03,biomass_burning,meteorology,-3.2612550245424075,-0.17979929766907077,-3.6649195786242927,-0.22386525641281452,False
2020-05-04,biomass_burning,meteorology,-3.0559121858196505,-0.24035591892226904,-3.629419811468466,-0.3331517067265466,False
2020-05-05,biomass_burning,meteorology,-3.3592706857565275,-0.3372160747363324,-3.7190501272669323,-0.022563366774072335,False
2020-05-06,biomass_burning,meteorology,-2.9220256332250685,0.24270855138608027,-3.0493334324910606,-0.3700163506520724,False
2020-05-07,biomass_burning,meteorology,-3.427290246744988,0.331217075360847,-3.18060102538729,-0.08452785400314866,False
2020-05-08,biomass_burning,meteorology,-3.2915176526614616,0.17028142607111363,-3.234065978765429,-0.11282975217508096,False
2020-05-09,biomass_burning,meteorology,-3.303113431064766,0.5120953258403205,-2.875545959227587,-0.08452785400314156,False
2020-05-10,biomass_burning,meteorology,-3.4948445683627725,0.5032993206839436,-3.196685530424503,-0.20514028274567409,False
2020-05-11,biomass_burning,meteorology,-3.3283574933632707,0.2895136464449024,-3.2384149912883586,-0.19957114436999035,False
2020-05-12,biomass_burning,meteorology,-3.348416779495203,0.44641226385807187,-3.0843910239820147,-0.18238650834488368,False
2020-05-13,biomass_burning,meteorology,-3.4552490991276343,0.6351552378584415,-2.9046217152723273,-0.08452785400313445,False
2020-05-14,biomass_burning,meteorology,-3.7336112834363746,0.31340806406154087,-3.223494238962381,0.19670898041245266,False
2020-05-15,biomass_burning,meteorology,-3.567570339499582,0.6111379719789625,-3.040960221523754,-0.08452785400313445,False
2020-05-16,biomass_burning,meteorology,-3.4284411156874555,0.6609697231760308,-2.851999246514559,-0.08452785400313445,False
2020-05-17,biomass_burning,meteorology,-3.0233022026172307,0.48573123542851704,-2.7727822359327234,-0.23521126874400977,False
2020-05-18,biomass_burning,meteorology,-3.279154171310452,0.5144637945410651,-2.868736700573244,-0.10404632380385692,False
2020-05-19,biomass_burning,meteorology,-3.4495880254096747,0.5977876861519817,-2.9363281932608416,-0.08452785400314866,False
2020-05-20,biomass_burning,meteorology,-3.2838617221635573,0.41485363809922404,-3.1042193528083573,-0.23521126874402398,False
2020-05-21,biomass_burning,meteorology,-3.3393133523736083,0.653202077465167,-2.77063912891159,-0.08452785400314866,False
2020-05-22,biomass_burning,meteorology,-3.336000760800893,0.698888889198571,-2.721639725605449,-0.08452785400312735,False
2020-05-23,biomass_burning,meteorology,-3.0942931716693636,-3.064244544848428,-6.5103066645098835,-0.3517689479920918,False
2020-05-24,biomass_burning,meteorology,-3.4014591257322024,0.41136504075186764,-3.0336230753471014,-0.04352899036676661,False
2020-05-25,biomass_burning,meteorology,-2.8641766614030573,0.5100690832382,-2.5893188469088884,-0.2352112687440311,False
2020-05-26,biomass_burning,meteorology,-3.270880040688553,0.45641365346498475,-2.9491552932963714,-0.13468890607280315,False
2020-05-27,biomass_burning,meteorology,-3.2674275082677156,0.5692386479312361,-2.832877766409297,-0.13468890607281736,False
2020-05-28,biomass_burning,meteorology,-3.59029049899042,0.7140035323788112,-2.8652632630718884,0.011023703539720486,False
2020-05-29,biomass_burning,meteorology,-3.487518619839726,0.7615654533451135,-2.7442809684918146,-0.018327801997202187,False
2020-05-30,biomass_burning,meteorology,-3.446110891572019,0.6568182779803919,-2.790956261729697,-0.001663648138070073,False
2020-05-31,biomass_burning,meteorology,-3.6257475403607273,0.5766721650449398,-2.985327218239256,0.0637481570765317,False
2020-06-01,biomass_burning,meteorology,-3.8835722856612875,0.07647968979504327,-3.355526890642878,0.45156570522336636,False
2020-06-02,biomass_burning,meteorology,-4.454658768835095,-1.1475154984560731,-5.144984645668309,0.4571896216228595,False
2020-06-03,biomass_burning,meteorology,-0.22328385725235478,1.1924237371635655,0.8276364975506141,-0.14150338236059667,False
2020-06-04,biomass_burning,meteorology,0.015420428667425767,1.4712168682748086,1.6383208330962589,0.15168353615402452,False
2020-06-05,biomass_burning,meteorology,0.05967612929138966,1.6265530976028373,1.8379127630483083,0.15168353615408137,False
2020-06-06,biomass_burning,meteorology,0.07215031874406463,1.4945366690314046,1.7183705239295222,0.15168353615405294,False
2020-06-07,biomass_burning,meteorology,0.044341000424381605,1.4630449618356778,1.6590694984140981,0.15168353615403873,False
2020-06-08,biomass_burning,meteorology,-0.5999646237111023,0.8016587070258225,0.5135279948872267,0.3118339115725064,False
2020-06-09,biomass_burning,meteorology,-0.11723225555495276,1.612739149051336,1.7925046673380365,0.29699777384165316,False
2020-06-10,biomass_burning,meteorology,0.0517661848308677,1.8212079105355201,2.1019327128212666,0.22895861745487878,False
2020-06-11,biomass_burning,meteorology,0.0838633200143164,1.6485778254101717,1.9613997628793527,0.22895861745486457,False
2020-06-12,biomass_burning,meteorology,0.044217546739787394,1.7613725162362641,2.0345486804309303,0.22895861745487878,False
2020-06-13,biomass_burning,meteorology,0.044217546739801605,1.7378381064646788,2.011014270659331,0.22895861745485035,False
2020-06-14,biomass_burning,meteorology,-0.04257333617093195,1.7722743857139562,1.9586596669978888,0.22895861745486457,False
2020-06-15,biomass_burning,meteorology,-0.3818536526424907,1.4876407825899207,1.3071897631904221,0.20140263324299212,False
2020-06-16,biomass_burning,meteorology,-0.10635590621670588,1.7375508829473318,1.8601535941854621,0.22895861745483614,False
2020-06-17,biomass_burning,meteorology,-0.1607834211115744,1.8026901872578946,1.8433093993893266,0.20140263324300633,False
2020-06-18,biomass_burning,meteorology,-0.07727508130081162,1.780745984992251,1.9048735369344456,0.20140263324300633,False
2020-06-19,biomass_burning,meteorology,0.035559975178514946,1.8924639877084815,2.156982580341875,0.22895861745487878,False
2020-06-20,biomass_burning,meteorology,0.048695714424610514,1.8369522637256495,2.1146065956051245,0.22895861745486457,False
2020-06-21,biomass_burning,meteorology,-0.2693468388819582,1.4231718648111382,1.3552276591721863,0.20140263324300633,False
2020-06-22,biomass_burning,meteorology,-0.11251790779895998,1.698612685345978,1.8272184049729816,0.2411236274259636,False
2020-06-23,biomass_burning,meteorology,-0.060322724163327734,1.8246053534607967,1.965685262540461,0.20140263324299212,False
2020-06-24,biomass_burning,meteorology,0.06091656976944648,1.7961001918185957,2.0584193948310485,0.20140263324300633,False
2020-06-25,biomass_burning,meteorology,0.08872588808912951,1.9617154758660575,2.2518439971981934,0.20140263324300633,False
2020-06-26,biomass_burning,meteorology,0.06091656976944648,1.7778888919169447,2.0402080949293975,0.20140263324300633,False
2020-06-27,biomass_burning,meteorology,0.06091656976944648,1.7208563535337333,1.983175556546172,0.20140263324299212,False
2020-06-28,biomass_burning,meteorology,0.03530664107069015,1.6721820966631782,1.9088913709768747,0.20140263324300633,False
2020-06-29,biomass_burning,meteorology,0.03530664107069015,1.7607502635141685,1.9974595378278508,0.20140263324299212,False
2020-06-30,biomass_burning,meteorology,0.03530664107071857,1.7522294653078916,1.9889387396215739,0.2014026332429637,False
2020-07-01,biomass_burning,meteorology,0.0965830239102985,1.9148471423889362,2.1355577182414294,0.12412755194219471,False
2020-07-02,biomass_burning,meteorology,-0.013065754398041918,1.8161525709561914,1.9455141749383102,0.14242735838016074,False
2020-07-03,biomass_burning,meteorology,-0.5910331463995675,1.2464527033186172,0.43020362222705444,-0.2252159346919953,False
2020-07-04,biomass_burning,meteorology,-1.444913930356094,0.2591994201552126,-1.11105560121905,0.07465890898183147,False
2020-07-05,biomass_burning,meteorology,-1.2508959541700193,0.7725938952686136,-0.10812574993975943,0.3701763089616463,False
2020-07-06,biomass_burning,meteorology,-0.3451918410724275,1.6248409487190898,1.5001213164295777,0.2204722087829154,False
2020-07-07,biomass_burning,meteorology,-0.30617404963837913,1.8017515020574066,1.716049661201943,0.2204722087829154,False
2020-07-08,biomass_burning,meteorology,-1.821509743503384,3.1070349196671287,0.6187420680384079,-0.6667831081253368,False
2020-07-09,biomass_burning,meteorology,-1.6874090536401951,3.6205700444065343,1.9280928136894389,-0.0050681770769003265,False
2020-07-10,biomass_burning,meteorology,-2.171318238688471,4.279729373746207,1.6224642540120797,-0.4859468810456562,False
2020-07-11,biomass_burning,meteorology,-0.12838679927042307,4.246407352174252,3.504669543641441,-0.613351009262388,False
2020-07-12,biomass_burning,meteorology,-0.22392673966777465,3.8375124003841137,3.4638199113999164,-0.14976574931642261,False
2020-07-13,biomass_burning,meteorology,-0.14552618492562885,2.961109490256405,2.886914630955289,0.07133132562451294,False
2020-07-14,biomass_burning,meteorology,-0.4625645491897217,1.7444212693196093,1.4865920103712753,0.2047352902413877,False
2020-07-15,biomass_burning,meteorology,-0.7866010612262357,1.7537553847179694,1.3613788873614467,0.39422456386971305,False
2020-07-16,biomass_burning,meteorology,-0.13884330780254572,2.3611884638006444,2.4267673301187997,0.20442217412070107,False
2020-07-17,biomass_burning,meteorology,-0.2112433423179212,2.301827434415735,2.2568549151856345,0.16627082308782093,False
2020-07-18,biomass_burning,meteorology,-0.19084943137336552,2.92547964341459,2.853830566016647,0.1192003539754225,False
2020-07-19,biomass_burning,meteorology,-0.34240820648567905,4.217954470830442,3.401385869836872,-0.4741603945078907,False
2020-07-20,biomass_burning,meteorology,-0.27299804892089696,3.5865586188269774,3.3959169435288246,0.08235637362274417,False
2020-07-21,biomass_burning,meteorology,-0.06956420554264753,3.681659709476449,3.6771584335337693,0.06506292959996784,False
2020-07-22,biomass_burning,meteorology,-0.20679387887453515,3.641038441507,3.6206232560466205,0.1863786934141558,False
2020-07-23,biomass_burning,meteorology,-0.04556004890585541,3.4408980547618455,3.7199313136726246,0.32459330781663454,False
2020-07-24,biomass_burning,meteorology,-0.09499335090523431,3.9124446337858743,4.025430158854917,0.2079788759742769,False
2020-07-25,biomass_burning,meteorology,-0.03922532521271194,3.878125497740733,4.064172492525067,0.2252723199970461,False
2020-07-26,biomass_burning,meteorology,-0.02193188118993561,4.1956725927769085,4.261730863334435,0.08799015174746216,False
2020-07-27,biomass_burning,meteorology,-0.0949933509052201,3.8239642016611413,3.885985084660774,0.15701423390485303,False
2020-07-28,biomass_burning,meteorology,-0.05685473875279001,3.8385487821986572,3.885446942851871,0.10375289940600396,False
2020-07-29,biomass_burning,meteorology,-0.24291991476226116,4.33475921472197,3.4784882906973067,-0.6133510092624022,False
2020-07-30,biomass_burning,meteorology,-0.10171024110259452,4.16279778135771,4.031310515165522,-0.02977702508959368,False
2020-07-31,biomass_burning,meteorology,-0.5569095021651194,5.167024683612851,4.075780204635521,-0.534334976812211,False
2020-08-01,biomass_burning,meteorology,-0.35513861722083817,6.174675021812355,5.642314642270733,-0.17722176232078368,False
2020-08-02,biomass_burning,meteorology,0.017399489345422126,6.01891801618256,6.0363175055279825,0.0,False
2020-08-03,biomass_burning,meteorology,-0.017523368217425173,6.261831227259798,6.244307859042372,0.0,False
2020-08-04,biomass_burning,meteorology,0.016951679474182413,6.208142653757058,6.2250943332312545,1.4210854715202004e-14,False
2020-08-05,biomass_burning,meteorology,0.14787760908068748,6.271311071644263,5.8780800263830315,-0.5411086543419188,False
2020-08-06,biomass_burning,meteorology,-0.2792193071160156,6.558749591596204,5.7132497443301915,-0.5662805401499966,False
2020-08-07,biomass_burning,meteorology,-0.3673428562384231,5.106480468461044,4.155563628049833,-0.5835739841727872,False
2020-08-08,biomass_burning,meteorology,-0.3217627071175073,4.548172990038765,4.226410282921265,7.105427357601002e-15,False
2020-08-09,biomass_burning,meteorology,-0.07802917385645713,4.633936553654536,4.555907379798086,7.105427357601002e-15,False
2020-08-10,biomass_burning,meteorology,0.10030956339723929,4.691359200561891,4.61223937997984,-0.17942938397928998,False
2020-08-11,biomass_burning,meteorology,-7.105427357601002e-15,4.441852942749804,4.492817584819221,0.05096464206942386,False
2020-08-12,biomass_burning,meteorology,-0.0768788913593923,4.100347384647115,4.133513083273819,0.11004458998609579,False
2020-08-13,biomass_burning,meteorology,-0.05718400572678917,4.2401532338305685,4.153982165497773,-0.028987062606006475,False
2020-08-14,biomass_burning,meteorology,-0.015113074511539537,4.750948279479957,4.105980714166847,-0.62985449080157,False
2020-08-15,biomass_burning,meteorology,0.01739948934541502,4.10927506707916,4.131358691865216,0.004684135440641057,False
2020-08-16,biomass_burning,meteorology,0.06591327343835474,4.239059040738134,4.352121779447984,0.04714946527149522,False
2020-08-17,biomass_burning,meteorology,-0.1266043417788083,4.117187756262041,4.119645760765685,0.12906234628245272,False
2020-08-18,biomass_burning,meteorology,-0.12246048649249985,3.9854240020521274,3.9209089854991035,0.05794546993947591,False
2020-08-19,biomass_burning,meteorology,-0.036757670823739375,4.089479668722305,4.15719525618568,0.10447325828711485,False
2020-08-20,biomass_burning,meteorology,-0.0768788913593923,0.7492043325442026,0.7302709111242862,0.05794546993947591,False
2020-08-21,biomass_burning,meteorology,-0.03516684549015281,5.696703110573196,5.719481735022512,0.05794546993946881,False
2020-08-22,biomass_burning,meteorology,0.026111860325038094,6.600896149352003,6.101379495443716,-0.5256285142333255,False
2020-08-23,biomass_burning,meteorology,0.08277213144715745,4.7159211433656765,4.916397518605926,0.11770424379309219,False
2020-08-24,biomass_burning,meteorology,0.17211704873586342,4.2142023426497275,4.462490751500745,0.07617136011515413,False
2020-08-25,biomass_burning,meteorology,-0.5520657376613869,3.9092081331064534,3.5547646946825537,0.1976222992374872,False
2020-08-26,biomass_burning,meteorology,-1.4040751971531193,2.4647359261132635,1.357667677699851,0.2970069487397069,False
2020-08-27,biomass_burning,meteorology,-1.1201518296405695,0.8665882161763818,-0.013823373593609745,0.2397402398705779,False
2020-08-28,biomass_burning,meteorology,0.1489807793463669,3.8771059137742725,4.162932026609234,0.13684533348859418,False
2020-08-29,biomass_burning,meteorology,0.12967634851546705,3.8963149212497115,4.162836603253773,0.13684533348859418,False
2020-08-30,biomass_burning,meteorology,-1.4396258617335604,3.334587512139514,2.318864185549181,0.4239025351432275,False
2020-08-31,biomass_burning,meteorology,-1.2247524974312824,3.3623767629135273,2.3726321880851913,0.23500792260294645,False
2020-09-01,biomass_burning,meteorology,-0.8031062987473305,3.4274910489606825,2.8356103056550666,0.21122555544171462,False
2020-09-02,biomass_burning,meteorology,-0.45521178551359043,3.015943273937218,2.3118413793637274,-0.24889010905990006,False
2020-09-03,biomass_burning,meteorology,-0.06338264749951605,3.3503220518677566,3.3663679127929313,0.07942850842469085,False
2020-09-04,biomass_burning,meteorology,-0.018507468471867128,3.5717119564304767,3.6521514661840513,0.09894697822544174,False
2020-09-05,biomass_burning,meteorology,-0.20235619584303777,3.621848212961531,3.517506549191026,0.09801453207253275,False
2020-09-06,biomass_burning,meteorology,-0.28398355367067296,3.767967226175614,3.5647047605547044,0.08072108804976352,False
2020-09-07,biomass_burning,meteorology,-0.654719480543811,3.565286274444233,3.181090271699155,0.27052347779873287,False
2020-09-08,biomass_burning,meteorology,-0.44581729236615075,4.1506722989276525,3.607223285604938,-0.09763172095656358,False
2020-09-09,biomass_burning,meteorology,-0.3516420764503394,4.038806881292963,3.6138718682711612,-0.07329293657146252,False
2020-09-10,biomass_burning,meteorology,-1.029793128992047,5.005145612888398,3.424957608606654,-0.5503948752896974,False
2020-09-11,biomass_burning,meteorology,-1.9641700744111645,5.014573084552929,3.2578278710056168,0.2074248608638527,False
2020-09-12,biomass_burning,meteorology,-2.179668261409951,4.939376518596724,2.97362204118906,0.2139137840022869,False
2020-09-13,biomass_burning,meteorology,-1.756028793995597,4.391439295387691,2.986943148743805,0.35153264735171064,False
2020-09-14,biomass_burning,meteorology,-1.5387899623501937,4.412670565092554,3.0556234350556153,0.1817428323132546,False
2020-09-15,biomass_burning,meteorology,-0.9638844907236717,4.837306723840953,4.031382698269304,0.15796046515202278,False
2020-09-16,biomass_burning,meteorology,-0.038863759878672965,5.186135296281627,5.3383349197239625,0.19106338332100847,False
2020-09-17,biomass_burning,meteorology,-0.08408082756252355,5.204196425032023,5.310246534637606,0.19013093716810658,False
2020-09-18,biomass_burning,meteorology,-0.13887218817605884,5.41308130052353,5.346576351066744,0.07236723871927353,False
2020-09-19,biomass_burning,meteorology,-0.0290119922408536,4.323951388147435,4.585301470046417,0.2903620741398356,False
2020-09-20,biomass_burning,meteorology,-0.04330307413051315,3.96372526836749,4.018810735903649,0.09838854166667232,False
2020-09-21,biomass_burning,meteorology,-1.050308752819305,3.908435777458209,3.128854242790112,0.27072721815120815,False
2020-09-22,biomass_burning,meteorology,-1.488510961482767,3.5447120763582305,2.3832376012105314,0.3270364863350679,False
2020-09-23,biomass_burning,meteorology,-0.8777796003147884,4.143066698960425,3.589024659750784,0.3237375611051476,False
2020-09-24,biomass_burning,meteorology,0.036460280317314187,3.792231244474813,4.156880731532851,0.32818920674072416,False
2020-09-25,biomass_burning,meteorology,-0.041048919453125166,5.454568510674463,5.0425169680186315,-0.37100262320270616,False
2020-09-26,biomass_burning,meteorology,-0.08443086081246065,4.769626746791772,4.914793340056384,0.22959745407707288,False
2020-09-27,biomass_burning,meteorology,-0.12495071268009639,3.7772112646981526,3.298913312085972,-0.3533472399320843,False
2020-09-28,biomass_burning,meteorology,-0.08645776722535459,1.486629123045681,1.676945324332415,0.2767739685120887,False
2020-09-29,biomass_burning,meteorology,-0.04881753340877992,0.3041790375614042,0.5783501448916866,0.3229886407390623,False
2020-09-30,biomass_burning,meteorology,0.03975334461063085,0.45718678216113773,0.688661259994511,0.19172113322274242,False
2020-10-01,biomass_burning,meteorology,-0.18414596287091456,-0.7664279190143901,-0.6696722705024953,0.28090161138280934,False
2020-10-02,biomass_burning,meteorology,1.1470451887248032,-0.8388576398673706,0.32558703820288315,0.017399489345450547,False
2020-10-03,biomass_burning,meteorology,0.9689841262714083,-0.8110399239963613,0.1753436916204265,0.017399489345379493,False
2020-10-04,biomass_burning,meteorology,1.1367029833053408,-0.4864439942514025,0.6502589890539383,0.0,False
2020-10-05,biomass_burning,meteorology,1.5777409607585469,0.24234838803914727,1.8200893487976941,0.0,False
2020-10-06,biomass_burning,meteorology,-1.2402648168329051,-1.2291470034226393,-2.4694118202555444,0.0,False
2020-10-07,biomass_burning,meteorology,-0.48407853575210424,-1.203447115523602,-1.6875256512756494,5.684341886080802e-14,False
2020-10-08,biomass_burning,meteorology,0.34222403832922055,-0.5717065779756183,-0.22948253964636933,2.842170943040401e-14,False
2020-10-09,biomass_burning,meteorology,-0.376735641763446,-1.5838547483090508,-1.8925512336856798,0.06803915638681701,False
2020-10-10,biomass_burning,meteorology,-0.3655389876590789,-2.2094335336467736,-2.574972521305881,-2.842170943040401e-14,False
2020-10-11,biomass_burning,meteorology,-0.3611900469564375,-2.020070838096359,-2.381260885052882,-8.526512829121202e-14,False
2020-10-12,biomass_burning,meteorology,1.4652980121041423,-2.429652799450679,-0.8494450554118202,0.11490973193471632,False
2020-10-13,biomass_burning,meteorology,-1.420476486097897,-3.1074653174000844,-4.358856182582912,0.1690856209150695,False
2020-10-14,biomass_burning,meteorology,-0.9746140064669362,-3.6297102992164127,-4.435238684768336,0.16908562091501267,False
2020-10-15,biomass_burning,meteorology,-1.4163846842627663,-3.515869569661106,-4.763168633008888,0.16908562091498425,False
2020-10-16,biomass_burning,meteorology,-1.4741521830925137,-2.5896766679803136,-3.8947432301578147,0.16908562091501267,False
2020-10-17,biomass_burning,meteorology,-1.7424027544513763,-2.411372204484877,-4.092399800309181,0.061375158627072324,False
2020-10-18,biomass_burning,meteorology,-0.5437546361507088,-0.6306551365048279,-1.0923735962880698,0.08203617636746685,False
2020-10-19,biomass_burning,meteorology,-0.6248619249197134,0.2172204700073621,-0.2469046535448456,0.16073680136750568,False
2020-10-20,biomass_burning,meteorology,-0.8741742033401181,-0.4116446482720164,-1.1250820502447425,0.160736801367392,False
2020-10-21,biomass_burning,meteorology,-1.2482561134796697,-0.5756732597286884,-1.4191660035277494,0.4047633696806088,False
2020-10-22,biomass_burning,meteorology,-2.3207031080386287,-1.4931942287816753,-3.274045936836643,0.5398513999836609,False
2020-10-23,biomass_burning,meteorology,-3.4508554391332495,-1.1750796835031565,-3.755925569641562,0.8700095529948442,False
2020-10-24,biomass_burning,meteorology,-6.749064543975464,-1.2560352539250061,-7.252698823336971,0.7524009745634999,False
2020-10-25,biomass_burning,meteorology,-3.865738212608221,-0.5851222241146274,-3.943282743675667,0.5075776930471818,False
2020-10-26,biomass_burning,meteorology,-0.9815159490066208,2.411522522649392,1.4042989092938,-0.025707664348971093,False
2020-10-27,biomass_burning,meteorology,-2.140218398837277,1.2194055670928776,-0.69761616709701,0.2231966646473893,False
2020-10-28,biomass_burning,meteorology,-1.5912669984690524,-1.5015984490960648,-2.50860950790954,0.5842559396555771,False
2020-10-29,biomass_burning,meteorology,-2.5670091902538275,-1.3296808689004536,-3.032302484928209,0.8643875742260718,False
2020-10-30,biomass_burning,meteorology,-2.4189226380548803,-0.6693869505634211,-2.9669058463609304,0.12140374225737105,False
2020-10-31,biomass_burning,meteorology,-16.59034971771436,-3.4136220857270985,-19.138284309650317,0.8656874937911425,False
2020-11-01,biomass_burning,meteorology,-50.82801327331333,-8.587086272086509,-55.68285957324528,3.7322399721545594,True
2020-11-02,biomass_burning,meteorology,-20.479325832885024,-1.9924198487267972,-22.683667527776066,-0.2119218461642447,False
2020-11-03,biomass_burning,meteorology,-13.585501989672082,-1.9341916537510997,-15.084238701710547,0.435454941712635,False
2020-11-04,biomass_burning,meteorology,-11.316053336091557,-1.7396473864408222,-12.72167295168805,0.33402777084432955,False
2020-11-05,biomass_burning,meteorology,-14.421142616728673,-1.7992373640256574,-16.076098848565437,0.14428113218889393,False
2020-11-06,biomass_burning,meteorology,-8.492518107164813,3.6082594319694863,-4.9020071418430575,-0.01774846664773122,False
2020-11-07,biomass_burning,meteorology,-1.6621056050266816,5.810500294363749,3.2564938503209078,-0.8919008390161594,False
2020-11-08,biomass_burning,meteorology,-1.6737622822063827,4.886846279544102,2.32118315832156,-0.8919008390161594,False
2020-11-09,biomass_burning,meteorology,-2.592767643264949,5.930507665534265,2.5345400667712283,-0.8031999554980871,False
2020-11-10,biomass_burning,meteorology,-2.4698188366949694,3.175674822689018,0.3106540970247238,-0.39520188896932495,False
2020-11-11,biomass_burning,meteorology,-3.459413151745707,1.0387092049202806,-2.131942155933814,0.2887617908916127,False
2020-11-12,biomass_burning,meteorology,-2.8012210281694934,0.9975495053275267,-1.8149923124075258,-0.011320789565559153,False
2020-11-13,biomass_burning,meteorology,-3.038137623986472,5.502705431548122,2.2735390180488935,-0.1910287895127567,False
2020-11-14,biomass_burning,meteorology,-1.1993543484059046,7.123156338243746,5.120602034339754,-0.8031999554980871,False
2020-11-15,biomass_burning,meteorology,-1.03663169861386,7.618978468259854,5.779146814147964,-0.8031999554980302,False
2020-11-16,biomass_burning,meteorology,-0.8030445214134261,6.778369363116667,5.542608138761011,-0.43271670294222986,False
2020-11-17,biomass_burning,meteorology,-2.5210966530733003,0.4963506504590214,-1.9464180081764084,0.07832799443787053,False
2020-11-18,biomass_burning,meteorology,-1.1057551273055992,1.9871850467018248,0.6394165530209079,-0.24201336637531767,False
2020-11-19,biomass_burning,meteorology,-1.2156318234718242,1.7088787183026852,0.1776605461100189,-0.3155863487208421,False
2020-11-20,biomass_burning,meteorology,-4.0420649822852965,0.7877752531436499,-3.6573522368689737,-0.4030625077273271,False
2020-11-21,biomass_burning,meteorology,-4.122984871633548,0.6329550547272902,-3.9288827480851864,-0.43885293117892843,False
2020-11-22,biomass_burning,meteorology,-0.6627720385117755,1.8788995688988734,0.9893984935407616,-0.22672903684633638,False
2020-11-23,biomass_burning,meteorology,-0.8986034350865566,2.4538022999009854,1.122757814981128,-0.4324410498333009,False
2020-11-24,biomass_burning,meteorology,-2.2168865556121773,0.40713702505587435,-1.9356996679480858,-0.12595013739178285,False
2020-11-25,biomass_burning,meteorology,-3.4768758855959163,0.3120978668044927,-3.2907281561831496,-0.125950137391726,False
2020-11-26,biomass_burning,meteorology,-4.016595409810975,0.1626274792487834,-3.890269283950488,-0.03630135338829632,False
2020-11-27,biomass_burning,meteorology,-1.7147557341695006,-0.43831746224498147,-1.994524953028474,0.15854824338600793,False
2020-11-28,biomass_burning,meteorology,-0.8352084610481825,1.175075827301157,0.2139172288611917,-0.12595013739178285,False
2020-11-29,biomass_burning,meteorology,-0.8884285987812177,-0.09207966274891533,-1.001225415238821,-0.020717153708687874,False
2020-11-30,biomass_burning,meteorology,-0.4345715071456766,-0.2409332977512122,-0.606573174602147,0.06893163029474181,False
2020-12-01,biomass_burning,meteorology,-0.5914304358996105,-0.9653865118991689,-1.6506507853461585,-0.09383383754737906,False
2020-12-02,biomass_burning,meteorology,0.07061148172732601,0.7327671247570606,0.7826614527755851,-0.02071715370880156,False
2020-12-03,biomass_burning,meteorology,0.11555146413508055,-0.7454598530873682,-0.560976758657489,0.06893163029479865,False
2020-12-04,biomass_burning,meteorology,0.1591094894056937,-0.562733515148409,-0.43992537913095475,-0.03630135338823948,False
2020-12-05,biomass_burning,meteorology,0.8893491171281767,0.05666539481495647,0.7511327442567222,-0.19488176768641097,False
2020-12-06,biomass_burning,meteorology,0.11822695978355569,0.18109693730275467,0.20967511308271014,-0.08964878400360021,False
2020-12-07,biomass_burning,meteorology,0.35854913423486323,0.43776472364970687,0.7066650738810836,-0.08964878400348653,False
2020-12-08,biomass_burning,meteorology,0.4165289280634852,0.07781077479017995,0.4736225491449204,-0.020717153708744718,False
2020-12-09,biomass_burning,meteorology,0.5757630320993599,4.767232113301134,5.0403669172708305,-0.30262822812966306,False
2020-12-10,biomass_burning,meteorology,-0.18869148563686622,3.12026619467008,3.367685752175589,0.43611104314237537,False
2020-12-11,biomass_burning,meteorology,0.37642355330183364,5.026492172635244,5.121004651516216,-0.2819110744208615,False
2020-12-12,biomass_burning,meteorology,0.6962776287543875,6.074852507389835,6.399570277719874,-0.371559858424348,False
2020-12-13,biomass_burning,meteorology,0.029292596019104167,2.653555975986478,2.2890386347577305,-0.39380993724785185,False
2020-12-14,biomass_burning,meteorology,0.33196195946356966,-0.8282285053783198,-0.5970454453693037,-0.10077889945455354,False
2020-12-15,biomass_burning,meteorology,-0.06673328048287885,-1.3339544510520795,-1.4325350006947133,-0.03184726915975489,False
2020-12-16,biomass_burning,meteorology,0.18193964452439104,-1.6358392204639927,-1.5546784753940983,-0.1007788994544967,False
2020-12-17,biomass_burning,meteorology,-0.5412974734569502,-2.4340703426325945,-3.080331769087991,-0.10496395299844608,False
2020-12-18,biomass_burning,meteorology,0.06923500704078833,-1.4146302296890099,-1.4461741221027182,-0.1007788994544967,False
2020-12-19,biomass_burning,meteorology,-0.2547962465952196,-2.582604432078938,-2.95372328457654,-0.11632260590238275,False
2020-12-20,biomass_burning,meteorology,0.47917156407504535,-0.6788169445507606,-0.4561587132319005,-0.25651333275618526,False
2020-12-21,biomass_burning,meteorology,0.14386768219173973,-0.7243769657829944,-0.5115776532965128,0.06893163029474181,False
2020-12-22,biomass_burning,meteorology,-0.2230071184242206,-0.6104028781676902,-0.8783806806171128,-0.04497068402520199,False
2020-12-23,biomass_burning,meteorology,1.8399005927797702,-0.9376709785098001,1.344661609123591,0.44243199485362084,False
2020-12-24,biomass_burning,meteorology,2.9153238721544312,-0.774863345257927,1.9369094285729034,-0.20355109832360085,False
2020-12-25,biomass_burning,meteorology,0.10648552208090223,-0.1431022361486498,-0.03661671406763389,1.1368683772161603e-13,False
2020-12-26,biomass_burning,meteorology,-0.12424947791907925,0.18925867129490825,0.065009193375829,0.0,False
2020-12-27,biomass_burning,meteorology,1.174495922799622,5.527077209186643,6.427879945143502,-0.2736931868427632,False
2020-12-28,biomass_burning,meteorology,0.009543986930850679,-0.5453720145677039,-0.5358280276369101,-5.684341886080802e-14,False
2020-12-29,biomass_burning,meteorology,0.07521645065907023,-0.31659412038777646,-0.17244603943396442,0.06893163029474181,False
2020-12-30,biomass_burning,meteorology,0.1341838437772367,-0.6624497905321505,-0.752932010351401,-0.22466606359648722,False
2020-12-31,biomass_burning,meteorology,-0.19013825952379193,-1.0865189132427986,-1.3774360722210304,-0.10077889945443985,False
2021-01-01,biomass_burning,meteorology,1.1292353752120903,-1.4035585410018712,1.4790577575414545,1.7533809233312354,False
2021-01-02,biomass_burning,meteorology,1.6951463973433079,-2.621232189890236,0.7583635004895086,1.6844492930364368,False
2021-01-03,biomass_burning,meteorology,0.9894254393861956,-3.260156748715019,-0.5173503859976449,1.7533809233311786,False
2021-01-04,biomass_burning,meteorology,2.1377493684633464,-0.8653040082392636,1.888815693304025,0.6163703330799422,False
2021-01-05,biomass_burning,meteorology,1.5095910811699014,-1.216815240077608,0.14702625761242416,-0.14574958347986922,False
2021-01-06,biomass_burning,meteorology,-0.05600083450212878,-2.6469117714390222,-2.734759875100849,-0.031847269159698044,False
2021-01-07,biomass_burning,meteorology,0.5153686733486893,-1.5418243650880186,-1.2152616535424272,-0.18880596180309794,False
2021-01-08,biomass_burning,meteorology,-0.18779390165866516,-3.4038660589949927,-3.522728330358916,0.06893163029474181,False
2021-01-09,biomass_burning,meteorology,-0.06710040337230794,-3.682487484246394,-3.5830792855663276,0.1665086020523745,False
2021-01-10,biomass_burning,meteorology,0.04155607388617,-3.8192944843373766,-4.199367113991457,-0.42162870354025017,False
2021-01-11,biomass_burning,meteorology,0.5560876160042767,-3.0863019476202567,-2.9433348773675903,-0.4131205457516103,False
2021-01-12,biomass_burning,meteorology,0.1349154699720998,-4.717529038460839,-4.821569500262569,-0.23895593177383034,False
2021-01-13,biomass_burning,meteorology,-0.22477981247658363,-5.928024398058824,-6.253583109989904,-0.1007788994544967,False
2021-01-14,biomass_burning,meteorology,-0.5007297200844505,-5.965526326262875,-6.567034945801936,-0.10077889945461038,False
2021-01-15,biomass_burning,meteorology,-0.24190522398214398,-6.955958366772336,-7.387302880495611,-0.18943928974113078,False
2021-01-16,biomass_burning,meteorology,-0.7081553629379869,-5.936072619322601,-6.636251398199477,0.00797658406111168,False
2021-01-17,biomass_burning,meteorology,0.7905756105633372,-3.3841047899009595,-2.707431493657907,-0.11390231432028486,False
2021-01-18,biomass_burning,meteorology,-0.2628264693843221,-5.828450336108062,-6.0223451751976995,0.06893163029468496,False
2021-01-19,biomass_burning,meteorology,0.10751805777636037,-4.753331888032392,-4.447457959043902,0.1983558712121294,False
2021-01-20,biomass_burning,meteorology,-0.3262844125253537,-4.1200172734947955,-4.403941692198771,0.04235999382137834,False
2021-01-21,biomass_burning,meteorology,0.9675572222049027,-4.009889132856188,-3.1562342249713993,-0.11390231432011433,False
2021-01-22,biomass_burning,meteorology,-0.30590502009573584,-5.910622285055126,-6.030332033551758,0.18619527159910376,False
2021-01-23,biomass_burning,meteorology,0.47875117829778446,-4.6358910166240435,-4.157161618176872,-2.1779850612801965e-05,False
2021-01-24,biomass_burning,meteorology,-0.1601556678608631,-5.024701256403318,-5.184856924264295,-1.1368683772161603e-13,False
2021-01-25,biomass_burning,meteorology,0.2640403946041374,-4.629126138974243,-4.166729873157976,0.1983558712121294,False
2021-01-26,biomass_burning,meteorology,-0.7382319077490251,-7.409521018355747,-8.151937979648665,-0.004185053543892536,False
2021-01-27,biomass_burning,meteorology,-0.16671720580296778,-7.357901142064179,-7.432785715378543,0.09183263248860385,False
2021-01-28,biomass_burning,meteorology,-0.17239096602509107,-1.2369595618806102,-1.4842541753886849,-0.07490364748298362,False
2021-01-29,biomass_burning,meteorology,0.06152971299144383,-1.69129721183009,-1.6297674988385893,5.684341886080802e-14,False
2021-01-30,biomass_burning,meteorology,0.3428106569290321,-3.8974318465454303,-1.3308456129287833,2.223775576687615,True
2021-01-31,biomass_burning,meteorology,1.1309500694054009,-3.1346205383455867,0.08390813805044672,2.0875786069906326,True
2021-02-01,biomass_burning,meteorology,2.025459344498586,1.0945778025157438,4.682581643038304,1.5625444960239747,False
2021-02-02,biomass_burning,meteorology,2.337340691554232,-0.8953084369707653,1.8600921990537245,0.41805994447025796,False
2021-02-03,biomass_burning,meteorology,1.970945977755889,1.4677431449152323,3.363785475188081,-0.07490364748304046,False
2021-02-04,biomass_burning,meteorology,-0.4285203731804472,0.6869410845641539,0.4183108635157282,0.1598901521320215,False
2021-02-05,biomass_burning,meteorology,-0.2243521112725375,0.48694291932864076,0.3439440182237661,0.08135321016766284,False
2021-02-06,biomass_burning,meteorology,-0.8276825210926404,0.756181321963453,0.08838895300280569,0.1598901521319931,False
2021-02-07,biomass_burning,meteorology,-0.39011390617997677,1.6206775686795254,1.390453814631627,0.15989015213207836,False
2021-02-08,biomass_burning,meteorology,-0.7889334228351004,0.2848240358960652,-0.42275617677125865,0.08135321016777652,False
2021-02-09,biomass_burning,meteorology,-0.4918895262815113,-0.2158242829374899,-0.6263605990511394,0.08135321016786179,False
2021-02-10,biomass_burning,meteorology,-0.6773291526605476,0.23554283411499455,-0.28189616641353155,0.1598901521320215,False
2021-02-11,biomass_burning,meteorology,-1.1490113844382677,-0.1980704048471864,-1.187191637153461,0.1598901521319931,False
2021-02-12,biomass_burning,meteorology,-0.6560136388410456,0.3918332916597933,-0.1828271370135326,0.08135321016771968,False
2021-02-13,biomass_burning,meteorology,-0.8613379886495522,0.1995858361318028,-0.5803989423499445,0.08135321016780495,False
2021-02-14,biomass_burning,meteorology,0.6865603932410522,-0.5617851988484972,0.20612840456024628,0.08135321016769126,False
2021-02-15,biomass_burning,meteorology,1.5302094646265232,-0.36820044143598807,1.24336223335834,0.08135321016780495,False
2021-02-16,biomass_burning,meteorology,-0.6683116866525154,-0.5718068273939139,-1.1587653038787096,0.08135321016771968,False
2021-02-17,biomass_burning,meteorology,0.2647793923536028,-0.1444794251096937,0.20165317741165723,0.0813532101677481,False
2021-02-18,biomass_burning,meteorology,1.8961237898541015,0.20233035095540686,2.1026098596397844,0.0041557188302761006,False
2021-02-19,biomass_burning,meteorology,2.3571461873191595,0.529183397967131,2.8119483621522647,-0.07438122313402573,False
2021-02-20,biomass_burning,meteorology,3.660649156783478,0.47828253408903265,4.077032850779517,-0.06189884009299362,False
2021-02-21,biomass_burning,meteorology,4.22398792511251,0.4232831940559265,4.647271119168437,0.0,False
2021-02-22,biomass_burning,meteorology,1.1247696461979046,0.48074096248245723,1.6055106086803903,2.842170943040401e-14,False
2021-02-23,biomass_burning,meteorology,0.6392006906598624,-1.298765707365959,-0.7074986997417909,-0.04793368303569423,False
2021-02-24,biomass_burning,meteorology,0.21597270139201896,1.6901470442466575,2.066009897770755,0.15989015213207836,False
2021-02-25,biomass_burning,meteorology,0.41878368241535213,1.668354921782452,2.131267843631349,0.04412923943354485,False
2021-02-26,biomass_burning,meteorology,0.7622023662834181,2.0542646190422147,2.8164669853255475,-8.526512829121202e-14,False
2021-02-27,biomass_burning,meteorology,0.5868270602252608,2.3713888270214056,3.0367528292109682,0.07853694196430183,False
2021-02-28,biomass_burning,meteorology,0.2525744900753182,2.8094243967764214,3.22257200518348,0.16057311833174026,False
2021-03-01,biomass_burning,meteorology,0.48118942993662017,2.7903167240766606,3.2715061540132524,-2.842170943040401e-14,False
2021-03-02,biomass_burning,meteorology,0.40979345991999594,1.7842852098162183,2.194078669736186,-2.842170943040401e-14,False
2021-03-03,biomass_burning,meteorology,0.02081742855430946,-0.39717408292847267,-0.3763566543741774,-1.4210854715202004e-14,False
2021-03-04,biomass_burning,meteorology,0.37272464389675974,0.5974471589639592,0.9977277870725914,0.027555984211872442,False
2021-03-05,biomass_burning,meteorology,0.40919153377774364,0.05937245660611268,0.49611997459572876,0.027555984211872442,False
2021-03-06,biomass_burning,meteorology,0.0409450575657786,0.41837292699804607,0.4593179845638389,1.4210854715202004e-14,False
2021-03-07,biomass_burning,meteorology,-0.07252255950548658,0.5490835626667092,0.5721561437598979,0.09559514059867524,False
2021-03-08,biomass_burning,meteorology,0.09693776627122475,1.2380961974036495,1.4030731200616486,0.06803915638677438,False
2021-03-09,biomass_burning,meteorology,0.1968137958977536,1.5843531297943372,1.888927076261865,0.10776015056977428,False
2021-03-10,biomass_burning,meteorology,0.22087345854419027,1.8396391477313045,2.060512606275495,0.0,False
2021-03-11,biomass_burning,meteorology,0.0622577293417379,1.813098348976908,1.8753560783186316,-1.4210854715202004e-14,False
2021-03-12,biomass_burning,meteorology,0.0,1.7289477595562488,1.728947759556263,1.4210854715202004e-14,False
2021-03-13,biomass_burning,meteorology,-0.12475196777643305,1.6564695461869121,1.5714385725934221,0.03972099418294306,False
2021-03-14,biomass_burning,meteorology,-0.1259760311592828,1.6703187965037927,1.5443427653445099,0.0,False
2021-03-15,biomass_burning,meteorology,-0.1499996595740214,1.8438480829164092,1.7618875797291622,0.06803915638677438,False
2021-03-16,biomass_burning,meteorology,0.13210537186091642,1.8766053021028029,2.076749830350508,0.06803915638678859,False
2021-03-17,biomass_burning,meteorology,-0.06095876836357661,1.6283373408931823,1.6354177289163943,0.06803915638678859,False
2021-03-18,biomass_burning,meteorology,0.17407587194222174,0.8308690096823597,1.0049448816245814,0.0,False
2021-03-19,biomass_burning,meteorology,-0.006774545790548814,1.7042105312055327,1.6974359854149839,0.0,False
2021-03-20,biomass_burning,meteorology,-0.0678082117494796,1.8785821671872611,1.8504949496207672,0.03972099418298569,False
2021-03-21,biomass_burning,meteorology,-0.06903227513225829,1.8176873328717988,1.7486550577395263,-1.4210854715202004e-14,False
2021-03-22,biomass_burning,meteorology,0.11258172237150177,1.987360396129688,2.099942118501204,1.4210854715202004e-14,False
2021-03-23,biomass_burning,meteorology,-0.03646688988095548,1.8289352753299681,1.7924683854490269,1.4210854715202004e-14,False
2021-03-24,biomass_burning,meteorology,0.11258172237150177,1.8155940623706073,1.928175784742109,0.0,False
2021-03-25,biomass_burning,meteorology,0.08100945586568287,1.6186840856152003,1.7677326978676717,0.06803915638678859,False
2021-03-26,biomass_burning,meteorology,0.05599270870543194,1.6473829075766986,1.7714147726689191,0.06803915638678859,False
2021-03-27,biomass_burning,meteorology,0.0761126631554987,1.782012224122525,1.8581248872780094,-1.4210854715202004e-14,False
2021-03-28,biomass_burning,meteorology,0.1768579305721545,1.7468758657604866,1.923733796332641,0.0,False
2021-03-29,biomass_burning,meteorology,-0.07727508130084004,1.8466855688476187,1.8466855688476187,0.07727508130084004,False
2021-03-30,biomass_burning,meteorology,0.1655081560126206,1.9536302045700893,2.1466943447945823,0.027555984211872442,False
2021-03-31,biomass_burning,meteorology,0.019752101331548033,1.0958186450871352,1.2396982983608638,0.1241275519421805,False
2021-04-01,biomass_burning,meteorology,-0.03646688988094127,1.575610094093875,1.6632707561551001,0.12412755194216629,False
2021-04-02,biomass_burning,meteorology,-0.0026817865198012214,1.644117900670949,1.837788826441539,0.1963527122903912,False
2021-04-03,biomass_burning,meteorology,0.1384449851780829,1.6440976713421662,1.934226192674302,0.15168353615405294,False
2021-04-04,biomass_burning,meteorology,0.046710301711925695,1.6448481562417214,1.8156860098958276,0.1241275519421805,False
2021-04-05,biomass_burning,meteorology,0.1384449851780687,1.7490368546466186,2.0391653759787545,0.15168353615406716,False
2021-04-06,biomass_burning,meteorology,0.035559975178500736,1.717620532566201,1.9821391251995806,0.22895861745487878,False
2021-04-07,biomass_burning,meteorology,-0.060322724163341945,1.9094178571612588,2.050497766240909,0.20140263324299212,False
2021-04-08,biomass_burning,meteorology,0.06116990387724286,1.7425878860212833,2.032716407353419,0.228958617454893,False
2021-04-09,biomass_burning,meteorology,0.1384449851780829,1.674560526845923,1.9646890481780446,0.15168353615403873,False
2021-04-10,biomass_burning,meteorology,0.06741554189061105,1.8639296558115745,2.1276979099925626,0.19635271229037699,False
2021-04-11,biomass_burning,meteorology,0.1029436421024883,1.969395949300818,2.301298208858185,0.22895861745487878,False
2021-04-12,biomass_burning,meteorology,0.0731856975280607,1.8301219623727434,2.1322662773556544,0.22895861745485035,False
2021-04-13,biomass_burning,meteorology,0.0731856975280607,1.8301219623727434,2.1322662773556544,0.22895861745485035,False
2021-04-14,biomass_burning,meteorology,0.1185428403851887,1.8081592662942683,2.1556607241343357,0.22895861745487878,False
2021-04-15,biomass_burning,meteorology,0.11854284038520291,1.9017378805601055,2.249239338400173,0.22895861745486457,False
2021-04-16,biomass_burning,meteorology,0.11854284038521712,1.735661095295967,2.0831625531360203,0.22895861745483614,False
2021-04-17,biomass_burning,meteorology,0.1483007849596305,1.899828248313554,2.277087650728049,0.22895861745486457,False
2021-04-18,biomass_burning,meteorology,0.25313185047230036,1.870628479775874,2.247887882190369,0.12412755194219471,False
2021-04-19,biomass_burning,meteorology,0.10142964846070868,1.882715056389074,2.2302165142291273,0.24607180937934459,False
2021-04-20,biomass_burning,meteorology,0.14609882459706114,2.10473262421543,2.452234082055469,0.2014026332429779,False
2021-04-21,biomass_burning,meteorology,0.14609882459706114,1.759948567726525,2.1074500255665924,0.20140263324300633,False
2021-04-22,biomass_burning,meteorology,0.1787047297615203,2.0297738262819536,2.3772752841219926,0.16879672807851875,False
2021-04-23,biomass_burning,meteorology,0.11427200525011472,1.8629438551419355,2.17356857268247,0.19635271229041962,False
2021-04-24,biomass_burning,meteorology,0.04405671195277705,1.8030301621792546,2.0931586835113904,0.2460718093793588,False
2021-04-25,biomass_burning,meteorology,0.09377580904170202,1.7210217050546959,2.0111502263868317,0.19635271229043383,False
2021-04-26,biomass_burning,meteorology,0.09092784845169888,1.9617206208687037,2.281607086775267,0.22895861745486457,False
2021-04-27,biomass_burning,meteorology,0.09092784845169888,1.8487879310599311,2.1686743969665088,0.22895861745487878,False
2021-04-28,biomass_burning,meteorology,0.09092784845168467,2.042538769676895,2.3624252355834727,0.228958617454893,False
2021-04-29,biomass_burning,meteorology,0.0611699038772997,1.7315342330087304,2.021662754340852,0.22895861745482193,False
2021-04-30,biomass_burning,meteorology,0.09092784845169888,1.8385943322921747,2.158480798198738,0.22895861745486457,False
2021-05-01,biomass_burning,meteorology,0.15308835265336995,1.8309426678277134,2.2129896379359764,0.228958617454893,False
2021-05-02,biomass_burning,meteorology,0.12333040807895657,1.8577454661637773,2.2100344916975985,0.22895861745486457,False
2021-05-03,biomass_burning,meteorology,0.12333040807894236,1.8117915339560966,2.1640805594899035,0.22895861745486457,False
2021-05-04,biomass_burning,meteorology,0.15308835265338416,1.700198083521414,2.082245053629677,0.22895861745487878,False
2021-05-05,biomass_burning,meteorology,0.06116990387724286,1.8463690124260665,2.1364975337582024,0.228958617454893,False
2021-05-06,biomass_burning,meteorology,0.06116990387727128,2.020251197692815,2.310379719024951,0.22895861745486457,False
2021-05-07,biomass_burning,meteorology,0.06116990387727128,1.942803969259785,2.2329324905919066,0.22895861745485035,False
2021-05-08,biomass_burning,meteorology,0.46395245279957464,1.9394780810183647,2.6323891512727897,0.22895861745485035,False
2021-05-09,biomass_burning,meteorology,0.035559975178500736,2.0164650176466523,2.280983610280032,0.22895861745487878,False
2021-05-10,biomass_burning,meteorology,-0.3043874270340723,1.2948229204629058,1.30226940500134,0.3118339115725064,False
2021-05-11,biomass_burning,meteorology,0.06116990387724286,1.8779236329380637,2.1680521542701996,0.228958617454893,False
2021-05-12,biomass_burning,meteorology,0.08872588808914372,2.044753604078096,2.3348821254101892,0.2014026332429495,False
2021-05-13,biomass_burning,meteorology,0.11848383266358553,1.8248138848707782,2.1447003507773417,0.2014026332429779,False
2021-05-14,biomass_burning,meteorology,0.1384449851780687,1.8939427170998044,2.1840712384319403,0.15168353615406716,False
2021-05-15,biomass_burning,meteorology,0.06116990387727128,1.9509558071203514,2.2410843284524873,0.22895861745486457,False
2021-05-16,biomass_burning,meteorology,0.09067451434388829,2.0507591778181933,2.3428363254050737,0.20140263324299212,False
2021-05-17,biomass_burning,meteorology,0.08872588808914372,1.963704100220383,2.253832621552476,0.2014026332429495,False
2021-05-18,biomass_burning,meteorology,-0.07585081070304511,1.7687155079180314,1.9218233146698367,0.22895861745485035,False
2021-05-19,biomass_burning,meteorology,0.1682029297525105,2.0950874763762073,2.4149739422827707,0.15168353615405294,False
2021-05-20,biomass_burning,meteorology,0.1682029297525247,1.7104608327013437,2.0303472986079214,0.15168353615405294,False
2021-05-21,biomass_burning,meteorology,0.1384449851780687,1.6858808521566289,1.9760093734887647,0.15168353615406716,False
2021-05-22,biomass_burning,meteorology,0.1384449851780829,1.7646259342340755,2.0547544555662114,0.15168353615405294,False
2021-05-23,biomass_burning,meteorology,0.046258672315332205,1.610697476796929,1.9305839427034783,0.27362779359121703,False
2021-05-24,biomass_burning,meteorology,0.01650072774091882,1.724588412703909,2.014716934036045,0.27362779359121703,False
2021-05-25,biomass_burning,meteorology,0.06116990387727128,1.601696364884802,1.8918248862169378,0.22895861745486457,False
2021-05-26,biomass_burning,meteorology,0.06116990387727128,1.4737899024981118,1.7639184238302477,0.22895861745486457,False
2021-05-27,biomass_burning,meteorology,0.06116990387727128,1.5610246041140385,1.8511531254461744,0.22895861745486457,False
2021-05-28,biomass_burning,meteorology,0.09092784845169888,1.5614369834046755,1.8813234493112532,0.22895861745487878,False
2021-05-29,biomass_burning,meteorology,0.06116990387727128,1.610159755973001,1.9002882773051368,0.22895861745486457,False
2021-05-30,biomass_burning,meteorology,0.06116990387727128,1.7155500020569292,2.005678523389065,0.22895861745486457,False
2021-05-31,biomass_burning,meteorology,0.06116990387725707,1.631587611074508,1.9217161324066439,0.22895861745487878,False
2021-06-01,biomass_burning,meteorology,0.006683743162994915,1.5761052625777694,1.8117476231956147,0.22895861745485035,False
2021-06-02,biomass_burning,meteorology,-0.021125575156716536,1.404038489329011,1.6118715316271732,0.22895861745487878,False
2021-06-03,biomass_burning,meteorology,0.006683743162980704,1.4871419441196991,1.7227843047375444,0.22895861745486457,False
2021-06-04,biomass_burning,meteorology,0.006430409055155906,1.5799539384961463,1.7877869807942943,0.20140263324299212,False
2021-06-05,biomass_burning,meteorology,0.05044593702719169,1.5799539384961463,1.8318025087663443,0.20140263324300633,False
2021-06-06,biomass_burning,meteorology,-0.019179519643586218,1.4963164266199414,1.6785395402193615,0.20140263324300633,False
2021-06-07,biomass_burning,meteorology,-1.200257164187164,1.3897939748825507,0.7218342476451767,0.5322974369497899,False
2021-06-08,biomass_burning,meteorology,0.03530664107071857,1.6081042122004305,1.844813486514127,0.2014026332429779,False
2021-06-09,biomass_burning,meteorology,-0.14657111397451672,2.0364502539204494,2.1188377574008115,0.22895861745487878,False
2021-06-10,biomass_burning,meteorology,-0.07727508130079741,1.641132784031683,1.7652603359738634,0.2014026332429779,False
2021-06-11,biomass_burning,meteorology,-0.023821609647001196,1.5343983025551466,1.8075744667498128,0.29699777384166737,False
2021-06-12,biomass_burning,meteorology,0.08823307471180897,1.668391342294072,1.9855830344607597,0.22895861745487878,False
2021-06-13,biomass_burning,meteorology,-0.03449982940225027,1.369446722498239,1.6319446669376703,0.2969977738416816,False
2021-06-14,biomass_burning,meteorology,-0.023821609647001196,1.5144081955029804,1.7875843596976324,0.29699777384165316,False
2021-06-15,biomass_burning,meteorology,-0.20103393033177497,1.6802336714171844,1.664234972955967,0.18503523187055748,False
2021-06-16,biomass_burning,meteorology,0.08823307471182318,1.7385544306686427,1.9316185708931215,0.10483106551265564,False
2021-06-17,biomass_burning,meteorology,-0.0011624181453413485,1.6631117228500898,1.7392243860055885,0.07727508130084004,False
2021-06-18,biomass_burning,meteorology,0.044217546739801605,1.6092144415189296,1.7582630537713726,0.10483106551264143,False
2021-06-19,biomass_burning,meteorology,-0.07727508130081162,1.584758332046846,1.584758332046846,0.07727508130081162,False
2021-06-20,biomass_burning,meteorology,-0.08593265286208407,1.5355100741445824,1.5268525025833242,0.07727508130082583,False
2021-06-21,biomass_burning,meteorology,-0.11374197118178131,1.529131973442901,1.4926650835619455,0.07727508130082583,False
2021-06-22,biomass_burning,meteorology,0.007750656858831917,1.6108683289799615,1.7234500513514774,0.10483106551268406,False
2021-06-23,biomass_burning,meteorology,0.007750656858817706,1.576597853875512,1.6891795762470139,0.10483106551268406,False
2021-06-24,biomass_burning,meteorology,-0.08593265286208407,1.4673156527724274,1.5827856331533496,0.20140263324300633,False
2021-06-25,biomass_burning,meteorology,0.06116990387725707,1.5153214848510004,1.8054500061831362,0.22895861745487878,False
2021-06-26,biomass_burning,meteorology,0.07430564312335264,1.3760474979228974,1.6793117585011288,0.22895861745487878,False
2021-06-27,biomass_burning,meteorology,-0.08813204248301076,1.440310223309723,1.5535808140697043,0.20140263324299212,False
2021-06-28,biomass_burning,meteorology,0.048695714424596304,1.2978413787502063,1.5754957106296814,0.22895861745487878,False
2021-06-29,biomass_burning,meteorology,-0.03809516848612304,1.560946482747866,1.7518099317166218,0.22895861745487878,False
2021-06-30,biomass_burning,meteorology,0.048695714424610514,1.6936701277211625,1.9713244596006376,0.22895861745486457,False
2021-07-01,biomass_burning,meteorology,0.1624376856063776,2.1200858417124238,2.4342070634728543,0.15168353615405294,False
2021-07-02,biomass_burning,meteorology,0.14051561487335107,1.6206913980583124,1.8964775990831697,0.13527058615150622,False
2021-07-03,biomass_burning,meteorology,-0.5154283626126173,0.8306140781063647,0.5088066939142664,0.19362097842051895,False
2021-07-04,biomass_burning,meteorology,-0.2805487223020364,0.9628141860376402,0.693852634282166,0.01158717054656222,False
2021-07-05,biomass_burning,meteorology,0.1691768780850893,0.9022528136209118,1.1397793056819623,0.06834961397596118,False
2021-07-06,biomass_burning,meteorology,0.1499656254036168,1.2293223067284273,1.4294116559323484,0.050123723800304276,False
2021-07-07,biomass_burning,meteorology,0.08485887248900781,1.363639206575698,1.371331472261673,-0.07716660680303278,False
2021-07-08,biomass_burning,meteorology,-0.12075124371143886,0.8669813848417647,0.781789441002779,0.03555929987245321,False
2021-07-09,biomass_burning,meteorology,-1.4348551243237182,1.4508532148810929,-0.5820436062761658,-0.5980416968335405,False
2021-07-10,biomass_burning,meteorology,-1.655187473705766,0.8676322727665706,-0.5350639925156031,0.2524912084235922,False
2021-07-11,biomass_burning,meteorology,-0.8629840266026392,1.100311147811631,0.32276136107004305,0.08543423986105125,False
2021-07-12,biomass_burning,meteorology,-0.335837889809504,1.2093687802440982,0.952535631518252,0.07900474108365785,False
2021-07-13,biomass_burning,meteorology,-0.2393115789269018,1.6168990115086288,1.3353108698134974,-0.04227656276822955,False
2021-07-14,biomass_burning,meteorology,-0.33242158007822553,1.4721941486351469,1.3485087214755964,0.2087361529186751,False
2021-07-15,biomass_burning,meteorology,-0.24692159756223475,2.5079334327163565,2.060305428773937,-0.2007064063801849,False
2021-07-16,biomass_burning,meteorology,-0.22320613438958503,3.459817657054245,3.1138168805845936,-0.1227946420800663,False
2021-07-17,biomass_burning,meteorology,-0.29388875985862484,3.445176683646558,3.186264102106975,0.03497617831904165,False
2021-07-18,biomass_burning,meteorology,-0.4018817942280748,3.375145593722408,3.0418753160713976,0.06861151657706444,False
2021-07-19,biomass_burning,meteorology,-0.3514870940031969,3.730955910990083,3.2808199757130723,-0.09864884127381401,False
2021-07-20,biomass_burning,meteorology,-0.21725458939540943,4.2321622601038555,3.4004063591672278,-0.6145013115412183,False
2021-07-21,biomass_burning,meteorology,-0.7533896632009558,3.759111114571816,3.1708155058255727,0.1650940544547126,False
2021-07-22,biomass_burning,meteorology,-1.105314108752566,3.9859678338488322,2.89513544629569,0.014481721199423703,False
2021-07-23,biomass_burning,meteorology,-0.47089829718927234,3.7000814423205313,3.4554848643848928,0.22630171925363385,False
2021-07-24,biomass_burning,meteorology,-0.03957535846267035,3.7461827184836167,3.9087488010936227,0.2021414410726763,False
2021-07-25,biomass_burning,meteorology,0.07509914585956778,3.8423404936726655,3.937512439530593,0.02007279999835987,False
2021-07-26,biomass_burning,meteorology,-0.07759386155979797,1.9821834133221259,1.837412379427633,-0.067177172334695,False
2021-07-27,biomass_burning,meteorology,-0.055474532061069226,5.346293219359438,5.360923683213258,0.07010499591488895,False
2021-07-28,biomass_burning,meteorology,-0.021931881189942715,5.2380306619190975,5.367298874287933,0.15120009355877784,False
2021-07-29,biomass_burning,meteorology,0.021450060169399876,5.17984795561874,5.335472016239919,0.13417400045177885,False
2021-07-30,biomass_burning,meteorology,0.02145006016940698,5.0663729671732085,5.377164351876566,0.28934132453395023,False
2021-07-31,biomass_burning,meteorology,-0.23648139742272178,4.894429111793563,4.964315132011798,0.3063674176409563,False
2021-08-01,biomass_burning,meteorology,-0.11857426353876122,5.196427291162131,5.285831903597646,0.2079788759742769,False
2021-08-02,biomass_burning,meteorology,-0.11736054439182197,5.102492435785756,5.193110767368211,0.2079788759742769,False
2021-08-03,biomass_burning,meteorology,-0.30152945958258215,5.8176646891664845,5.1969737911101745,-0.3191614384737278,False
2021-08-04,biomass_burning,meteorology,-0.2653623315948579,5.108947690871375,5.051564235250808,0.2079788759742911,False
2021-08-05,biomass_burning,meteorology,-0.11415885353488164,5.110022823283941,5.167874955247285,0.17201098549822547,False
2021-08-06,biomass_burning,meteorology,0.09561364682291185,5.507660039512082,5.605263751689883,0.0019900653548887703,False
2021-08-07,biomass_burning,meteorology,-0.11736054439180776,6.331711617438614,5.632623998696701,-0.5817270743501055,False
2021-08-08,biomass_burning,meteorology,-0.026154636819420318,6.476238149925962,5.820229022304957,-0.6298544908015842,False
2021-08-09,biomass_burning,meteorology,0.045673146256447694,5.67557335211221,5.710485325938343,-0.010761172430314048,False
2021-08-10,biomass_burning,meteorology,0.0263558482523365,5.849362386031196,5.882699062153584,0.006980827870052053,False
2021-08-11,biomass_burning,meteorology,0.1547175593904342,5.535017060806766,5.71494133824293,0.02520671804573027,False
2021-08-12,biomass_burning,meteorology,0.17211704873586342,5.781850787058509,5.976877861410692,0.022910025616319274,False
2021-08-13,biomass_burning,meteorology,0.14787760908068748,5.333153985257731,5.528181059609892,0.0471494652714739,False
2021-08-14,biomass_burning,meteorology,0.01739948934542923,5.129737080781062,5.151820705567118,0.0046841354406268465,False
2021-08-15,biomass_burning,meteorology,-0.07863588305426816,3.2976870522856743,3.250815513005378,0.03176434377397186,False
2021-08-16,biomass_burning,meteorology,0.043580615510919074,2.808162077307884,2.8835070365927677,0.031764343773964754,False
2021-08-17,biomass_burning,meteorology,-0.40331631455735817,2.4645351364829793,2.166066787494451,0.10484796556882969,False
2021-08-18,biomass_burning,meteorology,-1.489234437880775,2.8828397642046397,1.6938121586272246,0.30020683230335976,False
2021-08-19,biomass_burning,meteorology,-1.6192117273212503,-0.11714175046144248,-1.489587258839066,0.24676621894362682,False
2021-08-20,biomass_burning,meteorology,-1.0783239838042675,3.328023908901905,2.5354802910589385,0.2857803659613012,False
2021-08-21,biomass_burning,meteorology,-0.126777515312952,2.5153990004494133,2.5290627175491593,0.140441232412698,False
2021-08-22,biomass_burning,meteorology,-0.07754794077981586,2.935136252685531,2.950026629053127,0.09243831714741191,False
2021-08-23,biomass_burning,meteorology,-0.12655683295999864,3.5619279698541746,3.5539905802070777,0.11861944331290175,False
2021-08-24,biomass_burning,meteorology,-0.37115068978425825,4.320717947437132,3.5286681976438103,-0.42089906000906296,False
2021-08-25,biomass_burning,meteorology,-0.05528132249553863,4.102170080225548,4.114248379759395,0.06735962202938595,False
2021-08-26,biomass_burning,meteorology,-0.7046098085140144,4.499064178257832,3.4294615100821133,-0.36499285966170447,False
2021-08-27,biomass_burning,meteorology,-0.00039879696223010797,3.8652573409811595,3.839685454825883,-0.025173089193046394,False
2021-08-28,biomass_burning,meteorology,-0.010544167332589893,3.431871298255267,3.5161427659564097,0.0948156350337328,False
2021-08-29,biomass_burning,meteorology,-0.6207606557702405,3.4132655689522764,2.910668270255556,0.1181633570735201,False
2021-08-30,biomass_burning,meteorology,-1.5795126074638972,3.7080501553198815,2.461578241464778,0.33304069360879396,False
2021-08-31,biomass_burning,meteorology,-0.9825946557998648,3.354418382982935,2.686868503701703,0.31504477651863283,False
2021-09-01,biomass_burning,meteorology,-1.082450520953465,3.7237979075734273,2.9312481502920846,0.28990076367212225,False
2021-09-02,biomass_burning,meteorology,-1.080174105364243,3.7902438175228284,2.8521763434185985,0.14210663126001322,False
2021-09-03,biomass_burning,meteorology,-0.845215740365191,4.021668853549954,3.3189376554645165,0.14248454227975316,False
2021-09-04,biomass_burning,meteorology,-0.3822293732929296,4.683285805734506,3.942649305011024,-0.3584071274305529,False
2021-09-05,biomass_burning,meteorology,0.21702675871526367,6.167138433603377,6.31450999701422,-0.06965519530442066,False
2021-09-06,biomass_burning,meteorology,0.13804485659667165,6.07646476192302,5.628007828770443,-0.5865017897492493,False
2021-09-07,biomass_burning,meteorology,-0.017293444022783433,5.831490822290988,6.086893597862527,0.272696219594323,False
2021-09-08,biomass_burning,meteorology,-0.05729005104944207,5.530773681597594,5.7288864061196705,0.25540277557151825,False
2021-09-09,biomass_burning,meteorology,0.05937585101000309,3.4908282919996907,3.644620981081232,0.09441683807153822,False
2021-09-10,biomass_burning,meteorology,-0.008248454655287674,3.1600331362668825,3.0991325871229876,-0.052652094488607304,False
2021-09-11,biomass_burning,meteorology,0.18168544627882,3.1932314059395566,3.4422534819565413,0.06733662973816479,False
2021-09-12,biomass_burning,meteorology,0.2851803017395227,2.790774383690696,3.1432913151683977,0.067336629738179,False
2021-09-13,biomass_burning,meteorology,0.18174073685331393,2.8553559608666887,3.051171992959368,0.01407529523936546,False
2021-09-14,biomass_burning,meteorology,0.09977431141471982,3.1000875311241813,3.2139371377782666,0.01407529523936546,False
2021-09-15,biomass_burning,meteorology,-0.4212137635245483,3.055273141622152,2.4949017104737763,-0.1391576676238273,False
2021-09-16,biomass_burning,meteorology,-0.034218460875820256,3.0696599342641164,3.0495167686276545,0.014075295239358354,False
2021-09-17,biomass_burning,meteorology,0.15397871466921487,2.4998560445620726,2.5695215128039806,-0.08431324642730686,False
2021-09-18,biomass_burning,meteorology,-0.33698250187723744,2.6104390087380764,2.1847009866920644,-0.08875552016877464,False
2021-09-19,biomass_burning,meteorology,0.4065459607996047,2.551236352230667,2.9267304011017714,-0.03105191192850043,False
2021-09-20,biomass_burning,meteorology,0.1589129708386352,2.817237026259562,2.945098085169704,-0.031051911928493325,False
2021-09-21,biomass_burning,meteorology,0.16398672030244654,2.6655930799131795,2.815821332309916,-0.013758467905709892,False
2021-09-22,biomass_burning,meteorology,-0.15996809041621418,2.4613462895513223,2.2487261046464866,-0.052652094488621515,False
2021-09-23,biomass_burning,meteorology,-1.0241866666566182,2.404827131124229,1.540615650868503,0.15997518640089226,False
2021-09-24,biomass_burning,meteorology,-0.7218481524254088,1.6730431022331231,1.1246423528097935,0.17344740300207917,False
2021-09-25,biomass_burning,meteorology,0.33741932956942833,1.7830042633254095,2.0893716809663445,-0.031051911928493325,False
2021-09-26,biomass_burning,meteorology,0.4225076904565981,2.061016347548687,2.452472126076792,-0.031051911928493325,False
2021-09-27,biomass_burning,meteorology,0.46255074552478703,1.1238397442622414,1.5553385778585493,-0.031051911928479115,False
2021-09-28,biomass_burning,meteorology,0.16607536351012442,-0.8218016547581115,-0.7322404452865285,-0.07651415403854145,False
2021-09-29,biomass_burning,meteorology,-0.08312154130772598,-1.116460028283278,-1.380012503883087,-0.18043093429208312,False
2021-09-30,biomass_burning,meteorology,0.188696298555044,-18.12322926569432,-18.18482868142499,-0.25029571428571273,False
2021-10-01,biomass_burning,meteorology,-2.7320943383888334,-19.96874486430555,-22.670655249069995,0.030183953624387527,False
2021-10-02,biomass_burning,meteorology,0.9495755231906173,-13.195770881790253,-11.987766190545443,0.25842916805419236,False
2021-10-03,biomass_burning,meteorology,-0.23198906932927343,-7.115351270404318,-7.3261559227616715,0.021184416971919973,False
2021-10-04,biomass_burning,meteorology,-0.8392416519054677,-1.9931453230176146,-2.832386974923054,2.842170943040401e-14,False
2021-10-05,biomass_burning,meteorology,0.6671238202273173,-0.36386512002229665,0.30325870020502066,0.0,False
2021-10-06,biomass_burning,meteorology,1.6732387182849493,-0.9132404799048857,0.6648369586181957,-0.09516127976186795,False
2021-10-07,biomass_burning,meteorology,0.996567365192476,-2.765053450509896,-1.8636473650793732,-0.09516127976195321,False
2021-10-08,biomass_burning,meteorology,-0.40814883115660905,-0.6349747282926614,-1.1382848392111953,-0.09516127976192479,False
2021-10-09,biomass_burning,meteorology,0.3292878470944345,0.571372673675171,0.9006605207696055,0.0,False
2021-10-10,biomass_burning,meteorology,0.3747907203214993,1.3766035520267224,1.6356333596498018,-0.11576091269841982,False
2021-10-11,biomass_burning,meteorology,-0.4847238004422252,-1.4652705502045649,-1.94999435064679,0.0,False
2021-10-12,biomass_burning,meteorology,-0.2639107488816421,0.007047617962484765,-0.37262404361757717,-0.11576091269841982,False
2021-10-13,biomass_burning,meteorology,0.25497813417493376,0.023911122498901705,0.27888925667383546,0.0,False
2021-10-14,biomass_burning,meteorology,0.21331710995539765,1.0903749410577177,1.3036920510130585,-5.684341886080802e-14,False
2021-10-15,biomass_burning,meteorology,0.11818762022750207,1.893918770553654,2.090643332745458,0.07853694196430183,False
2021-10-16,biomass_burning,meteorology,0.6793282882091773,-2.058633801189302,-1.373988352952722,0.005317160027402679,False
2021-10-17,biomass_burning,meteorology,0.9342847264733791,-0.11819079813380995,0.7139836997140776,-0.10211022862549157,False
2021-10-18,biomass_burning,meteorology,0.8903353163200904,-3.554960106422328,-2.643393880976646,0.02123090912559178,False
2021-10-19,biomass_burning,meteorology,1.4050713786352844,-0.3809616388279835,0.9603237004300524,-0.06378603937724847,False
2021-10-20,biomass_burning,meteorology,0.8231946765266116,-2.652377033021196,-1.8979551824880616,-0.06877282599347723,False
2021-10-21,biomass_burning,meteorology,1.1353134724745928,0.021980092584755084,1.0935075256821278,-0.06378603937722005,False
2021-10-22,biomass_burning,meteorology,0.7853254671732941,-3.0184775067048975,-2.1754542405250277,0.05769779900657568,False
2021-10-23,biomass_burning,meteorology,0.05547442376646927,0.06627309056949571,0.1635315642442947,0.041784049908329735,False
2021-10-24,biomass_burning,meteorology,0.28185931050026625,0.16031140636317787,0.4839547667718591,0.041784049908415,False
2021-10-25,biomass_burning,meteorology,0.2939328204425351,0.2508145795979715,0.4495861202786102,-0.09516127976189637,False
2021-10-26,biomass_burning,meteorology,-0.09541134972650411,-0.09820583504014735,-0.15183313485817962,0.04178404990847184,False
2021-10-27,biomass_burning,meteorology,0.2179343026336369,0.7625065175528505,0.885279540424591,-0.09516127976189637,False
2021-10-28,biomass_burning,meteorology,-0.42503889025945796,0.5590860693478135,0.3444626380255613,0.2104154589372058,False
2021-10-29,biomass_burning,meteorology,-1.6118108006258751,0.8906906209043939,-0.38933836633881924,0.331781813382662,False
2021-10-30,biomass_burning,meteorology,-10.420148607829361,2.002885589550175,-9.110617513587925,-0.6933544953087392,False
2021-10-31,biomass_burning,meteorology,-28.28559829735238,2.353678804822607,-27.385649391494212,-1.4537298989644398,False
2021-11-01,biomass_burning,meteorology,-36.90187895803584,0.14955438635792007,-36.06552981431156,0.6867947573663571,False
2021-11-02,biomass_burning,meteorology,-24.429937254387056,0.6192082423258682,-24.579209319927514,-0.7684803078663265,False
2021-11-03,biomass_burning,meteorology,-6.453420151932619,-1.2220422801559607,-8.028671131593285,-0.35320869950470524,False
2021-11-04,biomass_burning,meteorology,-6.5003366525085085,-0.1335842676318748,-6.766946437826846,-0.13302551768646254,False
2021-11-05,biomass_burning,meteorology,-5.9459733971896185,3.339448798779074,-3.1007565276290165,-0.49423192921847203,False
2021-11-06,biomass_burning,meteorology,-7.832648631458596,-1.2664915778576074,-8.883618172403771,0.2155220369124322,False
2021-11-07,biomass_burning,meteorology,-3.979161984826135,-1.2351374300985185,-5.1259461583735515,0.08835325655110182,False
2021-11-08,biomass_burning,meteorology,-1.7538917639508895,5.9596291099121,3.3890505921100953,-0.8166867538511156,False
2021-11-09,biomass_burning,meteorology,-1.5777689792078604,8.105172078150758,5.615453588493381,-0.9119495104495172,False
2021-11-10,biomass_burning,meteorology,-0.5067169463112577,7.4210117606256745,6.158372385624375,-0.7559224286900417,False
2021-11-11,biomass_burning,meteorology,-5.424401797849271,7.966897042635821,1.3752437844561882,-1.1672514603303625,False
2021-11-12,biomass_burning,meteorology,-27.458253748160416,1.0543229363174191,-26.30919696010855,0.09473385173444626,False
2021-11-13,biomass_burning,meteorology,-11.984888017990755,5.965028894157001,-7.219842680235331,-1.1999835564015768,False
2021-11-14,biomass_burning,meteorology,-11.14367157869924,1.097669081823426,-10.482876890358966,-0.4368743934831514,False
2021-11-15,biomass_burning,meteorology,-2.8453796231341357,-1.0501553049061272,-3.5816657977454156,0.3138691302948473,False
2021-11-16,biomass_burning,meteorology,-3.283925691494346,-1.1751271302906048,-4.234832475493647,0.22422034629130394,False
2021-11-17,biomass_burning,meteorology,-3.6419295491598973,-0.6956360492363274,-4.2492123418452366,0.08835325655098814,False
2021-11-18,biomass_burning,meteorology,-3.8631694864589576,-0.3676893388510507,-4.1425055687589065,0.08835325655110182,False
2021-11-19,biomass_burning,meteorology,-3.947163184803685,-0.8549973761025171,-4.624158520351557,0.1780020405546452,False
2021-11-20,biomass_burning,meteorology,-2.1227938165632168,-1.4412813326370042,-3.373410605969923,0.19066454323029802,False
2021-11-21,biomass_burning,meteorology,-2.423776853127265,-0.145815100506411,-2.5903091073424775,-0.02071715370880156,False
2021-11-22,biomass_burning,meteorology,-2.422002158869816,-0.39764757410733864,-2.8403668866857856,-0.02071715370863103,False
2021-11-23,biomass_burning,meteorology,-2.5444546767541283,0.1912531028903004,-2.2592893797464058,0.09391219411742213,False
2021-11-24,biomass_burning,meteorology,-2.502393583751484,0.2503827409976793,-2.1580986486364395,0.09391219411736529,False
2021-11-25,biomass_burning,meteorology,-1.6109720740163311,5.992974243809442,3.5788022142951377,-0.8031999554979734,False
2021-11-26,biomass_burning,meteorology,-1.7112434595586024,4.825679584680074,2.4064989262217296,-0.7079371988997423,False
2021-11-27,biomass_burning,meteorology,-0.22318530462013086,6.882198303172174,6.190932993863214,-0.4680800046888294,False
2021-11-28,biomass_burning,meteorology,0.22471399160667715,7.595829816723892,7.292564348790108,-0.527979459540461,False
2021-11-29,biomass_burning,meteorology,-0.733204832872616,7.221073749028335,6.339851251838411,-0.14801766431730812,False
2021-11-30,biomass_burning,meteorology,-0.5358414413946093,6.5540470932511425,5.9586880548614545,-0.05951759699507875,False
2021-12-01,biomass_burning,meteorology,-0.9834445495936848,6.0960347176718415,5.105277564531718,-0.007312603546438368,False
2021-12-02,biomass_burning,meteorology,-0.8739467065518056,1.5764690771540586,0.9012821755002278,0.19875980489797485,False
2021-12-03,biomass_burning,meteorology,3.1398879004649984,0.9219143861978978,4.130733916957695,0.06893163029479865,False
2021-12-04,biomass_burning,meteorology,3.4096035113915946,2.486294761741817,5.875181119424667,-0.020717153708744718,False
2021-12-05,biomass_burning,meteorology,-24.876389888768983,-2.6966516852667155,-25.958824848643758,1.614216725391941,False
2021-12-06,biomass_burning,meteorology,0.2917647072158047,1.618587374627566,1.9792837121381694,0.06893163029479865,False
2021-12-07,biomass_burning,meteorology,-5.347687557898496,1.8282918065822855,-3.4965241774410174,0.022871573875193008,False
2021-12-08,biomass_burning,meteorology,-0.10841253076210933,0.9232626703049505,0.8837817698375829,0.06893163029474181,False
2021-12-09,biomass_burning,meteorology,0.14753502933666596,-1.601885078782857,-1.3854184191513923,0.06893163029479865,False
2021-12-10,biomass_burning,meteorology,0.263060912163553,-2.1098405997032614,-1.7778480572449666,0.06893163029474181,False
2021-12-11,biomass_burning,meteorology,0.1065146196169735,-0.6425536572631358,-0.5360390376461055,5.684341886080802e-14,False
2021-12-12,biomass_burning,meteorology,0.38016776849673306,-0.0013593137816201306,0.3788084547151698,5.684341886080802e-14,False
2021-12-13,biomass_burning,meteorology,0.13988647546040056,-0.5055562446424346,-0.2967381388872923,0.06893163029474181,False
2021-12-14,biomass_burning,meteorology,0.606102745318708,-0.5386837932101685,0.0674189521084827,-5.684341886080802e-14,False
2021-12-15,biomass_burning,meteorology,0.6022664437766139,5.5497609295971415,6.161049776436869,0.009022403063113416,False
2021-12-16,biomass_burning,meteorology,0.41792020059494916,4.644842944643983,5.0416119608629515,-0.021151184375980847,False
2021-12-17,biomass_burning,meteorology,0.1435949032344297,-1.3088093262661005,-1.096282792736929,0.06893163029474181,False
2021-12-18,biomass_burning,meteorology,1.6245315125410116,-0.18016513712797178,1.3005310976352575,-0.14383527777778227,False
2021-12-19,biomass_burning,meteorology,-0.42600284375356523,-0.6698232735711827,-1.095826117324691,5.684341886080802e-14,False
2021-12-20,biomass_burning,meteorology,-0.07707561100875182,-0.37008469627016893,-0.3782286769841221,0.06893163029479865,False
2021-12-21,biomass_burning,meteorology,0.27402284261773957,-0.4053336124814564,-0.13131076986371681,0.0,False
2021-12-22,biomass_burning,meteorology,0.32072267725220627,0.2687852616188593,0.5895079388710087,-5.684341886080802e-14,False
2021-12-23,biomass_burning,meteorology,0.633348961968693,-0.37214345235406654,0.3301371399094819,0.0689316302948555,False
2021-12-24,biomass_burning,meteorology,-0.06132368695068635,-0.7277943314960567,-0.9448524517484316,-0.15573443330168857,False
2021-12-25,biomass_burning,meteorology,-0.4271789332560161,-0.39687144258925855,-0.7551187455505328,0.06893163029474181,False
2021-12-26,biomass_burning,meteorology,0.2530066735935179,-1.2618282782684673,-1.0537922887002082,-0.044970684025258834,False
2021-12-27,biomass_burning,meteorology,0.5951564366815774,-0.3931388887702383,0.20201754791133908,0.0,False
2021-12-28,biomass_burning,meteorology,0.8713603603501383,0.11750977410270025,0.9888701344528954,5.684341886080802e-14,False
2021-12-29,biomass_burning,meteorology,0.863979329471249,-0.2524292777036976,0.6115500517676082,5.684341886080802e-14,False
2021-12-30,biomass_burning,meteorology,0.7373126525694147,-1.0242806281515868,-0.2869679755821153,5.684341886080802e-14,False
2021-12-31,biomass_burning,meteorology,-0.011351942596434128,-0.31221430644814063,-0.25463461874983295,0.06893163029474181,False
2022-01-01,biomass_burning,meteorology,1.009876044522457,-1.4147193149244686,-0.4048432704020115,0.0,False
2022-01-02,biomass_burning,meteorology,0.05749675930832154,-1.1682413793321302,-1.110744620023695,1.1368683772161603e-13,False
2022-01-03,biomass_burning,meteorology,-0.02763569867482829,-1.8388124374347399,-1.8664481361095682,0.0,False
2022-01-04,biomass_burning,meteorology,-0.990719782853887,-1.7289351685052452,-2.723840004902968,-0.004185053543835693,False
2022-01-05,biomass_burning,meteorology,0.3931868785078336,-1.0591869874044733,-0.4870896521659347,0.17891045673070494,False
2022-01-06,biomass_burning,meteorology,1.4525273551100781,-2.074611272089328,0.391770991373221,1.0138549083524708,False
2022-01-07,biomass_burning,meteorology,2.0228075290391416,-1.9522162775664356,0.6887223954131514,0.6181311439404453,False
2022-01-08,biomass_burning,meteorology,0.4840499868032566,-1.6461284808491996,-1.2070491780712587,-0.04497068402531568,False
2022-01-09,biomass_burning,meteorology,0.3720235971044872,-0.6470053537739773,-0.36463054067303347,-0.08964878400354337,False
2022-01-10,biomass_burning,meteorology,-0.12652797267116966,-0.8918809995547576,-0.7511214707189993,0.26728750150692804,False
2022-01-11,biomass_burning,meteorology,-0.15619505402173672,-1.5205687550181324,-1.676763809039926,-5.684341886080802e-14,False
2022-01-12,biomass_burning,meteorology,-0.01826322769829858,-1.3765649670759785,-1.780155544926231,-0.38532735015195385,False
2022-01-13,biomass_burning,meteorology,-0.24141494128082286,-3.61947141469642,-3.9823824091405413,-0.12149605316329826,False
2022-01-14,biomass_burning,meteorology,0.09682268002967476,-2.440199146703492,-2.740912812745762,-0.397536346071945,False
2022-01-15,biomass_burning,meteorology,-1.5734383538343764,-5.476729960164221,-7.082015583158352,-0.03184726915975489,False
2022-01-16,biomass_burning,meteorology,-1.0786536724618259,-3.701240166722016,-4.811741108343597,-0.03184726915975489,False
2022-01-17,biomass_burning,meteorology,-0.4616089967385051,-2.1852159627074457,-2.9863800836226346,-0.3395551241766839,False
2022-01-18,biomass_burning,meteorology,-0.7282299810158293,-2.271621634135613,-3.1418528148250857,-0.14200119967364344,False
2022-01-19,biomass_burning,meteorology,0.6859727061598733,-3.033675700458673,-1.5385128940519053,0.8091901002468944,False
2022-01-20,biomass_burning,meteorology,-0.0647818329894676,-1.2016022348358888,-1.3628834409610704,-0.096499373135714,False
2022-01-21,biomass_burning,meteorology,-0.9469627447121525,-3.3253902715006234,-4.272353016212776,0.0,False
2022-01-22,biomass_burning,meteorology,-0.5886718394794457,-3.1439842993767684,-3.6239006553406625,0.10875548351555153,False
2022-01-23,biomass_burning,meteorology,-0.3813679825065037,-4.5969151498740075,-5.092185446700512,-0.11390231432000064,False
2022-01-24,biomass_burning,meteorology,-0.5607703478762005,-4.962409008673774,-5.61701319409741,-0.0938338375474359,False
2022-01-25,biomass_burning,meteorology,-0.640877987598742,-4.78294725431914,-5.415848657856827,0.007976584061054837,False
2022-01-26,biomass_burning,meteorology,-0.3365025025928503,-3.753130986643953,-4.29338082486646,-0.2037473356296573,False
2022-01-27,biomass_burning,meteorology,-0.63075963699373,-3.1238730123461096,-3.9426346124417933,-0.1880019631019536,False
2022-01-28,biomass_burning,meteorology,-0.34639869593473804,-3.144123800220541,-3.535493180180538,-0.044970684025258834,False
2022-01-29,biomass_burning,meteorology,-0.7759762718184788,-3.270810138270349,-4.136435194092314,-0.08964878400348653,False
2022-01-30,biomass_burning,meteorology,-0.7525728879282383,-3.8625482886665736,-4.704769960598355,-0.08964878400354337,False
2022-01-31,biomass_burning,meteorology,-1.304968281006552,-4.110299577600813,-5.700640035864524,-0.2853721772571589,False
2022-02-01,biomass_burning,meteorology,-0.28213315120012794,0.7801023687576958,0.452998533532309,-0.044970684025258834,False
2022-02-02,biomass_burning,meteorology,-0.510418067309331,2.075113906341187,1.5439786853230544,-0.02071715370880156,False
2022-02-03,biomass_burning,meteorology,1.158058506871214,3.509325424391534,4.463832832939147,-0.20355109832360085,False
2022-02-04,biomass_burning,meteorology,0.4803724148862045,3.9967932431497104,4.47716565803583,-8.526512829121202e-14,False
2022-02-05,biomass_burning,meteorology,1.082183563736777,6.231172881936914,7.313356445673605,-8.526512829121202e-14,False
2022-02-06,biomass_burning,meteorology,1.4445512728840697,2.6269905960197377,4.071541868903779,-2.842170943040401e-14,False
2022-02-07,biomass_burning,meteorology,-1.1121709429905025,-4.011914810592373,-4.787119643564381,0.3369661100184942,False
2022-02-08,biomass_burning,meteorology,0.010787409983322505,-2.162799891975851,-1.9365302103579438,0.21548227163458478,False
2022-02-09,biomass_burning,meteorology,0.013315436583951623,0.23536621824877102,0.3272185967970813,0.07853694196435868,False
2022-02-10,biomass_burning,meteorology,2.9179056927178237,2.1619027557433697,4.932351504016708,-0.14745694444448532,False
2022-02-11,biomass_burning,meteorology,0.4542063294030072,1.3054073561011705,1.838150627468508,0.07853694196433025,False
2022-02-12,biomass_burning,meteorology,0.17383071886004586,1.2113275600673319,1.4636952208916796,0.07853694196430183,False
2022-02-13,biomass_burning,meteorology,0.8998115189910436,1.429197741272617,2.291785289529571,-0.03722397073408956,False
2022-02-14,biomass_burning,meteorology,0.19942064026977846,1.6730168416388835,1.8724374819086336,-2.842170943040401e-14,False
2022-02-15,biomass_burning,meteorology,0.5631814522714649,1.2873148619281665,1.9290332561639048,0.07853694196427341,False
2022-02-16,biomass_burning,meteorology,0.5865777856040211,1.422038643562189,1.86115948472181,-0.14745694444440005,False
2022-02-17,biomass_burning,meteorology,1.402894051122047,2.096566688767922,3.3520037954454835,-0.14745694444448532,False
2022-02-18,biomass_burning,meteorology,0.6450330426372375,1.3523876962636905,2.07595768086523,0.07853694196430183,False
2022-02-19,biomass_burning,meteorology,0.7752774408775736,1.2605343328521599,2.0358117737297334,0.0,False
2022-02-20,biomass_burning,meteorology,0.7030073573720301,-1.899495870937443,-1.2444221966011355,-0.04793368303572265,False
2022-02-21,biomass_burning,meteorology,0.3550742739510895,-0.8276125855771852,-0.4725383116260389,5.684341886080802e-14,False
2022-02-22,biomass_burning,meteorology,0.1475866639492267,1.2780322980102312,1.5041559039237313,0.07853694196427341,False
2022-02-23,biomass_burning,meteorology,0.1453509530606425,1.6174585296362807,1.841346424661225,0.07853694196430183,False
2022-02-24,biomass_burning,meteorology,1.7331452348221035,1.2321936754428293,2.965338910264933,0.0,False
2022-02-25,biomass_burning,meteorology,0.09506142670826989,0.5511101277164983,0.6461715544247681,0.0,False
2022-02-26,biomass_burning,meteorology,-0.33841672561362657,0.4921711106382247,0.23510759519231783,0.08135321016771968,False
2022-02-27,biomass_burning,meteorology,0.33521164687138594,0.42739083116430265,0.8067317174692619,0.044129239433573275,False
2022-02-28,biomass_burning,meteorology,-0.12601832758809905,0.548049339686628,0.5033842222662486,0.08135321016771968,False
2022-03-01,biomass_burning,meteorology,0.9879416060518622,1.4112443935066779,2.25172905511414,-0.14745694444440005,False
2022-03-02,biomass_burning,meteorology,0.583698359622872,1.0939670510820747,1.7562023526691632,0.07853694196421657,False
2022-03-03,biomass_burning,meteorology,0.6035228841253968,2.186192082870349,2.7897149669957457,0.0,False
2022-03-04,biomass_burning,meteorology,0.12986271738331823,-0.2755439595262885,-0.14568124214291345,5.684341886080802e-14,False
2022-03-05,biomass_burning,meteorology,0.37000329392152764,-0.10906343240647232,0.2609398615150553,0.0,False
2022-03-06,biomass_burning,meteorology,0.1953447529703567,-0.4734277228100865,-0.2780829698397582,-2.842170943040401e-14,False
2022-03-07,biomass_burning,meteorology,0.26451859263340793,-0.34812482794522737,-0.08360623531184785,-2.842170943040401e-14,False
2022-03-08,biomass_burning,meteorology,0.2367092743137107,-0.6436563646363425,-0.40694709032263177,0.0,False
2022-03-09,biomass_burning,meteorology,0.28072480228573227,-0.4960151955440182,-0.21529039325828592,0.0,False
2022-03-10,biomass_burning,meteorology,0.321732843138264,-0.23361850099696824,0.1156703263531682,0.027555984211872442,False
2022-03-11,biomass_burning,meteorology,0.08766066206123924,-0.26983995543993444,-0.18217929337870942,-1.4210854715202004e-14,False
2022-03-12,biomass_burning,meteorology,0.08502573815962933,0.2824892770472047,0.5191985513609154,0.15168353615408137,False
2022-03-13,biomass_burning,meteorology,0.1214926280405848,0.1802478402981933,0.45342400449284526,0.15168353615406716,False
2022-03-14,biomass_burning,meteorology,0.04094505756579281,0.2055279052306389,0.370600514738598,0.12412755194216629,False
2022-03-15,biomass_burning,meteorology,0.000911064515577209,0.12417687161959634,0.316492466472198,0.19140453033702443,False
2022-03-16,biomass_burning,meteorology,-0.03646688988095548,0.2787157432586298,0.3663764053198548,0.1241275519421805,False
2022-03-17,biomass_burning,meteorology,0.03053957744535296,0.443336858607978,0.5014324202652034,0.027555984211872442,False
2022-03-18,biomass_burning,meteorology,-0.08096738444174889,0.4128717195339817,0.3999434914790072,0.06803915638677438,False
2022-03-19,biomass_burning,meteorology,0.06700646732632265,0.40681513036643935,0.6255051338467865,0.15168353615402452,False
2022-03-20,biomass_burning,meteorology,0.06823053070914398,1.2016440757392104,1.337151584843184,0.06727697839482971,False
2022-03-21,biomass_burning,meteorology,0.06700646732632265,1.3849926773667534,1.4795551289049484,0.027555984211872442,False
2022-03-22,biomass_burning,meteorology,-0.015998698461203276,1.6457699775196772,1.6297712790584455,-2.842170943040401e-14,False
2022-03-23,biomass_burning,meteorology,-0.08503097359348999,1.5811448709804239,1.496113897386934,0.0,False
2022-03-24,biomass_burning,meteorology,-0.0017651447510900198,1.1431089126088523,1.2930273040118294,0.15168353615406716,False
2022-03-25,biomass_burning,meteorology,0.08502573815964354,1.5262719580112076,1.7629812323249183,0.15168353615406716,False
2022-03-26,biomass_burning,meteorology,0.12597079572542214,1.7362370346613005,2.01389136654079,0.15168353615406716,False
2022-03-27,biomass_burning,meteorology,0.0012240633828071168,1.989519909428168,2.154592518936127,0.16384854612515198,False
2022-03-28,biomass_burning,meteorology,0.26345313924838365,1.7777329435355824,2.165313634726118,0.12412755194215208,False
2022-03-29,biomass_burning,meteorology,0.33280372492437493,1.983753642887649,2.440684919754233,0.12412755194220892,False
2022-03-30,biomass_burning,meteorology,0.4195946078351085,1.9532284109320983,2.4969505707093873,0.1241275519421805,False
2022-03-31,biomass_burning,meteorology,0.350244022159103,1.8242555387645751,2.2986271128658586,0.1241275519421805,False
2022-04-01,biomass_burning,meteorology,0.1403910406911848,2.0583758160191934,2.322894408652573,0.12412755194219471,False
2022-04-02,biomass_burning,meteorology,0.048204727828476734,1.9364315585820435,2.230708095789879,0.2460718093793588,False
2022-04-03,biomass_burning,meteorology,0.018446783254020716,1.9606454135319211,2.2251640061652864,0.24607180937934459,False
2022-04-04,biomass_burning,meteorology,0.11848383266358553,1.935608303727463,2.2554947696340264,0.2014026332429779,False
2022-04-05,biomass_burning,meteorology,-0.030564779588885926,1.9356083037274487,2.1064461573815407,0.2014026332429779,False
2022-04-06,biomass_burning,meteorology,0.050349827287234916,1.935608303727463,2.18736076425769,0.20140263324299212,False
2022-04-07,biomass_burning,meteorology,0.02059188271280732,1.9736827084893633,2.195677224445163,0.20140263324299212,False
2022-04-08,biomass_burning,meteorology,0.026512573912881976,1.9065094031886503,2.13442461034451,0.2014026332429779,False
2022-04-09,biomass_burning,meteorology,0.026512573912867765,1.8746269046486361,2.1025421118045386,0.20140263324303476,False
2022-04-10,biomass_burning,meteorology,0.08872588808914372,2.044029578154266,2.3341580994864017,0.20140263324299212,False
2022-04-11,biomass_burning,meteorology,0.06116990387727128,1.7112671368168293,2.001395658148965,0.22895861745486457,False
2022-04-12,biomass_burning,meteorology,0.09092784845169888,1.812322403916312,2.1322088698228896,0.22895861745487878,False
2022-04-13,biomass_burning,meteorology,-0.236142448522628,1.2804494918415514,1.356140954891444,0.3118339115725206,False
2022-04-14,biomass_burning,meteorology,0.06116990387724286,1.991740402139854,2.2818689234719614,0.22895861745486457,False
2022-04-15,biomass_burning,meteorology,0.8683727951160023,1.8756981598126714,2.9730295723835667,0.228958617454893,False
2022-04-16,biomass_burning,meteorology,0.03336058555757404,1.9211427479626053,2.183461950975044,0.22895861745486457,False
2022-04-17,biomass_burning,meteorology,0.026512573912867765,1.9350463662003392,2.1629615733562133,0.20140263324300633,False
2022-04-18,biomass_burning,meteorology,-0.11492951136513341,1.6615698657572437,1.7480429876351025,0.20140263324299212,False
2022-04-19,biomass_burning,meteorology,0.026512573912881976,1.8737402168375041,2.1016554239933782,0.20140263324299212,False
2022-04-20,biomass_burning,meteorology,0.08872588808914372,1.8737402168375041,2.16386873816964,0.20140263324299212,False
2022-04-21,biomass_burning,meteorology,0.08872588808914372,1.8716706103039797,2.1617991316361156,0.20140263324299212,False
2022-04-22,biomass_burning,meteorology,0.0887258880891153,2.0722507465949036,2.3623792679270395,0.20140263324302055,False
2022-04-23,biomass_burning,meteorology,0.11848383266357132,1.9830661588129885,2.302952624719566,0.20140263324300633,False
2022-04-24,biomass_burning,meteorology,0.0887258880891153,1.9597251974711156,2.2498537188032515,0.20140263324302055,False
2022-04-25,biomass_burning,meteorology,0.02623921909086846,1.962725816436091,2.1903676687699516,0.20140263324299212,False
2022-04-26,biomass_burning,meteorology,0.11848383266357132,1.819042505370362,2.1389289712769255,0.20140263324299212,False
2022-04-27,biomass_burning,meteorology,0.0887258880891153,1.8458453037064118,2.1359738250385476,0.20140263324302055,False
2022-04-28,biomass_burning,meteorology,0.1184838326635429,2.0560458711565275,2.375932337063091,0.20140263324302055,False
2022-04-29,biomass_burning,meteorology,0.08872588808912951,1.9741835213623062,2.264312042694428,0.20140263324299212,False
2022-04-30,biomass_burning,meteorology,0.11848383266357132,1.9284881487000263,2.2483746146065897,0.20140263324299212,False
2022-05-01,biomass_burning,meteorology,0.06116990387727128,2.040206151416271,2.330334672748407,0.22895861745486457,False
2022-05-02,biomass_burning,meteorology,0.06116990387727128,2.0163338230912586,2.3064623444233945,0.22895861745486457,False
2022-05-03,biomass_burning,meteorology,0.09092784845169888,2.193170826105529,2.5130572920120926,0.22895861745486457,False
2022-05-04,biomass_burning,meteorology,0.08872588808914372,2.053432927977653,2.3435614493097887,0.20140263324299212,False
2022-05-05,biomass_burning,meteorology,0.09092784845169888,2.0227673912473705,2.342653857153934,0.22895861745486457,False
2022-05-06,biomass_burning,meteorology,0.8683727951160307,2.116087445967821,3.2134188585387164,0.22895861745486457,False
2022-05-07,biomass_burning,meteorology,0.898130739690501,1.955500858239489,3.082590215384826,0.22895861745483614,False
2022-05-08,biomass_burning,meteorology,0.8683727951160307,2.13284924992945,3.2301806625003735,0.228958617454893,False
2022-05-09,biomass_burning,meteorology,0.8442374187578565,1.9587951446603995,3.0044351966612908,0.20140263324303476,False
2022-05-10,biomass_burning,meteorology,0.895928779327889,1.9920015050726363,3.0893329176435316,0.20140263324300633,False
2022-05-11,biomass_burning,meteorology,0.704582319506315,1.7528064123892335,2.6863473493504273,0.22895861745487878,False
2022-05-12,biomass_burning,meteorology,0.835917425514225,1.706799304328925,2.7716753472980287,0.22895861745487878,False
2022-05-13,biomass_burning,meteorology,0.8683727951160449,2.0109933515726652,3.1083247641435605,0.22895861745485035,False
2022-05-14,biomass_burning,meteorology,0.3906207989564763,1.587521513199718,2.3056813736320834,0.32753906147588907,False
2022-05-15,biomass_burning,meteorology,0.7702222624060795,2.08145282338927,3.05307771903837,0.20140263324302055,False
2022-05-16,biomass_burning,meteorology,0.6012241929161917,2.029607199294418,2.859790009665474,0.22895861745486457,False
2022-05-17,biomass_burning,meteorology,0.6678588777901524,1.9785905460085047,2.8754080412535217,0.22895861745486457,False
2022-05-18,biomass_burning,meteorology,0.6504216646215042,2.0408788057202685,2.9202590877966514,0.22895861745487878,False
2022-05-19,biomass_burning,meteorology,-0.009109200957865937,1.9872649669626128,2.2517835595959923,0.27362779359124545,False
2022-05-20,biomass_burning,meteorology,-0.05013395713304192,2.006900719236512,2.2303945556947156,0.27362779359124545,False
2022-05-21,biomass_burning,meteorology,-0.02037601255860011,2.12474929623599,2.378001077268621,0.27362779359123124,False
2022-05-22,biomass_burning,meteorology,0.08872588808912951,2.0117465374484595,2.3018750587805954,0.20140263324300633,False
2022-05-23,biomass_burning,meteorology,0.0887258880891153,2.0572389684393926,2.3473674897715284,0.20140263324302055,False
2022-05-24,biomass_burning,meteorology,0.12353375361615804,1.8336101603719186,2.1534966262784963,0.19635271229041962,False
2022-05-25,biomass_burning,meteorology,0.09377580904173044,1.8289699745763954,2.1190984959085313,0.1963527122904054,False
2022-05-26,biomass_burning,meteorology,0.06116990387727128,1.7182177246643278,2.008346245996435,0.22895861745483614,False
2022-05-27,biomass_burning,meteorology,0.006683743162980704,1.7099659033674186,1.9456082639852497,0.22895861745485035,False
2022-05-28,biomass_burning,meteorology,-0.00822748839894416,1.5666554267483832,1.8320557319406703,0.27362779359123124,False
2022-05-29,biomass_burning,meteorology,0.03644168773742251,1.6097737325935952,1.875174037785854,0.22895861745483614,False
2022-05-30,biomass_burning,meteorology,0.010831759038666178,1.422586966268085,1.6623773427616158,0.22895861745486457,False
2022-05-31,biomass_burning,meteorology,0.03644168773742251,1.6313709024985457,1.8967712076908327,0.22895861745486457,False
2022-06-01,biomass_burning,meteorology,0.006683743162994915,1.5503991344581323,1.7860414950759917,0.22895861745486457,False
2022-06-02,biomass_burning,meteorology,0.016500727740890397,1.7559573330065632,2.046085854338699,0.27362779359124545,False
2022-06-03,biomass_burning,meteorology,-0.1324294361670013,1.6166833460784602,1.757881703502676,0.27362779359121703,False
2022-06-04,biomass_burning,meteorology,0.007750656858817706,1.7545006745431948,1.991209948856877,0.22895861745486457,False
2022-06-05,biomass_burning,meteorology,0.007750656858831917,1.8432745586957964,2.079983833009493,0.22895861745486457,False
2022-06-06,biomass_burning,meteorology,-0.022417138134173342,1.9586704416323215,2.165211920953027,0.22895861745487878,False
2022-06-07,biomass_burning,meteorology,0.03555997517852916,1.7837352495769068,2.0482538422103005,0.22895861745486457,False
2022-06-08,biomass_burning,meteorology,0.007750656858846128,1.8175051775130555,2.054214451826738,0.22895861745483614,False
2022-06-09,biomass_burning,meteorology,0.03678403856132206,1.914518918466129,2.219982568665287,0.26867961163783605,False
2022-06-10,biomass_burning,meteorology,0.007750656858846128,1.7138984189071778,1.95060769322086,0.22895861745483614,False
2022-06-11,biomass_burning,meteorology,-0.1137419711817671,1.8154633451076165,1.9031240071688416,0.20140263324299212,False
2022-06-12,biomass_burning,meteorology,-0.1803766560556994,1.8505997034696549,1.8716256806569476,0.20140263324299212,False
2022-06-13,biomass_burning,meteorology,-0.010268613974517393,2.2434236465034303,2.4621136499837917,0.22895861745487878,False
2022-06-14,biomass_burning,meteorology,0.10713148736242317,2.097215644815833,2.405749765421234,0.2014026332429779,False
2022-06-15,biomass_burning,meteorology,0.08872588808912951,1.8267273751446282,2.116855896476764,0.20140263324300633,False
2022-06-16,biomass_burning,meteorology,0.06091656976946069,1.942136610136572,2.204455813149025,0.20140263324299212,False
2022-06-17,biomass_burning,meteorology,0.03530664107070436,1.864484606011331,2.101193880325013,0.2014026332429779,False
2022-06-18,biomass_burning,meteorology,-0.1137419711817671,1.8467106709610874,1.9343713330223409,0.20140263324302055,False
2022-06-19,biomass_burning,meteorology,-0.11374197118175289,1.8492499227531312,1.9369105848143562,0.2014026332429779,False
2022-06-20,biomass_burning,meteorology,0.08502573815964354,1.905121121351101,2.1418303956647975,0.15168353615405294,False
2022-06-21,biomass_burning,meteorology,0.030539577445367172,1.7372993444361384,1.9195224580355728,0.15168353615406716,False
2022-06-22,biomass_burning,meteorology,-0.11374197118178131,1.7060538923973212,1.7937145544585604,0.20140263324302055,False
2022-06-23,biomass_burning,meteorology,-0.10245519649964763,1.583305874742564,1.7495302898807523,0.26867961163783605,False
2022-06-24,biomass_burning,meteorology,-0.08593265286206986,1.6125909303240746,1.728060910705011,0.20140263324300633,False
2022-06-25,biomass_burning,meteorology,-0.04673550385544445,1.5218734212755294,1.7040965348749353,0.22895861745485035,False
2022-06-26,biomass_burning,meteorology,-0.07758808016802732,1.61370180865282,1.7650723459396431,0.22895861745485035,False
2022-06-27,biomass_burning,meteorology,-0.16946166382595607,1.4385376496486941,1.5101996132487159,0.24112362742597782,False
2022-06-28,biomass_burning,meteorology,-0.1495250852273955,1.5528468717125463,1.632280403939987,0.22895861745483614,False
2022-06-29,biomass_burning,meteorology,-0.13352638676619222,1.5154292962063778,1.6108615268950501,0.22895861745486457,False
2022-06-30,biomass_burning,meteorology,-0.04673550385544445,1.6169710025460944,1.799194116145486,0.22895861745483614,False
2022-07-01,biomass_burning,meteorology,0.08016941898574714,1.7291988121390744,1.961051767278903,0.15168353615408137,False
2022-07-02,biomass_burning,meteorology,0.1549629520782787,2.0745457718553837,2.3835227485548813,0.15401402462121894,False
2022-07-03,biomass_burning,meteorology,0.07066082384425698,2.2930626950260304,2.4158315539081627,0.05210803503787531,False
2022-07-04,biomass_burning,meteorology,-0.06271832771871289,3.63147147484856,3.6050984345091877,0.03634528737934062,False
2022-07-05,biomass_burning,meteorology,-0.20895160206986674,3.4950859881798735,3.5378247137143006,0.2516903276042939,False
2022-07-06,biomass_burning,meteorology,-0.6477384187189017,3.459551360076013,3.0573734980166947,0.24556055665958354,False
2022-07-07,biomass_burning,meteorology,-0.9940551663513801,3.4109989375002456,2.828551902670462,0.4116081315215965,False
2022-07-08,biomass_burning,meteorology,-0.6167250078848099,3.3226263171510553,2.8303922050790433,0.12449089581279793,False
2022-07-09,biomass_burning,meteorology,-0.3106342280885954,3.35232895044507,3.1424032510080764,0.10070852865160163,False
2022-07-10,biomass_burning,meteorology,-0.7909051383553134,3.9771491601844247,2.7033785663079257,-0.48286545552118554,False
2022-07-11,biomass_burning,meteorology,-0.7153314676571867,3.106648747098234,2.4365623814001367,0.045245101959089595,False
2022-07-12,biomass_burning,meteorology,-0.8631106164611566,3.534483490333507,2.8407746111114562,0.1694017372391059,False
2022-07-13,biomass_burning,meteorology,-0.4678003107989852,3.6465701750388817,3.341682678340561,0.1629128141006646,False
2022-07-14,biomass_burning,meteorology,-0.017643477272734742,5.520345775958518,5.426189065016608,-0.07651323366917495,False
2022-07-15,biomass_burning,meteorology,0.027923623661081365,5.255684640599547,5.239949190448463,-0.04365907381216516,False
2022-07-16,biomass_burning,meteorology,-0.016825833366077347,4.092108921216507,4.076373471065423,0.001090383214993551,False
2022-07-17,biomass_burning,meteorology,-0.07295542439263869,4.26588331710164,4.148336372743941,-0.044591519965059945,False
2022-07-18,biomass_burning,meteorology,-0.13008214008588936,4.117861911565285,3.953233403925431,-0.034546367553964785,False
2022-07-19,biomass_burning,meteorology,-0.055281322495531526,4.1808218094323735,4.139638774467379,0.01409828753053688,False
2022-07-20,biomass_burning,meteorology,-0.24457587305719386,4.825435151863573,3.955460370328325,-0.6253989084780542,False
2022-07-21,biomass_burning,meteorology,0.0,4.839637415551152,4.198830393284396,-0.6408070222667561,False
2022-07-22,biomass_burning,meteorology,-0.1737222375166425,5.686487765843843,5.032944443560446,-0.4798210847667548,False
2022-07-23,biomass_burning,meteorology,-0.15135504403005484,5.170266027661135,5.122663883037113,0.10375289940603238,False
2022-07-24,biomass_burning,meteorology,-1.4774608236265436,-11.049909587919927,-12.956277517368463,-0.42890710582199176,False
2022-07-25,biomass_burning,meteorology,-0.017523368217425173,4.687762442510497,4.190417989526296,-0.4798210847667761,False
2022-07-26,biomass_burning,meteorology,-0.017523368217432278,4.481755299581785,3.9844108465975836,-0.479821084766769,False
2022-07-27,biomass_burning,meteorology,0.12810506704851576,3.8795005538458724,4.153823850131253,0.14621822923686523,False
2022-07-28,biomass_burning,meteorology,0.01739948934541502,3.7137911586993937,3.834943547450841,0.10375289940603238,False
2022-07-29,biomass_burning,meteorology,0.04642279425760165,3.676040638813177,3.809190239369805,0.0867268062990263,False
2022-07-30,biomass_burning,meteorology,-1.1307191980648668,3.394303699194566,2.6150225550249857,0.3514380538952864,False
2022-07-31,biomass_burning,meteorology,-1.741985201147017,3.6918307255632143,2.302499490523971,0.35265396610777344,False
2022-08-01,biomass_burning,meteorology,-0.9866752889008978,3.674133874036059,2.9881283263487006,0.3006697412135395,False
2022-08-02,biomass_burning,meteorology,-0.11596591981402327,3.9866901748886505,4.0084157034430845,0.13769144836845726,False
2022-08-03,biomass_burning,meteorology,-0.13022691635458017,3.86396212242618,3.924687988938892,0.19095278286729211,False
2022-08-04,biomass_burning,meteorology,-0.5550819017203281,4.24601452486948,3.8989114991234217,0.20797887597426978,False
2022-08-05,biomass_burning,meteorology,-0.3317233041771033,3.6633338301462217,3.5568828459661574,0.225272319997039,False
2022-08-06,biomass_burning,meteorology,-0.32526433815998956,3.574711278808728,3.22357779118434,-0.025869149464398333,False
2022-08-07,biomass_burning,meteorology,-0.1346539884145912,5.79009777918921,5.5487768069754395,-0.1066669837991796,False
2022-08-08,biomass_burning,meteorology,-0.0718439343923194,5.396990171004774,5.321174533017299,-0.003971703595155418,False
2022-08-09,biomass_burning,meteorology,-2.2412511999037648,5.474228368623805,3.209256137951101,-0.0237210307689395,False
2022-08-10,biomass_burning,meteorology,0.11227484855920267,5.903494734291165,5.82971649466311,-0.18605308818725774,False
2022-08-11,biomass_burning,meteorology,0.057761619512668005,5.898380993061416,5.8246027534333535,-0.1315398591407302,False
2022-08-12,biomass_burning,meteorology,0.0852176325170575,5.009138027052153,5.055348511650891,-0.03900714791831916,False
2022-08-13,biomass_burning,meteorology,-0.021220282605938223,5.189239280605456,5.156467863085602,-0.011551134913915462,False
2022-08-14,biomass_burning,meteorology,0.023635219743866287,4.283878520457684,3.6849326081104508,-0.6225811320910992,False
2022-08-15,biomass_burning,meteorology,-0.02193188118994982,4.044583587818501,3.3818446843617807,-0.6408070222667703,False
2022-08-16,biomass_burning,meteorology,0.023635219743873392,2.7673396800024364,2.7519677518279977,-0.03900714791831206,False
2022-08-17,biomass_burning,meteorology,-0.10589849040719912,2.637136550176301,2.4740050216751257,-0.05723303809397606,False
2022-08-18,biomass_burning,meteorology,-0.4432025048510084,2.907885210472756,1.8803093530797454,-0.5843733525420021,False
2022-08-19,biomass_burning,meteorology,-0.07922193223937768,3.527520979704647,3.3910660093712863,-0.05723303809398317,False
2022-08-20,biomass_burning,meteorology,0.05092166920290708,3.495121820853683,3.5587317947978363,0.01268830474124627,False
2022-08-21,biomass_burning,meteorology,0.0828445798302937,3.303019104694158,3.5078424741061554,0.1219787895817035,False
2022-08-22,biomass_burning,meteorology,-0.4466305316883279,3.6943546462933554,3.3771367362086693,0.12941262160364175,False
2022-08-23,biomass_burning,meteorology,-0.8098206136526471,3.2938612197571544,2.6307466717309467,0.1467060656264394,False
2022-08-24,biomass_burning,meteorology,-0.049146665660430244,-11.646151730886743,-11.955571697765059,-0.26027330121788594,False
2022-08-25,biomass_burning,meteorology,-0.09189770537092556,3.686086100592682,3.628917212470398,0.03472881724864152,False
2022-08-26,biomass_burning,meteorology,0.06831898318519336,3.976271794472865,4.241773648964376,0.1971828713063175,False
2022-08-27,biomass_burning,meteorology,-0.291074541123038,3.814510127489484,3.7056091408462777,0.18217355447983152,False
2022-08-28,biomass_burning,meteorology,-0.44615649520525835,3.701884408105272,3.5364450279527304,0.2807171150527168,False
2022-08-29,biomass_burning,meteorology,-1.5902088692732832,2.7056572268776407,0.8321932828531899,-0.2832550747511675,False
2022-08-30,biomass_burning,meteorology,-0.26045111509644414,1.8351410673500652,1.8417095222076796,0.2670195699540585,False
2022-08-31,biomass_burning,meteorology,-0.07467581370565313,2.336571800344217,2.500926774541327,0.2390307879027631,False
2022-09-01,biomass_burning,meteorology,-0.4622196470038915,2.399094090538732,2.047905031361765,0.11103058782692443,False
2022-09-02,biomass_burning,meteorology,-1.6397044020554645,2.432807527435223,1.2496951119972906,0.4565919866175321,False
2022-09-03,biomass_burning,meteorology,-1.564584931659489,1.726504513288397,0.6526581665631639,0.49073858493425604,False
2022-09-04,biomass_burning,meteorology,-1.3999996598415265,-12.877546896123206,-14.376009678259408,-0.09846312229467458,False
2022-09-05,biomass_burning,meteorology,-0.00437749427096179,-13.27003325465423,-13.425318113723115,-0.15090736479792355,False
2022-09-06,biomass_burning,meteorology,0.16494433227827443,1.181596104642054,1.6219428489178185,0.27540241199749005,False
2022-09-07,biomass_burning,meteorology,0.1256869655819557,1.3753770787945783,1.7937599003968003,0.2926958560202664,False
2022-09-08,biomass_burning,meteorology,0.2447631511279269,0.8955464654768619,1.3160583518385138,0.17574873523372503,False
2022-09-09,biomass_burning,meteorology,0.2819250982013912,0.9125942120041088,1.4491381173051607,0.25461880709966067,False
2022-09-10,biomass_burning,meteorology,0.30678028075674746,1.3766297540122494,1.8622090172438774,0.17879898247488057,False
2022-09-11,biomass_burning,meteorology,0.002783436950885232,1.8618590138324933,2.1080656498442494,0.24342319906087084,False
2022-09-12,biomass_burning,meteorology,-0.3134032163379743,2.218507585657541,2.046757833286847,0.1416534639672804,False
2022-09-13,biomass_burning,meteorology,-0.15375297454667702,2.7264173028934664,2.6905354251528664,0.11787109680607699,False
2022-09-14,biomass_burning,meteorology,0.22830063528446232,3.2979168467005096,3.1032967463680237,-0.4229207356169482,False
2022-09-15,biomass_burning,meteorology,0.058092179999100324,3.0513306162063643,3.320295775819865,0.21087297961440044,False
2022-09-16,biomass_burning,meteorology,-0.0749335283221626,3.608312602384615,3.8969795297973917,0.3636004557349395,False
2022-09-17,biomass_burning,meteorology,-0.11955729574302154,3.7945724052655905,3.9853542307586807,0.31033912123611174,False
2022-09-18,biomass_burning,meteorology,0.05794005718599493,3.61927436546501,3.9970635828646977,0.3198491602136926,False
2022-09-19,biomass_burning,meteorology,-0.03826249102444734,3.824834402267065,4.096911032478722,0.31033912123610463,False
2022-09-20,biomass_burning,meteorology,-0.03826249102444024,3.919519694977545,4.244857659688023,0.36360045573491817,False
2022-09-21,biomass_burning,meteorology,-0.34468818085761654,4.074758263488711,3.9736818141392263,0.24361173150813187,False
2022-09-22,biomass_burning,meteorology,-0.4415890503955353,3.570677951737281,3.6599252918769523,0.5308363905352067,False
2022-09-23,biomass_burning,meteorology,0.16714177665843266,3.2132080576290747,3.7269241969154265,0.3465743626279192,False
2022-09-24,biomass_burning,meteorology,0.28724048187085316,2.5339368727198988,2.945747022422921,0.12456966783216927,False
2022-09-25,biomass_burning,meteorology,0.30463997121625397,2.7151977674444367,3.1444074064928884,0.1245696678321977,False
2022-09-26,biomass_burning,meteorology,0.19927951667080634,2.760403877537854,3.084253062040837,0.12456966783217638,False
2022-09-27,biomass_burning,meteorology,0.2221072826855135,2.3693734913295046,2.7160504418471945,0.12456966783217638,False
2022-09-28,biomass_burning,meteorology,0.14312538056691437,1.893816226254323,2.1615112746533995,0.12456966783216217,False
2022-09-29,biomass_burning,meteorology,0.12428989025058002,-0.7691970994372426,-0.4932573330211554,0.15164987616550718,False
2022-09-30,biomass_burning,meteorology,-0.16867324069138334,-2.832874770558824,-2.952961790952145,0.0485862202980627,False
2022-10-01,biomass_burning,meteorology,-2.5327876983682955,-23.986632190006574,-26.445249782298376,0.07417010607649388,False
2022-10-02,biomass_burning,meteorology,0.15790013628603106,-11.870008973846751,-11.706428213332458,0.005680624228261877,False
2022-10-03,biomass_burning,meteorology,1.703150269641867,-1.4622899768546915,0.14569901302519384,-0.09516127976198163,False
2022-10-04,biomass_burning,meteorology,2.0165194044806753,-0.27917865042053336,1.5839371643165805,-0.1534035897435615,False
2022-10-05,biomass_burning,meteorology,0.709941530044631,-1.2025265437729047,-0.49258501372824526,2.842170943040401e-14,False
2022-10-06,biomass_burning,meteorology,0.9234354000150802,-0.8193741692634262,-0.0015088585339526617,-0.10557008928560663,False
2022-10-07,biomass_burning,meteorology,0.7147959334651262,-0.05789416990290874,0.45617039451460073,-0.20073136904761668,False
2022-10-08,biomass_burning,meteorology,0.15140805090393883,1.2831903824480833,1.3394371535900973,-0.09516127976192479,False
2022-10-09,biomass_burning,meteorology,-0.5981627536735914,1.0008538954951973,0.40269114182163435,2.842170943040401e-14,False
2022-10-10,biomass_burning,meteorology,0.33562065604908753,3.011681197695083,3.1046836295377886,-0.24261822420638168,False
2022-10-11,biomass_burning,meteorology,0.9490020678257736,-0.7264487732238933,0.08051631543526128,-0.14203697916661895,False
2022-10-12,biomass_burning,meteorology,0.8656455206325688,-0.433209725017349,0.39596890573426435,-0.03646688988095548,False
2022-10-13,biomass_burning,meteorology,2.0360398624148957,0.3639696058316133,2.2683812986036855,-0.13162816964282342,False
2022-10-14,biomass_burning,meteorology,1.7248161491308167,0.14166187754585735,1.7713167469147493,-0.09516127976192479,False
2022-10-15,biomass_burning,meteorology,1.0278075625458314,-3.5196663105455457,-2.4500746980912993,0.041784049908415,False
2022-10-16,biomass_burning,meteorology,-0.36328995816728593,-7.928802725489248,-8.128824795364238,0.163267888292296,False
2022-10-17,biomass_burning,meteorology,0.9821950603379435,-1.6525610473466088,-0.7655272667705333,-0.09516127976186795,False
2022-10-18,biomass_burning,meteorology,0.7506955911273963,0.21242946876938618,0.8679637801348861,-0.09516127976189637,False
2022-10-19,biomass_burning,meteorology,0.6807720726088746,0.46700116329702723,1.052611956143977,-0.09516127976192479,False
2022-10-20,biomass_burning,meteorology,0.7304812580271403,0.011237951027538884,0.6465579292927828,-0.09516127976189637,False
2022-10-21,biomass_burning,meteorology,0.10881932856807452,0.9694316498388389,0.9830896986449886,-0.09516127976192479,False
2022-10-22,biomass_burning,meteorology,-0.06390800149523557,1.4046850160142412,1.2456157347571093,-0.09516127976189637,False
2022-10-23,biomass_burning,meteorology,0.15964610204014207,2.7172847279130963,2.781769550191285,-0.09516127976195321,False
2022-10-24,biomass_burning,meteorology,0.5836340779941054,2.0586220061601352,2.547094804392316,-0.09516127976192479,False
2022-10-25,biomass_burning,meteorology,-0.5031767391083122,-0.5091765393576679,-0.7539241104118446,0.2584291680541355,False
2022-10-26,biomass_burning,meteorology,-1.4114233108517453,0.2557810298467018,-1.0186969513347606,0.13694532967028294,False
2022-10-27,biomass_burning,meteorology,-5.795201521556521,0.5999863776157497,-4.999825125053405,0.19539001888736607,False
2022-10-28,biomass_burning,meteorology,-13.967013531319225,0.6546751848386236,-13.515660569331317,-0.20332222285071566,False
2022-10-29,biomass_burning,meteorology,-15.412820175393392,1.9825181743963753,-14.61981702156217,-1.1895150205651532,False
2022-10-30,biomass_burning,meteorology,-14.50149035745443,2.6638279884890608,-13.420372426295216,-1.582710057329848,False
2022-10-31,biomass_burning,meteorology,-20.517330294502415,0.5941908007398808,-20.60770294517627,-0.6845634514137373,False
2022-11-01,biomass_burning,meteorology,-39.24021321058342,0.5176634681626808,-39.16163470020186,-0.43908495778111956,False
2022-11-02,biomass_burning,meteorology,-42.95907947498091,-1.7646923143284994,-42.886914677608814,1.8368571117005956,False
2022-11-03,biomass_burning,meteorology,-20.731491416013057,4.030082857454261,-16.743689848761278,-0.042281290202481614,False
2022-11-04,biomass_burning,meteorology,-12.487867690629685,7.698884247892579,-4.883971594930074,-0.0949881521929683,False
2022-11-05,biomass_burning,meteorology,-14.789170491900279,2.183136913643523,-12.163827241106446,0.44220633715031,False
2022-11-06,biomass_burning,meteorology,-9.337667579130823,4.972090008557245,-4.714758430285826,-0.34918085971224855,False
2022-11-07,biomass_burning,meteorology,-8.146742793814553,5.145004219073428,-3.363723184453306,-0.3619846097121808,False
2022-11-08,biomass_burning,meteorology,-4.8912197343208845,3.0187096578307546,-1.9785365555956673,-0.10602647910553742,False
2022-11-09,biomass_burning,meteorology,-3.63850248791897,1.0762381306001885,-2.7912352154499445,-0.2289708581311629,False
2022-11-10,biomass_burning,meteorology,-1.2981134599698407,2.1188001336692537,0.6009078216486614,-0.21977885205075154,False
2022-11-11,biomass_burning,meteorology,-0.9728978326616016,4.040265347568948,2.6571609793986113,-0.41020653550873476,False
2022-11-12,biomass_burning,meteorology,-1.3205834512128263,4.273499370140314,2.6323581674222396,-0.32055775150524823,False
2022-11-13,biomass_burning,meteorology,-5.62244117728784,2.112392036999836,-3.890643652758172,-0.38059451247016796,False
2022-11-14,biomass_burning,meteorology,-10.339857101768075,0.627000949147714,-10.731863334348873,-1.0190071817285116,False
2022-11-15,biomass_burning,meteorology,-1.8714413448707887,0.34522880565549485,-1.457280908920552,0.06893163029474181,False
2022-11-16,biomass_burning,meteorology,-2.741463914305143,0.07520809167897369,-2.5779025660750676,0.08835325655110182,False
2022-11-17,biomass_burning,meteorology,-3.4516627849861834,-0.9346533428726502,-4.208314087304188,0.1780020405546452,False
2022-11-18,biomass_burning,meteorology,-4.415541768011224,-1.0870911500638272,-5.324630877520406,0.1780020405546452,False
2022-11-19,biomass_burning,meteorology,-3.831521934467787,-1.257180332199539,-4.910700226112681,0.1780020405546452,False
2022-11-20,biomass_burning,meteorology,-3.115036162292654,-0.33690634327780344,-3.464368148473966,-0.01242564290350856,False
2022-11-21,biomass_burning,meteorology,-1.526598410701581,-0.32151231925394086,-1.969606783118877,-0.1214960531633551,False
2022-11-22,biomass_burning,meteorology,-1.4489880675369022,-0.45411340820498935,-1.9238186294506932,-0.02071715370880156,False
2022-11-23,biomass_burning,meteorology,-1.438207461255331,-0.5331520033458332,-1.9920766183100795,-0.020717153708915248,False
2022-11-24,biomass_burning,meteorology,-1.5323000804440312,6.153690259075631,3.9956545981335125,-0.6257355804980875,False
2022-11-25,biomass_burning,meteorology,-0.6887642391272379,5.35908891482876,4.107779798156173,-0.5625448775453492,False
2022-11-26,biomass_burning,meteorology,-1.1010377507483327,5.480163408343458,3.7533900770970945,-0.6257355804980307,False
2022-11-27,biomass_burning,meteorology,0.19266201994440735,4.893369378136754,4.482509246194468,-0.6035221518866933,False
2022-11-28,biomass_burning,meteorology,0.4020363914002587,5.188492051395883,5.022369592656048,-0.5681588501400938,False
2022-11-29,biomass_burning,meteorology,0.11647975436233082,6.09420888754903,5.810991851907943,-0.39969679000341785,False
2022-11-30,biomass_burning,meteorology,-0.08018535660988846,5.241022758997019,4.856676249142822,-0.3041611532443085,False
2022-12-01,biomass_burning,meteorology,-0.16031283552081277,7.094239195107036,6.759593380945091,-0.17433297864113229,False
2022-12-02,biomass_burning,meteorology,-0.47123383960541787,7.2550373905490915,7.149216515336491,0.36541296439281723,False
2022-12-03,biomass_burning,meteorology,0.3412198295384883,5.777228161513733,5.966365091234536,-0.1520828998176853,False
2022-12-04,biomass_burning,meteorology,0.260287496677563,4.98267892380494,5.090883520664818,-0.1520828998176853,False
2022-12-05,biomass_burning,meteorology,0.3575154720669502,5.518891161175475,5.708161754860896,-0.1682448783815289,False
2022-12-06,biomass_burning,meteorology,0.48240220967431924,3.3927231621880765,3.7230424720447104,-0.1520828998176853,False
2022-12-07,biomass_burning,meteorology,-0.1563946101825877,2.8587213475602766,2.8321549119808083,0.12982817460311935,False
2022-12-08,biomass_burning,meteorology,-0.1495560805614673,4.885185228983175,4.788010414253733,0.05238126583202529,False
2022-12-09,biomass_burning,meteorology,-0.03911987196238442,4.820006274111449,4.606553423507876,-0.17433297864118913,False
2022-12-10,biomass_burning,meteorology,0.42707101129917646,6.8542496805339965,6.934779123732767,-0.34654156810040604,False
2022-12-11,biomass_burning,meteorology,-14.893857197660793,-1.662028185495842,-16.044600887590377,0.5112844955662581,False
2022-12-12,biomass_burning,meteorology,-11.020401148347219,-2.662809968720069,-12.916232249038046,0.7669788680292413,False
2022-12-13,biomass_burning,meteorology,0.20111432426887177,7.150540517244735,6.903658410491516,-0.44799643102209075,False
2022-12-14,biomass_burning,meteorology,0.16538433104682326,5.877390349933478,5.918022424015589,-0.1247522569647117,False
2022-12-15,biomass_burning,meteorology,0.2295867129308249,7.63390058492314,7.863487297853965,0.0,False
2022-12-16,biomass_burning,meteorology,-0.2829244503204791,5.352515747749408,5.13852292772367,0.06893163029474181,False
2022-12-17,biomass_burning,meteorology,0.13068389251787949,5.710316862115292,5.90993238492797,0.06893163029479865,False
2022-12-18,biomass_burning,meteorology,0.10043386634634999,5.870389543352644,5.970823409699051,5.684341886080802e-14,False
2022-12-19,biomass_burning,meteorology,3.290196696419173,7.130480487268187,10.675879373192629,0.25520218950526896,False
2022-12-20,biomass_burning,meteorology,3.367395503487387,8.064977860276088,11.501304994058273,0.06893163029479865,False
2022-12-21,biomass_burning,meteorology,3.098885655173774,3.067243457279858,5.960417099466667,-0.2057120129869645,False
2022-12-22,biomass_burning,meteorology,-6.968280836671994,-2.0049014813560007,-7.983643560781275,0.98953875724672,False
2022-12-23,biomass_burning,meteorology,2.627334555531661,0.446685667677059,3.6235562671407706,0.5495360439320507,False
2022-12-24,biomass_burning,meteorology,0.10382233382426875,-0.14614380754625245,-0.04232147372192685,5.684341886080802e-14,False
2022-12-25,biomass_burning,meteorology,0.2899669336622992,-0.3313931857842931,-0.11632989960497753,-0.07490364748298362,False
2022-12-26,biomass_burning,meteorology,0.12350667497986478,-1.7124131538466827,-1.5199748485720193,0.06893163029479865,False
2022-12-27,biomass_burning,meteorology,-0.12205908054659176,0.3017779274088639,0.24865047715707078,0.06893163029479865,False
2022-12-28,biomass_burning,meteorology,-0.3107075838949527,0.6078119279964653,0.36603597439625446,0.06893163029474181,False
2022-12-29,biomass_burning,meteorology,0.13576359372700608,-0.1884793964667324,0.016215827555072337,0.06893163029479865,False
2022-12-30,biomass_burning,meteorology,-0.5034063785062699,-2.7802495290252978,-3.2836559075315677,0.0,False
2022-12-31,biomass_burning,meteorology,0.0771774128864422,-0.8385926781467106,-0.7932625344200801,-0.03184726915981173,False
2023-01-01,biomass_burning,meteorology,-0.3931917754175629,-1.451753608415288,-1.9906949673126064,-0.14574958347975553,False
2023-01-02,biomass_burning,meteorology,-0.1781279115875236,-2.897296930416985,-3.2825335046185273,-0.2071086626140186,False
2023-01-03,biomass_burning,meteorology,-0.5436156981530758,-1.0011553962711446,-1.5897417784495929,-0.04497068402537252,False
2023-01-04,biomass_burning,meteorology,-0.014139129187412891,-1.0702650572598031,-1.1851830859017696,-0.10077889945455354,False
2023-01-05,biomass_burning,meteorology,-0.2934645989251976,-1.63981767811606,-2.0340611764957544,-0.1007788994544967,False
2023-01-06,biomass_burning,meteorology,-0.27786124248905253,-1.865373321795289,-2.1750818334440964,-0.03184726915975489,False
2023-01-07,biomass_burning,meteorology,-0.8432303588324999,-7.1823484527448045,-7.839383539978144,0.1861952715991606,False
2023-01-08,biomass_burning,meteorology,0.09451709259587915,-3.234842203337678,-2.8730376092348706,0.26728750150692804,False
2023-01-09,biomass_burning,meteorology,-0.4850909181944303,-3.113626156775922,-3.602902128514188,-0.004185053543835693,False
2023-01-10,biomass_burning,meteorology,0.12271571700244976,-4.953576628397116,-4.540672407694103,0.2901885037005627,False
2023-01-11,biomass_burning,meteorology,-0.7844555463595384,-5.144902820413904,-5.75656344636883,0.17279492040461264,False
2023-01-12,biomass_burning,meteorology,0.04039099178885408,-3.4395843418877234,-3.705989820926618,-0.30679647082774864,False
2023-01-13,biomass_burning,meteorology,-0.33971806578091446,-3.8120367888910778,-4.104892906208761,0.04686194846323133,False
2023-01-14,biomass_burning,meteorology,-0.1536535648489803,-4.308626221878285,-4.370447154238775,0.09183263248849016,False
2023-01-15,biomass_burning,meteorology,0.5976739421436719,-4.896652609664727,-2.9863806572530507,1.3125980102680046,False
2023-01-16,biomass_burning,meteorology,-0.14585580841679757,-3.6041947240619834,-3.7950212165040966,-0.04497068402531568,False
2023-01-17,biomass_burning,meteorology,-0.6645128535005256,-2.3627328653135464,-2.95831408851933,0.06893163029474181,False
2023-01-18,biomass_burning,meteorology,0.3455098611847802,-3.3615368703589183,-3.1212194996255676,-0.10519249045142942,False
2023-01-19,biomass_burning,meteorology,0.06462599236886035,-2.471545192260919,-2.496567983895602,-0.08964878400354337,False
2023-01-20,biomass_burning,meteorology,-0.4682193112828372,-4.0570470261841365,-4.456334707172232,0.06893163029474181,False
2023-01-21,biomass_burning,meteorology,0.08347530613571053,-2.0337432183761734,-2.0960174957202753,-0.14574958347981237,False
2023-01-22,biomass_burning,meteorology,0.11079907957474688,-1.4192113248603277,-1.5230934590600782,-0.21468121377449734,False
2023-01-23,biomass_burning,meteorology,-0.46534402136239805,-1.224456352097718,-1.8112964266234144,-0.12149605316329826,False
2023-01-24,biomass_burning,meteorology,0.3285878499168575,-1.3407960851158691,-1.2268894489735658,-0.21468121377455418,False
2023-01-25,biomass_burning,meteorology,-0.4664126849275476,-1.3045112331374185,-1.8717028175195196,-0.10077889945455354,False
2023-01-26,biomass_burning,meteorology,-0.2868379068792706,-1.0432836355973905,-1.4758711259563597,-0.14574958347969869,False
2023-01-27,biomass_burning,meteorology,-0.6745891957989443,-2.3328124126441026,-3.0392488776028017,-0.03184726915975489,False
2023-01-28,biomass_burning,meteorology,0.004300002435059014,-1.6086557073113,-1.604355704876241,0.0,False
2023-01-29,biomass_burning,meteorology,-0.5477609988207632,-2.0307518161491203,-2.509581184675028,0.0689316302948555,False
2023-01-30,biomass_burning,meteorology,0.7884023752617964,-0.3741692493526898,0.3245843419055632,-0.08964878400354337,False
2023-01-31,biomass_burning,meteorology,0.869071349496835,-3.0657364206723514,-2.301857561626946,-0.10519249045142942,False
2023-02-01,biomass_burning,meteorology,1.0869219772792462,-1.6384168643060093,-0.567038593474706,-0.015543706447942895,False
2023-02-02,biomass_burning,meteorology,5.103988912629973,4.114796484731102,9.017418756214767,-0.20136664114630776,False
2023-02-03,biomass_burning,meteorology,3.2340359528758427,3.0395792950437794,6.3538181021036735,0.08020285418405138,False
2023-02-04,biomass_burning,meteorology,1.0908448250583263,2.4401457170653202,3.530990542123675,2.842170943040401e-14,False
2023-02-05,biomass_burning,meteorology,0.5207081044530071,1.7692363058892226,2.3684813523065316,0.07853694196430183,False
2023-02-06,biomass_burning,meteorology,1.5983568023958412,1.5465915947703195,2.991544807422514,-0.15340358974364676,False
2023-02-07,biomass_burning,meteorology,-1.5156228488705494,1.3640294509251305,-0.07305645598120236,0.07853694196421657,False
2023-02-08,biomass_burning,meteorology,-1.2868468452399213,1.5330921482180315,0.40613545511018856,0.15989015213207836,False
2023-02-09,biomass_burning,meteorology,-1.2225272303233226,1.7461566685512935,0.604982648395719,0.0813532101677481,False
2023-02-10,biomass_burning,meteorology,-0.09469742199681264,1.560784994444191,1.2842229254722497,-0.1818646469751286,False
2023-02-11,biomass_burning,meteorology,-0.33577771036934223,1.4058135910680392,1.1513890908664166,0.08135321016771968,False
2023-02-12,biomass_burning,meteorology,-0.7772334538098278,1.9775005970532504,1.2816203534111423,0.08135321016771968,False
2023-02-13,biomass_burning,meteorology,2.5258364534969076,3.0402701386016417,5.494056212522651,-0.07205037957589866,False
2023-02-14,biomass_burning,meteorology,2.2518048917347357,0.509101797469441,2.5049764050613135,-0.25593028414286323,False
2023-02-15,biomass_burning,meteorology,-0.3154760341168412,0.3316662782690116,-0.16487339221151842,-0.18106363636368883,False
2023-02-16,biomass_burning,meteorology,0.6549037092827064,0.7976639078150356,1.2715039807340816,-0.1810636363636604,False
2023-02-17,biomass_burning,meteorology,-0.16255449665686683,-0.060862324154356884,-0.3259435152105823,-0.10252669439935858,False
2023-02-18,biomass_burning,meteorology,-0.02530334716553284,-0.505804385401234,-0.7121713689303988,-0.18106363636363199,False
2023-02-19,biomass_burning,meteorology,0.3423849286647851,0.09011439286911127,0.25143568517023596,-0.1810636363636604,False
2023-02-20,biomass_burning,meteorology,-0.515841295164364,-0.7664548648014033,-1.2214334678300247,0.06086269213574269,False
2023-02-21,biomass_burning,meteorology,-0.2961658613463385,-0.7245868456263906,-1.0207527069727007,2.842170943040401e-14,False
2023-02-22,biomass_burning,meteorology,-0.5397860152539522,-0.34753035257165266,-0.9863438278218553,-0.0990274599962504,False
2023-02-23,biomass_burning,meteorology,1.967449516725793,0.6578459986760947,2.6252955154018878,0.0,False
2023-02-24,biomass_burning,meteorology,2.696876039388087,1.3294972945077177,4.026373333895776,-2.842170943040401e-14,False
2023-02-25,biomass_burning,meteorology,0.17299777039454511,-0.09066981777075966,-0.09873568373984654,-0.18106363636363199,False
2023-02-26,biomass_burning,meteorology,0.3460164229947793,0.5199791063607222,0.6849318929918411,-0.1810636363636604,False
2023-02-27,biomass_burning,meteorology,0.4119689090627503,0.4973132161073295,0.7282184888064194,-0.1810636363636604,False
2023-02-28,biomass_burning,meteorology,-0.1843261040409061,0.17323196352774062,-0.011094140513193906,-2.842170943040401e-14,False
2023-03-01,biomass_burning,meteorology,2.733386880769217,1.361978856585722,4.023998323978759,-0.07136741337617991,False
2023-03-02,biomass_burning,meteorology,0.7887454875006483,4.981358094834036,5.852139758702151,0.08203617636746685,False
2023-03-03,biomass_burning,meteorology,0.3262409419467929,3.556082666130578,3.8823236080773853,1.4210854715202004e-14,False
2023-03-04,biomass_burning,meteorology,0.10985726086937575,1.134306798768506,1.351924210207656,0.10776015056977428,False
2023-03-05,biomass_burning,meteorology,0.12972558644000287,1.98992283638907,2.1196484228290586,-1.4210854715202004e-14,False
2023-03-06,biomass_burning,meteorology,0.31212411038222854,1.72510242088957,2.03722653127177,-2.842170943040401e-14,False
2023-03-07,biomass_burning,meteorology,0.24528087687527034,1.9187848663402036,2.1640657432155024,2.842170943040401e-14,False
2023-03-08,biomass_burning,meteorology,0.2371334150721509,1.7195781050191243,1.996432514274261,0.03972099418298569,False
2023-03-09,biomass_burning,meteorology,0.004478167684837331,1.5157597486890353,1.6443654683160531,0.1241275519421805,False
2023-03-10,biomass_burning,meteorology,-0.03524282649813415,1.3116973652389845,1.4403030848660165,0.1638485461251662,False
2023-03-11,biomass_burning,meteorology,0.4195946078351227,1.4557487525671888,1.9994709123445062,0.12412755194219471,False
2023-03-12,biomass_burning,meteorology,0.47074358848561815,1.3481795778245669,1.9430507182523655,0.1241275519421805,False
2023-03-13,biomass_burning,meteorology,0.5400941741616521,1.6729478884224278,2.3371696145262746,0.12412755194219471,False
2023-03-14,biomass_burning,meteorology,0.4991491165959019,1.686553973737233,2.309830642275287,0.12412755194215208,False
2023-03-15,biomass_burning,meteorology,0.47503309664536175,1.5195984043785131,2.158480047149027,0.16384854612515198,False
2023-03-16,biomass_burning,meteorology,0.26116045238315166,1.76105935914768,2.146347363473012,0.1241275519421805,False
2023-03-17,biomass_burning,meteorology,0.25869121739678747,1.9392988363676125,2.3221176057065804,0.1241275519421805,False
2023-03-18,biomass_burning,meteorology,-0.010856961182199143,1.599544756814268,1.7128153475742636,0.12412755194219471,False
2023-03-19,biomass_burning,meteorology,0.11258172237151598,1.6837764599246867,1.9204857342383974,0.12412755194219471,False
2023-03-20,biomass_burning,meteorology,-0.03995717425414114,1.4490133727991292,1.6287788910858154,0.21972269254082732,False
2023-03-21,biomass_burning,meteorology,0.1290412661316651,1.4540843439690292,1.7348091462547615,0.15168353615406716,False
2023-03-22,biomass_burning,meteorology,0.08502573815965775,1.30835264067548,1.5450619149891764,0.15168353615403873,False
2023-03-23,biomass_burning,meteorology,0.12149262804059902,1.4706294300839602,1.7438055942786264,0.15168353615406716,False
2023-03-24,biomass_burning,meteorology,0.03470174512987967,1.2212044158855235,1.407589697169442,0.15168353615403873,False
2023-03-25,biomass_burning,meteorology,0.0,1.086217375179288,1.2103449271214828,0.12412755194219471,False
2023-03-26,biomass_burning,meteorology,0.0,1.8193530927742216,1.9434806447164021,0.1241275519421805,False
2023-03-27,biomass_burning,meteorology,0.12149262804059902,0.673557876325134,0.9467340405197859,0.15168353615405294,False
2023-03-28,biomass_burning,meteorology,-0.13584736813623977,0.9824068818359848,0.9543196642695051,0.10776015056976007,False
2023-03-29,biomass_burning,meteorology,-0.015578803478476289,0.8185388137399201,0.8985551508601191,0.09559514059867524,False
2023-03-30,biomass_burning,meteorology,-0.01561302811384735,0.9564658433882585,0.9408528152744253,1.4210854715202004e-14,False
2023-03-31,biomass_burning,meteorology,0.10562626581891266,2.053404217366989,2.1590304831859157,1.4210854715202004e-14,False
2023-04-01,biomass_burning,meteorology,-0.04342234643353038,1.2748383715170633,1.231416025083547,1.4210854715202004e-14,False
2023-04-02,biomass_burning,meteorology,-0.027716818998868575,1.0095288736438164,1.1506087827234808,0.16879672807853296,False
2023-04-03,biomass_burning,meteorology,-0.027716818998882786,0.9111827781956663,1.0522626872753307,0.16879672807854718,False
2023-04-04,biomass_burning,meteorology,0.19575891396438294,0.6658057394221544,0.9856922053287178,0.1241275519421805,False
2023-04-05,biomass_burning,meteorology,0.16600096938995534,0.6686211160089215,0.9587496373410431,0.12412755194216629,False
2023-04-06,biomass_burning,meteorology,0.16600096938992692,0.8167938419111493,1.1069223632432852,0.12412755194220892,False
2023-04-07,biomass_burning,meteorology,0.16600096938995534,0.8840169116046184,1.1741454329367542,0.1241275519421805,False
2023-04-08,biomass_burning,meteorology,0.09352247493390564,0.6850886334657105,0.9474078364781491,0.16879672807853296,False
2023-04-09,biomass_burning,meteorology,0.09786696401360473,0.8414850694572067,1.0634795854130061,0.12412755194219471,False
2023-04-10,biomass_burning,meteorology,0.07031097980173229,1.5447074637584706,1.7667019797142558,0.15168353615405294,False
2023-04-11,biomass_burning,meteorology,0.1384449851780829,1.4814143641496997,1.7715428854818356,0.15168353615405294,False
2023-04-12,biomass_burning,meteorology,0.06116990387724286,1.741296796966651,2.031425318298787,0.228958617454893,False
2023-04-13,biomass_burning,meteorology,0.06116990387724286,1.6549546895116976,1.9450832108438334,0.228958617454893,False
2023-04-14,biomass_burning,meteorology,0.06116990387727128,1.3924729475137099,1.6826014688458457,0.22895861745486457,False
2023-04-15,biomass_burning,meteorology,0.06116990387727128,1.7342192815645205,2.0243478028966564,0.22895861745486457,False
2023-04-16,biomass_burning,meteorology,0.06116990387724286,1.7647810664725654,2.0549095878047012,0.228958617454893,False
2023-04-17,biomass_burning,meteorology,0.06116990387724286,1.7647810664725654,2.0549095878047012,0.228958617454893,False
2023-04-18,biomass_burning,meteorology,0.09092784845169888,1.741549321871645,2.0614357877782084,0.22895861745486457,False
2023-04-19,biomass_burning,meteorology,0.08166610008568398,1.880823308799748,2.1914480263402965,0.22895861745486457,False
2023-04-20,biomass_burning,meteorology,0.07387366424883623,1.8900009546453589,2.2375024124854264,0.27362779359123124,False
2023-04-21,biomass_burning,meteorology,0.14009849870423352,1.9515035576548314,2.3652298499503104,0.27362779359124545,False
2023-04-22,biomass_burning,meteorology,0.05190815551124217,1.8833657942408877,2.1642325672069944,0.22895861745486457,False
2023-04-23,biomass_burning,meteorology,0.11854284038517449,2.0950698963060717,2.442571354146125,0.22895861745487878,False
2023-04-24,biomass_burning,meteorology,0.19581792168600032,1.9398283386095585,2.2873297964496118,0.15168353615405294,False
2023-04-25,biomass_burning,meteorology,0.16800860336630308,1.9130791767594673,2.2327713162798517,0.15168353615408137,False
2023-04-26,biomass_burning,meteorology,0.12101052128194567,1.851728663506691,2.1244227209426754,0.15168353615403873,False
2023-04-27,biomass_burning,meteorology,0.13565388875724693,1.8313841843807666,2.195996690592878,0.22895861745486457,False
2023-04-28,biomass_burning,meteorology,0.587633909384877,1.8860896234371296,2.702682150276871,0.22895861745486457,False
2023-04-29,biomass_burning,meteorology,0.5834858935091773,2.025363610365247,2.8378081213292745,0.22895861745485035,False
2023-04-30,biomass_burning,meteorology,0.777884586527648,1.9015794084204742,2.831147531102161,0.15168353615403873,False
2023-05-01,biomass_burning,meteorology,1.0030208129248024,1.8735468076878874,3.0282511567667,0.1516835361540103,False
2023-05-02,biomass_burning,meteorology,0.8913366722212004,1.832555700831108,2.8755759092063613,0.15168353615405294,False
2023-05-03,biomass_burning,meteorology,0.29290575899372584,1.0865054638845066,1.5310947590322854,0.15168353615405294,False
2023-05-04,biomass_burning,meteorology,0.001424270597780719,1.6290037916466247,1.7821115983984583,0.15168353615405294,False
2023-05-05,biomass_burning,meteorology,0.09377580904170202,1.7274471401283336,2.0175756614604694,0.19635271229043383,False
2023-05-06,biomass_burning,meteorology,0.1384449851780829,1.56750240460552,1.8576309259376558,0.15168353615405294,False
2023-05-07,biomass_burning,meteorology,0.1682029297525247,1.7429367905246949,2.0628232564312725,0.15168353615405294,False
2023-05-08,biomass_burning,meteorology,0.01650072774091882,1.4878429178230874,1.7779714391552233,0.27362779359121703,False
2023-05-09,biomass_burning,meteorology,0.06116990387724286,1.5075326388059835,1.7976611601381194,0.228958617454893,False
2023-05-10,biomass_burning,meteorology,0.03336058555757404,1.3519894508795147,1.6143086538919675,0.22895861745487878,False
2023-05-11,biomass_burning,meteorology,0.06116990387725707,1.7488040973370147,2.0389326186691505,0.22895861745487878,False
2023-05-12,biomass_burning,meteorology,0.046258672315332205,1.69520614485792,2.0150926107644977,0.27362779359124545,False
2023-05-13,biomass_burning,meteorology,0.09092784845169888,1.5760107099305287,1.8958971758370922,0.22895861745486457,False
2023-05-14,biomass_burning,meteorology,0.06116990387727128,1.7872446945339107,2.0773732158660465,0.22895861745486457,False
2023-05-15,biomass_burning,meteorology,0.06116990387725707,1.743170902288412,2.0332994236205337,0.22895861745486457,False
2023-05-16,biomass_burning,meteorology,-0.06767809517293699,1.5667052748421497,1.7279857971240773,0.22895861745486457,False
2023-05-17,biomass_burning,meteorology,0.12333040807894236,1.7542599927447782,2.106549018278571,0.22895861745485035,False
2023-05-18,biomass_burning,meteorology,0.06116990387727128,1.6310386894845266,1.9211672108166624,0.22895861745486457,False
2023-05-19,biomass_burning,meteorology,0.09763679375822676,2.0227143908205676,2.349309802033659,0.22895861745486457,False
2023-05-20,biomass_burning,meteorology,0.016500727740890397,1.8869128782917102,2.177041399623846,0.27362779359124545,False
2023-05-21,biomass_burning,meteorology,0.016500727740890397,1.9684478330004964,2.2585763543326323,0.27362779359124545,False
2023-05-22,biomass_burning,meteorology,0.016500727740904608,1.8287123448556883,2.118840866187824,0.27362779359123124,False
2023-05-23,biomass_burning,meteorology,0.0827255621963019,2.061608772577813,2.4179621283653603,0.27362779359124545,False
2023-05-24,biomass_burning,meteorology,0.06116990387724286,1.8556863665920673,2.145814887924203,0.228958617454893,False
2023-05-25,biomass_burning,meteorology,0.14450544744919114,1.9514359593406851,2.324900024244741,0.22895861745486457,False
2023-05-26,biomass_burning,meteorology,-0.005464780996675245,1.925667222800456,2.1491610592586596,0.22895861745487878,False
2023-05-27,biomass_burning,meteorology,0.024293163577766563,1.799259464163697,2.052511245196328,0.22895861745486457,False
2023-05-28,biomass_burning,meteorology,0.23036343395418157,1.7520910490384267,2.1341380191466612,0.15168353615405294,False
2023-05-29,biomass_burning,meteorology,0.1758772732399052,1.857133606813676,2.1846944162076625,0.15168353615408137,False
2023-05-30,biomass_burning,meteorology,0.08395882446380654,1.6413606949294177,1.877003055547263,0.15168353615403873,False
2023-05-31,biomass_burning,meteorology,0.08395882446379233,1.5874977609863095,1.8231401216041405,0.15168353615403873,False
2023-06-01,biomass_burning,meteorology,0.09286724732494633,1.4435348384085813,1.7327547980239046,0.19635271229037699,False
2023-06-02,biomass_burning,meteorology,0.011480330007756834,1.582347324119965,1.7901803664181415,0.19635271229041962,False
2023-06-03,biomass_burning,meteorology,0.0659664907220332,1.4305721543480985,1.6928913573605229,0.1963527122903912,False
2023-06-04,biomass_burning,meteorology,0.07957550315056494,1.4676084569770182,1.7761425775824193,0.22895861745483614,False
2023-06-05,biomass_burning,meteorology,-0.127018033391451,1.3714447356964428,1.473385319759828,0.22895861745483614,False
2023-06-06,biomass_burning,meteorology,-0.06038334851750449,1.5176858522246022,1.686261121161948,0.22895861745485035,False
2023-06-07,biomass_burning,meteorology,-0.06038334851750449,1.6081880725898117,1.7767633415271575,0.22895861745485035,False
2023-06-08,biomass_burning,meteorology,0.00837102736795714,1.5100435137253498,1.7473731585481715,0.22895861745486457,False
2023-06-09,biomass_burning,meteorology,-0.15406665823843468,1.6765082981501394,1.723844273154711,0.20140263324300633,False
2023-06-10,biomass_burning,meteorology,-0.05888402801515724,1.623172583820221,1.7932471732599566,0.228958617454893,False
2023-06-11,biomass_burning,meteorology,-0.11374197118179552,1.6986955961672265,1.7863562582284516,0.20140263324302055,False
2023-06-12,biomass_burning,meteorology,0.07408605003672619,1.8490459955037863,2.1918116571783486,0.26867961163783605,False
2023-06-13,biomass_burning,meteorology,0.008974720241639034,1.6890127693872472,1.9666671012667365,0.26867961163785026,False
2023-06-14,biomass_burning,meteorology,0.048695714424610514,1.8024248822318043,2.0800792141112794,0.22895861745486457,False
2023-06-15,biomass_burning,meteorology,0.007750656858831917,1.7760835851124597,2.012792859426142,0.22895861745485035,False
2023-06-16,biomass_burning,meteorology,0.27381848475666004,1.8604086651178022,2.3631857673293126,0.22895861745485035,False
2023-06-17,biomass_burning,meteorology,0.024023785159002387,1.6032323427832438,1.8959357395801106,0.26867961163786447,False
2023-06-18,biomass_burning,meteorology,-0.05744551330769809,1.7278243896140708,1.8993374937612373,0.22895861745486457,False
2023-06-19,biomass_burning,meteorology,0.007750656858831917,1.935015004828287,2.1717242791419835,0.22895861745486457,False
2023-06-20,biomass_burning,meteorology,0.044217546739773184,1.8363185123429133,2.109494676537551,0.22895861745486457,False
2023-06-21,biomass_burning,meteorology,-0.033259553328761626,1.7942160534549885,1.962359133369219,0.20140263324299212,False
2023-06-22,biomass_burning,meteorology,-0.16755624858471663,1.8313223105541994,1.8366362838689412,0.17287022189945844,False
2023-06-23,biomass_burning,meteorology,0.020159693689677738,1.776918155344589,1.9984804822772446,0.2014026332429779,False
2023-06-24,biomass_burning,meteorology,0.024447510553443408,1.8165767824922483,2.042426926288684,0.20140263324299212,False
2023-06-25,biomass_burning,meteorology,0.06982747543852952,1.6316756820218785,1.8063342229731063,0.10483106551269827,False
2023-06-26,biomass_burning,meteorology,-0.03633002373501881,1.7152096330169257,1.7561546905827186,0.07727508130081162,False
2023-06-27,biomass_burning,meteorology,0.048695714424638936,1.6850285264653877,1.838555306402668,0.10483106551264143,False
2023-06-28,biomass_burning,meteorology,-0.11251790779895998,1.9906284544146047,1.9951066220994562,0.11699607548381152,False
2023-06-29,biomass_burning,meteorology,0.008974720241639034,2.5558792867782643,2.709406066715559,0.14455205969565554,False
2023-06-30,biomass_burning,meteorology,0.035559975178514946,2.8134026079573005,3.07792120059068,0.22895861745486457,False
2023-07-01,biomass_burning,meteorology,0.016952357137483887,2.9182336734699845,3.059313582549649,0.1241275519421805,False
2023-07-02,biomass_burning,meteorology,-0.21176930962892015,3.2359247694845834,3.165805135637555,0.14164967578189191,False
2023-07-03,biomass_burning,meteorology,-0.274473777653121,3.910318727896623,3.5757352747172035,-0.060109675526298645,False
2023-07-04,biomass_burning,meteorology,-0.39399188308450306,4.083384360772115,3.649177076633144,-0.04021540105446775,False
2023-07-05,biomass_burning,meteorology,-0.6999676314738394,4.072704395606998,3.3093292474347535,-0.06340751669840472,False
2023-07-06,biomass_burning,meteorology,-0.41050587227070423,3.918599834744768,3.6187019299379557,0.11060796746389201,False
2023-07-07,biomass_burning,meteorology,0.11294068778517641,3.841084387419123,4.098256552888742,0.14423147768444267,False
2023-07-08,biomass_burning,meteorology,-0.7816845023284316,3.696442499132637,2.945657710203342,0.030899713399136886,False
2023-07-09,biomass_burning,meteorology,-0.05256633483556783,4.311762411626361,3.5697443994395144,-0.6894516773512791,False
2023-07-10,biomass_burning,meteorology,-0.700251680120509,4.293564419919157,3.0103331079019426,-0.5829796318967055,False
2023-07-11,biomass_burning,meteorology,0.16573010301793545,3.802449007689269,3.97142075366024,0.0032416429530357505,False
2023-07-12,biomass_burning,meteorology,0.13047811973526535,3.8994055271750128,4.015115938647149,-0.014767708263129009,False
2023-07-13,biomass_burning,meteorology,0.09703102704949629,4.031901716325713,3.86803088164676,-0.2609018617284491,False
2023-07-14,biomass_burning,meteorology,0.11070557770310074,3.8375275162007796,3.8315593960574077,-0.11667369784647263,False
2023-07-15,biomass_burning,meteorology,0.007254118975055235,4.136472780442595,3.9845878717403167,-0.1591390276773339,False
2023-07-16,biomass_burning,meteorology,0.007254118975041024,4.095513872669329,4.045534953550394,-0.05723303809397606,False
2023-07-17,biomass_burning,meteorology,0.01739948934542923,-12.379542773638711,-12.64127103619741,-0.2791277519041273,False
2023-07-18,biomass_burning,meteorology,0.1523445067036917,4.37333158455511,4.384762953757161,-0.14091313750164147,False
2023-07-19,biomass_burning,meteorology,0.017399489345422126,4.3129147330298565,4.222139836767383,-0.10817438560789583,False
2023-07-20,biomass_burning,meteorology,-0.06062968451103501,4.606191802365899,4.3864230901775585,-0.15913902767730548,False
2023-07-21,biomass_burning,meteorology,-0.017523368217425173,4.35630159286449,4.179639196969745,-0.1591390276773197,False
2023-07-22,biomass_burning,meteorology,0.09313514661725719,4.805501691084274,4.229775198981649,-0.668861638719882,False
2023-07-23,biomass_burning,meteorology,0.1721170487358492,4.428124225102401,4.51495361929117,-0.08528765454708065,False
2023-07-24,biomass_burning,meteorology,0.01739948934541502,4.103349432705187,3.8972466531010426,-0.22350226894955938,False
2023-07-25,biomass_burning,meteorology,0.01739948934541502,4.2268603798715105,4.140746324494167,-0.10351354472275887,False
2023-07-26,biomass_burning,meteorology,0.017399489345422126,4.232237707197527,4.146123651820176,-0.10351354472277308,False
2023-07-27,biomass_burning,meteorology,0.0011502824970648362,3.8264372796239385,3.7750386594676613,-0.05254890265334211,False
2023-07-28,biomass_burning,meteorology,0.06078143070477893,4.215961365463137,4.207167800407561,-0.06957499576035531,False
2023-07-29,biomass_burning,meteorology,0.060781430704764716,4.393910141479161,4.385116576423584,-0.0695749957603411,False
2023-07-30,biomass_burning,meteorology,-0.05613976855238434,4.87181369025339,4.7631250190476635,-0.05254890265334211,False
2023-07-31,biomass_burning,meteorology,-0.03989056170401284,4.572377677570529,4.53717125130715,0.004684135440633952,False
2023-08-01,biomass_burning,meteorology,0.06296659027923113,4.7758420650004325,4.227180054653786,-0.6116286006258775,False
2023-08-02,biomass_burning,meteorology,-0.34055720249937593,3.8793129429487294,3.5181349560182014,-0.020620784431152117,False
2023-08-03,biomass_burning,meteorology,-0.6668834028387707,4.031975049955335,3.3015258401186642,-0.06356580699790015,False
2023-08-04,biomass_burning,meteorology,-0.9277026499526357,3.7019603912006644,2.978474790889024,0.20421704964099519,False
2023-08-05,biomass_burning,meteorology,-0.03826249102444734,4.045369287806217,4.065052266721246,0.05794546993947591,False
2023-08-06,biomass_burning,meteorology,0.04375533759777994,4.572133578585387,4.673834386122621,0.0579454699394546,False
2023-08-07,biomass_burning,meteorology,-0.00024398792731972208,4.657693656786904,4.595406414572267,-0.062043254287317495,False
2023-08-08,biomass_burning,meteorology,0.08277213144715745,3.8158172933645886,4.016293668604845,0.1177042437930993,False
2023-08-09,biomass_burning,meteorology,0.11770905274265431,3.539948200998545,3.7580680535115363,0.10041079977033718,False
2023-08-10,biomass_burning,meteorology,0.0979365107104897,4.057264230065321,4.255611540546134,0.10041079977032297,False
2023-08-11,biomass_burning,meteorology,-0.035166845490145704,4.00434428510421,4.027122909553526,0.0579454699394617,False
2023-08-12,biomass_burning,meteorology,-0.20145939156859782,3.615595890888457,3.4720819692593423,0.05794546993948302,False
2023-08-13,biomass_burning,meteorology,-0.06754644328541559,3.37089467484185,3.3446295476367496,0.04128131608031538,False
2023-08-14,biomass_burning,meteorology,0.09306210043037311,4.219046185669782,3.7779804596282816,-0.5341278264718738,False
2023-08-15,biomass_burning,meteorology,0.13047811973525825,3.143227928943368,3.203163482152732,-0.0705425665258943,False
2023-08-16,biomass_burning,meteorology,0.14787760908068037,4.158989651586246,3.7194780996961967,-0.58738916097073,False
2023-08-17,biomass_burning,meteorology,0.11294068778519062,4.182073848823251,4.188504079606474,-0.10651045700196704,False
2023-08-18,biomass_burning,meteorology,0.2587430782888944,2.3379089897427647,2.3118622295069287,-0.2847898385247305,False
2023-08-19,biomass_burning,meteorology,-0.06656711987184138,3.011574151882016,2.778737801154584,-0.16626923085559042,False
2023-08-20,biomass_burning,meteorology,-0.18878361843702862,3.169891360611274,2.814838511318648,-0.16626923085559753,False
2023-08-21,biomass_burning,meteorology,-0.04419992638525372,3.1097764048005914,3.0192959717865477,-0.04628050662878991,False
2023-08-22,biomass_burning,meteorology,0.0931351466172643,3.8653742715352593,3.8104660774726042,-0.1480433406799193,False
2023-08-23,biomass_burning,meteorology,0.060781430704750505,4.617371344864992,4.031272191661174,-0.646880583908569,False
2023-08-24,biomass_burning,meteorology,0.01739948934541502,4.1437236439802945,4.114842626696927,-0.0462805066287828,False
2023-08-25,biomass_burning,meteorology,0.026461893574989404,4.157699901383708,4.035186008125876,-0.1489757868328212,False
2023-08-26,biomass_burning,meteorology,0.01739948934541502,4.557377613623608,3.9449226121674457,-0.6298544908015771,False
2023-08-27,biomass_burning,meteorology,-0.015113074511532432,3.978980783155542,3.7975984777884193,-0.16626923085559042,False
2023-08-28,biomass_burning,meteorology,0.060781430704764716,2.6427762679496283,2.640251098918604,-0.0633065997357889,False
2023-08-29,biomass_burning,meteorology,0.08644173434363012,2.2042708205604313,2.2906467205022594,-6.583440180207845e-05,False
2023-08-30,biomass_burning,meteorology,-0.039890561704019945,2.0203098905084786,1.934138822175676,-0.0462805066287828,False
2023-08-31,biomass_burning,meteorology,-0.0008592143582859535,1.7944004399337175,1.7305965650874953,-0.06294466048793623,False
2023-09-01,biomass_burning,meteorology,-0.062003065896185205,2.60449490195181,2.4716669449482183,-0.07082489110740653,False
2023-09-02,biomass_burning,meteorology,-0.2588443936658962,1.9535052546213976,1.470730262967571,-0.22393059798793047,False
2023-09-03,biomass_burning,meteorology,-0.20799270763491506,1.9431016584418188,1.5111783528189875,-0.22393059798791626,False
2023-09-04,biomass_burning,meteorology,-0.6699292919282911,2.382798325858353,0.9416304257539778,-0.771238608176084,False
2023-09-05,biomass_burning,meteorology,-1.080326228713382,1.4261770748677947,0.6305791914838252,0.2847283453294125,False
2023-09-06,biomass_burning,meteorology,-0.9378098576718585,2.033101469973431,1.4135372657841359,0.3182456534825633,False
2023-09-07,biomass_burning,meteorology,-0.6086180019101093,1.9673886822908528,1.5121708740702786,0.15340019368953506,False
2023-09-08,biomass_burning,meteorology,-0.6688363020466568,2.4705273312788805,1.9124928590271963,0.11080182979497266,False
2023-09-09,biomass_burning,meteorology,-0.5905681637193112,2.362908507343924,1.7353480410074695,-0.03699230261714348,False
2023-09-10,biomass_burning,meteorology,-0.64488141147703,2.259696111898492,1.7932577888435475,0.17844308842208534,False
2023-09-11,biomass_burning,meteorology,-0.23949626270280788,3.5580176168198037,3.4422658004860196,0.12374444636902382,False
2023-09-12,biomass_burning,meteorology,-0.0749335283221697,3.7836994019547987,3.812991850200895,0.10422597656826582,False
2023-09-13,biomass_burning,meteorology,-0.019518469800750893,4.29745535772966,4.401681334297912,0.1237444463690025,False
2023-09-14,biomass_burning,meteorology,-0.08742852748130758,4.157556953389985,4.211166316300449,0.14103789039177173,False
2023-09-15,biomass_burning,meteorology,-0.5831872138251981,3.9816547397103506,3.7362538016583358,0.3377862757731833,False
2023-09-16,biomass_burning,meteorology,-0.6942224599902644,2.9172410549511554,2.8784716575598495,0.6554530625989585,False
2023-09-17,biomass_burning,meteorology,-0.17822692315231592,3.212053511653515,3.380842088356715,0.34701549985551594,False
2023-09-18,biomass_burning,meteorology,-0.12631284503270734,3.294815684966501,3.4532332238028047,0.28473038386901095,False
2023-09-19,biomass_burning,meteorology,-0.0996362868648859,3.4330378927134575,3.5965318071574544,0.26313020130888276,False
2023-09-20,biomass_burning,meteorology,-0.25042998745269074,4.394347285575542,3.6136046484488986,-0.5303126496739523,False
2023-09-21,biomass_burning,meteorology,-0.09963198256046724,4.0721835506414905,4.043106346602642,0.07055477852161829,False
2023-09-22,biomass_burning,meteorology,-0.6869175675290222,4.493892732238564,3.481523102156828,-0.32545206255271353,False
2023-09-23,biomass_burning,meteorology,-0.03251256385696166,4.236294441967978,4.302170419777688,0.09838854166667232,False
2023-09-24,biomass_burning,meteorology,-0.9377160602016019,3.519521805324622,2.677511504863979,0.09570575974095874,False
2023-09-25,biomass_burning,meteorology,-1.8379696485339565,4.332448370827933,2.1091132164660706,-0.38536550582790596,False
2023-09-26,biomass_burning,meteorology,-0.8780892861280805,4.1606392871451305,3.4157059889947305,0.13315598797768047,False
2023-09-27,biomass_burning,meteorology,-0.4168003710327639,4.628504838685359,4.23886904198941,0.027164574336815406,False
2023-09-28,biomass_burning,meteorology,-0.7535003277340095,4.111530048392261,3.5555151696728515,0.19748544901460008,False
2023-09-29,biomass_burning,meteorology,-0.7728451801166614,4.79343345645465,3.634499741179823,-0.38608853515816577,False
2023-09-30,biomass_burning,meteorology,-5.261248884049095,2.7232638966479357,-2.09826432756428,0.4397206598368797,False
2023-10-01,biomass_burning,meteorology,-7.785551315216125,-1.2148145327292355,-8.631017725060474,0.3693481228848867,False
2023-10-02,biomass_burning,meteorology,0.5360230244451998,-9.88688487563769,-9.34554469116506,0.0053171600274311,False
2023-10-03,biomass_burning,meteorology,-0.05461528576751107,-8.157672213390981,-8.140395654050053,0.07189184510843916,False
2023-10-04,biomass_burning,meteorology,1.8691845559477542,-0.017845823687025586,1.7561774524988323,-0.09516127976189637,False
2023-10-05,biomass_burning,meteorology,0.25053578066280124,-1.7355861805554298,-1.4981755032870296,-0.013125103394401094,False
2023-10-06,biomass_burning,meteorology,1.4649824570959709,0.0764876820049949,1.4463088593390978,-0.09516127976186795,False
2023-10-07,biomass_burning,meteorology,1.8962763743965638,-0.15140962694533755,1.6497054676893583,-0.09516127976186795,False
2023-10-08,biomass_burning,meteorology,0.41026117183082533,0.9913557710182772,1.3884918394546162,-0.01312510339448636,False
2023-10-09,biomass_burning,meteorology,0.8442955488256985,1.0976261767956146,1.8261608129229217,-0.1157609126983914,False
2023-10-10,biomass_burning,meteorology,1.65197087366343,0.9710157297120361,2.469583013631876,-0.15340358974358992,False
2023-10-11,biomass_burning,meteorology,1.0442314854606138,0.6665502861912103,1.710781771651824,0.0,False
2023-10-12,biomass_burning,meteorology,0.7324784584869519,0.512673640320287,1.2451520988072389,0.0,False
2023-10-13,biomass_burning,meteorology,0.4195032544062087,0.2798273170952541,0.699330571501406,-5.684341886080802e-14,False
2023-10-14,biomass_burning,meteorology,-0.04692448066614929,-0.5363076598196415,-0.5832321404857908,0.0,False
2023-10-15,biomass_burning,meteorology,-0.1344277328516057,-0.9608707946776462,-1.0952985275292804,-2.842170943040401e-14,False
2023-10-16,biomass_burning,meteorology,0.025283262127601347,-1.229591837903257,-0.9531867784931762,0.2511217972824795,False
2023-10-17,biomass_burning,meteorology,-0.30225725278731375,-2.769345012173204,-2.9025166440455052,0.16908562091501267,False
2023-10-18,biomass_burning,meteorology,0.2014637452000443,-1.1204568564951387,-0.9189931112951228,-2.842170943040401e-14,False
2023-10-19,biomass_burning,meteorology,-0.016094783730949302,-0.8216808496123065,-0.8377756333433126,-5.684341886080802e-14,False
2023-10-20,biomass_burning,meteorology,0.35167631211587036,-1.091032943592836,-0.8868135759214226,-0.1474569444444569,False
2023-10-21,biomass_burning,meteorology,-0.011390727547762936,-1.2492856965091619,-1.2606764240568964,2.842170943040401e-14,False
2023-10-22,biomass_burning,meteorology,-0.5956058207150647,-1.3285556579396314,-1.9241614786546677,2.842170943040401e-14,False
2023-10-23,biomass_burning,meteorology,-0.4453251333447952,-0.8843700029848947,-1.3296951363297467,-5.684341886080802e-14,False
2023-10-24,biomass_burning,meteorology,0.021009165404507257,-0.8624320065405868,-0.841422841136108,-2.842170943040401e-14,False
2023-10-25,biomass_burning,meteorology,-0.52844391757327,-1.016764071997585,-1.5452079895709119,-5.684341886080802e-14,False
2023-10-26,biomass_burning,meteorology,-0.5405655480491305,-0.7164027719655905,-1.2569683200147495,-2.842170943040401e-14,False
2023-10-27,biomass_burning,meteorology,-1.346714002207591,-2.3630339377123164,-3.592139361488563,0.11760857843134431,False
2023-10-28,biomass_burning,meteorology,-1.486360188029039,-2.037987272050998,-3.5890741961911488,-0.0647267361111119,False
2023-10-29,biomass_burning,meteorology,-4.169563381872223,-2.35597835083297,-6.264941590058811,0.260600142646382,False
2023-10-30,biomass_burning,meteorology,-3.5234208856741134,-1.8810639202581854,-5.261493241717346,0.1429915642149524,False
2023-10-31,biomass_burning,meteorology,-13.442094544685148,-2.666749794522758,-16.77869420355225,-0.6698498643443429,False
2023-11-01,biomass_burning,meteorology,-33.165097645279474,-4.973359743495678,-37.83071370289031,0.30774368588484435,False
2023-11-02,biomass_burning,meteorology,-13.857383821672443,-2.908675559847552,-16.383672976227672,0.3823864052923227,False
2023-11-03,biomass_burning,meteorology,-4.934020409569882,7.222826246674003,1.0066595536629848,-1.2821462834411363,False
2023-11-04,biomass_burning,meteorology,-7.984003438617776,-1.4038026930840601,-9.437989247397297,-0.050183115695460856,False
2023-11-05,biomass_burning,meteorology,-4.744160467238146,-2.289185352307584,-6.855343778991198,0.1780020405545315,False
2023-11-06,biomass_burning,meteorology,-4.932287795281866,-1.7901625633555227,-6.681930704430783,0.04051965420660508,False
2023-11-07,biomass_burning,meteorology,-3.7271109712930297,-2.2309368599517825,-5.755065226867771,0.2029826043770413,False
2023-11-08,biomass_burning,meteorology,-3.070145802466584,-0.49252168145437736,-3.474314227369973,0.08835325655098814,False
2023-11-09,biomass_burning,meteorology,-2.949553975234778,0.3389228722531925,-2.5222778464305406,0.08835325655104498,False
2023-11-10,biomass_burning,meteorology,-1.863577895562969,6.9305474113891705,4.24238319004985,-0.8245863257763517,False
2023-11-11,biomass_burning,meteorology,-3.654147549444076,-0.24539099198176473,-3.7215365008713093,0.1780020405545315,False
2023-11-12,biomass_burning,meteorology,-3.657296871503604,-0.842912986282613,-4.228137119911935,0.2720727378742822,False
2023-11-13,biomass_burning,meteorology,-2.5694503295544564,-2.295465767940925,-5.115975988850437,-0.25105989135505524,False
2023-11-14,biomass_burning,meteorology,-2.6510614403734394,-1.24694550894327,-4.072895542390597,-0.17488859307388793,False
2023-11-15,biomass_burning,meteorology,-2.6510614403733825,-1.4809141899944507,-4.306864223441835,-0.17488859307400162,False
2023-11-16,biomass_burning,meteorology,-2.783422631237727,-2.0570333296954573,-5.1811646362918395,-0.34070867535865546,False
2023-11-17,biomass_burning,meteorology,-2.854390307514336,-1.0809171355919602,-3.919768352722201,0.015539090384095289,False
2023-11-18,biomass_burning,meteorology,-3.1772630361011807,-1.3309798660623642,-4.492703811779393,0.015539090384152132,False
2023-11-19,biomass_burning,meteorology,-2.6055730836944235,-0.9085529157605947,-3.754055775359234,-0.2399297759042156,False
2023-11-20,biomass_burning,meteorology,-2.762819684599208,-0.29912350564893586,-3.136052883867592,-0.07410969361944808,False
2023-11-21,biomass_burning,meteorology,-3.212895658115599,-0.28881735721409996,-3.57582270894909,-0.07410969361939124,False
2023-11-22,biomass_burning,meteorology,-4.180019066281716,-1.0797222544348983,-5.081739280161912,0.17800204055470203,False
2023-11-23,biomass_burning,meteorology,-4.133050876038908,-1.0094619603172532,-4.964510795801516,0.1780020405546452,False
2023-11-24,biomass_burning,meteorology,-3.034038145428781,-0.2845207767213651,-3.392668615769594,-0.07410969361944808,False
2023-11-25,biomass_burning,meteorology,-3.207194390099687,-0.2845207767213651,-3.4033619102700072,0.08835325655104498,False
2023-11-26,biomass_burning,meteorology,-3.421867025049835,-0.8190708199270489,-4.407294638535518,-0.1663567935586343,False
2023-11-27,biomass_burning,meteorology,-1.056563673781227,-0.5422265276514509,-1.6926240389801137,-0.0938338375474359,False
2023-11-28,biomass_burning,meteorology,0.2553872962131436,6.694130374199403,6.141717386696314,-0.807800283716233,False
2023-11-29,biomass_burning,meteorology,-0.7157941322653301,-0.2973371251575827,-0.9441996271280573,0.0689316302948555,False
2023-11-30,biomass_burning,meteorology,-1.2504578149085432,-1.088331763014935,-2.2698579476286795,0.06893163029479865,False
2023-12-01,biomass_burning,meteorology,-1.056895017073316,-1.198934535071544,-2.186897921850175,0.06893163029468496,False
2023-12-02,biomass_burning,meteorology,-0.944256353779565,0.2718999483373068,-0.6034247751475164,0.06893163029474181,False
2023-12-03,biomass_burning,meteorology,0.6301552046392089,0.13638264238142028,0.8354694773154847,0.0689316302948555,False
2023-12-04,biomass_burning,meteorology,0.1512365771761779,4.943099977814484,5.215649451117315,0.12131289612665341,False
2023-12-05,biomass_burning,meteorology,0.5158147293068396,4.194823790122257,4.637760403709763,-0.07287811571933389,False
2023-12-06,biomass_burning,meteorology,0.13027506664178645,-2.251756565258688,-2.198921286700454,-0.07743978808355223,False
2023-12-07,biomass_burning,meteorology,0.32763845811973624,-1.7992881400758165,-1.4716496819560803,0.0,False
2023-12-08,biomass_burning,meteorology,3.202356778868875,-0.2965953165807491,2.974693092582811,0.06893163029468496,False
2023-12-09,biomass_burning,meteorology,3.88429038587293,0.14688571409732276,4.100107730264995,0.06893163029474181,False
2023-12-10,biomass_burning,meteorology,-0.07526263040847425,-0.04092329908564807,-0.04725429919938051,0.06893163029474181,False
2023-12-11,biomass_burning,meteorology,0.3426664808757778,-0.04879737850916399,0.2938691023666138,0.0,False
2023-12-12,biomass_burning,meteorology,0.3248840205894794,-0.4284071644127607,-0.17842679130626493,-0.07490364748298362,False
2023-12-13,biomass_burning,meteorology,-0.39195571648645,-0.514891021599567,-0.8379151077912184,0.06893163029479865,False
2023-12-14,biomass_burning,meteorology,0.32738176396139806,2.689161676825279,3.006270286983124,-0.01027315380355276,False
2023-12-15,biomass_burning,meteorology,0.31127924386174755,-0.6788760771420357,-0.367596833280345,-5.684341886080802e-14,False
2023-12-16,biomass_burning,meteorology,0.2696264084141262,-0.723566082943421,-0.3850080442345529,0.06893163029474181,False
2023-12-17,biomass_burning,meteorology,0.02323818087484142,-0.4083260456714015,-0.3161562345018183,0.06893163029474181,False
2023-12-18,biomass_burning,meteorology,0.3816982909608555,-0.6826640489715601,-0.30096575801064773,5.684341886080802e-14,False
2023-12-19,biomass_burning,meteorology,-0.16864046812355582,-0.31513186652983904,-0.41484070435865306,0.06893163029474181,False
2023-12-20,biomass_burning,meteorology,0.048182917609267406,-0.7064349269247714,-0.658252009315504,0.0,False
2023-12-21,biomass_burning,meteorology,0.5654322637740847,0.7055490660480359,1.2709813298222343,1.1368683772161603e-13,False
2023-12-22,biomass_burning,meteorology,-0.12705192437647383,0.4763520150343652,0.41823172095269,0.06893163029479865,False
2023-12-23,biomass_burning,meteorology,0.12872148586512822,0.242377001232569,0.44003011739249587,0.06893163029479865,False
2023-12-24,biomass_burning,meteorology,1.077890931356535,-0.4681882582277126,0.6097026731288224,0.0,False
2023-12-25,biomass_burning,meteorology,0.3212932456280555,-0.6134302641987688,-0.2921370185707133,0.0,False
2023-12-26,biomass_burning,meteorology,0.657040843911318,-0.28376939195447903,0.373271451956839,0.0,False
2023-12-27,biomass_burning,meteorology,0.30721386260523786,0.13719979227670365,0.3695100073989579,-0.07490364748298362,False
2023-12-28,biomass_burning,meteorology,0.010176863172091544,-0.7900817964212479,-0.7799049332490995,5.684341886080802e-14,False
2023-12-29,biomass_burning,meteorology,-0.5561595636141305,0.29580577029321375,-0.19142216302611814,0.06893163029479865,False
2023-12-30,biomass_burning,meteorology,0.008583685518885886,0.08542261156850373,0.09400629708744646,5.684341886080802e-14,False
2023-12-31,biomass_burning,meteorology,0.11178890233799166,-0.039942395140599274,0.07184650719739238,0.0,False
2024-01-01,biomass_burning,meteorology,-0.42566518361974204,0.2566203582156845,-0.10011319510931571,0.06893163029474181,False
2024-01-02,biomass_burning,meteorology,-0.13594625520545378,-1.0328720831755618,-1.2006656075407705,-0.03184726915975489,False
2024-01-03,biomass_burning,meteorology,-0.3333096466834604,-3.498147493263616,-3.8633044091067745,-0.031847269159698044,False
2024-01-04,biomass_burning,meteorology,-0.632354772706492,-3.5167686498841135,-4.18097069175036,-0.03184726915975489,False
2024-01-05,biomass_burning,meteorology,2.281206426644644,-4.106528928197974,-0.793488564782308,1.0318339367710223,False
2024-01-06,biomass_burning,meteorology,2.8393893735095617,-4.296936685355547,-0.7746772528444126,0.6828700590015728,False
2024-01-07,biomass_burning,meteorology,0.502907470933792,-3.32769459257662,-1.8051469376330829,1.019640184009745,False
2024-01-08,biomass_burning,meteorology,-0.06196199570291583,-2.170952362958758,-2.5141014823748264,-0.2811871237131527,False
2024-01-09,biomass_burning,meteorology,0.35655580989106284,-1.7074147175346184,-1.6718698845775748,-0.32101097693401925,False
2024-01-10,biomass_burning,meteorology,-0.2887969229441296,-2.5610320120831602,-2.9481821141255864,-0.09835317909829655,False
2024-01-11,biomass_burning,meteorology,0.06080494232082856,-3.5523708685110478,-3.7727530499034287,-0.28118712371320953,False
2024-01-12,biomass_burning,meteorology,0.036960871078690616,-2.6586190641936014,-2.873737539754188,-0.25207934663927745,False
2024-01-13,biomass_burning,meteorology,-0.0514376896597355,-2.6966602393406447,-2.793068613025582,-0.04497068402520199,False
2024-01-14,biomass_burning,meteorology,-0.7977166089700631,-1.5760871954160507,-2.304872174091315,0.06893163029479865,False
2024-01-15,biomass_burning,meteorology,-0.09955025799195028,-2.380648618841633,-2.564674213576211,-0.08447533674262786,False
2024-01-16,biomass_burning,meteorology,-0.3023542580435219,-3.4959879572779755,-3.6886467343959453,0.10969548092555215,False
2024-01-17,biomass_burning,meteorology,-0.09203077875298504,-2.0672689144643073,-2.2479600835038696,-0.08866039028657724,False
2024-01-18,biomass_burning,meteorology,0.7356607344291319,-3.882134178071283,-0.7267939692343361,2.4196794744078147,True
2024-01-19,biomass_burning,meteorology,-0.12395148255785671,-1.0130686218940923,-0.8988403800190667,0.23817972443288227,False
2024-01-20,biomass_burning,meteorology,0.16928603032528144,0.4526226259914097,0.4147999937026725,-0.2071086626140186,False
2024-01-21,biomass_burning,meteorology,-0.009451123988583277,-0.5663201628632919,-0.6896736011719895,-0.11390231432011433,False
2024-01-22,biomass_burning,meteorology,0.2226328512422242,-1.078720476500564,-0.9405629620010245,-0.0844753367426847,False
2024-01-23,biomass_burning,meteorology,0.3830360111387563,-1.272287282478601,-0.8650195208739433,0.024231750465901314,False
2024-01-24,biomass_burning,meteorology,0.15666067842761322,-1.383758383469285,-1.0442855402774853,0.1828121647641865,False
2024-01-25,biomass_burning,meteorology,-0.2829188263005449,-1.1867323566677328,-1.4851948894162206,-0.015543706447942895,False
2024-01-26,biomass_burning,meteorology,1.036325980542017,-1.0014728743170735,0.19559558915767639,0.16074248293273286,False
2024-01-27,biomass_burning,meteorology,0.8895126058407641,-0.6266219555311636,0.18929227936752113,-0.07359837094207933,False
2024-01-28,biomass_burning,meteorology,0.942425938108272,-0.7415487920414421,0.042803438382065906,-0.15807370768476403,False
2024-01-29,biomass_burning,meteorology,1.1651018192990819,-1.306235459556433,-0.10085147672992889,0.0402821635274222,False
2024-01-30,biomass_burning,meteorology,1.0062226285106135,-1.47859894103442,-0.5459746834658858,-0.07359837094207933,False
2024-01-31,biomass_burning,meteorology,0.08835811819807304,-1.3653691198311435,-1.3336865215480316,-0.056675519914961114,False
2024-02-01,biomass_burning,meteorology,0.6407033029998388,-0.7328659700973503,-0.37149598484808166,-0.27933331775057013,False
2024-02-02,biomass_burning,meteorology,0.6875793709139941,-1.2291909016930163,-0.6466264259325101,-0.10501489515348794,False
2024-02-03,biomass_burning,meteorology,-0.41606161111423035,2.638648139337562,2.6021970203730973,0.37961049214976583,False
2024-02-04,biomass_burning,meteorology,-0.4658018517003768,2.7200384310909556,2.2542365793904935,-8.526512829121202e-14,False
2024-02-05,biomass_burning,meteorology,-0.14948371797967752,3.07859471404862,3.0104642062366906,0.0813532101677481,False
2024-02-06,biomass_burning,meteorology,0.8327101854666523,3.254238943450588,4.358349475784422,0.27140034686718195,False
2024-02-07,biomass_burning,meteorology,-1.3739431544289573,2.5412209060999373,1.3271679038029731,0.1598901521319931,False
2024-02-08,biomass_burning,meteorology,-0.901676833467917,1.780160969168378,0.9598373458681522,0.08135321016769126,False
2024-02-09,biomass_burning,meteorology,-0.6971062606413909,2.951578048265219,2.3358249977915477,0.08135321016771968,False
2024-02-10,biomass_burning,meteorology,-0.3354083042742104,2.160135415674148,1.9060803215676572,0.08135321016771968,False
2024-02-11,biomass_burning,meteorology,-0.967974556799021,1.8419279788120093,0.8739534220130452,5.684341886080802e-14,False
2024-02-12,biomass_burning,meteorology,-0.9442347530174402,2.551572011428931,1.4915763457130993,-0.1157609126983914,False
2024-02-13,biomass_burning,meteorology,-1.4456142292582967,2.3771881008503897,1.0101108135563663,0.07853694196427341,False
2024-02-14,biomass_burning,meteorology,-1.051038333593823,2.993282750833174,2.0207813592036246,0.07853694196427341,False
2024-02-15,biomass_burning,meteorology,-0.5935598964583164,1.7981798512072373,1.2831568967132512,0.07853694196433025,False
2024-02-16,biomass_burning,meteorology,-0.33068184494811703,1.207598383097718,0.8769165381496293,2.842170943040401e-14,False
2024-02-17,biomass_burning,meteorology,-1.0166545998826848,0.8169226035941506,0.015750275346135822,0.21548227163467004,False
2024-02-18,biomass_burning,meteorology,-0.5793696555775796,-6.0666540775930855,-6.5570120865360195,0.08901164663464556,False
2024-02-19,biomass_burning,meteorology,1.4839021693731524,-1.467467420090685,-0.020789221451735784,-0.03722397073420325,False
2024-02-20,biomass_burning,meteorology,-0.932837150141836,-0.5587703527991437,-1.4858845772555753,0.005722925685404334,False
2024-02-21,biomass_burning,meteorology,-0.7174598400695231,1.4981825280391377,0.6649617752713084,-0.11576091269830613,False
2024-02-22,biomass_burning,meteorology,1.0619976462781722,1.3240485436641904,2.386046189942391,2.842170943040401e-14,False
2024-02-23,biomass_burning,meteorology,0.6647676349523408,1.0626136918762938,1.727381326828663,2.842170943040401e-14,False
2024-02-24,biomass_burning,meteorology,-1.089278874349617,1.1549865759855606,0.226280819967684,0.16057311833174026,False
2024-02-25,biomass_burning,meteorology,-0.725923398840564,0.9613348434132547,0.3139483865369357,0.07853694196424499,False
2024-02-26,biomass_burning,meteorology,-0.9706947791343907,1.6028728496064844,0.7142142468394752,0.08203617636738159,False
2024-02-27,biomass_burning,meteorology,1.235867781079321,1.316419479326953,2.4365263477078827,-0.1157609126983914,False
2024-02-28,biomass_burning,meteorology,0.46954271862733776,0.12921088024165783,0.6772905408332974,0.07853694196430183,False
2024-02-29,biomass_burning,meteorology,0.4430557475689909,-1.2726764670517525,-0.7510837775184598,0.07853694196430183,False
2024-03-01,biomass_burning,meteorology,1.7548802090365143,0.7876709683637273,2.54255117740027,2.842170943040401e-14,False
2024-03-02,biomass_burning,meteorology,0.5570750562112039,-0.033010089058592484,0.5240649671526114,0.0,False
2024-03-03,biomass_burning,meteorology,-0.6064723145232165,1.9077058690783133,1.3012335545550684,-2.842170943040401e-14,False
2024-03-04,biomass_burning,meteorology,-0.18582259052246286,0.7880732264983124,0.6022506359758495,0.0,False
2024-03-05,biomass_burning,meteorology,-0.04145915178571613,0.7049423263281227,0.6634831745423924,-1.4210854715202004e-14,False
2024-03-06,biomass_burning,meteorology,-0.03364469774615486,0.6861949273740464,0.719827208022707,0.0672769783948155,False
2024-03-07,biomass_burning,meteorology,-0.1401111180294521,0.8692858338466891,0.7291747158172512,1.4210854715202004e-14,False
2024-03-08,biomass_burning,meteorology,0.12597079572542214,0.7448231600459962,0.8983499399832766,0.02755598421185823,False
2024-03-09,biomass_burning,meteorology,0.32300634849097776,0.7266685436144087,1.077230876317259,0.027555984211872442,False
2024-03-10,biomass_burning,meteorology,0.40685954274967173,0.5863951572093526,1.1846592302960346,0.19140453033701021,False
2024-03-11,biomass_burning,meteorology,0.37156175747720965,0.8473950528807137,1.2465127945697816,0.02755598421185823,False
2024-03-12,biomass_burning,meteorology,0.11283505647932657,0.899369312734521,1.1638879053679148,0.15168353615406716,False
2024-03-13,biomass_burning,meteorology,0.12149262804059902,0.7358317792623978,1.0090079434570356,0.15168353615403873,False
2024-03-14,biomass_burning,meteorology,0.02604417356860722,0.9098770057611034,1.0876047154837636,0.15168353615405294,False
2024-03-15,biomass_burning,meteorology,-0.03646688988095548,1.2004199417041548,1.288080603765394,0.12412755194219471,False
2024-03-16,biomass_burning,meteorology,0.06700646732632265,0.9872036051723398,1.2058936086527154,0.15168353615405294,False
2024-03-17,biomass_burning,meteorology,0.007548638091094517,1.0069653656723148,1.1386415557055898,0.1241275519421805,False
2024-03-18,biomass_burning,meteorology,0.07507997409500433,0.990005346024887,1.1606804607185666,0.09559514059867524,False
2024-03-19,biomass_burning,meteorology,0.04401552797202157,1.0825764868783807,1.1265920148504165,1.4210854715202004e-14,False
2024-03-20,biomass_burning,meteorology,-0.015578803478462078,1.1607987187698257,1.2408150558900104,0.09559514059864682,False
2024-03-21,biomass_burning,meteorology,-0.02501674716025093,1.1098640331675966,1.0848472860073457,0.0,False
2024-03-22,biomass_burning,meteorology,-0.06095876836359082,1.3835609391168333,1.390641327140031,0.06803915638678859,False
2024-03-23,biomass_burning,meteorology,0.09647588088034809,1.262807428285214,1.3868392933774345,0.027555984211872442,False
2024-03-24,biomass_burning,meteorology,-0.06095876836357661,1.6184694385642757,1.6255498265874877,0.06803915638678859,False
2024-03-25,biomass_burning,meteorology,0.08026967122799533,1.565990612787914,1.673816268227796,0.027555984211886653,False
2024-03-26,biomass_burning,meteorology,-0.06903227513225829,1.6216056770437604,1.5525734019114736,-2.842170943040401e-14,False
2024-03-27,biomass_burning,meteorology,0.052460352908340724,1.5468566400008115,1.626872977120982,0.02755598421182981,False
2024-03-28,biomass_burning,meteorology,-0.1940151875460714,1.74161104301686,1.615635011857563,0.06803915638677438,False
2024-03-29,biomass_burning,meteorology,0.07262004659799004,1.6240700683160867,1.8015211804267324,0.10483106551265564,False
2024-03-30,biomass_burning,meteorology,-0.01201937932752628,1.7383573891557091,1.8036130911289945,0.07727508130081162,False
2024-03-31,biomass_burning,meteorology,0.03336058555755983,1.765741363124846,1.9039330141951183,0.10483106551271248,False
2024-04-01,biomass_burning,meteorology,0.0,2.0462021327930557,2.0462021327930557,0.0,False
2024-04-02,biomass_burning,meteorology,0.05341924701842515,2.0436614006865454,2.2212081996471653,0.12412755194219471,False
2024-04-03,biomass_burning,meteorology,0.05341924701842515,2.097054689371191,2.2746014883318253,0.12412755194220892,False
2024-04-04,biomass_burning,meteorology,0.025841526591861452,2.398508086002309,2.653308230049035,0.22895861745486457,False
2024-04-05,biomass_burning,meteorology,-0.010625363289079814,2.0460953292648014,2.264428583430586,0.22895861745486457,False
2024-04-06,biomass_burning,meteorology,0.09092784845168467,1.8218600308197779,2.1417464967263697,0.2289586174549072,False
2024-04-07,biomass_burning,meteorology,-0.20210546898194082,1.5149534283913795,1.4369755113516192,0.1241275519421805,False
2024-04-08,biomass_burning,meteorology,0.10378765521370781,1.8776227485813877,2.105537955737276,0.1241275519421805,False
2024-04-09,biomass_burning,meteorology,0.08872588808912951,1.875953329631301,2.1660818509634083,0.2014026332429779,False
2024-04-10,biomass_burning,meteorology,0.11848383266357132,2.029186917993286,2.3490733838998494,0.20140263324299212,False
2024-04-11,biomass_burning,meteorology,0.11848383266357132,1.889912931065183,2.2097993969717606,0.20140263324300633,False
2024-04-12,biomass_burning,meteorology,0.08872588808912951,1.9279873358270834,2.218115857159219,0.20140263324300633,False
2024-04-13,biomass_burning,meteorology,0.06116990387725707,1.8027019727571627,2.0928304940892986,0.22895861745487878,False
2024-04-14,biomass_burning,meteorology,0.06116990387727128,1.840394250774878,2.130522772107014,0.22895861745486457,False
2024-04-15,biomass_burning,meteorology,0.10156824487857818,1.9258429549644944,2.1790947359971113,0.15168353615403873,False
2024-04-16,biomass_burning,meteorology,0.07381465652721886,1.9606454135319353,2.2805318794384988,0.24607180937934459,False
2024-04-17,biomass_burning,meteorology,0.0928739039648292,1.9811007347184244,2.2753772719262315,0.2014026332429779,False
2024-04-18,biomass_burning,meteorology,-0.15163109438297795,1.5710786003837427,1.6208501392437569,0.20140263324299212,False
2024-04-19,biomass_burning,meteorology,-0.030750688451291808,1.9096287602459796,2.124949881174061,0.246071809379373,False
2024-04-20,biomass_burning,meteorology,0.11848383266357132,2.0748822906555517,2.3947687565621294,0.20140263324300633,False
2024-04-21,biomass_burning,meteorology,0.08872588808914372,1.9064785615868658,2.1966070829189874,0.2014026332429779,False
2024-04-22,biomass_burning,meteorology,0.08872588808912951,1.8929933122424956,2.1831218335746314,0.20140263324300633,False
2024-04-23,biomass_burning,meteorology,0.08872588808912951,1.9087818414237177,2.1989103627558535,0.20140263324300633,False
2024-04-24,biomass_burning,meteorology,0.06399767194926653,1.7288201536178889,1.9942204588101475,0.20140263324299212,False
2024-04-25,biomass_burning,meteorology,0.06399767194928074,1.7288201536178889,1.994220458810176,0.20140263324300633,False
2024-04-26,biomass_burning,meteorology,0.034239727374853146,1.8710321869458681,2.1066745475637134,0.20140263324299212,False
2024-04-27,biomass_burning,meteorology,0.034239727374853146,1.7055884090169542,1.9412307696347852,0.2014026332429779,False
2024-04-28,biomass_burning,meteorology,0.08872588808912951,1.7829232392469692,2.073051760579091,0.20140263324299212,False
2024-04-29,biomass_burning,meteorology,0.022091203215168775,1.8329577821839393,2.0564516186421287,0.20140263324302055,False
2024-04-30,biomass_burning,meteorology,-0.03239495749910759,1.8329577821839536,2.0019654579278665,0.20140263324302055,False
2024-05-01,biomass_burning,meteorology,0.11848383266355711,1.975557657353491,2.2954441232600544,0.20140263324300633,False
2024-05-02,biomass_burning,meteorology,0.19575891396438294,2.006819350412883,2.3267058163194463,0.1241275519421805,False
2024-05-03,biomass_burning,meteorology,0.2024678592708824,2.127204657189097,2.453800068402188,0.12412755194220892,False
2024-05-04,biomass_burning,meteorology,0.034239727374838935,1.8647500043597347,2.100392364977594,0.20140263324302055,False
2024-05-05,biomass_burning,meteorology,0.006683743162994915,1.8328548498731436,2.0684972104910173,0.22895861745487878,False
2024-05-06,biomass_burning,meteorology,0.4392242366597401,1.976968939058878,2.6451517931734827,0.22895861745486457,False
2024-05-07,biomass_burning,meteorology,0.4392242366597401,1.9312735663966123,2.599456420511217,0.22895861745486457,False
2024-05-08,biomass_burning,meteorology,0.39987705628206527,1.5783330394454254,2.2071687131823694,0.22895861745487878,False
2024-05-09,biomass_burning,meteorology,0.4766562131711538,1.8384685153912272,2.588752522153598,0.27362779359121703,False
2024-05-10,biomass_burning,meteorology,0.5685746619472383,2.0078711888968,2.850073644435284,0.27362779359124545,False
2024-05-11,biomass_burning,meteorology,0.6132438380836476,1.7394224635981743,2.581624919136658,0.22895861745483614,False
2024-05-12,biomass_burning,meteorology,0.5289997327949152,1.813431405586769,2.5713897558365204,0.22895861745483614,False
2024-05-13,biomass_burning,meteorology,0.8919576634782516,1.9152370438800546,3.036153324813185,0.22895861745487878,False
2024-05-14,biomass_burning,meteorology,0.862199718903824,2.1168471333609915,3.208005469719666,0.22895861745485035,False
2024-05-15,biomass_burning,meteorology,0.8621997189038098,2.078772728599091,3.1699310649577654,0.22895861745486457,False
2024-05-16,biomass_burning,meteorology,0.8919576634782658,1.9615111293435774,3.0824274102767077,0.22895861745486457,False
2024-05-17,biomass_burning,meteorology,0.9533017158358206,1.9831281839836095,3.1378325330624506,0.20140263324302055,False
2024-05-18,biomass_burning,meteorology,0.9533017158358206,1.9122252674292497,3.0669296165080766,0.20140263324300633,False
2024-05-19,biomass_burning,meteorology,0.9257457316239766,1.8757246205961309,3.0304289696749436,0.22895861745483614,False
2024-05-20,biomass_burning,meteorology,0.9257457316239766,1.946651201118101,3.101355550196942,0.22895861745486457,False
2024-05-21,biomass_burning,meteorology,0.3306219809058888,1.9170675371393173,2.4766481355000423,0.22895861745483614,False
2024-05-22,biomass_burning,meteorology,0.006683743162994915,1.9400522494531316,2.1756946100709627,0.22895861745483614,False
2024-05-23,biomass_burning,meteorology,-0.021284574275412638,1.946399726602678,2.198742945918511,0.27362779359124545,False
2024-05-24,biomass_burning,meteorology,0.3696416738463597,1.9756501090318892,2.5742504003330993,0.22895861745485035,False
2024-05-25,biomass_burning,meteorology,0.06116990387727128,1.7414583054525252,2.031586826784661,0.22895861745486457,False
2024-05-26,biomass_burning,meteorology,0.046258672315346416,1.9441485677312471,2.2640350336378248,0.27362779359123124,False
2024-05-27,biomass_burning,meteorology,-0.01892618553576142,1.9862288004814417,2.196261232400545,0.22895861745486457,False
2024-05-28,biomass_burning,meteorology,-0.01892618553577563,1.9620149455315499,2.172047377450653,0.22895861745487878,False
2024-05-29,biomass_burning,meteorology,0.06399767194929495,1.9708812970885248,2.236281602280812,0.20140263324299212,False
2024-05-30,biomass_burning,meteorology,0.034239727374853146,2.1101552840166278,2.3457976446344873,0.20140263324300633,False
2024-05-31,biomass_burning,meteorology,0.024039829469927554,2.046454571815943,2.2718970345288625,0.20140263324299212,False
2024-06-01,biomass_burning,meteorology,0.08872588808914372,1.86674366852246,2.156872189854596,0.20140263324299212,False
2024-06-02,biomass_burning,meteorology,0.03530664107069015,1.9234885150443262,2.1601977893580084,0.20140263324299212,False
2024-06-03,biomass_burning,meteorology,0.018446783254020716,2.0334814229791505,2.298000015612544,0.246071809379373,False
2024-06-04,biomass_burning,meteorology,0.06091656976944648,2.22380091888796,2.4861201219003988,0.20140263324299212,False
2024-06-05,biomass_burning,meteorology,0.08872588808914372,2.065375798088226,2.355504319420362,0.20140263324299212,False
2024-06-06,biomass_burning,meteorology,-0.2784988013310823,2.101344208776311,2.1507304610313582,0.3278850535861295,False
2024-06-07,biomass_burning,meteorology,0.06091656976943227,2.1196632903218955,2.381982493334334,0.20140263324300633,False
2024-06-08,biomass_burning,meteorology,-0.16946166382594186,2.025654803905269,2.0973167675052906,0.2411236274259636,False
2024-06-09,biomass_burning,meteorology,0.07625169863648296,2.0117465374484595,2.289400869327949,0.20140263324300633,False
2024-06-10,biomass_burning,meteorology,-0.14531423768761442,1.943707381061671,2.0678349330038515,0.2694417896297949,False
2024-06-11,biomass_burning,meteorology,0.04774990253690703,1.9896613132693517,2.3068530054360394,0.2694417896297807,False
2024-06-12,biomass_burning,meteorology,-0.19517760569139853,2.008584584159621,2.0828487680980174,0.2694417896297949,False
2024-06-13,biomass_burning,meteorology,-0.10536229886729132,2.1778233227126265,2.2738636570883273,0.20140263324299212,False
2024-06-14,biomass_burning,meteorology,-0.14508329305029122,1.4346272567509288,1.5306675911266439,0.24112362742600624,False
2024-06-15,biomass_burning,meteorology,0.002741255819373123,1.6171654355309926,1.6971817726511773,0.07727508130081162,False
2024-06-16,biomass_burning,meteorology,-0.14630735643309833,1.466696586469439,1.5217918632793612,0.20140263324302055,False
2024-06-17,biomass_burning,meteorology,-0.272092503595033,0.6260103823951653,0.35391787880011805,-1.4210854715202004e-14,False
2024-06-18,biomass_burning,meteorology,-0.21675129837713314,0.3061453888620065,0.21352164242705385,0.1241275519421805,False
2024-06-19,biomass_burning,meteorology,0.01772950133432971,0.5855096356941658,0.6032391370284955,0.0,False
2024-06-20,biomass_burning,meteorology,-0.15716431761529748,1.9793130630978908,1.899423826783405,0.07727508130081162,False
2024-06-21,biomass_burning,meteorology,0.007750656858817706,2.0237681525999136,2.260477426913596,0.22895861745486457,False
2024-06-22,biomass_burning,meteorology,-0.24184456784630015,2.006867764071373,2.042353590640758,0.2773303944156851,False
2024-06-23,biomass_burning,meteorology,-0.1827742463140254,2.042359769930556,1.9368606049173138,0.0772750813007832,False
2024-06-24,biomass_burning,meteorology,-0.18504046730441814,1.7631647925026783,1.9148430932228564,0.3367187680245962,False
2024-06-25,biomass_burning,meteorology,-0.2712902688468688,2.059082938310823,1.9331069071515543,0.1453142376876002,False
2024-06-26,biomass_burning,meteorology,0.020193918325020377,1.9132679915075244,2.1063321317320316,0.17287022189948686,False
2024-06-27,biomass_burning,meteorology,0.12033020989527188,1.8336386721063747,2.1829274994564827,0.22895861745483614,False
2024-06-28,biomass_burning,meteorology,-0.07727508130081162,1.957441329082684,1.957441329082684,0.07727508130081162,False
2024-06-29,biomass_burning,meteorology,-0.14630735643308412,1.957441329082684,1.8884090539504115,0.07727508130081162,False
2024-06-30,biomass_burning,meteorology,-0.1863296833090402,1.7959974164164407,1.7549819707949865,0.145314237687586,False
2024-07-01,biomass_burning,meteorology,-0.11790252439060112,2.0455940529569148,1.9957306849531165,0.0680391563868028,False
2024-07-02,biomass_burning,meteorology,0.07885028892279422,2.4088975316119843,2.4877478205347785,0.0,False
2024-07-03,biomass_burning,meteorology,-1.4210854715202004e-14,3.4881474345740457,3.382786980028598,-0.10536045454543341,False
2024-07-04,biomass_burning,meteorology,-0.05117206441121169,4.208560441763403,3.9501219332234285,-0.20726644412876283,False
2024-07-05,biomass_burning,meteorology,-0.03826249102444734,3.8574811733708145,3.6119522382176044,-0.20726644412876283,False
2024-07-06,biomass_burning,meteorology,-0.034922857562854404,4.229696935017749,3.867518909099317,-0.32725516835557755,False
2024-07-07,biomass_burning,meteorology,-0.18059201363090693,4.134221592141188,3.782699506769582,-0.17093007174069896,False
2024-07-08,biomass_burning,meteorology,-0.14566915606807385,3.729506084090957,3.532895580508992,-0.050941347513891344,False
2024-07-09,biomass_burning,meteorology,-0.07802917385645003,3.746627469750422,3.7786428858800534,0.11004458998608158,False
2024-07-10,biomass_burning,meteorology,-0.03251256385695456,4.0341557998787465,4.006327371462419,0.0046841354406268465,False
2024-07-11,biomass_burning,meteorology,-0.05729005104942786,5.700420203762114,4.95765017895657,-0.6854799737561166,False
2024-07-12,biomass_burning,meteorology,-0.1998549907986913,3.900390915869842,3.6159233795105905,-0.08461254556056019,False
2024-07-13,biomass_burning,meteorology,-0.3144643449428841,4.522994782482456,3.6468159532607842,-0.561714484278788,False
2024-07-14,biomass_burning,meteorology,-0.10470573202428568,4.083966701515408,3.8592722452643287,-0.11998872422679341,False
2024-07-15,biomass_burning,meteorology,-0.17385433017256702,4.3947849529267415,4.2209306227541745,0.0,False
2024-07-16,biomass_burning,meteorology,-0.0749335283221626,3.8976145532974016,3.822681024975232,-7.105427357601002e-15,False
2024-07-17,biomass_burning,meteorology,-0.052566334835574935,3.8893014427008197,3.8367351078652376,-7.105427357601002e-15,False
2024-07-18,biomass_burning,meteorology,-0.18331565721715748,3.749067816460233,3.445763435016268,-0.11998872422680762,False
2024-07-19,biomass_burning,meteorology,-0.17042661322756913,3.6314464581772867,3.484927270976982,0.023907426027264478,False
2024-07-20,biomass_burning,meteorology,-0.9351009442315572,4.573441521608473,3.229496724750888,-0.4088438526260276,False
2024-07-21,biomass_burning,meteorology,-0.1764099930450982,4.218155898641214,4.1880668636637,0.14632095806758372,False
2024-07-22,biomass_burning,meteorology,-0.12824475915987676,4.28240263417478,4.20512251708432,0.050964642069416755,False
2024-07-23,biomass_burning,meteorology,0.2303711390204981,-12.233162291418758,-12.14886089011572,-0.14606973771746112,False
2024-07-24,biomass_burning,meteorology,0.027785497848419993,4.183140529085804,4.333377893678183,0.12245186674395825,False
2024-07-25,biomass_burning,meteorology,0.07420326103481756,4.7656754976734135,4.962330625452161,0.12245186674392983,False
2024-07-26,biomass_burning,meteorology,0.11443051639493262,4.977093793118193,5.213976176257056,0.12245186674392983,False
2024-07-27,biomass_burning,meteorology,0.10030956339723929,5.011610785743706,5.156705665956714,0.04478531681576925,False
2024-07-28,biomass_burning,meteorology,0.0,4.623994659535484,4.623994659535498,1.4210854715202004e-14,False
2024-07-29,biomass_burning,meteorology,-0.05729005104942786,4.716802475860909,4.557606435228138,-0.10190598958334363,False
2024-07-30,biomass_burning,meteorology,-0.17613253122252104,5.135485252333218,4.375778736937917,-0.5835739841727801,False
2024-07-31,biomass_burning,meteorology,-0.03492285756284019,4.610908559303098,4.575985701740258,0.0,False
2024-08-01,biomass_burning,meteorology,-0.017523368217425173,5.066393972569848,4.626282557679652,-0.4225880466727716,False
2024-08-02,biomass_burning,meteorology,0.03435116881961875,4.472850236852828,4.668187343172434,0.16098593749998713,False
2024-08-03,biomass_burning,meteorology,-0.11131798724844089,3.596028899229651,3.525708125254404,0.04099721327319372,False
2024-08-04,biomass_burning,meteorology,-0.49586265733004353,2.7043695821618883,2.6074427818079755,0.39893585697613076,False
2024-08-05,biomass_burning,meteorology,-0.867981905001578,2.672889779037547,2.2318001456391343,0.42689227160316534,False
2024-08-06,biomass_burning,meteorology,-1.0650754947014747,2.4573660295885205,1.813027270242337,0.4207367353552911,False
2024-08-07,biomass_burning,meteorology,-0.6334229412310037,2.955821007665371,2.509043726131992,0.18664565969762492,False
2024-08-08,biomass_burning,meteorology,-0.10047628199681213,2.8944298329629774,2.978846914493438,0.18489336352727292,False
2024-08-09,biomass_burning,meteorology,-0.1564048282744821,3.4509695907040836,2.949145476282908,-0.3454192861466936,False
2024-08-10,biomass_burning,meteorology,-0.27372045932893485,3.8473988055269928,3.9102215858908522,0.3365432396927943,False
2024-08-11,biomass_burning,meteorology,-0.7329868885803634,-0.23849172113009587,-0.6330991594316657,0.33837945027879357,False
2024-08-12,biomass_burning,meteorology,-0.8365084508926302,4.3943438604029055,3.6824280696336515,0.12459266012337622,False
2024-08-13,biomass_burning,meteorology,-0.08194278851819092,5.108950970876457,4.5260719863669365,-0.5009361959913292,False
2024-08-14,biomass_burning,meteorology,-0.7339374984843516,4.116145270501015,2.9877436214798863,-0.39446415053677697,False
2024-08-15,biomass_burning,meteorology,0.2000006656082789,2.8165750651547654,3.042779849219727,0.02620411845668258,False
2024-08-16,biomass_burning,meteorology,-0.16453815715685494,3.4084601699271317,3.2603393669163907,0.016417354146113894,False
2024-08-17,biomass_burning,meteorology,-1.1893243584571067,3.0871653079683696,2.022433609634625,0.12459266012336201,False
2024-08-18,biomass_burning,meteorology,-0.275721979464727,4.046485074135298,3.7437058786284183,-0.027057216042152277,False
2024-08-19,biomass_burning,meteorology,-0.4890943787394093,4.2365834596180605,3.6004431406096984,-0.1470459402689528,False
2024-08-20,biomass_burning,meteorology,-0.511461572225997,4.3185856496142705,3.6600781371193065,-0.147045940268967,False
2024-08-21,biomass_burning,meteorology,-0.316835072489674,3.864131427146141,3.520239138614336,-0.02705721604213096,False
2024-08-22,biomass_burning,meteorology,-1.1909578566424486,1.4641819191380065,0.1434715662493815,-0.12975249624617646,False
2024-08-23,biomass_burning,meteorology,-3.1149984313890116,3.031135445686388,0.1096595188454188,0.1935225045480422,False
2024-08-24,biomass_burning,meteorology,-3.3777612260371868,0.19020680591006567,-3.183376542043632,0.004177878083488906,False
2024-08-25,biomass_burning,meteorology,-3.6174786248942965,3.3156104964763955,-0.09480508659992637,0.20706304181797464,False
2024-08-26,biomass_burning,meteorology,-2.763809697937674,2.933325364722492,0.4253473706577182,0.2558317038729001,False
2024-08-27,biomass_burning,meteorology,-2.8037983449525683,4.807556744674557,2.2416315643349876,0.23787316461299923,False
2024-08-28,biomass_burning,meteorology,-3.388941071229482,3.7030757934470486,0.5419736015181655,0.22783887930059876,False
2024-08-29,biomass_burning,meteorology,-4.385153120122894,2.79631387457016,-1.4572067233177108,0.13163252223502298,False
2024-08-30,biomass_burning,meteorology,-3.1313781484616072,1.1976535802116786,-1.7867904698946049,0.14693409835532378,False
2024-08-31,biomass_burning,meteorology,-2.947926829956174,0.10881166918120044,-2.815293530676165,0.023821630098808555,False
2024-09-01,biomass_burning,meteorology,-3.223284866180464,0.38788832039863763,-2.8673741561877932,-0.03197761040596703,False
2024-09-02,biomass_burning,meteorology,-3.0929173931239973,1.9799867936653044,-1.0755727954430228,0.037357804015670126,False
2024-09-03,biomass_burning,meteorology,-2.60253295605542,1.0208562140440662,-1.480865096979997,0.10081164503135653,False
2024-09-04,biomass_burning,meteorology,-0.33508346131081623,-0.6024058926198563,-0.9168360939477225,0.02065325998295009,False
2024-09-05,biomass_burning,meteorology,0.006133663184527904,-0.36550364002440006,-0.5636719474939866,-0.20430197065411448,False
2024-09-06,biomass_burning,meteorology,0.18336880753290075,-0.9976343191991432,-0.8985787580935494,-0.08431324642730686,False
2024-09-07,biomass_burning,meteorology,-0.3518116798470885,-0.2327735867191052,-0.5885569701613562,-0.0039717035951625235,False
2024-09-08,biomass_burning,meteorology,-0.8864240510701293,0.3537291122142392,-0.7342554855617962,-0.20156054670590606,False
2024-09-09,biomass_burning,meteorology,0.07864739896231043,-0.007094986817236304,0.014319374051083855,-0.057233038093990274,False
2024-09-10,biomass_burning,meteorology,-0.3025993224459924,0.12700415681317168,-0.29955559345476956,-0.12396042782194883,False
2024-09-11,biomass_burning,meteorology,0.35132887641152166,-0.47780607635530004,-0.18371023803774733,-0.05723303809396896,False
2024-09-12,biomass_burning,meteorology,0.16074194957267451,-0.561321768692082,-0.577801581440184,-0.17722176232077658,False
2024-09-13,biomass_burning,meteorology,0.18709779782503233,0.6296696046674413,0.7595343643985046,-0.05723303809396896,False
2024-09-14,biomass_burning,meteorology,-0.22215918026120107,0.7044650839359576,0.4250728655807592,-0.05723303809399738,False
2024-09-15,biomass_burning,meteorology,0.01739948934542923,0.6939404467699504,0.6541068980213822,-0.05723303809399738,False
2024-09-16,biomass_burning,meteorology,-0.8583776916063002,0.39125235030518724,-0.41788633394055097,0.04923900736056197,False
2024-09-17,biomass_burning,meteorology,-0.5547730362797125,0.12209406710004345,-0.48991200727365225,-0.05723303809398317,False
2024-09-18,biomass_burning,meteorology,-1.4017618506195575,1.0021453372847802,-0.4568495514287534,-0.05723303809397606,False
2024-09-19,biomass_burning,meteorology,-0.1952256424462675,1.0540183196077564,0.8015596390675057,-0.05723303809398317,False
2024-09-20,biomass_burning,meteorology,-0.0749335283221626,0.6252157498791746,0.49304918346302173,-0.057233038093990274,False
2024-09-21,biomass_burning,meteorology,0.017415165891726758,0.6302353561553886,0.5633372756198085,-0.08431324642730686,False
2024-09-22,biomass_burning,meteorology,-0.4170921844418274,1.6849425332722632,1.1835371024031218,-0.08431324642731397,False
2024-09-23,biomass_burning,meteorology,0.01780878737928049,2.2876738010423523,2.3007949776331102,-0.004687610788522534,False
2024-09-24,biomass_burning,meteorology,-0.10258923488137839,2.3046815686052398,2.144859295629871,-0.057233038093990274,False
2024-09-25,biomass_burning,meteorology,-0.5661744948273721,2.372800745786762,1.7493932128654066,-0.05723303809398317,False
2024-09-26,biomass_burning,meteorology,-0.058150651985563684,2.01043867034911,1.895054980269549,-0.05723303809399738,False
2024-09-27,biomass_burning,meteorology,-0.16647083588024003,1.88011406848792,1.608282778062211,-0.10536045454546894,False
2024-09-28,biomass_burning,meteorology,0.07647943726208695,1.7415629814439129,1.7126819641605309,-0.10536045454546894,False
2024-09-29,biomass_burning,meteorology,0.17044098470960733,1.7732743569019007,1.8383548870660533,-0.10536045454545473,False
2024-09-30,biomass_burning,meteorology,0.21831727877432883,2.277600551081157,2.3634771669767005,-0.13244066287878553,False
2024-10-01,biomass_burning,meteorology,-0.49692046676848634,2.4518625083628933,1.8225013787156286,-0.13244066287877843,False
2024-10-02,biomass_burning,meteorology,0.6739391377642789,-11.247066304655021,-10.562652462220399,0.010474704670343726,False
2024-10-03,biomass_burning,meteorology,-0.11273752852008556,-12.091081523585174,-12.066873722434934,0.13694532967032558,False
2024-10-04,biomass_burning,meteorology,-0.2731009437248133,-3.2964041768825325,-3.685266033305737,-0.1157609126983914,False
2024-10-05,biomass_burning,meteorology,-0.05831758539937937,-4.121628676547175,-4.179946261946554,0.0,False
2024-10-06,biomass_burning,meteorology,0.1518032750517193,-1.4389295206611905,-1.2871262456094144,5.684341886080802e-14,False
2024-10-07,biomass_burning,meteorology,0.359571395663977,-1.5443769852124376,-1.1848055895483753,8.526512829121202e-14,False
2024-10-08,biomass_burning,meteorology,-0.4362956793407875,0.6395025801177496,0.20320690077690529,-5.684341886080802e-14,False
2024-10-09,biomass_burning,meteorology,-0.06637261157845842,0.8407486823014665,0.7743760707229512,-5.684341886080802e-14,False
2024-10-10,biomass_burning,meteorology,-0.2944416249441133,-0.21736134142088304,-0.5118029663649963,0.0,False
2024-10-11,biomass_burning,meteorology,-0.322262688473387,0.24948948823151795,-0.18853411294028888,-0.11576091269841982,False
2024-10-12,biomass_burning,meteorology,-0.15831849247624064,-3.174106524675608,-3.195479687481509,0.1369453296703398,False
2024-10-13,biomass_burning,meteorology,-0.31688933132576835,0.5604299670006583,0.24354063567488993,0.0,False
2024-10-14,biomass_burning,meteorology,1.5425213344902318,0.18968343545526523,1.732204769945497,0.0,False
2024-10-15,biomass_burning,meteorology,1.0462166047374524,0.6328949094459517,1.6791115141833757,-2.842170943040401e-14,False
2024-10-16,biomass_burning,meteorology,-0.0368472852404409,-0.7712449885640353,-0.549663105750227,0.2584291680542492,False
2024-10-17,biomass_burning,meteorology,0.3744867049872198,-0.8402248921937883,-0.3337796441524574,0.13195854305411103,False
2024-10-18,biomass_burning,meteorology,0.4796623386100691,1.3608885558114707,1.8405508944215399,0.0,False
2024-10-19,biomass_burning,meteorology,0.014254341820077343,0.5866056804703703,0.6008600222904477,0.0,False
2024-10-20,biomass_burning,meteorology,-0.015368510201312802,0.5906402947856009,0.5752717845842596,-2.842170943040401e-14,False
2024-10-21,biomass_burning,meteorology,-1.084465514196637,-0.018299194615110537,-0.9851561303803464,0.11760857843140116,False
2024-10-22,biomass_burning,meteorology,-0.45652109726981394,-0.3585689352016743,-0.8150900324714598,2.842170943040401e-14,False
2024-10-23,biomass_burning,meteorology,-0.7970846217665155,-0.3198390841004084,-1.1169237058669808,-5.684341886080802e-14,False
2024-10-24,biomass_burning,meteorology,1.0899279918612308,-1.5613785461373766,-0.4714505542761174,2.842170943040401e-14,False
2024-10-25,biomass_burning,meteorology,1.3168489063535844,-1.4012060482318702,-0.08435714187820054,8.526512829121202e-14,False
2024-10-26,biomass_burning,meteorology,0.7086040872108583,-1.136806066623194,-0.2931139491093404,0.13508803030299532,False
2024-10-27,biomass_burning,meteorology,1.590059776268106,-0.8253065506584107,0.764753225609752,5.684341886080802e-14,False
2024-10-28,biomass_burning,meteorology,0.07545564982461883,-0.752807080346173,-0.44823722597612914,0.22911420454542508,False
2024-10-29,biomass_burning,meteorology,-2.268273643145392,-0.4292503671324539,-2.6975240102778457,0.0,False
2024-10-30,biomass_burning,meteorology,-2.963418555382532,-0.874708941734383,-3.838127497116915,0.0,False
2024-10-31,biomass_burning,meteorology,-16.441253860682593,-1.3537777862651126,-17.790574526555332,0.004457120392373781,False
2024-11-01,biomass_burning,meteorology,-23.70499234479368,-1.059147265951026,-25.337756801014024,-0.5736171902693172,False
2024-11-02,biomass_burning,meteorology,-25.333315732242454,1.8298896721040876,-23.879053664348902,-0.37562760421053554,False
2024-11-03,biomass_burning,meteorology,-15.711014612791814,3.769738561333952,-12.185791047413801,-0.24451499595593873,False
2024-11-04,biomass_burning,meteorology,-10.658785512153486,4.265315010574909,-6.459558351111525,-0.06608784953294844,False
2024-11-05,biomass_burning,meteorology,-10.74957170682211,4.70928230908703,-5.989845471978782,0.05044392575629786,False
2024-11-06,biomass_burning,meteorology,-9.113810029832365,3.4541787810658207,-5.865705743828073,-0.20607449506152875,False
2024-11-07,biomass_burning,meteorology,-5.071403863917567,3.418386512830864,-1.862043901884988,-0.20902655079828492,False
2024-11-08,biomass_burning,meteorology,-1.2945110580425876,7.508530208587047,5.3404574229617765,-0.8735617275826826,False
2024-11-09,biomass_burning,meteorology,-2.0977001851612727,9.071878049259112,6.2635089263990835,-0.710668937698756,False
2024-11-10,biomass_burning,meteorology,-1.6289979310066087,9.687240546468217,7.185137186385873,-0.8731054290757356,False
2024-11-11,biomass_burning,meteorology,-1.7866350851020911,10.466470083550632,7.784583496613209,-0.8952515018353324,False
2024-11-12,biomass_burning,meteorology,-1.7647736460126566,10.95576969850606,8.295744550658128,-0.8952515018352756,False
2024-11-13,biomass_burning,meteorology,-1.6368188281858806,10.760776241010262,8.155132928643525,-0.9688244841808569,False
2024-11-14,biomass_burning,meteorology,-2.3673759014900497,11.201810845129785,7.5326985603884395,-1.3017363832512956,False
2024-11-15,biomass_burning,meteorology,-1.910099694756866,12.49808352598302,9.220525241895245,-1.3674585893309086,False
2024-11-16,biomass_burning,meteorology,-1.517455175670591,11.076644516331669,8.451752420510786,-1.1074369201502918,False
2024-11-17,biomass_burning,meteorology,-1.945070692370507,9.938495924305244,7.25537692878396,-0.7380483031507765,False
2024-11-18,biomass_burning,meteorology,-1.9330495340390712,3.952078818259281,1.7266848850592282,-0.29234439916098154,False
2024-11-19,biomass_burning,meteorology,-2.435315222274255,-2.040507068319755,-4.3985991494939185,0.07722314110009165,False
2024-11-20,biomass_burning,meteorology,-3.2826449362248695,-1.8783558971304615,-5.083777692255296,0.07722314110003481,False
2024-11-21,biomass_burning,meteorology,-7.745326129633497,-0.5306424487517347,-8.710607702266316,-0.43463912388108383,False
2024-11-22,biomass_burning,meteorology,-7.45598439530761,-1.1156979629455464,-9.33395406441889,-0.762271706165734,False
2024-11-23,biomass_burning,meteorology,-7.744467463709384,0.16508302767459782,-7.904660154118744,-0.32527571808395805,False
2024-11-24,biomass_burning,meteorology,-1.2437813178883061,-0.9845500101015432,-2.159399697694994,0.0689316302948555,False
2024-11-25,biomass_burning,meteorology,-1.4911647724221666,-0.8245715294925731,-2.246804671619941,0.06893163029479865,False
2024-11-26,biomass_burning,meteorology,-1.6282508920403416,-0.5135056831745146,-2.1624737289237146,-0.020717153708858405,False
2024-11-27,biomass_burning,meteorology,-0.8488466167585216,-0.8436930026205687,-1.6236079890842348,0.0689316302948555,False
2024-11-28,biomass_burning,meteorology,-0.5105284671870436,0.2175689793239144,-0.31367664157193076,-0.02071715370880156,False
2024-11-29,biomass_burning,meteorology,-0.5140531932507884,0.4460090077909058,-0.08876133916862727,-0.020717153708744718,False
2024-11-30,biomass_burning,meteorology,-0.5560386200050402,0.6760629937956537,0.09930722008181192,-0.02071715370880156,False
2024-12-01,biomass_burning,meteorology,-0.6741526434528282,0.6085191291439855,-0.0863506680175874,-0.020717153708744718,False
2024-12-02,biomass_burning,meteorology,-0.8332169571253871,-0.26525759211523336,-1.1923083867880564,-0.0938338375474359,False
2024-12-03,biomass_burning,meteorology,0.37456913772115286,6.359595892895413,6.521185586490446,-0.2129794441261197,False
2024-12-04,biomass_burning,meteorology,-8.501412106928285,5.301565067935428,-4.042708980689099,-0.842861941696242,False
2024-12-05,biomass_burning,meteorology,-20.57363222643349,-0.8918181055839796,-21.249066600488845,0.216383731528623,False
2024-12-06,biomass_burning,meteorology,-21.546325867633243,-2.6715356612958203,-23.035465537617824,1.182395991311239,False
2024-12-07,biomass_burning,meteorology,-25.066569627461377,-2.620162457317349,-26.897818698406326,0.7889133863723998,False
2024-12-08,biomass_burning,meteorology,-8.301342123585073,0.9761720150188467,-7.96335469676734,-0.6381845882011135,False
2024-12-09,biomass_burning,meteorology,-0.7059169258196221,-0.4887007897443141,-0.9034439060401382,0.2911738095237979,False
2024-12-10,biomass_burning,meteorology,-0.29031415370326386,-0.814666611172413,-1.0360491345808782,0.06893163029479865,False
2024-12-11,biomass_burning,meteorology,-0.049248821508854235,-0.26977716403712293,-0.4198048850005307,-0.10077889945455354,False
2024-12-12,biomass_burning,meteorology,0.2964781994752457,0.7259323577409305,0.9905632880565349,-0.0318472691596412,False
2024-12-13,biomass_burning,meteorology,0.16557236347210846,0.5585780535839149,0.6233715176015266,-0.1007788994544967,False
2024-12-14,biomass_burning,meteorology,-0.05407932130458448,0.35213826605689746,0.3669905750470548,0.06893163029474181,False
2024-12-15,biomass_burning,meteorology,-0.284008077944236,0.6355295033934567,0.4204530557439625,0.06893163029474181,False
2024-12-16,biomass_burning,meteorology,0.7831444069323084,5.4498274286158335,5.886430267447793,-0.3465415681003492,False
2024-12-17,biomass_burning,meteorology,-0.4409410887543004,5.235403013825874,4.694764937476862,-0.09969698759471157,False
2024-12-18,biomass_burning,meteorology,1.8796084887447932,5.71165045279912,8.08748615930989,0.496227217765977,False
2024-12-19,biomass_burning,meteorology,2.626041010591564,6.223552454457433,9.537963652741098,0.6883701876921009,False
2024-12-20,biomass_burning,meteorology,2.3496663083820977,5.649374640045153,8.770849980656237,0.7718090322289868,False
2024-12-21,biomass_burning,meteorology,3.1343649007669683,1.4620990929439017,4.59646399371087,0.0,False
2024-12-22,biomass_burning,meteorology,2.9709246884281697,0.37715061883324097,3.4170069375560956,0.06893163029468496,False
2024-12-23,biomass_burning,meteorology,3.694109311637135,1.1496069577183334,4.699880991577743,-0.14383527777772542,False
2024-12-24,biomass_burning,meteorology,2.821548617294411,0.8061361200914234,3.6966163676805763,0.06893163029474181,False
2024-12-25,biomass_burning,meteorology,2.9336055496958693,1.2193516931274075,4.2218888731180755,0.06893163029479865,False
2024-12-26,biomass_burning,meteorology,3.4298312546198986,1.760890041889013,5.154419943120558,-0.036301353388353164,False
2024-12-27,biomass_burning,meteorology,3.456548874987277,1.1944754504671664,4.651024325454557,1.1368683772161603e-13,False
2024-12-28,biomass_burning,meteorology,3.3094783964917838,1.5666307023254262,4.876109098817267,5.684341886080802e-14,False
2024-12-29,biomass_burning,meteorology,3.4058251726636968,2.537925325099593,5.94375049776329,0.0,False
2024-12-30,biomass_burning,meteorology,2.7241305952861694,0.36331597444859653,2.9822135860517847,-0.10523298368298128,False
2024-12-31,biomass_burning,meteorology,2.8677467016893843,-0.5156329908699036,2.479703833403846,0.12759012258436542,False
2020-01-01,wind_ventilation,meteorology,-11.61108966789402,4.448814491187136,-9.149403319246801,-1.987128142539916,False
2020-01-02,wind_ventilation,meteorology,-11.61108966789402,4.448814491187136,-9.149403319246801,-1.987128142539916,False
2020-01-03,wind_ventilation,meteorology,-13.636220455216574,-1.6152672701088022,-16.049824768978056,-0.7983370436526798,False
2020-01-04,wind_ventilation,meteorology,-15.369866556033116,-1.2103048800799456,-17.284982149019584,-0.7048107129065215,False
2020-01-05,wind_ventilation,meteorology,-14.509754319793274,-0.5363122601831378,-15.490581617656801,-0.44451503768038947,False
2020-01-06,wind_ventilation,meteorology,-16.286166174165487,-0.12262509803787225,-16.021019777037736,0.38777149516562304,False
2020-01-07,wind_ventilation,meteorology,-16.746021362057093,0.06729049616478733,-16.55249302084428,0.12623784504802416,False
2020-01-08,wind_ventilation,meteorology,-15.98788751061278,0.2843456693552753,-15.908019329895296,-0.20447748863779225,False
2020-01-09,wind_ventilation,meteorology,-14.838276732669613,3.2685574297573226,-12.669122291336294,-1.0994029884240035,False
2020-01-10,wind_ventilation,meteorology,-16.694762939844168,-1.9392712484062713,-19.463044718236233,-0.8290105299857942,False
2020-01-11,wind_ventilation,meteorology,-15.201922415624097,-2.3889400837690005,-18.65097742248429,-1.0601149230911915,False
2020-01-12,wind_ventilation,meteorology,-16.053104000799465,-1.5547904182247407,-17.96378925678863,-0.3558948377644242,False
2020-01-13,wind_ventilation,meteorology,-15.40060505713808,-1.4253200444672984,-17.420381987158805,-0.5944568855534271,False
2020-01-14,wind_ventilation,meteorology,-17.107345621835634,-3.5704231854102773,-21.972548425988293,-1.294779618742382,False
2020-01-15,wind_ventilation,meteorology,-16.01003222564367,-3.356651101121656,-20.454568263996293,-1.0878849372309674,False
2020-01-16,wind_ventilation,meteorology,-16.40546951239827,-2.7057520361694856,-19.860268087327256,-0.7490465387595009,False
2020-01-17,wind_ventilation,meteorology,-16.318509658139874,-2.192364975494627,-19.21074169931717,-0.6998670656826675,False
2020-01-18,wind_ventilation,meteorology,-17.071411647773743,-1.8026260435746053,-19.67652724243004,-0.8024895510816918,False
2020-01-19,wind_ventilation,meteorology,-15.687984904991538,0.9955798662278994,-15.886215552055091,-1.193810513291453,False
2020-01-20,wind_ventilation,meteorology,-17.01274487565371,-1.3501007839105341,-19.902675585819452,-1.5398299262552086,False
2020-01-21,wind_ventilation,meteorology,-13.442822390229423,-1.8120690840137286,-17.68194099389035,-2.4270495196471984,True
2020-01-22,wind_ventilation,meteorology,-15.980686832445485,-0.7371877276388545,-18.651800199563638,-1.9339256394792983,False
2020-01-23,wind_ventilation,meteorology,-15.62511127802469,-0.5497998487157929,-18.00661653330843,-1.8317054065679486,False
2020-01-24,wind_ventilation,meteorology,-17.177893830626886,0.5913102931524463,-16.814949018503683,-0.22836548102924326,False
2020-01-25,wind_ventilation,meteorology,-15.350064058792725,-1.3274256149416601,-16.705956010328464,-0.02846633659407871,False
2020-01-26,wind_ventilation,meteorology,-16.085281230920884,-1.631390263395133,-17.813518722392246,-0.09684722807622848,False
2020-01-27,wind_ventilation,meteorology,-15.973116971888487,-2.396164937062963,-18.955565238608756,-0.5862833296573058,False
2020-01-28,wind_ventilation,meteorology,-16.484523036178928,-4.144699390462961,-20.714728245321965,-0.08550581868007612,False
2020-01-29,wind_ventilation,meteorology,-14.43983184776306,-3.032167313247669,-17.611316692075093,-0.13931753106436418,False
2020-01-30,wind_ventilation,meteorology,-16.219062152832294,-0.2138000097593249,-16.259463218567646,0.1733989440239725,False
2020-01-31,wind_ventilation,meteorology,-10.564507171927175,1.0394963210511037,-9.394015712902672,0.13099513797340023,False
2020-02-01,wind_ventilation,meteorology,-8.699070275940414,7.835098500516665,-2.338248540484244,-1.4742767650604947,False
2020-02-02,wind_ventilation,meteorology,-7.743231335347559,6.435520586197413,-2.311553496286649,-1.0038427471365026,False
2020-02-03,wind_ventilation,meteorology,-1.78923072667709,5.284056287642954,3.7809717135097856,0.28614615254392106,False
2020-02-04,wind_ventilation,meteorology,-3.10872971050361,-2.7456997709126654,-5.705855287829934,0.1485741935863416,False
2020-02-05,wind_ventilation,meteorology,-2.9185807474053433,3.8856816808836925,1.1763586023000698,0.2092576688217207,False
2020-02-06,wind_ventilation,meteorology,-2.6208961048796766,-0.28697808984455264,-2.633376131309774,0.2744980634144554,False
2020-02-07,wind_ventilation,meteorology,-2.642128466866808,1.6649994541141666,-0.604361968930732,0.3727670438219093,False
2020-02-08,wind_ventilation,meteorology,-2.974449445067876,1.0256243858489142,-1.4262960536875369,0.5225290055314247,False
2020-02-09,wind_ventilation,meteorology,-3.025132754932571,2.259439942473648,-0.14366297359413238,0.6220298388647905,False
2020-02-10,wind_ventilation,meteorology,-2.3010526614025366,1.2547120628184416,-0.6735735547623563,0.37276704382173875,False
2020-02-11,wind_ventilation,meteorology,-3.378510728886596,1.1213239671197641,-1.8844197179449793,0.37276704382185244,False
2020-02-12,wind_ventilation,meteorology,-2.1277931677213076,0.09578055494549176,-1.5094836072445048,0.522529005531311,False
2020-02-13,wind_ventilation,meteorology,-3.3042274386237125,0.7418176422691829,-2.214826903955526,0.34758289239900364,False
2020-02-14,wind_ventilation,meteorology,-1.3721868491293776,0.5090864735680896,-0.6940356449729848,0.1690647305883033,False
2020-02-15,wind_ventilation,meteorology,1.545117703523374,1.5678834618719861,3.4836393644617942,0.370638199066434,False
2020-02-16,wind_ventilation,meteorology,1.7380039125924611,2.6348615835334783,4.372865496125911,-2.842170943040401e-14,False
2020-02-17,wind_ventilation,meteorology,1.2824702182758188,-0.07463848114588245,1.0713161121299493,-0.13651562499998704,False
2020-02-18,wind_ventilation,meteorology,-0.2039467864821347,-5.231391179012633,-5.301711983351879,0.13362598214288823,False
2020-02-19,wind_ventilation,meteorology,-0.6344406348362099,-5.195708357943261,-5.574806631668338,0.25534236111113273,False
2020-02-20,wind_ventilation,meteorology,1.469478765495353,2.041175081205921,3.5875423304232754,0.07688848372200141,False
2020-02-21,wind_ventilation,meteorology,1.7889563419668093,0.6638621507585185,2.529706976447386,0.07688848372205825,False
2020-02-22,wind_ventilation,meteorology,1.9794360542500726,2.342038722114296,4.398363260086427,0.07688848372205825,False
2020-02-23,wind_ventilation,meteorology,0.19979985748886975,2.0617427395781363,2.3384310807890927,0.07688848372208668,False
2020-02-24,wind_ventilation,meteorology,-0.416778771682516,1.2470489444183954,0.9071586564579661,0.07688848372208668,False
2020-02-25,wind_ventilation,meteorology,-1.2971943847369403,1.2986596655391907,0.07835376452436549,0.0768884837221151,False
2020-02-26,wind_ventilation,meteorology,-1.5117853142675415,1.1851061649623489,-0.3266791493051926,0.0,False
2020-02-27,wind_ventilation,meteorology,-1.6616719222332677,1.116036522487093,-0.5456353997462031,-2.842170943040401e-14,False
2020-02-28,wind_ventilation,meteorology,-1.6408605049080052,3.2874423640127475,1.6465818591047423,0.0,False
2020-02-29,wind_ventilation,meteorology,-2.7851548667359225,3.2446473082963223,0.9317603187154475,0.4722678771550477,False
2020-03-01,wind_ventilation,meteorology,0.9020678224906646,4.794972636531668,5.846802420731848,0.1497619617095154,False
2020-03-02,wind_ventilation,meteorology,0.3176410958200364,5.105208288062926,5.556430633882954,0.13358124999999177,False
2020-03-03,wind_ventilation,meteorology,-0.3868524435766574,4.176001055894432,4.117240799817765,0.3280921874999905,False
2020-03-04,wind_ventilation,meteorology,-0.09867189804513998,0.6326650039921873,0.4158564571450185,-0.11813664880202879,False
2020-03-05,wind_ventilation,meteorology,-0.08342157551966523,0.6326650039921802,0.43110677967048616,-0.11813664880202879,False
2020-03-06,wind_ventilation,meteorology,0.019186250335032184,0.5542972617062105,0.5734835120412427,0.0,False
2020-03-07,wind_ventilation,meteorology,-0.02417055527637757,0.3793753131634574,0.3793753131634574,0.02417055527637757,False
2020-03-08,wind_ventilation,meteorology,-0.024170555276384675,0.7155557919525748,0.7155557919525677,0.02417055527637757,False
2020-03-09,wind_ventilation,meteorology,-0.02417055527637757,0.5348811029935874,0.5348811029935732,0.02417055527636336,False
2020-03-10,wind_ventilation,meteorology,0.09779902744531199,0.5240763945503062,0.621875421995604,-1.4210854715202004e-14,False
2020-03-11,wind_ventilation,meteorology,0.1811449774723073,0.426771376344945,0.6079163538172452,-7.105427357601002e-15,False
2020-03-12,wind_ventilation,meteorology,0.050159674480326544,0.5177042429154355,0.567863917395762,0.0,False
2020-03-13,wind_ventilation,meteorology,0.04230282928239859,0.42407545315533923,0.4663782824377236,-1.4210854715202004e-14,False
2020-03-14,wind_ventilation,meteorology,-0.0772609372020554,0.15966914866393722,0.08240821146188892,7.105427357601002e-15,False
2020-03-15,wind_ventilation,meteorology,-0.07313497939909297,0.3651785743849274,0.316214150262212,0.02417055527637757,False
2020-03-16,wind_ventilation,meteorology,0.1350872157786398,-0.010620414911564069,0.12446680086706863,-7.105427357601002e-15,False
2020-03-17,wind_ventilation,meteorology,0.11434809297162474,0.42537746303651147,0.539725556008122,-1.4210854715202004e-14,False
2020-03-18,wind_ventilation,meteorology,0.02805319601340983,0.3423373839968704,0.37039058001027314,-7.105427357601002e-15,False
2020-03-19,wind_ventilation,meteorology,-0.21285358761232231,0.347606031379307,0.1347524437669918,7.105427357601002e-15,False
2020-03-20,wind_ventilation,meteorology,-0.2309860251148379,0.598660864131034,0.3410073712852295,-0.02666746773096662,False
2020-03-21,wind_ventilation,meteorology,0.035910041211337784,0.5745516565425035,0.6104616977538342,-7.105427357601002e-15,False
2020-03-22,wind_ventilation,meteorology,-0.15636458506140372,0.8057739949208553,0.3976915110574524,-0.25171789880199924,False
2020-03-23,wind_ventilation,meteorology,0.027226963037549012,0.4573088945719732,0.2557506702502934,-0.22878518735922881,False
2020-03-24,wind_ventilation,meteorology,-0.31785591042088157,0.45997790652570103,-0.08666319125441646,-0.22878518735923592,False
2020-03-25,wind_ventilation,meteorology,-0.7106577750632894,0.2544752699920352,-0.5513864424304984,-0.09520393735924415,False
2020-03-26,wind_ventilation,meteorology,-0.21812660415143625,-0.9244290234554597,-1.2066320008635643,-0.06407637325666826,False
2020-03-27,wind_ventilation,meteorology,-0.7018606528125204,-2.135229209452092,-2.6116687415749453,0.22542112068966702,False
2020-03-28,wind_ventilation,meteorology,-0.8240604422949005,-1.4813209681795243,-2.05578973450838,0.2495916759660446,False
2020-03-29,wind_ventilation,meteorology,-1.4846151336205082,-1.5374565586508808,-2.796650571581722,0.22542112068966702,False
2020-03-30,wind_ventilation,meteorology,0.0,-0.7067193705564918,-0.7067193705564918,0.0,False
2020-03-31,wind_ventilation,meteorology,-0.060216299935653694,-1.6637980496998424,-1.6780476829688453,0.045966666666650724,False
2020-04-01,wind_ventilation,meteorology,-0.13587882838550058,-2.536562781649394,-2.6407245766372327,0.031717033397661965,False
2020-04-02,wind_ventilation,meteorology,-0.017373457017420435,-1.8466484145037185,-1.818055204854474,0.045966666666664935,False
2020-04-03,wind_ventilation,meteorology,0.028650691486859614,-1.3673787527443864,-1.292761394590869,0.04596666666665783,False
2020-04-04,wind_ventilation,meteorology,-0.12486496384124024,-2.126208067850122,-2.2051063650246974,0.045966666666664935,False
2020-04-05,wind_ventilation,meteorology,-0.06277873407571377,-1.0495025280180954,-1.1265308953628121,-0.01424963326900297,False
2020-04-06,wind_ventilation,meteorology,-0.18484489786880687,-1.7505210720995947,-1.8275494394443115,0.10781653052409013,False
2020-04-07,wind_ventilation,meteorology,-0.18484489786880687,-1.7829034393425474,-1.859931806687264,0.10781653052409013,False
2020-04-08,wind_ventilation,meteorology,-0.16172831892142625,-1.8771697513992578,-1.931081539796601,0.10781653052408302,False
2020-04-09,wind_ventilation,meteorology,-0.18484489786882108,-5.121344048332624,-5.198372415677348,0.10781653052409723,False
2020-04-10,wind_ventilation,meteorology,-0.1347825030876848,-4.734812240144791,-4.76177821270835,0.10781653052412565,False
2020-04-11,wind_ventilation,meteorology,-0.18484489786880687,-1.8289515323704393,-1.9566646333256088,0.057131796913637345,False
2020-04-12,wind_ventilation,meteorology,-0.15388611212448922,-1.7964833615255955,-1.873511728870298,0.07685774477978669,False
2020-04-13,wind_ventilation,meteorology,-0.48707066672218957,-2.151305595386013,-2.4279372673284243,0.21043899477977845,False
2020-04-14,wind_ventilation,meteorology,-0.48707066672217536,-1.2984859366666228,-1.5608679753400452,0.224688628048753,False
2020-04-15,wind_ventilation,meteorology,-0.1821826252038221,-1.173791684442321,-1.2648669315973962,0.09110737804874702,False
2020-04-16,wind_ventilation,meteorology,-0.01529681176712927,-0.04630973661976867,-0.09987344753539418,-0.038266899148496236,False
2020-04-17,wind_ventilation,meteorology,-0.06277873407570667,-0.4528126850232681,-0.5298410523679706,-0.014249633268995865,False
2020-04-18,wind_ventilation,meteorology,-0.06277873407571377,-0.02426806198013054,-0.10129642932485439,-0.014249633269010076,False
2020-04-19,wind_ventilation,meteorology,-0.06277873407572798,-0.012593239939469925,-0.0753719740151979,0.0,False
2020-04-20,wind_ventilation,meteorology,-0.06277873407570667,-0.08230299790544393,-0.1450817319811719,-2.1316282072803006e-14,False
2020-04-21,wind_ventilation,meteorology,-0.06277873407570667,-0.33463253279666816,-0.3974112668723748,0.0,False
2020-04-22,wind_ventilation,meteorology,-0.0894462018066946,-0.9491991130915736,-1.0769122140467644,-0.038266899148496236,False
2020-04-23,wind_ventilation,meteorology,-0.0894462018066946,-0.9491991130915665,-1.076912214046736,-0.03826689914847492,False
2020-04-24,wind_ventilation,meteorology,-0.06277873407572798,-0.11785595275311067,-0.18063468682883865,0.0,False
2020-04-25,wind_ventilation,meteorology,-0.12860395624488064,0.20612055709379007,0.23518294700274822,0.1576663461538388,False
2020-04-26,wind_ventilation,meteorology,-0.1384800958188137,0.3264868954239404,0.3456731457589868,0.1576663461538601,False
2020-04-27,wind_ventilation,meteorology,-0.10574424831308704,0.5572919325556285,0.45154768424254144,0.0,False
2020-04-28,wind_ventilation,meteorology,0.02311657894737351,0.2610189621163741,0.2841355410637476,0.0,False
2020-04-29,wind_ventilation,meteorology,-1.4210854715202004e-14,-0.1831466720533541,-0.1831466720533541,1.4210854715202004e-14,False
2020-04-30,wind_ventilation,meteorology,0.029062389908958153,0.48415308217685293,0.5132154720858111,0.0,False
2020-05-01,wind_ventilation,meteorology,-0.009110262744307818,0.06516726858808397,0.05605700584376194,-1.4210854715202004e-14,False
2020-05-02,wind_ventilation,meteorology,-0.10056431418111345,0.24679729465117362,0.14623298047006728,7.105427357601002e-15,False
2020-05-03,wind_ventilation,meteorology,0.0,-0.17979929766907077,-0.17979929766907077,0.0,False
2020-05-04,wind_ventilation,meteorology,0.0,-0.24035591892226904,-0.24035591892226904,0.0,False
2020-05-05,wind_ventilation,meteorology,0.0,-0.3372160747363324,-0.3372160747363324,0.0,False
2020-05-06,wind_ventilation,meteorology,0.02311657894737351,0.24270855138608027,0.2658251303334538,0.0,False
2020-05-07,wind_ventilation,meteorology,-0.03966215512834026,0.331217075360847,0.2915549202324925,-1.4210854715202004e-14,False
2020-05-08,wind_ventilation,meteorology,-0.06277873407570667,0.17028142607113494,0.10750269199540696,-2.1316282072803006e-14,False
2020-05-09,wind_ventilation,meteorology,-0.06277873407571377,0.5120953258403205,0.4493165917645925,-1.4210854715202004e-14,False
2020-05-10,wind_ventilation,meteorology,-0.20598141264714798,0.5032993206839436,0.18536416971350178,-0.1119537383232938,False
2020-05-11,wind_ventilation,meteorology,-0.06277873407570667,0.2895136464449024,0.21248527910018566,-0.014249633269010076,False
2020-05-12,wind_ventilation,meteorology,-0.06277873407570667,0.44641226385807187,0.36938389651336934,-0.014249633268995865,False
2020-05-13,wind_ventilation,meteorology,-0.06277873407570667,0.6351552378584415,0.5341096046342386,-0.038266899148496236,False
2020-05-14,wind_ventilation,meteorology,-0.11105573993275897,0.3134080640615622,0.18569496310637135,-0.01665736102243187,False
2020-05-15,wind_ventilation,meteorology,-0.03199393540315043,0.6111379719789412,0.5648944033068162,-0.014249633268974549,False
2020-05-16,wind_ventilation,meteorology,-0.20598141264712666,0.660969723176045,0.35728420547459905,-0.09770410505431926,False
2020-05-17,wind_ventilation,meteorology,-0.1825292985918594,0.48573123542851704,0.30320193683665053,-7.105427357601002e-15,False
2020-05-18,wind_ventilation,meteorology,-0.1087454007423716,0.5144637945410864,0.43743542719636963,0.03171703339765486,False
2020-05-19,wind_ventilation,meteorology,-0.25425841850417896,0.5977876861519817,0.326871906625378,-0.016657361022424766,False
2020-05-20,wind_ventilation,meteorology,-0.1087454007423716,0.41485363809922404,0.3378252707545215,0.03171703339766907,False
2020-05-21,wind_ventilation,meteorology,-0.1087454007423716,0.653202077465167,0.590423343389439,0.04596666666664362,False
2020-05-22,wind_ventilation,meteorology,-0.1087454007423716,0.698888889198571,0.636110155122843,0.04596666666664362,False
2020-05-23,wind_ventilation,meteorology,-0.13152676654668483,-3.064244544848428,-2.992138298574595,0.20363301282051793,False
2020-05-24,wind_ventilation,meteorology,-0.15347333834017718,0.41136504075186764,0.4615247152321942,0.20363301282050372,False
2020-05-25,wind_ventilation,meteorology,-0.10056431418109213,0.5100690832382,0.40950476905708655,-2.1316282072803006e-14,False
2020-05-26,wind_ventilation,meteorology,0.0,0.45641365346499896,0.45641365346499896,0.0,False
2020-05-27,wind_ventilation,meteorology,0.0,0.5692386479312503,0.5549890146622403,-0.014249633269010076,False
2020-05-28,wind_ventilation,meteorology,0.0,0.7140035323788112,0.7140035323788112,0.0,False
2020-05-29,wind_ventilation,meteorology,0.023116578947387723,0.7615654533451135,0.7846820322924941,-7.105427357601002e-15,False
2020-05-30,wind_ventilation,meteorology,-0.06795866820768026,0.6568182779803777,0.5888596097726904,-7.105427357601002e-15,False
2020-05-31,wind_ventilation,meteorology,-0.039662155128333154,0.5766721650449398,0.5370100099165853,-2.1316282072803006e-14,False
2020-06-01,wind_ventilation,meteorology,-0.039662155128333154,0.07647968979504327,0.0368175346666888,-2.1316282072803006e-14,False
2020-06-02,wind_ventilation,meteorology,-0.3002185114752862,-1.1475154984560731,-1.4477340099313594,0.0,False
2020-06-03,wind_ventilation,meteorology,0.060747262541340774,1.1924237371635371,1.2531709997048637,-1.4210854715202004e-14,False
2020-06-04,wind_ventilation,meteorology,0.14857318905579575,1.4712168682747944,1.6197900573305617,-2.842170943040401e-14,False
2020-06-05,wind_ventilation,meteorology,0.215790459887657,1.6265530976028373,1.804269152728594,-0.03807440476190038,False
2020-06-06,wind_ventilation,meteorology,0.2996206375545256,1.4945366690314046,1.7560829018240014,-0.038074404761928804,False
2020-06-07,wind_ventilation,meteorology,0.2827199917538934,1.4630449618356778,1.6739206208915078,-0.07184433269806334,False
2020-06-08,wind_ventilation,meteorology,-0.1850992225398187,0.8016587070258225,0.6447171036151929,0.028157619129189015,False
2020-06-09,wind_ventilation,meteorology,0.07839931232081199,1.612739149051336,1.6192941286741132,-0.07184433269803492,False
2020-06-10,wind_ventilation,meteorology,0.042768731198762566,1.8212079105355343,1.8259022369723823,-0.03807440476191459,False
2020-06-11,wind_ventilation,meteorology,-0.30279393275459654,1.6485778254101717,1.345783892655561,-1.4210854715202004e-14,False
2020-06-12,wind_ventilation,meteorology,-0.3166817703448146,1.7613725162362783,1.4214590012904864,-0.023231744600977322,False
2020-06-13,wind_ventilation,meteorology,-0.3659657169185806,1.7378381064646788,1.3486406449451351,-0.02323174460096311,False
2020-06-14,wind_ventilation,meteorology,-0.07914408789488903,1.7722743857139562,1.669898553218104,-0.02323174460096311,False
2020-06-15,wind_ventilation,meteorology,-0.47152624444620983,1.4876407825899207,1.092884745369986,0.07677020722627503,False
2020-06-16,wind_ventilation,meteorology,-0.27697725980520715,1.7375508829473318,1.437341878541119,-0.023231744601005744,False
2020-06-17,wind_ventilation,meteorology,-0.09250105052215929,1.8026901872578946,1.6869573921347865,-0.0232317446009489,False
2020-06-18,wind_ventilation,meteorology,-0.2273980912416249,1.780745984992265,1.530116149149677,-0.02323174460096311,False
2020-06-19,wind_ventilation,meteorology,-0.199766068256082,1.8924639877085099,1.6694661748514505,-0.023231744600977322,False
2020-06-20,wind_ventilation,meteorology,0.15380979495472502,1.8369522637256495,1.9294559093175394,-0.06130614936283507,False
2020-06-21,wind_ventilation,meteorology,-0.26157869241623644,1.4231718648111382,1.1235187676330014,-0.03807440476190038,False
2020-06-22,wind_ventilation,meteorology,-0.2575937159233064,1.698612685345978,1.4410189694226574,-1.4210854715202004e-14,False
2020-06-23,wind_ventilation,meteorology,-0.265551328575512,1.8246053534608109,1.5590540248852847,-1.4210854715202004e-14,False
2020-06-24,wind_ventilation,meteorology,-0.18343536306727515,1.7961001918185957,1.6126648287512921,-2.842170943040401e-14,False
2020-06-25,wind_ventilation,meteorology,-0.2341059368040277,1.9617154758660575,1.7276095390619872,-4.263256414560601e-14,False
2020-06-26,wind_ventilation,meteorology,-0.38471584490683597,1.7778888919169447,1.3931730470101087,0.0,False
2020-06-27,wind_ventilation,meteorology,-0.2575937159233064,1.7208563535337333,1.4632626376103985,-2.842170943040401e-14,False
2020-06-28,wind_ventilation,meteorology,-0.07556726942242165,1.6721820966631782,1.5966148272407565,0.0,False
2020-06-29,wind_ventilation,meteorology,0.10763558219058211,1.7607502635141827,1.8951886440407861,0.026802798336021283,False
2020-06-30,wind_ventilation,meteorology,0.08965602055727118,1.7522294653079058,1.868688284201184,0.026802798336007072,False
2020-07-01,wind_ventilation,meteorology,0.13994659801258535,1.9148471423889646,2.0547937404015215,-2.842170943040401e-14,False
2020-07-02,wind_ventilation,meteorology,0.05628907344015488,1.8161525709561914,1.8724416443963463,0.0,False
2020-07-03,wind_ventilation,meteorology,-0.18000997740478653,1.2464527033186172,1.1694243359739076,0.10298161006007689,False
2020-07-04,wind_ventilation,meteorology,-0.1747248299661237,0.2591994201552197,0.1964206860794988,0.11194609589040283,False
2020-07-05,wind_ventilation,meteorology,-0.06277873407570667,0.7725938952686207,0.7098151611928927,-2.1316282072803006e-14,False
2020-07-06,wind_ventilation,meteorology,-0.07702836734470253,1.6248409487190898,1.5478125813743802,-7.105427357601002e-15,False
2020-07-07,wind_ventilation,meteorology,-0.07702836734469543,1.8017515020574066,1.724723134712697,-1.4210854715202004e-14,False
2020-07-08,wind_ventilation,meteorology,-0.08694928935209845,3.1070349196671287,3.044256185591422,0.02417055527639178,False
2020-07-09,wind_ventilation,meteorology,-0.08694928935210555,3.6205700444065343,3.5577913103308134,0.024170555276384675,False
2020-07-10,wind_ventilation,meteorology,0.07514090922351357,4.279729373746207,4.354870282969706,-1.4210854715202004e-14,False
2020-07-11,wind_ventilation,meteorology,-0.09770410505431215,4.246407352174252,4.148703247119947,7.105427357601002e-15,False
2020-07-12,wind_ventilation,meteorology,0.0,3.8375124003841066,3.8375124003841066,0.0,False
2020-07-13,wind_ventilation,meteorology,0.0,2.9611094902563906,2.946859856987402,-0.01424963326898876,False
2020-07-14,wind_ventilation,meteorology,0.0,1.7444212693196093,1.7301716360506205,-0.01424963326898876,False
2020-07-15,wind_ventilation,meteorology,-0.12390794961650187,1.7537553847179694,1.6633312052388476,0.03348377013738002,False
2020-07-16,wind_ventilation,meteorology,-0.01424963326898876,2.3611884638006444,2.3469388305316414,-1.4210854715202004e-14,False
2020-07-17,wind_ventilation,meteorology,-0.06277873407572088,2.301827434415735,2.239048700340014,0.0,False
2020-07-18,wind_ventilation,meteorology,-0.1273227879013774,2.925479643414583,2.8484512760698735,0.050294420556667774,False
2020-07-19,wind_ventilation,meteorology,-0.06277873407572798,4.217954470830442,4.155175736754721,7.105427357601002e-15,False
2020-07-20,wind_ventilation,meteorology,-0.10315223262499273,3.5865586188269774,3.5095302514822677,0.0261238652802831,False
2020-07-21,wind_ventilation,meteorology,-0.10315223262499273,3.681659709476456,3.6046313421317393,0.026123865280275993,False
2020-07-22,wind_ventilation,meteorology,0.0544017864164843,3.641038441507,3.6954402279234912,7.105427357601002e-15,False
2020-07-23,wind_ventilation,meteorology,-7.105427357601002e-15,3.4408980547618455,3.4408980547618384,0.0,False
2020-07-24,wind_ventilation,meteorology,0.13505193167652862,3.9124446337858743,3.795778666660368,-0.25171789880203477,False
2020-07-25,wind_ventilation,meteorology,0.13666578673312557,3.878125497740733,3.763073385671831,-0.25171789880202766,False
2020-07-26,wind_ventilation,meteorology,0.08065014526004433,4.1956725927769085,4.024604839234925,-0.25171789880202766,False
2020-07-27,wind_ventilation,meteorology,0.09467843312724966,3.8239642016611413,3.8641217469822493,-0.054520887806141616,False
2020-07-28,wind_ventilation,meteorology,0.06640051199104136,3.83854878219865,3.9049492941896986,7.105427357601002e-15,False
2020-07-29,wind_ventilation,meteorology,0.08065014526004433,4.334759214721984,4.415409359982007,-2.1316282072803006e-14,False
2020-07-30,wind_ventilation,meteorology,0.04027664671075115,4.1627977813577175,4.229198293348759,0.026123865280290204,False
2020-07-31,wind_ventilation,meteorology,0.13505193167652152,5.167024683612858,4.806450832831487,-0.4956257824578927,False
2020-08-01,wind_ventilation,meteorology,0.0157741999262484,6.174675021812348,4.384364400607183,-1.8060848211314138,False
2020-08-02,wind_ventilation,meteorology,-0.025990733165095037,6.01891801618256,4.1868424618860445,-1.8060848211314209,False
2020-08-03,wind_ventilation,meteorology,-0.08688200911960564,6.261831227259798,4.368864397008785,-1.8060848211314067,False
2020-08-04,wind_ventilation,meteorology,-0.1080191481119499,6.208142653757058,4.294038684513701,-1.8060848211314067,False
2020-08-05,wind_ventilation,meteorology,-0.0471278721574393,6.271311071644277,4.669816277157459,-1.554366922329379,False
2020-08-06,wind_ventilation,meteorology,-0.10801914811195701,6.558749591596204,4.896363521154861,-1.5543669223293861,False
2020-08-07,wind_ventilation,meteorology,0.0372698002408427,5.106480468461058,5.1437502687018934,-7.105427357601002e-15,False
2020-08-08,wind_ventilation,meteorology,-0.07302863791596792,4.548172990038751,4.4993149073991745,0.02417055527639178,False
2020-08-09,wind_ventilation,meteorology,0.06750103138094232,4.633936553654543,4.473890241509849,-0.22754734352563588,False
2020-08-10,wind_ventilation,meteorology,0.12124893634342726,4.691359200561898,4.560890238103298,-0.25171789880202766,False
2020-08-11,wind_ventilation,meteorology,-0.021049683463267854,4.441852942749804,4.1920180719272935,-0.22878518735924303,False
2020-08-12,wind_ventilation,meteorology,-0.11373143364107108,4.100347384647115,4.057282065855198,0.07066611484915342,False
2020-08-13,wind_ventilation,meteorology,-0.06971508304073382,4.2401532338305685,4.193370862232619,0.022932711442784637,False
2020-08-14,wind_ventilation,meteorology,0.005425826182765547,4.750948279479964,4.779306817105528,0.022932711442798848,False
2020-08-15,wind_ventilation,meteorology,-0.0068000501942862,4.109275067079167,4.125407728327673,0.022932711442791742,False
2020-08-16,wind_ventilation,meteorology,0.016105468034538717,4.239059040738134,4.25516450877268,7.105427357601002e-15,False
2020-08-17,wind_ventilation,meteorology,-0.00682724340824592,4.117187756262034,4.13329322429658,0.022932711442791742,False
2020-08-18,wind_ventilation,meteorology,-0.14498482629374365,3.9854240020521274,3.91110529060753,0.07066611484914631,False
2020-08-19,wind_ventilation,meteorology,0.049572312552761844,4.089479668722291,4.161984692717851,0.022932711442798848,False
2020-08-20,wind_ventilation,meteorology,-0.189938396613762,0.7492043325442026,0.3304807485712189,-0.2287851873592217,False
2020-08-21,wind_ventilation,meteorology,-0.3145373586431788,5.696703110573196,3.5760809307986037,-1.8060848211314138,False
2020-08-22,wind_ventilation,meteorology,-0.059380941748436555,6.6008961493520175,4.735430386472146,-1.806084821131435,False
2020-08-23,wind_ventilation,meteorology,-0.10015044101128723,4.7159211433656765,4.189390025060639,-0.42638067729374995,False
2020-08-24,wind_ventilation,meteorology,-0.05687146357395534,4.214202342649742,4.204434145794949,0.04710326671916221,False
2020-08-25,wind_ventilation,meteorology,-0.15507633192433445,3.9092081331064534,3.8273589331816,0.07322713199948083,False
2020-08-26,wind_ventilation,meteorology,0.03773810596736382,2.4647359261132706,2.526644587357019,0.024170555276384675,False
2020-08-27,wind_ventilation,meteorology,0.026380403454339785,0.8665882161763818,0.9159013310734991,0.02293271144277753,False
2020-08-28,wind_ventilation,meteorology,0.10510378215431615,3.8771059137742867,4.005142407371366,0.02293271144276332,False
2020-08-29,wind_ventilation,meteorology,-0.11177717943115795,3.8963149212497115,3.8552038566676927,0.0706661148491392,False
2020-08-30,wind_ventilation,meteorology,-0.12382049408743256,3.334587512139514,3.2814331329012205,0.0706661148491392,False
2020-08-31,wind_ventilation,meteorology,0.005250365461527906,3.3623767629135273,3.4147303950942174,0.04710326671916221,False
2020-09-01,wind_ventilation,meteorology,0.05647958998365965,3.4274910489606825,3.5081411942207197,0.02417055527637757,False
2020-09-02,wind_ventilation,meteorology,0.12852485367286448,3.0159432739372036,3.168638682886467,0.024170555276398886,False
2020-09-03,wind_ventilation,meteorology,0.17343453175626422,3.3503220518677566,3.5237565836240208,0.0,False
2020-09-04,wind_ventilation,meteorology,0.08065014526003011,3.5717119564304767,3.652362101690514,7.105427357601002e-15,False
2020-09-05,wind_ventilation,meteorology,-0.017053959794267826,3.621848212961538,3.604794253167263,-7.105427357601002e-15,False
2020-09-06,wind_ventilation,meteorology,0.11092891898665869,3.7679672261755996,3.627178246360252,-0.25171789880200635,False
2020-09-07,wind_ventilation,meteorology,-0.0819639039822988,3.565286274444233,3.2545371831026984,-0.22878518735923592,False
2020-09-08,wind_ventilation,meteorology,-0.36885581477890383,4.15067229892766,1.8623745163928902,-1.9194419677558656,False
2020-09-09,wind_ventilation,meteorology,-0.3497305470284857,4.038806881292963,1.7696343665086118,-1.9194419677558656,False
2020-09-10,wind_ventilation,meteorology,-0.2742543418129628,5.005145612888398,2.7853254380392656,-1.94556583303617,False
2020-09-11,wind_ventilation,meteorology,-0.46377889469065536,5.014573084552929,2.6052283568261103,-1.945565833036163,False
2020-09-12,wind_ventilation,meteorology,-0.5288657023694938,4.939376518596724,2.742786747273385,-1.667724068953845,False
2020-09-13,wind_ventilation,meteorology,-0.3749224559326265,4.391439295387698,2.3226689052209295,-1.6938479342341424,False
2020-09-14,wind_ventilation,meteorology,-0.5964485630712488,4.41267056509254,2.1484979330674534,-1.667724068953838,False
2020-09-15,wind_ventilation,meteorology,-0.49732015219925785,4.837306723840953,2.6722625026878433,-1.6677240689538522,False
2020-09-16,wind_ventilation,meteorology,-0.13077695157269886,5.186135296281613,3.3185743769250067,-1.7367839677839072,False
2020-09-17,wind_ventilation,meteorology,-0.14521521031442575,5.204196425032023,3.3221972469336833,-1.7367839677839143,False
2020-09-18,wind_ventilation,meteorology,-0.12676063212823863,5.41308130052353,3.5495367006113554,-1.7367839677839356,False
2020-09-19,wind_ventilation,meteorology,-0.22676258395547677,4.323951388147435,2.6285742004208075,-1.468614603771151,False
2020-09-20,wind_ventilation,meteorology,-0.006545173016959893,3.963725268367483,2.3577386231333577,-1.5994414722171655,False
2020-09-21,wind_ventilation,meteorology,-0.11882456396707397,3.9084357774582017,2.1759201080049664,-1.6136911054861613,False
2020-09-22,wind_ventilation,meteorology,-0.24421745462621658,3.5447120763582163,1.7010531495148484,-1.5994414722171513,False
2020-09-23,wind_ventilation,meteorology,-0.17772219555100577,4.143066698960418,2.3659030311922606,-1.5994414722171513,False
2020-09-24,wind_ventilation,meteorology,-0.06095301676428022,3.792231244474813,2.1318367554933673,-1.5994414722171655,False
2020-09-25,wind_ventilation,meteorology,-0.14640106520133855,5.45456851067447,3.7799243884240425,-1.5282430570490888,False
2020-09-26,wind_ventilation,meteorology,-0.07809523255076556,4.769626746791772,3.137164591911585,-1.5543669223294216,False
2020-09-27,wind_ventilation,meteorology,-0.11109082642872181,3.777211264698167,3.264727026203502,-0.4013934120659428,False
2020-09-28,wind_ventilation,meteorology,-0.03941400943468665,1.486629123045681,1.4785164564149866,0.03130134280399233,False
2020-09-29,wind_ventilation,meteorology,-0.3144076974493615,0.3041790375614184,0.23879148071790013,0.2490201406058432,False
2020-09-30,wind_ventilation,meteorology,-1.0052198118941078,0.45718678216115194,-0.29901288912708424,0.24902014060587163,False
2020-10-01,wind_ventilation,meteorology,-1.1629418654321952,-0.7664279190143759,-1.670883139582827,0.2584866448637442,False
2020-10-02,wind_ventilation,meteorology,-1.523529207526991,-0.8388576398673706,-2.250440751503959,0.11194609589040283,False
2020-10-03,wind_ventilation,meteorology,-1.462538264239896,-0.8110399239963613,-2.1616320923458545,0.11194609589040283,False
2020-10-04,wind_ventilation,meteorology,-1.4392442905491123,-0.4864439942514025,-1.925688284800529,-1.4210854715202004e-14,False
2020-10-05,wind_ventilation,meteorology,-0.10987864113701562,0.24234838803914727,0.20534322488956036,0.07287347798742871,False
2020-10-06,wind_ventilation,meteorology,-0.8465318814179454,-1.2291470034226393,-2.176282623843491,-0.10060373900290642,False
2020-10-07,wind_ventilation,meteorology,-1.3057701919213969,-1.2034471155235735,-2.509217307444999,-2.842170943040401e-14,False
2020-10-08,wind_ventilation,meteorology,-1.4423894769782635,-0.5717065779756183,-2.220712293956808,-0.20661623900292625,False
2020-10-09,wind_ventilation,meteorology,-2.3744704304932895,-1.5838547483090508,-4.164941417805295,-0.20661623900295467,False
2020-10-10,wind_ventilation,meteorology,-2.5438693499008593,-2.2094335336467736,-5.084604107306717,-0.331301223759084,False
2020-10-11,wind_ventilation,meteorology,-1.6352130789563262,-2.020070838096359,-3.7623993227223593,-0.10711540566967415,False
2020-10-12,wind_ventilation,meteorology,-2.6614243175992556,-2.429652799450679,-5.198192522719523,-0.10711540566958888,False
2020-10-13,wind_ventilation,meteorology,-3.068334095601813,-3.107465317400056,-6.282914818671429,-0.10711540566956046,False
2020-10-14,wind_ventilation,meteorology,-3.2374032492050446,-3.6297102992164127,-7.300066475079035,-0.43295292665757756,False
2020-10-15,wind_ventilation,meteorology,-3.465039922164408,-3.515869569661106,-7.513363251816401,-0.5324537599908865,False
2020-10-16,wind_ventilation,meteorology,-4.139974882534403,-2.5896766679803136,-7.262105310505717,-0.5324537599910002,False
2020-10-17,wind_ventilation,meteorology,-4.461000922245432,-2.411372204484877,-7.289333277698688,-0.4169601509683787,False
2020-10-18,wind_ventilation,meteorology,-5.516252866222715,-0.6306551365047994,-6.945581917822636,-0.7986739150951223,False
2020-10-19,wind_ventilation,meteorology,-3.828797400849112,0.2172204700073621,-4.435358609371235,-0.8237816785294854,False
2020-10-20,wind_ventilation,meteorology,-3.2604520093873077,-0.4116446482720164,-4.469021139365509,-0.7969244817061849,False
2020-10-21,wind_ventilation,meteorology,-2.7409346723264036,-0.5756732597287737,-4.113532413761277,-0.7969244817060996,False
2020-10-22,wind_ventilation,meteorology,-2.9975924303430475,-1.4931942287816753,-5.287711140830851,-0.7969244817061281,False
2020-10-23,wind_ventilation,meteorology,-2.241624501743132,-1.1750796835031565,-4.3787398225659615,-0.9620356373196728,False
2020-10-24,wind_ventilation,meteorology,-4.387109249229184,-1.2560352539249209,-6.517562231878202,-0.8744177287240973,False
2020-10-25,wind_ventilation,meteorology,-5.225649682387257,-0.585122224114599,-6.286074143188529,-0.47530223668667304,False
2020-10-26,wind_ventilation,meteorology,-3.000583440507995,2.4115225226493635,-1.2625224348483357,-0.673461516989704,False
2020-10-27,wind_ventilation,meteorology,-1.0822411295687573,1.2194055670928776,0.0634874315238676,-0.07367700600025273,False
2020-10-28,wind_ventilation,meteorology,-3.240309576065556,-1.5015984490960648,-4.8425117641646125,-0.10060373900299169,False
2020-10-29,wind_ventilation,meteorology,-0.971901473342399,-1.3296808689004536,-2.6825159868593573,-0.3809336446165048,False
2020-10-30,wind_ventilation,meteorology,-2.232960142741689,-0.6693869505634211,-3.036089854320636,-0.13374276101552596,False
2020-10-31,wind_ventilation,meteorology,-4.746554284580412,-3.41362208572707,-8.222188549720386,-0.06201217941290338,False
2020-11-01,wind_ventilation,meteorology,-12.191045867117708,-8.587086272086509,-20.66840821437856,0.10972392482565851,False
2020-11-02,wind_ventilation,meteorology,-17.214597296139743,-1.9924198487267972,-19.24304524788772,-0.03602810302118087,False
2020-11-03,wind_ventilation,meteorology,-16.832443521991877,-1.9341916537510997,-18.29032424744622,0.4763109282967548,False
2020-11-04,wind_ventilation,meteorology,-17.83060627171062,-1.7396473864408222,-19.098619870973494,0.4716337871779501,False
2020-11-05,wind_ventilation,meteorology,-18.157356423901376,-1.7992373640256574,-19.6469081915385,0.3096855963885332,False
2020-11-06,wind_ventilation,meteorology,-16.321611301382063,3.6082594319694863,-13.011942553210417,-0.2985906837978405,False
2020-11-07,wind_ventilation,meteorology,-15.957793140919136,5.810500294363749,-11.00324726631851,-0.8559544197631226,False
2020-11-08,wind_ventilation,meteorology,-15.126563708744811,4.886846279544102,-10.920672433489472,-0.6809550042887622,False
2020-11-09,wind_ventilation,meteorology,-14.441540257381462,5.930507665534265,-9.266176974338748,-0.7551443824915509,False
2020-11-10,wind_ventilation,meteorology,-15.26305007962975,3.175674822689018,-12.620609647271976,-0.5332343903312449,False
2020-11-11,wind_ventilation,meteorology,-16.438614042220422,1.0387092049202806,-15.6485076006349,-0.24860276333475895,False
2020-11-12,wind_ventilation,meteorology,-16.60299378284992,0.9975495053275267,-15.504450449546425,0.10099382797596945,False
2020-11-13,wind_ventilation,meteorology,-15.769698954852572,5.502705431548122,-10.976388013109158,-0.7093944898047084,False
2020-11-14,wind_ventilation,meteorology,-15.662672483894823,7.123156338243746,-9.487664736335319,-0.9481485906842408,False
2020-11-15,wind_ventilation,meteorology,-14.943914719741713,7.618978468259854,-8.26680052228187,-0.9418642708000107,False
2020-11-16,wind_ventilation,meteorology,-17.878818974421506,6.778369363116667,-11.94933920099237,-0.8488895896875306,False
2020-11-17,wind_ventilation,meteorology,-17.573687585173275,0.4963506504590214,-17.087059600475527,-0.009722665761273674,False
2020-11-18,wind_ventilation,meteorology,-16.916127922000612,1.9871850467018248,-15.271802699324212,-0.3428598240254246,False
2020-11-19,wind_ventilation,meteorology,-17.997952178514254,1.7088787183026852,-16.543571584750737,-0.2544981245391682,False
2020-11-20,wind_ventilation,meteorology,-19.497125023426747,0.7877752531436499,-19.22985185957026,-0.520502089287163,False
2020-11-21,wind_ventilation,meteorology,-17.793087244002777,0.6329550547272902,-17.703908124356644,-0.5437759350811575,False
2020-11-22,wind_ventilation,meteorology,-17.788805947424123,1.8788995688988734,-15.95496809310032,-0.0450617145750698,False
2020-11-23,wind_ventilation,meteorology,-16.04026790645105,2.4538022999009286,-13.565307611430967,0.02115799511915384,False
2020-11-24,wind_ventilation,meteorology,-18.738276950444288,0.40713702505587435,-17.93230484061297,0.39883508477544183,False
2020-11-25,wind_ventilation,meteorology,-17.17261832254053,0.3120978668044927,-16.440104160791122,0.42041629494491417,False
2020-11-26,wind_ventilation,meteorology,-17.773067052108047,0.1626274792487834,-17.729103490505622,-0.11866391764635864,False
2020-11-27,wind_ventilation,meteorology,-18.611462921715315,-0.43831746224498147,-18.729078074297945,0.3207023096623516,False
2020-11-28,wind_ventilation,meteorology,-17.64578412462265,1.1750758273011002,-16.42850245281477,0.04220584450678189,False
2020-11-29,wind_ventilation,meteorology,-16.515917539222983,-0.09207966274891533,-16.17816314379155,0.42983405818034726,False
2020-11-30,wind_ventilation,meteorology,-15.944532294072417,-0.24093329775126904,-16.013530157985144,0.17193543383854148,False
2020-12-01,wind_ventilation,meteorology,-17.354094837789717,-0.9653865118991689,-18.31473808864149,0.004743261047394753,False
2020-12-02,wind_ventilation,meteorology,-17.65596657183619,0.7327671247570606,-17.201237192015867,-0.2780377449367393,False
2020-12-03,wind_ventilation,meteorology,-19.444522629619428,-0.7454598530873682,-20.341351173110183,-0.15136869040338752,False
2020-12-04,wind_ventilation,meteorology,-15.257985737466527,-0.562733515148409,-16.037955360183275,-0.21723610756833978,False
2020-12-05,wind_ventilation,meteorology,-14.857911584511669,0.05666539481495647,-14.915232853266616,-0.11398666356990361,False
2020-12-06,wind_ventilation,meteorology,-16.66372238319383,0.18109693730275467,-16.874098115602976,-0.3914726697119022,False
2020-12-07,wind_ventilation,meteorology,-16.104015426935234,0.43776472364970687,-15.968655436772167,-0.30240473348663954,False
2020-12-08,wind_ventilation,meteorology,-17.33036304536529,0.07781077479023679,-17.453004316465297,-0.2004520458902448,False
2020-12-09,wind_ventilation,meteorology,-16.11243478008703,4.767232113301134,-12.065755141953787,-0.7205524751678922,False
2020-12-10,wind_ventilation,meteorology,-15.997586375961816,3.12026619467008,-13.714591227888263,-0.837271046596527,False
2020-12-11,wind_ventilation,meteorology,-14.710595972164697,5.026492172635244,-10.382264351159506,-0.6981605516300533,False
2020-12-12,wind_ventilation,meteorology,-15.762828339963846,6.074852507389835,-10.386136384204008,-0.6981605516299965,False
2020-12-13,wind_ventilation,meteorology,-15.700882531810464,2.653555975986478,-13.646218239838731,-0.5988916840147454,False
2020-12-14,wind_ventilation,meteorology,-17.452159368889284,-0.8282285053783198,-18.299969700977783,-0.01958182671017994,False
2020-12-15,wind_ventilation,meteorology,-17.323046538055962,-1.3339544510520227,-18.259031275626455,0.39796971348152965,False
2020-12-16,wind_ventilation,meteorology,-17.707350169743393,-1.6358392204639927,-19.116679600616123,0.22650978959126178,False
2020-12-17,wind_ventilation,meteorology,-19.845726802815307,-2.4340703426325945,-23.016624358882495,-0.7368272134345943,False
2020-12-18,wind_ventilation,meteorology,-17.610707256727494,-1.4146302296890099,-19.41027088079528,-0.38493339437877694,False
2020-12-19,wind_ventilation,meteorology,-16.85732179574285,-2.582604432078938,-20.322844001859266,-0.8829177740374803,False
2020-12-20,wind_ventilation,meteorology,-16.31429156020829,-0.6788169445507037,-17.235390461607494,-0.24228195684850107,False
2020-12-21,wind_ventilation,meteorology,-16.2492523484122,-0.7243769657829375,-16.93986537317238,0.03376394102275526,False
2020-12-22,wind_ventilation,meteorology,-17.206376806910725,-0.6104028781676902,-17.114698118233434,0.7020815668449814,False
2020-12-23,wind_ventilation,meteorology,-17.98576515791609,-0.9376709785098001,-18.13299287009454,0.7904432663313514,False
2020-12-24,wind_ventilation,meteorology,-17.365445142323097,-0.7748633452578702,-17.606631833043025,0.5336766545379419,False
2020-12-25,wind_ventilation,meteorology,-19.522858775710063,-0.1431022361486498,-19.20093528426031,0.4650257275984018,False
2020-12-26,wind_ventilation,meteorology,-16.921698538724343,0.1892586712948514,-16.29836901472669,0.43407085270280277,False
2020-12-27,wind_ventilation,meteorology,-15.473409487656227,5.5270772091867,-10.476179535460062,-0.5298472569905357,False
2020-12-28,wind_ventilation,meteorology,-16.524746198214928,-0.5453720145676471,-16.99730906677985,0.07280914600272581,False
2020-12-29,wind_ventilation,meteorology,-14.118775894559576,-0.31659412038777646,-14.194264797515928,0.241105217431425,False
2020-12-30,wind_ventilation,meteorology,-13.241328118087893,-0.6624497905320936,-14.13865288167841,-0.23487497305842453,False
2020-12-31,wind_ventilation,meteorology,-13.691003543807142,-1.0865189132427417,-14.927782720036362,-0.1502602629864782,False
2021-01-01,wind_ventilation,meteorology,-13.976142032429209,-1.4035585410018712,-15.585179989180062,-0.20547941574898232,False
2021-01-02,wind_ventilation,meteorology,-15.293716620545467,-2.621232189890179,-17.880748977737312,0.034199832698334376,False
2021-01-03,wind_ventilation,meteorology,-15.10663478363358,-3.260156748715019,-18.422969468689928,-0.05617793634132795,False
2021-01-04,wind_ventilation,meteorology,-14.853731520348674,-0.8653040082392636,-15.455574071896876,0.26346145669106136,False
2021-01-05,wind_ventilation,meteorology,-15.491104614914889,-1.216815240077608,-16.21473326708741,0.49318658790508607,False
2021-01-06,wind_ventilation,meteorology,-16.89784755945817,-2.6469117714390222,-19.18482376445786,0.3599355664393329,False
2021-01-07,wind_ventilation,meteorology,-14.924607343861453,-1.5418243650880186,-16.065478829999336,0.400952878950136,False
2021-01-08,wind_ventilation,meteorology,-14.920445997168088,-3.4038660589950496,-17.795770613869706,0.5285414422934309,False
2021-01-09,wind_ventilation,meteorology,-16.014268767425676,-3.682487484246394,-19.098869309223176,0.5978869424488948,False
2021-01-10,wind_ventilation,meteorology,-10.906081368831963,-3.8192944843373766,-14.511981485966771,0.213394367202568,False
2021-01-11,wind_ventilation,meteorology,-12.98108358252125,-3.0863019476202567,-15.410946501844364,0.6564390282971431,False
2021-01-12,wind_ventilation,meteorology,-11.743092436497193,-4.717529038460839,-15.940748938890692,0.5198725360673393,False
2021-01-13,wind_ventilation,meteorology,-12.095926138543007,-5.928024398058767,-17.941580563130174,0.08236997347160013,False
2021-01-14,wind_ventilation,meteorology,-11.616109353189927,-5.965526326262932,-17.25885112264791,0.32278455680494744,False
2021-01-15,wind_ventilation,meteorology,-13.449187247498912,-6.95595836677245,-19.8084761761379,0.5966694381334605,False
2021-01-16,wind_ventilation,meteorology,-12.12357598375246,-5.936072619322601,-17.405177142112564,0.6544714609624975,False
2021-01-17,wind_ventilation,meteorology,-8.682631653320641,-3.384104789901073,-11.494099280424507,0.5726371627972071,False
2021-01-18,wind_ventilation,meteorology,-14.797923788512776,-5.828450336108062,-19.971573463061702,0.6548006615591362,False
2021-01-19,wind_ventilation,meteorology,-14.285855313640639,-4.753331888032449,-18.359965669789574,0.6792215318835133,False
2021-01-20,wind_ventilation,meteorology,-13.796629924550984,-4.1200172734947955,-17.876743474038904,0.03990372400687647,False
2021-01-21,wind_ventilation,meteorology,-12.746825331836305,-4.009889132856188,-16.09105985684755,0.6656546078449423,False
2021-01-22,wind_ventilation,meteorology,-13.185808775907105,-5.910622285055126,-18.695328640334765,0.4011024206274669,False
2021-01-23,wind_ventilation,meteorology,-12.462695351267087,-4.6358910166240435,-16.868164349774304,0.23042201811682617,False
2021-01-24,wind_ventilation,meteorology,-11.108470900679947,-5.024701256403432,-15.794764446731108,0.33840771035227135,False
2021-01-25,wind_ventilation,meteorology,-11.637088868073874,-4.629126138974243,-16.0963669945981,0.1698480124500179,False
2021-01-26,wind_ventilation,meteorology,-13.058223996648508,-7.409521018355747,-19.912152125518958,0.5555928894852968,False
2021-01-27,wind_ventilation,meteorology,-13.83915487621698,-7.357901142064065,-20.55776033783684,0.6392956804442065,False
2021-01-28,wind_ventilation,meteorology,-14.626383440874918,-1.2369595618806102,-15.285905883960481,0.5774371187950464,False
2021-01-29,wind_ventilation,meteorology,-14.013567405465949,-1.69129721183009,-15.08989286679406,0.6149717505019794,False
2021-01-30,wind_ventilation,meteorology,-12.744172547157461,-3.897431846545544,-15.47105317927543,1.1705512144275758,False
2021-01-31,wind_ventilation,meteorology,-11.836213427545204,-3.1346205383455867,-13.97463075734754,0.9962032085432497,False
2021-02-01,wind_ventilation,meteorology,-11.200722827618904,1.094577802515687,-9.566737751437643,0.5394072736655744,False
2021-02-02,wind_ventilation,meteorology,-12.579397901288303,-0.8953084369707653,-12.478503129715875,0.9962032085431929,False
2021-02-03,wind_ventilation,meteorology,-11.967428536068553,1.4677431449152323,-10.07623935342005,0.42344603773327094,False
2021-02-04,wind_ventilation,meteorology,-5.906007848779154,0.6869410845641539,-4.510065960230577,0.7090008039844236,False
2021-02-05,wind_ventilation,meteorology,-5.474614423173563,0.48694291932864076,-4.378171533193864,0.6094999706510578,False
2021-02-06,wind_ventilation,meteorology,-4.978769185557127,0.7561813219633962,-3.4947718773175893,0.7278159862761413,False
2021-02-07,wind_ventilation,meteorology,-4.201493123113863,1.6206775686795254,-2.3130810651051377,0.2677344893292002,False
2021-02-08,wind_ventilation,meteorology,-1.83687370056046,0.2848240358960652,-1.2806502434422953,0.2713994212220996,False
2021-02-09,wind_ventilation,meteorology,-1.922536045887739,-0.2158242829374899,-1.9438493913251307,0.19451093750009818,False
2021-02-10,wind_ventilation,meteorology,-2.9771853585327506,0.23554283411499455,-2.547131586917743,0.19451093750001291,False
2021-02-11,wind_ventilation,meteorology,-3.686598291912645,-0.1980704048471864,-3.6132692755378173,0.2713994212220143,False
2021-02-12,wind_ventilation,meteorology,-4.3532256140696575,0.39183329165970804,-3.766881384909908,0.19451093750004134,False
2021-02-13,wind_ventilation,meteorology,-5.539363518361199,0.19958583613188807,-4.850885841376055,0.4888918408532561,False
2021-02-14,wind_ventilation,meteorology,-10.803853890770739,-0.5617851988484972,-11.227282270653092,0.1383568189661446,False
2021-02-15,wind_ventilation,meteorology,-7.981834850512229,-0.36820044143595965,-8.45270937177935,-0.10267407983116073,False
2021-02-16,wind_ventilation,meteorology,-7.167280646773719,-0.5718068273938854,-7.520693051458778,0.21839442270882614,False
2021-02-17,wind_ventilation,meteorology,-5.251030067784541,-0.1444794251096937,-5.369497162930031,0.026012329964203218,False
2021-02-18,wind_ventilation,meteorology,-2.9650648394799077,0.20233035095540686,-2.5040034349775624,0.2587310535469385,False
2021-02-19,wind_ventilation,meteorology,-1.861780229674224,0.529183397967131,-0.8432874582675822,0.48930937343951086,False
2021-02-20,wind_ventilation,meteorology,-1.8301746465883468,0.4782825340890895,-1.057880341665964,0.29401177083329344,False
2021-02-21,wind_ventilation,meteorology,-1.1489275022677816,0.4232831940559265,-0.7358782859661517,-0.010233977754296575,False
2021-02-22,wind_ventilation,meteorology,-2.145883979945978,0.48074096248245723,-1.6753769952177322,-0.01023397775421131,False
2021-02-23,wind_ventilation,meteorology,-1.1449226690600085,-1.2987657073659022,-2.0530698700295034,0.3906185063964074,False
2021-02-24,wind_ventilation,meteorology,-1.6995633191264972,1.6901470442466575,-0.13727270641189193,-0.12785643153205228,False
2021-02-25,wind_ventilation,meteorology,-1.423551996694954,1.668354921782452,0.11694649355541742,-0.1278564315320807,False
2021-02-26,wind_ventilation,meteorology,-1.545934196892233,2.0542646190421863,0.3804739906177872,-0.12785643153216597,False
2021-02-27,wind_ventilation,meteorology,0.5471655319972513,2.3713888270214056,2.9954428427408004,0.07688848372214352,False
2021-02-28,wind_ventilation,meteorology,0.9922406330006481,2.8094243967764214,3.8785535134991846,0.0768884837221151,False
2021-03-01,wind_ventilation,meteorology,0.2578416139687505,2.7903167240766606,3.048158338045397,-1.4210854715202004e-14,False
2021-03-02,wind_ventilation,meteorology,-0.6816736867866666,1.7842852098161899,1.2898040825533457,0.1871925595238224,False
2021-03-03,wind_ventilation,meteorology,-1.2949043865975938,-0.39717408292847267,-1.5470972790498791,0.1449811904761873,False
2021-03-04,wind_ventilation,meteorology,-1.0735136852542126,0.5974471589639592,-0.3663146803351509,0.10975184595510257,False
2021-03-05,wind_ventilation,meteorology,-1.1795655916398147,0.05937245660611268,-1.0057247015978419,0.1144684334358601,False
2021-03-06,wind_ventilation,meteorology,-0.30011492853448374,0.41837292699804607,0.11825799846357654,1.4210854715202004e-14,False
2021-03-07,wind_ventilation,meteorology,-0.7519762454743955,0.5490835626667092,-0.17608988447165075,0.026802798336035494,False
2021-03-08,wind_ventilation,meteorology,-0.06863500143182932,1.2380961974036637,1.1694611959717918,-4.263256414560601e-14,False
2021-03-09,wind_ventilation,meteorology,-0.06863500143181511,1.5843531297943656,1.5157181283625079,-4.263256414560601e-14,False
2021-03-10,wind_ventilation,meteorology,-0.01768054324942625,1.8396391477313188,1.848761402817928,0.026802798336035494,False
2021-03-11,wind_ventilation,meteorology,-0.1369061115850343,1.813098348976908,1.6761922373918452,-2.842170943040401e-14,False
2021-03-12,wind_ventilation,meteorology,0.01742625694593869,1.728947759556263,1.7463740165021733,-2.842170943040401e-14,False
2021-03-13,wind_ventilation,meteorology,-0.1541096129049322,1.6564695461869405,1.5023599332819515,-5.684341886080802e-14,False
2021-03-14,wind_ventilation,meteorology,-0.12259022708815337,1.6703187965037927,1.547728569415625,-1.4210854715202004e-14,False
2021-03-15,wind_ventilation,meteorology,-0.1541096129049322,1.8438480829164376,1.689738470011477,-2.842170943040401e-14,False
2021-03-16,wind_ventilation,meteorology,-0.2170743904931811,1.8766053021028029,1.6595309116095933,-2.842170943040401e-14,False
2021-03-17,wind_ventilation,meteorology,0.13680447451386613,1.6283373408931823,1.7651418154070342,-1.4210854715202004e-14,False
2021-03-18,wind_ventilation,meteorology,-0.4191683656604681,0.8308690096823597,0.6452838458491215,0.2335832018272299,False
2021-03-19,wind_ventilation,meteorology,-0.16399746745749155,1.7042105312055327,1.5402130637480127,-2.842170943040401e-14,False
2021-03-20,wind_ventilation,meteorology,-0.26988791977481696,1.8785821671872611,1.6086942474124442,0.0,False
2021-03-21,wind_ventilation,meteorology,0.024748138595526825,1.817687332871813,1.8424354714672972,-4.263256414560601e-14,False
2021-03-22,wind_ventilation,meteorology,0.11533569006091682,1.9873603961297164,2.0646216814287044,-0.038074404761928804,False
2021-03-23,wind_ventilation,meteorology,0.2321273324973845,1.8289352753299966,2.022988203065438,-0.038074404761943015,False
2021-03-24,wind_ventilation,meteorology,0.021270264072342115,1.8155940623706215,1.836864326442921,-4.263256414560601e-14,False
2021-03-25,wind_ventilation,meteorology,0.09326552954883027,1.6186840856152287,1.8160872437300952,0.10413762856603626,False
2021-03-26,wind_ventilation,meteorology,0.08423504166059104,1.6473829075766986,1.7316179492372754,-1.4210854715202004e-14,False
2021-03-27,wind_ventilation,meteorology,0.012321190327256204,1.7820122241225391,1.8984710430158316,0.10413762856603626,False
2021-03-28,wind_ventilation,meteorology,0.11575442747738407,1.7468758657605008,1.8626302932378564,-2.842170943040401e-14,False
2021-03-29,wind_ventilation,meteorology,0.11575442747738407,1.8466855688476187,1.9624399963249886,-1.4210854715202004e-14,False
2021-03-30,wind_ventilation,meteorology,0.3747905406778784,1.9536302045700893,2.290346340486053,-0.03807440476191459,False
2021-03-31,wind_ventilation,meteorology,0.29099035970352816,1.0958186450871494,1.622405708087328,0.2355967032966504,False
2021-04-01,wind_ventilation,meteorology,0.12884210867990475,1.575610094093875,1.8091853582526767,0.10473315547889683,False
2021-04-02,wind_ventilation,meteorology,0.08965602055727118,1.644117900670949,1.838507076707117,0.10473315547889683,False
2021-04-03,wind_ventilation,meteorology,0.0399661194712877,1.6440976713421946,1.7887969462923508,0.10473315547886841,False
2021-04-04,wind_ventilation,meteorology,-0.014879812830159267,1.6448481562417214,1.7078987005544093,0.07793035714284713,False
2021-04-05,wind_ventilation,meteorology,0.15044377677476461,1.7490368546466328,1.9393365838023442,0.039855952380946746,False
2021-04-06,wind_ventilation,meteorology,0.06074726254132656,1.717620532566201,1.8562981522503605,0.07793035714283292,False
2021-04-07,wind_ventilation,meteorology,0.384565181177706,1.9094178571612588,2.3338389907198973,0.039855952380932536,False
2021-04-08,wind_ventilation,meteorology,0.3007350035108516,1.7425878860212975,2.0831788419130675,0.039855952380918325,False
2021-04-09,wind_ventilation,meteorology,-0.17466326180918657,1.674560526845923,1.5778276221795693,0.07793035714283292,False
2021-04-10,wind_ventilation,meteorology,-0.23762803939742128,1.8639296558115745,1.7042319735569578,0.0779303571428045,False
2021-04-11,wind_ventilation,meteorology,-0.08363203850633738,1.9693959493008322,1.9636942679373277,0.07793035714283292,False
2021-04-12,wind_ventilation,meteorology,-0.1361451852098412,1.8301219623727434,1.7719071343057209,0.07793035714281871,False
2021-04-13,wind_ventilation,meteorology,-0.08547461147308866,1.8301219623727434,1.8225777080424734,0.07793035714281871,False
2021-04-14,wind_ventilation,meteorology,-0.032961464769584836,1.8081592662942683,1.8531281586675306,0.07793035714284713,False
2021-04-15,wind_ventilation,meteorology,0.023487779119278684,1.9017378805601197,2.0031560168222313,0.07793035714283292,False
2021-04-16,wind_ventilation,meteorology,0.028908758015944613,1.735661095295967,1.8693030087908085,0.10473315547889683,False
2021-04-17,wind_ventilation,meteorology,0.16035334337034612,1.899828248313554,2.1381119488267473,0.07793035714284713,False
2021-04-18,wind_ventilation,meteorology,0.25396813150150876,1.8706284797758883,2.2293297667562797,0.10473315547888262,False
2021-04-19,wind_ventilation,meteorology,0.016565578941310832,1.8827150563890882,1.9772109924732035,0.0779303571428045,False
2021-04-20,wind_ventilation,meteorology,0.384565181177706,2.10473262421543,2.5291537577740684,0.039855952380932536,False
2021-04-21,wind_ventilation,meteorology,0.08423504166059104,1.7599485677265534,1.9221139665299631,0.07793035714281871,False
2021-04-22,wind_ventilation,meteorology,0.17060035977884525,2.0297738262819536,2.3051073415396672,0.10473315547886841,False
2021-04-23,wind_ventilation,meteorology,0.08965602055725697,1.8629438551419355,2.0573330311781035,0.10473315547891104,False
2021-04-24,wind_ventilation,meteorology,0.060747262541340774,1.8030301621792688,1.9417077818634283,0.07793035714281871,False
2021-04-25,wind_ventilation,meteorology,0.08965602055725697,1.7210217050547243,1.9154108810908639,0.10473315547888262,False
2021-04-26,wind_ventilation,meteorology,0.06074726254132656,1.9617206208687037,2.1003982405528774,0.07793035714284713,False
2021-04-27,wind_ventilation,meteorology,0.06074726254132656,1.8487879310599311,1.9874655507441048,0.07793035714284713,False
2021-04-28,wind_ventilation,meteorology,2.842170943040401e-14,2.0425387696769093,2.1204691268197564,0.07793035714281871,False
2021-04-29,wind_ventilation,meteorology,4.263256414560601e-14,1.7315342330087304,1.8094645901515918,0.07793035714281871,False
2021-04-30,wind_ventilation,meteorology,1.4210854715202004e-14,1.8385943322921747,1.8385943322921747,-1.4210854715202004e-14,False
2021-05-01,wind_ventilation,meteorology,0.05239653713520909,1.8309426678277276,1.9101420032989722,0.026802798336035494,False
2021-05-02,wind_ventilation,meteorology,0.023487779119307106,1.8577454661638058,1.8812332452830418,-7.105427357601002e-14,False
2021-05-03,wind_ventilation,meteorology,-0.010568240453025624,1.8117915339561108,1.8280260918390923,0.026802798336007072,False
2021-05-04,wind_ventilation,meteorology,2.842170943040401e-14,1.7001980835214283,1.700198083521414,-4.263256414560601e-14,False
2021-05-05,wind_ventilation,meteorology,1.4210854715202004e-14,1.8463690124260808,1.8463690124260665,-2.842170943040401e-14,False
2021-05-06,wind_ventilation,meteorology,4.263256414560601e-14,2.0202511976928434,2.020251197692815,-7.105427357601002e-14,False
2021-05-07,wind_ventilation,meteorology,0.3390331733451859,1.9428039692598134,2.270565536179106,-0.01127160642589331,False
2021-05-08,wind_ventilation,meteorology,0.35357586321083545,1.9394780810183505,2.254979539467257,-0.038074404761928804,False
2021-05-09,wind_ventilation,meteorology,0.08391592295201633,2.0164650176466523,2.127183738934704,0.026802798336035494,False
2021-05-10,wind_ventilation,meteorology,0.17103984982635723,1.2948229204629058,1.4658627702892488,-1.4210854715202004e-14,False
2021-05-11,wind_ventilation,meteorology,0.023487779119278684,1.8779236329380922,1.9014114120573424,-2.842170943040401e-14,False
2021-05-12,wind_ventilation,meteorology,0.08423504166060525,2.0447536040780676,2.1289886457386444,-2.842170943040401e-14,False
2021-05-13,wind_ventilation,meteorology,0.17060035977885946,1.8248138848707782,2.0222170429856448,0.026802798336007072,False
2021-05-14,wind_ventilation,meteorology,0.08423504166060525,1.8939427170998187,1.9781777587603813,-4.263256414560601e-14,False
2021-05-15,wind_ventilation,meteorology,0.05017902208827252,1.9509558071203799,2.0279376275446737,0.026802798336021283,False
2021-05-16,wind_ventilation,meteorology,0.15340044570100986,2.0507591778181933,2.2041596235191747,-2.842170943040401e-14,False
2021-05-17,wind_ventilation,meteorology,0.37655198192024386,1.963704100220383,2.302181677378684,-0.038074404761943015,False
2021-05-18,wind_ventilation,meteorology,0.12991266658173117,1.7687155079180314,1.8986281744997342,-2.842170943040401e-14,False
2021-05-19,wind_ventilation,meteorology,-0.061986832353838395,2.0950874763762073,2.0331006440223547,-1.4210854715202004e-14,False
2021-05-20,wind_ventilation,meteorology,-0.032961464769584836,1.710460832701358,1.6774993679317447,-2.842170943040401e-14,False
2021-05-21,wind_ventilation,meteorology,0.16706206938755486,1.6858808521566289,1.8529429215441695,-1.4210854715202004e-14,False
2021-05-22,wind_ventilation,meteorology,-0.1484393890613518,1.7646259342340898,1.6161865451727095,-2.842170943040401e-14,False
2021-05-23,wind_ventilation,meteorology,-0.09343222412528007,1.610697476796929,1.5172652526716206,-2.842170943040401e-14,False
2021-05-24,wind_ventilation,meteorology,-0.032961464769556414,1.724588412703909,1.69162694793431,-4.263256414560601e-14,False
2021-05-25,wind_ventilation,meteorology,0.023487779119278684,1.601696364884802,1.6251841440040522,-2.842170943040401e-14,False
2021-05-26,wind_ventilation,meteorology,0.028908758015944613,1.4737899024981402,1.5295014588501203,0.026802798336035494,False
2021-05-27,wind_ventilation,meteorology,-0.030467446537045362,1.5610246041140527,1.5305571575769932,-1.4210854715202004e-14,False
2021-05-28,wind_ventilation,meteorology,-0.20265261814918745,1.5614369834046897,1.3250144373193677,-0.033769927936134536,False
2021-05-29,wind_ventilation,meteorology,-0.14271617069906029,1.610159755973001,1.4674435852739265,-1.4210854715202004e-14,False
2021-05-30,wind_ventilation,meteorology,0.005723218362334137,1.7155500020569292,1.7212732204192207,-4.263256414560601e-14,False
2021-05-31,wind_ventilation,meteorology,0.21390672002509348,1.631587611074508,1.8454943310995873,-1.4210854715202004e-14,False
2021-06-01,wind_ventilation,meteorology,-0.04823200729398991,1.5761052625777694,1.5278732552837369,-4.263256414560601e-14,False
2021-06-02,wind_ventilation,meteorology,-0.16620394981831055,1.404038489329011,1.2378345395106578,-4.263256414560601e-14,False
2021-06-03,wind_ventilation,meteorology,-0.11119678488225304,1.4871419441196991,1.3759451592374177,-2.842170943040401e-14,False
2021-06-04,wind_ventilation,meteorology,-0.20258655098723466,1.5799539384961463,1.377367387508869,-4.263256414560601e-14,False
2021-06-05,wind_ventilation,meteorology,0.08942712834240751,1.5799539384961463,1.6693810668385396,-1.4210854715202004e-14,False
2021-06-06,wind_ventilation,meteorology,-0.23980525182497558,1.4963164266199556,1.2565111747949658,-1.4210854715202004e-14,False
2021-06-07,wind_ventilation,meteorology,-0.23828917882681822,1.389793974882565,1.1515047960557183,-2.842170943040401e-14,False
2021-06-08,wind_ventilation,meteorology,-0.3650330821874661,1.6081042122004305,1.2818715282691358,0.03880039825617132,False
2021-06-09,wind_ventilation,meteorology,-0.13433444395791128,2.0364502539204494,1.902115809962524,-1.4210854715202004e-14,False
2021-06-10,wind_ventilation,meteorology,-0.22321460100189938,1.641132784031683,1.444720981365819,0.026802798336035494,False
2021-06-11,wind_ventilation,meteorology,-0.06296477758823471,1.5343983025551609,1.471433524966912,-1.4210854715202004e-14,False
2021-06-12,wind_ventilation,meteorology,0.23167128078206645,1.668391342294072,1.90006262307611,-2.842170943040401e-14,False
2021-06-13,wind_ventilation,meteorology,0.16870650319380331,1.369446722498239,1.5381532256920565,1.4210854715202004e-14,False
2021-06-14,wind_ventilation,meteorology,1.4210854715202004e-14,1.5144081955029804,1.5144081955029804,-1.4210854715202004e-14,False
2021-06-15,wind_ventilation,meteorology,0.05500716493608593,1.6802336714171844,1.735240836353256,-1.4210854715202004e-14,False
2021-06-16,wind_ventilation,meteorology,0.023487779119292895,1.7385544306686427,1.762042209787893,-4.263256414560601e-14,False
2021-06-17,wind_ventilation,meteorology,0.08391592295200212,1.6631117228501182,1.77383044413817,0.026802798336049705,False
2021-06-18,wind_ventilation,meteorology,-0.061986832353838395,1.6092144415189296,1.547227609165077,-1.4210854715202004e-14,False
2021-06-19,wind_ventilation,meteorology,0.14619666930896358,1.5847583320468601,1.730955001355781,-4.263256414560601e-14,False
2021-06-20,wind_ventilation,meteorology,0.14619666930893516,1.5355100741445824,1.6817067434535318,1.4210854715202004e-14,False
2021-06-21,wind_ventilation,meteorology,-0.11692000324455876,1.529131973442901,1.4122119701983422,0.0,False
2021-06-22,wind_ventilation,meteorology,-0.053955225656295625,1.6108683289799899,1.5569131033236516,-4.263256414560601e-14,False
2021-06-23,wind_ventilation,meteorology,-0.1484393890613802,1.576597853875512,1.428158464814146,1.4210854715202004e-14,False
2021-06-24,wind_ventilation,meteorology,-0.1484393890613518,1.4673156527724274,1.3188762637110614,-1.4210854715202004e-14,False
2021-06-25,wind_ventilation,meteorology,0.14619666930896358,1.5153214848510004,1.6615181541599355,-2.842170943040401e-14,False
2021-06-26,wind_ventilation,meteorology,-0.2107003726761576,1.3760474979228974,1.1653471252467256,-1.4210854715202004e-14,False
2021-06-27,wind_ventilation,meteorology,-0.2712745469377751,1.4403102233097371,1.1690356763719194,-4.263256414560601e-14,False
2021-06-28,wind_ventilation,meteorology,-0.417231989801337,1.2978413787502063,0.9194097872050975,0.038800398256228164,False
2021-06-29,wind_ventilation,meteorology,-0.08407785483166208,1.560946482747866,1.5156690261723753,0.03880039825617132,False
2021-06-30,wind_ventilation,meteorology,-0.34154530306823006,1.6936701277211625,1.390925222909118,0.03880039825618553,False
2021-07-01,wind_ventilation,meteorology,0.06535838284236206,2.1200858417124238,2.2633745816976187,0.07793035714283292,False
2021-07-02,wind_ventilation,meteorology,0.34628614690502957,1.6206913980582982,2.0379407725061185,0.07096322754279072,False
2021-07-03,wind_ventilation,meteorology,7.105427357601002e-15,0.8306140781063647,0.8306140781063647,-7.105427357601002e-15,False
2021-07-04,wind_ventilation,meteorology,-0.057831369801078836,0.9628141860376402,0.8907331829675655,-0.014249633268995865,False
2021-07-05,wind_ventilation,meteorology,0.11197063683126629,0.9022528136209118,1.014223450452178,0.0,False
2021-07-06,wind_ventilation,meteorology,0.07365911874580888,1.2293223067284416,1.3029814254742504,0.0,False
2021-07-07,wind_ventilation,meteorology,-0.0261238652802831,1.363639206575705,1.3493895733067163,0.011874232011294339,False
2021-07-08,wind_ventilation,meteorology,0.0,0.8669813848417647,0.8669813848417647,0.0,False
2021-07-09,wind_ventilation,meteorology,0.0,1.4508532148810858,1.4508532148810858,0.0,False
2021-07-10,wind_ventilation,meteorology,-0.15772205353810165,0.8676322727665564,0.7193767234863415,0.009466504257886754,False
2021-07-11,wind_ventilation,meteorology,-7.105427357601002e-15,1.100311147811631,1.100311147811631,7.105427357601002e-15,False
2021-07-12,wind_ventilation,meteorology,-0.09107524715506798,1.2093687802440982,1.1182935330890302,0.0,False
2021-07-13,wind_ventilation,meteorology,-0.09107524715506088,1.616899011508636,1.5258237643535608,-1.4210854715202004e-14,False
2021-07-14,wind_ventilation,meteorology,-0.1846533944064035,1.472194148635154,1.311711309505121,0.024170555276370465,False
2021-07-15,wind_ventilation,meteorology,-0.16048283913002592,2.5079334327163565,2.3474505935863377,7.105427357601002e-15,False
2021-07-16,wind_ventilation,meteorology,-0.2009363169612115,3.459817657054245,3.306614743499395,0.047733403406361674,False
2021-07-17,wind_ventilation,meteorology,-0.2009363169612186,3.445176683646558,3.291973770091708,0.04773340340636878,False
2021-07-18,wind_ventilation,meteorology,-0.06301667366199837,3.375145593722408,3.3598623234667855,0.047733403406375885,False
2021-07-19,wind_ventilation,meteorology,0.030973424145301465,3.730955910990083,3.7619293351353775,-7.105427357601002e-15,False
2021-07-20,wind_ventilation,meteorology,0.07514090922350647,4.2321622601038555,4.307303169327355,-7.105427357601002e-15,False
2021-07-21,wind_ventilation,meteorology,0.07204526368921904,3.759111114571816,3.831156378261035,0.0,False
2021-07-22,wind_ventilation,meteorology,-0.08523758694669681,3.985967833848825,3.948463650308483,0.04773340340635457,False
2021-07-23,wind_ventilation,meteorology,-0.04037349854927896,3.7000814423205313,3.6858318090515496,0.02612386528029731,False
2021-07-24,wind_ventilation,meteorology,-0.0633062099920707,3.7461827184836167,3.7319330852146138,0.049056576723067735,False
2021-07-25,wind_ventilation,meteorology,-0.06830590783204826,3.8423404936726655,3.8447007006897564,0.0706661148491392,False
2021-07-26,wind_ventilation,meteorology,-0.3001837597186494,1.98218341332214,-0.0070509107741045796,-1.6890505643775953,False
2021-07-27,wind_ventilation,meteorology,-0.30493444951133597,5.346293219359453,3.3523082054705426,-1.689050564377574,False
2021-07-28,wind_ventilation,meteorology,-0.13840144262945842,5.2380306619190975,3.5452622969602388,-1.5543669223294003,False
2021-07-29,wind_ventilation,meteorology,-0.16452530790975572,5.17984795561874,3.4870795906598886,-1.528243057049096,False
2021-07-30,wind_ventilation,meteorology,-0.0864937374157364,5.0663729671732085,3.425512307428072,-1.5543669223294003,False
2021-07-31,wind_ventilation,meteorology,-0.15714292664573293,4.894429111793563,3.1829192628184373,-1.5543669223293932,False
2021-08-01,wind_ventilation,meteorology,-0.17585721744806904,5.196427291162131,3.4662031513846756,-1.5543669223293861,False
2021-08-02,wind_ventilation,meteorology,-0.20379207662215748,5.102492435785756,3.4231764207051754,-1.475523938458423,False
2021-08-03,wind_ventilation,meteorology,-0.11611086587212327,5.817664689166477,4.147186900964982,-1.554366922329372,False
2021-08-04,wind_ventilation,meteorology,-0.15177129902610886,5.108947690871375,3.40280946951588,-1.5543669223293861,False
2021-08-05,wind_ventilation,meteorology,-0.13407932359395147,5.110022823283948,3.4215765773605966,-1.5543669223294003,False
2021-08-06,wind_ventilation,meteorology,-0.05161972290473216,5.507660039512075,3.649955495475922,-1.8060848211314209,False
2021-08-07,wind_ventilation,meteorology,-0.1227481153613681,6.3317116174386285,4.402878680945847,-1.8060848211314138,False
2021-08-08,wind_ventilation,meteorology,-0.307858051241098,6.476238149925962,4.270547669055048,-1.8978324296298155,False
2021-08-09,wind_ventilation,meteorology,-0.28711892843409714,5.67557335211221,3.4906219940483183,-1.8978324296297941,False
2021-08-10,wind_ventilation,meteorology,-0.3180923525793844,5.849362386031196,3.633437603822003,-1.8978324296298084,False
2021-08-11,wind_ventilation,meteorology,-0.43749272437194264,5.535017060806766,3.3343755488532025,-1.7631487875816205,False
2021-08-12,wind_ventilation,meteorology,-0.28337219199673314,5.781850787058509,3.5529127620256062,-1.94556583303617,False
2021-08-13,wind_ventilation,meteorology,-0.2753547701282244,5.333153985257731,3.529556158080382,-1.5282430570491243,False
2021-08-14,wind_ventilation,meteorology,-0.07809523255076556,5.129737080781062,3.483025292631879,-1.5686165555984175,False
2021-08-15,wind_ventilation,meteorology,-0.06131719574234751,3.2976870522856743,2.647651456945489,-0.5887183995978376,False
2021-08-16,wind_ventilation,meteorology,-0.002608822767783181,2.808162077307877,2.309927472082194,-0.4956257824578998,False
2021-08-17,wind_ventilation,meteorology,0.004257387290337533,2.464535136482965,1.9731667413154028,-0.4956257824578998,False
2021-08-18,wind_ventilation,meteorology,-0.00204725851769183,2.8828397642046397,2.292074106089096,-0.5887183995978518,False
2021-08-19,wind_ventilation,meteorology,-0.3588363866544739,-0.11714175046143538,-2.041935839195709,-1.5659577020797997,False
2021-08-20,wind_ventilation,meteorology,-0.09108615664444386,3.328023908901905,2.227200858565567,-1.009736893691894,False
2021-08-21,wind_ventilation,meteorology,-0.0026088227677760756,2.5153990004494133,2.5127901776816373,0.0,False
2021-08-22,wind_ventilation,meteorology,-0.016858456036779046,2.935136252685524,2.9182777966487663,2.1316282072803006e-14,False
2021-08-23,wind_ventilation,meteorology,-0.042982321317062144,3.5619279698541746,3.5450695138174098,0.02612386528029731,False
2021-08-24,wind_ventilation,meteorology,0.05518680765243289,4.320717947437139,4.3759047550895716,0.0,False
2021-08-25,wind_ventilation,meteorology,0.05179296364870822,4.102170080225562,3.90224514507225,-0.25171789880202056,False
2021-08-26,wind_ventilation,meteorology,-0.03090533584713029,4.499064178257832,4.2164409436086885,-0.25171789880201345,False
2021-08-27,wind_ventilation,meteorology,-0.030905335847123183,3.8652573409811595,3.582634106332023,-0.25171789880201345,False
2021-08-28,wind_ventilation,meteorology,-0.0026088227677760756,3.4318712982552526,3.4292624754874765,0.0,False
2021-08-29,wind_ventilation,meteorology,0.04650372947864412,3.4132655689522764,3.4827020098737123,0.022932711442791742,False
2021-08-30,wind_ventilation,meteorology,-0.057671768384466304,3.7080501553198815,3.3635751427601477,-0.2868032441752675,False
2021-08-31,wind_ventilation,meteorology,-0.11458043233730564,3.354418382982921,3.288894527368697,0.049056576723081946,False
2021-09-01,wind_ventilation,meteorology,-0.06591503275984678,3.7237979075734273,3.7069394515366554,0.04905657672307484,False
2021-09-02,wind_ventilation,meteorology,-0.035130234087276335,3.7902438175228284,3.8041701601586198,0.049056576723067735,False
2021-09-03,wind_ventilation,meteorology,0.024368532212420746,4.0216688535499685,3.817252198403139,-0.22878518735925013,False
2021-09-04,wind_ventilation,meteorology,-0.23010041811010495,4.683285805734506,3.7509162562522675,-0.7022691313721339,False
2021-09-05,wind_ventilation,meteorology,-0.033976245631997415,6.167138433603391,4.144660321385416,-1.9885018665859775,False
2021-09-06,wind_ventilation,meteorology,-0.3515727767301797,6.0764647619230345,4.0047472728463305,-1.7201447123465243,False
2021-09-07,wind_ventilation,meteorology,-0.3313538573640855,5.831490822290995,3.6023045352971224,-1.897832429629787,False
2021-09-08,wind_ventilation,meteorology,-0.38368476602911983,5.530773681597587,3.2015230825323115,-1.9455658330361558,False
2021-09-09,wind_ventilation,meteorology,-1.2330275897236191,3.4908282919996836,1.47668858703301,-0.7811121152430545,False
2021-09-10,wind_ventilation,meteorology,-1.1759038932929542,3.1600331362668825,1.478905581809265,-0.5052236611646634,False
2021-09-11,wind_ventilation,meteorology,-1.2337352630940401,3.1932314059395424,1.4542724816808246,-0.5052236611646777,False
2021-09-12,wind_ventilation,meteorology,-0.10754345928804554,2.790774383690689,2.7303341911218197,0.04710326671917642,False
2021-09-13,wind_ventilation,meteorology,-0.00021300001207436026,2.8553559608666887,2.902246227573798,0.04710326671918352,False
2021-09-14,wind_ventilation,meteorology,-0.02394161645188575,3.1000875311241813,2.5376247716950004,-0.5385211429772951,False
2021-09-15,wind_ventilation,meteorology,-0.34214106630695795,3.0552731416221377,2.2141422261877466,-0.49898984912743316,False
2021-09-16,wind_ventilation,meteorology,0.016105468034538717,3.0696599342641306,2.8340475034966417,-0.25171789880202766,False
2021-09-17,wind_ventilation,meteorology,-0.055075891123529175,2.4998560445620797,2.4689507087149565,0.02417055527640599,False
2021-09-18,wind_ventilation,meteorology,-0.07302863791597503,2.6104390087380906,2.5615809260985074,0.02417055527639178,False
2021-09-19,wind_ventilation,meteorology,0.013099244964458023,2.551236352230653,2.5885061524715027,0.02417055527639178,False
2021-09-20,wind_ventilation,meteorology,0.013099244964458023,2.817237026259555,2.8545068265003977,0.024170555276384675,False
2021-09-21,wind_ventilation,meteorology,-0.05850005112015566,2.6655930799131795,2.6070930287930167,-7.105427357601002e-15,False
2021-09-22,wind_ventilation,meteorology,-0.16079846261057185,2.4613462895513223,2.3266716922210264,0.026123865280275993,False
2021-09-23,wind_ventilation,meteorology,-0.16079846261059316,2.404827131124229,2.27015253379394,0.026123865280304415,False
2021-09-24,wind_ventilation,meteorology,-0.16079846261058606,1.6730431022331231,1.5383685049028344,0.02612386528029731,False
2021-09-25,wind_ventilation,meteorology,0.02686935373638022,1.7830042633253953,1.8589301937848575,0.049056576723081946,False
2021-09-26,wind_ventilation,meteorology,0.083966643161979,2.061016347548687,1.916197803351423,-0.22878518735924303,False
2021-09-27,wind_ventilation,meteorology,-0.03979116747955658,1.1238397442622414,0.855263389423456,-0.22878518735922881,False
2021-09-28,wind_ventilation,meteorology,0.011513985888910838,-0.8218016547581115,-1.2214899016829932,-0.41120223281379253,False
2021-09-29,wind_ventilation,meteorology,-0.025541534210567818,-1.116460028283278,-1.5532037953076383,-0.41120223281379253,False
2021-09-30,wind_ventilation,meteorology,-0.04858971389805333,-18.12322926569432,-18.377555987264124,-0.2057370076717504,False
2021-10-01,wind_ventilation,meteorology,-2.3031449279023093,-19.968744864305535,-22.267772560281536,0.004117231926308307,False
2021-10-02,wind_ventilation,meteorology,-2.0470441013703464,-13.195770881790253,-14.92957297629971,0.31324200686088943,False
2021-10-03,wind_ventilation,meteorology,-1.0319185625174043,-7.115351270404318,-7.952758895421709,0.19451093750001291,False
2021-10-04,wind_ventilation,meteorology,-1.8836225257738874,-1.9931453230176146,-3.58275607795818,0.29401177083332186,False
2021-10-05,wind_ventilation,meteorology,-1.0409591633501236,-0.36386512002229665,-1.0780225125391212,0.3268017708332991,False
2021-10-06,wind_ventilation,meteorology,-0.8226018751097399,-0.9132404799049141,-1.409040584181355,0.3268017708332991,False
2021-10-07,wind_ventilation,meteorology,-1.808849025571277,-2.765053450509896,-4.2471007052478456,0.3268017708333275,False
2021-10-08,wind_ventilation,meteorology,-2.8936308604677095,-0.6349747282926614,-2.9466592278830603,0.5819463608773106,False
2021-10-09,wind_ventilation,meteorology,-2.456951277271571,0.5713726736752278,-1.3036322427190896,0.5819463608772537,False
2021-10-10,wind_ventilation,meteorology,-1.5867039036733388,1.3766035520267508,0.10044658800859452,0.31054693965518254,False
2021-10-11,wind_ventilation,meteorology,-1.2203138553195458,-1.4652705502045649,-2.4304398154802414,0.25514459004386936,False
2021-10-12,wind_ventilation,meteorology,-2.9208430523439404,0.007047617962484765,-2.709038053549847,0.20475738083160877,False
2021-10-13,wind_ventilation,meteorology,-2.584724452191864,0.023911122498901705,-2.560813329693019,-5.684341886080802e-14,False
2021-10-14,wind_ventilation,meteorology,-0.633595787608499,1.0903749410577177,0.6659584705046484,0.2091793170554297,False
2021-10-15,wind_ventilation,meteorology,0.6373493323530113,1.8939187705536824,2.5211315866288544,-0.010136516277839291,False
2021-10-16,wind_ventilation,meteorology,-0.07041174228183422,-2.0586338011892735,-2.129045543471136,-2.842170943040401e-14,False
2021-10-17,wind_ventilation,meteorology,-1.1459951215095998,-0.1181907981337531,-1.5559558348975884,-0.29176991525423546,False
2021-10-18,wind_ventilation,meteorology,-0.5125904811456792,-3.554960106422328,-4.180192923305157,-0.11264233573714932,False
2021-10-19,wind_ventilation,meteorology,0.2896800680145759,-0.3809616388279551,-0.4293970139733858,-0.33811544316000663,False
2021-10-20,wind_ventilation,meteorology,0.8518903052176654,-2.6523770330211676,-1.7898949726316005,0.010591755171901696,False
2021-10-21,wind_ventilation,meteorology,0.8338071234721838,0.021980092584783506,0.7279307845248297,-0.12785643153213755,False
2021-10-22,wind_ventilation,meteorology,0.26364289662879514,-3.018477506704869,-2.6246526656316576,0.13018194444441633,False
2021-10-23,wind_ventilation,meteorology,0.5634390514358927,0.06627309056946729,0.6297121420053315,-2.842170943040401e-14,False
2021-10-24,wind_ventilation,meteorology,0.841137101062543,0.16031140636317787,1.078336991147836,0.0768884837221151,False
2021-10-25,wind_ventilation,meteorology,0.7980473696573256,0.2508145795979715,1.1257504329774406,0.07688848372214352,False
2021-10-26,wind_ventilation,meteorology,-0.23372926885323864,-0.09820583504014735,-0.25504662017124247,0.07688848372214352,False
2021-10-27,wind_ventilation,meteorology,-1.6326945131119146,0.7625065175528789,-0.8701879955590357,0.0,False
2021-10-28,wind_ventilation,meteorology,-1.5485377055523202,0.5590860693478419,-0.9894516362044499,2.842170943040401e-14,False
2021-10-29,wind_ventilation,meteorology,-0.46186547642039955,0.8906906209044223,0.5057136282061379,0.0768884837221151,False
2021-10-30,wind_ventilation,meteorology,-0.4743601793426535,2.0028855895501465,1.7999248314295642,0.27139942122207117,False
2021-10-31,wind_ventilation,meteorology,-2.026816254743295,2.353678804822607,0.3268625500793121,0.0,False
2021-11-01,wind_ventilation,meteorology,-2.549938546705789,0.14955438635786322,-2.284890551325333,0.11549360902259309,False
2021-11-02,wind_ventilation,meteorology,-8.35050713201153,0.6192082423258967,-7.810281087192095,-0.07898219750646263,False
2021-11-03,wind_ventilation,meteorology,-13.72368699275512,-1.2220422801559039,-14.752785352699789,0.19294392021123485,False
2021-11-04,wind_ventilation,meteorology,-9.61197375030423,-0.1335842676318748,-9.871973899780812,-0.1264158818447072,False
2021-11-05,wind_ventilation,meteorology,-15.31718419411709,3.339448798779074,-12.260290721027218,-0.28255532568920216,False
2021-11-06,wind_ventilation,meteorology,-15.34896772284776,-1.2664915778575505,-16.721403192299476,-0.1059438915941655,False
2021-11-07,wind_ventilation,meteorology,-14.367412284406157,-1.2351374300985185,-15.47381851582918,0.12873119867549576,False
2021-11-08,wind_ventilation,meteorology,-11.979534130179047,5.959629109912157,-7.387711498645274,-1.3678064783783839,False
2021-11-09,wind_ventilation,meteorology,-10.17200916083533,8.105172078150758,-3.2613727720106453,-1.1945356893260737,False
2021-11-10,wind_ventilation,meteorology,-10.231280297458682,7.421011760625618,-4.492414543570533,-1.6821460067374687,False
2021-11-11,wind_ventilation,meteorology,-9.66541191547583,7.966897042635821,-3.521175907602185,-1.8226610347621772,False
2021-11-12,wind_ventilation,meteorology,-6.639135028097883,1.0543229363174191,-6.1752745944077105,-0.590462502627247,False
2021-11-13,wind_ventilation,meteorology,-6.889631676241208,5.965028894157001,-2.2344187047373794,-1.309815922653172,False
2021-11-14,wind_ventilation,meteorology,-14.84129907825917,1.0976690818233692,-14.497632342746329,-0.7540023463105285,False
2021-11-15,wind_ventilation,meteorology,-12.761955605173682,-1.0501553049061272,-14.181622441408024,-0.36951153132821446,False
2021-11-16,wind_ventilation,meteorology,-13.124061677282441,-1.1751271302906048,-14.49964085346329,-0.2004520458902448,False
2021-11-17,wind_ventilation,meteorology,-14.719839474487912,-0.6956360492363274,-15.58795135495103,-0.1724758312267909,False
2021-11-18,wind_ventilation,meteorology,-16.60323232891261,-0.3676893388510507,-17.296992636640653,-0.3260709688769907,False
2021-11-19,wind_ventilation,meteorology,-16.98780248672199,-0.8549973761025171,-17.908818554867082,-0.06601869204257582,False
2021-11-20,wind_ventilation,meteorology,-16.08893387089705,-1.441281332637061,-17.784418421224075,-0.25420321768996246,False
2021-11-21,wind_ventilation,meteorology,-16.37840081466038,-0.145815100506411,-16.44802213156396,0.07619378360283235,False
2021-11-22,wind_ventilation,meteorology,-16.775490027884075,-0.39764757410733864,-17.21699636366634,-0.04385876167492597,False
2021-11-23,wind_ventilation,meteorology,-17.100920090454338,0.1912531028903004,-16.878445301728505,0.031221685835532753,False
2021-11-24,wind_ventilation,meteorology,-17.049626289114656,0.2503827409976793,-16.717095729384027,0.08214781873294896,False
2021-11-25,wind_ventilation,meteorology,-15.737580278405744,5.992974243809385,-10.216353781185944,-0.4717477465895854,False
2021-11-26,wind_ventilation,meteorology,-15.479294507363875,4.825679584680074,-11.209397049184759,-0.5557821265009579,False
2021-11-27,wind_ventilation,meteorology,-14.679595382764091,6.882198303172174,-8.999278976098879,-1.2018818965069613,False
2021-11-28,wind_ventilation,meteorology,-14.47934532715118,7.595829816723892,-8.444418541602317,-1.5609030311750303,False
2021-11-29,wind_ventilation,meteorology,-15.185532785639737,7.221073749028335,-9.271405142657215,-1.3069461060458138,False
2021-11-30,wind_ventilation,meteorology,-15.869354581935909,6.5540470932511425,-10.488691579220529,-1.1733840905357624,False
2021-12-01,wind_ventilation,meteorology,-17.304297979069815,6.096034717671898,-12.135426479579507,-0.9271632181815903,False
2021-12-02,wind_ventilation,meteorology,-16.412225635990012,1.5764690771540586,-15.56656771978777,-0.7308111609518164,False
2021-12-03,wind_ventilation,meteorology,-17.675494039127443,0.9219143861978978,-16.782506649888262,-0.0289269969587167,False
2021-12-04,wind_ventilation,meteorology,-16.691542788522725,2.4862947617417603,-14.843640241201399,-0.6383922144204348,False
2021-12-05,wind_ventilation,meteorology,-18.017388526017612,-2.6966516852667155,-20.600212134364824,0.11382807691950347,False
2021-12-06,wind_ventilation,meteorology,-12.78855626311821,1.618587374627566,-11.333966142034456,-0.1639972535438119,False
2021-12-07,wind_ventilation,meteorology,-19.965051911843204,1.8282918065822855,-18.404190831912956,-0.26743072665203727,False
2021-12-08,wind_ventilation,meteorology,-16.793163476323286,0.9232626703049505,-16.26545965909372,-0.39555885307538574,False
2021-12-09,wind_ventilation,meteorology,-18.729530462115463,-1.601885078782857,-20.304643156784948,0.026772384113371572,False
2021-12-10,wind_ventilation,meteorology,-19.017168737472616,-2.1098405997033183,-21.04050118269498,0.08650815448095273,False
2021-12-11,wind_ventilation,meteorology,-18.221198569388946,-0.642553657263079,-18.882124004292052,-0.018371777640027176,False
2021-12-12,wind_ventilation,meteorology,-18.315994118811773,-0.0013593137816201306,-18.3413693679002,-0.02401593530680657,False
2021-12-13,wind_ventilation,meteorology,-18.04062284156811,-0.5055562446424346,-18.205999181288917,0.34017990492162653,False
2021-12-14,wind_ventilation,meteorology,-17.50591147314651,-0.5386837932101685,-17.821364634343183,0.2232306320134967,False
2021-12-15,wind_ventilation,meteorology,-19.31774894565217,5.5497609295971415,-14.427645161701093,-0.6596571456460651,False
2021-12-16,wind_ventilation,meteorology,-16.5525347801277,4.644842944643983,-12.14731622849439,-0.23962439301067207,False
2021-12-17,wind_ventilation,meteorology,-21.05251804877804,-1.3088093262661005,-22.1947100711065,0.16661730393764174,False
2021-12-18,wind_ventilation,meteorology,-18.2783548272742,-0.18016513712797178,-18.40006388986012,0.058456074542050374,False
2021-12-19,wind_ventilation,meteorology,-18.044391384373114,-0.6698232735711258,-19.161058571802926,-0.44684391385868594,False
2021-12-20,wind_ventilation,meteorology,-10.816139123554365,-0.37008469627016893,-12.049619732895565,-0.8633959130710309,False
2021-12-21,wind_ventilation,meteorology,-15.439117371917348,-0.4053336124814564,-16.60813225475613,-0.7636812703573241,False
2021-12-22,wind_ventilation,meteorology,-15.15076483798606,0.2687852616188593,-15.502840631587446,-0.6208610552202458,False
2021-12-23,wind_ventilation,meteorology,-18.104605203212998,-0.3721434523540097,-18.288452393323382,0.18829626224362528,False
2021-12-24,wind_ventilation,meteorology,-19.230749499119213,-0.7277943314959998,-19.462841001976642,0.49570282863857074,False
2021-12-25,wind_ventilation,meteorology,-17.58687991890963,-0.39687144258925855,-17.921858999265055,0.06189236223383432,False
2021-12-26,wind_ventilation,meteorology,-19.391210948852347,-1.2618282782684673,-20.22989220695581,0.42314702016500405,False
2021-12-27,wind_ventilation,meteorology,-20.365707017457908,-0.3931388887702951,-20.812078428059408,-0.053232521831205304,False
2021-12-28,wind_ventilation,meteorology,-19.369410995589135,0.11750977410270025,-19.40775622871672,-0.15585500723028645,False
2021-12-29,wind_ventilation,meteorology,-17.581993948584227,-0.25242927770364076,-17.443777182807196,0.3906460434806718,False
2021-12-30,wind_ventilation,meteorology,-19.168567706518843,-1.0242806281515868,-20.107512700201198,0.08533563446923154,False
2021-12-31,wind_ventilation,meteorology,-17.63635194148884,-0.31221430644814063,-17.89843961378466,0.05012663415232055,False
2022-01-01,wind_ventilation,meteorology,-15.547757145588207,-1.4147193149244686,-17.06311917596787,-0.10064271545519432,False
2022-01-02,wind_ventilation,meteorology,-17.148967373403707,-1.1682413793321302,-18.490440223471637,-0.17323147073580003,False
2022-01-03,wind_ventilation,meteorology,-17.623506378684056,-1.8388124374347399,-19.196254516397516,0.266064299721279,False
2022-01-04,wind_ventilation,meteorology,-18.376385063819157,-1.7289351685052452,-19.97435413064676,0.1309661016776431,False
2022-01-05,wind_ventilation,meteorology,-17.671900118586052,-1.0591869874044733,-18.247402221904792,0.48368488408573285,False
2022-01-06,wind_ventilation,meteorology,-20.77013812245974,-2.074611272089328,-22.398793235369624,0.4459561591794454,False
2022-01-07,wind_ventilation,meteorology,-18.659237227646997,-1.9522162775664356,-20.604070922093683,0.007382583119749597,False
2022-01-08,wind_ventilation,meteorology,-16.98496384465807,-1.6461284808491996,-18.43212594922187,0.19896637628539793,False
2022-01-09,wind_ventilation,meteorology,-13.72901881475508,-0.6470053537739773,-14.518731965280665,-0.14270779675160838,False
2022-01-10,wind_ventilation,meteorology,-14.825784374364048,-0.8918809995547576,-15.672209904594865,0.04545546932394018,False
2022-01-11,wind_ventilation,meteorology,-17.893602365029835,-1.5205687550181892,-19.19718164702175,0.21698947302627403,False
2022-01-12,wind_ventilation,meteorology,-9.919931459894201,-1.3765649670759785,-13.195491547565211,-1.898995120595032,False
2022-01-13,wind_ventilation,meteorology,-14.796443390625086,-3.619471414696477,-20.094213286551053,-1.6782984812294899,False
2022-01-14,wind_ventilation,meteorology,-14.33019099199555,-2.440199146703492,-18.30063179249032,-1.530241653791279,False
2022-01-15,wind_ventilation,meteorology,-19.397266119447977,-5.476729960164221,-25.73715038582202,-0.8631543062098217,False
2022-01-16,wind_ventilation,meteorology,-15.70530480885634,-3.701240166722073,-20.981629424482207,-1.5750844489037945,False
2022-01-17,wind_ventilation,meteorology,-15.15756350770073,-2.1852159627074457,-19.335744310584346,-1.992964840176171,False
2022-01-18,wind_ventilation,meteorology,-17.291124414474723,-2.271621634135613,-21.32380318468148,-1.7610571360711447,False
2022-01-19,wind_ventilation,meteorology,-12.320493998737788,-3.033675700458673,-16.819115821120704,-1.4649461219242426,False
2022-01-20,wind_ventilation,meteorology,-12.128513674535498,-1.2016022348358888,-15.150105455027813,-1.8199895456564263,False
2022-01-21,wind_ventilation,meteorology,-15.073070039374102,-3.3253902715006234,-20.84965438024284,-2.451194069368114,True
2022-01-22,wind_ventilation,meteorology,-11.650674112541935,-3.1439842993767684,-17.42301987078099,-2.628361458862287,True
2022-01-23,wind_ventilation,meteorology,-16.815517788181864,-4.5969151498740075,-22.74396043930426,-1.331527501248388,False
2022-01-24,wind_ventilation,meteorology,-14.843319861498117,-4.962409008673774,-20.938716302854118,-1.1329874326822278,False
2022-01-25,wind_ventilation,meteorology,-16.192617488123176,-4.782947254319083,-22.246040540555555,-1.2704757981132957,False
2022-01-26,wind_ventilation,meteorology,-15.46672374365852,-3.753130986643953,-21.053747276157537,-1.8338925458550648,False
2022-01-27,wind_ventilation,meteorology,-15.904777640477278,-3.1238730123461096,-21.265230972001234,-2.236580319177847,True
2022-01-28,wind_ventilation,meteorology,-13.934075484061395,-3.144123800220484,-18.303185137648256,-1.2249858533663769,False
2022-01-29,wind_ventilation,meteorology,-13.339605793121507,-3.270810138270349,-17.142617604575037,-0.5322016731831809,False
2022-01-30,wind_ventilation,meteorology,-15.856460377083863,-3.8625482886665736,-20.577288883448716,-0.8582802176982796,False
2022-01-31,wind_ventilation,meteorology,-13.13139792023037,-4.110299577600813,-17.413648373192416,-0.1719508753612331,False
2022-02-01,wind_ventilation,meteorology,-9.396495435086763,0.7801023687577526,-8.987842139602265,-0.37144907327325427,False
2022-02-02,wind_ventilation,meteorology,-8.14701585684287,2.075113906341187,-7.079653488756264,-1.0077515382545812,False
2022-02-03,wind_ventilation,meteorology,-2.0611298980676906,3.509325424391477,0.8832808111206987,-0.5649147152030878,False
2022-02-04,wind_ventilation,meteorology,1.5265165357863282,3.9967932431497104,5.600198262658097,0.07688848372205825,False
2022-02-05,wind_ventilation,meteorology,2.8107595345284153,6.231172881936914,8.878423041465169,-0.16350937500016016,False
2022-02-06,wind_ventilation,meteorology,1.2167619932723994,2.6269905960197377,4.03826352679215,0.19451093750001291,False
2022-02-07,wind_ventilation,meteorology,-2.8351489089432107,-4.011914810592373,-6.848717366858239,-0.0016536473226551607,False
2022-02-08,wind_ventilation,meteorology,-3.180407529608914,-2.1627998919758795,-5.068709358170338,0.2744980634144554,False
2022-02-09,wind_ventilation,meteorology,-4.477869085387169,0.23536621824877102,-3.7499260830567778,0.49257678408162064,False
2022-02-10,wind_ventilation,meteorology,-2.357830848165264,2.1619027557433697,0.11175109770769609,0.30767919012959055,False
2022-02-11,wind_ventilation,meteorology,-1.9482172080279838,1.3054073561012274,-0.17054197477150979,0.47226787715524665,False
2022-02-12,wind_ventilation,meteorology,-0.9933581520804751,1.2113275600673319,0.5907364518087377,0.37276704382188086,False
2022-02-13,wind_ventilation,meteorology,-0.4133774559030883,1.429197741272617,1.5040809382139742,0.48826065284444553,False
2022-02-14,wind_ventilation,meteorology,-1.8027059392827027,1.6730168416388835,0.3199664299001199,0.4496555275439391,False
2022-02-15,wind_ventilation,meteorology,-3.028219896199147,1.2873148619281665,-1.3681379904492132,0.3727670438217672,False
2022-02-16,wind_ventilation,meteorology,-3.641062596495175,1.422038643562189,-1.846256909111105,0.37276704382188086,False
2022-02-17,wind_ventilation,meteorology,-2.6554942420253838,2.096566688767922,-0.18616050943569462,0.3727670438217672,False
2022-02-18,wind_ventilation,meteorology,-1.0953665303746902,1.3523876962636905,0.5510329367222937,0.29401177083329344,False
2022-02-19,wind_ventilation,meteorology,-0.7920646163568961,1.2605343328521883,0.7177325115380881,0.24926279504279591,False
2022-02-20,wind_ventilation,meteorology,1.1384006434035712,-1.8994958709374146,-0.8976108525339157,-0.1365156250000723,False
2022-02-21,wind_ventilation,meteorology,-0.13469811609249405,-0.8276125855771284,-0.8321287572252061,0.13018194444441633,False
2022-02-22,wind_ventilation,meteorology,0.1740878393918308,1.2780322980102312,1.5290086211241771,0.0768884837221151,False
2022-02-23,wind_ventilation,meteorology,-1.1974180841205282,1.617458529636309,0.4200404455158093,2.842170943040401e-14,False
2022-02-24,wind_ventilation,meteorology,0.11307649418503729,1.2321936754428577,1.3452701696278382,-5.684341886080802e-14,False
2022-02-25,wind_ventilation,meteorology,-0.440257248956442,0.5511101277164983,0.1108528787600278,-2.842170943040401e-14,False
2022-02-26,wind_ventilation,meteorology,-1.0008011206523122,0.4921711106381963,-0.6333149947702168,-0.1246849847561009,False
2022-02-27,wind_ventilation,meteorology,0.7958881221775584,0.42739083116430265,1.1754824523078184,-0.04779650103404265,False
2022-02-28,wind_ventilation,meteorology,0.9863344630016968,0.548049339686628,1.6112722864104114,0.07688848372208668,False
2022-03-01,wind_ventilation,meteorology,0.826264507971473,1.4112443935066779,2.3143973852002944,0.07688848372214352,False
2022-03-02,wind_ventilation,meteorology,-0.5843833558346034,1.0939670510820747,0.5095836952474144,-5.684341886080802e-14,False
2022-03-03,wind_ventilation,meteorology,-0.6835035961549067,2.186192082870349,1.5026884867154422,0.0,False
2022-03-04,wind_ventilation,meteorology,0.17433758276281708,-0.2755439595262885,0.013262056672417089,0.11446843343588853,False
2022-03-05,wind_ventilation,meteorology,0.15255492157787387,-0.10906343240647232,0.04349148917138734,-1.4210854715202004e-14,False
2022-03-06,wind_ventilation,meteorology,-0.11981515906677487,-0.4734277228100865,-0.565714146757827,0.02752873511903431,False
2022-03-07,wind_ventilation,meteorology,-0.08574356318604259,-0.3481248279452416,-0.3748202701954426,0.05904812093584155,False
2022-03-08,wind_ventilation,meteorology,-0.22890453161151925,-0.643656364636314,-0.8135127753120059,0.05904812093582734,False
2022-03-09,wind_ventilation,meteorology,-0.3210312787387579,-0.496015195544004,-0.7895177391637418,0.027528735119020098,False
2022-03-10,wind_ventilation,meteorology,-0.32103127873877213,-0.23361850099696824,-0.5271210446166918,0.02752873511904852,False
2022-03-11,wind_ventilation,meteorology,-0.31348681365049913,-0.26983995543993444,-0.5003777214713949,0.08294904761903865,False
2022-03-12,wind_ventilation,meteorology,-0.03641811260698091,0.28248927704723314,0.32400152158307094,0.07793035714281871,False
2022-03-13,wind_ventilation,meteorology,-0.21584326612335758,0.1802478402981933,0.08720957417482111,0.1228049999999854,False
2022-03-14,wind_ventilation,meteorology,-0.20240082359462974,0.2055279052306389,0.12593208163600877,0.12280499999999961,False
2022-03-15,wind_ventilation,meteorology,-0.4791451999211205,0.12417687161959634,-0.19408892353962415,0.1608794047619,False
2022-03-16,wind_ventilation,meteorology,-0.4476998081496646,0.2787157432586298,-0.00810466012914901,0.16087940476188578,False
2022-03-17,wind_ventilation,meteorology,-0.1638282293435509,0.4433368586079922,0.35743898640728844,0.07793035714284713,False
2022-03-18,wind_ventilation,meteorology,-0.19932469858416368,0.41287171953399593,0.29147737809266516,0.07793035714283292,False
2022-03-19,wind_ventilation,meteorology,-0.21634137604706893,0.40681513036643935,0.26840411146220333,0.07793035714283292,False
2022-03-20,wind_ventilation,meteorology,-0.27694873735748615,1.2016440757392104,1.0026256955245572,0.07793035714283292,False
2022-03-21,wind_ventilation,meteorology,-0.3399135149457493,1.3849926773667534,1.123009519563837,0.07793035714283292,False
2022-03-22,wind_ventilation,meteorology,-0.18352261446867146,1.6457699775196772,1.5401777201938245,0.07793035714281871,False
2022-03-23,wind_ventilation,meteorology,-0.1511754826899221,1.5811448709804523,1.5078997454333773,0.07793035714284713,False
2022-03-24,wind_ventilation,meteorology,-0.25267676887629875,1.1431089126088665,1.0725001294414795,0.1820679857089118,False
2022-03-25,wind_ventilation,meteorology,-0.23762803939742128,1.5262719580112218,1.2886439186137721,-2.842170943040401e-14,False
2022-03-26,wind_ventilation,meteorology,-0.1465968160945863,1.7362370346613147,1.5896402185667142,-1.4210854715202004e-14,False
2022-03-27,wind_ventilation,meteorology,-0.029400309664396218,1.9895199094281821,1.9601195997637433,-4.263256414560601e-14,False
2022-03-28,wind_ventilation,meteorology,0.04259495581207773,1.7777329435355824,2.0023958850565435,0.18206798570888338,False
2022-03-29,wind_ventilation,meteorology,0.08423504166057683,1.983753642887649,2.067988684548226,0.0,False
2022-03-30,wind_ventilation,meteorology,0.3747905406778784,1.9532284109320983,2.289944546848048,-0.038074404761928804,False
2022-03-31,wind_ventilation,meteorology,0.09226664835814802,1.8242555387645751,1.9165221871226805,-4.263256414560601e-14,False
2022-04-01,wind_ventilation,meteorology,0.06074726254131235,2.0583758160192076,2.1191230785605057,-1.4210854715202004e-14,False
2022-04-02,wind_ventilation,meteorology,0.060747262541340774,1.936431558582072,1.99717882112337,-4.263256414560601e-14,False
2022-04-03,wind_ventilation,meteorology,-0.053955225656295625,1.9606454135319211,1.906690187875597,-2.842170943040401e-14,False
2022-04-04,wind_ventilation,meteorology,-0.061986832353838395,1.935608303727463,1.8736214713736103,-1.4210854715202004e-14,False
2022-04-05,wind_ventilation,meteorology,-0.08547461147310287,1.935608303727463,1.8501336922543317,-2.842170943040401e-14,False
2022-04-06,wind_ventilation,meteorology,-0.1484393890613518,1.935608303727463,1.787168914666097,-1.4210854715202004e-14,False
2022-04-07,wind_ventilation,meteorology,0.3123988443303318,1.9736827084893775,2.248007148057752,-0.038074404761957226,False
2022-04-08,wind_ventilation,meteorology,0.3123988443303034,1.9065094031886503,2.180833842757039,-0.03807440476191459,False
2022-04-09,wind_ventilation,meteorology,0.21967612216761268,1.8746269046486645,2.0562286220543484,-0.038074404761928804,False
2022-04-10,wind_ventilation,meteorology,0.3349043770593454,2.044029578154266,2.3408595504516825,-0.038074404761928804,False
2022-04-11,wind_ventilation,meteorology,-0.017764560756930337,1.7112671368168435,1.6935025760598563,-5.684341886080802e-14,False
2022-04-12,wind_ventilation,meteorology,0.011144197258985855,1.8123224039163262,1.8502693995113475,0.026802798336035494,False
2022-04-13,wind_ventilation,meteorology,-0.07903063918833197,1.2804494918415372,1.2014188526532052,0.0,False
2022-04-14,wind_ventilation,meteorology,0.5324614055201948,1.991740402139854,2.5108605947006737,-0.01334121295937507,False
2022-04-15,wind_ventilation,meteorology,0.5792325546793649,1.8756981598126572,2.4415895015326328,-0.013341212959389281,False
2022-04-16,wind_ventilation,meteorology,0.622067099073476,1.921142747962591,2.529868634076678,-0.013341212959389281,False
2022-04-17,wind_ventilation,meteorology,0.49540237701249623,1.9350463662003392,2.4171075302534604,-0.01334121295937507,False
2022-04-18,wind_ventilation,meteorology,0.13061424593479387,1.6615698657572295,1.8169173034945203,0.02473319180249689,False
2022-04-19,wind_ventilation,meteorology,0.09765278116519482,1.8737402168375041,1.9961261898052243,0.02473319180252531,False
2022-04-20,wind_ventilation,meteorology,0.1718665858110171,1.8737402168375041,2.0703399944510466,0.02473319180252531,False
2022-04-21,wind_ventilation,meteorology,0.05239653713520909,1.871670610303994,1.9508699457752385,0.026802798336035494,False
2022-04-22,wind_ventilation,meteorology,0.29865444355989723,2.072250746594918,2.3596335837289644,-0.011271606425850678,False
2022-04-23,wind_ventilation,meteorology,0.09807416205636343,1.9830661588130027,2.1079431192053733,0.026802798336007072,False
2022-04-24,wind_ventilation,meteorology,0.023487779119264474,1.9597251974711156,1.98321297659038,0.0,False
2022-04-25,wind_ventilation,meteorology,0.08423504166059104,1.962725816436091,2.046960858096668,-1.4210854715202004e-14,False
2022-04-26,wind_ventilation,meteorology,0.17060035977884525,1.819042505370362,2.0164456634852286,0.026802798336021283,False
2022-04-27,wind_ventilation,meteorology,0.08423504166061946,1.845845303706426,1.9300803453669886,-5.684341886080802e-14,False
2022-04-28,wind_ventilation,meteorology,0.08965602055724275,2.0560458711565275,2.17250469004982,0.026802798336049705,False
2022-04-29,wind_ventilation,meteorology,0.060747262541340774,1.9741835213623062,2.0349307839036044,-4.263256414560601e-14,False
2022-04-30,wind_ventilation,meteorology,0.06074726254132656,1.9284881487000405,1.9892354112413386,-2.842170943040401e-14,False
2022-05-01,wind_ventilation,meteorology,0.06074726254132656,2.040206151416271,2.100953413957569,-2.842170943040401e-14,False
2022-05-02,wind_ventilation,meteorology,2.842170943040401e-14,2.0163338230912586,2.0163338230912586,-2.842170943040401e-14,False
2022-05-03,wind_ventilation,meteorology,0.028908758015944613,2.193170826105529,2.2488823824575235,0.026802798336049705,False
2022-05-04,wind_ventilation,meteorology,4.263256414560601e-14,2.053432927977667,2.053432927977653,-5.684341886080802e-14,False
2022-05-05,wind_ventilation,meteorology,1.4210854715202004e-14,2.0227673912473705,2.0227673912473705,-1.4210854715202004e-14,False
2022-05-06,wind_ventilation,meteorology,0.05239653713520909,2.116087445967821,2.1952867814390657,0.026802798336035494,False
2022-05-07,wind_ventilation,meteorology,-0.04418168360000152,1.955500858239489,1.911319174639445,-4.263256414560601e-14,False
2022-05-08,wind_ventilation,meteorology,0.28428533356212426,2.13284924992945,2.3790601787296595,-0.03807440476191459,False
2022-05-09,wind_ventilation,meteorology,0.14755207070710696,1.9587951446603853,2.1063472153674496,-4.263256414560601e-14,False
2022-05-10,wind_ventilation,meteorology,0.3681155112289787,1.992001505072622,2.322042611539672,-0.038074404761928804,False
2022-05-11,wind_ventilation,meteorology,0.24109926910099944,1.7528064123892335,1.9558312767283041,-0.038074404761928804,False
2022-05-12,wind_ventilation,meteorology,-0.06031349750101356,1.706799304328925,1.646485806827883,-2.842170943040401e-14,False
2022-05-13,wind_ventilation,meteorology,1.4210854715202004e-14,2.0109933515726652,2.010993351572651,-2.842170943040401e-14,False
2022-05-14,wind_ventilation,meteorology,0.17646082872302316,1.5875215131997322,1.7907851402587767,0.026802798336021283,False
2022-05-15,wind_ventilation,meteorology,0.0523965371352233,2.08145282338927,2.160652158860529,0.026802798336035494,False
2022-05-16,wind_ventilation,meteorology,0.023487779119292895,2.029607199294418,2.053094978413654,-5.684341886080802e-14,False
2022-05-17,wind_ventilation,meteorology,0.028908758015944613,1.9785905460084905,2.034302102360485,0.026802798336049705,False
2022-05-18,wind_ventilation,meteorology,0.26889649898546963,2.0408788057202685,2.2985036982798874,-0.011271606425850678,False
2022-05-19,wind_ventilation,meteorology,0.016246460232707705,1.9872649669626128,2.03031422553137,0.026802798336049705,False
2022-05-20,wind_ventilation,meteorology,-0.04418168360000152,2.0069007192365262,1.9627190356364963,-2.842170943040401e-14,False
2022-05-21,wind_ventilation,meteorology,0.023487779119278684,2.1247492962360184,2.1482370753552686,-2.842170943040401e-14,False
2022-05-22,wind_ventilation,meteorology,0.0523965371352233,2.0117465374484595,2.090945872919704,0.026802798336021283,False
2022-05-23,wind_ventilation,meteorology,0.028908758015944613,2.057238968439421,2.112950524791401,0.026802798336035494,False
2022-05-24,wind_ventilation,meteorology,0.18926210138630495,1.833610160371947,2.049675060094259,0.026802798336007072,False
2022-05-25,wind_ventilation,meteorology,0.19100335391325984,1.8289699745764096,2.0467761268256908,0.026802798336021283,False
2022-05-26,wind_ventilation,meteorology,0.048084964758118076,1.7182177246643278,1.8442330465652645,0.07793035714281871,False
2022-05-27,wind_ventilation,meteorology,0.11575442747741249,1.7099659033674186,1.9036506879876498,0.07793035714281871,False
2022-05-28,wind_ventilation,meteorology,0.2097069863986576,1.5666554267483974,1.854292770289888,0.07793035714283292,False
2022-05-29,wind_ventilation,meteorology,0.060747262541340774,1.6097737325935952,1.7484513522777547,0.07793035714281871,False
2022-05-30,wind_ventilation,meteorology,0.06074726254132656,1.422586966268085,1.5612645859522587,0.07793035714284713,False
2022-05-31,wind_ventilation,meteorology,0.09268388065106592,1.6313709024985457,1.8019851402924587,0.07793035714284713,False
2022-06-01,wind_ventilation,meteorology,0.19100335391325984,1.5503991344581465,1.846135643850289,0.10473315547888262,False
2022-06-02,wind_ventilation,meteorology,0.021270264072327905,1.7559573330065632,1.8551579542217382,0.07793035714284713,False
2022-06-03,wind_ventilation,meteorology,0.06074726254132656,1.6166833460784744,1.755360965762648,0.07793035714284713,False
2022-06-04,wind_ventilation,meteorology,-0.05064358726100693,1.7545006745431948,1.8859250729910855,0.1820679857088976,False
2022-06-05,wind_ventilation,meteorology,0.060747262541340774,1.8432745586957964,1.98195217837997,0.07793035714283292,False
2022-06-06,wind_ventilation,meteorology,0.06074726254132656,1.9586704416323215,2.097348061316481,0.07793035714283292,False
2022-06-07,wind_ventilation,meteorology,2.842170943040401e-14,1.783735249576921,1.8616656067197823,0.07793035714283292,False
2022-06-08,wind_ventilation,meteorology,4.263256414560601e-14,1.8175051775130555,1.8954355346559026,0.0779303571428045,False
2022-06-09,wind_ventilation,meteorology,0.05239653713520909,1.914518918466129,2.071648611080235,0.10473315547889683,False
2022-06-10,wind_ventilation,meteorology,-0.04842607221405615,1.7138984189071778,1.8475403324020192,0.1820679857088976,False
2022-06-11,wind_ventilation,meteorology,1.4210854715202004e-14,1.8154633451076165,1.893393702250492,0.07793035714286134,False
2022-06-12,wind_ventilation,meteorology,-0.04842607221405615,1.850599703469669,1.9842416169645247,0.1820679857089118,False
2022-06-13,wind_ventilation,meteorology,-0.04842607221407036,2.2434236465034303,2.3770655599982717,0.1820679857089118,False
2022-06-14,wind_ventilation,meteorology,1.4210854715202004e-14,2.097215644815833,2.17514600195868,0.07793035714283292,False
2022-06-15,wind_ventilation,meteorology,-0.04842607221407036,1.8267273751446282,1.960369288639484,0.18206798570892602,False
2022-06-16,wind_ventilation,meteorology,0.29865444355993986,1.942136610136572,2.3074498044134657,0.06665875071695382,False
2022-06-17,wind_ventilation,meteorology,0.028908758015973035,1.864484606011331,1.9981265195061724,0.10473315547886841,False
2022-06-18,wind_ventilation,meteorology,0.05239653713520909,1.8467106709611159,2.0038403635752218,0.10473315547889683,False
2022-06-19,wind_ventilation,meteorology,0.023487779119292895,1.8492499227531312,1.950668059015257,0.07793035714283292,False
2022-06-20,wind_ventilation,meteorology,0.05239653713520909,1.9051211213511152,2.062250813965221,0.10473315547889683,False
2022-06-21,wind_ventilation,meteorology,0.05500716493608593,1.7372993444361668,1.8702368665150857,0.07793035714283292,False
2022-06-22,wind_ventilation,meteorology,0.031519385816807244,1.7060538923973354,1.8155036353569756,0.07793035714283292,False
2022-06-23,wind_ventilation,meteorology,0.2744013256086788,1.583305874742564,1.9356375574940756,0.07793035714283292,False
2022-06-24,wind_ventilation,meteorology,-0.061986832353838395,1.6125909303240888,1.6285344551130976,0.07793035714284713,False
2022-06-25,wind_ventilation,meteorology,-0.08547461147308866,1.5218734212755294,1.5143291669452736,0.07793035714283292,False
2022-06-26,wind_ventilation,meteorology,-0.053955225656281414,1.61370180865282,1.6376769401393716,0.07793035714283292,False
2022-06-27,wind_ventilation,meteorology,-0.1484393890613518,1.4385376496486941,1.3680286177301753,0.07793035714283292,False
2022-06-28,wind_ventilation,meteorology,-0.1484393890613518,1.5528468717125463,1.404407482651152,-4.263256414560601e-14,False
2022-06-29,wind_ventilation,meteorology,-0.1484393890613518,1.5154292962063778,1.444920264287859,0.07793035714283292,False
2022-06-30,wind_ventilation,meteorology,2.842170943040401e-14,1.6169710025460944,1.6169710025460802,-4.263256414560601e-14,False
2022-07-01,wind_ventilation,meteorology,0.05571155635199432,1.7291988121390744,1.7849103684910688,0.0,False
2022-07-02,wind_ventilation,meteorology,0.1672175041499031,2.0745457718553695,2.2417632760052584,-1.4210854715202004e-14,False
2022-07-03,wind_ventilation,meteorology,-0.08700908469946,2.2930626950260304,2.0413447962240028,-0.16470881410256766,False
2022-07-04,wind_ventilation,meteorology,0.01918625033502508,3.63147147484856,3.3989398263815715,-0.25171789880201345,False
2022-07-05,wind_ventilation,meteorology,0.09432715955853155,3.4950859881798806,3.337695248936406,-0.25171789880200635,False
2022-07-06,wind_ventilation,meteorology,-0.19929672102507112,3.4595513600760057,3.0085367402489283,-0.25171789880200635,False
2022-07-07,wind_ventilation,meteorology,-0.08149333119455093,3.4109989375002456,3.077787707503674,-0.25171789880202056,False
2022-07-08,wind_ventilation,meteorology,-0.01424963326898876,3.3226263171510553,3.3083766838820523,-1.4210854715202004e-14,False
2022-07-09,wind_ventilation,meteorology,-0.01424963326900297,3.3523289504450773,3.3380793171760743,0.0,False
2022-07-10,wind_ventilation,meteorology,-0.04037349854927186,3.9771491601844247,3.962899526915429,0.026123865280275993,False
2022-07-11,wind_ventilation,meteorology,0.049971049007609736,3.106648747098234,3.1566197961058293,-1.4210854715202004e-14,False
2022-07-12,wind_ventilation,meteorology,0.1615946184129342,3.534483490333507,3.4443602099444135,-0.25171789880202766,False
2022-07-13,wind_ventilation,meteorology,0.18860545016058694,3.6465701750388817,3.5028129733110376,-0.33236265188843106,False
2022-07-14,wind_ventilation,meteorology,0.10866798129538324,5.520345775958518,3.7999962246797097,-1.8290175325741913,False
2022-07-15,wind_ventilation,meteorology,0.07769455715008178,5.25568464059954,3.756079563977437,-1.577299633772185,False
2022-07-16,wind_ventilation,meteorology,0.03384225259817697,4.092108921216507,3.652467229801786,-0.47348394401289795,False
2022-07-17,wind_ventilation,meteorology,0.10594849887201008,4.265883317101654,3.8195048880897815,-0.5523269278838825,False
2022-07-18,wind_ventilation,meteorology,0.0034303927029668557,4.117861911565278,3.6478083602553397,-0.47348394401290506,False
2022-07-19,wind_ventilation,meteorology,0.036695040127114,4.180821809432366,3.7440329055465753,-0.47348394401290506,False
2022-07-20,wind_ventilation,meteorology,0.034846952050834545,4.825435151863566,4.364656321456515,-0.4956257824578856,False
2022-07-21,wind_ventilation,meteorology,-0.017706746289377406,4.8396374155511594,4.348446725248884,-0.47348394401289795,False
2022-07-22,wind_ventilation,meteorology,0.03450145149135153,5.686487765843843,4.166622295005801,-1.5543669223293932,False
2022-07-23,wind_ventilation,meteorology,0.006569117390064605,5.170266027661135,3.6224682227217997,-1.5543669223294003,False
2022-07-24,wind_ventilation,meteorology,-0.13106732779943542,-11.04990958791992,-12.712295658361263,-1.5313187426419077,False
2022-07-25,wind_ventilation,meteorology,-0.012163851830841566,4.687762442510497,4.594953837593245,-0.0806447530864105,False
2022-07-26,wind_ventilation,meteorology,-0.11340213646525399,4.481755299581785,4.418647583673213,0.050294420556681985,False
2022-07-27,wind_ventilation,meteorology,0.013099244964458023,3.8795005538458724,3.916770354086708,0.02417055527637757,False
2022-07-28,wind_ventilation,meteorology,0.013099244964458023,3.7137911586993937,3.7510609589402435,0.02417055527639178,False
2022-07-29,wind_ventilation,meteorology,0.11241070946434206,3.67604063881317,3.7884513482775333,2.1316282072803006e-14,False
2022-07-30,wind_ventilation,meteorology,0.0018830279795167826,3.394303699194573,3.39618672717409,0.0,False
2022-07-31,wind_ventilation,meteorology,0.0548030239183106,3.6918307255632143,3.746633749481518,-7.105427357601002e-15,False
2022-08-01,wind_ventilation,meteorology,0.09466741447575089,3.674133874036059,3.768801288511817,7.105427357601002e-15,False
2022-08-02,wind_ventilation,meteorology,-0.07927078494859785,3.9866901748886434,3.9551527933464214,0.047733403406375885,False
2022-08-03,wind_ventilation,meteorology,-0.1379455964095655,3.86396212242618,3.5926560572851542,-0.13336046873146046,False
2022-08-04,wind_ventilation,meteorology,-0.3829084229074411,4.246014524869487,3.320807260893524,-0.5422988410685221,False
2022-08-05,wind_ventilation,meteorology,-0.3394865449522655,3.6633338301462146,3.21209635458856,-0.11175093060538899,False
2022-08-06,wind_ventilation,meteorology,-0.308053954470644,3.574711278808728,3.197842427282488,-0.06881489705559574,False
2022-08-07,wind_ventilation,meteorology,-0.20332480217492588,5.79009777918921,3.6412071439781215,-1.945565833036163,False
2022-08-08,wind_ventilation,meteorology,-0.1737129851224779,5.396990171004774,3.27771135284614,-1.9455658330361558,False
2022-08-09,wind_ventilation,meteorology,-0.1295455000442658,5.474228368623805,3.3991170355433766,-1.945565833036163,False
2022-08-10,wind_ventilation,meteorology,-0.1737129851224637,5.903494734291172,3.7842159161325384,-1.94556583303617,False
2022-08-11,wind_ventilation,meteorology,-0.12676063212823152,5.898380993061416,3.9655355398017704,-1.8060848211314138,False
2022-08-12,wind_ventilation,meteorology,-0.1792277004839704,5.009138027052153,3.2997139595151594,-1.5301963670530228,False
2022-08-13,wind_ventilation,meteorology,-0.15505714520758573,5.189239280605449,3.688898833758124,-1.3452833016397392,False
2022-08-14,wind_ventilation,meteorology,-0.1562088588655186,4.283878520457677,4.174772928311349,0.04710326671919063,False
2022-08-15,wind_ventilation,meteorology,-0.049712089486966704,4.044583587818501,4.041974765050718,0.04710326671918352,False
2022-08-16,wind_ventilation,meteorology,-0.11119012665287187,2.767339680002422,2.706443973906225,0.05029442055667488,False
2022-08-17,wind_ventilation,meteorology,-0.04967948911125575,2.637136550176301,2.61162761634143,0.024170555276384675,False
2022-08-18,wind_ventilation,meteorology,-0.034595657171408334,2.907885210472756,2.8974601085777394,0.02417055527639178,False
2022-08-19,wind_ventilation,meteorology,-0.006299144092075437,3.5275209797046543,3.5453923908889706,0.02417055527639178,False
2022-08-20,wind_ventilation,meteorology,0.017871411184309238,3.495121820853683,3.512993232037992,0.0,False
2022-08-21,wind_ventilation,meteorology,0.15579105448352948,3.303019104694158,3.4588101591776876,0.0,False
2022-08-22,wind_ventilation,meteorology,0.15269540894924916,3.6943546462933625,3.8470500552426117,0.0,False
2022-08-23,wind_ventilation,meteorology,0.08065014526004433,3.2938612197571615,3.3745113650171987,-7.105427357601002e-15,False
2022-08-24,wind_ventilation,meteorology,0.029305452493197492,-11.64615173088675,-11.59379809870606,0.02304817968749262,False
2022-08-25,wind_ventilation,meteorology,0.056479589983652545,3.6860861005926964,3.7667362458527194,0.024170555276370465,False
2022-08-26,wind_ventilation,meteorology,-0.01056195760990164,3.976271794472865,3.7381624933373345,-0.22754734352562878,False
2022-08-27,wind_ventilation,meteorology,0.018528316224553976,3.814510127489484,3.5813205449120247,-0.25171789880201345,False
2022-08-28,wind_ventilation,meteorology,0.08065014526003011,3.701884408105279,3.5308166545632957,-0.25171789880201345,False
2022-08-29,wind_ventilation,meteorology,0.05235363218069011,2.7056572268776407,2.7580108590583308,0.0,False
2022-08-30,wind_ventilation,meteorology,0.08065014526003722,1.8351410673500652,1.8180871075557974,-0.09770410505430505,False
2022-08-31,wind_ventilation,meteorology,0.13056021168302578,2.336571800344224,2.4671320120272426,-7.105427357601002e-15,False
2022-09-01,wind_ventilation,meteorology,0.11162356940533869,2.399094090538732,2.5107176599440777,7.105427357601002e-15,False
2022-09-02,wind_ventilation,meteorology,0.08065014526003722,2.432807527435223,2.5134576726952673,7.105427357601002e-15,False
2022-09-03,wind_ventilation,meteorology,0.1543092640058461,1.7265045132883898,1.880813777294243,7.105427357601002e-15,False
2022-09-04,wind_ventilation,meteorology,0.029305452493204598,-12.877546896123214,-12.825193263942523,0.023048179687485515,False
2022-09-05,wind_ventilation,meteorology,0.057601965572537495,-13.27003325465423,-13.189383109394186,0.02304817968750683,False
2022-09-06,wind_ventilation,meteorology,0.08065014526003011,1.181596104642047,1.164542144847779,-0.09770410505429794,False
2022-09-07,wind_ventilation,meteorology,0.12746786508959929,1.3753770787945783,1.5488116105508425,0.045966666666664935,False
2022-09-08,wind_ventilation,meteorology,0.034683478593386496,0.8955464654768619,0.9619469774679033,0.03171703339765486,False
2022-09-09,wind_ventilation,meteorology,0.10134399980931619,0.9125942120041088,1.0717791104913914,0.05784089867796638,False
2022-09-10,wind_ventilation,meteorology,0.1296671892032677,1.3766297540122494,1.5181711752268114,0.011874232011294339,False
2022-09-11,wind_ventilation,meteorology,0.06640051199104846,1.8618590138324862,1.9282595258235347,0.0,False
2022-09-12,wind_ventilation,meteorology,0.06640051199104846,2.218507585657541,2.2849080976485965,7.105427357601002e-15,False
2022-09-13,wind_ventilation,meteorology,-0.05750743762546051,2.7264173028934664,2.7166432686743818,0.047733403406375885,False
2022-09-14,wind_ventilation,meteorology,0.05235363218069722,3.2979168467005096,3.3502704788812068,0.0,False
2022-09-15,wind_ventilation,meteorology,0.028183076904298332,3.0513306162063643,3.1036842483870615,0.024170555276398886,False
2022-09-16,wind_ventilation,meteorology,-0.0296482928967734,3.608312602384615,3.602834864764219,0.02417055527637757,False
2022-09-17,wind_ventilation,meteorology,-0.006299144092068332,3.7945724052655905,3.812443816449914,0.02417055527639178,False
2022-09-18,wind_ventilation,meteorology,0.017871411184316344,3.619274365464996,3.6371457766493194,7.105427357601002e-15,False
2022-09-19,wind_ventilation,meteorology,0.09467843312723545,3.8248344022670793,3.945636700674598,0.0261238652802831,False
2022-09-20,wind_ventilation,meteorology,0.029926361371273913,3.919519694977538,3.9971794597551735,0.047733403406361674,False
2022-09-21,wind_ventilation,meteorology,0.10167703065712175,4.074758263488725,3.9247173953438192,-0.25171789880202766,False
2022-09-22,wind_ventilation,meteorology,-0.0671967294684066,3.570677951737281,3.251763323466868,-0.25171789880200635,False
2022-09-23,wind_ventilation,meteorology,0.0619086612437556,3.2132080576290676,3.0233988200707884,-0.25171789880203477,False
2022-09-24,wind_ventilation,meteorology,-0.1280880054229101,2.5339368727198988,2.4058488672969816,-7.105427357601002e-15,False
2022-09-25,wind_ventilation,meteorology,-0.2424637350224046,2.715197767444451,2.496904587698431,0.024170555276384675,False
2022-09-26,wind_ventilation,meteorology,-0.2141672219430646,2.760403877537861,2.5704072108711955,0.024170555276398886,False
2022-09-27,wind_ventilation,meteorology,-0.11644558907058666,2.369373491329519,2.252927902258918,-1.4210854715202004e-14,False
2022-09-28,wind_ventilation,meteorology,-0.15471248821905448,1.89381622625433,1.7391037380352614,-1.4210854715202004e-14,False
2022-09-29,wind_ventilation,meteorology,-0.04254106667175961,-0.7691970994372497,-0.7888054546662175,0.022932711442791742,False
2022-09-30,wind_ventilation,meteorology,-0.6524096272366577,-2.8328747705588313,-3.629769756589539,-0.14448535879405,False
2022-10-01,wind_ventilation,meteorology,-2.345956320477299,-23.986632190006574,-25.885288409984334,0.4473001004995396,False
2022-10-02,wind_ventilation,meteorology,-1.864364195735675,-11.870008973846751,-13.291467724506703,0.4429054450757235,False
2022-10-03,wind_ventilation,meteorology,-1.9145049371039704,-1.4622899768546915,-3.182283976458706,0.19451093749995607,False
2022-10-04,wind_ventilation,meteorology,-0.07212835895913372,-0.2791786504204765,-0.1421276923242374,0.20917931705537285,False
2022-10-05,wind_ventilation,meteorology,-0.11445797678427994,-1.2025265437729047,-1.240096036835098,0.07688848372208668,False
2022-10-06,wind_ventilation,meteorology,-0.2152357062095689,-0.8193741692634262,-0.919116266450402,0.11549360902259309,False
2022-10-07,wind_ventilation,meteorology,-1.1316761977834346,-0.05789416990290874,-1.1895703676864002,-5.684341886080802e-14,False
2022-10-08,wind_ventilation,meteorology,-1.627440262583832,1.2831903824480833,-0.16599377381396607,0.17825610632178268,False
2022-10-09,wind_ventilation,meteorology,-1.4617986754269623,1.0008538954951973,-0.28268867360995387,0.1782561063218111,False
2022-10-10,wind_ventilation,meteorology,-0.2739013499148939,3.011681197695083,3.0315295631245647,0.2937497153443758,False
2022-10-11,wind_ventilation,meteorology,-0.8242248579721831,-0.7264487732238649,-1.3561626936960351,0.19451093750001291,False
2022-10-12,wind_ventilation,meteorology,-1.5391791720442427,-0.433209725017349,-1.7009894758395205,0.27139942122207117,False
2022-10-13,wind_ventilation,meteorology,-1.5047803706639797,0.3639696058316133,-0.9462998273323535,0.19451093750001291,False
2022-10-14,wind_ventilation,meteorology,-0.662734023548694,0.1416618775458005,-0.3265612085028522,0.19451093750004134,False
2022-10-15,wind_ventilation,meteorology,0.1808679032803866,-3.5196663105455457,-3.203914611043018,0.13488379622214097,False
2022-10-16,wind_ventilation,meteorology,-1.727365947244067,-7.92880272548922,-9.549334960468627,0.10683371226465965,False
2022-10-17,wind_ventilation,meteorology,-1.8207700181221753,-1.6525610473465804,-3.2788201279687144,0.19451093750004134,False
2022-10-18,wind_ventilation,meteorology,-2.713932522502688,0.21242946876935775,-2.1287360099114494,0.37276704382188086,False
2022-10-19,wind_ventilation,meteorology,-2.498188686759107,0.46700116329702723,-1.852931417140212,0.17825610632186795,False
2022-10-20,wind_ventilation,meteorology,-2.134448774767492,0.011237951027538884,-1.9449547174181134,0.17825610632183952,False
2022-10-21,wind_ventilation,meteorology,-2.65493682988037,0.9694316498388389,-1.586004346708279,0.0995008333332521,False
2022-10-22,wind_ventilation,meteorology,-2.7358798378486426,1.4046850160142696,-1.2316939885011209,0.0995008333332521,False
2022-10-23,wind_ventilation,meteorology,-2.1212636312053803,2.7172847279130963,0.6955219300410533,0.09950083333333737,False
2022-10-24,wind_ventilation,meteorology,-2.0838313685125343,2.0586220061601352,-0.02520936235237059,2.842170943040401e-14,False
2022-10-25,wind_ventilation,meteorology,-2.1475035423429745,-0.5091765393576679,-2.4605725128041627,0.19610756889647973,False
2022-10-26,wind_ventilation,meteorology,-1.299782458575379,0.2557810298467018,-0.9671129450065905,0.07688848372208668,False
2022-10-27,wind_ventilation,meteorology,-1.4233829460466723,0.5999863776157781,-0.8221832216567577,0.0012133467741364257,False
2022-10-28,wind_ventilation,meteorology,-3.7274061699134506,0.6546751848386521,-3.593436900860695,-0.5207059157858964,False
2022-10-29,wind_ventilation,meteorology,-4.225280971981164,1.9825181743964038,-2.613706751661084,-0.3709439540763242,False
2022-10-30,wind_ventilation,meteorology,-5.529083234367704,2.6638279884890608,-3.323224199955007,-0.45796895407636384,False
2022-10-31,wind_ventilation,meteorology,-4.794996229528351,0.5941908007399377,-4.473461896305565,-0.27265646751715167,False
2022-11-01,wind_ventilation,meteorology,-6.076433371607379,0.5176634681626808,-6.0167388575210055,-0.457968954076307,False
2022-11-02,wind_ventilation,meteorology,-17.037212655701154,-1.7646923143284994,-19.08095781165443,-0.2790528416247753,False
2022-11-03,wind_ventilation,meteorology,-16.241393110674778,4.0300828574543175,-13.076989482250838,-0.865679229030377,False
2022-11-04,wind_ventilation,meteorology,-15.411800603177596,7.698884247892579,-8.827127123633545,-1.1142107683485278,False
2022-11-05,wind_ventilation,meteorology,-16.791839835809412,2.183136913643523,-15.467845517362207,-0.8591425951963174,False
2022-11-06,wind_ventilation,meteorology,-16.07819050271081,4.972090008557245,-12.332660727798384,-1.2265602336448183,False
2022-11-07,wind_ventilation,meteorology,-16.230371135512144,5.145004219073485,-11.90477737713212,-0.8194104606934616,False
2022-11-08,wind_ventilation,meteorology,-19.651151623290048,3.018709657830698,-17.002662590436444,-0.37022062497709385,False
2022-11-09,wind_ventilation,meteorology,-18.868027803781445,1.0762381306001885,-18.2210688388015,-0.42927916562024393,False
2022-11-10,wind_ventilation,meteorology,-17.05247312893266,2.1188001336692537,-15.231395109601692,-0.2977221143382849,False
2022-11-11,wind_ventilation,meteorology,-16.465055439899515,4.040265347568948,-13.048979811327627,-0.6241897189970587,False
2022-11-12,wind_ventilation,meteorology,-17.23715401487607,4.273499370140314,-13.676206063219183,-0.7125514184834287,False
2022-11-13,wind_ventilation,meteorology,-16.401149286719317,2.112392036999836,-14.784115770094445,-0.495358520374964,False
2022-11-14,wind_ventilation,meteorology,-14.792887609939442,0.627000949147714,-14.69624999134794,-0.530363330556213,False
2022-11-15,wind_ventilation,meteorology,-12.332880562002345,0.34522880565549485,-12.322811602479419,-0.33515984613256933,False
2022-11-16,wind_ventilation,meteorology,-12.68301461522185,0.07520809167897369,-12.768618363791063,-0.1608118402481864,False
2022-11-17,wind_ventilation,meteorology,-14.153593336908614,-0.9346533428726502,-15.162036692383424,-0.07379001260216,False
2022-11-18,wind_ventilation,meteorology,-13.474727863201167,-1.0870911500637703,-14.549419198170142,0.012399815094795485,False
2022-11-19,wind_ventilation,meteorology,-12.239008477087339,-1.257180332199539,-13.470060657876218,0.02612815141065994,False
2022-11-20,wind_ventilation,meteorology,-13.216844917000344,-0.3369063432777466,-13.587243784034513,-0.03349252375642209,False
2022-11-21,wind_ventilation,meteorology,-12.12945843418754,-0.3215123192539977,-12.315582449838871,0.1353883036026673,False
2022-11-22,wind_ventilation,meteorology,-8.328757885995287,-0.4541134082050462,-8.606696369456472,0.17617492474386154,False
2022-11-23,wind_ventilation,meteorology,-14.492571521339642,-0.5331520033458332,-15.381725744489586,-0.35600221980411106,False
2022-11-24,wind_ventilation,meteorology,-10.812237611963837,6.153690259075631,-5.19178778707527,-0.5332404341870642,False
2022-11-25,wind_ventilation,meteorology,-8.904120882577331,5.359088914828703,-3.996265993908821,-0.4512340261601935,False
2022-11-26,wind_ventilation,meteorology,-12.270497866425046,5.480163408343458,-7.174312231767772,-0.38397777368618335,False
2022-11-27,wind_ventilation,meteorology,-11.683652894410159,4.893369378136697,-7.258436096768207,-0.4681525804947455,False
2022-11-28,wind_ventilation,meteorology,-10.40746871342651,5.188492051395883,-5.937801026990883,-0.7188243649602555,False
2022-11-29,wind_ventilation,meteorology,-11.681634879837361,6.09420888754903,-6.586342697018154,-0.9989167047298224,False
2022-11-30,wind_ventilation,meteorology,-13.176556385993422,5.241022758997019,-8.531164403797163,-0.5956307768007605,False
2022-12-01,wind_ventilation,meteorology,-9.578642683952296,7.094239195107036,-3.46335457725246,-0.9789510884072001,False
2022-12-02,wind_ventilation,meteorology,-12.69177425895532,7.255037390549148,-6.972377445294001,-1.535640576887829,False
2022-12-03,wind_ventilation,meteorology,-15.572977542247543,5.777228161513733,-11.068720762406997,-1.2729713816731874,False
2022-12-04,wind_ventilation,meteorology,-14.03917414507913,4.98267892380494,-10.344935878494027,-1.2884406572198372,False
2022-12-05,wind_ventilation,meteorology,-13.107481607432419,5.518891161175475,-9.053006432347559,-1.4644159860906143,False
2022-12-06,wind_ventilation,meteorology,-14.372995797427052,3.3927231621880765,-11.989984730451454,-1.0097120952124783,False
2022-12-07,wind_ventilation,meteorology,-16.016845358853573,2.8587213475602766,-14.018886566062804,-0.8607625547695079,False
2022-12-08,wind_ventilation,meteorology,-13.067134471304826,4.885185228983175,-9.248259629597385,-1.0663103872757347,False
2022-12-09,wind_ventilation,meteorology,-16.1038072338784,4.820006274111449,-12.373015449603827,-1.089214489836877,False
2022-12-10,wind_ventilation,meteorology,-15.162422904789025,6.85424968053394,-9.211516930739208,-0.9033437064841223,False
2022-12-11,wind_ventilation,meteorology,-8.948667290336232,-1.662028185495842,-10.970084329966767,-0.3593888541346928,False
2022-12-12,wind_ventilation,meteorology,-13.098299173892201,-2.662809968720069,-16.3955076739378,-0.6343985313255303,False
2022-12-13,wind_ventilation,meteorology,-15.494237386842542,7.150540517244735,-9.97537254217616,-1.6316756725783534,False
2022-12-14,wind_ventilation,meteorology,-18.423516422970295,5.877390349933478,-13.650144417743093,-1.104018344706276,False
2022-12-15,wind_ventilation,meteorology,-14.097548652206399,7.63390058492314,-7.792872532958256,-1.3292244656749972,False
2022-12-16,wind_ventilation,meteorology,-14.146383720711299,5.352515747749408,-9.678277365573877,-0.8844093926119854,False
2022-12-17,wind_ventilation,meteorology,-13.632535381868308,5.710316862115349,-8.79481393238575,-0.8725954126327906,False
2022-12-18,wind_ventilation,meteorology,-14.539416296622221,5.870389543352644,-8.621715798048683,0.0473109552208939,False
2022-12-19,wind_ventilation,meteorology,-14.753846560877093,7.130480487268187,-8.408531774055916,-0.7851657004470098,False
2022-12-20,wind_ventilation,meteorology,-12.583763794461106,8.064977860276088,-5.25978079075179,-0.7409948565667719,False
2022-12-21,wind_ventilation,meteorology,-12.03361897209652,3.067243457279858,-9.395156191662181,-0.4287806768455198,False
2022-12-22,wind_ventilation,meteorology,-16.361554744445897,-2.0049014813560007,-18.47848936068496,-0.11203313488306321,False
2022-12-23,wind_ventilation,meteorology,-14.276537522515412,0.446685667677059,-13.977318596155783,-0.1474667413174302,False
2022-12-24,wind_ventilation,meteorology,-17.045965918665104,-0.14614380754625245,-17.097621812041154,0.09448791417020175,False
2022-12-25,wind_ventilation,meteorology,-17.644025846232296,-0.33139318578423627,-18.18198187808065,-0.20656284606411646,False
2022-12-26,wind_ventilation,meteorology,-15.599358940859815,-1.7124131538466827,-17.457280741069553,-0.14550864636305505,False
2022-12-27,wind_ventilation,meteorology,-12.815069116382858,0.3017779274088639,-13.705370172429184,-1.1920789834551897,False
2022-12-28,wind_ventilation,meteorology,-15.355515556792227,0.6078119279964653,-16.273277795771264,-1.5255741669755025,False
2022-12-29,wind_ventilation,meteorology,-17.206918886261462,-0.1884793964667324,-18.334255359627946,-0.9388570768997511,False
2022-12-30,wind_ventilation,meteorology,-16.210159003305137,-2.7802495290252978,-19.71887411740522,-0.7284655850747868,False
2022-12-31,wind_ventilation,meteorology,-15.706027817549284,-0.8385926781467106,-17.097077484116085,-0.5524569884200901,False
2023-01-01,wind_ventilation,meteorology,-17.19796731383775,-1.451753608415288,-19.531853362934612,-0.8821324406815734,False
2023-01-02,wind_ventilation,meteorology,-17.02032090361223,-2.8972969304169283,-20.71138857522459,-0.7937707411954307,False
2023-01-03,wind_ventilation,meteorology,-18.010702752238444,-1.0011553962711446,-19.0721632453658,-0.06030509685621155,False
2023-01-04,wind_ventilation,meteorology,-15.56976958679536,-1.0702650572598031,-17.28191457451328,-0.6418799304581171,False
2023-01-05,wind_ventilation,meteorology,-15.85190983398553,-1.63981767811606,-18.8071998397495,-1.3154723276479103,False
2023-01-06,wind_ventilation,meteorology,-15.776186509743013,-1.865373321795289,-18.47385912080017,-0.8322992892618686,False
2023-01-07,wind_ventilation,meteorology,-16.34392357516822,-7.1823484527448045,-25.19361582546526,-1.6673437975522347,False
2023-01-08,wind_ventilation,meteorology,-15.727534986378885,-3.234842203337678,-20.69799177117318,-1.7356145814566162,False
2023-01-09,wind_ventilation,meteorology,-16.072634621034865,-3.113626156775922,-20.669916098121575,-1.4836553203107883,False
2023-01-10,wind_ventilation,meteorology,-14.354739279121304,-4.953576628397116,-21.64881281866991,-2.34049691115149,True
2023-01-11,wind_ventilation,meteorology,-15.38022817745889,-5.144902820413847,-22.902580615314378,-2.3774496174416413,True
2023-01-12,wind_ventilation,meteorology,-14.079497588439892,-3.4395843418877234,-19.96783092203907,-2.4487489917114544,True
2023-01-13,wind_ventilation,meteorology,-15.52469957193631,-3.8120367888910778,-21.457996256371075,-2.1212598955436874,True
2023-01-14,wind_ventilation,meteorology,-15.704292135327137,-4.308626221878285,-21.651483297859272,-1.6385649406538505,False
2023-01-15,wind_ventilation,meteorology,-17.3526358221024,-4.896652609664727,-23.339907670344473,-1.0906192385773466,False
2023-01-16,wind_ventilation,meteorology,-17.57787709484728,-3.6041947240619834,-21.42803345360477,-0.24596163469550447,False
2023-01-17,wind_ventilation,meteorology,-16.062179086548042,-2.3627328653135464,-19.42781677963478,-1.0029048277731931,False
2023-01-18,wind_ventilation,meteorology,-14.777936150562255,-3.3615368703588615,-19.06575269896183,-0.9262796780407143,False
2023-01-19,wind_ventilation,meteorology,-16.496889914394444,-2.4715451922608622,-18.79879928782799,0.1696358188273166,False
2023-01-20,wind_ventilation,meteorology,-16.1851073253315,-4.0570470261841365,-20.082435082467896,0.15971926904774136,False
2023-01-21,wind_ventilation,meteorology,-16.712185390293087,-2.0337432183761734,-17.690258823922534,1.0556697847467262,False
2023-01-22,wind_ventilation,meteorology,-17.21678197445266,-1.4192113248603277,-16.77555708172764,1.8604362175853453,False
2023-01-23,wind_ventilation,meteorology,-19.30050885074803,-1.2244563520976612,-18.795875180912617,1.7290900219330751,False
2023-01-24,wind_ventilation,meteorology,-16.714618661588247,-1.3407960851158123,-16.508939971544407,1.546474775159652,False
2023-01-25,wind_ventilation,meteorology,-18.49608280082657,-1.3045112331374185,-18.49633464299012,1.3042593909738684,False
2023-01-26,wind_ventilation,meteorology,-15.456463799928088,-1.0432836355973336,-15.259119548969352,1.2406278865560694,False
2023-01-27,wind_ventilation,meteorology,-16.931996197118053,-2.3328124126441026,-17.8099827381335,1.4548258716286568,False
2023-01-28,wind_ventilation,meteorology,-16.85195559258176,-1.6086557073113,-17.374648435521408,1.085962864371652,False
2023-01-29,wind_ventilation,meteorology,-17.011108118324955,-2.0307518161490634,-18.264678429834362,0.7771815046396569,False
2023-01-30,wind_ventilation,meteorology,-16.85040303974438,-0.3741692493526898,-16.054746251970926,1.1698260371261426,False
2023-01-31,wind_ventilation,meteorology,-14.055468239978666,-3.0657364206723514,-16.16781454099811,0.9533901196529087,False
2023-02-01,wind_ventilation,meteorology,-3.639859886238014,-1.6384168643059525,-5.591754867341706,-0.3134781167977394,False
2023-02-02,wind_ventilation,meteorology,2.5693209791822653,4.11479648473113,6.222897324447416,-0.4612201394659792,False
2023-02-03,wind_ventilation,meteorology,1.6151800987854017,3.0395792950437794,4.770142646405333,0.11538325257615156,False
2023-02-04,wind_ventilation,meteorology,0.8173924526702478,2.4401457170653202,3.2157244659576634,-0.04181370377790472,False
2023-02-05,wind_ventilation,meteorology,0.06683753486993282,1.7692363058892226,1.943963886981237,0.10789004622208154,False
2023-02-06,wind_ventilation,meteorology,-1.1219997038321594,1.5465915947703195,0.6959913121602312,0.27139942122207117,False
2023-02-07,wind_ventilation,meteorology,-3.1885055418261743,1.3640294509250737,-1.6299651534011446,0.19451093749995607,False
2023-02-08,wind_ventilation,meteorology,-2.1841045623840785,1.5330921482180315,-0.3796129929438905,0.27139942122215643,False
2023-02-09,wind_ventilation,meteorology,-2.013746308889864,1.7461566685512935,-0.15209603131594918,0.11549360902262151,False
2023-02-10,wind_ventilation,meteorology,-0.7743763797486736,1.560784994444191,0.9019022237180252,0.11549360902250783,False
2023-02-11,wind_ventilation,meteorology,-0.9454636136467798,1.4058135910680676,0.46034997742123096,-5.684341886080802e-14,False
2023-02-12,wind_ventilation,meteorology,-0.5951397983386926,1.9775005970532504,1.3823607987145579,0.0,False
2023-02-13,wind_ventilation,meteorology,0.5753544176425578,3.0402701386016417,3.6156245562441995,0.0,False
2023-02-14,wind_ventilation,meteorology,0.10608429360752325,0.509101797469441,0.6151860910769642,0.0,False
2023-02-15,wind_ventilation,meteorology,0.8700999093874486,0.3316662782690116,1.2017661876564318,-2.842170943040401e-14,False
2023-02-16,wind_ventilation,meteorology,1.5226033975839925,0.7976639078150356,2.320267305399028,0.0,False
2023-02-17,wind_ventilation,meteorology,-1.0689386011842146,-0.060862324154356884,-1.1298009253385999,-2.842170943040401e-14,False
2023-02-18,wind_ventilation,meteorology,-2.9710839200704413,-0.505804385401234,-3.4392134464492017,0.037674859022473584,False
2023-02-19,wind_ventilation,meteorology,-2.4664574715978915,0.09011439286905443,-2.376343078728837,0.0,False
2023-02-20,wind_ventilation,meteorology,-2.9273752134892845,-0.7664548648013749,-3.616941594568601,0.07688848372205825,False
2023-02-21,wind_ventilation,meteorology,-3.7719520893573133,-0.7245868456263622,-4.381045325961168,0.11549360902250783,False
2023-02-22,wind_ventilation,meteorology,-3.660306925759727,-0.3475303525717095,-3.8923436693089,0.11549360902253625,False
2023-02-23,wind_ventilation,meteorology,-1.8075909758544526,0.6578459986760947,-1.2148328308706482,-0.06508785369229031,False
2023-02-24,wind_ventilation,meteorology,-1.7582311014007814,1.3294972945076609,-0.428733806893149,-2.842170943040401e-14,False
2023-02-25,wind_ventilation,meteorology,-1.6349035010567263,-0.09066981777075966,-1.8315858188275342,-0.10601250000004825,False
2023-02-26,wind_ventilation,meteorology,-3.3510929302775594,0.5199791063607222,-3.0377300629198487,-0.20661623900301151,False
2023-02-27,wind_ventilation,meteorology,-2.6990510178748366,0.4973132161073295,-2.408354040770462,-0.20661623900295467,False
2023-02-28,wind_ventilation,meteorology,-3.065697318378426,0.17323196352774062,-2.8924653548507138,-2.842170943040401e-14,False
2023-03-01,wind_ventilation,meteorology,-1.6097229521899976,1.3619788565856936,-0.24774409560433241,-2.842170943040401e-14,False
2023-03-02,wind_ventilation,meteorology,1.1800931622124153,4.981358094834036,6.2343247350338515,0.07287347798740029,False
2023-03-03,wind_ventilation,meteorology,-0.025479284972817595,3.556082666130578,3.665509002002338,0.13490562084457736,False
2023-03-04,wind_ventilation,meteorology,-0.48268083205938694,1.134306798768506,0.7966071571853064,0.1449811904761873,False
2023-03-05,wind_ventilation,meteorology,-0.042811953706774375,1.98992283638907,1.9471108826822814,-1.4210854715202004e-14,False
2023-03-06,wind_ventilation,meteorology,-0.40807932282019976,1.7251024208895842,1.3170230980693987,1.4210854715202004e-14,False
2023-03-07,wind_ventilation,meteorology,-0.23620548373796169,1.9187848663402036,1.682579382602242,0.0,False
2023-03-08,wind_ventilation,meteorology,-0.5261123181770415,1.7195781050191243,1.1934657868420686,-1.4210854715202004e-14,False
2023-03-09,wind_ventilation,meteorology,-0.1543588448490425,1.5157597486890353,1.3614009038399502,-4.263256414560601e-14,False
2023-03-10,wind_ventilation,meteorology,0.0539855689925588,1.3116973652389987,1.3656829342315149,-4.263256414560601e-14,False
2023-03-11,wind_ventilation,meteorology,0.12783640019461018,1.455748752567203,1.5835851527617706,-4.263256414560601e-14,False
2023-03-12,wind_ventilation,meteorology,0.13200083056926815,1.3481795778245669,1.4801804083937924,-4.263256414560601e-14,False
2023-03-13,wind_ventilation,meteorology,0.273751394703595,1.6729478884224278,1.9466992831260086,-1.4210854715202004e-14,False
2023-03-14,wind_ventilation,meteorology,-0.1352197186754296,1.686553973737233,1.551334255061775,-2.842170943040401e-14,False
2023-03-15,wind_ventilation,meteorology,-0.4042237924234797,1.5195984043785415,1.1153746119550334,-2.842170943040401e-14,False
2023-03-16,wind_ventilation,meteorology,-0.47408609752586983,1.76105935914768,1.2869732616217817,-2.842170943040401e-14,False
2023-03-17,wind_ventilation,meteorology,0.07639816124641641,1.9392988363676125,2.0156969976140147,-1.4210854715202004e-14,False
2023-03-18,wind_ventilation,meteorology,-0.2666639693379693,1.5995447568142964,1.4370184160423491,0.10413762856602204,False
2023-03-19,wind_ventilation,meteorology,-0.008707971718934004,1.683776459924701,1.6196481757057342,-0.055420312500032765,False
2023-03-20,wind_ventilation,meteorology,-0.03590156885756812,1.4490133727991292,1.3892108772583214,-0.02390092668323973,False
2023-03-21,wind_ventilation,meteorology,-0.03590156885758233,1.4540843439690292,1.3627624626114283,-0.055420312500018554,False
2023-03-22,wind_ventilation,meteorology,-0.24854792940642767,1.3083526406754942,1.0359037845858268,-0.02390092668323973,False
2023-03-23,wind_ventilation,meteorology,-0.24854792940642767,1.4706294300839744,1.198180573994307,-0.02390092668323973,False
2023-03-24,wind_ventilation,meteorology,-0.24854792940642767,1.2212044158855377,0.9172361739790631,-0.055420312500046975,False
2023-03-25,wind_ventilation,meteorology,-0.12048995213305602,1.086217375179288,0.965727423046232,0.0,False
2023-03-26,wind_ventilation,meteorology,-0.1568669194494703,1.8193530927742216,1.662486173324723,-2.842170943040401e-14,False
2023-03-27,wind_ventilation,meteorology,-0.18739199752532443,0.673557876325134,0.4861658787997811,-2.842170943040401e-14,False
2023-03-28,wind_ventilation,meteorology,-0.38293021266356675,0.9824068818360132,0.6824257167914851,0.08294904761903865,False
2023-03-29,wind_ventilation,meteorology,-0.2955275234205317,0.8185388137399485,0.6059603379384555,0.08294904761903865,False
2023-03-30,wind_ventilation,meteorology,-0.5373527293578064,0.9564658433882585,0.5335815474663121,0.1144684334358601,False
2023-03-31,wind_ventilation,meteorology,-0.37011188453540456,2.053404217366989,1.68329233283157,-1.4210854715202004e-14,False
2023-04-01,wind_ventilation,meteorology,-0.19787735566970355,1.2748383715170633,1.0215407033473554,-0.05542031250000434,False
2023-04-02,wind_ventilation,meteorology,-0.3944617546137579,1.0095288736438164,0.6741152399658858,0.05904812093582734,False
2023-04-03,wind_ventilation,meteorology,-0.2808264032887564,0.9111827781956805,0.6578851100259584,0.02752873511903431,False
2023-04-04,wind_ventilation,meteorology,-0.33149697702550895,0.6658057394221544,0.36183749751569394,0.02752873511904852,False
2023-04-05,wind_ventilation,meteorology,-0.13438060866486978,0.6686211160089215,0.6171895549631188,0.08294904761906707,False
2023-04-06,wind_ventilation,meteorology,0.010904054458222845,0.8167938419111493,0.827697896369358,-1.4210854715202004e-14,False
2023-04-07,wind_ventilation,meteorology,0.08545924192452503,0.8840169116046326,0.9694761535291292,-2.842170943040401e-14,False
2023-04-08,wind_ventilation,meteorology,0.02236681272081853,0.6850886334657105,0.7074554461865148,-1.4210854715202004e-14,False
2023-04-09,wind_ventilation,meteorology,0.19918486305492422,0.8414850694572067,1.0406699325121025,-2.842170943040401e-14,False
2023-04-10,wind_ventilation,meteorology,0.19918486305491,1.5447074637584848,1.7438923268133522,-4.263256414560601e-14,False
2023-04-11,wind_ventilation,meteorology,0.18464521503675257,1.4814143641496997,1.666059579186424,-2.842170943040401e-14,False
2023-04-12,wind_ventilation,meteorology,-0.21634137604708314,1.7412967969666653,1.524955420919568,-1.4210854715202004e-14,False
2023-04-13,wind_ventilation,meteorology,-0.0030221852647542846,1.6549546895116976,1.6449653746468726,-0.006967129600070621,False
2023-04-14,wind_ventilation,meteorology,0.012008112215326605,1.392472947513724,1.3975139301289516,-0.006967129600099042,False
2023-04-15,wind_ventilation,meteorology,-0.016900645800618008,1.7342192815645205,1.683548707827768,-0.033769927936134536,False
2023-04-16,wind_ventilation,meteorology,-0.016900645800618008,1.7647810664725796,1.7141104927358128,-0.03376992793614875,False
2023-04-17,wind_ventilation,meteorology,-0.016900645800618008,1.7647810664725796,1.7141104927358128,-0.03376992793614875,False
2023-04-18,wind_ventilation,meteorology,-0.016900645800618008,1.7415493218716591,1.6908787481348924,-0.03376992793614875,False
2023-04-19,wind_ventilation,meteorology,-0.016900645800603797,1.8808233087997621,1.8301527350630096,-0.03376992793614875,False
2023-04-20,wind_ventilation,meteorology,0.05239653713520909,1.890000954645373,1.9692002901166177,0.026802798336035494,False
2023-04-21,wind_ventilation,meteorology,-0.14989229070360466,1.9515035576548598,1.8284140652872765,0.026802798336021283,False
2023-04-22,wind_ventilation,meteorology,-0.07243846323855507,1.8833657942408877,1.8109273310023042,-2.842170943040401e-14,False
2023-04-23,wind_ventilation,meteorology,0.3597990510415201,2.0950698963060717,2.4548689473475775,-1.4210854715202004e-14,False
2023-04-24,wind_ventilation,meteorology,1.4210854715202004e-14,1.9398283386095585,1.9398283386095585,-1.4210854715202004e-14,False
2023-04-25,wind_ventilation,meteorology,0.2759688733746515,1.9130791767594673,2.1890480501341045,-1.4210854715202004e-14,False
2023-04-26,wind_ventilation,meteorology,0.18020094626456284,1.8517286635066768,2.0319296097712254,-1.4210854715202004e-14,False
2023-04-27,wind_ventilation,meteorology,-0.053955225656295625,1.8313841843807666,1.7774289587244567,-1.4210854715202004e-14,False
2023-04-28,wind_ventilation,meteorology,-0.08547461147308866,1.8860896234371296,1.8006150119640125,-2.842170943040401e-14,False
2023-04-29,wind_ventilation,meteorology,-0.03046744653703115,2.025363610365247,1.9948961638281872,-2.842170943040401e-14,False
2023-04-30,wind_ventilation,meteorology,-0.061986832353824184,1.9015794084204742,1.8395925760666074,-4.263256414560601e-14,False
2023-05-01,wind_ventilation,meteorology,-0.00568029165616224,1.8735468076878732,1.8678665160316825,-2.842170943040401e-14,False
2023-05-02,wind_ventilation,meteorology,-0.053955225656281414,1.8325557008310795,1.778600475174784,-1.4210854715202004e-14,False
2023-05-03,wind_ventilation,meteorology,-0.1672901049098101,1.0865054638844924,0.9192153589746965,1.4210854715202004e-14,False
2023-05-04,wind_ventilation,meteorology,-0.18176202821447873,1.6290037916466389,1.4472417634321602,0.0,False
2023-05-05,wind_ventilation,meteorology,-0.21488075483874525,1.7274471401283336,1.512566385289574,-1.4210854715202004e-14,False
2023-05-06,wind_ventilation,meteorology,-0.3375942530516767,1.5675024046055341,1.291940294410992,0.06203214285713443,False
2023-05-07,wind_ventilation,meteorology,-0.12712882236962741,1.742936790524709,1.6158079681550674,-1.4210854715202004e-14,False
2023-05-08,wind_ventilation,meteorology,-0.26988791977478854,1.4878429178231158,1.2179549980482847,-4.263256414560601e-14,False
2023-05-09,wind_ventilation,meteorology,-0.20692314218656804,1.5075326388059977,1.3006094966194155,-1.4210854715202004e-14,False
2023-05-10,wind_ventilation,meteorology,-0.26818922061791284,1.3519894508795147,1.0838002302615877,-1.4210854715202004e-14,False
2023-05-11,wind_ventilation,meteorology,0.2790697126963124,1.7488040973370147,2.027873810033313,-1.4210854715202004e-14,False
2023-05-12,wind_ventilation,meteorology,-0.05182058032927728,1.69520614485792,1.6701883628646783,0.026802798336035494,False
2023-05-13,wind_ventilation,meteorology,-0.017764560756944547,1.576010709930543,1.5582461491735558,-4.263256414560601e-14,False
2023-05-14,wind_ventilation,meteorology,0.16724812965003366,1.787244694533939,1.9207228962478098,-0.03376992793616296,False
2023-05-15,wind_ventilation,meteorology,0.006587133318646465,1.7431709022884263,1.715988107670924,-0.03376992793614875,False
2023-05-16,wind_ventilation,meteorology,-0.0030221852647400738,1.5667052748421497,1.5567159599773248,-0.0069671296000848315,False
2023-05-17,wind_ventilation,meteorology,-0.031930943280670476,1.7542599927447782,1.6885591215279447,-0.03376992793616296,False
2023-05-18,wind_ventilation,meteorology,-0.024938293094805886,1.6310386894845408,1.7102380249557854,0.10413762856605047,False
2023-05-19,wind_ventilation,meteorology,2.842170943040401e-14,2.022714390820582,2.0227143908205676,-4.263256414560601e-14,False
2023-05-20,wind_ventilation,meteorology,0.22277873628624434,1.8869128782917386,2.1096916145779545,-2.842170943040401e-14,False
2023-05-21,wind_ventilation,meteorology,0.23167128078208066,1.9684478330005106,2.200119113782563,-2.842170943040401e-14,False
2023-05-22,wind_ventilation,meteorology,0.16785731663530612,1.8287123448556883,2.023372459827044,0.026802798336049705,False
2023-05-23,wind_ventilation,meteorology,0.028908758015944613,2.0616087725778414,2.1173203289298215,0.026802798336035494,False
2023-05-24,wind_ventilation,meteorology,0.028908758015944613,1.8556863665920673,1.9113979229440474,0.026802798336035494,False
2023-05-25,wind_ventilation,meteorology,0.05239653713520909,1.9514359593406851,2.0306352948119155,0.026802798336021283,False
2023-05-26,wind_ventilation,meteorology,0.023487779119307106,1.9256672228004845,1.9491550019197348,-5.684341886080802e-14,False
2023-05-27,wind_ventilation,meteorology,0.05500716493608593,1.7992594641637112,1.93219698624263,0.07793035714283292,False
2023-05-28,wind_ventilation,meteorology,0.09268388065105171,1.752091049038441,1.9227052868323256,0.07793035714283292,False
2023-05-29,wind_ventilation,meteorology,0.24260520947986208,1.8571336068137043,2.2044719717724774,0.10473315547891104,False
2023-05-30,wind_ventilation,meteorology,0.01656557894129662,1.6413606949294177,1.7358566310135473,0.07793035714283292,False
2023-05-31,wind_ventilation,meteorology,0.262660598748937,1.5874977609863095,1.9280887168780936,0.07793035714284713,False
2023-06-01,wind_ventilation,meteorology,0.060747262541340774,1.4435348384085813,1.5822124580927408,0.07793035714281871,False
2023-06-02,wind_ventilation,meteorology,0.05017902208827252,1.582347324119965,1.7372595016871344,0.10473315547889683,False
2023-06-03,wind_ventilation,meteorology,0.08423504166057683,1.4305721543480985,1.5927375531515224,0.07793035714284713,False
2023-06-04,wind_ventilation,meteorology,0.031519385816835666,1.4676084569770182,1.5770581999366726,0.07793035714281871,False
2023-06-05,wind_ventilation,meteorology,-0.08547461147308866,1.3714447356964428,1.3639004813661728,0.07793035714281871,False
2023-06-06,wind_ventilation,meteorology,-0.04418168360000152,1.5176858522246022,1.5514345257674194,0.07793035714281871,False
2023-06-07,wind_ventilation,meteorology,0.07919933547128721,1.6081880725898117,1.7653177652039176,0.07793035714281871,False
2023-06-08,wind_ventilation,meteorology,-0.032961464769570625,1.5100435137253498,1.555012406098598,0.07793035714281871,False
2023-06-09,wind_ventilation,meteorology,0.23167128078206645,1.6765082981501536,1.986109936075053,0.07793035714283292,False
2023-06-10,wind_ventilation,meteorology,0.2525366808606577,1.623172583820221,1.95363962182374,0.07793035714286134,False
2023-06-11,wind_ventilation,meteorology,0.25253668086068615,1.6986955961672265,2.0291626341707456,0.07793035714283292,False
2023-06-12,wind_ventilation,meteorology,0.3155014584489493,1.8490459955038006,2.2424778110955828,0.07793035714283292,False
2023-06-13,wind_ventilation,meteorology,1.4210854715202004e-14,1.6890127693872614,1.7669431265301085,0.07793035714283292,False
2023-06-14,wind_ventilation,meteorology,0.08965602055727118,1.8024248822318327,1.9968140582679723,0.10473315547886841,False
2023-06-15,wind_ventilation,meteorology,0.14711258065959498,1.7760835851124739,2.0279293212509373,0.10473315547886841,False
2023-06-16,wind_ventilation,meteorology,0.5387323408182425,1.8604086651178022,2.5038741614149416,0.10473315547889683,False
2023-06-17,wind_ventilation,meteorology,0.6550782758235272,1.6032323427832438,2.363043774085668,0.10473315547889683,False
2023-06-18,wind_ventilation,meteorology,0.045474336957227024,1.727824389614085,1.8780318820501947,0.10473315547888262,False
2023-06-19,wind_ventilation,meteorology,0.08423504166059104,1.9350150048283155,2.0971804036317394,0.07793035714283292,False
2023-06-20,wind_ventilation,meteorology,0.32426347014742873,1.8363185123429133,2.238512339633175,0.07793035714283292,False
2023-06-21,wind_ventilation,meteorology,0.060747262541340774,1.7942160534550027,1.932893673139148,0.0779303571428045,False
2023-06-22,wind_ventilation,meteorology,0.060747262541340774,1.8313223105542278,1.9699999302383873,0.07793035714281871,False
2023-06-23,wind_ventilation,meteorology,1.4210854715202004e-14,1.776918155344589,1.8548485124874645,0.07793035714286134,False
2023-06-24,wind_ventilation,meteorology,0.230026846975818,1.8165767824922625,2.1245339866109276,0.07793035714284713,False
2023-06-25,wind_ventilation,meteorology,0.23002684697580378,1.6316756820218927,1.9396328861405436,0.07793035714284713,False
2023-06-26,wind_ventilation,meteorology,0.08323189172070045,1.7152096330169257,1.8763718818804733,0.07793035714284713,False
2023-06-27,wind_ventilation,meteorology,-0.03046744653701694,1.6850285264653877,1.7324914370711895,0.07793035714281871,False
2023-06-28,wind_ventilation,meteorology,-0.061986832353824184,1.9906284544146189,2.0065719792036276,0.07793035714283292,False
2023-06-29,wind_ventilation,meteorology,-0.0056802916561764505,2.5558792867782785,2.628129352264949,0.07793035714284713,False
2023-06-30,wind_ventilation,meteorology,-0.08547461147308866,2.8134026079573005,2.8058583536270447,0.07793035714283292,False
2023-07-01,wind_ventilation,meteorology,-0.1754037563697466,2.9182336734699845,2.820760274243071,0.07793035714283292,False
2023-07-02,wind_ventilation,meteorology,-0.0177349943724181,3.2359247694845976,3.296120132255041,0.07793035714286134,False
2023-07-03,wind_ventilation,meteorology,0.12191061027668582,3.910318727896623,4.032229338173302,-7.105427357601002e-15,False
2023-07-04,wind_ventilation,meteorology,0.08065014526003011,4.083384360772122,4.164034506032159,7.105427357601002e-15,False
2023-07-05,wind_ventilation,meteorology,0.08065014526003722,4.072704395606998,4.153354540867028,-7.105427357601002e-15,False
2023-07-06,wind_ventilation,meteorology,0.06640051199104136,3.918599834744775,3.9850003467358235,7.105427357601002e-15,False
2023-07-07,wind_ventilation,meteorology,-0.05750743762546051,3.841084387419123,3.831310353200024,0.047733403406361674,False
2023-07-08,wind_ventilation,meteorology,-0.05750743762546051,3.696442499132651,3.6866684649135593,0.04773340340636878,False
2023-07-09,wind_ventilation,meteorology,0.05235363218069722,4.311762411626361,4.364116043807066,7.105427357601002e-15,False
2023-07-10,wind_ventilation,meteorology,0.017871411184316344,4.293564419919157,4.311435831103481,7.105427357601002e-15,False
2023-07-11,wind_ventilation,meteorology,0.0738870526574047,3.802449007689262,3.8763360603466737,7.105427357601002e-15,False
2023-07-12,wind_ventilation,meteorology,0.14154142121455493,3.8994055271750128,4.040946948389568,0.0,False
2023-07-13,wind_ventilation,meteorology,0.04027664671075115,4.031901716325699,4.09830222831674,0.026123865280290204,False
2023-07-14,wind_ventilation,meteorology,0.06640051199105557,3.8375275162007796,3.903928028191821,-1.4210854715202004e-14,False
2023-07-15,wind_ventilation,meteorology,-0.057507437625453406,4.136472780442581,4.126698746223504,0.047733403406375885,False
2023-07-16,wind_ventilation,meteorology,0.08065014526002301,4.095513872669329,4.176164017929359,7.105427357601002e-15,False
2023-07-17,wind_ventilation,meteorology,0.08936252977685655,-12.379542773638718,-12.267132064174355,0.02304817968750683,False
2023-07-18,wind_ventilation,meteorology,0.11241070946435627,4.37333158455511,4.48574229401946,-7.105427357601002e-15,False
2023-07-19,wind_ventilation,meteorology,0.0372698002408427,4.312914733029849,4.350184533270699,7.105427357601002e-15,False
2023-07-20,wind_ventilation,meteorology,0.07254631890691599,4.606191802365906,4.3690021656547415,-0.30973595561808054,False
2023-07-21,wind_ventilation,meteorology,0.0018830279795096772,4.35630159286449,4.358184620844,0.0,False
2023-07-22,wind_ventilation,meteorology,0.0018830279795096772,4.805501691084281,4.807384719063798,7.105427357601002e-15,False
2023-07-23,wind_ventilation,meteorology,0.0018830279795096772,4.428124225102401,4.1202712974638445,-0.3097359556180663,False
2023-07-24,wind_ventilation,meteorology,-0.015197268114889084,4.103349432705201,4.112322719866704,0.02417055527639178,False
2023-07-25,wind_ventilation,meteorology,-0.0708166281035929,4.2268603798715105,4.180214307044295,0.02417055527637757,False
2023-07-26,wind_ventilation,meteorology,-0.04664607282720823,4.232237707197527,4.1855916343703115,-7.105427357601002e-15,False
2023-07-27,wind_ventilation,meteorology,-0.2196506077635476,3.8264372796239385,3.654520075266774,0.04773340340638299,False
2023-07-28,wind_ventilation,meteorology,0.09127357047202622,4.21596136546313,4.055517037133136,-0.25171789880202056,False
2023-07-29,wind_ventilation,meteorology,0.09127357047201912,4.393910141479168,4.152821060062735,-0.3323626518884524,False
2023-07-30,wind_ventilation,meteorology,-0.09234486581976853,4.871813690253383,3.99835670919051,-0.7811121152431042,False
2023-07-31,wind_ventilation,meteorology,-0.09234486581976853,4.572377677570529,3.9506385953096697,-0.5293942164410907,False
2023-08-01,wind_ventilation,meteorology,-0.342377551150264,4.775842065000447,4.43346451385019,7.105427357601002e-15,False
2023-08-02,wind_ventilation,meteorology,-0.23331319584684707,3.8793129429487365,3.6459997471018752,-1.4210854715202004e-14,False
2023-08-03,wind_ventilation,meteorology,-0.3058790356130814,4.031975049955335,3.7738294177486154,0.047733403406361674,False
2023-08-04,wind_ventilation,meteorology,-0.3714707787323377,3.7019603912006644,3.3782230158746884,0.047733403406361674,False
2023-08-05,wind_ventilation,meteorology,-0.2703322874610592,4.045369287806217,3.5233191015431373,-0.25171789880202056,False
2023-08-06,wind_ventilation,meteorology,-0.2946677145417951,4.572133578585387,3.5751967326714222,-0.7022691313721694,False
2023-08-07,wind_ventilation,meteorology,-0.4178639609332748,4.657693656786904,3.5375605644815096,-0.7022691313721197,False
2023-08-08,wind_ventilation,meteorology,-0.11889971589314285,3.8158172933645886,3.7198502889142304,0.022932711442784637,False
2023-08-09,wind_ventilation,meteorology,-0.07468982583785788,3.539948200998545,3.46525837516068,-7.105427357601002e-15,False
2023-08-10,wind_ventilation,meteorology,-0.034811202829232,4.057264230065314,4.022453027236075,-7.105427357601002e-15,False
2023-08-11,wind_ventilation,meteorology,0.037269800240849804,4.00434428510421,4.041614085345053,-7.105427357601002e-15,False
2023-08-12,wind_ventilation,meteorology,-0.03975856710386694,3.6155958908884713,3.5758373237846044,0.0,False
2023-08-13,wind_ventilation,meteorology,-0.02104427630154504,3.37089467484185,3.3498503985403048,0.0,False
2023-08-14,wind_ventilation,meteorology,0.017871411184316344,4.2190461856697965,4.222667963585124,-0.01424963326898876,False
2023-08-15,wind_ventilation,meteorology,0.02399015564002127,3.143227928943368,3.167218084583382,-7.105427357601002e-15,False
2023-08-16,wind_ventilation,meteorology,-0.01594033656316185,4.158989651586232,4.0560402303236245,-0.0870090846994458,False
2023-08-17,wind_ventilation,meteorology,0.05598409104317881,4.182073848823251,3.9863400410643948,-0.25171789880203477,False
2023-08-18,wind_ventilation,meteorology,0.08065014526003722,2.3379089897427647,2.1668412362007885,-0.25171789880201345,False
2023-08-19,wind_ventilation,meteorology,0.08065014526004433,3.011574151882023,3.09222429714206,-7.105427357601002e-15,False
2023-08-20,wind_ventilation,meteorology,0.08065014526004433,3.169891360611274,3.2505415058713183,0.0,False
2023-08-21,wind_ventilation,meteorology,0.06640051199104136,3.1097764048006056,3.176176916791647,0.0,False
2023-08-22,wind_ventilation,meteorology,0.06640051199104846,3.8653742715352593,3.931774783526315,7.105427357601002e-15,False
2023-08-23,wind_ventilation,meteorology,0.003621777915327584,4.617371344864992,4.62099312278032,0.0,False
2023-08-24,wind_ventilation,meteorology,0.017871411184316344,4.143723643980302,4.161595055164618,0.0,False
2023-08-25,wind_ventilation,meteorology,-0.020548777361064197,4.157699901383708,4.161321679299036,0.02417055527639178,False
2023-08-26,wind_ventilation,meteorology,0.0036217779153346896,4.557377613623608,4.560999391538942,0.0,False
2023-08-27,wind_ventilation,meteorology,-0.1754465043615312,3.978980783155542,3.8512676822003726,0.047733403406361674,False
2023-08-28,wind_ventilation,meteorology,-0.06277873407572088,2.642776267949621,2.5799975338739003,0.0,False
2023-08-29,wind_ventilation,meteorology,-0.09107524715506088,2.2042708205604384,2.0989459401363817,-0.014249633268995865,False
2023-08-30,wind_ventilation,meteorology,-0.12061010387680682,2.0203098905084858,1.8854501533626902,-0.01424963326898876,False
2023-08-31,wind_ventilation,meteorology,-0.06277873407572088,1.7944004399337246,1.7316217058579966,-7.105427357601002e-15,False
2023-09-01,wind_ventilation,meteorology,-0.06277873407572088,2.60449490195181,2.5274665346071146,-0.014249633268974549,False
2023-09-02,wind_ventilation,meteorology,-0.06277873407572798,1.9535052546213976,1.876476887276695,-0.014249633268974549,False
2023-09-03,wind_ventilation,meteorology,-0.09107524715507509,1.943101658441826,1.852026411286758,7.105427357601002e-15,False
2023-09-04,wind_ventilation,meteorology,-0.12061010387679261,2.38279832585836,2.2479385887125503,-0.014249633269017181,False
2023-09-05,wind_ventilation,meteorology,-0.06277873407571377,1.4261770748677876,1.349148707523078,-0.014249633268995865,False
2023-09-06,wind_ventilation,meteorology,0.07365911874580888,2.0331014699734453,2.1067605887192613,7.105427357601002e-15,False
2023-09-07,wind_ventilation,meteorology,-0.028296513079332897,1.9673886822908528,1.9390921692115128,-7.105427357601002e-15,False
2023-09-08,wind_ventilation,meteorology,-0.1842213648698916,2.4705273312788663,2.121597152306421,-0.16470881410255345,False
2023-09-09,wind_ventilation,meteorology,-0.25171789880201345,2.362908507343903,2.1111906085418966,7.105427357601002e-15,False
2023-09-10,wind_ventilation,meteorology,-0.25171789880201345,2.259696111898485,2.007978213096486,1.4210854715202004e-14,False
2023-09-11,wind_ventilation,meteorology,-0.02417055527639178,3.5580176168198108,3.5580176168198108,0.02417055527639178,False
2023-09-12,wind_ventilation,meteorology,-0.024170555276384675,3.7836994019547987,3.7836994019547987,0.024170555276384675,False
2023-09-13,wind_ventilation,meteorology,0.0927843864962341,4.297455357729646,4.138521845423874,-0.25171789880200635,False
2023-09-14,wind_ventilation,meteorology,0.0,4.157556953389985,3.9058390545879575,-0.25171789880202766,False
2023-09-15,wind_ventilation,meteorology,0.0,3.9816547397103648,3.729936840908344,-0.25171789880202056,False
2023-09-16,wind_ventilation,meteorology,-0.13815758288548352,2.9172410549511554,2.8268168754720264,0.04773340340635457,False
2023-09-17,wind_ventilation,meteorology,0.0,3.212053511653501,3.212053511653515,1.4210854715202004e-14,False
2023-09-18,wind_ventilation,meteorology,-0.024170555276398886,3.294815684966501,3.294815684966501,0.024170555276398886,False
2023-09-19,wind_ventilation,meteorology,-0.24845602104232256,3.4330378927134433,3.2564858303538884,0.07190395868276767,False
2023-09-20,wind_ventilation,meteorology,0.049417481475138914,4.394347285575542,4.467935322327058,0.02417055527637757,False
2023-09-21,wind_ventilation,meteorology,0.0544017864164843,4.072183550641505,3.8748674382559685,-0.25171789880202056,False
2023-09-22,wind_ventilation,meteorology,-0.028296513079354213,4.493892732238564,4.213878320357203,-0.25171789880200635,False
2023-09-23,wind_ventilation,meteorology,0.07514090922350647,4.236294441967978,4.059717452389471,-0.25171789880201345,False
2023-09-24,wind_ventilation,meteorology,-7.105427357601002e-15,3.5195218053246293,3.5195218053246293,7.105427357601002e-15,False
2023-09-25,wind_ventilation,meteorology,-0.014249633268995865,4.332448370827933,4.318198737558937,0.0,False
2023-09-26,wind_ventilation,meteorology,-0.009248988017823478,4.160639287145123,3.8996724003252936,-0.25171789880200635,False
2023-09-27,wind_ventilation,meteorology,-0.009248988017823478,4.628504838685359,4.18512090641098,-0.43413494425655585,False
2023-09-28,wind_ventilation,meteorology,-0.022932711442784637,4.111530048392247,3.8598121495902404,-0.2287851873592217,False
2023-09-29,wind_ventilation,meteorology,-0.12474107431766157,4.7934334564546575,4.300426182873011,-0.3682661992639851,False
2023-09-30,wind_ventilation,meteorology,-0.7946324216298208,2.7232638966479357,1.237340512574768,-0.6912909624433468,False
2023-10-01,wind_ventilation,meteorology,-2.9436710958070336,-1.2148145327292355,-4.317373334326987,-0.15888770579071831,False
2023-10-02,wind_ventilation,meteorology,-1.1082014026275715,-9.88688487563769,-10.869925861598574,0.12516041666668798,False
2023-10-03,wind_ventilation,meteorology,-0.721172316228774,-8.157672213390981,-8.500268077599543,0.3785764520202122,False
2023-10-04,wind_ventilation,meteorology,1.451959924711332,-0.017845823687025586,1.6264961937690146,0.1923820927447082,False
2023-10-05,wind_ventilation,meteorology,-0.08039410281438109,-1.7355861805554298,-1.8159802833698393,-2.842170943040401e-14,False
2023-10-06,wind_ventilation,meteorology,0.7017184706029695,0.0764876820049949,0.9705882453526442,0.19238209274467977,False
2023-10-07,wind_ventilation,meteorology,-0.22177794167487264,-0.15140962694533755,-0.24089673528686717,0.13229083333334302,False
2023-10-08,wind_ventilation,meteorology,-0.8654631831452093,0.9913557710182772,-0.08072365112988678,-0.20661623900295467,False
2023-10-09,wind_ventilation,meteorology,0.38764556803016603,1.0976261767955862,1.3555439895449979,-0.1297277552807543,False
2023-10-10,wind_ventilation,meteorology,1.2007361095845113,0.9710157297120361,2.2486403230186056,0.07688848372205825,False
2023-10-11,wind_ventilation,meteorology,0.7370772989922045,0.6665502861912103,1.1970113461804601,-0.20661623900295467,False
2023-10-12,wind_ventilation,meteorology,0.8542531969512197,0.512673640320287,1.2663230982685718,-0.10060373900293484,False
2023-10-13,wind_ventilation,meteorology,-0.23871418698692537,0.2798273170952257,0.04111313010830031,0.0,False
2023-10-14,wind_ventilation,meteorology,-0.9011303506949844,-0.5363076598196415,-1.4374380105146543,-2.842170943040401e-14,False
2023-10-15,wind_ventilation,meteorology,-2.064456818662194,-0.9608707946776462,-3.125931352342832,-0.10060373900299169,False
2023-10-16,wind_ventilation,meteorology,-0.6834312103346747,-1.229591837903257,-2.013626787240895,-0.10060373900296327,False
2023-10-17,wind_ventilation,meteorology,-0.6488137108115666,-2.7693450121731757,-3.4181587229847707,-2.842170943040401e-14,False
2023-10-18,wind_ventilation,meteorology,-0.7073362353441155,-1.1204568564951387,-1.9189157218196442,-0.09112262998039,False
2023-10-19,wind_ventilation,meteorology,-1.898821517758364,-0.8216808496123065,-2.9271186063735968,-0.20661623900292625,False
2023-10-20,wind_ventilation,meteorology,-2.3549616261301196,-1.0910329435927792,-3.6526108087259104,-0.20661623900301151,False
2023-10-21,wind_ventilation,meteorology,-2.830955964497605,-1.2492856965091619,-4.411542884765822,-0.3313012237590556,False
2023-10-22,wind_ventilation,meteorology,-3.6286592107831552,-1.328555657939603,-5.0818998534788875,-0.12468498475612932,False
2023-10-23,wind_ventilation,meteorology,-3.1917435769044857,-0.8843700029848947,-4.101297731312229,-0.0251841514228488,False
2023-10-24,wind_ventilation,meteorology,-3.026212714248288,-0.8624320065405868,-3.888644720788932,-5.684341886080802e-14,False
2023-10-25,wind_ventilation,meteorology,-4.57473980592323,-1.016764071997585,-5.681205552658611,-0.08970167473779611,False
2023-10-26,wind_ventilation,meteorology,-3.1387957395290584,-0.7164027719655905,-3.8551985114946774,-2.842170943040401e-14,False
2023-10-27,wind_ventilation,meteorology,-3.3346974496372184,-2.363033937712288,-5.9240680750042145,-0.22633668765470816,False
2023-10-28,wind_ventilation,meteorology,-3.136369767375328,-2.037987272050998,-5.500194560414371,-0.3258375209880455,False
2023-10-29,wind_ventilation,meteorology,-3.7206025356183545,-2.3559783508329133,-6.4024184074392565,-0.3258375209879887,False
2023-10-30,wind_ventilation,meteorology,-4.010950057957814,-1.8810639202581854,-6.2178514992039595,-0.32583752098796026,False
2023-10-31,wind_ventilation,meteorology,-4.114577293197925,-2.666749794522758,-7.148041499841639,-0.366714412120956,False
2023-11-01,wind_ventilation,meteorology,-11.018553541193967,-4.973359743495678,-16.375899455682998,-0.38398617099335297,False
2023-11-02,wind_ventilation,meteorology,-16.77719218777179,-2.908675559847495,-19.808652827826563,-0.1227850802072794,False
2023-11-03,wind_ventilation,meteorology,-13.188500509086396,7.222826246674003,-6.708981864559917,-0.7433076021475244,False
2023-11-04,wind_ventilation,meteorology,-18.603810764659954,-1.403802693084117,-19.90163401009994,0.10597944764413114,False
2023-11-05,wind_ventilation,meteorology,-17.29653263637499,-2.289185352307584,-19.58133228456842,0.004385704114156397,False
2023-11-06,wind_ventilation,meteorology,-16.708350862058467,-1.7901625633555227,-18.390935653026816,0.10757777238717381,False
2023-11-07,wind_ventilation,meteorology,-16.973695402334386,-2.2309368599517256,-18.988704731834446,0.21592753045166546,False
2023-11-08,wind_ventilation,meteorology,-16.025855322683526,-0.4925216814544342,-16.68357647129443,-0.16519946715646938,False
2023-11-09,wind_ventilation,meteorology,-15.462560484536084,0.3389228722531925,-15.529900262002116,-0.4062626497192241,False
2023-11-10,wind_ventilation,meteorology,-15.770688251793842,6.9305474113891705,-10.244000439272838,-1.4038595988681664,False
2023-11-11,wind_ventilation,meteorology,-19.829982594491014,-0.24539099198176473,-20.399530137551324,-0.3241565510785449,False
2023-11-12,wind_ventilation,meteorology,-18.933637809443837,-0.842912986282613,-20.11749308765826,-0.34094229193181036,False
2023-11-13,wind_ventilation,meteorology,-17.40453034521647,-2.295465767940925,-19.682342612478692,0.01765350067870486,False
2023-11-14,wind_ventilation,meteorology,-18.209741767479898,-1.24694550894327,-19.471728820463227,-0.015041544040059307,False
2023-11-15,wind_ventilation,meteorology,-16.815076478325977,-1.4809141899944507,-18.245359602737892,0.05063106558253594,False
2023-11-16,wind_ventilation,meteorology,-16.703717524589308,-2.0570333296954573,-18.506435899634596,0.2543149546501695,False
2023-11-17,wind_ventilation,meteorology,-16.106203578395764,-1.0809171355919602,-17.224851347891445,-0.037730633903720445,False
2023-11-18,wind_ventilation,meteorology,-15.217513557173504,-1.3309798660623642,-16.858354925646097,-0.3098615024102287,False
2023-11-19,wind_ventilation,meteorology,-15.048059927713496,-0.9085529157605947,-16.488522246543766,-0.531909403069676,False
2023-11-20,wind_ventilation,meteorology,-15.103059853450134,-0.29912350564893586,-15.811759504223062,-0.4095761451239923,False
2023-11-21,wind_ventilation,meteorology,-15.486705008604986,-0.28881735721409996,-15.658137514231328,0.11738485158775802,False
2023-11-22,wind_ventilation,meteorology,-17.854811315613006,-1.0797222544348983,-18.74572213388535,0.18881143616255258,False
2023-11-23,wind_ventilation,meteorology,-17.66845607528296,-1.0094619603172532,-18.48910659943766,0.18881143616255258,False
2023-11-24,wind_ventilation,meteorology,-16.53226528472254,-0.2845207767213651,-16.694878008340254,0.12190805310365249,False
2023-11-25,wind_ventilation,meteorology,-16.74980095381477,-0.2845207767213651,-17.059082576241906,-0.024760845705770862,False
2023-11-26,wind_ventilation,meteorology,-15.921266921953247,-0.8190708199271057,-17.05283937964691,-0.3125016377665588,False
2023-11-27,wind_ventilation,meteorology,-17.135678827819277,-0.5422265276514509,-18.196221546909612,-0.5183161914388847,False
2023-11-28,wind_ventilation,meteorology,-16.654578177136386,6.694130374199403,-11.066098364849267,-1.1056505619122845,False
2023-11-29,wind_ventilation,meteorology,-17.458268810018353,-0.29733712515752586,-17.375256197653584,0.3803497375222946,False
2023-11-30,wind_ventilation,meteorology,-19.90805709432601,-1.088331763014935,-20.72688486840582,0.26950398893512784,False
2023-12-01,wind_ventilation,meteorology,-20.124235478272,-1.1989345350716007,-21.001688620748723,0.32148139259487607,False
2023-12-02,wind_ventilation,meteorology,-19.31657241210968,0.2718999483373068,-18.908958676958434,0.13571378681393753,False
2023-12-03,wind_ventilation,meteorology,-18.076130550809182,0.13638264238147713,-17.570065440562473,0.36968246786523196,False
2023-12-04,wind_ventilation,meteorology,-15.3632158894344,4.943099977814484,-11.8628295968756,-1.4427136852556828,False
2023-12-05,wind_ventilation,meteorology,-14.240473558811061,4.194823790122314,-11.9873834947428,-1.9417337260540535,False
2023-12-06,wind_ventilation,meteorology,-16.01770805457079,-2.251756565258688,-19.13950778838847,-0.8700431685589933,False
2023-12-07,wind_ventilation,meteorology,-16.309740341411725,-1.7992881400758165,-19.161246272604046,-1.0522177911165045,False
2023-12-08,wind_ventilation,meteorology,-15.732147262712374,-0.2965953165807491,-17.113412717164294,-1.0846701378711714,False
2023-12-09,wind_ventilation,meteorology,-16.530134733308103,0.14688571409726592,-16.880825153823196,-0.49757613461235906,False
2023-12-10,wind_ventilation,meteorology,-17.64794541349596,-0.040923299085591225,-17.152452937810097,0.5364157747714557,False
2023-12-11,wind_ventilation,meteorology,-15.035740721517982,-0.04879737850916399,-14.747848584692804,0.3366895153343421,False
2023-12-12,wind_ventilation,meteorology,-17.563568916409622,-0.4284071644127607,-17.449379046251977,0.5425970345704059,False
2023-12-13,wind_ventilation,meteorology,-18.637620191298765,-0.514891021599567,-18.84281094216726,0.30970027073107076,False
2023-12-14,wind_ventilation,meteorology,-17.360606972128608,2.689161676825279,-14.497827154505615,0.1736181407977142,False
2023-12-15,wind_ventilation,meteorology,-20.299431231288906,-0.6788760771420357,-20.37278416981559,0.6055231386153537,False
2023-12-16,wind_ventilation,meteorology,-18.815936448936725,-0.7235660829434778,-18.933979393264735,0.6055231386154674,False
2023-12-17,wind_ventilation,meteorology,-17.760627147227865,-0.40832604567145836,-17.563430054283913,0.6055231386154105,False
2023-12-18,wind_ventilation,meteorology,-16.964101732153722,-0.6826640489715032,-17.029007097547947,0.6177586835772786,False
2023-12-19,wind_ventilation,meteorology,-18.46933917874452,-0.31513186652983904,-18.077065723943406,0.7074053213309526,False
2023-12-20,wind_ventilation,meteorology,-17.221860981149575,-0.7064349269247145,-17.517167089954228,0.4111288181200621,False
2023-12-21,wind_ventilation,meteorology,-16.40286774586866,0.7055490660480359,-15.667110749162532,0.030207930658093574,False
2023-12-22,wind_ventilation,meteorology,-16.74324293866971,0.4763520150343652,-16.03470869153682,0.2321822320985234,False
2023-12-23,wind_ventilation,meteorology,-16.626567553382017,0.242377001232569,-16.283999556801973,0.10019099534747511,False
2023-12-24,wind_ventilation,meteorology,-16.645258284031513,-0.4681882582277126,-16.927022455811937,0.18642408644728903,False
2023-12-25,wind_ventilation,meteorology,-18.141840971419924,-0.6134302641987688,-18.34744409442834,0.4078271411903529,False
2023-12-26,wind_ventilation,meteorology,-16.956253953870544,-0.28376939195447903,-16.619822545151067,0.6202008006739561,False
2023-12-27,wind_ventilation,meteorology,-16.351442378267222,0.13719979227670365,-15.799856338988718,0.4143862470018007,False
2023-12-28,wind_ventilation,meteorology,-16.122214225680693,-0.790081796421191,-16.708746867050877,0.20354915505100735,False
2023-12-29,wind_ventilation,meteorology,-15.526367209915804,0.2958057702932706,-15.403446132304566,-0.17288469268203244,False
2023-12-30,wind_ventilation,meteorology,-15.610319276110886,0.08542261156856057,-15.50391462746586,0.02098203707646462,False
2023-12-31,wind_ventilation,meteorology,-14.793988199864259,-0.039942395140599274,-15.190026394811753,-0.3560957998068943,False
2024-01-01,wind_ventilation,meteorology,-15.489481421865548,0.25662035821574136,-15.65850958580478,-0.4256485221549724,False
2024-01-02,wind_ventilation,meteorology,-14.841778913978715,-1.0328720831755618,-16.338230273104557,-0.4635792759502806,False
2024-01-03,wind_ventilation,meteorology,-14.468920361937478,-3.4981474932635592,-19.217107046635533,-1.250039191434496,False
2024-01-04,wind_ventilation,meteorology,-13.178526284001293,-3.5167686498840567,-19.44806132789182,-2.7527663940064713,True
2024-01-05,wind_ventilation,meteorology,-14.136797428682314,-4.106528928197918,-21.033200637791367,-2.7898742809111354,True
2024-01-06,wind_ventilation,meteorology,-15.714892228659721,-4.296936685355547,-22.80064334321952,-2.788814429204251,True
2024-01-07,wind_ventilation,meteorology,-13.991248437612114,-3.3276945925766768,-20.15845392515274,-2.8395108949639507,True
2024-01-08,wind_ventilation,meteorology,-13.353311841614016,-2.170952362958701,-18.111655616668088,-2.5873914120953714,True
2024-01-09,wind_ventilation,meteorology,-14.46546240371498,-1.7074147175345615,-19.0931913118568,-2.9203141906072574,True
2024-01-10,wind_ventilation,meteorology,-14.889642418291373,-2.5610320120830465,-19.98322357239391,-2.5325491420194908,True
2024-01-11,wind_ventilation,meteorology,-15.547258010639439,-3.5523708685110478,-21.27612965346418,-2.176500774313695,True
2024-01-12,wind_ventilation,meteorology,-16.23257028750936,-2.6586190641936014,-21.241751088651938,-2.3505617369489755,True
2024-01-13,wind_ventilation,meteorology,-16.261270384544332,-2.6966602393406447,-21.03525176168779,-2.0773211378028122,True
2024-01-14,wind_ventilation,meteorology,-16.159689615613672,-1.5760871954160507,-19.87882006266142,-2.1430432516316955,True
2024-01-15,wind_ventilation,meteorology,-16.419673476040202,-2.380648618841633,-21.676852849518298,-2.8765307546364625,True
2024-01-16,wind_ventilation,meteorology,-15.92732025361397,-3.4959879572779187,-22.11741545617724,-2.694107245285352,True
2024-01-17,wind_ventilation,meteorology,-17.09357104081886,-2.067268914464364,-21.805883018282486,-2.645043062999264,True
2024-01-18,wind_ventilation,meteorology,-16.151932103331035,-3.882134178071283,-22.748587646082967,-2.7145213646806496,True
2024-01-19,wind_ventilation,meteorology,-16.72770297992875,-1.0130686218940923,-19.44360389754155,-1.7028322957187072,False
2024-01-20,wind_ventilation,meteorology,-14.284743386778132,0.4526226259914097,-16.98649377762257,-3.154373016835848,True
2024-01-21,wind_ventilation,meteorology,-14.432067371253368,-0.5663201628632919,-18.244855951434488,-3.2464684173178284,True
2024-01-22,wind_ventilation,meteorology,-15.57993132988696,-1.078720476500564,-19.797512449603175,-3.1388606432156507,True
2024-01-23,wind_ventilation,meteorology,-15.111309970782372,-1.272287282478601,-18.97512679540955,-2.591529542148578,True
2024-01-24,wind_ventilation,meteorology,-14.886105408191781,-1.3837583834692282,-18.85386748280183,-2.584003691140822,True
2024-01-25,wind_ventilation,meteorology,-15.982326927630254,-1.1867323566677328,-19.927842895054425,-2.7587836107564385,True
2024-01-26,wind_ventilation,meteorology,-14.347476518838164,-1.0014728743170167,-18.112528614030623,-2.7635792208754424,True
2024-01-27,wind_ventilation,meteorology,-14.222379264767028,-0.6266219555311636,-18.072760950504176,-3.223759730205984,True
2024-01-28,wind_ventilation,meteorology,-16.926688429463525,-0.7415487920414421,-19.998157330338188,-2.329920108833221,True
2024-01-29,wind_ventilation,meteorology,-17.71580273275532,-1.306235459556376,-20.7883871282599,-1.7663489359482014,False
2024-01-30,wind_ventilation,meteorology,-16.728630628189876,-1.47859894103442,-19.51923270306702,-1.3120031338427225,False
2024-01-31,wind_ventilation,meteorology,-16.136334766318384,-1.3653691198312004,-18.811666917989783,-1.3099630318401978,False
2024-02-01,wind_ventilation,meteorology,-17.814428901432677,-0.7328659700974072,-20.489563035986862,-1.9422681644567774,False
2024-02-02,wind_ventilation,meteorology,-16.02988501825419,-1.229190901693073,-17.84572478047886,-0.5866488605315965,False
2024-02-03,wind_ventilation,meteorology,-11.657188509682868,2.638648139337562,-8.967934551968085,0.05060581837722111,False
2024-02-04,wind_ventilation,meteorology,-7.107575859580322,2.7200384310908987,-4.295995498092566,0.09154193039685765,False
2024-02-05,wind_ventilation,meteorology,-6.429125157566318,3.078594714048677,-3.4471409420683017,-0.0966104985506604,False
2024-02-06,wind_ventilation,meteorology,-6.150557829461945,3.254238943450588,-2.9929293845620464,-0.09661049855068882,False
2024-02-07,wind_ventilation,meteorology,-5.691669528491218,2.5412209060999373,-3.1551161249388997,-0.004667502547619051,False
2024-02-08,wind_ventilation,meteorology,-2.861718967591827,1.780160969168378,-0.8366473861338477,0.2449106122896012,False
2024-02-09,wind_ventilation,meteorology,0.5224608300452758,2.951578048265219,3.966733932956089,0.49269505464559415,False
2024-02-10,wind_ventilation,meteorology,0.6347014406976825,2.1601354156741195,2.962858984939402,0.1680221285675998,False
2024-02-11,wind_ventilation,meteorology,-1.646177468585421,1.8419279788120093,0.3637726387942166,0.16802212856762822,False
2024-02-12,wind_ventilation,meteorology,-3.247013668521589,2.551572011428931,-0.20274660244700726,0.492695054645651,False
2024-02-13,wind_ventilation,meteorology,-4.715009004936235,2.3771881008503897,-1.8408097182030758,0.49701118588276927,False
2024-02-14,wind_ventilation,meteorology,-5.060471980677988,2.993282750833174,-1.779357361017503,0.28783186882731115,False
2024-02-15,wind_ventilation,meteorology,-3.8200195536183514,1.7981798512072942,-1.6490726585892617,0.3727670438217956,False
2024-02-16,wind_ventilation,meteorology,-1.9482780982543773,1.2075983830976895,-0.36791267133475003,0.3727670438219377,False
2024-02-17,wind_ventilation,meteorology,-1.0599729901232138,0.8169226035941506,0.20660514101493277,0.44965552754399596,False
2024-02-18,wind_ventilation,meteorology,-1.0210058690247479,-6.066654077593057,-6.914132017912351,0.17352792870545386,False
2024-02-19,wind_ventilation,meteorology,-0.5050368706710628,-1.467467420090685,-1.961912535589903,0.010591755171844852,False
2024-02-20,wind_ventilation,meteorology,0.017166495857594555,-0.5587703527991437,-0.4114219124971328,0.13018194444441633,False
2024-02-21,wind_ventilation,meteorology,0.3027217063978469,1.498182528039166,1.800904234437013,0.0,False
2024-02-22,wind_ventilation,meteorology,0.6377519280117099,1.3240485436641904,1.9618004716759287,2.842170943040401e-14,False
2024-02-23,wind_ventilation,meteorology,-0.020408331404468072,1.0626136918762938,1.0422053604718542,2.842170943040401e-14,False
2024-02-24,wind_ventilation,meteorology,0.31307238448749786,1.1549865759855606,1.6604410532176814,0.19238209274462292,False
2024-02-25,wind_ventilation,meteorology,0.39019765756466995,0.9613348434132547,1.428420984699983,0.07688848372205825,False
2024-02-26,wind_ventilation,meteorology,-0.00645223275549256,1.6028728496064844,1.6733091005730216,0.07688848372202983,False
2024-02-27,wind_ventilation,meteorology,-0.4041319886503629,1.316419479326953,0.7825597353956937,-0.12972775528089642,False
2024-02-28,wind_ventilation,meteorology,-1.1983150451781057,0.12921088024168625,-1.1697079039393543,-0.10060373900293484,False
2024-02-29,wind_ventilation,meteorology,-0.8832659484539249,-1.2726764670517525,-2.2565461545086123,-0.10060373900293484,False
2024-03-01,wind_ventilation,meteorology,-1.19463281516758,0.7876709683637273,-0.4980844767841859,-0.09112262998033316,False
2024-03-02,wind_ventilation,meteorology,-1.4851615458228196,-0.033010089058592484,-1.618775373884347,-0.10060373900293484,False
2024-03-03,wind_ventilation,meteorology,-0.6364749711987088,1.9077058690783133,1.1706271588766697,-0.10060373900293484,False
2024-03-04,wind_ventilation,meteorology,-0.3210241782118288,0.7880732264982839,0.5768008942415861,0.10975184595513099,False
2024-03-05,wind_ventilation,meteorology,-0.3629006405739261,0.7049423263281227,0.5029210905160681,0.16087940476187157,False
2024-03-06,wind_ventilation,meteorology,0.21999375363122908,0.6861949273740464,0.9841190381481226,0.07793035714284713,False
2024-03-07,wind_ventilation,meteorology,0.0845315593086724,0.8692858338467033,1.1146967979172615,0.16087940476188578,False
2024-03-08,wind_ventilation,meteorology,0.20966763486485718,0.7448231600459962,1.115370199672725,0.16087940476187157,False
2024-03-09,wind_ventilation,meteorology,0.3255781472534949,0.7266685436144371,1.1301770480107507,0.07793035714281871,False
2024-03-10,wind_ventilation,meteorology,0.0679973604531483,0.5863951572093526,0.681921252781521,0.027528735119020098,False
2024-03-11,wind_ventilation,meteorology,-0.5739454702562199,0.8473950528807137,0.33249770356030695,0.05904812093581313,False
2024-03-12,wind_ventilation,meteorology,-0.5354273936569172,0.899369312734521,0.3914706541966808,0.02752873511907694,False
2024-03-13,wind_ventilation,meteorology,-0.5739454702562341,0.7358317792623978,0.18941504412519805,0.02752873511903431,False
2024-03-14,wind_ventilation,meteorology,-0.5908477061568931,0.9098770057611034,0.401978347223249,0.08294904761903865,False
2024-03-15,wind_ventilation,meteorology,0.01257704795314396,1.200419941704169,1.2959460372763516,0.08294904761903865,False
2024-03-16,wind_ventilation,meteorology,0.06799736045316251,0.9872036051723541,1.0827297007445367,0.027528735119020098,False
2024-03-17,wind_ventilation,meteorology,-0.19286934520313537,1.006965365672329,0.8731441414050352,0.05904812093584155,False
2024-03-18,wind_ventilation,meteorology,-0.19286934520314958,0.990005346024887,0.8561841217575932,0.059048120935855763,False
2024-03-19,wind_ventilation,meteorology,0.22989448342659102,1.0825764868783807,1.371519091240856,0.059048120935884185,False
2024-03-20,wind_ventilation,meteorology,-0.12990456761487224,1.1607987187698257,1.0584228862739735,0.027528735119020098,False
2024-03-21,wind_ventilation,meteorology,-0.1684226442142176,1.1098640331675966,1.0004895098892348,0.059048120935855763,False
2024-03-22,wind_ventilation,meteorology,-0.26080292485860923,1.3835609391168333,1.2304402536798023,0.10768223942157817,False
2024-03-23,wind_ventilation,meteorology,-0.24150346368885778,1.262807428285214,1.1289862040179202,0.10768223942156396,False
2024-03-24,wind_ventilation,meteorology,-0.2859625904452656,1.61846943856429,1.332506848118996,-2.842170943040401e-14,False
2024-03-25,wind_ventilation,meteorology,-0.020951470673935546,1.5659906127879282,1.6229694992568255,0.07793035714283292,False
2024-03-26,wind_ventilation,meteorology,0.13562809504547602,1.6216056770437746,1.861966927568119,0.10473315547886841,False
2024-03-27,wind_ventilation,meteorology,-0.13558784898302179,1.5468566400008115,1.4891991481606084,0.07793035714281871,False
2024-03-28,wind_ventilation,meteorology,-0.028441387794757134,1.74161104301686,1.79110001236495,0.07793035714284713,False
2024-03-29,wind_ventilation,meteorology,-0.05763623744688573,1.624070068316101,1.6105942600759278,0.04416042920671259,False
2024-03-30,wind_ventilation,meteorology,0.043846616740694344,1.7383573891557091,1.8263644351031303,0.0441604292067268,False
2024-03-31,wind_ventilation,meteorology,0.27897610079466517,1.7657413631248744,2.122647821062344,0.0779303571428045,False
2024-04-01,wind_ventilation,meteorology,0.23167128078206645,2.0462021327930557,2.3558037707179977,0.07793035714287555,False
2024-04-02,wind_ventilation,meteorology,0.21740169316653635,2.0436614006865597,2.2229886890911814,-0.03807440476191459,False
2024-04-03,wind_ventilation,meteorology,0.32381791863640785,2.097054689371191,2.3827982032456703,-0.038074404761928804,False
2024-04-04,wind_ventilation,meteorology,0.287023509943964,2.398508086002309,2.6474571911843867,-0.03807440476188617,False
2024-04-05,wind_ventilation,meteorology,1.4210854715202004e-14,2.0460953292648014,2.0460953292648014,-1.4210854715202004e-14,False
2024-04-06,wind_ventilation,meteorology,0.023487779119278684,1.8218600308198063,1.8453478099390566,-2.842170943040401e-14,False
2024-04-07,wind_ventilation,meteorology,0.19994860784227342,1.5149534283913795,1.7417048345697026,0.026802798336049705,False
2024-04-08,wind_ventilation,meteorology,4.263256414560601e-14,1.8776227485814019,1.8776227485813877,-5.684341886080802e-14,False
2024-04-09,wind_ventilation,meteorology,0.3978734558034347,1.875953329631301,2.2357523806727926,-0.038074404761943015,False
2024-04-10,wind_ventilation,meteorology,0.0500623947811647,2.029186917993286,2.0792493127744365,-1.4210854715202004e-14,False
2024-04-11,wind_ventilation,meteorology,0.031519385816821455,1.889912931065183,1.921432316881976,-2.842170943040401e-14,False
2024-04-12,wind_ventilation,meteorology,0.26974568554398104,1.9279873358270834,2.1596586166091356,-0.038074404761928804,False
2024-04-13,wind_ventilation,meteorology,0.26008805248027045,1.802701972757177,2.02471562047549,-0.038074404761957226,False
2024-04-14,wind_ventilation,meteorology,-0.08547461147310287,1.840394250774878,1.7549196393017468,-2.842170943040401e-14,False
2024-04-15,wind_ventilation,meteorology,-0.08547461147308866,1.9258429549644944,1.8403683434913631,-4.263256414560601e-14,False
2024-04-16,wind_ventilation,meteorology,-0.08547461147308866,1.9606454135319353,1.875170802058804,-4.263256414560601e-14,False
2024-04-17,wind_ventilation,meteorology,-0.1484393890613518,1.9811007347184244,1.83266134565703,-4.263256414560601e-14,False
2024-04-18,wind_ventilation,meteorology,0.16882233477942066,1.571078600383757,1.739900935163135,-4.263256414560601e-14,False
2024-04-19,wind_ventilation,meteorology,0.10763558219058211,1.9096287602459938,2.0440671407726114,0.026802798336035494,False
2024-04-20,wind_ventilation,meteorology,0.08423504166057683,2.0748822906555517,2.1591173323161286,0.0,False
2024-04-21,wind_ventilation,meteorology,0.060747262541340774,1.9064785615868658,1.967225824128164,-4.263256414560601e-14,False
2024-04-22,wind_ventilation,meteorology,0.21340855436304196,1.8929933122425098,2.0683274618436087,-0.038074404761943015,False
2024-04-23,wind_ventilation,meteorology,0.06074726254132656,1.9087818414237177,1.96952910396503,-1.4210854715202004e-14,False
2024-04-24,wind_ventilation,meteorology,0.012321190327227782,1.7288201536178889,1.8452789725111813,0.10413762856606468,False
2024-04-25,wind_ventilation,meteorology,-0.04842607221407036,1.728820153617903,1.7845317099698832,0.10413762856605047,False
2024-04-26,wind_ventilation,meteorology,0.35357586321084966,1.8710321869458681,2.186533645394775,-0.038074404761943015,False
2024-04-27,wind_ventilation,meteorology,0.11192727115627576,1.7055884090169684,1.9216533087392804,0.10413762856603626,False
2024-04-28,wind_ventilation,meteorology,0.25396813150150876,1.7829232392469692,2.0636941690845134,0.026802798336035494,False
2024-04-29,wind_ventilation,meteorology,0.01656557894129662,1.8329577821839393,1.8495233611252218,-1.4210854715202004e-14,False
2024-04-30,wind_ventilation,meteorology,0.060747262541340774,1.8329577821839536,1.893705044725266,-2.842170943040401e-14,False
2024-05-01,wind_ventilation,meteorology,0.08965602055724275,1.975557657353491,2.0920164762467834,0.026802798336049705,False
2024-05-02,wind_ventilation,meteorology,0.060747262541340774,2.006819350412897,2.067566612954195,-4.263256414560601e-14,False
2024-05-03,wind_ventilation,meteorology,0.08965602055724275,2.127204657189111,2.2436634760824035,0.026802798336049705,False
2024-05-04,wind_ventilation,meteorology,1.4210854715202004e-14,1.864750004359749,1.864750004359749,-1.4210854715202004e-14,False
2024-05-05,wind_ventilation,meteorology,0.028908758015973035,1.832854849873172,1.8885664062251664,0.026802798336021283,False
2024-05-06,wind_ventilation,meteorology,1.4210854715202004e-14,1.976968939058878,1.976968939058878,-1.4210854715202004e-14,False
2024-05-07,wind_ventilation,meteorology,2.842170943040401e-14,1.9312735663966123,1.9312735663966123,-2.842170943040401e-14,False
2024-05-08,wind_ventilation,meteorology,0.17646082872300894,1.5783330394454538,1.7815966665045124,0.026802798336049705,False
2024-05-09,wind_ventilation,meteorology,4.263256414560601e-14,1.838468515391213,1.838468515391213,-4.263256414560601e-14,False
2024-05-10,wind_ventilation,meteorology,1.4210854715202004e-14,2.0078711888968,2.007871188896786,-2.842170943040401e-14,False
2024-05-11,wind_ventilation,meteorology,0.05480879886019352,1.7394224635981743,1.898368891024404,0.10413762856603626,False
2024-05-12,wind_ventilation,meteorology,1.4210854715202004e-14,1.8134314055867407,1.8134314055867407,-1.4210854715202004e-14,False
2024-05-13,wind_ventilation,meteorology,0.06916540404043303,1.9152370438800546,1.9844024479204734,-1.4210854715202004e-14,False
2024-05-14,wind_ventilation,meteorology,0.3140432781365803,2.116847133360963,2.3928160067356288,-0.03807440476191459,False
2024-05-15,wind_ventilation,meteorology,4.263256414560601e-14,2.078772728599091,2.078772728599077,-5.684341886080802e-14,False
2024-05-16,wind_ventilation,meteorology,1.4210854715202004e-14,1.9615111293435774,1.9615111293435774,-1.4210854715202004e-14,False
2024-05-17,wind_ventilation,meteorology,0.23998774096953923,1.9831281839836095,2.18504152019122,-0.038074404761928804,False
2024-05-18,wind_ventilation,meteorology,0.34157817823752623,1.9122252674292497,2.2157290409048613,-0.03807440476191459,False
2024-05-19,wind_ventilation,meteorology,0.023487779119307106,1.8757246205961309,1.8992123997153811,-5.684341886080802e-14,False
2024-05-20,wind_ventilation,meteorology,0.0523965371352233,1.946651201118101,2.0258505365893598,0.026802798336035494,False
2024-05-21,wind_ventilation,meteorology,0.38248462122678006,1.9170675371393031,2.28828055194019,-0.01127160642589331,False
2024-05-22,wind_ventilation,meteorology,0.0523965371352233,1.9400522494531316,2.019251584924376,0.026802798336021283,False
2024-05-23,wind_ventilation,meteorology,0.023487779119278684,1.9463997266026922,1.9698875057219283,-4.263256414560601e-14,False
2024-05-24,wind_ventilation,meteorology,-0.024938293094777464,1.9756501090318892,2.054849444503148,0.10413762856603626,False
2024-05-25,wind_ventilation,meteorology,-0.04842607221404194,1.7414583054525394,1.7971698618045195,0.10413762856602204,False
2024-05-26,wind_ventilation,meteorology,1.4210854715202004e-14,1.9441485677312613,1.9441485677312471,-2.842170943040401e-14,False
2024-05-27,wind_ventilation,meteorology,0.028908758015973035,1.9862288004814417,2.041940356833422,0.026802798336007072,False
2024-05-28,wind_ventilation,meteorology,0.028908758015944613,1.9620149455315499,2.01772650188353,0.026802798336035494,False
2024-05-29,wind_ventilation,meteorology,1.4210854715202004e-14,1.9708812970885248,1.9708812970885248,-1.4210854715202004e-14,False
2024-05-30,wind_ventilation,meteorology,2.842170943040401e-14,2.1101552840166278,2.1101552840166278,-2.842170943040401e-14,False
2024-05-31,wind_ventilation,meteorology,0.14755207070707854,2.046454571815943,2.1940066425230214,0.0,False
2024-06-01,wind_ventilation,meteorology,-0.04842607221405615,1.86674366852246,1.9224552248744402,0.10413762856603626,False
2024-06-02,wind_ventilation,meteorology,0.34944738358936434,1.9234885150443404,2.338999122437812,0.06606322380410745,False
2024-06-03,wind_ventilation,meteorology,0.028908758015958824,2.0334814229791647,2.089192979331145,0.026802798336021283,False
2024-06-04,wind_ventilation,meteorology,1.4210854715202004e-14,2.2238009188879744,2.22380091888796,-2.842170943040401e-14,False
2024-06-05,wind_ventilation,meteorology,1.4210854715202004e-14,2.0653757980882403,2.0653757980882403,-1.4210854715202004e-14,False
2024-06-06,wind_ventilation,meteorology,0.17646082872302316,2.101344208776311,2.304607835835384,0.026802798336049705,False
2024-06-07,wind_ventilation,meteorology,-0.04842607221405615,2.1196632903218955,2.1753748466738756,0.10413762856603626,False
2024-06-08,wind_ventilation,meteorology,2.842170943040401e-14,2.0256548039052973,2.025654803905269,-5.684341886080802e-14,False
2024-06-09,wind_ventilation,meteorology,0.028908758015958824,2.0117465374484738,2.067458093800454,0.026802798336021283,False
2024-06-10,wind_ventilation,meteorology,0.028908758015958824,1.943707381061671,1.999418937413651,0.026802798336021283,False
2024-06-11,wind_ventilation,meteorology,1.4210854715202004e-14,1.9896613132693517,1.9896613132693517,-1.4210854715202004e-14,False
2024-06-12,wind_ventilation,meteorology,0.3729805566182307,2.0085845841596353,2.343490736015923,-0.038074404761943015,False
2024-06-13,wind_ventilation,meteorology,0.10323487107426388,2.1778233227126265,2.281058193786876,-1.4210854715202004e-14,False
2024-06-14,wind_ventilation,meteorology,0.023487779119278684,1.4346272567509288,1.4581150358701933,-1.4210854715202004e-14,False
2024-06-15,wind_ventilation,meteorology,0.18926210138630495,1.6171654355310068,1.833230335253333,0.026802798336021283,False
2024-06-16,wind_ventilation,meteorology,0.2304803523822443,1.4666965864694674,1.7239797371877472,0.026802798336035494,False
2024-06-17,wind_ventilation,meteorology,0.05991721824184992,0.6260103823951653,0.7900652292030799,0.10413762856606468,False
2024-06-18,wind_ventilation,meteorology,0.08047799324468485,0.30614538886197806,0.4907610106727418,0.10413762856607889,False
2024-06-19,wind_ventilation,meteorology,0.012321190327241993,0.5855096356941516,0.7019684545874441,0.10413762856605047,False
2024-06-20,wind_ventilation,meteorology,0.22926382386201283,1.979313063097905,2.3127145155259683,0.10413762856605047,False
2024-06-21,wind_ventilation,meteorology,0.18629866878221435,2.023768152599928,2.2368696197181777,0.026802798336035494,False
2024-06-22,wind_ventilation,meteorology,0.23178711236765537,2.006867764071373,2.2386548764390284,0.0,False
2024-06-23,wind_ventilation,meteorology,0.07699372277404848,2.042359769930556,2.1461562910406258,0.026802798336021283,False
2024-06-24,wind_ventilation,meteorology,0.016565578941310832,1.76316479250265,1.7797303714439323,-2.842170943040401e-14,False
2024-06-25,wind_ventilation,meteorology,0.2533040456325324,2.059082938310823,2.2743125791814265,-0.038074404761928804,False
2024-06-26,wind_ventilation,meteorology,0.4143231257521336,1.9132679915075386,2.367447069640619,0.039855952380946746,False
2024-06-27,wind_ventilation,meteorology,-0.148439389061366,1.8336386721063747,1.7631296401878558,0.07793035714284713,False
2024-06-28,wind_ventilation,meteorology,1.4210854715202004e-14,1.957441329082684,2.035371686225531,0.07793035714283292,False
2024-06-29,wind_ventilation,meteorology,-0.1484393890613518,1.957441329082684,1.886932297164165,0.07793035714283292,False
2024-06-30,wind_ventilation,meteorology,-0.03046744653703115,1.7959974164164407,1.843460327022271,0.07793035714286134,False
2024-07-01,wind_ventilation,meteorology,-0.1023752572737493,2.0455940529569148,1.9873792248898923,0.0441604292067268,False
2024-07-02,wind_ventilation,meteorology,0.025685109779999493,2.4088975316119843,2.4787430705987106,0.0441604292067268,False
2024-07-03,wind_ventilation,meteorology,-0.18947087799990925,3.4881474345740315,3.376606913716998,0.07793035714287555,False
2024-07-04,wind_ventilation,meteorology,-0.014249633268995865,4.20856044176341,4.194310808494421,7.105427357601002e-15,False
2024-07-05,wind_ventilation,meteorology,-0.05755195190681661,3.8574811733708287,3.7999292214640192,7.105427357601002e-15,False
2024-07-06,wind_ventilation,meteorology,0.0,4.229696935017756,4.229696935017756,0.0,False
2024-07-07,wind_ventilation,meteorology,0.0,4.134221592141195,4.134221592141195,0.0,False
2024-07-08,wind_ventilation,meteorology,-0.11266777028581743,3.729506084090957,3.6645717172115084,0.04773340340636878,False
2024-07-09,wind_ventilation,meteorology,0.040152153147502645,3.7466274697504147,3.7061348698114926,-0.08064475308642471,False
2024-07-10,wind_ventilation,meteorology,-0.008948060786906353,4.0341557998787465,3.577847660359218,-0.44736007873262196,False
2024-07-11,wind_ventilation,meteorology,-0.03582990746389214,5.700420203762114,4.296374283215691,-1.368216013082531,False
2024-07-12,wind_ventilation,meteorology,-0.052553698340204846,3.900390915869849,2.6250346763127936,-1.2228025412168506,False
2024-07-13,wind_ventilation,meteorology,-0.05246706835573178,4.522994782482456,4.184962313785043,-0.28556540034168165,False
2024-07-14,wind_ventilation,meteorology,0.047874708412834366,4.083966701515408,3.8462760095865463,-0.28556540034169586,False
2024-07-15,wind_ventilation,meteorology,-0.0024713974841787945,4.394784952926727,3.6112014401994514,-0.7811121152430971,False
2024-07-16,wind_ventilation,meteorology,0.05235363218069722,3.8976145532974016,3.698250286676064,-0.25171789880203477,False
2024-07-17,wind_ventilation,meteorology,0.08065014526003722,3.8893014427008055,3.7182336891588363,-0.25171789880200635,False
2024-07-18,wind_ventilation,meteorology,0.057717433817252584,3.749067816460233,3.7490732086338454,-0.05771204164364008,False
2024-07-19,wind_ventilation,meteorology,0.02726736992170231,3.6314464581772867,3.707770404822064,0.04905657672307484,False
2024-07-20,wind_ventilation,meteorology,-0.1751125338044801,4.573441521608473,3.995511158640248,-0.40281782916374453,False
2024-07-21,wind_ventilation,meteorology,-0.2089025735406551,4.218155898641214,3.527592512065837,-0.48166081303472197,False
2024-07-22,wind_ventilation,meteorology,-0.14101026539722739,4.2824026341747725,3.690841136207432,-0.4505512325701133,False
2024-07-23,wind_ventilation,meteorology,-0.07466790259221767,-12.233162291418765,-12.735333246893624,-0.427503052882642,False
2024-07-24,wind_ventilation,meteorology,0.0054318899347265415,4.183140529085819,3.71587934800543,-0.47269307101511515,False
2024-07-25,wind_ventilation,meteorology,-0.10465990222838428,4.765675497673399,3.6974864347473826,-0.9635291606976324,False
2024-07-26,wind_ventilation,meteorology,-0.16790371820152217,4.977093793118193,2.820688208330722,-1.988501866585949,False
2024-07-27,wind_ventilation,meteorology,-0.11111848920443634,5.011610785743706,2.9381142952336106,-1.9623780013056589,False
2024-07-28,wind_ventilation,meteorology,-0.1410102653972345,4.623994659535498,2.92861747180887,-1.5543669223293932,False
2024-07-29,wind_ventilation,meteorology,-0.1671341306775176,4.716802475860916,3.0214252881342816,-1.5282430570491172,False
2024-07-30,wind_ventilation,meteorology,-0.26491821501372925,5.135485252333211,3.3639335183964647,-1.5066335189230173,False
2024-07-31,wind_ventilation,meteorology,-0.23942840241405605,4.610908559303105,2.864846637966018,-1.5066335189230315,False
2024-08-01,wind_ventilation,meteorology,-0.1671341306775176,5.066393972569863,3.371016784843242,-1.528243057049103,False
2024-08-02,wind_ventilation,meteorology,-0.1551235998954823,4.472850236852828,2.7633597146279314,-1.5543669223294145,False
2024-08-03,wind_ventilation,meteorology,-0.25609883806919953,3.596028899229651,2.8353365366829237,-0.5045935244775279,False
2024-08-04,wind_ventilation,meteorology,-0.1299316106691748,2.7043695821618883,2.6247323920493884,0.05029442055667488,False
2024-08-05,wind_ventilation,meteorology,-0.11785462519923584,2.672889779037547,2.579205709114703,0.02417055527639178,False
2024-08-06,wind_ventilation,meteorology,-0.12625234292863752,2.4573660295885205,2.355284241936289,0.02417055527640599,False
2024-08-07,wind_ventilation,meteorology,-0.06842097312754447,2.955821007665371,2.911570589814204,0.02417055527637757,False
2024-08-08,wind_ventilation,meteorology,0.042073459074835284,2.8944298329629774,2.9606738473142045,0.02417055527639178,False
2024-08-09,wind_ventilation,meteorology,0.06891437216681595,3.4509695907040694,3.5460078281511755,0.026123865280290204,False
2024-08-10,wind_ventilation,meteorology,0.10487452260006336,3.8473988055269928,3.7005554293250427,-0.25171789880201345,False
2024-08-11,wind_ventilation,meteorology,0.03606153990202898,-0.23849172113008876,-0.45414808003008034,-0.25171789880202056,False
2024-08-12,wind_ventilation,meteorology,-0.05223130933488562,4.394343860402891,4.116518517546282,-0.22559403352172325,False
2024-08-13,wind_ventilation,meteorology,-0.19901119632612563,5.108950970876471,4.541673575286353,-0.3682661992639922,False
2024-08-14,wind_ventilation,meteorology,-0.1760784848833481,4.116145270501015,3.8005857737129105,-0.13948101190475626,False
2024-08-15,wind_ventilation,meteorology,-0.10622680982989152,2.8165750651547583,2.593799954862888,-0.11654830046197873,False
2024-08-16,wind_ventilation,meteorology,-0.19901119632612563,3.408460169927139,3.0929006731390274,-0.11654830046198583,False
2024-08-17,wind_ventilation,meteorology,-0.03979116747956368,3.0871653079683696,2.887889806477048,-0.15948433401175777,False
2024-08-18,wind_ventilation,meteorology,-0.054715368439019585,4.046485074135298,3.0282405449986314,-0.9635291606976466,False
2024-08-19,wind_ventilation,meteorology,-1.2494374430708959,4.2365834596180605,2.20603390130411,-0.7811121152430545,False
2024-08-20,wind_ventilation,meteorology,-1.1517333380165624,4.318585649614263,2.385740196354618,-0.7811121152430829,False
2024-08-21,wind_ventilation,meteorology,-1.1773002074941488,3.864131427146148,2.1574370032109442,-0.5293942164410552,False
2024-08-22,wind_ventilation,meteorology,-0.6781966161039463,1.4641819191379994,0.004873187790970235,-0.7811121152430829,False
2024-08-23,wind_ventilation,meteorology,-1.4833241297354078,3.031135445686388,0.5842821552533408,-0.9635291606976395,False
2024-08-24,wind_ventilation,meteorology,-1.6838373547428276,0.19020680591006567,-2.401480016163987,-0.907849467331225,False
2024-08-25,wind_ventilation,meteorology,-1.5323145097619744,3.3156104964763955,1.2539017702733517,-0.5293942164410694,False
2024-08-26,wind_ventilation,meteorology,-1.5295613045032468,2.9333253647225064,0.9532128276491463,-0.4505512325701133,False
2024-08-27,wind_ventilation,meteorology,-0.3301656055041988,4.807556744674564,2.9471947721173564,-1.5301963670530085,False
2024-08-28,wind_ventilation,meteorology,-0.3619831643704643,3.7030757934470486,3.126193343584063,-0.21489928549252113,False
2024-08-29,wind_ventilation,meteorology,-0.22638268264187644,2.79631387457016,2.5941017472046823,0.024170555276398886,False
2024-08-30,wind_ventilation,meteorology,-0.20524554364952508,1.1976535802116786,1.0165785918385453,0.02417055527639178,False
2024-08-31,wind_ventilation,meteorology,-0.13016686367625852,0.10881166918117913,-0.27307309329711416,-0.25171789880203477,False
2024-09-01,wind_ventilation,meteorology,-0.1714273286929071,0.38788832039863763,-0.035256907096290035,-0.25171789880202056,False
2024-09-02,wind_ventilation,meteorology,-0.33621232515060484,1.9799867936652973,1.3920565697126719,-0.25171789880202056,False
2024-09-03,wind_ventilation,meteorology,-0.4614434480838199,1.0208562140440591,0.608469342683307,0.049056576723067735,False
2024-09-04,wind_ventilation,meteorology,-0.14208957897000118,-0.6024058926198563,-0.6954388948667685,0.04905657672308905,False
2024-09-05,wind_ventilation,meteorology,0.006130230929358049,-0.36550364002439295,-0.31031683237195296,0.049056576723081946,False
2024-09-06,wind_ventilation,meteorology,-0.02885951266036102,-0.997634319199129,-1.159854300590986,-0.13336046873149598,False
2024-09-07,wind_ventilation,meteorology,-0.016858456036764835,-0.2327735867191052,-0.24963204275587714,-7.105427357601002e-15,False
2024-09-08,wind_ventilation,meteorology,0.01312882845923724,0.3537291122142321,0.38979065211625397,0.022932711442784637,False
2024-09-09,wind_ventilation,meteorology,-0.6647056586049302,-0.007094986817250515,-0.6643667733857015,0.007433872036479272,False
2024-09-10,wind_ventilation,meteorology,-1.6112928108544935,0.12700415681317878,-1.7549950212851613,-0.27070636724384656,False
2024-09-11,wind_ventilation,meteorology,-1.9778273939780533,-0.47780607635530004,-2.422143774701894,0.033489695631459426,False
2024-09-12,wind_ventilation,meteorology,-1.6598069845279895,-0.561321768692082,-2.2566989564187097,-0.03557020319863824,False
2024-09-13,wind_ventilation,meteorology,-1.865652300220468,0.6296696046674413,-1.2697511295361892,-0.03376843398316254,False
2024-09-14,wind_ventilation,meteorology,-0.6748534829418489,0.7044650839359576,0.020013722287316682,-0.009597878706792073,False
2024-09-15,wind_ventilation,meteorology,-0.4081134446824848,0.6939404467699504,0.3329302688066349,0.04710326671916931,False
2024-09-16,wind_ventilation,meteorology,-0.19754297275593302,0.39125235030519434,0.3743938942684153,0.18068451671915398,False
2024-09-17,wind_ventilation,meteorology,-0.22156023863541918,0.12209406710004345,0.08121834518379956,0.1806845167191753,False
2024-09-18,wind_ventilation,meteorology,-0.10620278827176577,1.0021453372847802,1.052456510455798,0.1565139614427835,False
2024-09-19,wind_ventilation,meteorology,-0.13619007276778206,1.0540183196077635,1.0514094968399732,0.13358124999999177,False
2024-09-20,wind_ventilation,meteorology,-0.13619007276778916,0.6252157498791746,0.6226069271113914,0.13358125000000598,False
2024-09-21,wind_ventilation,meteorology,-0.1422640973879723,0.6302353561553886,0.6215525087674294,0.13358125000001309,False
2024-09-22,wind_ventilation,meteorology,-0.09938977731471255,1.6849425332722632,1.4674161071555218,-0.11813664880202879,False
2024-09-23,wind_ventilation,meteorology,-0.0743106683289696,2.2876738010423523,2.0952264839113752,-0.11813664880200747,False
2024-09-24,wind_ventilation,meteorology,-0.2345188256598334,2.3046815686052327,1.8125450822386355,-0.25761766070676373,False
2024-09-25,wind_ventilation,meteorology,-0.17274410186718114,2.3728007457867477,1.8088577332127898,-0.3911989107067768,False
2024-09-26,wind_ventilation,meteorology,-0.3939172260100108,2.01043867034911,1.407739579086865,-0.2087818652522344,False
2024-09-27,wind_ventilation,meteorology,-2.006032457669235,1.8801140684879059,-0.2896257045457631,-0.16370731536443373,False
2024-09-28,wind_ventilation,meteorology,-2.033423412338067,1.7415629814439129,-0.2038498474565884,0.08801058343756551,False
2024-09-29,wind_ventilation,meteorology,-2.0069479026920334,1.7732743569019007,-0.14566296235254583,0.08801058343758683,False
2024-09-30,wind_ventilation,meteorology,-1.7314382400975248,2.277600551081157,0.37291286509570654,-0.1732494458879259,False
2024-10-01,wind_ventilation,meteorology,-1.9094769676129175,2.451862508362886,0.32620006131227086,-0.21618547943769784,False
2024-10-02,wind_ventilation,meteorology,-0.4336638193019269,-11.247066304655021,-11.571970085934765,0.10876003802218293,False
2024-10-03,wind_ventilation,meteorology,-0.9136148213531214,-12.091081523585203,-12.772702216007076,0.23199412893124816,False
2024-10-04,wind_ventilation,meteorology,0.3875304967794193,-3.296404176882504,-2.5219806498584205,0.38689303024466426,False
2024-10-05,wind_ventilation,meteorology,0.304836143916674,-4.121628676547147,-3.7801777168157003,0.03661481581477233,False
2024-10-06,wind_ventilation,meteorology,-0.1060074878963917,-1.4389295206611905,-1.2735375873354258,0.27139942122215643,False
2024-10-07,wind_ventilation,meteorology,-0.17918247575676105,-1.5443769852124376,-1.4521600397470422,0.27139942122215643,False
2024-10-08,wind_ventilation,meteorology,-0.831169187519265,0.6395025801177496,0.2579889201424237,0.4496555275439391,False
2024-10-09,wind_ventilation,meteorology,-3.0084510284862915,0.8407486823014665,-1.695434469029692,0.47226787715513296,False
2024-10-10,wind_ventilation,meteorology,-1.5393504023735716,-0.21736134142088304,-1.4626999729611612,0.29401177083329344,False
2024-10-11,wind_ventilation,meteorology,-1.7146380320522212,0.24948948823151795,-1.3656477104873659,0.09950083333333737,False
2024-10-12,wind_ventilation,meteorology,-0.39514279243164196,-3.174106524675608,-3.5586575619352914,0.010591755171958539,False
2024-10-13,wind_ventilation,meteorology,-2.2148391267054137,0.5604299670006583,-1.4452298426492973,0.2091793170554581,False
2024-10-14,wind_ventilation,meteorology,-4.000624385094284,0.18968343545526523,-3.810940949639047,-2.842170943040401e-14,False
2024-10-15,wind_ventilation,meteorology,-3.52552067108104,0.6328949094459517,-2.8926257616351165,-2.842170943040401e-14,False
2024-10-16,wind_ventilation,meteorology,-2.9633108555625256,-0.7712449885640353,-3.6113217532174247,0.12323409090913628,False
2024-10-17,wind_ventilation,meteorology,-6.699252649722496,-0.8402248921937598,-7.726988451007259,-0.187510909091003,False
2024-10-18,wind_ventilation,meteorology,-8.645555146619046,1.3608885558114707,-7.631198245390152,-0.3465316545825772,False
2024-10-19,wind_ventilation,meteorology,-8.996462520094525,0.5866056804703987,-9.03809718723005,-0.6282403476059244,False
2024-10-20,wind_ventilation,meteorology,-9.365656838154393,0.5906402947856009,-9.50275772430794,-0.7277411809391481,False
2024-10-21,wind_ventilation,meteorology,-7.797046707266702,-0.018299194615110537,-7.873744906075615,-0.058399004193802284,False
2024-10-22,wind_ventilation,meteorology,-5.859362306188132,-0.3585689352016459,-6.148473814051528,0.06945742733825,False
2024-10-23,wind_ventilation,meteorology,-8.71004548595755,-0.31983908410046524,-9.339346319177196,-0.3094617491191798,False
2024-10-24,wind_ventilation,meteorology,-3.265106293392307,-1.5613785461373766,-4.902371614173717,-0.07588677464403304,False
2024-10-25,wind_ventilation,meteorology,-4.440739684870124,-1.4012060482318418,-5.98783121601312,-0.14588548291115444,False
2024-10-26,wind_ventilation,meteorology,-2.410236388124247,-1.136806066623194,-3.622929229391559,-0.0758867746441183,False
2024-10-27,wind_ventilation,meteorology,-1.7139652454802388,-0.8253065506584107,-2.609270504405714,-0.06999870826706456,False
2024-10-28,wind_ventilation,meteorology,-3.3754815934442206,-0.752807080346173,-4.012795064767857,0.11549360902253625,False
2024-10-29,wind_ventilation,meteorology,-5.273016849636406,-0.4292503671324823,-5.826952201524932,-0.12468498475604406,False
2024-10-30,wind_ventilation,meteorology,-6.24332138708175,-0.874708941734383,-7.24271531357229,-0.12468498475615775,False
2024-10-31,wind_ventilation,meteorology,-6.435604897782952,-1.353777786265141,-7.859381392315214,-0.0699987082671214,False
2024-11-01,wind_ventilation,meteorology,-5.163116324696659,-1.059147265951026,-6.292262298914778,-0.06999870826709298,False
2024-11-02,wind_ventilation,meteorology,-13.368847414668494,1.8298896721040876,-12.009925320223488,-0.47096757765908137,False
2024-11-03,wind_ventilation,meteorology,-15.128794847881437,3.769738561333952,-11.973810844566742,-0.614754558019257,False
2024-11-04,wind_ventilation,meteorology,-14.790665917547642,4.265315010574909,-11.695245945655557,-1.1698950386828244,False
2024-11-05,wind_ventilation,meteorology,-15.644488544296848,4.70928230908703,-11.3336769177385,-0.3984706825286821,False
2024-11-06,wind_ventilation,meteorology,-13.48866260785502,3.4541787810658207,-10.047971109851574,-0.0134872830623749,False
2024-11-07,wind_ventilation,meteorology,-14.781626057843141,3.4183865128309208,-12.024811108393578,-0.6615715633813579,False
2024-11-08,wind_ventilation,meteorology,-16.172848610615574,7.50853020858699,-9.653946508973263,-0.9896281069446786,False
2024-11-09,wind_ventilation,meteorology,-15.057738212945083,9.071878049259112,-6.664186661870815,-0.6783264981848447,False
2024-11-10,wind_ventilation,meteorology,-15.422306205594396,9.687240546468217,-6.942366333328835,-1.2073006742026564,False
2024-11-11,wind_ventilation,meteorology,-13.952716125095321,10.466470083550632,-4.505540848179066,-1.0192948066343774,False
2024-11-12,wind_ventilation,meteorology,-16.004126225670802,10.955769698506003,-6.418338586278878,-1.3699820591140792,False
2024-11-13,wind_ventilation,meteorology,-15.600353139627941,10.760776241010262,-6.227813628281353,-1.3882367296636744,False
2024-11-14,wind_ventilation,meteorology,-14.298650134125808,11.201810845129728,-4.189143744528394,-1.0923044555323145,False
2024-11-15,wind_ventilation,meteorology,-14.414191167213971,12.49808352598302,-3.550839249823582,-1.634731608592631,False
2024-11-16,wind_ventilation,meteorology,-15.18435514899727,11.076644516331726,-5.542423736214403,-1.4347131035488587,False
2024-11-17,wind_ventilation,meteorology,-17.00151140182578,9.938495924305244,-8.876006489513543,-1.812991011993006,False
2024-11-18,wind_ventilation,meteorology,-17.489799925816783,3.952078818259281,-14.231793488026199,-0.6940723804686968,False
2024-11-19,wind_ventilation,meteorology,-18.489944938055828,-2.040507068319755,-20.551649855540575,-0.021197849164991567,False
2024-11-20,wind_ventilation,meteorology,-17.868754724194048,-1.8783558971304615,-18.983580354366836,0.7635302669576731,False
2024-11-21,wind_ventilation,meteorology,-19.621419801581624,-0.5306424487517347,-20.22952323314354,-0.07746098281018021,False
2024-11-22,wind_ventilation,meteorology,-19.335792824349824,-1.1156979629454895,-20.654192870736495,-0.20270208344118146,False
2024-11-23,wind_ventilation,meteorology,-17.607548229687495,0.16508302767459782,-17.414327316154072,0.028137885858825484,False
2024-11-24,wind_ventilation,meteorology,-16.601967077119014,-0.9845500101014864,-17.64755372902863,-0.06103664180812984,False
2024-11-25,wind_ventilation,meteorology,-16.95117880917951,-0.8245715294925162,-17.944834102587777,-0.16908376391575075,False
2024-11-26,wind_ventilation,meteorology,-15.854470996391967,-0.5135056831745146,-16.280252278133048,0.08772440143343374,False
2024-11-27,wind_ventilation,meteorology,-17.339993739894055,-0.8436930026205118,-18.320928744935884,-0.137242002421317,False
2024-11-28,wind_ventilation,meteorology,-17.071468655230262,0.2175689793239144,-17.130252173294082,-0.2763524973877338,False
2024-11-29,wind_ventilation,meteorology,-16.100862615972517,0.44600900779096264,-15.9729948857169,-0.3181412775353465,False
2024-11-30,wind_ventilation,meteorology,-16.6552192886345,0.6760629937956537,-16.429649841802473,-0.450493546963628,False
2024-12-01,wind_ventilation,meteorology,-16.474117887533055,0.6085191291439855,-16.438926706100858,-0.573327947711789,False
2024-12-02,wind_ventilation,meteorology,-16.7763270939912,-0.26525759211523336,-17.596932660377377,-0.5553479742709442,False
2024-12-03,wind_ventilation,meteorology,-16.59685592362905,6.359595892895413,-11.32849841699857,-1.0912383862649335,False
2024-12-04,wind_ventilation,meteorology,-22.633370807660356,5.301565067935428,-19.1569727784443,-1.8251670387193712,False
2024-12-05,wind_ventilation,meteorology,-15.267239274122858,-0.8918181055839796,-16.962747225950125,-0.8036898462432873,False
2024-12-06,wind_ventilation,meteorology,-15.097582979802723,-2.6715356612958203,-18.53485502789087,-0.7657363867923266,False
2024-12-07,wind_ventilation,meteorology,-14.221080002519784,-2.620162457317349,-17.600437572140777,-0.7591951123036438,False
2024-12-08,wind_ventilation,meteorology,-20.388788180935194,0.9761720150188467,-19.9086452725968,-0.49602910668045297,False
2024-12-09,wind_ventilation,meteorology,-17.091154061593556,-0.48870078974425724,-17.55451182056794,0.025343030769874986,False
2024-12-10,wind_ventilation,meteorology,-18.301579875462778,-0.814666611172413,-18.91676240628931,0.19948408034588283,False
2024-12-11,wind_ventilation,meteorology,-18.072873848611664,-0.26977716403712293,-18.151802047653803,0.19084896499498427,False
2024-12-12,wind_ventilation,meteorology,-17.329016341427177,0.7259323577409305,-16.480107394621825,0.12297658906442166,False
2024-12-13,wind_ventilation,meteorology,-18.21075593584709,0.5585780535839149,-17.591452291842643,0.060725590420531717,False
2024-12-14,wind_ventilation,meteorology,-18.89002875257313,0.35213826605689746,-18.187770815715737,0.35011967080049544,False
2024-12-15,wind_ventilation,meteorology,-18.601724410692327,0.6355295033934567,-17.61898307918375,0.3472118281151211,False
2024-12-16,wind_ventilation,meteorology,-17.822385684104916,5.4498274286158335,-12.965456625235902,-0.5928983697468198,False
2024-12-17,wind_ventilation,meteorology,-16.9279505310746,5.235403013825874,-12.018302258854419,-0.3257547416056923,False
2024-12-18,wind_ventilation,meteorology,-15.951586757355585,5.711650452799063,-10.685685515881516,-0.4457492113249941,False
2024-12-19,wind_ventilation,meteorology,-15.219810112823211,6.22355245445749,-9.8142628681436,-0.8180052097778798,False
2024-12-20,wind_ventilation,meteorology,-14.896356800891567,5.649374640045153,-9.995641870468887,-0.7486597096224727,False
2024-12-21,wind_ventilation,meteorology,-17.4949509500085,1.4620990929438449,-16.255581826590173,-0.22272996952551694,False
2024-12-22,wind_ventilation,meteorology,-16.32250052229432,0.37715061883324097,-15.639859918845218,0.3054899846158605,False
2024-12-23,wind_ventilation,meteorology,-16.693962362625086,1.1496069577183334,-15.472498321578882,0.07185708332787044,False
2024-12-24,wind_ventilation,meteorology,-16.667482665908494,0.8061361200914234,-15.654807132474332,0.20653941334273895,False
2024-12-25,wind_ventilation,meteorology,-16.039790650195926,1.2193516931274075,-14.858665544522808,-0.03822658745428953,False
2024-12-26,wind_ventilation,meteorology,-16.9243837570379,1.760890041889013,-15.381702628735866,-0.21820891358697736,False
2024-12-27,wind_ventilation,meteorology,-16.198740306299726,1.1944754504672233,-15.032059168562967,-0.027794312730463844,False
2024-12-28,wind_ventilation,meteorology,-16.133018230305026,1.5666307023254262,-14.650953193113821,-0.08456566513422104,False
2024-12-29,wind_ventilation,meteorology,-16.56765136194565,2.537925325099593,-14.794409934192856,-0.7646838973467993,False
2024-12-30,wind_ventilation,meteorology,-17.788300594344435,0.36331597444859653,-17.520269298430378,-0.09528467853454003,False
2024-12-31,wind_ventilation,meteorology,-17.205007732436002,-0.5156329908699036,-17.99604782806165,-0.27540710475574315,False
