isolation_pass,max_untargeted_diff,bounds_pass,out_of_bounds_count,overall_plausibility_pass,date,scenario
True,0.0,True,0,True,2020-01-01,biomass_low
True,0.0,True,0,True,2020-01-02,biomass_low
True,0.0,True,0,True,2020-01-03,biomass_low
True,0.0,True,0,True,2020-01-04,biomass_low
True,0.0,True,0,True,2020-01-05,biomass_low
True,0.0,True,0,True,2020-01-06,biomass_low
True,0.0,True,0,True,2020-01-07,biomass_low
True,0.0,True,0,True,2020-01-08,biomass_low
True,0.0,True,0,True,2020-01-09,biomass_low
True,0.0,True,0,True,2020-01-10,biomass_low
True,0.0,True,0,True,2020-01-11,biomass_low
True,0.0,True,0,True,2020-01-12,biomass_low
True,0.0,True,0,True,2020-01-13,biomass_low
True,0.0,True,0,True,2020-01-14,biomass_low
True,0.0,True,0,True,2020-01-15,biomass_low
True,0.0,True,0,True,2020-01-16,biomass_low
True,0.0,True,0,True,2020-01-17,biomass_low
True,0.0,True,0,True,2020-01-18,biomass_low
True,0.0,True,0,True,2020-01-19,biomass_low
True,0.0,True,0,True,2020-01-20,biomass_low
True,0.0,True,0,True,2020-01-21,biomass_low
True,0.0,True,0,True,2020-01-22,biomass_low
True,0.0,True,0,True,2020-01-23,biomass_low
True,0.0,True,0,True,2020-01-24,biomass_low
True,0.0,True,0,True,2020-01-25,biomass_low
True,0.0,True,0,True,2020-01-26,biomass_low
True,0.0,True,0,True,2020-01-27,biomass_low
True,0.0,True,0,True,2020-01-28,biomass_low
True,0.0,True,0,True,2020-01-29,biomass_low
True,0.0,True,0,True,2020-01-30,biomass_low
True,0.0,True,0,True,2020-01-31,biomass_low
True,0.0,True,0,True,2020-02-01,biomass_low
True,0.0,True,0,True,2020-02-02,biomass_low
True,0.0,True,0,True,2020-02-03,biomass_low
True,0.0,True,0,True,2020-02-04,biomass_low
True,0.0,True,0,True,2020-02-05,biomass_low
True,0.0,True,0,True,2020-02-06,biomass_low
True,0.0,True,0,True,2020-02-07,biomass_low
True,0.0,True,0,True,2020-02-08,biomass_low
True,0.0,True,0,True,2020-02-09,biomass_low
True,0.0,True,0,True,2020-02-10,biomass_low
True,0.0,True,0,True,2020-02-11,biomass_low
True,0.0,True,0,True,2020-02-12,biomass_low
True,0.0,True,0,True,2020-02-13,biomass_low
True,0.0,True,0,True,2020-02-14,biomass_low
True,0.0,True,0,True,2020-02-15,biomass_low
True,0.0,True,0,True,2020-02-16,biomass_low
True,0.0,True,0,True,2020-02-17,biomass_low
True,0.0,True,0,True,2020-02-18,biomass_low
True,0.0,True,0,True,2020-02-19,biomass_low
True,0.0,True,0,True,2020-02-20,biomass_low
True,0.0,True,0,True,2020-02-21,biomass_low
True,0.0,True,0,True,2020-02-22,biomass_low
True,0.0,True,0,True,2020-02-23,biomass_low
True,0.0,True,0,True,2020-02-24,biomass_low
True,0.0,True,0,True,2020-02-25,biomass_low
True,0.0,True,0,True,2020-02-26,biomass_low
True,0.0,True,0,True,2020-02-27,biomass_low
True,0.0,True,0,True,2020-02-28,biomass_low
True,0.0,True,0,True,2020-02-29,biomass_low
True,0.0,True,0,True,2020-03-01,biomass_low
True,0.0,True,0,True,2020-03-02,biomass_low
True,0.0,True,0,True,2020-03-03,biomass_low
True,0.0,True,0,True,2020-03-04,biomass_low
True,0.0,True,0,True,2020-03-05,biomass_low
True,0.0,True,0,True,2020-03-06,biomass_low
True,0.0,True,0,True,2020-03-07,biomass_low
True,0.0,True,0,True,2020-03-08,biomass_low
True,0.0,True,0,True,2020-03-09,biomass_low
True,0.0,True,0,True,2020-03-10,biomass_low
True,0.0,True,0,True,2020-03-11,biomass_low
True,0.0,True,0,True,2020-03-12,biomass_low
True,0.0,True,0,True,2020-03-13,biomass_low
True,0.0,True,0,True,2020-03-14,biomass_low
True,0.0,True,0,True,2020-03-15,biomass_low
True,0.0,True,0,True,2020-03-16,biomass_low
True,0.0,True,0,True,2020-03-17,biomass_low
True,0.0,True,0,True,2020-03-18,biomass_low
True,0.0,True,0,True,2020-03-19,biomass_low
True,0.0,True,0,True,2020-03-20,biomass_low
True,0.0,True,0,True,2020-03-21,biomass_low
True,0.0,True,0,True,2020-03-22,biomass_low
True,0.0,True,0,True,2020-03-23,biomass_low
True,0.0,True,0,True,2020-03-24,biomass_low
True,0.0,True,0,True,2020-03-25,biomass_low
True,0.0,True,0,True,2020-03-26,biomass_low
True,0.0,True,0,True,2020-03-27,biomass_low
True,0.0,True,0,True,2020-03-28,biomass_low
True,0.0,True,0,True,2020-03-29,biomass_low
True,0.0,True,0,True,2020-03-30,biomass_low
True,0.0,True,0,True,2020-03-31,biomass_low
True,0.0,True,0,True,2020-04-01,biomass_low
True,0.0,True,0,True,2020-04-02,biomass_low
True,0.0,True,0,True,2020-04-03,biomass_low
True,0.0,True,0,True,2020-04-04,biomass_low
True,0.0,True,0,True,2020-04-05,biomass_low
True,0.0,True,0,True,2020-04-06,biomass_low
True,0.0,True,0,True,2020-04-07,biomass_low
True,0.0,True,0,True,2020-04-08,biomass_low
True,0.0,True,0,True,2020-04-09,biomass_low
True,0.0,True,0,True,2020-04-10,biomass_low
True,0.0,True,0,True,2020-04-11,biomass_low
True,0.0,True,0,True,2020-04-12,biomass_low
True,0.0,True,0,True,2020-04-13,biomass_low
True,0.0,True,0,True,2020-04-14,biomass_low
True,0.0,True,0,True,2020-04-15,biomass_low
True,0.0,True,0,True,2020-04-16,biomass_low
True,0.0,True,0,True,2020-04-17,biomass_low
True,0.0,True,0,True,2020-04-18,biomass_low
True,0.0,True,0,True,2020-04-19,biomass_low
True,0.0,True,0,True,2020-04-20,biomass_low
True,0.0,True,0,True,2020-04-21,biomass_low
True,0.0,True,0,True,2020-04-22,biomass_low
True,0.0,True,0,True,2020-04-23,biomass_low
True,0.0,True,0,True,2020-04-24,biomass_low
True,0.0,True,0,True,2020-04-25,biomass_low
True,0.0,True,0,True,2020-04-26,biomass_low
True,0.0,True,0,True,2020-04-27,biomass_low
True,0.0,True,0,True,2020-04-28,biomass_low
True,0.0,True,0,True,2020-04-29,biomass_low
True,0.0,True,0,True,2020-04-30,biomass_low
True,0.0,True,0,True,2020-05-01,biomass_low
True,0.0,True,0,True,2020-05-02,biomass_low
True,0.0,True,0,True,2020-05-03,biomass_low
True,0.0,True,0,True,2020-05-04,biomass_low
True,0.0,True,0,True,2020-05-05,biomass_low
True,0.0,True,0,True,2020-05-06,biomass_low
True,0.0,True,0,True,2020-05-07,biomass_low
True,0.0,True,0,True,2020-05-08,biomass_low
True,0.0,True,0,True,2020-05-09,biomass_low
True,0.0,True,0,True,2020-05-10,biomass_low
True,0.0,True,0,True,2020-05-11,biomass_low
True,0.0,True,0,True,2020-05-12,biomass_low
True,0.0,True,0,True,2020-05-13,biomass_low
True,0.0,True,0,True,2020-05-14,biomass_low
True,0.0,True,0,True,2020-05-15,biomass_low
True,0.0,True,0,True,2020-05-16,biomass_low
True,0.0,True,0,True,2020-05-17,biomass_low
True,0.0,True,0,True,2020-05-18,biomass_low
True,0.0,True,0,True,2020-05-19,biomass_low
True,0.0,True,0,True,2020-05-20,biomass_low
True,0.0,True,0,True,2020-05-21,biomass_low
True,0.0,True,0,True,2020-05-22,biomass_low
True,0.0,True,0,True,2020-05-23,biomass_low
True,0.0,True,0,True,2020-05-24,biomass_low
True,0.0,True,0,True,2020-05-25,biomass_low
True,0.0,True,0,True,2020-05-26,biomass_low
True,0.0,True,0,True,2020-05-27,biomass_low
True,0.0,True,0,True,2020-05-28,biomass_low
True,0.0,True,0,True,2020-05-29,biomass_low
True,0.0,True,0,True,2020-05-30,biomass_low
True,0.0,True,0,True,2020-05-31,biomass_low
True,0.0,True,0,True,2020-06-01,biomass_low
True,0.0,True,0,True,2020-06-02,biomass_low
True,0.0,True,0,True,2020-06-03,biomass_low
True,0.0,True,0,True,2020-06-04,biomass_low
True,0.0,True,0,True,2020-06-05,biomass_low
True,0.0,True,0,True,2020-06-06,biomass_low
True,0.0,True,0,True,2020-06-07,biomass_low
True,0.0,True,0,True,2020-06-08,biomass_low
True,0.0,True,0,True,2020-06-09,biomass_low
True,0.0,True,0,True,2020-06-10,biomass_low
True,0.0,True,0,True,2020-06-11,biomass_low
True,0.0,True,0,True,2020-06-12,biomass_low
True,0.0,True,0,True,2020-06-13,biomass_low
True,0.0,True,0,True,2020-06-14,biomass_low
True,0.0,True,0,True,2020-06-15,biomass_low
True,0.0,True,0,True,2020-06-16,biomass_low
True,0.0,True,0,True,2020-06-17,biomass_low
True,0.0,True,0,True,2020-06-18,biomass_low
True,0.0,True,0,True,2020-06-19,biomass_low
True,0.0,True,0,True,2020-06-20,biomass_low
True,0.0,True,0,True,2020-06-21,biomass_low
True,0.0,True,0,True,2020-06-22,biomass_low
True,0.0,True,0,True,2020-06-23,biomass_low
True,0.0,True,0,True,2020-06-24,biomass_low
True,0.0,True,0,True,2020-06-25,biomass_low
True,0.0,True,0,True,2020-06-26,biomass_low
True,0.0,True,0,True,2020-06-27,biomass_low
True,0.0,True,0,True,2020-06-28,biomass_low
True,0.0,True,0,True,2020-06-29,biomass_low
True,0.0,True,0,True,2020-06-30,biomass_low
True,0.0,True,0,True,2020-07-01,biomass_low
True,0.0,True,0,True,2020-07-02,biomass_low
True,0.0,True,0,True,2020-07-03,biomass_low
True,0.0,True,0,True,2020-07-04,biomass_low
True,0.0,True,0,True,2020-07-05,biomass_low
True,0.0,True,0,True,2020-07-06,biomass_low
True,0.0,True,0,True,2020-07-07,biomass_low
True,0.0,True,0,True,2020-07-08,biomass_low
True,0.0,True,0,True,2020-07-09,biomass_low
True,0.0,True,0,True,2020-07-10,biomass_low
True,0.0,True,0,True,2020-07-11,biomass_low
True,0.0,True,0,True,2020-07-12,biomass_low
True,0.0,True,0,True,2020-07-13,biomass_low
True,0.0,True,0,True,2020-07-14,biomass_low
True,0.0,True,0,True,2020-07-15,biomass_low
True,0.0,True,0,True,2020-07-16,biomass_low
True,0.0,True,0,True,2020-07-17,biomass_low
True,0.0,True,0,True,2020-07-18,biomass_low
True,0.0,True,0,True,2020-07-19,biomass_low
True,0.0,True,0,True,2020-07-20,biomass_low
True,0.0,True,0,True,2020-07-21,biomass_low
True,0.0,True,0,True,2020-07-22,biomass_low
True,0.0,True,0,True,2020-07-23,biomass_low
True,0.0,True,0,True,2020-07-24,biomass_low
True,0.0,True,0,True,2020-07-25,biomass_low
True,0.0,True,0,True,2020-07-26,biomass_low
True,0.0,True,0,True,2020-07-27,biomass_low
True,0.0,True,0,True,2020-07-28,biomass_low
True,0.0,True,0,True,2020-07-29,biomass_low
True,0.0,True,0,True,2020-07-30,biomass_low
True,0.0,True,0,True,2020-07-31,biomass_low
True,0.0,True,0,True,2020-08-01,biomass_low
True,0.0,True,0,True,2020-08-02,biomass_low
True,0.0,True,0,True,2020-08-03,biomass_low
True,0.0,True,0,True,2020-08-04,biomass_low
True,0.0,True,0,True,2020-08-05,biomass_low
True,0.0,True,0,True,2020-08-06,biomass_low
True,0.0,True,0,True,2020-08-07,biomass_low
True,0.0,True,0,True,2020-08-08,biomass_low
True,0.0,True,0,True,2020-08-09,biomass_low
True,0.0,True,0,True,2020-08-10,biomass_low
True,0.0,True,0,True,2020-08-11,biomass_low
True,0.0,True,0,True,2020-08-12,biomass_low
True,0.0,True,0,True,2020-08-13,biomass_low
True,0.0,True,0,True,2020-08-14,biomass_low
True,0.0,True,0,True,2020-08-15,biomass_low
True,0.0,True,0,True,2020-08-16,biomass_low
True,0.0,True,0,True,2020-08-17,biomass_low
True,0.0,True,0,True,2020-08-18,biomass_low
True,0.0,True,0,True,2020-08-19,biomass_low
True,0.0,True,0,True,2020-08-20,biomass_low
True,0.0,True,0,True,2020-08-21,biomass_low
True,0.0,True,0,True,2020-08-22,biomass_low
True,0.0,True,0,True,2020-08-23,biomass_low
True,0.0,True,0,True,2020-08-24,biomass_low
True,0.0,True,0,True,2020-08-25,biomass_low
True,0.0,True,0,True,2020-08-26,biomass_low
True,0.0,True,0,True,2020-08-27,biomass_low
True,0.0,True,0,True,2020-08-28,biomass_low
True,0.0,True,0,True,2020-08-29,biomass_low
True,0.0,True,0,True,2020-08-30,biomass_low
True,0.0,True,0,True,2020-08-31,biomass_low
True,0.0,True,0,True,2020-09-01,biomass_low
True,0.0,True,0,True,2020-09-02,biomass_low
True,0.0,True,0,True,2020-09-03,biomass_low
True,0.0,True,0,True,2020-09-04,biomass_low
True,0.0,True,0,True,2020-09-05,biomass_low
True,0.0,True,0,True,2020-09-06,biomass_low
True,0.0,True,0,True,2020-09-07,biomass_low
True,0.0,True,0,True,2020-09-08,biomass_low
True,0.0,True,0,True,2020-09-09,biomass_low
True,0.0,True,0,True,2020-09-10,biomass_low
True,0.0,True,0,True,2020-09-11,biomass_low
True,0.0,True,0,True,2020-09-12,biomass_low
True,0.0,True,0,True,2020-09-13,biomass_low
True,0.0,True,0,True,2020-09-14,biomass_low
True,0.0,True,0,True,2020-09-15,biomass_low
True,0.0,True,0,True,2020-09-16,biomass_low
True,0.0,True,0,True,2020-09-17,biomass_low
True,0.0,True,0,True,2020-09-18,biomass_low
True,0.0,True,0,True,2020-09-19,biomass_low
True,0.0,True,0,True,2020-09-20,biomass_low
True,0.0,True,0,True,2020-09-21,biomass_low
True,0.0,True,0,True,2020-09-22,biomass_low
True,0.0,True,0,True,2020-09-23,biomass_low
True,0.0,True,0,True,2020-09-24,biomass_low
True,0.0,True,0,True,2020-09-25,biomass_low
True,0.0,True,0,True,2020-09-26,biomass_low
True,0.0,True,0,True,2020-09-27,biomass_low
True,0.0,True,0,True,2020-09-28,biomass_low
True,0.0,True,0,True,2020-09-29,biomass_low
True,0.0,True,0,True,2020-09-30,biomass_low
True,0.0,True,0,True,2020-10-01,biomass_low
True,0.0,True,0,True,2020-10-02,biomass_low
True,0.0,True,0,True,2020-10-03,biomass_low
True,0.0,True,0,True,2020-10-04,biomass_low
True,0.0,True,0,True,2020-10-05,biomass_low
True,0.0,True,0,True,2020-10-06,biomass_low
True,0.0,True,0,True,2020-10-07,biomass_low
True,0.0,True,0,True,2020-10-08,biomass_low
True,0.0,True,0,True,2020-10-09,biomass_low
True,0.0,True,0,True,2020-10-10,biomass_low
True,0.0,True,0,True,2020-10-11,biomass_low
True,0.0,True,0,True,2020-10-12,biomass_low
True,0.0,True,0,True,2020-10-13,biomass_low
True,0.0,True,0,True,2020-10-14,biomass_low
True,0.0,True,0,True,2020-10-15,biomass_low
True,0.0,True,0,True,2020-10-16,biomass_low
True,0.0,True,0,True,2020-10-17,biomass_low
True,0.0,True,0,True,2020-10-18,biomass_low
True,0.0,True,0,True,2020-10-19,biomass_low
True,0.0,True,0,True,2020-10-20,biomass_low
True,0.0,True,0,True,2020-10-21,biomass_low
True,0.0,True,0,True,2020-10-22,biomass_low
True,0.0,True,0,True,2020-10-23,biomass_low
True,0.0,True,0,True,2020-10-24,biomass_low
True,0.0,True,0,True,2020-10-25,biomass_low
True,0.0,True,0,True,2020-10-26,biomass_low
True,0.0,True,0,True,2020-10-27,biomass_low
True,0.0,True,0,True,2020-10-28,biomass_low
True,0.0,True,0,True,2020-10-29,biomass_low
True,0.0,True,0,True,2020-10-30,biomass_low
True,0.0,True,0,True,2020-10-31,biomass_low
True,0.0,True,0,True,2020-11-01,biomass_low
True,0.0,True,0,True,2020-11-02,biomass_low
True,0.0,True,0,True,2020-11-03,biomass_low
True,0.0,True,0,True,2020-11-04,biomass_low
True,0.0,True,0,True,2020-11-05,biomass_low
True,0.0,True,0,True,2020-11-06,biomass_low
True,0.0,True,0,True,2020-11-07,biomass_low
True,0.0,True,0,True,2020-11-08,biomass_low
True,0.0,True,0,True,2020-11-09,biomass_low
True,0.0,True,0,True,2020-11-10,biomass_low
True,0.0,True,0,True,2020-11-11,biomass_low
True,0.0,True,0,True,2020-11-12,biomass_low
True,0.0,True,0,True,2020-11-13,biomass_low
True,0.0,True,0,True,2020-11-14,biomass_low
True,0.0,True,0,True,2020-11-15,biomass_low
True,0.0,True,0,True,2020-11-16,biomass_low
True,0.0,True,0,True,2020-11-17,biomass_low
True,0.0,True,0,True,2020-11-18,biomass_low
True,0.0,True,0,True,2020-11-19,biomass_low
True,0.0,True,0,True,2020-11-20,biomass_low
True,0.0,True,0,True,2020-11-21,biomass_low
True,0.0,True,0,True,2020-11-22,biomass_low
True,0.0,True,0,True,2020-11-23,biomass_low
True,0.0,True,0,True,2020-11-24,biomass_low
True,0.0,True,0,True,2020-11-25,biomass_low
True,0.0,True,0,True,2020-11-26,biomass_low
True,0.0,True,0,True,2020-11-27,biomass_low
True,0.0,True,0,True,2020-11-28,biomass_low
True,0.0,True,0,True,2020-11-29,biomass_low
True,0.0,True,0,True,2020-11-30,biomass_low
True,0.0,True,0,True,2020-12-01,biomass_low
True,0.0,True,0,True,2020-12-02,biomass_low
True,0.0,True,0,True,2020-12-03,biomass_low
True,0.0,True,0,True,2020-12-04,biomass_low
True,0.0,True,0,True,2020-12-05,biomass_low
True,0.0,True,0,True,2020-12-06,biomass_low
True,0.0,True,0,True,2020-12-07,biomass_low
True,0.0,True,0,True,2020-12-08,biomass_low
True,0.0,True,0,True,2020-12-09,biomass_low
True,0.0,True,0,True,2020-12-10,biomass_low
True,0.0,True,0,True,2020-12-11,biomass_low
True,0.0,True,0,True,2020-12-12,biomass_low
True,0.0,True,0,True,2020-12-13,biomass_low
True,0.0,True,0,True,2020-12-14,biomass_low
True,0.0,True,0,True,2020-12-15,biomass_low
True,0.0,True,0,True,2020-12-16,biomass_low
True,0.0,True,0,True,2020-12-17,biomass_low
True,0.0,True,0,True,2020-12-18,biomass_low
True,0.0,True,0,True,2020-12-19,biomass_low
True,0.0,True,0,True,2020-12-20,biomass_low
True,0.0,True,0,True,2020-12-21,biomass_low
True,0.0,True,0,True,2020-12-22,biomass_low
True,0.0,True,0,True,2020-12-23,biomass_low
True,0.0,True,0,True,2020-12-24,biomass_low
True,0.0,True,0,True,2020-12-25,biomass_low
True,0.0,True,0,True,2020-12-26,biomass_low
True,0.0,True,0,True,2020-12-27,biomass_low
True,0.0,True,0,True,2020-12-28,biomass_low
True,0.0,True,0,True,2020-12-29,biomass_low
True,0.0,True,0,True,2020-12-30,biomass_low
True,0.0,True,0,True,2020-12-31,biomass_low
True,0.0,True,0,True,2021-01-01,biomass_low
True,0.0,True,0,True,2021-01-02,biomass_low
True,0.0,True,0,True,2021-01-03,biomass_low
True,0.0,True,0,True,2021-01-04,biomass_low
True,0.0,True,0,True,2021-01-05,biomass_low
True,0.0,True,0,True,2021-01-06,biomass_low
True,0.0,True,0,True,2021-01-07,biomass_low
True,0.0,True,0,True,2021-01-08,biomass_low
True,0.0,True,0,True,2021-01-09,biomass_low
True,0.0,True,0,True,2021-01-10,biomass_low
True,0.0,True,0,True,2021-01-11,biomass_low
True,0.0,True,0,True,2021-01-12,biomass_low
True,0.0,True,0,True,2021-01-13,biomass_low
True,0.0,True,0,True,2021-01-14,biomass_low
True,0.0,True,0,True,2021-01-15,biomass_low
True,0.0,True,0,True,2021-01-16,biomass_low
True,0.0,True,0,True,2021-01-17,biomass_low
True,0.0,True,0,True,2021-01-18,biomass_low
True,0.0,True,0,True,2021-01-19,biomass_low
True,0.0,True,0,True,2021-01-20,biomass_low
True,0.0,True,0,True,2021-01-21,biomass_low
True,0.0,True,0,True,2021-01-22,biomass_low
True,0.0,True,0,True,2021-01-23,biomass_low
True,0.0,True,0,True,2021-01-24,biomass_low
True,0.0,True,0,True,2021-01-25,biomass_low
True,0.0,True,0,True,2021-01-26,biomass_low
True,0.0,True,0,True,2021-01-27,biomass_low
True,0.0,True,0,True,2021-01-28,biomass_low
True,0.0,True,0,True,2021-01-29,biomass_low
True,0.0,True,0,True,2021-01-30,biomass_low
True,0.0,True,0,True,2021-01-31,biomass_low
True,0.0,True,0,True,2021-02-01,biomass_low
True,0.0,True,0,True,2021-02-02,biomass_low
True,0.0,True,0,True,2021-02-03,biomass_low
True,0.0,True,0,True,2021-02-04,biomass_low
True,0.0,True,0,True,2021-02-05,biomass_low
True,0.0,True,0,True,2021-02-06,biomass_low
True,0.0,True,0,True,2021-02-07,biomass_low
True,0.0,True,0,True,2021-02-08,biomass_low
True,0.0,True,0,True,2021-02-09,biomass_low
True,0.0,True,0,True,2021-02-10,biomass_low
True,0.0,True,0,True,2021-02-11,biomass_low
True,0.0,True,0,True,2021-02-12,biomass_low
True,0.0,True,0,True,2021-02-13,biomass_low
True,0.0,True,0,True,2021-02-14,biomass_low
True,0.0,True,0,True,2021-02-15,biomass_low
True,0.0,True,0,True,2021-02-16,biomass_low
True,0.0,True,0,True,2021-02-17,biomass_low
True,0.0,True,0,True,2021-02-18,biomass_low
True,0.0,True,0,True,2021-02-19,biomass_low
True,0.0,True,0,True,2021-02-20,biomass_low
True,0.0,True,0,True,2021-02-21,biomass_low
True,0.0,True,0,True,2021-02-22,biomass_low
True,0.0,True,0,True,2021-02-23,biomass_low
True,0.0,True,0,True,2021-02-24,biomass_low
True,0.0,True,0,True,2021-02-25,biomass_low
True,0.0,True,0,True,2021-02-26,biomass_low
True,0.0,True,0,True,2021-02-27,biomass_low
True,0.0,True,0,True,2021-02-28,biomass_low
True,0.0,True,0,True,2021-03-01,biomass_low
True,0.0,True,0,True,2021-03-02,biomass_low
True,0.0,True,0,True,2021-03-03,biomass_low
True,0.0,True,0,True,2021-03-04,biomass_low
True,0.0,True,0,True,2021-03-05,biomass_low
True,0.0,True,0,True,2021-03-06,biomass_low
True,0.0,True,0,True,2021-03-07,biomass_low
True,0.0,True,0,True,2021-03-08,biomass_low
True,0.0,True,0,True,2021-03-09,biomass_low
True,0.0,True,0,True,2021-03-10,biomass_low
True,0.0,True,0,True,2021-03-11,biomass_low
True,0.0,True,0,True,2021-03-12,biomass_low
True,0.0,True,0,True,2021-03-13,biomass_low
True,0.0,True,0,True,2021-03-14,biomass_low
True,0.0,True,0,True,2021-03-15,biomass_low
True,0.0,True,0,True,2021-03-16,biomass_low
True,0.0,True,0,True,2021-03-17,biomass_low
True,0.0,True,0,True,2021-03-18,biomass_low
True,0.0,True,0,True,2021-03-19,biomass_low
True,0.0,True,0,True,2021-03-20,biomass_low
True,0.0,True,0,True,2021-03-21,biomass_low
True,0.0,True,0,True,2021-03-22,biomass_low
True,0.0,True,0,True,2021-03-23,biomass_low
True,0.0,True,0,True,2021-03-24,biomass_low
True,0.0,True,0,True,2021-03-25,biomass_low
True,0.0,True,0,True,2021-03-26,biomass_low
True,0.0,True,0,True,2021-03-27,biomass_low
True,0.0,True,0,True,2021-03-28,biomass_low
True,0.0,True,0,True,2021-03-29,biomass_low
True,0.0,True,0,True,2021-03-30,biomass_low
True,0.0,True,0,True,2021-03-31,biomass_low
True,0.0,True,0,True,2021-04-01,biomass_low
True,0.0,True,0,True,2021-04-02,biomass_low
True,0.0,True,0,True,2021-04-03,biomass_low
True,0.0,True,0,True,2021-04-04,biomass_low
True,0.0,True,0,True,2021-04-05,biomass_low
True,0.0,True,0,True,2021-04-06,biomass_low
True,0.0,True,0,True,2021-04-07,biomass_low
True,0.0,True,0,True,2021-04-08,biomass_low
True,0.0,True,0,True,2021-04-09,biomass_low
True,0.0,True,0,True,2021-04-10,biomass_low
True,0.0,True,0,True,2021-04-11,biomass_low
True,0.0,True,0,True,2021-04-12,biomass_low
True,0.0,True,0,True,2021-04-13,biomass_low
True,0.0,True,0,True,2021-04-14,biomass_low
True,0.0,True,0,True,2021-04-15,biomass_low
True,0.0,True,0,True,2021-04-16,biomass_low
True,0.0,True,0,True,2021-04-17,biomass_low
True,0.0,True,0,True,2021-04-18,biomass_low
True,0.0,True,0,True,2021-04-19,biomass_low
True,0.0,True,0,True,2021-04-20,biomass_low
True,0.0,True,0,True,2021-04-21,biomass_low
True,0.0,True,0,True,2021-04-22,biomass_low
True,0.0,True,0,True,2021-04-23,biomass_low
True,0.0,True,0,True,2021-04-24,biomass_low
True,0.0,True,0,True,2021-04-25,biomass_low
True,0.0,True,0,True,2021-04-26,biomass_low
True,0.0,True,0,True,2021-04-27,biomass_low
True,0.0,True,0,True,2021-04-28,biomass_low
True,0.0,True,0,True,2021-04-29,biomass_low
True,0.0,True,0,True,2021-04-30,biomass_low
True,0.0,True,0,True,2021-05-01,biomass_low
True,0.0,True,0,True,2021-05-02,biomass_low
True,0.0,True,0,True,2021-05-03,biomass_low
True,0.0,True,0,True,2021-05-04,biomass_low
True,0.0,True,0,True,2021-05-05,biomass_low
True,0.0,True,0,True,2021-05-06,biomass_low
True,0.0,True,0,True,2021-05-07,biomass_low
True,0.0,True,0,True,2021-05-08,biomass_low
True,0.0,True,0,True,2021-05-09,biomass_low
True,0.0,True,0,True,2021-05-10,biomass_low
True,0.0,True,0,True,2021-05-11,biomass_low
True,0.0,True,0,True,2021-05-12,biomass_low
True,0.0,True,0,True,2021-05-13,biomass_low
True,0.0,True,0,True,2021-05-14,biomass_low
True,0.0,True,0,True,2021-05-15,biomass_low
True,0.0,True,0,True,2021-05-16,biomass_low
True,0.0,True,0,True,2021-05-17,biomass_low
True,0.0,True,0,True,2021-05-18,biomass_low
True,0.0,True,0,True,2021-05-19,biomass_low
True,0.0,True,0,True,2021-05-20,biomass_low
True,0.0,True,0,True,2021-05-21,biomass_low
True,0.0,True,0,True,2021-05-22,biomass_low
True,0.0,True,0,True,2021-05-23,biomass_low
True,0.0,True,0,True,2021-05-24,biomass_low
True,0.0,True,0,True,2021-05-25,biomass_low
True,0.0,True,0,True,2021-05-26,biomass_low
True,0.0,True,0,True,2021-05-27,biomass_low
True,0.0,True,0,True,2021-05-28,biomass_low
True,0.0,True,0,True,2021-05-29,biomass_low
True,0.0,True,0,True,2021-05-30,biomass_low
True,0.0,True,0,True,2021-05-31,biomass_low
True,0.0,True,0,True,2021-06-01,biomass_low
True,0.0,True,0,True,2021-06-02,biomass_low
True,0.0,True,0,True,2021-06-03,biomass_low
True,0.0,True,0,True,2021-06-04,biomass_low
True,0.0,True,0,True,2021-06-05,biomass_low
True,0.0,True,0,True,2021-06-06,biomass_low
True,0.0,True,0,True,2021-06-07,biomass_low
True,0.0,True,0,True,2021-06-08,biomass_low
True,0.0,True,0,True,2021-06-09,biomass_low
True,0.0,True,0,True,2021-06-10,biomass_low
True,0.0,True,0,True,2021-06-11,biomass_low
True,0.0,True,0,True,2021-06-12,biomass_low
True,0.0,True,0,True,2021-06-13,biomass_low
True,0.0,True,0,True,2021-06-14,biomass_low
True,0.0,True,0,True,2021-06-15,biomass_low
True,0.0,True,0,True,2021-06-16,biomass_low
True,0.0,True,0,True,2021-06-17,biomass_low
True,0.0,True,0,True,2021-06-18,biomass_low
True,0.0,True,0,True,2021-06-19,biomass_low
True,0.0,True,0,True,2021-06-20,biomass_low
True,0.0,True,0,True,2021-06-21,biomass_low
True,0.0,True,0,True,2021-06-22,biomass_low
True,0.0,True,0,True,2021-06-23,biomass_low
True,0.0,True,0,True,2021-06-24,biomass_low
True,0.0,True,0,True,2021-06-25,biomass_low
True,0.0,True,0,True,2021-06-26,biomass_low
True,0.0,True,0,True,2021-06-27,biomass_low
True,0.0,True,0,True,2021-06-28,biomass_low
True,0.0,True,0,True,2021-06-29,biomass_low
True,0.0,True,0,True,2021-06-30,biomass_low
True,0.0,True,0,True,2021-07-01,biomass_low
True,0.0,True,0,True,2021-07-02,biomass_low
True,0.0,True,0,True,2021-07-03,biomass_low
True,0.0,True,0,True,2021-07-04,biomass_low
True,0.0,True,0,True,2021-07-05,biomass_low
True,0.0,True,0,True,2021-07-06,biomass_low
True,0.0,True,0,True,2021-07-07,biomass_low
True,0.0,True,0,True,2021-07-08,biomass_low
True,0.0,True,0,True,2021-07-09,biomass_low
True,0.0,True,0,True,2021-07-10,biomass_low
True,0.0,True,0,True,2021-07-11,biomass_low
True,0.0,True,0,True,2021-07-12,biomass_low
True,0.0,True,0,True,2021-07-13,biomass_low
True,0.0,True,0,True,2021-07-14,biomass_low
True,0.0,True,0,True,2021-07-15,biomass_low
True,0.0,True,0,True,2021-07-16,biomass_low
True,0.0,True,0,True,2021-07-17,biomass_low
True,0.0,True,0,True,2021-07-18,biomass_low
True,0.0,True,0,True,2021-07-19,biomass_low
True,0.0,True,0,True,2021-07-20,biomass_low
True,0.0,True,0,True,2021-07-21,biomass_low
True,0.0,True,0,True,2021-07-22,biomass_low
True,0.0,True,0,True,2021-07-23,biomass_low
True,0.0,True,0,True,2021-07-24,biomass_low
True,0.0,True,0,True,2021-07-25,biomass_low
True,0.0,True,0,True,2021-07-26,biomass_low
True,0.0,True,0,True,2021-07-27,biomass_low
True,0.0,True,0,True,2021-07-28,biomass_low
True,0.0,True,0,True,2021-07-29,biomass_low
True,0.0,True,0,True,2021-07-30,biomass_low
True,0.0,True,0,True,2021-07-31,biomass_low
True,0.0,True,0,True,2021-08-01,biomass_low
True,0.0,True,0,True,2021-08-02,biomass_low
True,0.0,True,0,True,2021-08-03,biomass_low
True,0.0,True,0,True,2021-08-04,biomass_low
True,0.0,True,0,True,2021-08-05,biomass_low
True,0.0,True,0,True,2021-08-06,biomass_low
True,0.0,True,0,True,2021-08-07,biomass_low
True,0.0,True,0,True,2021-08-08,biomass_low
True,0.0,True,0,True,2021-08-09,biomass_low
True,0.0,True,0,True,2021-08-10,biomass_low
True,0.0,True,0,True,2021-08-11,biomass_low
True,0.0,True,0,True,2021-08-12,biomass_low
True,0.0,True,0,True,2021-08-13,biomass_low
True,0.0,True,0,True,2021-08-14,biomass_low
True,0.0,True,0,True,2021-08-15,biomass_low
True,0.0,True,0,True,2021-08-16,biomass_low
True,0.0,True,0,True,2021-08-17,biomass_low
True,0.0,True,0,True,2021-08-18,biomass_low
True,0.0,True,0,True,2021-08-19,biomass_low
True,0.0,True,0,True,2021-08-20,biomass_low
True,0.0,True,0,True,2021-08-21,biomass_low
True,0.0,True,0,True,2021-08-22,biomass_low
True,0.0,True,0,True,2021-08-23,biomass_low
True,0.0,True,0,True,2021-08-24,biomass_low
True,0.0,True,0,True,2021-08-25,biomass_low
True,0.0,True,0,True,2021-08-26,biomass_low
True,0.0,True,0,True,2021-08-27,biomass_low
True,0.0,True,0,True,2021-08-28,biomass_low
True,0.0,True,0,True,2021-08-29,biomass_low
True,0.0,True,0,True,2021-08-30,biomass_low
True,0.0,True,0,True,2021-08-31,biomass_low
True,0.0,True,0,True,2021-09-01,biomass_low
True,0.0,True,0,True,2021-09-02,biomass_low
True,0.0,True,0,True,2021-09-03,biomass_low
True,0.0,True,0,True,2021-09-04,biomass_low
True,0.0,True,0,True,2021-09-05,biomass_low
True,0.0,True,0,True,2021-09-06,biomass_low
True,0.0,True,0,True,2021-09-07,biomass_low
True,0.0,True,0,True,2021-09-08,biomass_low
True,0.0,True,0,True,2021-09-09,biomass_low
True,0.0,True,0,True,2021-09-10,biomass_low
True,0.0,True,0,True,2021-09-11,biomass_low
True,0.0,True,0,True,2021-09-12,biomass_low
True,0.0,True,0,True,2021-09-13,biomass_low
True,0.0,True,0,True,2021-09-14,biomass_low
True,0.0,True,0,True,2021-09-15,biomass_low
True,0.0,True,0,True,2021-09-16,biomass_low
True,0.0,True,0,True,2021-09-17,biomass_low
True,0.0,True,0,True,2021-09-18,biomass_low
True,0.0,True,0,True,2021-09-19,biomass_low
True,0.0,True,0,True,2021-09-20,biomass_low
True,0.0,True,0,True,2021-09-21,biomass_low
True,0.0,True,0,True,2021-09-22,biomass_low
True,0.0,True,0,True,2021-09-23,biomass_low
True,0.0,True,0,True,2021-09-24,biomass_low
True,0.0,True,0,True,2021-09-25,biomass_low
True,0.0,True,0,True,2021-09-26,biomass_low
True,0.0,True,0,True,2021-09-27,biomass_low
True,0.0,True,0,True,2021-09-28,biomass_low
True,0.0,True,0,True,2021-09-29,biomass_low
True,0.0,True,0,True,2021-09-30,biomass_low
True,0.0,True,0,True,2021-10-01,biomass_low
True,0.0,True,0,True,2021-10-02,biomass_low
True,0.0,True,0,True,2021-10-03,biomass_low
True,0.0,True,0,True,2021-10-04,biomass_low
True,0.0,True,0,True,2021-10-05,biomass_low
True,0.0,True,0,True,2021-10-06,biomass_low
True,0.0,True,0,True,2021-10-07,biomass_low
True,0.0,True,0,True,2021-10-08,biomass_low
True,0.0,True,0,True,2021-10-09,biomass_low
True,0.0,True,0,True,2021-10-10,biomass_low
True,0.0,True,0,True,2021-10-11,biomass_low
True,0.0,True,0,True,2021-10-12,biomass_low
True,0.0,True,0,True,2021-10-13,biomass_low
True,0.0,True,0,True,2021-10-14,biomass_low
True,0.0,True,0,True,2021-10-15,biomass_low
True,0.0,True,0,True,2021-10-16,biomass_low
True,0.0,True,0,True,2021-10-17,biomass_low
True,0.0,True,0,True,2021-10-18,biomass_low
True,0.0,True,0,True,2021-10-19,biomass_low
True,0.0,True,0,True,2021-10-20,biomass_low
True,0.0,True,0,True,2021-10-21,biomass_low
True,0.0,True,0,True,2021-10-22,biomass_low
True,0.0,True,0,True,2021-10-23,biomass_low
True,0.0,True,0,True,2021-10-24,biomass_low
True,0.0,True,0,True,2021-10-25,biomass_low
True,0.0,True,0,True,2021-10-26,biomass_low
True,0.0,True,0,True,2021-10-27,biomass_low
True,0.0,True,0,True,2021-10-28,biomass_low
True,0.0,True,0,True,2021-10-29,biomass_low
True,0.0,True,0,True,2021-10-30,biomass_low
True,0.0,True,0,True,2021-10-31,biomass_low
True,0.0,True,0,True,2021-11-01,biomass_low
True,0.0,True,0,True,2021-11-02,biomass_low
True,0.0,True,0,True,2021-11-03,biomass_low
True,0.0,True,0,True,2021-11-04,biomass_low
True,0.0,True,0,True,2021-11-05,biomass_low
True,0.0,True,0,True,2021-11-06,biomass_low
True,0.0,True,0,True,2021-11-07,biomass_low
True,0.0,True,0,True,2021-11-08,biomass_low
True,0.0,True,0,True,2021-11-09,biomass_low
True,0.0,True,0,True,2021-11-10,biomass_low
True,0.0,True,0,True,2021-11-11,biomass_low
True,0.0,True,0,True,2021-11-12,biomass_low
True,0.0,True,0,True,2021-11-13,biomass_low
True,0.0,True,0,True,2021-11-14,biomass_low
True,0.0,True,0,True,2021-11-15,biomass_low
True,0.0,True,0,True,2021-11-16,biomass_low
True,0.0,True,0,True,2021-11-17,biomass_low
True,0.0,True,0,True,2021-11-18,biomass_low
True,0.0,True,0,True,2021-11-19,biomass_low
True,0.0,True,0,True,2021-11-20,biomass_low
True,0.0,True,0,True,2021-11-21,biomass_low
True,0.0,True,0,True,2021-11-22,biomass_low
True,0.0,True,0,True,2021-11-23,biomass_low
True,0.0,True,0,True,2021-11-24,biomass_low
True,0.0,True,0,True,2021-11-25,biomass_low
True,0.0,True,0,True,2021-11-26,biomass_low
True,0.0,True,0,True,2021-11-27,biomass_low
True,0.0,True,0,True,2021-11-28,biomass_low
True,0.0,True,0,True,2021-11-29,biomass_low
True,0.0,True,0,True,2021-11-30,biomass_low
True,0.0,True,0,True,2021-12-01,biomass_low
True,0.0,True,0,True,2021-12-02,biomass_low
True,0.0,True,0,True,2021-12-03,biomass_low
True,0.0,True,0,True,2021-12-04,biomass_low
True,0.0,True,0,True,2021-12-05,biomass_low
True,0.0,True,0,True,2021-12-06,biomass_low
True,0.0,True,0,True,2021-12-07,biomass_low
True,0.0,True,0,True,2021-12-08,biomass_low
True,0.0,True,0,True,2021-12-09,biomass_low
True,0.0,True,0,True,2021-12-10,biomass_low
True,0.0,True,0,True,2021-12-11,biomass_low
True,0.0,True,0,True,2021-12-12,biomass_low
True,0.0,True,0,True,2021-12-13,biomass_low
True,0.0,True,0,True,2021-12-14,biomass_low
True,0.0,True,0,True,2021-12-15,biomass_low
True,0.0,True,0,True,2021-12-16,biomass_low
True,0.0,True,0,True,2021-12-17,biomass_low
True,0.0,True,0,True,2021-12-18,biomass_low
True,0.0,True,0,True,2021-12-19,biomass_low
True,0.0,True,0,True,2021-12-20,biomass_low
True,0.0,True,0,True,2021-12-21,biomass_low
True,0.0,True,0,True,2021-12-22,biomass_low
True,0.0,True,0,True,2021-12-23,biomass_low
True,0.0,True,0,True,2021-12-24,biomass_low
True,0.0,True,0,True,2021-12-25,biomass_low
True,0.0,True,0,True,2021-12-26,biomass_low
True,0.0,True,0,True,2021-12-27,biomass_low
True,0.0,True,0,True,2021-12-28,biomass_low
True,0.0,True,0,True,2021-12-29,biomass_low
True,0.0,True,0,True,2021-12-30,biomass_low
True,0.0,True,0,True,2021-12-31,biomass_low
True,0.0,True,0,True,2022-01-01,biomass_low
True,0.0,True,0,True,2022-01-02,biomass_low
True,0.0,True,0,True,2022-01-03,biomass_low
True,0.0,True,0,True,2022-01-04,biomass_low
True,0.0,True,0,True,2022-01-05,biomass_low
True,0.0,True,0,True,2022-01-06,biomass_low
True,0.0,True,0,True,2022-01-07,biomass_low
True,0.0,True,0,True,2022-01-08,biomass_low
True,0.0,True,0,True,2022-01-09,biomass_low
True,0.0,True,0,True,2022-01-10,biomass_low
True,0.0,True,0,True,2022-01-11,biomass_low
True,0.0,True,0,True,2022-01-12,biomass_low
True,0.0,True,0,True,2022-01-13,biomass_low
True,0.0,True,0,True,2022-01-14,biomass_low
True,0.0,True,0,True,2022-01-15,biomass_low
True,0.0,True,0,True,2022-01-16,biomass_low
True,0.0,True,0,True,2022-01-17,biomass_low
True,0.0,True,0,True,2022-01-18,biomass_low
True,0.0,True,0,True,2022-01-19,biomass_low
True,0.0,True,0,True,2022-01-20,biomass_low
True,0.0,True,0,True,2022-01-21,biomass_low
True,0.0,True,0,True,2022-01-22,biomass_low
True,0.0,True,0,True,2022-01-23,biomass_low
True,0.0,True,0,True,2022-01-24,biomass_low
True,0.0,True,0,True,2022-01-25,biomass_low
True,0.0,True,0,True,2022-01-26,biomass_low
True,0.0,True,0,True,2022-01-27,biomass_low
True,0.0,True,0,True,2022-01-28,biomass_low
True,0.0,True,0,True,2022-01-29,biomass_low
True,0.0,True,0,True,2022-01-30,biomass_low
True,0.0,True,0,True,2022-01-31,biomass_low
True,0.0,True,0,True,2022-02-01,biomass_low
True,0.0,True,0,True,2022-02-02,biomass_low
True,0.0,True,0,True,2022-02-03,biomass_low
True,0.0,True,0,True,2022-02-04,biomass_low
True,0.0,True,0,True,2022-02-05,biomass_low
True,0.0,True,0,True,2022-02-06,biomass_low
True,0.0,True,0,True,2022-02-07,biomass_low
True,0.0,True,0,True,2022-02-08,biomass_low
True,0.0,True,0,True,2022-02-09,biomass_low
True,0.0,True,0,True,2022-02-10,biomass_low
True,0.0,True,0,True,2022-02-11,biomass_low
True,0.0,True,0,True,2022-02-12,biomass_low
True,0.0,True,0,True,2022-02-13,biomass_low
True,0.0,True,0,True,2022-02-14,biomass_low
True,0.0,True,0,True,2022-02-15,biomass_low
True,0.0,True,0,True,2022-02-16,biomass_low
True,0.0,True,0,True,2022-02-17,biomass_low
True,0.0,True,0,True,2022-02-18,biomass_low
True,0.0,True,0,True,2022-02-19,biomass_low
True,0.0,True,0,True,2022-02-20,biomass_low
True,0.0,True,0,True,2022-02-21,biomass_low
True,0.0,True,0,True,2022-02-22,biomass_low
True,0.0,True,0,True,2022-02-23,biomass_low
True,0.0,True,0,True,2022-02-24,biomass_low
True,0.0,True,0,True,2022-02-25,biomass_low
True,0.0,True,0,True,2022-02-26,biomass_low
True,0.0,True,0,True,2022-02-27,biomass_low
True,0.0,True,0,True,2022-02-28,biomass_low
True,0.0,True,0,True,2022-03-01,biomass_low
True,0.0,True,0,True,2022-03-02,biomass_low
True,0.0,True,0,True,2022-03-03,biomass_low
True,0.0,True,0,True,2022-03-04,biomass_low
True,0.0,True,0,True,2022-03-05,biomass_low
True,0.0,True,0,True,2022-03-06,biomass_low
True,0.0,True,0,True,2022-03-07,biomass_low
True,0.0,True,0,True,2022-03-08,biomass_low
True,0.0,True,0,True,2022-03-09,biomass_low
True,0.0,True,0,True,2022-03-10,biomass_low
True,0.0,True,0,True,2022-03-11,biomass_low
True,0.0,True,0,True,2022-03-12,biomass_low
True,0.0,True,0,True,2022-03-13,biomass_low
True,0.0,True,0,True,2022-03-14,biomass_low
True,0.0,True,0,True,2022-03-15,biomass_low
True,0.0,True,0,True,2022-03-16,biomass_low
True,0.0,True,0,True,2022-03-17,biomass_low
True,0.0,True,0,True,2022-03-18,biomass_low
True,0.0,True,0,True,2022-03-19,biomass_low
True,0.0,True,0,True,2022-03-20,biomass_low
True,0.0,True,0,True,2022-03-21,biomass_low
True,0.0,True,0,True,2022-03-22,biomass_low
True,0.0,True,0,True,2022-03-23,biomass_low
True,0.0,True,0,True,2022-03-24,biomass_low
True,0.0,True,0,True,2022-03-25,biomass_low
True,0.0,True,0,True,2022-03-26,biomass_low
True,0.0,True,0,True,2022-03-27,biomass_low
True,0.0,True,0,True,2022-03-28,biomass_low
True,0.0,True,0,True,2022-03-29,biomass_low
True,0.0,True,0,True,2022-03-30,biomass_low
True,0.0,True,0,True,2022-03-31,biomass_low
True,0.0,True,0,True,2022-04-01,biomass_low
True,0.0,True,0,True,2022-04-02,biomass_low
True,0.0,True,0,True,2022-04-03,biomass_low
True,0.0,True,0,True,2022-04-04,biomass_low
True,0.0,True,0,True,2022-04-05,biomass_low
True,0.0,True,0,True,2022-04-06,biomass_low
True,0.0,True,0,True,2022-04-07,biomass_low
True,0.0,True,0,True,2022-04-08,biomass_low
True,0.0,True,0,True,2022-04-09,biomass_low
True,0.0,True,0,True,2022-04-10,biomass_low
True,0.0,True,0,True,2022-04-11,biomass_low
True,0.0,True,0,True,2022-04-12,biomass_low
True,0.0,True,0,True,2022-04-13,biomass_low
True,0.0,True,0,True,2022-04-14,biomass_low
True,0.0,True,0,True,2022-04-15,biomass_low
True,0.0,True,0,True,2022-04-16,biomass_low
True,0.0,True,0,True,2022-04-17,biomass_low
True,0.0,True,0,True,2022-04-18,biomass_low
True,0.0,True,0,True,2022-04-19,biomass_low
True,0.0,True,0,True,2022-04-20,biomass_low
True,0.0,True,0,True,2022-04-21,biomass_low
True,0.0,True,0,True,2022-04-22,biomass_low
True,0.0,True,0,True,2022-04-23,biomass_low
True,0.0,True,0,True,2022-04-24,biomass_low
True,0.0,True,0,True,2022-04-25,biomass_low
True,0.0,True,0,True,2022-04-26,biomass_low
True,0.0,True,0,True,2022-04-27,biomass_low
True,0.0,True,0,True,2022-04-28,biomass_low
True,0.0,True,0,True,2022-04-29,biomass_low
True,0.0,True,0,True,2022-04-30,biomass_low
True,0.0,True,0,True,2022-05-01,biomass_low
True,0.0,True,0,True,2022-05-02,biomass_low
True,0.0,True,0,True,2022-05-03,biomass_low
True,0.0,True,0,True,2022-05-04,biomass_low
True,0.0,True,0,True,2022-05-05,biomass_low
True,0.0,True,0,True,2022-05-06,biomass_low
True,0.0,True,0,True,2022-05-07,biomass_low
True,0.0,True,0,True,2022-05-08,biomass_low
True,0.0,True,0,True,2022-05-09,biomass_low
True,0.0,True,0,True,2022-05-10,biomass_low
True,0.0,True,0,True,2022-05-11,biomass_low
True,0.0,True,0,True,2022-05-12,biomass_low
True,0.0,True,0,True,2022-05-13,biomass_low
True,0.0,True,0,True,2022-05-14,biomass_low
True,0.0,True,0,True,2022-05-15,biomass_low
True,0.0,True,0,True,2022-05-16,biomass_low
True,0.0,True,0,True,2022-05-17,biomass_low
True,0.0,True,0,True,2022-05-18,biomass_low
True,0.0,True,0,True,2022-05-19,biomass_low
True,0.0,True,0,True,2022-05-20,biomass_low
True,0.0,True,0,True,2022-05-21,biomass_low
True,0.0,True,0,True,2022-05-22,biomass_low
True,0.0,True,0,True,2022-05-23,biomass_low
True,0.0,True,0,True,2022-05-24,biomass_low
True,0.0,True,0,True,2022-05-25,biomass_low
True,0.0,True,0,True,2022-05-26,biomass_low
True,0.0,True,0,True,2022-05-27,biomass_low
True,0.0,True,0,True,2022-05-28,biomass_low
True,0.0,True,0,True,2022-05-29,biomass_low
True,0.0,True,0,True,2022-05-30,biomass_low
True,0.0,True,0,True,2022-05-31,biomass_low
True,0.0,True,0,True,2022-06-01,biomass_low
True,0.0,True,0,True,2022-06-02,biomass_low
True,0.0,True,0,True,2022-06-03,biomass_low
True,0.0,True,0,True,2022-06-04,biomass_low
True,0.0,True,0,True,2022-06-05,biomass_low
True,0.0,True,0,True,2022-06-06,biomass_low
True,0.0,True,0,True,2022-06-07,biomass_low
True,0.0,True,0,True,2022-06-08,biomass_low
True,0.0,True,0,True,2022-06-09,biomass_low
True,0.0,True,0,True,2022-06-10,biomass_low
True,0.0,True,0,True,2022-06-11,biomass_low
True,0.0,True,0,True,2022-06-12,biomass_low
True,0.0,True,0,True,2022-06-13,biomass_low
True,0.0,True,0,True,2022-06-14,biomass_low
True,0.0,True,0,True,2022-06-15,biomass_low
True,0.0,True,0,True,2022-06-16,biomass_low
True,0.0,True,0,True,2022-06-17,biomass_low
True,0.0,True,0,True,2022-06-18,biomass_low
True,0.0,True,0,True,2022-06-19,biomass_low
True,0.0,True,0,True,2022-06-20,biomass_low
True,0.0,True,0,True,2022-06-21,biomass_low
True,0.0,True,0,True,2022-06-22,biomass_low
True,0.0,True,0,True,2022-06-23,biomass_low
True,0.0,True,0,True,2022-06-24,biomass_low
True,0.0,True,0,True,2022-06-25,biomass_low
True,0.0,True,0,True,2022-06-26,biomass_low
True,0.0,True,0,True,2022-06-27,biomass_low
True,0.0,True,0,True,2022-06-28,biomass_low
True,0.0,True,0,True,2022-06-29,biomass_low
True,0.0,True,0,True,2022-06-30,biomass_low
True,0.0,True,0,True,2022-07-01,biomass_low
True,0.0,True,0,True,2022-07-02,biomass_low
True,0.0,True,0,True,2022-07-03,biomass_low
True,0.0,True,0,True,2022-07-04,biomass_low
True,0.0,True,0,True,2022-07-05,biomass_low
True,0.0,True,0,True,2022-07-06,biomass_low
True,0.0,True,0,True,2022-07-07,biomass_low
True,0.0,True,0,True,2022-07-08,biomass_low
True,0.0,True,0,True,2022-07-09,biomass_low
True,0.0,True,0,True,2022-07-10,biomass_low
True,0.0,True,0,True,2022-07-11,biomass_low
True,0.0,True,0,True,2022-07-12,biomass_low
True,0.0,True,0,True,2022-07-13,biomass_low
True,0.0,True,0,True,2022-07-14,biomass_low
True,0.0,True,0,True,2022-07-15,biomass_low
True,0.0,True,0,True,2022-07-16,biomass_low
True,0.0,True,0,True,2022-07-17,biomass_low
True,0.0,True,0,True,2022-07-18,biomass_low
True,0.0,True,0,True,2022-07-19,biomass_low
True,0.0,True,0,True,2022-07-20,biomass_low
True,0.0,True,0,True,2022-07-21,biomass_low
True,0.0,True,0,True,2022-07-22,biomass_low
True,0.0,True,0,True,2022-07-23,biomass_low
True,0.0,True,0,True,2022-07-24,biomass_low
True,0.0,True,0,True,2022-07-25,biomass_low
True,0.0,True,0,True,2022-07-26,biomass_low
True,0.0,True,0,True,2022-07-27,biomass_low
True,0.0,True,0,True,2022-07-28,biomass_low
True,0.0,True,0,True,2022-07-29,biomass_low
True,0.0,True,0,True,2022-07-30,biomass_low
True,0.0,True,0,True,2022-07-31,biomass_low
True,0.0,True,0,True,2022-08-01,biomass_low
True,0.0,True,0,True,2022-08-02,biomass_low
True,0.0,True,0,True,2022-08-03,biomass_low
True,0.0,True,0,True,2022-08-04,biomass_low
True,0.0,True,0,True,2022-08-05,biomass_low
True,0.0,True,0,True,2022-08-06,biomass_low
True,0.0,True,0,True,2022-08-07,biomass_low
True,0.0,True,0,True,2022-08-08,biomass_low
True,0.0,True,0,True,2022-08-09,biomass_low
True,0.0,True,0,True,2022-08-10,biomass_low
True,0.0,True,0,True,2022-08-11,biomass_low
True,0.0,True,0,True,2022-08-12,biomass_low
True,0.0,True,0,True,2022-08-13,biomass_low
True,0.0,True,0,True,2022-08-14,biomass_low
True,0.0,True,0,True,2022-08-15,biomass_low
True,0.0,True,0,True,2022-08-16,biomass_low
True,0.0,True,0,True,2022-08-17,biomass_low
True,0.0,True,0,True,2022-08-18,biomass_low
True,0.0,True,0,True,2022-08-19,biomass_low
True,0.0,True,0,True,2022-08-20,biomass_low
True,0.0,True,0,True,2022-08-21,biomass_low
True,0.0,True,0,True,2022-08-22,biomass_low
True,0.0,True,0,True,2022-08-23,biomass_low
True,0.0,True,0,True,2022-08-24,biomass_low
True,0.0,True,0,True,2022-08-25,biomass_low
True,0.0,True,0,True,2022-08-26,biomass_low
True,0.0,True,0,True,2022-08-27,biomass_low
True,0.0,True,0,True,2022-08-28,biomass_low
True,0.0,True,0,True,2022-08-29,biomass_low
True,0.0,True,0,True,2022-08-30,biomass_low
True,0.0,True,0,True,2022-08-31,biomass_low
True,0.0,True,0,True,2022-09-01,biomass_low
True,0.0,True,0,True,2022-09-02,biomass_low
True,0.0,True,0,True,2022-09-03,biomass_low
True,0.0,True,0,True,2022-09-04,biomass_low
True,0.0,True,0,True,2022-09-05,biomass_low
True,0.0,True,0,True,2022-09-06,biomass_low
True,0.0,True,0,True,2022-09-07,biomass_low
True,0.0,True,0,True,2022-09-08,biomass_low
True,0.0,True,0,True,2022-09-09,biomass_low
True,0.0,True,0,True,2022-09-10,biomass_low
True,0.0,True,0,True,2022-09-11,biomass_low
True,0.0,True,0,True,2022-09-12,biomass_low
True,0.0,True,0,True,2022-09-13,biomass_low
True,0.0,True,0,True,2022-09-14,biomass_low
True,0.0,True,0,True,2022-09-15,biomass_low
True,0.0,True,0,True,2022-09-16,biomass_low
True,0.0,True,0,True,2022-09-17,biomass_low
True,0.0,True,0,True,2022-09-18,biomass_low
True,0.0,True,0,True,2022-09-19,biomass_low
True,0.0,True,0,True,2022-09-20,biomass_low
True,0.0,True,0,True,2022-09-21,biomass_low
True,0.0,True,0,True,2022-09-22,biomass_low
True,0.0,True,0,True,2022-09-23,biomass_low
True,0.0,True,0,True,2022-09-24,biomass_low
True,0.0,True,0,True,2022-09-25,biomass_low
True,0.0,True,0,True,2022-09-26,biomass_low
True,0.0,True,0,True,2022-09-27,biomass_low
True,0.0,True,0,True,2022-09-28,biomass_low
True,0.0,True,0,True,2022-09-29,biomass_low
True,0.0,True,0,True,2022-09-30,biomass_low
True,0.0,True,0,True,2022-10-01,biomass_low
True,0.0,True,0,True,2022-10-02,biomass_low
True,0.0,True,0,True,2022-10-03,biomass_low
True,0.0,True,0,True,2022-10-04,biomass_low
True,0.0,True,0,True,2022-10-05,biomass_low
True,0.0,True,0,True,2022-10-06,biomass_low
True,0.0,True,0,True,2022-10-07,biomass_low
True,0.0,True,0,True,2022-10-08,biomass_low
True,0.0,True,0,True,2022-10-09,biomass_low
True,0.0,True,0,True,2022-10-10,biomass_low
True,0.0,True,0,True,2022-10-11,biomass_low
True,0.0,True,0,True,2022-10-12,biomass_low
True,0.0,True,0,True,2022-10-13,biomass_low
True,0.0,True,0,True,2022-10-14,biomass_low
True,0.0,True,0,True,2022-10-15,biomass_low
True,0.0,True,0,True,2022-10-16,biomass_low
True,0.0,True,0,True,2022-10-17,biomass_low
True,0.0,True,0,True,2022-10-18,biomass_low
True,0.0,True,0,True,2022-10-19,biomass_low
True,0.0,True,0,True,2022-10-20,biomass_low
True,0.0,True,0,True,2022-10-21,biomass_low
True,0.0,True,0,True,2022-10-22,biomass_low
True,0.0,True,0,True,2022-10-23,biomass_low
True,0.0,True,0,True,2022-10-24,biomass_low
True,0.0,True,0,True,2022-10-25,biomass_low
True,0.0,True,0,True,2022-10-26,biomass_low
True,0.0,True,0,True,2022-10-27,biomass_low
True,0.0,True,0,True,2022-10-28,biomass_low
True,0.0,True,0,True,2022-10-29,biomass_low
True,0.0,True,0,True,2022-10-30,biomass_low
True,0.0,True,0,True,2022-10-31,biomass_low
True,0.0,True,0,True,2022-11-01,biomass_low
True,0.0,True,0,True,2022-11-02,biomass_low
True,0.0,True,0,True,2022-11-03,biomass_low
True,0.0,True,0,True,2022-11-04,biomass_low
True,0.0,True,0,True,2022-11-05,biomass_low
True,0.0,True,0,True,2022-11-06,biomass_low
True,0.0,True,0,True,2022-11-07,biomass_low
True,0.0,True,0,True,2022-11-08,biomass_low
True,0.0,True,0,True,2022-11-09,biomass_low
True,0.0,True,0,True,2022-11-10,biomass_low
True,0.0,True,0,True,2022-11-11,biomass_low
True,0.0,True,0,True,2022-11-12,biomass_low
True,0.0,True,0,True,2022-11-13,biomass_low
True,0.0,True,0,True,2022-11-14,biomass_low
True,0.0,True,0,True,2022-11-15,biomass_low
True,0.0,True,0,True,2022-11-16,biomass_low
True,0.0,True,0,True,2022-11-17,biomass_low
True,0.0,True,0,True,2022-11-18,biomass_low
True,0.0,True,0,True,2022-11-19,biomass_low
True,0.0,True,0,True,2022-11-20,biomass_low
True,0.0,True,0,True,2022-11-21,biomass_low
True,0.0,True,0,True,2022-11-22,biomass_low
True,0.0,True,0,True,2022-11-23,biomass_low
True,0.0,True,0,True,2022-11-24,biomass_low
True,0.0,True,0,True,2022-11-25,biomass_low
True,0.0,True,0,True,2022-11-26,biomass_low
True,0.0,True,0,True,2022-11-27,biomass_low
True,0.0,True,0,True,2022-11-28,biomass_low
True,0.0,True,0,True,2022-11-29,biomass_low
True,0.0,True,0,True,2022-11-30,biomass_low
True,0.0,True,0,True,2022-12-01,biomass_low
True,0.0,True,0,True,2022-12-02,biomass_low
True,0.0,True,0,True,2022-12-03,biomass_low
True,0.0,True,0,True,2022-12-04,biomass_low
True,0.0,True,0,True,2022-12-05,biomass_low
True,0.0,True,0,True,2022-12-06,biomass_low
True,0.0,True,0,True,2022-12-07,biomass_low
True,0.0,True,0,True,2022-12-08,biomass_low
True,0.0,True,0,True,2022-12-09,biomass_low
True,0.0,True,0,True,2022-12-10,biomass_low
True,0.0,True,0,True,2022-12-11,biomass_low
True,0.0,True,0,True,2022-12-12,biomass_low
True,0.0,True,0,True,2022-12-13,biomass_low
True,0.0,True,0,True,2022-12-14,biomass_low
True,0.0,True,0,True,2022-12-15,biomass_low
True,0.0,True,0,True,2022-12-16,biomass_low
True,0.0,True,0,True,2022-12-17,biomass_low
True,0.0,True,0,True,2022-12-18,biomass_low
True,0.0,True,0,True,2022-12-19,biomass_low
True,0.0,True,0,True,2022-12-20,biomass_low
True,0.0,True,0,True,2022-12-21,biomass_low
True,0.0,True,0,True,2022-12-22,biomass_low
True,0.0,True,0,True,2022-12-23,biomass_low
True,0.0,True,0,True,2022-12-24,biomass_low
True,0.0,True,0,True,2022-12-25,biomass_low
True,0.0,True,0,True,2022-12-26,biomass_low
True,0.0,True,0,True,2022-12-27,biomass_low
True,0.0,True,0,True,2022-12-28,biomass_low
True,0.0,True,0,True,2022-12-29,biomass_low
True,0.0,True,0,True,2022-12-30,biomass_low
True,0.0,True,0,True,2022-12-31,biomass_low
True,0.0,True,0,True,2023-01-01,biomass_low
True,0.0,True,0,True,2023-01-02,biomass_low
True,0.0,True,0,True,2023-01-03,biomass_low
True,0.0,True,0,True,2023-01-04,biomass_low
True,0.0,True,0,True,2023-01-05,biomass_low
True,0.0,True,0,True,2023-01-06,biomass_low
True,0.0,True,0,True,2023-01-07,biomass_low
True,0.0,True,0,True,2023-01-08,biomass_low
True,0.0,True,0,True,2023-01-09,biomass_low
True,0.0,True,0,True,2023-01-10,biomass_low
True,0.0,True,0,True,2023-01-11,biomass_low
True,0.0,True,0,True,2023-01-12,biomass_low
True,0.0,True,0,True,2023-01-13,biomass_low
True,0.0,True,0,True,2023-01-14,biomass_low
True,0.0,True,0,True,2023-01-15,biomass_low
True,0.0,True,0,True,2023-01-16,biomass_low
True,0.0,True,0,True,2023-01-17,biomass_low
True,0.0,True,0,True,2023-01-18,biomass_low
True,0.0,True,0,True,2023-01-19,biomass_low
True,0.0,True,0,True,2023-01-20,biomass_low
True,0.0,True,0,True,2023-01-21,biomass_low
True,0.0,True,0,True,2023-01-22,biomass_low
True,0.0,True,0,True,2023-01-23,biomass_low
True,0.0,True,0,True,2023-01-24,biomass_low
True,0.0,True,0,True,2023-01-25,biomass_low
True,0.0,True,0,True,2023-01-26,biomass_low
True,0.0,True,0,True,2023-01-27,biomass_low
True,0.0,True,0,True,2023-01-28,biomass_low
True,0.0,True,0,True,2023-01-29,biomass_low
True,0.0,True,0,True,2023-01-30,biomass_low
True,0.0,True,0,True,2023-01-31,biomass_low
True,0.0,True,0,True,2023-02-01,biomass_low
True,0.0,True,0,True,2023-02-02,biomass_low
True,0.0,True,0,True,2023-02-03,biomass_low
True,0.0,True,0,True,2023-02-04,biomass_low
True,0.0,True,0,True,2023-02-05,biomass_low
True,0.0,True,0,True,2023-02-06,biomass_low
True,0.0,True,0,True,2023-02-07,biomass_low
True,0.0,True,0,True,2023-02-08,biomass_low
True,0.0,True,0,True,2023-02-09,biomass_low
True,0.0,True,0,True,2023-02-10,biomass_low
True,0.0,True,0,True,2023-02-11,biomass_low
True,0.0,True,0,True,2023-02-12,biomass_low
True,0.0,True,0,True,2023-02-13,biomass_low
True,0.0,True,0,True,2023-02-14,biomass_low
True,0.0,True,0,True,2023-02-15,biomass_low
True,0.0,True,0,True,2023-02-16,biomass_low
True,0.0,True,0,True,2023-02-17,biomass_low
True,0.0,True,0,True,2023-02-18,biomass_low
True,0.0,True,0,True,2023-02-19,biomass_low
True,0.0,True,0,True,2023-02-20,biomass_low
True,0.0,True,0,True,2023-02-21,biomass_low
True,0.0,True,0,True,2023-02-22,biomass_low
True,0.0,True,0,True,2023-02-23,biomass_low
True,0.0,True,0,True,2023-02-24,biomass_low
True,0.0,True,0,True,2023-02-25,biomass_low
True,0.0,True,0,True,2023-02-26,biomass_low
True,0.0,True,0,True,2023-02-27,biomass_low
True,0.0,True,0,True,2023-02-28,biomass_low
True,0.0,True,0,True,2023-03-01,biomass_low
True,0.0,True,0,True,2023-03-02,biomass_low
True,0.0,True,0,True,2023-03-03,biomass_low
True,0.0,True,0,True,2023-03-04,biomass_low
True,0.0,True,0,True,2023-03-05,biomass_low
True,0.0,True,0,True,2023-03-06,biomass_low
True,0.0,True,0,True,2023-03-07,biomass_low
True,0.0,True,0,True,2023-03-08,biomass_low
True,0.0,True,0,True,2023-03-09,biomass_low
True,0.0,True,0,True,2023-03-10,biomass_low
True,0.0,True,0,True,2023-03-11,biomass_low
True,0.0,True,0,True,2023-03-12,biomass_low
True,0.0,True,0,True,2023-03-13,biomass_low
True,0.0,True,0,True,2023-03-14,biomass_low
True,0.0,True,0,True,2023-03-15,biomass_low
True,0.0,True,0,True,2023-03-16,biomass_low
True,0.0,True,0,True,2023-03-17,biomass_low
True,0.0,True,0,True,2023-03-18,biomass_low
True,0.0,True,0,True,2023-03-19,biomass_low
True,0.0,True,0,True,2023-03-20,biomass_low
True,0.0,True,0,True,2023-03-21,biomass_low
True,0.0,True,0,True,2023-03-22,biomass_low
True,0.0,True,0,True,2023-03-23,biomass_low
True,0.0,True,0,True,2023-03-24,biomass_low
True,0.0,True,0,True,2023-03-25,biomass_low
True,0.0,True,0,True,2023-03-26,biomass_low
True,0.0,True,0,True,2023-03-27,biomass_low
True,0.0,True,0,True,2023-03-28,biomass_low
True,0.0,True,0,True,2023-03-29,biomass_low
True,0.0,True,0,True,2023-03-30,biomass_low
True,0.0,True,0,True,2023-03-31,biomass_low
True,0.0,True,0,True,2023-04-01,biomass_low
True,0.0,True,0,True,2023-04-02,biomass_low
True,0.0,True,0,True,2023-04-03,biomass_low
True,0.0,True,0,True,2023-04-04,biomass_low
True,0.0,True,0,True,2023-04-05,biomass_low
True,0.0,True,0,True,2023-04-06,biomass_low
True,0.0,True,0,True,2023-04-07,biomass_low
True,0.0,True,0,True,2023-04-08,biomass_low
True,0.0,True,0,True,2023-04-09,biomass_low
True,0.0,True,0,True,2023-04-10,biomass_low
True,0.0,True,0,True,2023-04-11,biomass_low
True,0.0,True,0,True,2023-04-12,biomass_low
True,0.0,True,0,True,2023-04-13,biomass_low
True,0.0,True,0,True,2023-04-14,biomass_low
True,0.0,True,0,True,2023-04-15,biomass_low
True,0.0,True,0,True,2023-04-16,biomass_low
True,0.0,True,0,True,2023-04-17,biomass_low
True,0.0,True,0,True,2023-04-18,biomass_low
True,0.0,True,0,True,2023-04-19,biomass_low
True,0.0,True,0,True,2023-04-20,biomass_low
True,0.0,True,0,True,2023-04-21,biomass_low
True,0.0,True,0,True,2023-04-22,biomass_low
True,0.0,True,0,True,2023-04-23,biomass_low
True,0.0,True,0,True,2023-04-24,biomass_low
True,0.0,True,0,True,2023-04-25,biomass_low
True,0.0,True,0,True,2023-04-26,biomass_low
True,0.0,True,0,True,2023-04-27,biomass_low
True,0.0,True,0,True,2023-04-28,biomass_low
True,0.0,True,0,True,2023-04-29,biomass_low
True,0.0,True,0,True,2023-04-30,biomass_low
True,0.0,True,0,True,2023-05-01,biomass_low
True,0.0,True,0,True,2023-05-02,biomass_low
True,0.0,True,0,True,2023-05-03,biomass_low
True,0.0,True,0,True,2023-05-04,biomass_low
True,0.0,True,0,True,2023-05-05,biomass_low
True,0.0,True,0,True,2023-05-06,biomass_low
True,0.0,True,0,True,2023-05-07,biomass_low
True,0.0,True,0,True,2023-05-08,biomass_low
True,0.0,True,0,True,2023-05-09,biomass_low
True,0.0,True,0,True,2023-05-10,biomass_low
True,0.0,True,0,True,2023-05-11,biomass_low
True,0.0,True,0,True,2023-05-12,biomass_low
True,0.0,True,0,True,2023-05-13,biomass_low
True,0.0,True,0,True,2023-05-14,biomass_low
True,0.0,True,0,True,2023-05-15,biomass_low
True,0.0,True,0,True,2023-05-16,biomass_low
True,0.0,True,0,True,2023-05-17,biomass_low
True,0.0,True,0,True,2023-05-18,biomass_low
True,0.0,True,0,True,2023-05-19,biomass_low
True,0.0,True,0,True,2023-05-20,biomass_low
True,0.0,True,0,True,2023-05-21,biomass_low
True,0.0,True,0,True,2023-05-22,biomass_low
True,0.0,True,0,True,2023-05-23,biomass_low
True,0.0,True,0,True,2023-05-24,biomass_low
True,0.0,True,0,True,2023-05-25,biomass_low
True,0.0,True,0,True,2023-05-26,biomass_low
True,0.0,True,0,True,2023-05-27,biomass_low
True,0.0,True,0,True,2023-05-28,biomass_low
True,0.0,True,0,True,2023-05-29,biomass_low
True,0.0,True,0,True,2023-05-30,biomass_low
True,0.0,True,0,True,2023-05-31,biomass_low
True,0.0,True,0,True,2023-06-01,biomass_low
True,0.0,True,0,True,2023-06-02,biomass_low
True,0.0,True,0,True,2023-06-03,biomass_low
True,0.0,True,0,True,2023-06-04,biomass_low
True,0.0,True,0,True,2023-06-05,biomass_low
True,0.0,True,0,True,2023-06-06,biomass_low
True,0.0,True,0,True,2023-06-07,biomass_low
True,0.0,True,0,True,2023-06-08,biomass_low
True,0.0,True,0,True,2023-06-09,biomass_low
True,0.0,True,0,True,2023-06-10,biomass_low
True,0.0,True,0,True,2023-06-11,biomass_low
True,0.0,True,0,True,2023-06-12,biomass_low
True,0.0,True,0,True,2023-06-13,biomass_low
True,0.0,True,0,True,2023-06-14,biomass_low
True,0.0,True,0,True,2023-06-15,biomass_low
True,0.0,True,0,True,2023-06-16,biomass_low
True,0.0,True,0,True,2023-06-17,biomass_low
True,0.0,True,0,True,2023-06-18,biomass_low
True,0.0,True,0,True,2023-06-19,biomass_low
True,0.0,True,0,True,2023-06-20,biomass_low
True,0.0,True,0,True,2023-06-21,biomass_low
True,0.0,True,0,True,2023-06-22,biomass_low
True,0.0,True,0,True,2023-06-23,biomass_low
True,0.0,True,0,True,2023-06-24,biomass_low
True,0.0,True,0,True,2023-06-25,biomass_low
True,0.0,True,0,True,2023-06-26,biomass_low
True,0.0,True,0,True,2023-06-27,biomass_low
True,0.0,True,0,True,2023-06-28,biomass_low
True,0.0,True,0,True,2023-06-29,biomass_low
True,0.0,True,0,True,2023-06-30,biomass_low
True,0.0,True,0,True,2023-07-01,biomass_low
True,0.0,True,0,True,2023-07-02,biomass_low
True,0.0,True,0,True,2023-07-03,biomass_low
True,0.0,True,0,True,2023-07-04,biomass_low
True,0.0,True,0,True,2023-07-05,biomass_low
True,0.0,True,0,True,2023-07-06,biomass_low
True,0.0,True,0,True,2023-07-07,biomass_low
True,0.0,True,0,True,2023-07-08,biomass_low
True,0.0,True,0,True,2023-07-09,biomass_low
True,0.0,True,0,True,2023-07-10,biomass_low
True,0.0,True,0,True,2023-07-11,biomass_low
True,0.0,True,0,True,2023-07-12,biomass_low
True,0.0,True,0,True,2023-07-13,biomass_low
True,0.0,True,0,True,2023-07-14,biomass_low
True,0.0,True,0,True,2023-07-15,biomass_low
True,0.0,True,0,True,2023-07-16,biomass_low
True,0.0,True,0,True,2023-07-17,biomass_low
True,0.0,True,0,True,2023-07-18,biomass_low
True,0.0,True,0,True,2023-07-19,biomass_low
True,0.0,True,0,True,2023-07-20,biomass_low
True,0.0,True,0,True,2023-07-21,biomass_low
True,0.0,True,0,True,2023-07-22,biomass_low
True,0.0,True,0,True,2023-07-23,biomass_low
True,0.0,True,0,True,2023-07-24,biomass_low
True,0.0,True,0,True,2023-07-25,biomass_low
True,0.0,True,0,True,2023-07-26,biomass_low
True,0.0,True,0,True,2023-07-27,biomass_low
True,0.0,True,0,True,2023-07-28,biomass_low
True,0.0,True,0,True,2023-07-29,biomass_low
True,0.0,True,0,True,2023-07-30,biomass_low
True,0.0,True,0,True,2023-07-31,biomass_low
True,0.0,True,0,True,2023-08-01,biomass_low
True,0.0,True,0,True,2023-08-02,biomass_low
True,0.0,True,0,True,2023-08-03,biomass_low
True,0.0,True,0,True,2023-08-04,biomass_low
True,0.0,True,0,True,2023-08-05,biomass_low
True,0.0,True,0,True,2023-08-06,biomass_low
True,0.0,True,0,True,2023-08-07,biomass_low
True,0.0,True,0,True,2023-08-08,biomass_low
True,0.0,True,0,True,2023-08-09,biomass_low
True,0.0,True,0,True,2023-08-10,biomass_low
True,0.0,True,0,True,2023-08-11,biomass_low
True,0.0,True,0,True,2023-08-12,biomass_low
True,0.0,True,0,True,2023-08-13,biomass_low
True,0.0,True,0,True,2023-08-14,biomass_low
True,0.0,True,0,True,2023-08-15,biomass_low
True,0.0,True,0,True,2023-08-16,biomass_low
True,0.0,True,0,True,2023-08-17,biomass_low
True,0.0,True,0,True,2023-08-18,biomass_low
True,0.0,True,0,True,2023-08-19,biomass_low
True,0.0,True,0,True,2023-08-20,biomass_low
True,0.0,True,0,True,2023-08-21,biomass_low
True,0.0,True,0,True,2023-08-22,biomass_low
True,0.0,True,0,True,2023-08-23,biomass_low
True,0.0,True,0,True,2023-08-24,biomass_low
True,0.0,True,0,True,2023-08-25,biomass_low
True,0.0,True,0,True,2023-08-26,biomass_low
True,0.0,True,0,True,2023-08-27,biomass_low
True,0.0,True,0,True,2023-08-28,biomass_low
True,0.0,True,0,True,2023-08-29,biomass_low
True,0.0,True,0,True,2023-08-30,biomass_low
True,0.0,True,0,True,2023-08-31,biomass_low
True,0.0,True,0,True,2023-09-01,biomass_low
True,0.0,True,0,True,2023-09-02,biomass_low
True,0.0,True,0,True,2023-09-03,biomass_low
True,0.0,True,0,True,2023-09-04,biomass_low
True,0.0,True,0,True,2023-09-05,biomass_low
True,0.0,True,0,True,2023-09-06,biomass_low
True,0.0,True,0,True,2023-09-07,biomass_low
True,0.0,True,0,True,2023-09-08,biomass_low
True,0.0,True,0,True,2023-09-09,biomass_low
True,0.0,True,0,True,2023-09-10,biomass_low
True,0.0,True,0,True,2023-09-11,biomass_low
True,0.0,True,0,True,2023-09-12,biomass_low
True,0.0,True,0,True,2023-09-13,biomass_low
True,0.0,True,0,True,2023-09-14,biomass_low
True,0.0,True,0,True,2023-09-15,biomass_low
True,0.0,True,0,True,2023-09-16,biomass_low
True,0.0,True,0,True,2023-09-17,biomass_low
True,0.0,True,0,True,2023-09-18,biomass_low
True,0.0,True,0,True,2023-09-19,biomass_low
True,0.0,True,0,True,2023-09-20,biomass_low
True,0.0,True,0,True,2023-09-21,biomass_low
True,0.0,True,0,True,2023-09-22,biomass_low
True,0.0,True,0,True,2023-09-23,biomass_low
True,0.0,True,0,True,2023-09-24,biomass_low
True,0.0,True,0,True,2023-09-25,biomass_low
True,0.0,True,0,True,2023-09-26,biomass_low
True,0.0,True,0,True,2023-09-27,biomass_low
True,0.0,True,0,True,2023-09-28,biomass_low
True,0.0,True,0,True,2023-09-29,biomass_low
True,0.0,True,0,True,2023-09-30,biomass_low
True,0.0,True,0,True,2023-10-01,biomass_low
True,0.0,True,0,True,2023-10-02,biomass_low
True,0.0,True,0,True,2023-10-03,biomass_low
True,0.0,True,0,True,2023-10-04,biomass_low
True,0.0,True,0,True,2023-10-05,biomass_low
True,0.0,True,0,True,2023-10-06,biomass_low
True,0.0,True,0,True,2023-10-07,biomass_low
True,0.0,True,0,True,2023-10-08,biomass_low
True,0.0,True,0,True,2023-10-09,biomass_low
True,0.0,True,0,True,2023-10-10,biomass_low
True,0.0,True,0,True,2023-10-11,biomass_low
True,0.0,True,0,True,2023-10-12,biomass_low
True,0.0,True,0,True,2023-10-13,biomass_low
True,0.0,True,0,True,2023-10-14,biomass_low
True,0.0,True,0,True,2023-10-15,biomass_low
True,0.0,True,0,True,2023-10-16,biomass_low
True,0.0,True,0,True,2023-10-17,biomass_low
True,0.0,True,0,True,2023-10-18,biomass_low
True,0.0,True,0,True,2023-10-19,biomass_low
True,0.0,True,0,True,2023-10-20,biomass_low
True,0.0,True,0,True,2023-10-21,biomass_low
True,0.0,True,0,True,2023-10-22,biomass_low
True,0.0,True,0,True,2023-10-23,biomass_low
True,0.0,True,0,True,2023-10-24,biomass_low
True,0.0,True,0,True,2023-10-25,biomass_low
True,0.0,True,0,True,2023-10-26,biomass_low
True,0.0,True,0,True,2023-10-27,biomass_low
True,0.0,True,0,True,2023-10-28,biomass_low
True,0.0,True,0,True,2023-10-29,biomass_low
True,0.0,True,0,True,2023-10-30,biomass_low
True,0.0,True,0,True,2023-10-31,biomass_low
True,0.0,True,0,True,2023-11-01,biomass_low
True,0.0,True,0,True,2023-11-02,biomass_low
True,0.0,True,0,True,2023-11-03,biomass_low
True,0.0,True,0,True,2023-11-04,biomass_low
True,0.0,True,0,True,2023-11-05,biomass_low
True,0.0,True,0,True,2023-11-06,biomass_low
True,0.0,True,0,True,2023-11-07,biomass_low
True,0.0,True,0,True,2023-11-08,biomass_low
True,0.0,True,0,True,2023-11-09,biomass_low
True,0.0,True,0,True,2023-11-10,biomass_low
True,0.0,True,0,True,2023-11-11,biomass_low
True,0.0,True,0,True,2023-11-12,biomass_low
True,0.0,True,0,True,2023-11-13,biomass_low
True,0.0,True,0,True,2023-11-14,biomass_low
True,0.0,True,0,True,2023-11-15,biomass_low
True,0.0,True,0,True,2023-11-16,biomass_low
True,0.0,True,0,True,2023-11-17,biomass_low
True,0.0,True,0,True,2023-11-18,biomass_low
True,0.0,True,0,True,2023-11-19,biomass_low
True,0.0,True,0,True,2023-11-20,biomass_low
True,0.0,True,0,True,2023-11-21,biomass_low
True,0.0,True,0,True,2023-11-22,biomass_low
True,0.0,True,0,True,2023-11-23,biomass_low
True,0.0,True,0,True,2023-11-24,biomass_low
True,0.0,True,0,True,2023-11-25,biomass_low
True,0.0,True,0,True,2023-11-26,biomass_low
True,0.0,True,0,True,2023-11-27,biomass_low
True,0.0,True,0,True,2023-11-28,biomass_low
True,0.0,True,0,True,2023-11-29,biomass_low
True,0.0,True,0,True,2023-11-30,biomass_low
True,0.0,True,0,True,2023-12-01,biomass_low
True,0.0,True,0,True,2023-12-02,biomass_low
True,0.0,True,0,True,2023-12-03,biomass_low
True,0.0,True,0,True,2023-12-04,biomass_low
True,0.0,True,0,True,2023-12-05,biomass_low
True,0.0,True,0,True,2023-12-06,biomass_low
True,0.0,True,0,True,2023-12-07,biomass_low
True,0.0,True,0,True,2023-12-08,biomass_low
True,0.0,True,0,True,2023-12-09,biomass_low
True,0.0,True,0,True,2023-12-10,biomass_low
True,0.0,True,0,True,2023-12-11,biomass_low
True,0.0,True,0,True,2023-12-12,biomass_low
True,0.0,True,0,True,2023-12-13,biomass_low
True,0.0,True,0,True,2023-12-14,biomass_low
True,0.0,True,0,True,2023-12-15,biomass_low
True,0.0,True,0,True,2023-12-16,biomass_low
True,0.0,True,0,True,2023-12-17,biomass_low
True,0.0,True,0,True,2023-12-18,biomass_low
True,0.0,True,0,True,2023-12-19,biomass_low
True,0.0,True,0,True,2023-12-20,biomass_low
True,0.0,True,0,True,2023-12-21,biomass_low
True,0.0,True,0,True,2023-12-22,biomass_low
True,0.0,True,0,True,2023-12-23,biomass_low
True,0.0,True,0,True,2023-12-24,biomass_low
True,0.0,True,0,True,2023-12-25,biomass_low
True,0.0,True,0,True,2023-12-26,biomass_low
True,0.0,True,0,True,2023-12-27,biomass_low
True,0.0,True,0,True,2023-12-28,biomass_low
True,0.0,True,0,True,2023-12-29,biomass_low
True,0.0,True,0,True,2023-12-30,biomass_low
True,0.0,True,0,True,2023-12-31,biomass_low
True,0.0,True,0,True,2024-01-01,biomass_low
True,0.0,True,0,True,2024-01-02,biomass_low
True,0.0,True,0,True,2024-01-03,biomass_low
True,0.0,True,0,True,2024-01-04,biomass_low
True,0.0,True,0,True,2024-01-05,biomass_low
True,0.0,True,0,True,2024-01-06,biomass_low
True,0.0,True,0,True,2024-01-07,biomass_low
True,0.0,True,0,True,2024-01-08,biomass_low
True,0.0,True,0,True,2024-01-09,biomass_low
True,0.0,True,0,True,2024-01-10,biomass_low
True,0.0,True,0,True,2024-01-11,biomass_low
True,0.0,True,0,True,2024-01-12,biomass_low
True,0.0,True,0,True,2024-01-13,biomass_low
True,0.0,True,0,True,2024-01-14,biomass_low
True,0.0,True,0,True,2024-01-15,biomass_low
True,0.0,True,0,True,2024-01-16,biomass_low
True,0.0,True,0,True,2024-01-17,biomass_low
True,0.0,True,0,True,2024-01-18,biomass_low
True,0.0,True,0,True,2024-01-19,biomass_low
True,0.0,True,0,True,2024-01-20,biomass_low
True,0.0,True,0,True,2024-01-21,biomass_low
True,0.0,True,0,True,2024-01-22,biomass_low
True,0.0,True,0,True,2024-01-23,biomass_low
True,0.0,True,0,True,2024-01-24,biomass_low
True,0.0,True,0,True,2024-01-25,biomass_low
True,0.0,True,0,True,2024-01-26,biomass_low
True,0.0,True,0,True,2024-01-27,biomass_low
True,0.0,True,0,True,2024-01-28,biomass_low
True,0.0,True,0,True,2024-01-29,biomass_low
True,0.0,True,0,True,2024-01-30,biomass_low
True,0.0,True,0,True,2024-01-31,biomass_low
True,0.0,True,0,True,2024-02-01,biomass_low
True,0.0,True,0,True,2024-02-02,biomass_low
True,0.0,True,0,True,2024-02-03,biomass_low
True,0.0,True,0,True,2024-02-04,biomass_low
True,0.0,True,0,True,2024-02-05,biomass_low
True,0.0,True,0,True,2024-02-06,biomass_low
True,0.0,True,0,True,2024-02-07,biomass_low
True,0.0,True,0,True,2024-02-08,biomass_low
True,0.0,True,0,True,2024-02-09,biomass_low
True,0.0,True,0,True,2024-02-10,biomass_low
True,0.0,True,0,True,2024-02-11,biomass_low
True,0.0,True,0,True,2024-02-12,biomass_low
True,0.0,True,0,True,2024-02-13,biomass_low
True,0.0,True,0,True,2024-02-14,biomass_low
True,0.0,True,0,True,2024-02-15,biomass_low
True,0.0,True,0,True,2024-02-16,biomass_low
True,0.0,True,0,True,2024-02-17,biomass_low
True,0.0,True,0,True,2024-02-18,biomass_low
True,0.0,True,0,True,2024-02-19,biomass_low
True,0.0,True,0,True,2024-02-20,biomass_low
True,0.0,True,0,True,2024-02-21,biomass_low
True,0.0,True,0,True,2024-02-22,biomass_low
True,0.0,True,0,True,2024-02-23,biomass_low
True,0.0,True,0,True,2024-02-24,biomass_low
True,0.0,True,0,True,2024-02-25,biomass_low
True,0.0,True,0,True,2024-02-26,biomass_low
True,0.0,True,0,True,2024-02-27,biomass_low
True,0.0,True,0,True,2024-02-28,biomass_low
True,0.0,True,0,True,2024-02-29,biomass_low
True,0.0,True,0,True,2024-03-01,biomass_low
True,0.0,True,0,True,2024-03-02,biomass_low
True,0.0,True,0,True,2024-03-03,biomass_low
True,0.0,True,0,True,2024-03-04,biomass_low
True,0.0,True,0,True,2024-03-05,biomass_low
True,0.0,True,0,True,2024-03-06,biomass_low
True,0.0,True,0,True,2024-03-07,biomass_low
True,0.0,True,0,True,2024-03-08,biomass_low
True,0.0,True,0,True,2024-03-09,biomass_low
True,0.0,True,0,True,2024-03-10,biomass_low
True,0.0,True,0,True,2024-03-11,biomass_low
True,0.0,True,0,True,2024-03-12,biomass_low
True,0.0,True,0,True,2024-03-13,biomass_low
True,0.0,True,0,True,2024-03-14,biomass_low
True,0.0,True,0,True,2024-03-15,biomass_low
True,0.0,True,0,True,2024-03-16,biomass_low
True,0.0,True,0,True,2024-03-17,biomass_low
True,0.0,True,0,True,2024-03-18,biomass_low
True,0.0,True,0,True,2024-03-19,biomass_low
True,0.0,True,0,True,2024-03-20,biomass_low
True,0.0,True,0,True,2024-03-21,biomass_low
True,0.0,True,0,True,2024-03-22,biomass_low
True,0.0,True,0,True,2024-03-23,biomass_low
True,0.0,True,0,True,2024-03-24,biomass_low
True,0.0,True,0,True,2024-03-25,biomass_low
True,0.0,True,0,True,2024-03-26,biomass_low
True,0.0,True,0,True,2024-03-27,biomass_low
True,0.0,True,0,True,2024-03-28,biomass_low
True,0.0,True,0,True,2024-03-29,biomass_low
True,0.0,True,0,True,2024-03-30,biomass_low
True,0.0,True,0,True,2024-03-31,biomass_low
True,0.0,True,0,True,2024-04-01,biomass_low
True,0.0,True,0,True,2024-04-02,biomass_low
True,0.0,True,0,True,2024-04-03,biomass_low
True,0.0,True,0,True,2024-04-04,biomass_low
True,0.0,True,0,True,2024-04-05,biomass_low
True,0.0,True,0,True,2024-04-06,biomass_low
True,0.0,True,0,True,2024-04-07,biomass_low
True,0.0,True,0,True,2024-04-08,biomass_low
True,0.0,True,0,True,2024-04-09,biomass_low
True,0.0,True,0,True,2024-04-10,biomass_low
True,0.0,True,0,True,2024-04-11,biomass_low
True,0.0,True,0,True,2024-04-12,biomass_low
True,0.0,True,0,True,2024-04-13,biomass_low
True,0.0,True,0,True,2024-04-14,biomass_low
True,0.0,True,0,True,2024-04-15,biomass_low
True,0.0,True,0,True,2024-04-16,biomass_low
True,0.0,True,0,True,2024-04-17,biomass_low
True,0.0,True,0,True,2024-04-18,biomass_low
True,0.0,True,0,True,2024-04-19,biomass_low
True,0.0,True,0,True,2024-04-20,biomass_low
True,0.0,True,0,True,2024-04-21,biomass_low
True,0.0,True,0,True,2024-04-22,biomass_low
True,0.0,True,0,True,2024-04-23,biomass_low
True,0.0,True,0,True,2024-04-24,biomass_low
True,0.0,True,0,True,2024-04-25,biomass_low
True,0.0,True,0,True,2024-04-26,biomass_low
True,0.0,True,0,True,2024-04-27,biomass_low
True,0.0,True,0,True,2024-04-28,biomass_low
True,0.0,True,0,True,2024-04-29,biomass_low
True,0.0,True,0,True,2024-04-30,biomass_low
True,0.0,True,0,True,2024-05-01,biomass_low
True,0.0,True,0,True,2024-05-02,biomass_low
True,0.0,True,0,True,2024-05-03,biomass_low
True,0.0,True,0,True,2024-05-04,biomass_low
True,0.0,True,0,True,2024-05-05,biomass_low
True,0.0,True,0,True,2024-05-06,biomass_low
True,0.0,True,0,True,2024-05-07,biomass_low
True,0.0,True,0,True,2024-05-08,biomass_low
True,0.0,True,0,True,2024-05-09,biomass_low
True,0.0,True,0,True,2024-05-10,biomass_low
True,0.0,True,0,True,2024-05-11,biomass_low
True,0.0,True,0,True,2024-05-12,biomass_low
True,0.0,True,0,True,2024-05-13,biomass_low
True,0.0,True,0,True,2024-05-14,biomass_low
True,0.0,True,0,True,2024-05-15,biomass_low
True,0.0,True,0,True,2024-05-16,biomass_low
True,0.0,True,0,True,2024-05-17,biomass_low
True,0.0,True,0,True,2024-05-18,biomass_low
True,0.0,True,0,True,2024-05-19,biomass_low
True,0.0,True,0,True,2024-05-20,biomass_low
True,0.0,True,0,True,2024-05-21,biomass_low
True,0.0,True,0,True,2024-05-22,biomass_low
True,0.0,True,0,True,2024-05-23,biomass_low
True,0.0,True,0,True,2024-05-24,biomass_low
True,0.0,True,0,True,2024-05-25,biomass_low
True,0.0,True,0,True,2024-05-26,biomass_low
True,0.0,True,0,True,2024-05-27,biomass_low
True,0.0,True,0,True,2024-05-28,biomass_low
True,0.0,True,0,True,2024-05-29,biomass_low
True,0.0,True,0,True,2024-05-30,biomass_low
True,0.0,True,0,True,2024-05-31,biomass_low
True,0.0,True,0,True,2024-06-01,biomass_low
True,0.0,True,0,True,2024-06-02,biomass_low
True,0.0,True,0,True,2024-06-03,biomass_low
True,0.0,True,0,True,2024-06-04,biomass_low
True,0.0,True,0,True,2024-06-05,biomass_low
True,0.0,True,0,True,2024-06-06,biomass_low
True,0.0,True,0,True,2024-06-07,biomass_low
True,0.0,True,0,True,2024-06-08,biomass_low
True,0.0,True,0,True,2024-06-09,biomass_low
True,0.0,True,0,True,2024-06-10,biomass_low
True,0.0,True,0,True,2024-06-11,biomass_low
True,0.0,True,0,True,2024-06-12,biomass_low
True,0.0,True,0,True,2024-06-13,biomass_low
True,0.0,True,0,True,2024-06-14,biomass_low
True,0.0,True,0,True,2024-06-15,biomass_low
True,0.0,True,0,True,2024-06-16,biomass_low
True,0.0,True,0,True,2024-06-17,biomass_low
True,0.0,True,0,True,2024-06-18,biomass_low
True,0.0,True,0,True,2024-06-19,biomass_low
True,0.0,True,0,True,2024-06-20,biomass_low
True,0.0,True,0,True,2024-06-21,biomass_low
True,0.0,True,0,True,2024-06-22,biomass_low
True,0.0,True,0,True,2024-06-23,biomass_low
True,0.0,True,0,True,2024-06-24,biomass_low
True,0.0,True,0,True,2024-06-25,biomass_low
True,0.0,True,0,True,2024-06-26,biomass_low
True,0.0,True,0,True,2024-06-27,biomass_low
True,0.0,True,0,True,2024-06-28,biomass_low
True,0.0,True,0,True,2024-06-29,biomass_low
True,0.0,True,0,True,2024-06-30,biomass_low
True,0.0,True,0,True,2024-07-01,biomass_low
True,0.0,True,0,True,2024-07-02,biomass_low
True,0.0,True,0,True,2024-07-03,biomass_low
True,0.0,True,0,True,2024-07-04,biomass_low
True,0.0,True,0,True,2024-07-05,biomass_low
True,0.0,True,0,True,2024-07-06,biomass_low
True,0.0,True,0,True,2024-07-07,biomass_low
True,0.0,True,0,True,2024-07-08,biomass_low
True,0.0,True,0,True,2024-07-09,biomass_low
True,0.0,True,0,True,2024-07-10,biomass_low
True,0.0,True,0,True,2024-07-11,biomass_low
True,0.0,True,0,True,2024-07-12,biomass_low
True,0.0,True,0,True,2024-07-13,biomass_low
True,0.0,True,0,True,2024-07-14,biomass_low
True,0.0,True,0,True,2024-07-15,biomass_low
True,0.0,True,0,True,2024-07-16,biomass_low
True,0.0,True,0,True,2024-07-17,biomass_low
True,0.0,True,0,True,2024-07-18,biomass_low
True,0.0,True,0,True,2024-07-19,biomass_low
True,0.0,True,0,True,2024-07-20,biomass_low
True,0.0,True,0,True,2024-07-21,biomass_low
True,0.0,True,0,True,2024-07-22,biomass_low
True,0.0,True,0,True,2024-07-23,biomass_low
True,0.0,True,0,True,2024-07-24,biomass_low
True,0.0,True,0,True,2024-07-25,biomass_low
True,0.0,True,0,True,2024-07-26,biomass_low
True,0.0,True,0,True,2024-07-27,biomass_low
True,0.0,True,0,True,2024-07-28,biomass_low
True,0.0,True,0,True,2024-07-29,biomass_low
True,0.0,True,0,True,2024-07-30,biomass_low
True,0.0,True,0,True,2024-07-31,biomass_low
True,0.0,True,0,True,2024-08-01,biomass_low
True,0.0,True,0,True,2024-08-02,biomass_low
True,0.0,True,0,True,2024-08-03,biomass_low
True,0.0,True,0,True,2024-08-04,biomass_low
True,0.0,True,0,True,2024-08-05,biomass_low
True,0.0,True,0,True,2024-08-06,biomass_low
True,0.0,True,0,True,2024-08-07,biomass_low
True,0.0,True,0,True,2024-08-08,biomass_low
True,0.0,True,0,True,2024-08-09,biomass_low
True,0.0,True,0,True,2024-08-10,biomass_low
True,0.0,True,0,True,2024-08-11,biomass_low
True,0.0,True,0,True,2024-08-12,biomass_low
True,0.0,True,0,True,2024-08-13,biomass_low
True,0.0,True,0,True,2024-08-14,biomass_low
True,0.0,True,0,True,2024-08-15,biomass_low
True,0.0,True,0,True,2024-08-16,biomass_low
True,0.0,True,0,True,2024-08-17,biomass_low
True,0.0,True,0,True,2024-08-18,biomass_low
True,0.0,True,0,True,2024-08-19,biomass_low
True,0.0,True,0,True,2024-08-20,biomass_low
True,0.0,True,0,True,2024-08-21,biomass_low
True,0.0,True,0,True,2024-08-22,biomass_low
True,0.0,True,0,True,2024-08-23,biomass_low
True,0.0,True,0,True,2024-08-24,biomass_low
True,0.0,True,0,True,2024-08-25,biomass_low
True,0.0,True,0,True,2024-08-26,biomass_low
True,0.0,True,0,True,2024-08-27,biomass_low
True,0.0,True,0,True,2024-08-28,biomass_low
True,0.0,True,0,True,2024-08-29,biomass_low
True,0.0,True,0,True,2024-08-30,biomass_low
True,0.0,True,0,True,2024-08-31,biomass_low
True,0.0,True,0,True,2024-09-01,biomass_low
True,0.0,True,0,True,2024-09-02,biomass_low
True,0.0,True,0,True,2024-09-03,biomass_low
True,0.0,True,0,True,2024-09-04,biomass_low
True,0.0,True,0,True,2024-09-05,biomass_low
True,0.0,True,0,True,2024-09-06,biomass_low
True,0.0,True,0,True,2024-09-07,biomass_low
True,0.0,True,0,True,2024-09-08,biomass_low
True,0.0,True,0,True,2024-09-09,biomass_low
True,0.0,True,0,True,2024-09-10,biomass_low
True,0.0,True,0,True,2024-09-11,biomass_low
True,0.0,True,0,True,2024-09-12,biomass_low
True,0.0,True,0,True,2024-09-13,biomass_low
True,0.0,True,0,True,2024-09-14,biomass_low
True,0.0,True,0,True,2024-09-15,biomass_low
True,0.0,True,0,True,2024-09-16,biomass_low
True,0.0,True,0,True,2024-09-17,biomass_low
True,0.0,True,0,True,2024-09-18,biomass_low
True,0.0,True,0,True,2024-09-19,biomass_low
True,0.0,True,0,True,2024-09-20,biomass_low
True,0.0,True,0,True,2024-09-21,biomass_low
True,0.0,True,0,True,2024-09-22,biomass_low
True,0.0,True,0,True,2024-09-23,biomass_low
True,0.0,True,0,True,2024-09-24,biomass_low
True,0.0,True,0,True,2024-09-25,biomass_low
True,0.0,True,0,True,2024-09-26,biomass_low
True,0.0,True,0,True,2024-09-27,biomass_low
True,0.0,True,0,True,2024-09-28,biomass_low
True,0.0,True,0,True,2024-09-29,biomass_low
True,0.0,True,0,True,2024-09-30,biomass_low
True,0.0,True,0,True,2024-10-01,biomass_low
True,0.0,True,0,True,2024-10-02,biomass_low
True,0.0,True,0,True,2024-10-03,biomass_low
True,0.0,True,0,True,2024-10-04,biomass_low
True,0.0,True,0,True,2024-10-05,biomass_low
True,0.0,True,0,True,2024-10-06,biomass_low
True,0.0,True,0,True,2024-10-07,biomass_low
True,0.0,True,0,True,2024-10-08,biomass_low
True,0.0,True,0,True,2024-10-09,biomass_low
True,0.0,True,0,True,2024-10-10,biomass_low
True,0.0,True,0,True,2024-10-11,biomass_low
True,0.0,True,0,True,2024-10-12,biomass_low
True,0.0,True,0,True,2024-10-13,biomass_low
True,0.0,True,0,True,2024-10-14,biomass_low
True,0.0,True,0,True,2024-10-15,biomass_low
True,0.0,True,0,True,2024-10-16,biomass_low
True,0.0,True,0,True,2024-10-17,biomass_low
True,0.0,True,0,True,2024-10-18,biomass_low
True,0.0,True,0,True,2024-10-19,biomass_low
True,0.0,True,0,True,2024-10-20,biomass_low
True,0.0,True,0,True,2024-10-21,biomass_low
True,0.0,True,0,True,2024-10-22,biomass_low
True,0.0,True,0,True,2024-10-23,biomass_low
True,0.0,True,0,True,2024-10-24,biomass_low
True,0.0,True,0,True,2024-10-25,biomass_low
True,0.0,True,0,True,2024-10-26,biomass_low
True,0.0,True,0,True,2024-10-27,biomass_low
True,0.0,True,0,True,2024-10-28,biomass_low
True,0.0,True,0,True,2024-10-29,biomass_low
True,0.0,True,0,True,2024-10-30,biomass_low
True,0.0,True,0,True,2024-10-31,biomass_low
True,0.0,True,0,True,2024-11-01,biomass_low
True,0.0,True,0,True,2024-11-02,biomass_low
True,0.0,True,0,True,2024-11-03,biomass_low
True,0.0,True,0,True,2024-11-04,biomass_low
True,0.0,True,0,True,2024-11-05,biomass_low
True,0.0,True,0,True,2024-11-06,biomass_low
True,0.0,True,0,True,2024-11-07,biomass_low
True,0.0,True,0,True,2024-11-08,biomass_low
True,0.0,True,0,True,2024-11-09,biomass_low
True,0.0,True,0,True,2024-11-10,biomass_low
True,0.0,True,0,True,2024-11-11,biomass_low
True,0.0,True,0,True,2024-11-12,biomass_low
True,0.0,True,0,True,2024-11-13,biomass_low
True,0.0,True,0,True,2024-11-14,biomass_low
True,0.0,True,0,True,2024-11-15,biomass_low
True,0.0,True,0,True,2024-11-16,biomass_low
True,0.0,True,0,True,2024-11-17,biomass_low
True,0.0,True,0,True,2024-11-18,biomass_low
True,0.0,True,0,True,2024-11-19,biomass_low
True,0.0,True,0,True,2024-11-20,biomass_low
True,0.0,True,0,True,2024-11-21,biomass_low
True,0.0,True,0,True,2024-11-22,biomass_low
True,0.0,True,0,True,2024-11-23,biomass_low
True,0.0,True,0,True,2024-11-24,biomass_low
True,0.0,True,0,True,2024-11-25,biomass_low
True,0.0,True,0,True,2024-11-26,biomass_low
True,0.0,True,0,True,2024-11-27,biomass_low
True,0.0,True,0,True,2024-11-28,biomass_low
True,0.0,True,0,True,2024-11-29,biomass_low
True,0.0,True,0,True,2024-11-30,biomass_low
True,0.0,True,0,True,2024-12-01,biomass_low
True,0.0,True,0,True,2024-12-02,biomass_low
True,0.0,True,0,True,2024-12-03,biomass_low
True,0.0,True,0,True,2024-12-04,biomass_low
True,0.0,True,0,True,2024-12-05,biomass_low
True,0.0,True,0,True,2024-12-06,biomass_low
True,0.0,True,0,True,2024-12-07,biomass_low
True,0.0,True,0,True,2024-12-08,biomass_low
True,0.0,True,0,True,2024-12-09,biomass_low
True,0.0,True,0,True,2024-12-10,biomass_low
True,0.0,True,0,True,2024-12-11,biomass_low
True,0.0,True,0,True,2024-12-12,biomass_low
True,0.0,True,0,True,2024-12-13,biomass_low
True,0.0,True,0,True,2024-12-14,biomass_low
True,0.0,True,0,True,2024-12-15,biomass_low
True,0.0,True,0,True,2024-12-16,biomass_low
True,0.0,True,0,True,2024-12-17,biomass_low
True,0.0,True,0,True,2024-12-18,biomass_low
True,0.0,True,0,True,2024-12-19,biomass_low
True,0.0,True,0,True,2024-12-20,biomass_low
True,0.0,True,0,True,2024-12-21,biomass_low
True,0.0,True,0,True,2024-12-22,biomass_low
True,0.0,True,0,True,2024-12-23,biomass_low
True,0.0,True,0,True,2024-12-24,biomass_low
True,0.0,True,0,True,2024-12-25,biomass_low
True,0.0,True,0,True,2024-12-26,biomass_low
True,0.0,True,0,True,2024-12-27,biomass_low
True,0.0,True,0,True,2024-12-28,biomass_low
True,0.0,True,0,True,2024-12-29,biomass_low
True,0.0,True,0,True,2024-12-30,biomass_low
True,0.0,True,0,True,2024-12-31,biomass_low
True,0.0,True,0,True,2020-01-01,biomass_median
True,0.0,True,0,True,2020-01-02,biomass_median
True,0.0,True,0,True,2020-01-03,biomass_median
True,0.0,True,0,True,2020-01-04,biomass_median
True,0.0,True,0,True,2020-01-05,biomass_median
True,0.0,True,0,True,2020-01-06,biomass_median
True,0.0,True,0,True,2020-01-07,biomass_median
True,0.0,True,0,True,2020-01-08,biomass_median
True,0.0,True,0,True,2020-01-09,biomass_median
True,0.0,True,0,True,2020-01-10,biomass_median
True,0.0,True,0,True,2020-01-11,biomass_median
True,0.0,True,0,True,2020-01-12,biomass_median
True,0.0,True,0,True,2020-01-13,biomass_median
True,0.0,True,0,True,2020-01-14,biomass_median
True,0.0,True,0,True,2020-01-15,biomass_median
True,0.0,True,0,True,2020-01-16,biomass_median
True,0.0,True,0,True,2020-01-17,biomass_median
True,0.0,True,0,True,2020-01-18,biomass_median
True,0.0,True,0,True,2020-01-19,biomass_median
True,0.0,True,0,True,2020-01-20,biomass_median
True,0.0,True,0,True,2020-01-21,biomass_median
True,0.0,True,0,True,2020-01-22,biomass_median
True,0.0,True,0,True,2020-01-23,biomass_median
True,0.0,True,0,True,2020-01-24,biomass_median
True,0.0,True,0,True,2020-01-25,biomass_median
True,0.0,True,0,True,2020-01-26,biomass_median
True,0.0,True,0,True,2020-01-27,biomass_median
True,0.0,True,0,True,2020-01-28,biomass_median
True,0.0,True,0,True,2020-01-29,biomass_median
True,0.0,True,0,True,2020-01-30,biomass_median
True,0.0,True,0,True,2020-01-31,biomass_median
True,0.0,True,0,True,2020-02-01,biomass_median
True,0.0,True,0,True,2020-02-02,biomass_median
True,0.0,True,0,True,2020-02-03,biomass_median
True,0.0,True,0,True,2020-02-04,biomass_median
True,0.0,True,0,True,2020-02-05,biomass_median
True,0.0,True,0,True,2020-02-06,biomass_median
True,0.0,True,0,True,2020-02-07,biomass_median
True,0.0,True,0,True,2020-02-08,biomass_median
True,0.0,True,0,True,2020-02-09,biomass_median
True,0.0,True,0,True,2020-02-10,biomass_median
True,0.0,True,0,True,2020-02-11,biomass_median
True,0.0,True,0,True,2020-02-12,biomass_median
True,0.0,True,0,True,2020-02-13,biomass_median
True,0.0,True,0,True,2020-02-14,biomass_median
True,0.0,True,0,True,2020-02-15,biomass_median
True,0.0,True,0,True,2020-02-16,biomass_median
True,0.0,True,0,True,2020-02-17,biomass_median
True,0.0,True,0,True,2020-02-18,biomass_median
True,0.0,True,0,True,2020-02-19,biomass_median
True,0.0,True,0,True,2020-02-20,biomass_median
True,0.0,True,0,True,2020-02-21,biomass_median
True,0.0,True,0,True,2020-02-22,biomass_median
True,0.0,True,0,True,2020-02-23,biomass_median
True,0.0,True,0,True,2020-02-24,biomass_median
True,0.0,True,0,True,2020-02-25,biomass_median
True,0.0,True,0,True,2020-02-26,biomass_median
True,0.0,True,0,True,2020-02-27,biomass_median
True,0.0,True,0,True,2020-02-28,biomass_median
True,0.0,True,0,True,2020-02-29,biomass_median
True,0.0,True,0,True,2020-03-01,biomass_median
True,0.0,True,0,True,2020-03-02,biomass_median
True,0.0,True,0,True,2020-03-03,biomass_median
True,0.0,True,0,True,2020-03-04,biomass_median
True,0.0,True,0,True,2020-03-05,biomass_median
True,0.0,True,0,True,2020-03-06,biomass_median
True,0.0,True,0,True,2020-03-07,biomass_median
True,0.0,True,0,True,2020-03-08,biomass_median
True,0.0,True,0,True,2020-03-09,biomass_median
True,0.0,True,0,True,2020-03-10,biomass_median
True,0.0,True,0,True,2020-03-11,biomass_median
True,0.0,True,0,True,2020-03-12,biomass_median
True,0.0,True,0,True,2020-03-13,biomass_median
True,0.0,True,0,True,2020-03-14,biomass_median
True,0.0,True,0,True,2020-03-15,biomass_median
True,0.0,True,0,True,2020-03-16,biomass_median
True,0.0,True,0,True,2020-03-17,biomass_median
True,0.0,True,0,True,2020-03-18,biomass_median
True,0.0,True,0,True,2020-03-19,biomass_median
True,0.0,True,0,True,2020-03-20,biomass_median
True,0.0,True,0,True,2020-03-21,biomass_median
True,0.0,True,0,True,2020-03-22,biomass_median
True,0.0,True,0,True,2020-03-23,biomass_median
True,0.0,True,0,True,2020-03-24,biomass_median
True,0.0,True,0,True,2020-03-25,biomass_median
True,0.0,True,0,True,2020-03-26,biomass_median
True,0.0,True,0,True,2020-03-27,biomass_median
True,0.0,True,0,True,2020-03-28,biomass_median
True,0.0,True,0,True,2020-03-29,biomass_median
True,0.0,True,0,True,2020-03-30,biomass_median
True,0.0,True,0,True,2020-03-31,biomass_median
True,0.0,True,0,True,2020-04-01,biomass_median
True,0.0,True,0,True,2020-04-02,biomass_median
True,0.0,True,0,True,2020-04-03,biomass_median
True,0.0,True,0,True,2020-04-04,biomass_median
True,0.0,True,0,True,2020-04-05,biomass_median
True,0.0,True,0,True,2020-04-06,biomass_median
True,0.0,True,0,True,2020-04-07,biomass_median
True,0.0,True,0,True,2020-04-08,biomass_median
True,0.0,True,0,True,2020-04-09,biomass_median
True,0.0,True,0,True,2020-04-10,biomass_median
True,0.0,True,0,True,2020-04-11,biomass_median
True,0.0,True,0,True,2020-04-12,biomass_median
True,0.0,True,0,True,2020-04-13,biomass_median
True,0.0,True,0,True,2020-04-14,biomass_median
True,0.0,True,0,True,2020-04-15,biomass_median
True,0.0,True,0,True,2020-04-16,biomass_median
True,0.0,True,0,True,2020-04-17,biomass_median
True,0.0,True,0,True,2020-04-18,biomass_median
True,0.0,True,0,True,2020-04-19,biomass_median
True,0.0,True,0,True,2020-04-20,biomass_median
True,0.0,True,0,True,2020-04-21,biomass_median
True,0.0,True,0,True,2020-04-22,biomass_median
True,0.0,True,0,True,2020-04-23,biomass_median
True,0.0,True,0,True,2020-04-24,biomass_median
True,0.0,True,0,True,2020-04-25,biomass_median
True,0.0,True,0,True,2020-04-26,biomass_median
True,0.0,True,0,True,2020-04-27,biomass_median
True,0.0,True,0,True,2020-04-28,biomass_median
True,0.0,True,0,True,2020-04-29,biomass_median
True,0.0,True,0,True,2020-04-30,biomass_median
True,0.0,True,0,True,2020-05-01,biomass_median
True,0.0,True,0,True,2020-05-02,biomass_median
True,0.0,True,0,True,2020-05-03,biomass_median
True,0.0,True,0,True,2020-05-04,biomass_median
True,0.0,True,0,True,2020-05-05,biomass_median
True,0.0,True,0,True,2020-05-06,biomass_median
True,0.0,True,0,True,2020-05-07,biomass_median
True,0.0,True,0,True,2020-05-08,biomass_median
True,0.0,True,0,True,2020-05-09,biomass_median
True,0.0,True,0,True,2020-05-10,biomass_median
True,0.0,True,0,True,2020-05-11,biomass_median
True,0.0,True,0,True,2020-05-12,biomass_median
True,0.0,True,0,True,2020-05-13,biomass_median
True,0.0,True,0,True,2020-05-14,biomass_median
True,0.0,True,0,True,2020-05-15,biomass_median
True,0.0,True,0,True,2020-05-16,biomass_median
True,0.0,True,0,True,2020-05-17,biomass_median
True,0.0,True,0,True,2020-05-18,biomass_median
True,0.0,True,0,True,2020-05-19,biomass_median
True,0.0,True,0,True,2020-05-20,biomass_median
True,0.0,True,0,True,2020-05-21,biomass_median
True,0.0,True,0,True,2020-05-22,biomass_median
True,0.0,True,0,True,2020-05-23,biomass_median
True,0.0,True,0,True,2020-05-24,biomass_median
True,0.0,True,0,True,2020-05-25,biomass_median
True,0.0,True,0,True,2020-05-26,biomass_median
True,0.0,True,0,True,2020-05-27,biomass_median
True,0.0,True,0,True,2020-05-28,biomass_median
True,0.0,True,0,True,2020-05-29,biomass_median
True,0.0,True,0,True,2020-05-30,biomass_median
True,0.0,True,0,True,2020-05-31,biomass_median
True,0.0,True,0,True,2020-06-01,biomass_median
True,0.0,True,0,True,2020-06-02,biomass_median
True,0.0,True,0,True,2020-06-03,biomass_median
True,0.0,True,0,True,2020-06-04,biomass_median
True,0.0,True,0,True,2020-06-05,biomass_median
True,0.0,True,0,True,2020-06-06,biomass_median
True,0.0,True,0,True,2020-06-07,biomass_median
True,0.0,True,0,True,2020-06-08,biomass_median
True,0.0,True,0,True,2020-06-09,biomass_median
True,0.0,True,0,True,2020-06-10,biomass_median
True,0.0,True,0,True,2020-06-11,biomass_median
True,0.0,True,0,True,2020-06-12,biomass_median
True,0.0,True,0,True,2020-06-13,biomass_median
True,0.0,True,0,True,2020-06-14,biomass_median
True,0.0,True,0,True,2020-06-15,biomass_median
True,0.0,True,0,True,2020-06-16,biomass_median
True,0.0,True,0,True,2020-06-17,biomass_median
True,0.0,True,0,True,2020-06-18,biomass_median
True,0.0,True,0,True,2020-06-19,biomass_median
True,0.0,True,0,True,2020-06-20,biomass_median
True,0.0,True,0,True,2020-06-21,biomass_median
True,0.0,True,0,True,2020-06-22,biomass_median
True,0.0,True,0,True,2020-06-23,biomass_median
True,0.0,True,0,True,2020-06-24,biomass_median
True,0.0,True,0,True,2020-06-25,biomass_median
True,0.0,True,0,True,2020-06-26,biomass_median
True,0.0,True,0,True,2020-06-27,biomass_median
True,0.0,True,0,True,2020-06-28,biomass_median
True,0.0,True,0,True,2020-06-29,biomass_median
True,0.0,True,0,True,2020-06-30,biomass_median
True,0.0,True,0,True,2020-07-01,biomass_median
True,0.0,True,0,True,2020-07-02,biomass_median
True,0.0,True,0,True,2020-07-03,biomass_median
True,0.0,True,0,True,2020-07-04,biomass_median
True,0.0,True,0,True,2020-07-05,biomass_median
True,0.0,True,0,True,2020-07-06,biomass_median
True,0.0,True,0,True,2020-07-07,biomass_median
True,0.0,True,0,True,2020-07-08,biomass_median
True,0.0,True,0,True,2020-07-09,biomass_median
True,0.0,True,0,True,2020-07-10,biomass_median
True,0.0,True,0,True,2020-07-11,biomass_median
True,0.0,True,0,True,2020-07-12,biomass_median
True,0.0,True,0,True,2020-07-13,biomass_median
True,0.0,True,0,True,2020-07-14,biomass_median
True,0.0,True,0,True,2020-07-15,biomass_median
True,0.0,True,0,True,2020-07-16,biomass_median
True,0.0,True,0,True,2020-07-17,biomass_median
True,0.0,True,0,True,2020-07-18,biomass_median
True,0.0,True,0,True,2020-07-19,biomass_median
True,0.0,True,0,True,2020-07-20,biomass_median
True,0.0,True,0,True,2020-07-21,biomass_median
True,0.0,True,0,True,2020-07-22,biomass_median
True,0.0,True,0,True,2020-07-23,biomass_median
True,0.0,True,0,True,2020-07-24,biomass_median
True,0.0,True,0,True,2020-07-25,biomass_median
True,0.0,True,0,True,2020-07-26,biomass_median
True,0.0,True,0,True,2020-07-27,biomass_median
True,0.0,True,0,True,2020-07-28,biomass_median
True,0.0,True,0,True,2020-07-29,biomass_median
True,0.0,True,0,True,2020-07-30,biomass_median
True,0.0,True,0,True,2020-07-31,biomass_median
True,0.0,True,0,True,2020-08-01,biomass_median
True,0.0,True,0,True,2020-08-02,biomass_median
True,0.0,True,0,True,2020-08-03,biomass_median
True,0.0,True,0,True,2020-08-04,biomass_median
True,0.0,True,0,True,2020-08-05,biomass_median
True,0.0,True,0,True,2020-08-06,biomass_median
True,0.0,True,0,True,2020-08-07,biomass_median
True,0.0,True,0,True,2020-08-08,biomass_median
True,0.0,True,0,True,2020-08-09,biomass_median
True,0.0,True,0,True,2020-08-10,biomass_median
True,0.0,True,0,True,2020-08-11,biomass_median
True,0.0,True,0,True,2020-08-12,biomass_median
True,0.0,True,0,True,2020-08-13,biomass_median
True,0.0,True,0,True,2020-08-14,biomass_median
True,0.0,True,0,True,2020-08-15,biomass_median
True,0.0,True,0,True,2020-08-16,biomass_median
True,0.0,True,0,True,2020-08-17,biomass_median
True,0.0,True,0,True,2020-08-18,biomass_median
True,0.0,True,0,True,2020-08-19,biomass_median
True,0.0,True,0,True,2020-08-20,biomass_median
True,0.0,True,0,True,2020-08-21,biomass_median
True,0.0,True,0,True,2020-08-22,biomass_median
True,0.0,True,0,True,2020-08-23,biomass_median
True,0.0,True,0,True,2020-08-24,biomass_median
True,0.0,True,0,True,2020-08-25,biomass_median
True,0.0,True,0,True,2020-08-26,biomass_median
True,0.0,True,0,True,2020-08-27,biomass_median
True,0.0,True,0,True,2020-08-28,biomass_median
True,0.0,True,0,True,2020-08-29,biomass_median
True,0.0,True,0,True,2020-08-30,biomass_median
True,0.0,True,0,True,2020-08-31,biomass_median
True,0.0,True,0,True,2020-09-01,biomass_median
True,0.0,True,0,True,2020-09-02,biomass_median
True,0.0,True,0,True,2020-09-03,biomass_median
True,0.0,True,0,True,2020-09-04,biomass_median
True,0.0,True,0,True,2020-09-05,biomass_median
True,0.0,True,0,True,2020-09-06,biomass_median
True,0.0,True,0,True,2020-09-07,biomass_median
True,0.0,True,0,True,2020-09-08,biomass_median
True,0.0,True,0,True,2020-09-09,biomass_median
True,0.0,True,0,True,2020-09-10,biomass_median
True,0.0,True,0,True,2020-09-11,biomass_median
True,0.0,True,0,True,2020-09-12,biomass_median
True,0.0,True,0,True,2020-09-13,biomass_median
True,0.0,True,0,True,2020-09-14,biomass_median
True,0.0,True,0,True,2020-09-15,biomass_median
True,0.0,True,0,True,2020-09-16,biomass_median
True,0.0,True,0,True,2020-09-17,biomass_median
True,0.0,True,0,True,2020-09-18,biomass_median
True,0.0,True,0,True,2020-09-19,biomass_median
True,0.0,True,0,True,2020-09-20,biomass_median
True,0.0,True,0,True,2020-09-21,biomass_median
True,0.0,True,0,True,2020-09-22,biomass_median
True,0.0,True,0,True,2020-09-23,biomass_median
True,0.0,True,0,True,2020-09-24,biomass_median
True,0.0,True,0,True,2020-09-25,biomass_median
True,0.0,True,0,True,2020-09-26,biomass_median
True,0.0,True,0,True,2020-09-27,biomass_median
True,0.0,True,0,True,2020-09-28,biomass_median
True,0.0,True,0,True,2020-09-29,biomass_median
True,0.0,True,0,True,2020-09-30,biomass_median
True,0.0,True,0,True,2020-10-01,biomass_median
True,0.0,True,0,True,2020-10-02,biomass_median
True,0.0,True,0,True,2020-10-03,biomass_median
True,0.0,True,0,True,2020-10-04,biomass_median
True,0.0,True,0,True,2020-10-05,biomass_median
True,0.0,True,0,True,2020-10-06,biomass_median
True,0.0,True,0,True,2020-10-07,biomass_median
True,0.0,True,0,True,2020-10-08,biomass_median
True,0.0,True,0,True,2020-10-09,biomass_median
True,0.0,True,0,True,2020-10-10,biomass_median
True,0.0,True,0,True,2020-10-11,biomass_median
True,0.0,True,0,True,2020-10-12,biomass_median
True,0.0,True,0,True,2020-10-13,biomass_median
True,0.0,True,0,True,2020-10-14,biomass_median
True,0.0,True,0,True,2020-10-15,biomass_median
True,0.0,True,0,True,2020-10-16,biomass_median
True,0.0,True,0,True,2020-10-17,biomass_median
True,0.0,True,0,True,2020-10-18,biomass_median
True,0.0,True,0,True,2020-10-19,biomass_median
True,0.0,True,0,True,2020-10-20,biomass_median
True,0.0,True,0,True,2020-10-21,biomass_median
True,0.0,True,0,True,2020-10-22,biomass_median
True,0.0,True,0,True,2020-10-23,biomass_median
True,0.0,True,0,True,2020-10-24,biomass_median
True,0.0,True,0,True,2020-10-25,biomass_median
True,0.0,True,0,True,2020-10-26,biomass_median
True,0.0,True,0,True,2020-10-27,biomass_median
True,0.0,True,0,True,2020-10-28,biomass_median
True,0.0,True,0,True,2020-10-29,biomass_median
True,0.0,True,0,True,2020-10-30,biomass_median
True,0.0,True,0,True,2020-10-31,biomass_median
True,0.0,True,0,True,2020-11-01,biomass_median
True,0.0,True,0,True,2020-11-02,biomass_median
True,0.0,True,0,True,2020-11-03,biomass_median
True,0.0,True,0,True,2020-11-04,biomass_median
True,0.0,True,0,True,2020-11-05,biomass_median
True,0.0,True,0,True,2020-11-06,biomass_median
True,0.0,True,0,True,2020-11-07,biomass_median
True,0.0,True,0,True,2020-11-08,biomass_median
True,0.0,True,0,True,2020-11-09,biomass_median
True,0.0,True,0,True,2020-11-10,biomass_median
True,0.0,True,0,True,2020-11-11,biomass_median
True,0.0,True,0,True,2020-11-12,biomass_median
True,0.0,True,0,True,2020-11-13,biomass_median
True,0.0,True,0,True,2020-11-14,biomass_median
True,0.0,True,0,True,2020-11-15,biomass_median
True,0.0,True,0,True,2020-11-16,biomass_median
True,0.0,True,0,True,2020-11-17,biomass_median
True,0.0,True,0,True,2020-11-18,biomass_median
True,0.0,True,0,True,2020-11-19,biomass_median
True,0.0,True,0,True,2020-11-20,biomass_median
True,0.0,True,0,True,2020-11-21,biomass_median
True,0.0,True,0,True,2020-11-22,biomass_median
True,0.0,True,0,True,2020-11-23,biomass_median
True,0.0,True,0,True,2020-11-24,biomass_median
True,0.0,True,0,True,2020-11-25,biomass_median
True,0.0,True,0,True,2020-11-26,biomass_median
True,0.0,True,0,True,2020-11-27,biomass_median
True,0.0,True,0,True,2020-11-28,biomass_median
True,0.0,True,0,True,2020-11-29,biomass_median
True,0.0,True,0,True,2020-11-30,biomass_median
True,0.0,True,0,True,2020-12-01,biomass_median
True,0.0,True,0,True,2020-12-02,biomass_median
True,0.0,True,0,True,2020-12-03,biomass_median
True,0.0,True,0,True,2020-12-04,biomass_median
True,0.0,True,0,True,2020-12-05,biomass_median
True,0.0,True,0,True,2020-12-06,biomass_median
True,0.0,True,0,True,2020-12-07,biomass_median
True,0.0,True,0,True,2020-12-08,biomass_median
True,0.0,True,0,True,2020-12-09,biomass_median
True,0.0,True,0,True,2020-12-10,biomass_median
True,0.0,True,0,True,2020-12-11,biomass_median
True,0.0,True,0,True,2020-12-12,biomass_median
True,0.0,True,0,True,2020-12-13,biomass_median
True,0.0,True,0,True,2020-12-14,biomass_median
True,0.0,True,0,True,2020-12-15,biomass_median
True,0.0,True,0,True,2020-12-16,biomass_median
True,0.0,True,0,True,2020-12-17,biomass_median
True,0.0,True,0,True,2020-12-18,biomass_median
True,0.0,True,0,True,2020-12-19,biomass_median
True,0.0,True,0,True,2020-12-20,biomass_median
True,0.0,True,0,True,2020-12-21,biomass_median
True,0.0,True,0,True,2020-12-22,biomass_median
True,0.0,True,0,True,2020-12-23,biomass_median
True,0.0,True,0,True,2020-12-24,biomass_median
True,0.0,True,0,True,2020-12-25,biomass_median
True,0.0,True,0,True,2020-12-26,biomass_median
True,0.0,True,0,True,2020-12-27,biomass_median
True,0.0,True,0,True,2020-12-28,biomass_median
True,0.0,True,0,True,2020-12-29,biomass_median
True,0.0,True,0,True,2020-12-30,biomass_median
True,0.0,True,0,True,2020-12-31,biomass_median
True,0.0,True,0,True,2021-01-01,biomass_median
True,0.0,True,0,True,2021-01-02,biomass_median
True,0.0,True,0,True,2021-01-03,biomass_median
True,0.0,True,0,True,2021-01-04,biomass_median
True,0.0,True,0,True,2021-01-05,biomass_median
True,0.0,True,0,True,2021-01-06,biomass_median
True,0.0,True,0,True,2021-01-07,biomass_median
True,0.0,True,0,True,2021-01-08,biomass_median
True,0.0,True,0,True,2021-01-09,biomass_median
True,0.0,True,0,True,2021-01-10,biomass_median
True,0.0,True,0,True,2021-01-11,biomass_median
True,0.0,True,0,True,2021-01-12,biomass_median
True,0.0,True,0,True,2021-01-13,biomass_median
True,0.0,True,0,True,2021-01-14,biomass_median
True,0.0,True,0,True,2021-01-15,biomass_median
True,0.0,True,0,True,2021-01-16,biomass_median
True,0.0,True,0,True,2021-01-17,biomass_median
True,0.0,True,0,True,2021-01-18,biomass_median
True,0.0,True,0,True,2021-01-19,biomass_median
True,0.0,True,0,True,2021-01-20,biomass_median
True,0.0,True,0,True,2021-01-21,biomass_median
True,0.0,True,0,True,2021-01-22,biomass_median
True,0.0,True,0,True,2021-01-23,biomass_median
True,0.0,True,0,True,2021-01-24,biomass_median
True,0.0,True,0,True,2021-01-25,biomass_median
True,0.0,True,0,True,2021-01-26,biomass_median
True,0.0,True,0,True,2021-01-27,biomass_median
True,0.0,True,0,True,2021-01-28,biomass_median
True,0.0,True,0,True,2021-01-29,biomass_median
True,0.0,True,0,True,2021-01-30,biomass_median
True,0.0,True,0,True,2021-01-31,biomass_median
True,0.0,True,0,True,2021-02-01,biomass_median
True,0.0,True,0,True,2021-02-02,biomass_median
True,0.0,True,0,True,2021-02-03,biomass_median
True,0.0,True,0,True,2021-02-04,biomass_median
True,0.0,True,0,True,2021-02-05,biomass_median
True,0.0,True,0,True,2021-02-06,biomass_median
True,0.0,True,0,True,2021-02-07,biomass_median
True,0.0,True,0,True,2021-02-08,biomass_median
True,0.0,True,0,True,2021-02-09,biomass_median
True,0.0,True,0,True,2021-02-10,biomass_median
True,0.0,True,0,True,2021-02-11,biomass_median
True,0.0,True,0,True,2021-02-12,biomass_median
True,0.0,True,0,True,2021-02-13,biomass_median
True,0.0,True,0,True,2021-02-14,biomass_median
True,0.0,True,0,True,2021-02-15,biomass_median
True,0.0,True,0,True,2021-02-16,biomass_median
True,0.0,True,0,True,2021-02-17,biomass_median
True,0.0,True,0,True,2021-02-18,biomass_median
True,0.0,True,0,True,2021-02-19,biomass_median
True,0.0,True,0,True,2021-02-20,biomass_median
True,0.0,True,0,True,2021-02-21,biomass_median
True,0.0,True,0,True,2021-02-22,biomass_median
True,0.0,True,0,True,2021-02-23,biomass_median
True,0.0,True,0,True,2021-02-24,biomass_median
True,0.0,True,0,True,2021-02-25,biomass_median
True,0.0,True,0,True,2021-02-26,biomass_median
True,0.0,True,0,True,2021-02-27,biomass_median
True,0.0,True,0,True,2021-02-28,biomass_median
True,0.0,True,0,True,2021-03-01,biomass_median
True,0.0,True,0,True,2021-03-02,biomass_median
True,0.0,True,0,True,2021-03-03,biomass_median
True,0.0,True,0,True,2021-03-04,biomass_median
True,0.0,True,0,True,2021-03-05,biomass_median
True,0.0,True,0,True,2021-03-06,biomass_median
True,0.0,True,0,True,2021-03-07,biomass_median
True,0.0,True,0,True,2021-03-08,biomass_median
True,0.0,True,0,True,2021-03-09,biomass_median
True,0.0,True,0,True,2021-03-10,biomass_median
True,0.0,True,0,True,2021-03-11,biomass_median
True,0.0,True,0,True,2021-03-12,biomass_median
True,0.0,True,0,True,2021-03-13,biomass_median
True,0.0,True,0,True,2021-03-14,biomass_median
True,0.0,True,0,True,2021-03-15,biomass_median
True,0.0,True,0,True,2021-03-16,biomass_median
True,0.0,True,0,True,2021-03-17,biomass_median
True,0.0,True,0,True,2021-03-18,biomass_median
True,0.0,True,0,True,2021-03-19,biomass_median
True,0.0,True,0,True,2021-03-20,biomass_median
True,0.0,True,0,True,2021-03-21,biomass_median
True,0.0,True,0,True,2021-03-22,biomass_median
True,0.0,True,0,True,2021-03-23,biomass_median
True,0.0,True,0,True,2021-03-24,biomass_median
True,0.0,True,0,True,2021-03-25,biomass_median
True,0.0,True,0,True,2021-03-26,biomass_median
True,0.0,True,0,True,2021-03-27,biomass_median
True,0.0,True,0,True,2021-03-28,biomass_median
True,0.0,True,0,True,2021-03-29,biomass_median
True,0.0,True,0,True,2021-03-30,biomass_median
True,0.0,True,0,True,2021-03-31,biomass_median
True,0.0,True,0,True,2021-04-01,biomass_median
True,0.0,True,0,True,2021-04-02,biomass_median
True,0.0,True,0,True,2021-04-03,biomass_median
True,0.0,True,0,True,2021-04-04,biomass_median
True,0.0,True,0,True,2021-04-05,biomass_median
True,0.0,True,0,True,2021-04-06,biomass_median
True,0.0,True,0,True,2021-04-07,biomass_median
True,0.0,True,0,True,2021-04-08,biomass_median
True,0.0,True,0,True,2021-04-09,biomass_median
True,0.0,True,0,True,2021-04-10,biomass_median
True,0.0,True,0,True,2021-04-11,biomass_median
True,0.0,True,0,True,2021-04-12,biomass_median
True,0.0,True,0,True,2021-04-13,biomass_median
True,0.0,True,0,True,2021-04-14,biomass_median
True,0.0,True,0,True,2021-04-15,biomass_median
True,0.0,True,0,True,2021-04-16,biomass_median
True,0.0,True,0,True,2021-04-17,biomass_median
True,0.0,True,0,True,2021-04-18,biomass_median
True,0.0,True,0,True,2021-04-19,biomass_median
True,0.0,True,0,True,2021-04-20,biomass_median
True,0.0,True,0,True,2021-04-21,biomass_median
True,0.0,True,0,True,2021-04-22,biomass_median
True,0.0,True,0,True,2021-04-23,biomass_median
True,0.0,True,0,True,2021-04-24,biomass_median
True,0.0,True,0,True,2021-04-25,biomass_median
True,0.0,True,0,True,2021-04-26,biomass_median
True,0.0,True,0,True,2021-04-27,biomass_median
True,0.0,True,0,True,2021-04-28,biomass_median
True,0.0,True,0,True,2021-04-29,biomass_median
True,0.0,True,0,True,2021-04-30,biomass_median
True,0.0,True,0,True,2021-05-01,biomass_median
True,0.0,True,0,True,2021-05-02,biomass_median
True,0.0,True,0,True,2021-05-03,biomass_median
True,0.0,True,0,True,2021-05-04,biomass_median
True,0.0,True,0,True,2021-05-05,biomass_median
True,0.0,True,0,True,2021-05-06,biomass_median
True,0.0,True,0,True,2021-05-07,biomass_median
True,0.0,True,0,True,2021-05-08,biomass_median
True,0.0,True,0,True,2021-05-09,biomass_median
True,0.0,True,0,True,2021-05-10,biomass_median
True,0.0,True,0,True,2021-05-11,biomass_median
True,0.0,True,0,True,2021-05-12,biomass_median
True,0.0,True,0,True,2021-05-13,biomass_median
True,0.0,True,0,True,2021-05-14,biomass_median
True,0.0,True,0,True,2021-05-15,biomass_median
True,0.0,True,0,True,2021-05-16,biomass_median
True,0.0,True,0,True,2021-05-17,biomass_median
True,0.0,True,0,True,2021-05-18,biomass_median
True,0.0,True,0,True,2021-05-19,biomass_median
True,0.0,True,0,True,2021-05-20,biomass_median
True,0.0,True,0,True,2021-05-21,biomass_median
True,0.0,True,0,True,2021-05-22,biomass_median
True,0.0,True,0,True,2021-05-23,biomass_median
True,0.0,True,0,True,2021-05-24,biomass_median
True,0.0,True,0,True,2021-05-25,biomass_median
True,0.0,True,0,True,2021-05-26,biomass_median
True,0.0,True,0,True,2021-05-27,biomass_median
True,0.0,True,0,True,2021-05-28,biomass_median
True,0.0,True,0,True,2021-05-29,biomass_median
True,0.0,True,0,True,2021-05-30,biomass_median
True,0.0,True,0,True,2021-05-31,biomass_median
True,0.0,True,0,True,2021-06-01,biomass_median
True,0.0,True,0,True,2021-06-02,biomass_median
True,0.0,True,0,True,2021-06-03,biomass_median
True,0.0,True,0,True,2021-06-04,biomass_median
True,0.0,True,0,True,2021-06-05,biomass_median
True,0.0,True,0,True,2021-06-06,biomass_median
True,0.0,True,0,True,2021-06-07,biomass_median
True,0.0,True,0,True,2021-06-08,biomass_median
True,0.0,True,0,True,2021-06-09,biomass_median
True,0.0,True,0,True,2021-06-10,biomass_median
True,0.0,True,0,True,2021-06-11,biomass_median
True,0.0,True,0,True,2021-06-12,biomass_median
True,0.0,True,0,True,2021-06-13,biomass_median
True,0.0,True,0,True,2021-06-14,biomass_median
True,0.0,True,0,True,2021-06-15,biomass_median
True,0.0,True,0,True,2021-06-16,biomass_median
True,0.0,True,0,True,2021-06-17,biomass_median
True,0.0,True,0,True,2021-06-18,biomass_median
True,0.0,True,0,True,2021-06-19,biomass_median
True,0.0,True,0,True,2021-06-20,biomass_median
True,0.0,True,0,True,2021-06-21,biomass_median
True,0.0,True,0,True,2021-06-22,biomass_median
True,0.0,True,0,True,2021-06-23,biomass_median
True,0.0,True,0,True,2021-06-24,biomass_median
True,0.0,True,0,True,2021-06-25,biomass_median
True,0.0,True,0,True,2021-06-26,biomass_median
True,0.0,True,0,True,2021-06-27,biomass_median
True,0.0,True,0,True,2021-06-28,biomass_median
True,0.0,True,0,True,2021-06-29,biomass_median
True,0.0,True,0,True,2021-06-30,biomass_median
True,0.0,True,0,True,2021-07-01,biomass_median
True,0.0,True,0,True,2021-07-02,biomass_median
True,0.0,True,0,True,2021-07-03,biomass_median
True,0.0,True,0,True,2021-07-04,biomass_median
True,0.0,True,0,True,2021-07-05,biomass_median
True,0.0,True,0,True,2021-07-06,biomass_median
True,0.0,True,0,True,2021-07-07,biomass_median
True,0.0,True,0,True,2021-07-08,biomass_median
True,0.0,True,0,True,2021-07-09,biomass_median
True,0.0,True,0,True,2021-07-10,biomass_median
True,0.0,True,0,True,2021-07-11,biomass_median
True,0.0,True,0,True,2021-07-12,biomass_median
True,0.0,True,0,True,2021-07-13,biomass_median
True,0.0,True,0,True,2021-07-14,biomass_median
True,0.0,True,0,True,2021-07-15,biomass_median
True,0.0,True,0,True,2021-07-16,biomass_median
True,0.0,True,0,True,2021-07-17,biomass_median
True,0.0,True,0,True,2021-07-18,biomass_median
True,0.0,True,0,True,2021-07-19,biomass_median
True,0.0,True,0,True,2021-07-20,biomass_median
True,0.0,True,0,True,2021-07-21,biomass_median
True,0.0,True,0,True,2021-07-22,biomass_median
True,0.0,True,0,True,2021-07-23,biomass_median
True,0.0,True,0,True,2021-07-24,biomass_median
True,0.0,True,0,True,2021-07-25,biomass_median
True,0.0,True,0,True,2021-07-26,biomass_median
True,0.0,True,0,True,2021-07-27,biomass_median
True,0.0,True,0,True,2021-07-28,biomass_median
True,0.0,True,0,True,2021-07-29,biomass_median
True,0.0,True,0,True,2021-07-30,biomass_median
True,0.0,True,0,True,2021-07-31,biomass_median
True,0.0,True,0,True,2021-08-01,biomass_median
True,0.0,True,0,True,2021-08-02,biomass_median
True,0.0,True,0,True,2021-08-03,biomass_median
True,0.0,True,0,True,2021-08-04,biomass_median
True,0.0,True,0,True,2021-08-05,biomass_median
True,0.0,True,0,True,2021-08-06,biomass_median
True,0.0,True,0,True,2021-08-07,biomass_median
True,0.0,True,0,True,2021-08-08,biomass_median
True,0.0,True,0,True,2021-08-09,biomass_median
True,0.0,True,0,True,2021-08-10,biomass_median
True,0.0,True,0,True,2021-08-11,biomass_median
True,0.0,True,0,True,2021-08-12,biomass_median
True,0.0,True,0,True,2021-08-13,biomass_median
True,0.0,True,0,True,2021-08-14,biomass_median
True,0.0,True,0,True,2021-08-15,biomass_median
True,0.0,True,0,True,2021-08-16,biomass_median
True,0.0,True,0,True,2021-08-17,biomass_median
True,0.0,True,0,True,2021-08-18,biomass_median
True,0.0,True,0,True,2021-08-19,biomass_median
True,0.0,True,0,True,2021-08-20,biomass_median
True,0.0,True,0,True,2021-08-21,biomass_median
True,0.0,True,0,True,2021-08-22,biomass_median
True,0.0,True,0,True,2021-08-23,biomass_median
True,0.0,True,0,True,2021-08-24,biomass_median
True,0.0,True,0,True,2021-08-25,biomass_median
True,0.0,True,0,True,2021-08-26,biomass_median
True,0.0,True,0,True,2021-08-27,biomass_median
True,0.0,True,0,True,2021-08-28,biomass_median
True,0.0,True,0,True,2021-08-29,biomass_median
True,0.0,True,0,True,2021-08-30,biomass_median
True,0.0,True,0,True,2021-08-31,biomass_median
True,0.0,True,0,True,2021-09-01,biomass_median
True,0.0,True,0,True,2021-09-02,biomass_median
True,0.0,True,0,True,2021-09-03,biomass_median
True,0.0,True,0,True,2021-09-04,biomass_median
True,0.0,True,0,True,2021-09-05,biomass_median
True,0.0,True,0,True,2021-09-06,biomass_median
True,0.0,True,0,True,2021-09-07,biomass_median
True,0.0,True,0,True,2021-09-08,biomass_median
True,0.0,True,0,True,2021-09-09,biomass_median
True,0.0,True,0,True,2021-09-10,biomass_median
True,0.0,True,0,True,2021-09-11,biomass_median
True,0.0,True,0,True,2021-09-12,biomass_median
True,0.0,True,0,True,2021-09-13,biomass_median
True,0.0,True,0,True,2021-09-14,biomass_median
True,0.0,True,0,True,2021-09-15,biomass_median
True,0.0,True,0,True,2021-09-16,biomass_median
True,0.0,True,0,True,2021-09-17,biomass_median
True,0.0,True,0,True,2021-09-18,biomass_median
True,0.0,True,0,True,2021-09-19,biomass_median
True,0.0,True,0,True,2021-09-20,biomass_median
True,0.0,True,0,True,2021-09-21,biomass_median
True,0.0,True,0,True,2021-09-22,biomass_median
True,0.0,True,0,True,2021-09-23,biomass_median
True,0.0,True,0,True,2021-09-24,biomass_median
True,0.0,True,0,True,2021-09-25,biomass_median
True,0.0,True,0,True,2021-09-26,biomass_median
True,0.0,True,0,True,2021-09-27,biomass_median
True,0.0,True,0,True,2021-09-28,biomass_median
True,0.0,True,0,True,2021-09-29,biomass_median
True,0.0,True,0,True,2021-09-30,biomass_median
True,0.0,True,0,True,2021-10-01,biomass_median
True,0.0,True,0,True,2021-10-02,biomass_median
True,0.0,True,0,True,2021-10-03,biomass_median
True,0.0,True,0,True,2021-10-04,biomass_median
True,0.0,True,0,True,2021-10-05,biomass_median
True,0.0,True,0,True,2021-10-06,biomass_median
True,0.0,True,0,True,2021-10-07,biomass_median
True,0.0,True,0,True,2021-10-08,biomass_median
True,0.0,True,0,True,2021-10-09,biomass_median
True,0.0,True,0,True,2021-10-10,biomass_median
True,0.0,True,0,True,2021-10-11,biomass_median
True,0.0,True,0,True,2021-10-12,biomass_median
True,0.0,True,0,True,2021-10-13,biomass_median
True,0.0,True,0,True,2021-10-14,biomass_median
True,0.0,True,0,True,2021-10-15,biomass_median
True,0.0,True,0,True,2021-10-16,biomass_median
True,0.0,True,0,True,2021-10-17,biomass_median
True,0.0,True,0,True,2021-10-18,biomass_median
True,0.0,True,0,True,2021-10-19,biomass_median
True,0.0,True,0,True,2021-10-20,biomass_median
True,0.0,True,0,True,2021-10-21,biomass_median
True,0.0,True,0,True,2021-10-22,biomass_median
True,0.0,True,0,True,2021-10-23,biomass_median
True,0.0,True,0,True,2021-10-24,biomass_median
True,0.0,True,0,True,2021-10-25,biomass_median
True,0.0,True,0,True,2021-10-26,biomass_median
True,0.0,True,0,True,2021-10-27,biomass_median
True,0.0,True,0,True,2021-10-28,biomass_median
True,0.0,True,0,True,2021-10-29,biomass_median
True,0.0,True,0,True,2021-10-30,biomass_median
True,0.0,True,0,True,2021-10-31,biomass_median
True,0.0,True,0,True,2021-11-01,biomass_median
True,0.0,True,0,True,2021-11-02,biomass_median
True,0.0,True,0,True,2021-11-03,biomass_median
True,0.0,True,0,True,2021-11-04,biomass_median
True,0.0,True,0,True,2021-11-05,biomass_median
True,0.0,True,0,True,2021-11-06,biomass_median
True,0.0,True,0,True,2021-11-07,biomass_median
True,0.0,True,0,True,2021-11-08,biomass_median
True,0.0,True,0,True,2021-11-09,biomass_median
True,0.0,True,0,True,2021-11-10,biomass_median
True,0.0,True,0,True,2021-11-11,biomass_median
True,0.0,True,0,True,2021-11-12,biomass_median
True,0.0,True,0,True,2021-11-13,biomass_median
True,0.0,True,0,True,2021-11-14,biomass_median
True,0.0,True,0,True,2021-11-15,biomass_median
True,0.0,True,0,True,2021-11-16,biomass_median
True,0.0,True,0,True,2021-11-17,biomass_median
True,0.0,True,0,True,2021-11-18,biomass_median
True,0.0,True,0,True,2021-11-19,biomass_median
True,0.0,True,0,True,2021-11-20,biomass_median
True,0.0,True,0,True,2021-11-21,biomass_median
True,0.0,True,0,True,2021-11-22,biomass_median
True,0.0,True,0,True,2021-11-23,biomass_median
True,0.0,True,0,True,2021-11-24,biomass_median
True,0.0,True,0,True,2021-11-25,biomass_median
True,0.0,True,0,True,2021-11-26,biomass_median
True,0.0,True,0,True,2021-11-27,biomass_median
True,0.0,True,0,True,2021-11-28,biomass_median
True,0.0,True,0,True,2021-11-29,biomass_median
True,0.0,True,0,True,2021-11-30,biomass_median
True,0.0,True,0,True,2021-12-01,biomass_median
True,0.0,True,0,True,2021-12-02,biomass_median
True,0.0,True,0,True,2021-12-03,biomass_median
True,0.0,True,0,True,2021-12-04,biomass_median
True,0.0,True,0,True,2021-12-05,biomass_median
True,0.0,True,0,True,2021-12-06,biomass_median
True,0.0,True,0,True,2021-12-07,biomass_median
True,0.0,True,0,True,2021-12-08,biomass_median
True,0.0,True,0,True,2021-12-09,biomass_median
True,0.0,True,0,True,2021-12-10,biomass_median
True,0.0,True,0,True,2021-12-11,biomass_median
True,0.0,True,0,True,2021-12-12,biomass_median
True,0.0,True,0,True,2021-12-13,biomass_median
True,0.0,True,0,True,2021-12-14,biomass_median
True,0.0,True,0,True,2021-12-15,biomass_median
True,0.0,True,0,True,2021-12-16,biomass_median
True,0.0,True,0,True,2021-12-17,biomass_median
True,0.0,True,0,True,2021-12-18,biomass_median
True,0.0,True,0,True,2021-12-19,biomass_median
True,0.0,True,0,True,2021-12-20,biomass_median
True,0.0,True,0,True,2021-12-21,biomass_median
True,0.0,True,0,True,2021-12-22,biomass_median
True,0.0,True,0,True,2021-12-23,biomass_median
True,0.0,True,0,True,2021-12-24,biomass_median
True,0.0,True,0,True,2021-12-25,biomass_median
True,0.0,True,0,True,2021-12-26,biomass_median
True,0.0,True,0,True,2021-12-27,biomass_median
True,0.0,True,0,True,2021-12-28,biomass_median
True,0.0,True,0,True,2021-12-29,biomass_median
True,0.0,True,0,True,2021-12-30,biomass_median
True,0.0,True,0,True,2021-12-31,biomass_median
True,0.0,True,0,True,2022-01-01,biomass_median
True,0.0,True,0,True,2022-01-02,biomass_median
True,0.0,True,0,True,2022-01-03,biomass_median
True,0.0,True,0,True,2022-01-04,biomass_median
True,0.0,True,0,True,2022-01-05,biomass_median
True,0.0,True,0,True,2022-01-06,biomass_median
True,0.0,True,0,True,2022-01-07,biomass_median
True,0.0,True,0,True,2022-01-08,biomass_median
True,0.0,True,0,True,2022-01-09,biomass_median
True,0.0,True,0,True,2022-01-10,biomass_median
True,0.0,True,0,True,2022-01-11,biomass_median
True,0.0,True,0,True,2022-01-12,biomass_median
True,0.0,True,0,True,2022-01-13,biomass_median
True,0.0,True,0,True,2022-01-14,biomass_median
True,0.0,True,0,True,2022-01-15,biomass_median
True,0.0,True,0,True,2022-01-16,biomass_median
True,0.0,True,0,True,2022-01-17,biomass_median
True,0.0,True,0,True,2022-01-18,biomass_median
True,0.0,True,0,True,2022-01-19,biomass_median
True,0.0,True,0,True,2022-01-20,biomass_median
True,0.0,True,0,True,2022-01-21,biomass_median
True,0.0,True,0,True,2022-01-22,biomass_median
True,0.0,True,0,True,2022-01-23,biomass_median
True,0.0,True,0,True,2022-01-24,biomass_median
True,0.0,True,0,True,2022-01-25,biomass_median
True,0.0,True,0,True,2022-01-26,biomass_median
True,0.0,True,0,True,2022-01-27,biomass_median
True,0.0,True,0,True,2022-01-28,biomass_median
True,0.0,True,0,True,2022-01-29,biomass_median
True,0.0,True,0,True,2022-01-30,biomass_median
True,0.0,True,0,True,2022-01-31,biomass_median
True,0.0,True,0,True,2022-02-01,biomass_median
True,0.0,True,0,True,2022-02-02,biomass_median
True,0.0,True,0,True,2022-02-03,biomass_median
True,0.0,True,0,True,2022-02-04,biomass_median
True,0.0,True,0,True,2022-02-05,biomass_median
True,0.0,True,0,True,2022-02-06,biomass_median
True,0.0,True,0,True,2022-02-07,biomass_median
True,0.0,True,0,True,2022-02-08,biomass_median
True,0.0,True,0,True,2022-02-09,biomass_median
True,0.0,True,0,True,2022-02-10,biomass_median
True,0.0,True,0,True,2022-02-11,biomass_median
True,0.0,True,0,True,2022-02-12,biomass_median
True,0.0,True,0,True,2022-02-13,biomass_median
True,0.0,True,0,True,2022-02-14,biomass_median
True,0.0,True,0,True,2022-02-15,biomass_median
True,0.0,True,0,True,2022-02-16,biomass_median
True,0.0,True,0,True,2022-02-17,biomass_median
True,0.0,True,0,True,2022-02-18,biomass_median
True,0.0,True,0,True,2022-02-19,biomass_median
True,0.0,True,0,True,2022-02-20,biomass_median
True,0.0,True,0,True,2022-02-21,biomass_median
True,0.0,True,0,True,2022-02-22,biomass_median
True,0.0,True,0,True,2022-02-23,biomass_median
True,0.0,True,0,True,2022-02-24,biomass_median
True,0.0,True,0,True,2022-02-25,biomass_median
True,0.0,True,0,True,2022-02-26,biomass_median
True,0.0,True,0,True,2022-02-27,biomass_median
True,0.0,True,0,True,2022-02-28,biomass_median
True,0.0,True,0,True,2022-03-01,biomass_median
True,0.0,True,0,True,2022-03-02,biomass_median
True,0.0,True,0,True,2022-03-03,biomass_median
True,0.0,True,0,True,2022-03-04,biomass_median
True,0.0,True,0,True,2022-03-05,biomass_median
True,0.0,True,0,True,2022-03-06,biomass_median
True,0.0,True,0,True,2022-03-07,biomass_median
True,0.0,True,0,True,2022-03-08,biomass_median
True,0.0,True,0,True,2022-03-09,biomass_median
True,0.0,True,0,True,2022-03-10,biomass_median
True,0.0,True,0,True,2022-03-11,biomass_median
True,0.0,True,0,True,2022-03-12,biomass_median
True,0.0,True,0,True,2022-03-13,biomass_median
True,0.0,True,0,True,2022-03-14,biomass_median
True,0.0,True,0,True,2022-03-15,biomass_median
True,0.0,True,0,True,2022-03-16,biomass_median
True,0.0,True,0,True,2022-03-17,biomass_median
True,0.0,True,0,True,2022-03-18,biomass_median
True,0.0,True,0,True,2022-03-19,biomass_median
True,0.0,True,0,True,2022-03-20,biomass_median
True,0.0,True,0,True,2022-03-21,biomass_median
True,0.0,True,0,True,2022-03-22,biomass_median
True,0.0,True,0,True,2022-03-23,biomass_median
True,0.0,True,0,True,2022-03-24,biomass_median
True,0.0,True,0,True,2022-03-25,biomass_median
True,0.0,True,0,True,2022-03-26,biomass_median
True,0.0,True,0,True,2022-03-27,biomass_median
True,0.0,True,0,True,2022-03-28,biomass_median
True,0.0,True,0,True,2022-03-29,biomass_median
True,0.0,True,0,True,2022-03-30,biomass_median
True,0.0,True,0,True,2022-03-31,biomass_median
True,0.0,True,0,True,2022-04-01,biomass_median
True,0.0,True,0,True,2022-04-02,biomass_median
True,0.0,True,0,True,2022-04-03,biomass_median
True,0.0,True,0,True,2022-04-04,biomass_median
True,0.0,True,0,True,2022-04-05,biomass_median
True,0.0,True,0,True,2022-04-06,biomass_median
True,0.0,True,0,True,2022-04-07,biomass_median
True,0.0,True,0,True,2022-04-08,biomass_median
True,0.0,True,0,True,2022-04-09,biomass_median
True,0.0,True,0,True,2022-04-10,biomass_median
True,0.0,True,0,True,2022-04-11,biomass_median
True,0.0,True,0,True,2022-04-12,biomass_median
True,0.0,True,0,True,2022-04-13,biomass_median
True,0.0,True,0,True,2022-04-14,biomass_median
True,0.0,True,0,True,2022-04-15,biomass_median
True,0.0,True,0,True,2022-04-16,biomass_median
True,0.0,True,0,True,2022-04-17,biomass_median
True,0.0,True,0,True,2022-04-18,biomass_median
True,0.0,True,0,True,2022-04-19,biomass_median
True,0.0,True,0,True,2022-04-20,biomass_median
True,0.0,True,0,True,2022-04-21,biomass_median
True,0.0,True,0,True,2022-04-22,biomass_median
True,0.0,True,0,True,2022-04-23,biomass_median
True,0.0,True,0,True,2022-04-24,biomass_median
True,0.0,True,0,True,2022-04-25,biomass_median
True,0.0,True,0,True,2022-04-26,biomass_median
True,0.0,True,0,True,2022-04-27,biomass_median
True,0.0,True,0,True,2022-04-28,biomass_median
True,0.0,True,0,True,2022-04-29,biomass_median
True,0.0,True,0,True,2022-04-30,biomass_median
True,0.0,True,0,True,2022-05-01,biomass_median
True,0.0,True,0,True,2022-05-02,biomass_median
True,0.0,True,0,True,2022-05-03,biomass_median
True,0.0,True,0,True,2022-05-04,biomass_median
True,0.0,True,0,True,2022-05-05,biomass_median
True,0.0,True,0,True,2022-05-06,biomass_median
True,0.0,True,0,True,2022-05-07,biomass_median
True,0.0,True,0,True,2022-05-08,biomass_median
True,0.0,True,0,True,2022-05-09,biomass_median
True,0.0,True,0,True,2022-05-10,biomass_median
True,0.0,True,0,True,2022-05-11,biomass_median
True,0.0,True,0,True,2022-05-12,biomass_median
True,0.0,True,0,True,2022-05-13,biomass_median
True,0.0,True,0,True,2022-05-14,biomass_median
True,0.0,True,0,True,2022-05-15,biomass_median
True,0.0,True,0,True,2022-05-16,biomass_median
True,0.0,True,0,True,2022-05-17,biomass_median
True,0.0,True,0,True,2022-05-18,biomass_median
True,0.0,True,0,True,2022-05-19,biomass_median
True,0.0,True,0,True,2022-05-20,biomass_median
True,0.0,True,0,True,2022-05-21,biomass_median
True,0.0,True,0,True,2022-05-22,biomass_median
True,0.0,True,0,True,2022-05-23,biomass_median
True,0.0,True,0,True,2022-05-24,biomass_median
True,0.0,True,0,True,2022-05-25,biomass_median
True,0.0,True,0,True,2022-05-26,biomass_median
True,0.0,True,0,True,2022-05-27,biomass_median
True,0.0,True,0,True,2022-05-28,biomass_median
True,0.0,True,0,True,2022-05-29,biomass_median
True,0.0,True,0,True,2022-05-30,biomass_median
True,0.0,True,0,True,2022-05-31,biomass_median
True,0.0,True,0,True,2022-06-01,biomass_median
True,0.0,True,0,True,2022-06-02,biomass_median
True,0.0,True,0,True,2022-06-03,biomass_median
True,0.0,True,0,True,2022-06-04,biomass_median
True,0.0,True,0,True,2022-06-05,biomass_median
True,0.0,True,0,True,2022-06-06,biomass_median
True,0.0,True,0,True,2022-06-07,biomass_median
True,0.0,True,0,True,2022-06-08,biomass_median
True,0.0,True,0,True,2022-06-09,biomass_median
True,0.0,True,0,True,2022-06-10,biomass_median
True,0.0,True,0,True,2022-06-11,biomass_median
True,0.0,True,0,True,2022-06-12,biomass_median
True,0.0,True,0,True,2022-06-13,biomass_median
True,0.0,True,0,True,2022-06-14,biomass_median
True,0.0,True,0,True,2022-06-15,biomass_median
True,0.0,True,0,True,2022-06-16,biomass_median
True,0.0,True,0,True,2022-06-17,biomass_median
True,0.0,True,0,True,2022-06-18,biomass_median
True,0.0,True,0,True,2022-06-19,biomass_median
True,0.0,True,0,True,2022-06-20,biomass_median
True,0.0,True,0,True,2022-06-21,biomass_median
True,0.0,True,0,True,2022-06-22,biomass_median
True,0.0,True,0,True,2022-06-23,biomass_median
True,0.0,True,0,True,2022-06-24,biomass_median
True,0.0,True,0,True,2022-06-25,biomass_median
True,0.0,True,0,True,2022-06-26,biomass_median
True,0.0,True,0,True,2022-06-27,biomass_median
True,0.0,True,0,True,2022-06-28,biomass_median
True,0.0,True,0,True,2022-06-29,biomass_median
True,0.0,True,0,True,2022-06-30,biomass_median
True,0.0,True,0,True,2022-07-01,biomass_median
True,0.0,True,0,True,2022-07-02,biomass_median
True,0.0,True,0,True,2022-07-03,biomass_median
True,0.0,True,0,True,2022-07-04,biomass_median
True,0.0,True,0,True,2022-07-05,biomass_median
True,0.0,True,0,True,2022-07-06,biomass_median
True,0.0,True,0,True,2022-07-07,biomass_median
True,0.0,True,0,True,2022-07-08,biomass_median
True,0.0,True,0,True,2022-07-09,biomass_median
True,0.0,True,0,True,2022-07-10,biomass_median
True,0.0,True,0,True,2022-07-11,biomass_median
True,0.0,True,0,True,2022-07-12,biomass_median
True,0.0,True,0,True,2022-07-13,biomass_median
True,0.0,True,0,True,2022-07-14,biomass_median
True,0.0,True,0,True,2022-07-15,biomass_median
True,0.0,True,0,True,2022-07-16,biomass_median
True,0.0,True,0,True,2022-07-17,biomass_median
True,0.0,True,0,True,2022-07-18,biomass_median
True,0.0,True,0,True,2022-07-19,biomass_median
True,0.0,True,0,True,2022-07-20,biomass_median
True,0.0,True,0,True,2022-07-21,biomass_median
True,0.0,True,0,True,2022-07-22,biomass_median
True,0.0,True,0,True,2022-07-23,biomass_median
True,0.0,True,0,True,2022-07-24,biomass_median
True,0.0,True,0,True,2022-07-25,biomass_median
True,0.0,True,0,True,2022-07-26,biomass_median
True,0.0,True,0,True,2022-07-27,biomass_median
True,0.0,True,0,True,2022-07-28,biomass_median
True,0.0,True,0,True,2022-07-29,biomass_median
True,0.0,True,0,True,2022-07-30,biomass_median
True,0.0,True,0,True,2022-07-31,biomass_median
True,0.0,True,0,True,2022-08-01,biomass_median
True,0.0,True,0,True,2022-08-02,biomass_median
True,0.0,True,0,True,2022-08-03,biomass_median
True,0.0,True,0,True,2022-08-04,biomass_median
True,0.0,True,0,True,2022-08-05,biomass_median
True,0.0,True,0,True,2022-08-06,biomass_median
True,0.0,True,0,True,2022-08-07,biomass_median
True,0.0,True,0,True,2022-08-08,biomass_median
True,0.0,True,0,True,2022-08-09,biomass_median
True,0.0,True,0,True,2022-08-10,biomass_median
True,0.0,True,0,True,2022-08-11,biomass_median
True,0.0,True,0,True,2022-08-12,biomass_median
True,0.0,True,0,True,2022-08-13,biomass_median
True,0.0,True,0,True,2022-08-14,biomass_median
True,0.0,True,0,True,2022-08-15,biomass_median
True,0.0,True,0,True,2022-08-16,biomass_median
True,0.0,True,0,True,2022-08-17,biomass_median
True,0.0,True,0,True,2022-08-18,biomass_median
True,0.0,True,0,True,2022-08-19,biomass_median
True,0.0,True,0,True,2022-08-20,biomass_median
True,0.0,True,0,True,2022-08-21,biomass_median
True,0.0,True,0,True,2022-08-22,biomass_median
True,0.0,True,0,True,2022-08-23,biomass_median
True,0.0,True,0,True,2022-08-24,biomass_median
True,0.0,True,0,True,2022-08-25,biomass_median
True,0.0,True,0,True,2022-08-26,biomass_median
True,0.0,True,0,True,2022-08-27,biomass_median
True,0.0,True,0,True,2022-08-28,biomass_median
True,0.0,True,0,True,2022-08-29,biomass_median
True,0.0,True,0,True,2022-08-30,biomass_median
True,0.0,True,0,True,2022-08-31,biomass_median
True,0.0,True,0,True,2022-09-01,biomass_median
True,0.0,True,0,True,2022-09-02,biomass_median
True,0.0,True,0,True,2022-09-03,biomass_median
True,0.0,True,0,True,2022-09-04,biomass_median
True,0.0,True,0,True,2022-09-05,biomass_median
True,0.0,True,0,True,2022-09-06,biomass_median
True,0.0,True,0,True,2022-09-07,biomass_median
True,0.0,True,0,True,2022-09-08,biomass_median
True,0.0,True,0,True,2022-09-09,biomass_median
True,0.0,True,0,True,2022-09-10,biomass_median
True,0.0,True,0,True,2022-09-11,biomass_median
True,0.0,True,0,True,2022-09-12,biomass_median
True,0.0,True,0,True,2022-09-13,biomass_median
True,0.0,True,0,True,2022-09-14,biomass_median
True,0.0,True,0,True,2022-09-15,biomass_median
True,0.0,True,0,True,2022-09-16,biomass_median
True,0.0,True,0,True,2022-09-17,biomass_median
True,0.0,True,0,True,2022-09-18,biomass_median
True,0.0,True,0,True,2022-09-19,biomass_median
True,0.0,True,0,True,2022-09-20,biomass_median
True,0.0,True,0,True,2022-09-21,biomass_median
True,0.0,True,0,True,2022-09-22,biomass_median
True,0.0,True,0,True,2022-09-23,biomass_median
True,0.0,True,0,True,2022-09-24,biomass_median
True,0.0,True,0,True,2022-09-25,biomass_median
True,0.0,True,0,True,2022-09-26,biomass_median
True,0.0,True,0,True,2022-09-27,biomass_median
True,0.0,True,0,True,2022-09-28,biomass_median
True,0.0,True,0,True,2022-09-29,biomass_median
True,0.0,True,0,True,2022-09-30,biomass_median
True,0.0,True,0,True,2022-10-01,biomass_median
True,0.0,True,0,True,2022-10-02,biomass_median
True,0.0,True,0,True,2022-10-03,biomass_median
True,0.0,True,0,True,2022-10-04,biomass_median
True,0.0,True,0,True,2022-10-05,biomass_median
True,0.0,True,0,True,2022-10-06,biomass_median
True,0.0,True,0,True,2022-10-07,biomass_median
True,0.0,True,0,True,2022-10-08,biomass_median
True,0.0,True,0,True,2022-10-09,biomass_median
True,0.0,True,0,True,2022-10-10,biomass_median
True,0.0,True,0,True,2022-10-11,biomass_median
True,0.0,True,0,True,2022-10-12,biomass_median
True,0.0,True,0,True,2022-10-13,biomass_median
True,0.0,True,0,True,2022-10-14,biomass_median
True,0.0,True,0,True,2022-10-15,biomass_median
True,0.0,True,0,True,2022-10-16,biomass_median
True,0.0,True,0,True,2022-10-17,biomass_median
True,0.0,True,0,True,2022-10-18,biomass_median
True,0.0,True,0,True,2022-10-19,biomass_median
True,0.0,True,0,True,2022-10-20,biomass_median
True,0.0,True,0,True,2022-10-21,biomass_median
True,0.0,True,0,True,2022-10-22,biomass_median
True,0.0,True,0,True,2022-10-23,biomass_median
True,0.0,True,0,True,2022-10-24,biomass_median
True,0.0,True,0,True,2022-10-25,biomass_median
True,0.0,True,0,True,2022-10-26,biomass_median
True,0.0,True,0,True,2022-10-27,biomass_median
True,0.0,True,0,True,2022-10-28,biomass_median
True,0.0,True,0,True,2022-10-29,biomass_median
True,0.0,True,0,True,2022-10-30,biomass_median
True,0.0,True,0,True,2022-10-31,biomass_median
True,0.0,True,0,True,2022-11-01,biomass_median
True,0.0,True,0,True,2022-11-02,biomass_median
True,0.0,True,0,True,2022-11-03,biomass_median
True,0.0,True,0,True,2022-11-04,biomass_median
True,0.0,True,0,True,2022-11-05,biomass_median
True,0.0,True,0,True,2022-11-06,biomass_median
True,0.0,True,0,True,2022-11-07,biomass_median
True,0.0,True,0,True,2022-11-08,biomass_median
True,0.0,True,0,True,2022-11-09,biomass_median
True,0.0,True,0,True,2022-11-10,biomass_median
True,0.0,True,0,True,2022-11-11,biomass_median
True,0.0,True,0,True,2022-11-12,biomass_median
True,0.0,True,0,True,2022-11-13,biomass_median
True,0.0,True,0,True,2022-11-14,biomass_median
True,0.0,True,0,True,2022-11-15,biomass_median
True,0.0,True,0,True,2022-11-16,biomass_median
True,0.0,True,0,True,2022-11-17,biomass_median
True,0.0,True,0,True,2022-11-18,biomass_median
True,0.0,True,0,True,2022-11-19,biomass_median
True,0.0,True,0,True,2022-11-20,biomass_median
True,0.0,True,0,True,2022-11-21,biomass_median
True,0.0,True,0,True,2022-11-22,biomass_median
True,0.0,True,0,True,2022-11-23,biomass_median
True,0.0,True,0,True,2022-11-24,biomass_median
True,0.0,True,0,True,2022-11-25,biomass_median
True,0.0,True,0,True,2022-11-26,biomass_median
True,0.0,True,0,True,2022-11-27,biomass_median
True,0.0,True,0,True,2022-11-28,biomass_median
True,0.0,True,0,True,2022-11-29,biomass_median
True,0.0,True,0,True,2022-11-30,biomass_median
True,0.0,True,0,True,2022-12-01,biomass_median
True,0.0,True,0,True,2022-12-02,biomass_median
True,0.0,True,0,True,2022-12-03,biomass_median
True,0.0,True,0,True,2022-12-04,biomass_median
True,0.0,True,0,True,2022-12-05,biomass_median
True,0.0,True,0,True,2022-12-06,biomass_median
True,0.0,True,0,True,2022-12-07,biomass_median
True,0.0,True,0,True,2022-12-08,biomass_median
True,0.0,True,0,True,2022-12-09,biomass_median
True,0.0,True,0,True,2022-12-10,biomass_median
True,0.0,True,0,True,2022-12-11,biomass_median
True,0.0,True,0,True,2022-12-12,biomass_median
True,0.0,True,0,True,2022-12-13,biomass_median
True,0.0,True,0,True,2022-12-14,biomass_median
True,0.0,True,0,True,2022-12-15,biomass_median
True,0.0,True,0,True,2022-12-16,biomass_median
True,0.0,True,0,True,2022-12-17,biomass_median
True,0.0,True,0,True,2022-12-18,biomass_median
True,0.0,True,0,True,2022-12-19,biomass_median
True,0.0,True,0,True,2022-12-20,biomass_median
True,0.0,True,0,True,2022-12-21,biomass_median
True,0.0,True,0,True,2022-12-22,biomass_median
True,0.0,True,0,True,2022-12-23,biomass_median
True,0.0,True,0,True,2022-12-24,biomass_median
True,0.0,True,0,True,2022-12-25,biomass_median
True,0.0,True,0,True,2022-12-26,biomass_median
True,0.0,True,0,True,2022-12-27,biomass_median
True,0.0,True,0,True,2022-12-28,biomass_median
True,0.0,True,0,True,2022-12-29,biomass_median
True,0.0,True,0,True,2022-12-30,biomass_median
True,0.0,True,0,True,2022-12-31,biomass_median
True,0.0,True,0,True,2023-01-01,biomass_median
True,0.0,True,0,True,2023-01-02,biomass_median
True,0.0,True,0,True,2023-01-03,biomass_median
True,0.0,True,0,True,2023-01-04,biomass_median
True,0.0,True,0,True,2023-01-05,biomass_median
True,0.0,True,0,True,2023-01-06,biomass_median
True,0.0,True,0,True,2023-01-07,biomass_median
True,0.0,True,0,True,2023-01-08,biomass_median
True,0.0,True,0,True,2023-01-09,biomass_median
True,0.0,True,0,True,2023-01-10,biomass_median
True,0.0,True,0,True,2023-01-11,biomass_median
True,0.0,True,0,True,2023-01-12,biomass_median
True,0.0,True,0,True,2023-01-13,biomass_median
True,0.0,True,0,True,2023-01-14,biomass_median
True,0.0,True,0,True,2023-01-15,biomass_median
True,0.0,True,0,True,2023-01-16,biomass_median
True,0.0,True,0,True,2023-01-17,biomass_median
True,0.0,True,0,True,2023-01-18,biomass_median
True,0.0,True,0,True,2023-01-19,biomass_median
True,0.0,True,0,True,2023-01-20,biomass_median
True,0.0,True,0,True,2023-01-21,biomass_median
True,0.0,True,0,True,2023-01-22,biomass_median
True,0.0,True,0,True,2023-01-23,biomass_median
True,0.0,True,0,True,2023-01-24,biomass_median
True,0.0,True,0,True,2023-01-25,biomass_median
True,0.0,True,0,True,2023-01-26,biomass_median
True,0.0,True,0,True,2023-01-27,biomass_median
True,0.0,True,0,True,2023-01-28,biomass_median
True,0.0,True,0,True,2023-01-29,biomass_median
True,0.0,True,0,True,2023-01-30,biomass_median
True,0.0,True,0,True,2023-01-31,biomass_median
True,0.0,True,0,True,2023-02-01,biomass_median
True,0.0,True,0,True,2023-02-02,biomass_median
True,0.0,True,0,True,2023-02-03,biomass_median
True,0.0,True,0,True,2023-02-04,biomass_median
True,0.0,True,0,True,2023-02-05,biomass_median
True,0.0,True,0,True,2023-02-06,biomass_median
True,0.0,True,0,True,2023-02-07,biomass_median
True,0.0,True,0,True,2023-02-08,biomass_median
True,0.0,True,0,True,2023-02-09,biomass_median
True,0.0,True,0,True,2023-02-10,biomass_median
True,0.0,True,0,True,2023-02-11,biomass_median
True,0.0,True,0,True,2023-02-12,biomass_median
True,0.0,True,0,True,2023-02-13,biomass_median
True,0.0,True,0,True,2023-02-14,biomass_median
True,0.0,True,0,True,2023-02-15,biomass_median
True,0.0,True,0,True,2023-02-16,biomass_median
True,0.0,True,0,True,2023-02-17,biomass_median
True,0.0,True,0,True,2023-02-18,biomass_median
True,0.0,True,0,True,2023-02-19,biomass_median
True,0.0,True,0,True,2023-02-20,biomass_median
True,0.0,True,0,True,2023-02-21,biomass_median
True,0.0,True,0,True,2023-02-22,biomass_median
True,0.0,True,0,True,2023-02-23,biomass_median
True,0.0,True,0,True,2023-02-24,biomass_median
True,0.0,True,0,True,2023-02-25,biomass_median
True,0.0,True,0,True,2023-02-26,biomass_median
True,0.0,True,0,True,2023-02-27,biomass_median
True,0.0,True,0,True,2023-02-28,biomass_median
True,0.0,True,0,True,2023-03-01,biomass_median
True,0.0,True,0,True,2023-03-02,biomass_median
True,0.0,True,0,True,2023-03-03,biomass_median
True,0.0,True,0,True,2023-03-04,biomass_median
True,0.0,True,0,True,2023-03-05,biomass_median
True,0.0,True,0,True,2023-03-06,biomass_median
True,0.0,True,0,True,2023-03-07,biomass_median
True,0.0,True,0,True,2023-03-08,biomass_median
True,0.0,True,0,True,2023-03-09,biomass_median
True,0.0,True,0,True,2023-03-10,biomass_median
True,0.0,True,0,True,2023-03-11,biomass_median
True,0.0,True,0,True,2023-03-12,biomass_median
True,0.0,True,0,True,2023-03-13,biomass_median
True,0.0,True,0,True,2023-03-14,biomass_median
True,0.0,True,0,True,2023-03-15,biomass_median
True,0.0,True,0,True,2023-03-16,biomass_median
True,0.0,True,0,True,2023-03-17,biomass_median
True,0.0,True,0,True,2023-03-18,biomass_median
True,0.0,True,0,True,2023-03-19,biomass_median
True,0.0,True,0,True,2023-03-20,biomass_median
True,0.0,True,0,True,2023-03-21,biomass_median
True,0.0,True,0,True,2023-03-22,biomass_median
True,0.0,True,0,True,2023-03-23,biomass_median
True,0.0,True,0,True,2023-03-24,biomass_median
True,0.0,True,0,True,2023-03-25,biomass_median
True,0.0,True,0,True,2023-03-26,biomass_median
True,0.0,True,0,True,2023-03-27,biomass_median
True,0.0,True,0,True,2023-03-28,biomass_median
True,0.0,True,0,True,2023-03-29,biomass_median
True,0.0,True,0,True,2023-03-30,biomass_median
True,0.0,True,0,True,2023-03-31,biomass_median
True,0.0,True,0,True,2023-04-01,biomass_median
True,0.0,True,0,True,2023-04-02,biomass_median
True,0.0,True,0,True,2023-04-03,biomass_median
True,0.0,True,0,True,2023-04-04,biomass_median
True,0.0,True,0,True,2023-04-05,biomass_median
True,0.0,True,0,True,2023-04-06,biomass_median
True,0.0,True,0,True,2023-04-07,biomass_median
True,0.0,True,0,True,2023-04-08,biomass_median
True,0.0,True,0,True,2023-04-09,biomass_median
True,0.0,True,0,True,2023-04-10,biomass_median
True,0.0,True,0,True,2023-04-11,biomass_median
True,0.0,True,0,True,2023-04-12,biomass_median
True,0.0,True,0,True,2023-04-13,biomass_median
True,0.0,True,0,True,2023-04-14,biomass_median
True,0.0,True,0,True,2023-04-15,biomass_median
True,0.0,True,0,True,2023-04-16,biomass_median
True,0.0,True,0,True,2023-04-17,biomass_median
True,0.0,True,0,True,2023-04-18,biomass_median
True,0.0,True,0,True,2023-04-19,biomass_median
True,0.0,True,0,True,2023-04-20,biomass_median
True,0.0,True,0,True,2023-04-21,biomass_median
True,0.0,True,0,True,2023-04-22,biomass_median
True,0.0,True,0,True,2023-04-23,biomass_median
True,0.0,True,0,True,2023-04-24,biomass_median
True,0.0,True,0,True,2023-04-25,biomass_median
True,0.0,True,0,True,2023-04-26,biomass_median
True,0.0,True,0,True,2023-04-27,biomass_median
True,0.0,True,0,True,2023-04-28,biomass_median
True,0.0,True,0,True,2023-04-29,biomass_median
True,0.0,True,0,True,2023-04-30,biomass_median
True,0.0,True,0,True,2023-05-01,biomass_median
True,0.0,True,0,True,2023-05-02,biomass_median
True,0.0,True,0,True,2023-05-03,biomass_median
True,0.0,True,0,True,2023-05-04,biomass_median
True,0.0,True,0,True,2023-05-05,biomass_median
True,0.0,True,0,True,2023-05-06,biomass_median
True,0.0,True,0,True,2023-05-07,biomass_median
True,0.0,True,0,True,2023-05-08,biomass_median
True,0.0,True,0,True,2023-05-09,biomass_median
True,0.0,True,0,True,2023-05-10,biomass_median
True,0.0,True,0,True,2023-05-11,biomass_median
True,0.0,True,0,True,2023-05-12,biomass_median
True,0.0,True,0,True,2023-05-13,biomass_median
True,0.0,True,0,True,2023-05-14,biomass_median
True,0.0,True,0,True,2023-05-15,biomass_median
True,0.0,True,0,True,2023-05-16,biomass_median
True,0.0,True,0,True,2023-05-17,biomass_median
True,0.0,True,0,True,2023-05-18,biomass_median
True,0.0,True,0,True,2023-05-19,biomass_median
True,0.0,True,0,True,2023-05-20,biomass_median
True,0.0,True,0,True,2023-05-21,biomass_median
True,0.0,True,0,True,2023-05-22,biomass_median
True,0.0,True,0,True,2023-05-23,biomass_median
True,0.0,True,0,True,2023-05-24,biomass_median
True,0.0,True,0,True,2023-05-25,biomass_median
True,0.0,True,0,True,2023-05-26,biomass_median
True,0.0,True,0,True,2023-05-27,biomass_median
True,0.0,True,0,True,2023-05-28,biomass_median
True,0.0,True,0,True,2023-05-29,biomass_median
True,0.0,True,0,True,2023-05-30,biomass_median
True,0.0,True,0,True,2023-05-31,biomass_median
True,0.0,True,0,True,2023-06-01,biomass_median
True,0.0,True,0,True,2023-06-02,biomass_median
True,0.0,True,0,True,2023-06-03,biomass_median
True,0.0,True,0,True,2023-06-04,biomass_median
True,0.0,True,0,True,2023-06-05,biomass_median
True,0.0,True,0,True,2023-06-06,biomass_median
True,0.0,True,0,True,2023-06-07,biomass_median
True,0.0,True,0,True,2023-06-08,biomass_median
True,0.0,True,0,True,2023-06-09,biomass_median
True,0.0,True,0,True,2023-06-10,biomass_median
True,0.0,True,0,True,2023-06-11,biomass_median
True,0.0,True,0,True,2023-06-12,biomass_median
True,0.0,True,0,True,2023-06-13,biomass_median
True,0.0,True,0,True,2023-06-14,biomass_median
True,0.0,True,0,True,2023-06-15,biomass_median
True,0.0,True,0,True,2023-06-16,biomass_median
True,0.0,True,0,True,2023-06-17,biomass_median
True,0.0,True,0,True,2023-06-18,biomass_median
True,0.0,True,0,True,2023-06-19,biomass_median
True,0.0,True,0,True,2023-06-20,biomass_median
True,0.0,True,0,True,2023-06-21,biomass_median
True,0.0,True,0,True,2023-06-22,biomass_median
True,0.0,True,0,True,2023-06-23,biomass_median
True,0.0,True,0,True,2023-06-24,biomass_median
True,0.0,True,0,True,2023-06-25,biomass_median
True,0.0,True,0,True,2023-06-26,biomass_median
True,0.0,True,0,True,2023-06-27,biomass_median
True,0.0,True,0,True,2023-06-28,biomass_median
True,0.0,True,0,True,2023-06-29,biomass_median
True,0.0,True,0,True,2023-06-30,biomass_median
True,0.0,True,0,True,2023-07-01,biomass_median
True,0.0,True,0,True,2023-07-02,biomass_median
True,0.0,True,0,True,2023-07-03,biomass_median
True,0.0,True,0,True,2023-07-04,biomass_median
True,0.0,True,0,True,2023-07-05,biomass_median
True,0.0,True,0,True,2023-07-06,biomass_median
True,0.0,True,0,True,2023-07-07,biomass_median
True,0.0,True,0,True,2023-07-08,biomass_median
True,0.0,True,0,True,2023-07-09,biomass_median
True,0.0,True,0,True,2023-07-10,biomass_median
True,0.0,True,0,True,2023-07-11,biomass_median
True,0.0,True,0,True,2023-07-12,biomass_median
True,0.0,True,0,True,2023-07-13,biomass_median
True,0.0,True,0,True,2023-07-14,biomass_median
True,0.0,True,0,True,2023-07-15,biomass_median
True,0.0,True,0,True,2023-07-16,biomass_median
True,0.0,True,0,True,2023-07-17,biomass_median
True,0.0,True,0,True,2023-07-18,biomass_median
True,0.0,True,0,True,2023-07-19,biomass_median
True,0.0,True,0,True,2023-07-20,biomass_median
True,0.0,True,0,True,2023-07-21,biomass_median
True,0.0,True,0,True,2023-07-22,biomass_median
True,0.0,True,0,True,2023-07-23,biomass_median
True,0.0,True,0,True,2023-07-24,biomass_median
True,0.0,True,0,True,2023-07-25,biomass_median
True,0.0,True,0,True,2023-07-26,biomass_median
True,0.0,True,0,True,2023-07-27,biomass_median
True,0.0,True,0,True,2023-07-28,biomass_median
True,0.0,True,0,True,2023-07-29,biomass_median
True,0.0,True,0,True,2023-07-30,biomass_median
True,0.0,True,0,True,2023-07-31,biomass_median
True,0.0,True,0,True,2023-08-01,biomass_median
True,0.0,True,0,True,2023-08-02,biomass_median
True,0.0,True,0,True,2023-08-03,biomass_median
True,0.0,True,0,True,2023-08-04,biomass_median
True,0.0,True,0,True,2023-08-05,biomass_median
True,0.0,True,0,True,2023-08-06,biomass_median
True,0.0,True,0,True,2023-08-07,biomass_median
True,0.0,True,0,True,2023-08-08,biomass_median
True,0.0,True,0,True,2023-08-09,biomass_median
True,0.0,True,0,True,2023-08-10,biomass_median
True,0.0,True,0,True,2023-08-11,biomass_median
True,0.0,True,0,True,2023-08-12,biomass_median
True,0.0,True,0,True,2023-08-13,biomass_median
True,0.0,True,0,True,2023-08-14,biomass_median
True,0.0,True,0,True,2023-08-15,biomass_median
True,0.0,True,0,True,2023-08-16,biomass_median
True,0.0,True,0,True,2023-08-17,biomass_median
True,0.0,True,0,True,2023-08-18,biomass_median
True,0.0,True,0,True,2023-08-19,biomass_median
True,0.0,True,0,True,2023-08-20,biomass_median
True,0.0,True,0,True,2023-08-21,biomass_median
True,0.0,True,0,True,2023-08-22,biomass_median
True,0.0,True,0,True,2023-08-23,biomass_median
True,0.0,True,0,True,2023-08-24,biomass_median
True,0.0,True,0,True,2023-08-25,biomass_median
True,0.0,True,0,True,2023-08-26,biomass_median
True,0.0,True,0,True,2023-08-27,biomass_median
True,0.0,True,0,True,2023-08-28,biomass_median
True,0.0,True,0,True,2023-08-29,biomass_median
True,0.0,True,0,True,2023-08-30,biomass_median
True,0.0,True,0,True,2023-08-31,biomass_median
True,0.0,True,0,True,2023-09-01,biomass_median
True,0.0,True,0,True,2023-09-02,biomass_median
True,0.0,True,0,True,2023-09-03,biomass_median
True,0.0,True,0,True,2023-09-04,biomass_median
True,0.0,True,0,True,2023-09-05,biomass_median
True,0.0,True,0,True,2023-09-06,biomass_median
True,0.0,True,0,True,2023-09-07,biomass_median
True,0.0,True,0,True,2023-09-08,biomass_median
True,0.0,True,0,True,2023-09-09,biomass_median
True,0.0,True,0,True,2023-09-10,biomass_median
True,0.0,True,0,True,2023-09-11,biomass_median
True,0.0,True,0,True,2023-09-12,biomass_median
True,0.0,True,0,True,2023-09-13,biomass_median
True,0.0,True,0,True,2023-09-14,biomass_median
True,0.0,True,0,True,2023-09-15,biomass_median
True,0.0,True,0,True,2023-09-16,biomass_median
True,0.0,True,0,True,2023-09-17,biomass_median
True,0.0,True,0,True,2023-09-18,biomass_median
True,0.0,True,0,True,2023-09-19,biomass_median
True,0.0,True,0,True,2023-09-20,biomass_median
True,0.0,True,0,True,2023-09-21,biomass_median
True,0.0,True,0,True,2023-09-22,biomass_median
True,0.0,True,0,True,2023-09-23,biomass_median
True,0.0,True,0,True,2023-09-24,biomass_median
True,0.0,True,0,True,2023-09-25,biomass_median
True,0.0,True,0,True,2023-09-26,biomass_median
True,0.0,True,0,True,2023-09-27,biomass_median
True,0.0,True,0,True,2023-09-28,biomass_median
True,0.0,True,0,True,2023-09-29,biomass_median
True,0.0,True,0,True,2023-09-30,biomass_median
True,0.0,True,0,True,2023-10-01,biomass_median
True,0.0,True,0,True,2023-10-02,biomass_median
True,0.0,True,0,True,2023-10-03,biomass_median
True,0.0,True,0,True,2023-10-04,biomass_median
True,0.0,True,0,True,2023-10-05,biomass_median
True,0.0,True,0,True,2023-10-06,biomass_median
True,0.0,True,0,True,2023-10-07,biomass_median
True,0.0,True,0,True,2023-10-08,biomass_median
True,0.0,True,0,True,2023-10-09,biomass_median
True,0.0,True,0,True,2023-10-10,biomass_median
True,0.0,True,0,True,2023-10-11,biomass_median
True,0.0,True,0,True,2023-10-12,biomass_median
True,0.0,True,0,True,2023-10-13,biomass_median
True,0.0,True,0,True,2023-10-14,biomass_median
True,0.0,True,0,True,2023-10-15,biomass_median
True,0.0,True,0,True,2023-10-16,biomass_median
True,0.0,True,0,True,2023-10-17,biomass_median
True,0.0,True,0,True,2023-10-18,biomass_median
True,0.0,True,0,True,2023-10-19,biomass_median
True,0.0,True,0,True,2023-10-20,biomass_median
True,0.0,True,0,True,2023-10-21,biomass_median
True,0.0,True,0,True,2023-10-22,biomass_median
True,0.0,True,0,True,2023-10-23,biomass_median
True,0.0,True,0,True,2023-10-24,biomass_median
True,0.0,True,0,True,2023-10-25,biomass_median
True,0.0,True,0,True,2023-10-26,biomass_median
True,0.0,True,0,True,2023-10-27,biomass_median
True,0.0,True,0,True,2023-10-28,biomass_median
True,0.0,True,0,True,2023-10-29,biomass_median
True,0.0,True,0,True,2023-10-30,biomass_median
True,0.0,True,0,True,2023-10-31,biomass_median
True,0.0,True,0,True,2023-11-01,biomass_median
True,0.0,True,0,True,2023-11-02,biomass_median
True,0.0,True,0,True,2023-11-03,biomass_median
True,0.0,True,0,True,2023-11-04,biomass_median
True,0.0,True,0,True,2023-11-05,biomass_median
True,0.0,True,0,True,2023-11-06,biomass_median
True,0.0,True,0,True,2023-11-07,biomass_median
True,0.0,True,0,True,2023-11-08,biomass_median
True,0.0,True,0,True,2023-11-09,biomass_median
True,0.0,True,0,True,2023-11-10,biomass_median
True,0.0,True,0,True,2023-11-11,biomass_median
True,0.0,True,0,True,2023-11-12,biomass_median
True,0.0,True,0,True,2023-11-13,biomass_median
True,0.0,True,0,True,2023-11-14,biomass_median
True,0.0,True,0,True,2023-11-15,biomass_median
True,0.0,True,0,True,2023-11-16,biomass_median
True,0.0,True,0,True,2023-11-17,biomass_median
True,0.0,True,0,True,2023-11-18,biomass_median
True,0.0,True,0,True,2023-11-19,biomass_median
True,0.0,True,0,True,2023-11-20,biomass_median
True,0.0,True,0,True,2023-11-21,biomass_median
True,0.0,True,0,True,2023-11-22,biomass_median
True,0.0,True,0,True,2023-11-23,biomass_median
True,0.0,True,0,True,2023-11-24,biomass_median
True,0.0,True,0,True,2023-11-25,biomass_median
True,0.0,True,0,True,2023-11-26,biomass_median
True,0.0,True,0,True,2023-11-27,biomass_median
True,0.0,True,0,True,2023-11-28,biomass_median
True,0.0,True,0,True,2023-11-29,biomass_median
True,0.0,True,0,True,2023-11-30,biomass_median
True,0.0,True,0,True,2023-12-01,biomass_median
True,0.0,True,0,True,2023-12-02,biomass_median
True,0.0,True,0,True,2023-12-03,biomass_median
True,0.0,True,0,True,2023-12-04,biomass_median
True,0.0,True,0,True,2023-12-05,biomass_median
True,0.0,True,0,True,2023-12-06,biomass_median
True,0.0,True,0,True,2023-12-07,biomass_median
True,0.0,True,0,True,2023-12-08,biomass_median
True,0.0,True,0,True,2023-12-09,biomass_median
True,0.0,True,0,True,2023-12-10,biomass_median
True,0.0,True,0,True,2023-12-11,biomass_median
True,0.0,True,0,True,2023-12-12,biomass_median
True,0.0,True,0,True,2023-12-13,biomass_median
True,0.0,True,0,True,2023-12-14,biomass_median
True,0.0,True,0,True,2023-12-15,biomass_median
True,0.0,True,0,True,2023-12-16,biomass_median
True,0.0,True,0,True,2023-12-17,biomass_median
True,0.0,True,0,True,2023-12-18,biomass_median
True,0.0,True,0,True,2023-12-19,biomass_median
True,0.0,True,0,True,2023-12-20,biomass_median
True,0.0,True,0,True,2023-12-21,biomass_median
True,0.0,True,0,True,2023-12-22,biomass_median
True,0.0,True,0,True,2023-12-23,biomass_median
True,0.0,True,0,True,2023-12-24,biomass_median
True,0.0,True,0,True,2023-12-25,biomass_median
True,0.0,True,0,True,2023-12-26,biomass_median
True,0.0,True,0,True,2023-12-27,biomass_median
True,0.0,True,0,True,2023-12-28,biomass_median
True,0.0,True,0,True,2023-12-29,biomass_median
True,0.0,True,0,True,2023-12-30,biomass_median
True,0.0,True,0,True,2023-12-31,biomass_median
True,0.0,True,0,True,2024-01-01,biomass_median
True,0.0,True,0,True,2024-01-02,biomass_median
True,0.0,True,0,True,2024-01-03,biomass_median
True,0.0,True,0,True,2024-01-04,biomass_median
True,0.0,True,0,True,2024-01-05,biomass_median
True,0.0,True,0,True,2024-01-06,biomass_median
True,0.0,True,0,True,2024-01-07,biomass_median
True,0.0,True,0,True,2024-01-08,biomass_median
True,0.0,True,0,True,2024-01-09,biomass_median
True,0.0,True,0,True,2024-01-10,biomass_median
True,0.0,True,0,True,2024-01-11,biomass_median
True,0.0,True,0,True,2024-01-12,biomass_median
True,0.0,True,0,True,2024-01-13,biomass_median
True,0.0,True,0,True,2024-01-14,biomass_median
True,0.0,True,0,True,2024-01-15,biomass_median
True,0.0,True,0,True,2024-01-16,biomass_median
True,0.0,True,0,True,2024-01-17,biomass_median
True,0.0,True,0,True,2024-01-18,biomass_median
True,0.0,True,0,True,2024-01-19,biomass_median
True,0.0,True,0,True,2024-01-20,biomass_median
True,0.0,True,0,True,2024-01-21,biomass_median
True,0.0,True,0,True,2024-01-22,biomass_median
True,0.0,True,0,True,2024-01-23,biomass_median
True,0.0,True,0,True,2024-01-24,biomass_median
True,0.0,True,0,True,2024-01-25,biomass_median
True,0.0,True,0,True,2024-01-26,biomass_median
True,0.0,True,0,True,2024-01-27,biomass_median
True,0.0,True,0,True,2024-01-28,biomass_median
True,0.0,True,0,True,2024-01-29,biomass_median
True,0.0,True,0,True,2024-01-30,biomass_median
True,0.0,True,0,True,2024-01-31,biomass_median
True,0.0,True,0,True,2024-02-01,biomass_median
True,0.0,True,0,True,2024-02-02,biomass_median
True,0.0,True,0,True,2024-02-03,biomass_median
True,0.0,True,0,True,2024-02-04,biomass_median
True,0.0,True,0,True,2024-02-05,biomass_median
True,0.0,True,0,True,2024-02-06,biomass_median
True,0.0,True,0,True,2024-02-07,biomass_median
True,0.0,True,0,True,2024-02-08,biomass_median
True,0.0,True,0,True,2024-02-09,biomass_median
True,0.0,True,0,True,2024-02-10,biomass_median
True,0.0,True,0,True,2024-02-11,biomass_median
True,0.0,True,0,True,2024-02-12,biomass_median
True,0.0,True,0,True,2024-02-13,biomass_median
True,0.0,True,0,True,2024-02-14,biomass_median
True,0.0,True,0,True,2024-02-15,biomass_median
True,0.0,True,0,True,2024-02-16,biomass_median
True,0.0,True,0,True,2024-02-17,biomass_median
True,0.0,True,0,True,2024-02-18,biomass_median
True,0.0,True,0,True,2024-02-19,biomass_median
True,0.0,True,0,True,2024-02-20,biomass_median
True,0.0,True,0,True,2024-02-21,biomass_median
True,0.0,True,0,True,2024-02-22,biomass_median
True,0.0,True,0,True,2024-02-23,biomass_median
True,0.0,True,0,True,2024-02-24,biomass_median
True,0.0,True,0,True,2024-02-25,biomass_median
True,0.0,True,0,True,2024-02-26,biomass_median
True,0.0,True,0,True,2024-02-27,biomass_median
True,0.0,True,0,True,2024-02-28,biomass_median
True,0.0,True,0,True,2024-02-29,biomass_median
True,0.0,True,0,True,2024-03-01,biomass_median
True,0.0,True,0,True,2024-03-02,biomass_median
True,0.0,True,0,True,2024-03-03,biomass_median
True,0.0,True,0,True,2024-03-04,biomass_median
True,0.0,True,0,True,2024-03-05,biomass_median
True,0.0,True,0,True,2024-03-06,biomass_median
True,0.0,True,0,True,2024-03-07,biomass_median
True,0.0,True,0,True,2024-03-08,biomass_median
True,0.0,True,0,True,2024-03-09,biomass_median
True,0.0,True,0,True,2024-03-10,biomass_median
True,0.0,True,0,True,2024-03-11,biomass_median
True,0.0,True,0,True,2024-03-12,biomass_median
True,0.0,True,0,True,2024-03-13,biomass_median
True,0.0,True,0,True,2024-03-14,biomass_median
True,0.0,True,0,True,2024-03-15,biomass_median
True,0.0,True,0,True,2024-03-16,biomass_median
True,0.0,True,0,True,2024-03-17,biomass_median
True,0.0,True,0,True,2024-03-18,biomass_median
True,0.0,True,0,True,2024-03-19,biomass_median
True,0.0,True,0,True,2024-03-20,biomass_median
True,0.0,True,0,True,2024-03-21,biomass_median
True,0.0,True,0,True,2024-03-22,biomass_median
True,0.0,True,0,True,2024-03-23,biomass_median
True,0.0,True,0,True,2024-03-24,biomass_median
True,0.0,True,0,True,2024-03-25,biomass_median
True,0.0,True,0,True,2024-03-26,biomass_median
True,0.0,True,0,True,2024-03-27,biomass_median
True,0.0,True,0,True,2024-03-28,biomass_median
True,0.0,True,0,True,2024-03-29,biomass_median
True,0.0,True,0,True,2024-03-30,biomass_median
True,0.0,True,0,True,2024-03-31,biomass_median
True,0.0,True,0,True,2024-04-01,biomass_median
True,0.0,True,0,True,2024-04-02,biomass_median
True,0.0,True,0,True,2024-04-03,biomass_median
True,0.0,True,0,True,2024-04-04,biomass_median
True,0.0,True,0,True,2024-04-05,biomass_median
True,0.0,True,0,True,2024-04-06,biomass_median
True,0.0,True,0,True,2024-04-07,biomass_median
True,0.0,True,0,True,2024-04-08,biomass_median
True,0.0,True,0,True,2024-04-09,biomass_median
True,0.0,True,0,True,2024-04-10,biomass_median
True,0.0,True,0,True,2024-04-11,biomass_median
True,0.0,True,0,True,2024-04-12,biomass_median
True,0.0,True,0,True,2024-04-13,biomass_median
True,0.0,True,0,True,2024-04-14,biomass_median
True,0.0,True,0,True,2024-04-15,biomass_median
True,0.0,True,0,True,2024-04-16,biomass_median
True,0.0,True,0,True,2024-04-17,biomass_median
True,0.0,True,0,True,2024-04-18,biomass_median
True,0.0,True,0,True,2024-04-19,biomass_median
True,0.0,True,0,True,2024-04-20,biomass_median
True,0.0,True,0,True,2024-04-21,biomass_median
True,0.0,True,0,True,2024-04-22,biomass_median
True,0.0,True,0,True,2024-04-23,biomass_median
True,0.0,True,0,True,2024-04-24,biomass_median
True,0.0,True,0,True,2024-04-25,biomass_median
True,0.0,True,0,True,2024-04-26,biomass_median
True,0.0,True,0,True,2024-04-27,biomass_median
True,0.0,True,0,True,2024-04-28,biomass_median
True,0.0,True,0,True,2024-04-29,biomass_median
True,0.0,True,0,True,2024-04-30,biomass_median
True,0.0,True,0,True,2024-05-01,biomass_median
True,0.0,True,0,True,2024-05-02,biomass_median
True,0.0,True,0,True,2024-05-03,biomass_median
True,0.0,True,0,True,2024-05-04,biomass_median
True,0.0,True,0,True,2024-05-05,biomass_median
True,0.0,True,0,True,2024-05-06,biomass_median
True,0.0,True,0,True,2024-05-07,biomass_median
True,0.0,True,0,True,2024-05-08,biomass_median
True,0.0,True,0,True,2024-05-09,biomass_median
True,0.0,True,0,True,2024-05-10,biomass_median
True,0.0,True,0,True,2024-05-11,biomass_median
True,0.0,True,0,True,2024-05-12,biomass_median
True,0.0,True,0,True,2024-05-13,biomass_median
True,0.0,True,0,True,2024-05-14,biomass_median
True,0.0,True,0,True,2024-05-15,biomass_median
True,0.0,True,0,True,2024-05-16,biomass_median
True,0.0,True,0,True,2024-05-17,biomass_median
True,0.0,True,0,True,2024-05-18,biomass_median
True,0.0,True,0,True,2024-05-19,biomass_median
True,0.0,True,0,True,2024-05-20,biomass_median
True,0.0,True,0,True,2024-05-21,biomass_median
True,0.0,True,0,True,2024-05-22,biomass_median
True,0.0,True,0,True,2024-05-23,biomass_median
True,0.0,True,0,True,2024-05-24,biomass_median
True,0.0,True,0,True,2024-05-25,biomass_median
True,0.0,True,0,True,2024-05-26,biomass_median
True,0.0,True,0,True,2024-05-27,biomass_median
True,0.0,True,0,True,2024-05-28,biomass_median
True,0.0,True,0,True,2024-05-29,biomass_median
True,0.0,True,0,True,2024-05-30,biomass_median
True,0.0,True,0,True,2024-05-31,biomass_median
True,0.0,True,0,True,2024-06-01,biomass_median
True,0.0,True,0,True,2024-06-02,biomass_median
True,0.0,True,0,True,2024-06-03,biomass_median
True,0.0,True,0,True,2024-06-04,biomass_median
True,0.0,True,0,True,2024-06-05,biomass_median
True,0.0,True,0,True,2024-06-06,biomass_median
True,0.0,True,0,True,2024-06-07,biomass_median
True,0.0,True,0,True,2024-06-08,biomass_median
True,0.0,True,0,True,2024-06-09,biomass_median
True,0.0,True,0,True,2024-06-10,biomass_median
True,0.0,True,0,True,2024-06-11,biomass_median
True,0.0,True,0,True,2024-06-12,biomass_median
True,0.0,True,0,True,2024-06-13,biomass_median
True,0.0,True,0,True,2024-06-14,biomass_median
True,0.0,True,0,True,2024-06-15,biomass_median
True,0.0,True,0,True,2024-06-16,biomass_median
True,0.0,True,0,True,2024-06-17,biomass_median
True,0.0,True,0,True,2024-06-18,biomass_median
True,0.0,True,0,True,2024-06-19,biomass_median
True,0.0,True,0,True,2024-06-20,biomass_median
True,0.0,True,0,True,2024-06-21,biomass_median
True,0.0,True,0,True,2024-06-22,biomass_median
True,0.0,True,0,True,2024-06-23,biomass_median
True,0.0,True,0,True,2024-06-24,biomass_median
True,0.0,True,0,True,2024-06-25,biomass_median
True,0.0,True,0,True,2024-06-26,biomass_median
True,0.0,True,0,True,2024-06-27,biomass_median
True,0.0,True,0,True,2024-06-28,biomass_median
True,0.0,True,0,True,2024-06-29,biomass_median
True,0.0,True,0,True,2024-06-30,biomass_median
True,0.0,True,0,True,2024-07-01,biomass_median
True,0.0,True,0,True,2024-07-02,biomass_median
True,0.0,True,0,True,2024-07-03,biomass_median
True,0.0,True,0,True,2024-07-04,biomass_median
True,0.0,True,0,True,2024-07-05,biomass_median
True,0.0,True,0,True,2024-07-06,biomass_median
True,0.0,True,0,True,2024-07-07,biomass_median
True,0.0,True,0,True,2024-07-08,biomass_median
True,0.0,True,0,True,2024-07-09,biomass_median
True,0.0,True,0,True,2024-07-10,biomass_median
True,0.0,True,0,True,2024-07-11,biomass_median
True,0.0,True,0,True,2024-07-12,biomass_median
True,0.0,True,0,True,2024-07-13,biomass_median
True,0.0,True,0,True,2024-07-14,biomass_median
True,0.0,True,0,True,2024-07-15,biomass_median
True,0.0,True,0,True,2024-07-16,biomass_median
True,0.0,True,0,True,2024-07-17,biomass_median
True,0.0,True,0,True,2024-07-18,biomass_median
True,0.0,True,0,True,2024-07-19,biomass_median
True,0.0,True,0,True,2024-07-20,biomass_median
True,0.0,True,0,True,2024-07-21,biomass_median
True,0.0,True,0,True,2024-07-22,biomass_median
True,0.0,True,0,True,2024-07-23,biomass_median
True,0.0,True,0,True,2024-07-24,biomass_median
True,0.0,True,0,True,2024-07-25,biomass_median
True,0.0,True,0,True,2024-07-26,biomass_median
True,0.0,True,0,True,2024-07-27,biomass_median
True,0.0,True,0,True,2024-07-28,biomass_median
True,0.0,True,0,True,2024-07-29,biomass_median
True,0.0,True,0,True,2024-07-30,biomass_median
True,0.0,True,0,True,2024-07-31,biomass_median
True,0.0,True,0,True,2024-08-01,biomass_median
True,0.0,True,0,True,2024-08-02,biomass_median
True,0.0,True,0,True,2024-08-03,biomass_median
True,0.0,True,0,True,2024-08-04,biomass_median
True,0.0,True,0,True,2024-08-05,biomass_median
True,0.0,True,0,True,2024-08-06,biomass_median
True,0.0,True,0,True,2024-08-07,biomass_median
True,0.0,True,0,True,2024-08-08,biomass_median
True,0.0,True,0,True,2024-08-09,biomass_median
True,0.0,True,0,True,2024-08-10,biomass_median
True,0.0,True,0,True,2024-08-11,biomass_median
True,0.0,True,0,True,2024-08-12,biomass_median
True,0.0,True,0,True,2024-08-13,biomass_median
True,0.0,True,0,True,2024-08-14,biomass_median
True,0.0,True,0,True,2024-08-15,biomass_median
True,0.0,True,0,True,2024-08-16,biomass_median
True,0.0,True,0,True,2024-08-17,biomass_median
True,0.0,True,0,True,2024-08-18,biomass_median
True,0.0,True,0,True,2024-08-19,biomass_median
True,0.0,True,0,True,2024-08-20,biomass_median
True,0.0,True,0,True,2024-08-21,biomass_median
True,0.0,True,0,True,2024-08-22,biomass_median
True,0.0,True,0,True,2024-08-23,biomass_median
True,0.0,True,0,True,2024-08-24,biomass_median
True,0.0,True,0,True,2024-08-25,biomass_median
True,0.0,True,0,True,2024-08-26,biomass_median
True,0.0,True,0,True,2024-08-27,biomass_median
True,0.0,True,0,True,2024-08-28,biomass_median
True,0.0,True,0,True,2024-08-29,biomass_median
True,0.0,True,0,True,2024-08-30,biomass_median
True,0.0,True,0,True,2024-08-31,biomass_median
True,0.0,True,0,True,2024-09-01,biomass_median
True,0.0,True,0,True,2024-09-02,biomass_median
True,0.0,True,0,True,2024-09-03,biomass_median
True,0.0,True,0,True,2024-09-04,biomass_median
True,0.0,True,0,True,2024-09-05,biomass_median
True,0.0,True,0,True,2024-09-06,biomass_median
True,0.0,True,0,True,2024-09-07,biomass_median
True,0.0,True,0,True,2024-09-08,biomass_median
True,0.0,True,0,True,2024-09-09,biomass_median
True,0.0,True,0,True,2024-09-10,biomass_median
True,0.0,True,0,True,2024-09-11,biomass_median
True,0.0,True,0,True,2024-09-12,biomass_median
True,0.0,True,0,True,2024-09-13,biomass_median
True,0.0,True,0,True,2024-09-14,biomass_median
True,0.0,True,0,True,2024-09-15,biomass_median
True,0.0,True,0,True,2024-09-16,biomass_median
True,0.0,True,0,True,2024-09-17,biomass_median
True,0.0,True,0,True,2024-09-18,biomass_median
True,0.0,True,0,True,2024-09-19,biomass_median
True,0.0,True,0,True,2024-09-20,biomass_median
True,0.0,True,0,True,2024-09-21,biomass_median
True,0.0,True,0,True,2024-09-22,biomass_median
True,0.0,True,0,True,2024-09-23,biomass_median
True,0.0,True,0,True,2024-09-24,biomass_median
True,0.0,True,0,True,2024-09-25,biomass_median
True,0.0,True,0,True,2024-09-26,biomass_median
True,0.0,True,0,True,2024-09-27,biomass_median
True,0.0,True,0,True,2024-09-28,biomass_median
True,0.0,True,0,True,2024-09-29,biomass_median
True,0.0,True,0,True,2024-09-30,biomass_median
True,0.0,True,0,True,2024-10-01,biomass_median
True,0.0,True,0,True,2024-10-02,biomass_median
True,0.0,True,0,True,2024-10-03,biomass_median
True,0.0,True,0,True,2024-10-04,biomass_median
True,0.0,True,0,True,2024-10-05,biomass_median
True,0.0,True,0,True,2024-10-06,biomass_median
True,0.0,True,0,True,2024-10-07,biomass_median
True,0.0,True,0,True,2024-10-08,biomass_median
True,0.0,True,0,True,2024-10-09,biomass_median
True,0.0,True,0,True,2024-10-10,biomass_median
True,0.0,True,0,True,2024-10-11,biomass_median
True,0.0,True,0,True,2024-10-12,biomass_median
True,0.0,True,0,True,2024-10-13,biomass_median
True,0.0,True,0,True,2024-10-14,biomass_median
True,0.0,True,0,True,2024-10-15,biomass_median
True,0.0,True,0,True,2024-10-16,biomass_median
True,0.0,True,0,True,2024-10-17,biomass_median
True,0.0,True,0,True,2024-10-18,biomass_median
True,0.0,True,0,True,2024-10-19,biomass_median
True,0.0,True,0,True,2024-10-20,biomass_median
True,0.0,True,0,True,2024-10-21,biomass_median
True,0.0,True,0,True,2024-10-22,biomass_median
True,0.0,True,0,True,2024-10-23,biomass_median
True,0.0,True,0,True,2024-10-24,biomass_median
True,0.0,True,0,True,2024-10-25,biomass_median
True,0.0,True,0,True,2024-10-26,biomass_median
True,0.0,True,0,True,2024-10-27,biomass_median
True,0.0,True,0,True,2024-10-28,biomass_median
True,0.0,True,0,True,2024-10-29,biomass_median
True,0.0,True,0,True,2024-10-30,biomass_median
True,0.0,True,0,True,2024-10-31,biomass_median
True,0.0,True,0,True,2024-11-01,biomass_median
True,0.0,True,0,True,2024-11-02,biomass_median
True,0.0,True,0,True,2024-11-03,biomass_median
True,0.0,True,0,True,2024-11-04,biomass_median
True,0.0,True,0,True,2024-11-05,biomass_median
True,0.0,True,0,True,2024-11-06,biomass_median
True,0.0,True,0,True,2024-11-07,biomass_median
True,0.0,True,0,True,2024-11-08,biomass_median
True,0.0,True,0,True,2024-11-09,biomass_median
True,0.0,True,0,True,2024-11-10,biomass_median
True,0.0,True,0,True,2024-11-11,biomass_median
True,0.0,True,0,True,2024-11-12,biomass_median
True,0.0,True,0,True,2024-11-13,biomass_median
True,0.0,True,0,True,2024-11-14,biomass_median
True,0.0,True,0,True,2024-11-15,biomass_median
True,0.0,True,0,True,2024-11-16,biomass_median
True,0.0,True,0,True,2024-11-17,biomass_median
True,0.0,True,0,True,2024-11-18,biomass_median
True,0.0,True,0,True,2024-11-19,biomass_median
True,0.0,True,0,True,2024-11-20,biomass_median
True,0.0,True,0,True,2024-11-21,biomass_median
True,0.0,True,0,True,2024-11-22,biomass_median
True,0.0,True,0,True,2024-11-23,biomass_median
True,0.0,True,0,True,2024-11-24,biomass_median
True,0.0,True,0,True,2024-11-25,biomass_median
True,0.0,True,0,True,2024-11-26,biomass_median
True,0.0,True,0,True,2024-11-27,biomass_median
True,0.0,True,0,True,2024-11-28,biomass_median
True,0.0,True,0,True,2024-11-29,biomass_median
True,0.0,True,0,True,2024-11-30,biomass_median
True,0.0,True,0,True,2024-12-01,biomass_median
True,0.0,True,0,True,2024-12-02,biomass_median
True,0.0,True,0,True,2024-12-03,biomass_median
True,0.0,True,0,True,2024-12-04,biomass_median
True,0.0,True,0,True,2024-12-05,biomass_median
True,0.0,True,0,True,2024-12-06,biomass_median
True,0.0,True,0,True,2024-12-07,biomass_median
True,0.0,True,0,True,2024-12-08,biomass_median
True,0.0,True,0,True,2024-12-09,biomass_median
True,0.0,True,0,True,2024-12-10,biomass_median
True,0.0,True,0,True,2024-12-11,biomass_median
True,0.0,True,0,True,2024-12-12,biomass_median
True,0.0,True,0,True,2024-12-13,biomass_median
True,0.0,True,0,True,2024-12-14,biomass_median
True,0.0,True,0,True,2024-12-15,biomass_median
True,0.0,True,0,True,2024-12-16,biomass_median
True,0.0,True,0,True,2024-12-17,biomass_median
True,0.0,True,0,True,2024-12-18,biomass_median
True,0.0,True,0,True,2024-12-19,biomass_median
True,0.0,True,0,True,2024-12-20,biomass_median
True,0.0,True,0,True,2024-12-21,biomass_median
True,0.0,True,0,True,2024-12-22,biomass_median
True,0.0,True,0,True,2024-12-23,biomass_median
True,0.0,True,0,True,2024-12-24,biomass_median
True,0.0,True,0,True,2024-12-25,biomass_median
True,0.0,True,0,True,2024-12-26,biomass_median
True,0.0,True,0,True,2024-12-27,biomass_median
True,0.0,True,0,True,2024-12-28,biomass_median
True,0.0,True,0,True,2024-12-29,biomass_median
True,0.0,True,0,True,2024-12-30,biomass_median
True,0.0,True,0,True,2024-12-31,biomass_median
True,0.0,True,0,True,2020-01-01,biomass_high
True,0.0,True,0,True,2020-01-02,biomass_high
True,0.0,True,0,True,2020-01-03,biomass_high
True,0.0,True,0,True,2020-01-04,biomass_high
True,0.0,True,0,True,2020-01-05,biomass_high
True,0.0,True,0,True,2020-01-06,biomass_high
True,0.0,True,0,True,2020-01-07,biomass_high
True,0.0,True,0,True,2020-01-08,biomass_high
True,0.0,True,0,True,2020-01-09,biomass_high
True,0.0,True,0,True,2020-01-10,biomass_high
True,0.0,True,0,True,2020-01-11,biomass_high
True,0.0,True,0,True,2020-01-12,biomass_high
True,0.0,True,0,True,2020-01-13,biomass_high
True,0.0,True,0,True,2020-01-14,biomass_high
True,0.0,True,0,True,2020-01-15,biomass_high
True,0.0,True,0,True,2020-01-16,biomass_high
True,0.0,True,0,True,2020-01-17,biomass_high
True,0.0,True,0,True,2020-01-18,biomass_high
True,0.0,True,0,True,2020-01-19,biomass_high
True,0.0,True,0,True,2020-01-20,biomass_high
True,0.0,True,0,True,2020-01-21,biomass_high
True,0.0,True,0,True,2020-01-22,biomass_high
True,0.0,True,0,True,2020-01-23,biomass_high
True,0.0,True,0,True,2020-01-24,biomass_high
True,0.0,True,0,True,2020-01-25,biomass_high
True,0.0,True,0,True,2020-01-26,biomass_high
True,0.0,True,0,True,2020-01-27,biomass_high
True,0.0,True,0,True,2020-01-28,biomass_high
True,0.0,True,0,True,2020-01-29,biomass_high
True,0.0,True,0,True,2020-01-30,biomass_high
True,0.0,True,0,True,2020-01-31,biomass_high
True,0.0,True,0,True,2020-02-01,biomass_high
True,0.0,True,0,True,2020-02-02,biomass_high
True,0.0,True,0,True,2020-02-03,biomass_high
True,0.0,True,0,True,2020-02-04,biomass_high
True,0.0,True,0,True,2020-02-05,biomass_high
True,0.0,True,0,True,2020-02-06,biomass_high
True,0.0,True,0,True,2020-02-07,biomass_high
True,0.0,True,0,True,2020-02-08,biomass_high
True,0.0,True,0,True,2020-02-09,biomass_high
True,0.0,True,0,True,2020-02-10,biomass_high
True,0.0,True,0,True,2020-02-11,biomass_high
True,0.0,True,0,True,2020-02-12,biomass_high
True,0.0,True,0,True,2020-02-13,biomass_high
True,0.0,True,0,True,2020-02-14,biomass_high
True,0.0,True,0,True,2020-02-15,biomass_high
True,0.0,True,0,True,2020-02-16,biomass_high
True,0.0,True,0,True,2020-02-17,biomass_high
True,0.0,True,0,True,2020-02-18,biomass_high
True,0.0,True,0,True,2020-02-19,biomass_high
True,0.0,True,0,True,2020-02-20,biomass_high
True,0.0,True,0,True,2020-02-21,biomass_high
True,0.0,True,0,True,2020-02-22,biomass_high
True,0.0,True,0,True,2020-02-23,biomass_high
True,0.0,True,0,True,2020-02-24,biomass_high
True,0.0,True,0,True,2020-02-25,biomass_high
True,0.0,True,0,True,2020-02-26,biomass_high
True,0.0,True,0,True,2020-02-27,biomass_high
True,0.0,True,0,True,2020-02-28,biomass_high
True,0.0,True,0,True,2020-02-29,biomass_high
True,0.0,True,0,True,2020-03-01,biomass_high
True,0.0,True,0,True,2020-03-02,biomass_high
True,0.0,True,0,True,2020-03-03,biomass_high
True,0.0,True,0,True,2020-03-04,biomass_high
True,0.0,True,0,True,2020-03-05,biomass_high
True,0.0,True,0,True,2020-03-06,biomass_high
True,0.0,True,0,True,2020-03-07,biomass_high
True,0.0,True,0,True,2020-03-08,biomass_high
True,0.0,True,0,True,2020-03-09,biomass_high
True,0.0,True,0,True,2020-03-10,biomass_high
True,0.0,True,0,True,2020-03-11,biomass_high
True,0.0,True,0,True,2020-03-12,biomass_high
True,0.0,True,0,True,2020-03-13,biomass_high
True,0.0,True,0,True,2020-03-14,biomass_high
True,0.0,True,0,True,2020-03-15,biomass_high
True,0.0,True,0,True,2020-03-16,biomass_high
True,0.0,True,0,True,2020-03-17,biomass_high
True,0.0,True,0,True,2020-03-18,biomass_high
True,0.0,True,0,True,2020-03-19,biomass_high
True,0.0,True,0,True,2020-03-20,biomass_high
True,0.0,True,0,True,2020-03-21,biomass_high
True,0.0,True,0,True,2020-03-22,biomass_high
True,0.0,True,0,True,2020-03-23,biomass_high
True,0.0,True,0,True,2020-03-24,biomass_high
True,0.0,True,0,True,2020-03-25,biomass_high
True,0.0,True,0,True,2020-03-26,biomass_high
True,0.0,True,0,True,2020-03-27,biomass_high
True,0.0,True,0,True,2020-03-28,biomass_high
True,0.0,True,0,True,2020-03-29,biomass_high
True,0.0,True,0,True,2020-03-30,biomass_high
True,0.0,True,0,True,2020-03-31,biomass_high
True,0.0,True,0,True,2020-04-01,biomass_high
True,0.0,True,0,True,2020-04-02,biomass_high
True,0.0,True,0,True,2020-04-03,biomass_high
True,0.0,True,0,True,2020-04-04,biomass_high
True,0.0,True,0,True,2020-04-05,biomass_high
True,0.0,True,0,True,2020-04-06,biomass_high
True,0.0,True,0,True,2020-04-07,biomass_high
True,0.0,True,0,True,2020-04-08,biomass_high
True,0.0,True,0,True,2020-04-09,biomass_high
True,0.0,True,0,True,2020-04-10,biomass_high
True,0.0,True,0,True,2020-04-11,biomass_high
True,0.0,True,0,True,2020-04-12,biomass_high
True,0.0,True,0,True,2020-04-13,biomass_high
True,0.0,True,0,True,2020-04-14,biomass_high
True,0.0,True,0,True,2020-04-15,biomass_high
True,0.0,True,0,True,2020-04-16,biomass_high
True,0.0,True,0,True,2020-04-17,biomass_high
True,0.0,True,0,True,2020-04-18,biomass_high
True,0.0,True,0,True,2020-04-19,biomass_high
True,0.0,True,0,True,2020-04-20,biomass_high
True,0.0,True,0,True,2020-04-21,biomass_high
True,0.0,True,0,True,2020-04-22,biomass_high
True,0.0,True,0,True,2020-04-23,biomass_high
True,0.0,True,0,True,2020-04-24,biomass_high
True,0.0,True,0,True,2020-04-25,biomass_high
True,0.0,True,0,True,2020-04-26,biomass_high
True,0.0,True,0,True,2020-04-27,biomass_high
True,0.0,True,0,True,2020-04-28,biomass_high
True,0.0,True,0,True,2020-04-29,biomass_high
True,0.0,True,0,True,2020-04-30,biomass_high
True,0.0,True,0,True,2020-05-01,biomass_high
True,0.0,True,0,True,2020-05-02,biomass_high
True,0.0,True,0,True,2020-05-03,biomass_high
True,0.0,True,0,True,2020-05-04,biomass_high
True,0.0,True,0,True,2020-05-05,biomass_high
True,0.0,True,0,True,2020-05-06,biomass_high
True,0.0,True,0,True,2020-05-07,biomass_high
True,0.0,True,0,True,2020-05-08,biomass_high
True,0.0,True,0,True,2020-05-09,biomass_high
True,0.0,True,0,True,2020-05-10,biomass_high
True,0.0,True,0,True,2020-05-11,biomass_high
True,0.0,True,0,True,2020-05-12,biomass_high
True,0.0,True,0,True,2020-05-13,biomass_high
True,0.0,True,0,True,2020-05-14,biomass_high
True,0.0,True,0,True,2020-05-15,biomass_high
True,0.0,True,0,True,2020-05-16,biomass_high
True,0.0,True,0,True,2020-05-17,biomass_high
True,0.0,True,0,True,2020-05-18,biomass_high
True,0.0,True,0,True,2020-05-19,biomass_high
True,0.0,True,0,True,2020-05-20,biomass_high
True,0.0,True,0,True,2020-05-21,biomass_high
True,0.0,True,0,True,2020-05-22,biomass_high
True,0.0,True,0,True,2020-05-23,biomass_high
True,0.0,True,0,True,2020-05-24,biomass_high
True,0.0,True,0,True,2020-05-25,biomass_high
True,0.0,True,0,True,2020-05-26,biomass_high
True,0.0,True,0,True,2020-05-27,biomass_high
True,0.0,True,0,True,2020-05-28,biomass_high
True,0.0,True,0,True,2020-05-29,biomass_high
True,0.0,True,0,True,2020-05-30,biomass_high
True,0.0,True,0,True,2020-05-31,biomass_high
True,0.0,True,0,True,2020-06-01,biomass_high
True,0.0,True,0,True,2020-06-02,biomass_high
True,0.0,True,0,True,2020-06-03,biomass_high
True,0.0,True,0,True,2020-06-04,biomass_high
True,0.0,True,0,True,2020-06-05,biomass_high
True,0.0,True,0,True,2020-06-06,biomass_high
True,0.0,True,0,True,2020-06-07,biomass_high
True,0.0,True,0,True,2020-06-08,biomass_high
True,0.0,True,0,True,2020-06-09,biomass_high
True,0.0,True,0,True,2020-06-10,biomass_high
True,0.0,True,0,True,2020-06-11,biomass_high
True,0.0,True,0,True,2020-06-12,biomass_high
True,0.0,True,0,True,2020-06-13,biomass_high
True,0.0,True,0,True,2020-06-14,biomass_high
True,0.0,True,0,True,2020-06-15,biomass_high
True,0.0,True,0,True,2020-06-16,biomass_high
True,0.0,True,0,True,2020-06-17,biomass_high
True,0.0,True,0,True,2020-06-18,biomass_high
True,0.0,True,0,True,2020-06-19,biomass_high
True,0.0,True,0,True,2020-06-20,biomass_high
True,0.0,True,0,True,2020-06-21,biomass_high
True,0.0,True,0,True,2020-06-22,biomass_high
True,0.0,True,0,True,2020-06-23,biomass_high
True,0.0,True,0,True,2020-06-24,biomass_high
True,0.0,True,0,True,2020-06-25,biomass_high
True,0.0,True,0,True,2020-06-26,biomass_high
True,0.0,True,0,True,2020-06-27,biomass_high
True,0.0,True,0,True,2020-06-28,biomass_high
True,0.0,True,0,True,2020-06-29,biomass_high
True,0.0,True,0,True,2020-06-30,biomass_high
True,0.0,True,0,True,2020-07-01,biomass_high
True,0.0,True,0,True,2020-07-02,biomass_high
True,0.0,True,0,True,2020-07-03,biomass_high
True,0.0,True,0,True,2020-07-04,biomass_high
True,0.0,True,0,True,2020-07-05,biomass_high
True,0.0,True,0,True,2020-07-06,biomass_high
True,0.0,True,0,True,2020-07-07,biomass_high
True,0.0,True,0,True,2020-07-08,biomass_high
True,0.0,True,0,True,2020-07-09,biomass_high
True,0.0,True,0,True,2020-07-10,biomass_high
True,0.0,True,0,True,2020-07-11,biomass_high
True,0.0,True,0,True,2020-07-12,biomass_high
True,0.0,True,0,True,2020-07-13,biomass_high
True,0.0,True,0,True,2020-07-14,biomass_high
True,0.0,True,0,True,2020-07-15,biomass_high
True,0.0,True,0,True,2020-07-16,biomass_high
True,0.0,True,0,True,2020-07-17,biomass_high
True,0.0,True,0,True,2020-07-18,biomass_high
True,0.0,True,0,True,2020-07-19,biomass_high
True,0.0,True,0,True,2020-07-20,biomass_high
True,0.0,True,0,True,2020-07-21,biomass_high
True,0.0,True,0,True,2020-07-22,biomass_high
True,0.0,True,0,True,2020-07-23,biomass_high
True,0.0,True,0,True,2020-07-24,biomass_high
True,0.0,True,0,True,2020-07-25,biomass_high
True,0.0,True,0,True,2020-07-26,biomass_high
True,0.0,True,0,True,2020-07-27,biomass_high
True,0.0,True,0,True,2020-07-28,biomass_high
True,0.0,True,0,True,2020-07-29,biomass_high
True,0.0,True,0,True,2020-07-30,biomass_high
True,0.0,True,0,True,2020-07-31,biomass_high
True,0.0,True,0,True,2020-08-01,biomass_high
True,0.0,True,0,True,2020-08-02,biomass_high
True,0.0,True,0,True,2020-08-03,biomass_high
True,0.0,True,0,True,2020-08-04,biomass_high
True,0.0,True,0,True,2020-08-05,biomass_high
True,0.0,True,0,True,2020-08-06,biomass_high
True,0.0,True,0,True,2020-08-07,biomass_high
True,0.0,True,0,True,2020-08-08,biomass_high
True,0.0,True,0,True,2020-08-09,biomass_high
True,0.0,True,0,True,2020-08-10,biomass_high
True,0.0,True,0,True,2020-08-11,biomass_high
True,0.0,True,0,True,2020-08-12,biomass_high
True,0.0,True,0,True,2020-08-13,biomass_high
True,0.0,True,0,True,2020-08-14,biomass_high
True,0.0,True,0,True,2020-08-15,biomass_high
True,0.0,True,0,True,2020-08-16,biomass_high
True,0.0,True,0,True,2020-08-17,biomass_high
True,0.0,True,0,True,2020-08-18,biomass_high
True,0.0,True,0,True,2020-08-19,biomass_high
True,0.0,True,0,True,2020-08-20,biomass_high
True,0.0,True,0,True,2020-08-21,biomass_high
True,0.0,True,0,True,2020-08-22,biomass_high
True,0.0,True,0,True,2020-08-23,biomass_high
True,0.0,True,0,True,2020-08-24,biomass_high
True,0.0,True,0,True,2020-08-25,biomass_high
True,0.0,True,0,True,2020-08-26,biomass_high
True,0.0,True,0,True,2020-08-27,biomass_high
True,0.0,True,0,True,2020-08-28,biomass_high
True,0.0,True,0,True,2020-08-29,biomass_high
True,0.0,True,0,True,2020-08-30,biomass_high
True,0.0,True,0,True,2020-08-31,biomass_high
True,0.0,True,0,True,2020-09-01,biomass_high
True,0.0,True,0,True,2020-09-02,biomass_high
True,0.0,True,0,True,2020-09-03,biomass_high
True,0.0,True,0,True,2020-09-04,biomass_high
True,0.0,True,0,True,2020-09-05,biomass_high
True,0.0,True,0,True,2020-09-06,biomass_high
True,0.0,True,0,True,2020-09-07,biomass_high
True,0.0,True,0,True,2020-09-08,biomass_high
True,0.0,True,0,True,2020-09-09,biomass_high
True,0.0,True,0,True,2020-09-10,biomass_high
True,0.0,True,0,True,2020-09-11,biomass_high
True,0.0,True,0,True,2020-09-12,biomass_high
True,0.0,True,0,True,2020-09-13,biomass_high
True,0.0,True,0,True,2020-09-14,biomass_high
True,0.0,True,0,True,2020-09-15,biomass_high
True,0.0,True,0,True,2020-09-16,biomass_high
True,0.0,True,0,True,2020-09-17,biomass_high
True,0.0,True,0,True,2020-09-18,biomass_high
True,0.0,True,0,True,2020-09-19,biomass_high
True,0.0,True,0,True,2020-09-20,biomass_high
True,0.0,True,0,True,2020-09-21,biomass_high
True,0.0,True,0,True,2020-09-22,biomass_high
True,0.0,True,0,True,2020-09-23,biomass_high
True,0.0,True,0,True,2020-09-24,biomass_high
True,0.0,True,0,True,2020-09-25,biomass_high
True,0.0,True,0,True,2020-09-26,biomass_high
True,0.0,True,0,True,2020-09-27,biomass_high
True,0.0,True,0,True,2020-09-28,biomass_high
True,0.0,True,0,True,2020-09-29,biomass_high
True,0.0,True,0,True,2020-09-30,biomass_high
True,0.0,True,0,True,2020-10-01,biomass_high
True,0.0,True,0,True,2020-10-02,biomass_high
True,0.0,True,0,True,2020-10-03,biomass_high
True,0.0,True,0,True,2020-10-04,biomass_high
True,0.0,True,0,True,2020-10-05,biomass_high
True,0.0,True,0,True,2020-10-06,biomass_high
True,0.0,True,0,True,2020-10-07,biomass_high
True,0.0,True,0,True,2020-10-08,biomass_high
True,0.0,True,0,True,2020-10-09,biomass_high
True,0.0,True,0,True,2020-10-10,biomass_high
True,0.0,True,0,True,2020-10-11,biomass_high
True,0.0,True,0,True,2020-10-12,biomass_high
True,0.0,True,0,True,2020-10-13,biomass_high
True,0.0,True,0,True,2020-10-14,biomass_high
True,0.0,True,0,True,2020-10-15,biomass_high
True,0.0,True,0,True,2020-10-16,biomass_high
True,0.0,True,0,True,2020-10-17,biomass_high
True,0.0,True,0,True,2020-10-18,biomass_high
True,0.0,True,0,True,2020-10-19,biomass_high
True,0.0,True,0,True,2020-10-20,biomass_high
True,0.0,True,0,True,2020-10-21,biomass_high
True,0.0,True,0,True,2020-10-22,biomass_high
True,0.0,True,0,True,2020-10-23,biomass_high
True,0.0,True,0,True,2020-10-24,biomass_high
True,0.0,True,0,True,2020-10-25,biomass_high
True,0.0,True,0,True,2020-10-26,biomass_high
True,0.0,True,0,True,2020-10-27,biomass_high
True,0.0,True,0,True,2020-10-28,biomass_high
True,0.0,True,0,True,2020-10-29,biomass_high
True,0.0,True,0,True,2020-10-30,biomass_high
True,0.0,True,0,True,2020-10-31,biomass_high
True,0.0,True,0,True,2020-11-01,biomass_high
True,0.0,True,0,True,2020-11-02,biomass_high
True,0.0,True,0,True,2020-11-03,biomass_high
True,0.0,True,0,True,2020-11-04,biomass_high
True,0.0,True,0,True,2020-11-05,biomass_high
True,0.0,True,0,True,2020-11-06,biomass_high
True,0.0,True,0,True,2020-11-07,biomass_high
True,0.0,True,0,True,2020-11-08,biomass_high
True,0.0,True,0,True,2020-11-09,biomass_high
True,0.0,True,0,True,2020-11-10,biomass_high
True,0.0,True,0,True,2020-11-11,biomass_high
True,0.0,True,0,True,2020-11-12,biomass_high
True,0.0,True,0,True,2020-11-13,biomass_high
True,0.0,True,0,True,2020-11-14,biomass_high
True,0.0,True,0,True,2020-11-15,biomass_high
True,0.0,True,0,True,2020-11-16,biomass_high
True,0.0,True,0,True,2020-11-17,biomass_high
True,0.0,True,0,True,2020-11-18,biomass_high
True,0.0,True,0,True,2020-11-19,biomass_high
True,0.0,True,0,True,2020-11-20,biomass_high
True,0.0,True,0,True,2020-11-21,biomass_high
True,0.0,True,0,True,2020-11-22,biomass_high
True,0.0,True,0,True,2020-11-23,biomass_high
True,0.0,True,0,True,2020-11-24,biomass_high
True,0.0,True,0,True,2020-11-25,biomass_high
True,0.0,True,0,True,2020-11-26,biomass_high
True,0.0,True,0,True,2020-11-27,biomass_high
True,0.0,True,0,True,2020-11-28,biomass_high
True,0.0,True,0,True,2020-11-29,biomass_high
True,0.0,True,0,True,2020-11-30,biomass_high
True,0.0,True,0,True,2020-12-01,biomass_high
True,0.0,True,0,True,2020-12-02,biomass_high
True,0.0,True,0,True,2020-12-03,biomass_high
True,0.0,True,0,True,2020-12-04,biomass_high
True,0.0,True,0,True,2020-12-05,biomass_high
True,0.0,True,0,True,2020-12-06,biomass_high
True,0.0,True,0,True,2020-12-07,biomass_high
True,0.0,True,0,True,2020-12-08,biomass_high
True,0.0,True,0,True,2020-12-09,biomass_high
True,0.0,True,0,True,2020-12-10,biomass_high
True,0.0,True,0,True,2020-12-11,biomass_high
True,0.0,True,0,True,2020-12-12,biomass_high
True,0.0,True,0,True,2020-12-13,biomass_high
True,0.0,True,0,True,2020-12-14,biomass_high
True,0.0,True,0,True,2020-12-15,biomass_high
True,0.0,True,0,True,2020-12-16,biomass_high
True,0.0,True,0,True,2020-12-17,biomass_high
True,0.0,True,0,True,2020-12-18,biomass_high
True,0.0,True,0,True,2020-12-19,biomass_high
True,0.0,True,0,True,2020-12-20,biomass_high
True,0.0,True,0,True,2020-12-21,biomass_high
True,0.0,True,0,True,2020-12-22,biomass_high
True,0.0,True,0,True,2020-12-23,biomass_high
True,0.0,True,0,True,2020-12-24,biomass_high
True,0.0,True,0,True,2020-12-25,biomass_high
True,0.0,True,0,True,2020-12-26,biomass_high
True,0.0,True,0,True,2020-12-27,biomass_high
True,0.0,True,0,True,2020-12-28,biomass_high
True,0.0,True,0,True,2020-12-29,biomass_high
True,0.0,True,0,True,2020-12-30,biomass_high
True,0.0,True,0,True,2020-12-31,biomass_high
True,0.0,True,0,True,2021-01-01,biomass_high
True,0.0,True,0,True,2021-01-02,biomass_high
True,0.0,True,0,True,2021-01-03,biomass_high
True,0.0,True,0,True,2021-01-04,biomass_high
True,0.0,True,0,True,2021-01-05,biomass_high
True,0.0,True,0,True,2021-01-06,biomass_high
True,0.0,True,0,True,2021-01-07,biomass_high
True,0.0,True,0,True,2021-01-08,biomass_high
True,0.0,True,0,True,2021-01-09,biomass_high
True,0.0,True,0,True,2021-01-10,biomass_high
True,0.0,True,0,True,2021-01-11,biomass_high
True,0.0,True,0,True,2021-01-12,biomass_high
True,0.0,True,0,True,2021-01-13,biomass_high
True,0.0,True,0,True,2021-01-14,biomass_high
True,0.0,True,0,True,2021-01-15,biomass_high
True,0.0,True,0,True,2021-01-16,biomass_high
True,0.0,True,0,True,2021-01-17,biomass_high
True,0.0,True,0,True,2021-01-18,biomass_high
True,0.0,True,0,True,2021-01-19,biomass_high
True,0.0,True,0,True,2021-01-20,biomass_high
True,0.0,True,0,True,2021-01-21,biomass_high
True,0.0,True,0,True,2021-01-22,biomass_high
True,0.0,True,0,True,2021-01-23,biomass_high
True,0.0,True,0,True,2021-01-24,biomass_high
True,0.0,True,0,True,2021-01-25,biomass_high
True,0.0,True,0,True,2021-01-26,biomass_high
True,0.0,True,0,True,2021-01-27,biomass_high
True,0.0,True,0,True,2021-01-28,biomass_high
True,0.0,True,0,True,2021-01-29,biomass_high
True,0.0,True,0,True,2021-01-30,biomass_high
True,0.0,True,0,True,2021-01-31,biomass_high
True,0.0,True,0,True,2021-02-01,biomass_high
True,0.0,True,0,True,2021-02-02,biomass_high
True,0.0,True,0,True,2021-02-03,biomass_high
True,0.0,True,0,True,2021-02-04,biomass_high
True,0.0,True,0,True,2021-02-05,biomass_high
True,0.0,True,0,True,2021-02-06,biomass_high
True,0.0,True,0,True,2021-02-07,biomass_high
True,0.0,True,0,True,2021-02-08,biomass_high
True,0.0,True,0,True,2021-02-09,biomass_high
True,0.0,True,0,True,2021-02-10,biomass_high
True,0.0,True,0,True,2021-02-11,biomass_high
True,0.0,True,0,True,2021-02-12,biomass_high
True,0.0,True,0,True,2021-02-13,biomass_high
True,0.0,True,0,True,2021-02-14,biomass_high
True,0.0,True,0,True,2021-02-15,biomass_high
True,0.0,True,0,True,2021-02-16,biomass_high
True,0.0,True,0,True,2021-02-17,biomass_high
True,0.0,True,0,True,2021-02-18,biomass_high
True,0.0,True,0,True,2021-02-19,biomass_high
True,0.0,True,0,True,2021-02-20,biomass_high
True,0.0,True,0,True,2021-02-21,biomass_high
True,0.0,True,0,True,2021-02-22,biomass_high
True,0.0,True,0,True,2021-02-23,biomass_high
True,0.0,True,0,True,2021-02-24,biomass_high
True,0.0,True,0,True,2021-02-25,biomass_high
True,0.0,True,0,True,2021-02-26,biomass_high
True,0.0,True,0,True,2021-02-27,biomass_high
True,0.0,True,0,True,2021-02-28,biomass_high
True,0.0,True,0,True,2021-03-01,biomass_high
True,0.0,True,0,True,2021-03-02,biomass_high
True,0.0,True,0,True,2021-03-03,biomass_high
True,0.0,True,0,True,2021-03-04,biomass_high
True,0.0,True,0,True,2021-03-05,biomass_high
True,0.0,True,0,True,2021-03-06,biomass_high
True,0.0,True,0,True,2021-03-07,biomass_high
True,0.0,True,0,True,2021-03-08,biomass_high
True,0.0,True,0,True,2021-03-09,biomass_high
True,0.0,True,0,True,2021-03-10,biomass_high
True,0.0,True,0,True,2021-03-11,biomass_high
True,0.0,True,0,True,2021-03-12,biomass_high
True,0.0,True,0,True,2021-03-13,biomass_high
True,0.0,True,0,True,2021-03-14,biomass_high
True,0.0,True,0,True,2021-03-15,biomass_high
True,0.0,True,0,True,2021-03-16,biomass_high
True,0.0,True,0,True,2021-03-17,biomass_high
True,0.0,True,0,True,2021-03-18,biomass_high
True,0.0,True,0,True,2021-03-19,biomass_high
True,0.0,True,0,True,2021-03-20,biomass_high
True,0.0,True,0,True,2021-03-21,biomass_high
True,0.0,True,0,True,2021-03-22,biomass_high
True,0.0,True,0,True,2021-03-23,biomass_high
True,0.0,True,0,True,2021-03-24,biomass_high
True,0.0,True,0,True,2021-03-25,biomass_high
True,0.0,True,0,True,2021-03-26,biomass_high
True,0.0,True,0,True,2021-03-27,biomass_high
True,0.0,True,0,True,2021-03-28,biomass_high
True,0.0,True,0,True,2021-03-29,biomass_high
True,0.0,True,0,True,2021-03-30,biomass_high
True,0.0,True,0,True,2021-03-31,biomass_high
True,0.0,True,0,True,2021-04-01,biomass_high
True,0.0,True,0,True,2021-04-02,biomass_high
True,0.0,True,0,True,2021-04-03,biomass_high
True,0.0,True,0,True,2021-04-04,biomass_high
True,0.0,True,0,True,2021-04-05,biomass_high
True,0.0,True,0,True,2021-04-06,biomass_high
True,0.0,True,0,True,2021-04-07,biomass_high
True,0.0,True,0,True,2021-04-08,biomass_high
True,0.0,True,0,True,2021-04-09,biomass_high
True,0.0,True,0,True,2021-04-10,biomass_high
True,0.0,True,0,True,2021-04-11,biomass_high
True,0.0,True,0,True,2021-04-12,biomass_high
True,0.0,True,0,True,2021-04-13,biomass_high
True,0.0,True,0,True,2021-04-14,biomass_high
True,0.0,True,0,True,2021-04-15,biomass_high
True,0.0,True,0,True,2021-04-16,biomass_high
True,0.0,True,0,True,2021-04-17,biomass_high
True,0.0,True,0,True,2021-04-18,biomass_high
True,0.0,True,0,True,2021-04-19,biomass_high
True,0.0,True,0,True,2021-04-20,biomass_high
True,0.0,True,0,True,2021-04-21,biomass_high
True,0.0,True,0,True,2021-04-22,biomass_high
True,0.0,True,0,True,2021-04-23,biomass_high
True,0.0,True,0,True,2021-04-24,biomass_high
True,0.0,True,0,True,2021-04-25,biomass_high
True,0.0,True,0,True,2021-04-26,biomass_high
True,0.0,True,0,True,2021-04-27,biomass_high
True,0.0,True,0,True,2021-04-28,biomass_high
True,0.0,True,0,True,2021-04-29,biomass_high
True,0.0,True,0,True,2021-04-30,biomass_high
True,0.0,True,0,True,2021-05-01,biomass_high
True,0.0,True,0,True,2021-05-02,biomass_high
True,0.0,True,0,True,2021-05-03,biomass_high
True,0.0,True,0,True,2021-05-04,biomass_high
True,0.0,True,0,True,2021-05-05,biomass_high
True,0.0,True,0,True,2021-05-06,biomass_high
True,0.0,True,0,True,2021-05-07,biomass_high
True,0.0,True,0,True,2021-05-08,biomass_high
True,0.0,True,0,True,2021-05-09,biomass_high
True,0.0,True,0,True,2021-05-10,biomass_high
True,0.0,True,0,True,2021-05-11,biomass_high
True,0.0,True,0,True,2021-05-12,biomass_high
True,0.0,True,0,True,2021-05-13,biomass_high
True,0.0,True,0,True,2021-05-14,biomass_high
True,0.0,True,0,True,2021-05-15,biomass_high
True,0.0,True,0,True,2021-05-16,biomass_high
True,0.0,True,0,True,2021-05-17,biomass_high
True,0.0,True,0,True,2021-05-18,biomass_high
True,0.0,True,0,True,2021-05-19,biomass_high
True,0.0,True,0,True,2021-05-20,biomass_high
True,0.0,True,0,True,2021-05-21,biomass_high
True,0.0,True,0,True,2021-05-22,biomass_high
True,0.0,True,0,True,2021-05-23,biomass_high
True,0.0,True,0,True,2021-05-24,biomass_high
True,0.0,True,0,True,2021-05-25,biomass_high
True,0.0,True,0,True,2021-05-26,biomass_high
True,0.0,True,0,True,2021-05-27,biomass_high
True,0.0,True,0,True,2021-05-28,biomass_high
True,0.0,True,0,True,2021-05-29,biomass_high
True,0.0,True,0,True,2021-05-30,biomass_high
True,0.0,True,0,True,2021-05-31,biomass_high
True,0.0,True,0,True,2021-06-01,biomass_high
True,0.0,True,0,True,2021-06-02,biomass_high
True,0.0,True,0,True,2021-06-03,biomass_high
True,0.0,True,0,True,2021-06-04,biomass_high
True,0.0,True,0,True,2021-06-05,biomass_high
True,0.0,True,0,True,2021-06-06,biomass_high
True,0.0,True,0,True,2021-06-07,biomass_high
True,0.0,True,0,True,2021-06-08,biomass_high
True,0.0,True,0,True,2021-06-09,biomass_high
True,0.0,True,0,True,2021-06-10,biomass_high
True,0.0,True,0,True,2021-06-11,biomass_high
True,0.0,True,0,True,2021-06-12,biomass_high
True,0.0,True,0,True,2021-06-13,biomass_high
True,0.0,True,0,True,2021-06-14,biomass_high
True,0.0,True,0,True,2021-06-15,biomass_high
True,0.0,True,0,True,2021-06-16,biomass_high
True,0.0,True,0,True,2021-06-17,biomass_high
True,0.0,True,0,True,2021-06-18,biomass_high
True,0.0,True,0,True,2021-06-19,biomass_high
True,0.0,True,0,True,2021-06-20,biomass_high
True,0.0,True,0,True,2021-06-21,biomass_high
True,0.0,True,0,True,2021-06-22,biomass_high
True,0.0,True,0,True,2021-06-23,biomass_high
True,0.0,True,0,True,2021-06-24,biomass_high
True,0.0,True,0,True,2021-06-25,biomass_high
True,0.0,True,0,True,2021-06-26,biomass_high
True,0.0,True,0,True,2021-06-27,biomass_high
True,0.0,True,0,True,2021-06-28,biomass_high
True,0.0,True,0,True,2021-06-29,biomass_high
True,0.0,True,0,True,2021-06-30,biomass_high
True,0.0,True,0,True,2021-07-01,biomass_high
True,0.0,True,0,True,2021-07-02,biomass_high
True,0.0,True,0,True,2021-07-03,biomass_high
True,0.0,True,0,True,2021-07-04,biomass_high
True,0.0,True,0,True,2021-07-05,biomass_high
True,0.0,True,0,True,2021-07-06,biomass_high
True,0.0,True,0,True,2021-07-07,biomass_high
True,0.0,True,0,True,2021-07-08,biomass_high
True,0.0,True,0,True,2021-07-09,biomass_high
True,0.0,True,0,True,2021-07-10,biomass_high
True,0.0,True,0,True,2021-07-11,biomass_high
True,0.0,True,0,True,2021-07-12,biomass_high
True,0.0,True,0,True,2021-07-13,biomass_high
True,0.0,True,0,True,2021-07-14,biomass_high
True,0.0,True,0,True,2021-07-15,biomass_high
True,0.0,True,0,True,2021-07-16,biomass_high
True,0.0,True,0,True,2021-07-17,biomass_high
True,0.0,True,0,True,2021-07-18,biomass_high
True,0.0,True,0,True,2021-07-19,biomass_high
True,0.0,True,0,True,2021-07-20,biomass_high
True,0.0,True,0,True,2021-07-21,biomass_high
True,0.0,True,0,True,2021-07-22,biomass_high
True,0.0,True,0,True,2021-07-23,biomass_high
True,0.0,True,0,True,2021-07-24,biomass_high
True,0.0,True,0,True,2021-07-25,biomass_high
True,0.0,True,0,True,2021-07-26,biomass_high
True,0.0,True,0,True,2021-07-27,biomass_high
True,0.0,True,0,True,2021-07-28,biomass_high
True,0.0,True,0,True,2021-07-29,biomass_high
True,0.0,True,0,True,2021-07-30,biomass_high
True,0.0,True,0,True,2021-07-31,biomass_high
True,0.0,True,0,True,2021-08-01,biomass_high
True,0.0,True,0,True,2021-08-02,biomass_high
True,0.0,True,0,True,2021-08-03,biomass_high
True,0.0,True,0,True,2021-08-04,biomass_high
True,0.0,True,0,True,2021-08-05,biomass_high
True,0.0,True,0,True,2021-08-06,biomass_high
True,0.0,True,0,True,2021-08-07,biomass_high
True,0.0,True,0,True,2021-08-08,biomass_high
True,0.0,True,0,True,2021-08-09,biomass_high
True,0.0,True,0,True,2021-08-10,biomass_high
True,0.0,True,0,True,2021-08-11,biomass_high
True,0.0,True,0,True,2021-08-12,biomass_high
True,0.0,True,0,True,2021-08-13,biomass_high
True,0.0,True,0,True,2021-08-14,biomass_high
True,0.0,True,0,True,2021-08-15,biomass_high
True,0.0,True,0,True,2021-08-16,biomass_high
True,0.0,True,0,True,2021-08-17,biomass_high
True,0.0,True,0,True,2021-08-18,biomass_high
True,0.0,True,0,True,2021-08-19,biomass_high
True,0.0,True,0,True,2021-08-20,biomass_high
True,0.0,True,0,True,2021-08-21,biomass_high
True,0.0,True,0,True,2021-08-22,biomass_high
True,0.0,True,0,True,2021-08-23,biomass_high
True,0.0,True,0,True,2021-08-24,biomass_high
True,0.0,True,0,True,2021-08-25,biomass_high
True,0.0,True,0,True,2021-08-26,biomass_high
True,0.0,True,0,True,2021-08-27,biomass_high
True,0.0,True,0,True,2021-08-28,biomass_high
True,0.0,True,0,True,2021-08-29,biomass_high
True,0.0,True,0,True,2021-08-30,biomass_high
True,0.0,True,0,True,2021-08-31,biomass_high
True,0.0,True,0,True,2021-09-01,biomass_high
True,0.0,True,0,True,2021-09-02,biomass_high
True,0.0,True,0,True,2021-09-03,biomass_high
True,0.0,True,0,True,2021-09-04,biomass_high
True,0.0,True,0,True,2021-09-05,biomass_high
True,0.0,True,0,True,2021-09-06,biomass_high
True,0.0,True,0,True,2021-09-07,biomass_high
True,0.0,True,0,True,2021-09-08,biomass_high
True,0.0,True,0,True,2021-09-09,biomass_high
True,0.0,True,0,True,2021-09-10,biomass_high
True,0.0,True,0,True,2021-09-11,biomass_high
True,0.0,True,0,True,2021-09-12,biomass_high
True,0.0,True,0,True,2021-09-13,biomass_high
True,0.0,True,0,True,2021-09-14,biomass_high
True,0.0,True,0,True,2021-09-15,biomass_high
True,0.0,True,0,True,2021-09-16,biomass_high
True,0.0,True,0,True,2021-09-17,biomass_high
True,0.0,True,0,True,2021-09-18,biomass_high
True,0.0,True,0,True,2021-09-19,biomass_high
True,0.0,True,0,True,2021-09-20,biomass_high
True,0.0,True,0,True,2021-09-21,biomass_high
True,0.0,True,0,True,2021-09-22,biomass_high
True,0.0,True,0,True,2021-09-23,biomass_high
True,0.0,True,0,True,2021-09-24,biomass_high
True,0.0,True,0,True,2021-09-25,biomass_high
True,0.0,True,0,True,2021-09-26,biomass_high
True,0.0,True,0,True,2021-09-27,biomass_high
True,0.0,True,0,True,2021-09-28,biomass_high
True,0.0,True,0,True,2021-09-29,biomass_high
True,0.0,True,0,True,2021-09-30,biomass_high
True,0.0,True,0,True,2021-10-01,biomass_high
True,0.0,True,0,True,2021-10-02,biomass_high
True,0.0,True,0,True,2021-10-03,biomass_high
True,0.0,True,0,True,2021-10-04,biomass_high
True,0.0,True,0,True,2021-10-05,biomass_high
True,0.0,True,0,True,2021-10-06,biomass_high
True,0.0,True,0,True,2021-10-07,biomass_high
True,0.0,True,0,True,2021-10-08,biomass_high
True,0.0,True,0,True,2021-10-09,biomass_high
True,0.0,True,0,True,2021-10-10,biomass_high
True,0.0,True,0,True,2021-10-11,biomass_high
True,0.0,True,0,True,2021-10-12,biomass_high
True,0.0,True,0,True,2021-10-13,biomass_high
True,0.0,True,0,True,2021-10-14,biomass_high
True,0.0,True,0,True,2021-10-15,biomass_high
True,0.0,True,0,True,2021-10-16,biomass_high
True,0.0,True,0,True,2021-10-17,biomass_high
True,0.0,True,0,True,2021-10-18,biomass_high
True,0.0,True,0,True,2021-10-19,biomass_high
True,0.0,True,0,True,2021-10-20,biomass_high
True,0.0,True,0,True,2021-10-21,biomass_high
True,0.0,True,0,True,2021-10-22,biomass_high
True,0.0,True,0,True,2021-10-23,biomass_high
True,0.0,True,0,True,2021-10-24,biomass_high
True,0.0,True,0,True,2021-10-25,biomass_high
True,0.0,True,0,True,2021-10-26,biomass_high
True,0.0,True,0,True,2021-10-27,biomass_high
True,0.0,True,0,True,2021-10-28,biomass_high
True,0.0,True,0,True,2021-10-29,biomass_high
True,0.0,True,0,True,2021-10-30,biomass_high
True,0.0,True,0,True,2021-10-31,biomass_high
True,0.0,True,0,True,2021-11-01,biomass_high
True,0.0,True,0,True,2021-11-02,biomass_high
True,0.0,True,0,True,2021-11-03,biomass_high
True,0.0,True,0,True,2021-11-04,biomass_high
True,0.0,True,0,True,2021-11-05,biomass_high
True,0.0,True,0,True,2021-11-06,biomass_high
True,0.0,True,0,True,2021-11-07,biomass_high
True,0.0,True,0,True,2021-11-08,biomass_high
True,0.0,True,0,True,2021-11-09,biomass_high
True,0.0,True,0,True,2021-11-10,biomass_high
True,0.0,True,0,True,2021-11-11,biomass_high
True,0.0,True,0,True,2021-11-12,biomass_high
True,0.0,True,0,True,2021-11-13,biomass_high
True,0.0,True,0,True,2021-11-14,biomass_high
True,0.0,True,0,True,2021-11-15,biomass_high
True,0.0,True,0,True,2021-11-16,biomass_high
True,0.0,True,0,True,2021-11-17,biomass_high
True,0.0,True,0,True,2021-11-18,biomass_high
True,0.0,True,0,True,2021-11-19,biomass_high
True,0.0,True,0,True,2021-11-20,biomass_high
True,0.0,True,0,True,2021-11-21,biomass_high
True,0.0,True,0,True,2021-11-22,biomass_high
True,0.0,True,0,True,2021-11-23,biomass_high
True,0.0,True,0,True,2021-11-24,biomass_high
True,0.0,True,0,True,2021-11-25,biomass_high
True,0.0,True,0,True,2021-11-26,biomass_high
True,0.0,True,0,True,2021-11-27,biomass_high
True,0.0,True,0,True,2021-11-28,biomass_high
True,0.0,True,0,True,2021-11-29,biomass_high
True,0.0,True,0,True,2021-11-30,biomass_high
True,0.0,True,0,True,2021-12-01,biomass_high
True,0.0,True,0,True,2021-12-02,biomass_high
True,0.0,True,0,True,2021-12-03,biomass_high
True,0.0,True,0,True,2021-12-04,biomass_high
True,0.0,True,0,True,2021-12-05,biomass_high
True,0.0,True,0,True,2021-12-06,biomass_high
True,0.0,True,0,True,2021-12-07,biomass_high
True,0.0,True,0,True,2021-12-08,biomass_high
True,0.0,True,0,True,2021-12-09,biomass_high
True,0.0,True,0,True,2021-12-10,biomass_high
True,0.0,True,0,True,2021-12-11,biomass_high
True,0.0,True,0,True,2021-12-12,biomass_high
True,0.0,True,0,True,2021-12-13,biomass_high
True,0.0,True,0,True,2021-12-14,biomass_high
True,0.0,True,0,True,2021-12-15,biomass_high
True,0.0,True,0,True,2021-12-16,biomass_high
True,0.0,True,0,True,2021-12-17,biomass_high
True,0.0,True,0,True,2021-12-18,biomass_high
True,0.0,True,0,True,2021-12-19,biomass_high
True,0.0,True,0,True,2021-12-20,biomass_high
True,0.0,True,0,True,2021-12-21,biomass_high
True,0.0,True,0,True,2021-12-22,biomass_high
True,0.0,True,0,True,2021-12-23,biomass_high
True,0.0,True,0,True,2021-12-24,biomass_high
True,0.0,True,0,True,2021-12-25,biomass_high
True,0.0,True,0,True,2021-12-26,biomass_high
True,0.0,True,0,True,2021-12-27,biomass_high
True,0.0,True,0,True,2021-12-28,biomass_high
True,0.0,True,0,True,2021-12-29,biomass_high
True,0.0,True,0,True,2021-12-30,biomass_high
True,0.0,True,0,True,2021-12-31,biomass_high
True,0.0,True,0,True,2022-01-01,biomass_high
True,0.0,True,0,True,2022-01-02,biomass_high
True,0.0,True,0,True,2022-01-03,biomass_high
True,0.0,True,0,True,2022-01-04,biomass_high
True,0.0,True,0,True,2022-01-05,biomass_high
True,0.0,True,0,True,2022-01-06,biomass_high
True,0.0,True,0,True,2022-01-07,biomass_high
True,0.0,True,0,True,2022-01-08,biomass_high
True,0.0,True,0,True,2022-01-09,biomass_high
True,0.0,True,0,True,2022-01-10,biomass_high
True,0.0,True,0,True,2022-01-11,biomass_high
True,0.0,True,0,True,2022-01-12,biomass_high
True,0.0,True,0,True,2022-01-13,biomass_high
True,0.0,True,0,True,2022-01-14,biomass_high
True,0.0,True,0,True,2022-01-15,biomass_high
True,0.0,True,0,True,2022-01-16,biomass_high
True,0.0,True,0,True,2022-01-17,biomass_high
True,0.0,True,0,True,2022-01-18,biomass_high
True,0.0,True,0,True,2022-01-19,biomass_high
True,0.0,True,0,True,2022-01-20,biomass_high
True,0.0,True,0,True,2022-01-21,biomass_high
True,0.0,True,0,True,2022-01-22,biomass_high
True,0.0,True,0,True,2022-01-23,biomass_high
True,0.0,True,0,True,2022-01-24,biomass_high
True,0.0,True,0,True,2022-01-25,biomass_high
True,0.0,True,0,True,2022-01-26,biomass_high
True,0.0,True,0,True,2022-01-27,biomass_high
True,0.0,True,0,True,2022-01-28,biomass_high
True,0.0,True,0,True,2022-01-29,biomass_high
True,0.0,True,0,True,2022-01-30,biomass_high
True,0.0,True,0,True,2022-01-31,biomass_high
True,0.0,True,0,True,2022-02-01,biomass_high
True,0.0,True,0,True,2022-02-02,biomass_high
True,0.0,True,0,True,2022-02-03,biomass_high
True,0.0,True,0,True,2022-02-04,biomass_high
True,0.0,True,0,True,2022-02-05,biomass_high
True,0.0,True,0,True,2022-02-06,biomass_high
True,0.0,True,0,True,2022-02-07,biomass_high
True,0.0,True,0,True,2022-02-08,biomass_high
True,0.0,True,0,True,2022-02-09,biomass_high
True,0.0,True,0,True,2022-02-10,biomass_high
True,0.0,True,0,True,2022-02-11,biomass_high
True,0.0,True,0,True,2022-02-12,biomass_high
True,0.0,True,0,True,2022-02-13,biomass_high
True,0.0,True,0,True,2022-02-14,biomass_high
True,0.0,True,0,True,2022-02-15,biomass_high
True,0.0,True,0,True,2022-02-16,biomass_high
True,0.0,True,0,True,2022-02-17,biomass_high
True,0.0,True,0,True,2022-02-18,biomass_high
True,0.0,True,0,True,2022-02-19,biomass_high
True,0.0,True,0,True,2022-02-20,biomass_high
True,0.0,True,0,True,2022-02-21,biomass_high
True,0.0,True,0,True,2022-02-22,biomass_high
True,0.0,True,0,True,2022-02-23,biomass_high
True,0.0,True,0,True,2022-02-24,biomass_high
True,0.0,True,0,True,2022-02-25,biomass_high
True,0.0,True,0,True,2022-02-26,biomass_high
True,0.0,True,0,True,2022-02-27,biomass_high
True,0.0,True,0,True,2022-02-28,biomass_high
True,0.0,True,0,True,2022-03-01,biomass_high
True,0.0,True,0,True,2022-03-02,biomass_high
True,0.0,True,0,True,2022-03-03,biomass_high
True,0.0,True,0,True,2022-03-04,biomass_high
True,0.0,True,0,True,2022-03-05,biomass_high
True,0.0,True,0,True,2022-03-06,biomass_high
True,0.0,True,0,True,2022-03-07,biomass_high
True,0.0,True,0,True,2022-03-08,biomass_high
True,0.0,True,0,True,2022-03-09,biomass_high
True,0.0,True,0,True,2022-03-10,biomass_high
True,0.0,True,0,True,2022-03-11,biomass_high
True,0.0,True,0,True,2022-03-12,biomass_high
True,0.0,True,0,True,2022-03-13,biomass_high
True,0.0,True,0,True,2022-03-14,biomass_high
True,0.0,True,0,True,2022-03-15,biomass_high
True,0.0,True,0,True,2022-03-16,biomass_high
True,0.0,True,0,True,2022-03-17,biomass_high
True,0.0,True,0,True,2022-03-18,biomass_high
True,0.0,True,0,True,2022-03-19,biomass_high
True,0.0,True,0,True,2022-03-20,biomass_high
True,0.0,True,0,True,2022-03-21,biomass_high
True,0.0,True,0,True,2022-03-22,biomass_high
True,0.0,True,0,True,2022-03-23,biomass_high
True,0.0,True,0,True,2022-03-24,biomass_high
True,0.0,True,0,True,2022-03-25,biomass_high
True,0.0,True,0,True,2022-03-26,biomass_high
True,0.0,True,0,True,2022-03-27,biomass_high
True,0.0,True,0,True,2022-03-28,biomass_high
True,0.0,True,0,True,2022-03-29,biomass_high
True,0.0,True,0,True,2022-03-30,biomass_high
True,0.0,True,0,True,2022-03-31,biomass_high
True,0.0,True,0,True,2022-04-01,biomass_high
True,0.0,True,0,True,2022-04-02,biomass_high
True,0.0,True,0,True,2022-04-03,biomass_high
True,0.0,True,0,True,2022-04-04,biomass_high
True,0.0,True,0,True,2022-04-05,biomass_high
True,0.0,True,0,True,2022-04-06,biomass_high
True,0.0,True,0,True,2022-04-07,biomass_high
True,0.0,True,0,True,2022-04-08,biomass_high
True,0.0,True,0,True,2022-04-09,biomass_high
True,0.0,True,0,True,2022-04-10,biomass_high
True,0.0,True,0,True,2022-04-11,biomass_high
True,0.0,True,0,True,2022-04-12,biomass_high
True,0.0,True,0,True,2022-04-13,biomass_high
True,0.0,True,0,True,2022-04-14,biomass_high
True,0.0,True,0,True,2022-04-15,biomass_high
True,0.0,True,0,True,2022-04-16,biomass_high
True,0.0,True,0,True,2022-04-17,biomass_high
True,0.0,True,0,True,2022-04-18,biomass_high
True,0.0,True,0,True,2022-04-19,biomass_high
True,0.0,True,0,True,2022-04-20,biomass_high
True,0.0,True,0,True,2022-04-21,biomass_high
True,0.0,True,0,True,2022-04-22,biomass_high
True,0.0,True,0,True,2022-04-23,biomass_high
True,0.0,True,0,True,2022-04-24,biomass_high
True,0.0,True,0,True,2022-04-25,biomass_high
True,0.0,True,0,True,2022-04-26,biomass_high
True,0.0,True,0,True,2022-04-27,biomass_high
True,0.0,True,0,True,2022-04-28,biomass_high
True,0.0,True,0,True,2022-04-29,biomass_high
True,0.0,True,0,True,2022-04-30,biomass_high
True,0.0,True,0,True,2022-05-01,biomass_high
True,0.0,True,0,True,2022-05-02,biomass_high
True,0.0,True,0,True,2022-05-03,biomass_high
True,0.0,True,0,True,2022-05-04,biomass_high
True,0.0,True,0,True,2022-05-05,biomass_high
True,0.0,True,0,True,2022-05-06,biomass_high
True,0.0,True,0,True,2022-05-07,biomass_high
True,0.0,True,0,True,2022-05-08,biomass_high
True,0.0,True,0,True,2022-05-09,biomass_high
True,0.0,True,0,True,2022-05-10,biomass_high
True,0.0,True,0,True,2022-05-11,biomass_high
True,0.0,True,0,True,2022-05-12,biomass_high
True,0.0,True,0,True,2022-05-13,biomass_high
True,0.0,True,0,True,2022-05-14,biomass_high
True,0.0,True,0,True,2022-05-15,biomass_high
True,0.0,True,0,True,2022-05-16,biomass_high
True,0.0,True,0,True,2022-05-17,biomass_high
True,0.0,True,0,True,2022-05-18,biomass_high
True,0.0,True,0,True,2022-05-19,biomass_high
True,0.0,True,0,True,2022-05-20,biomass_high
True,0.0,True,0,True,2022-05-21,biomass_high
True,0.0,True,0,True,2022-05-22,biomass_high
True,0.0,True,0,True,2022-05-23,biomass_high
True,0.0,True,0,True,2022-05-24,biomass_high
True,0.0,True,0,True,2022-05-25,biomass_high
True,0.0,True,0,True,2022-05-26,biomass_high
True,0.0,True,0,True,2022-05-27,biomass_high
True,0.0,True,0,True,2022-05-28,biomass_high
True,0.0,True,0,True,2022-05-29,biomass_high
True,0.0,True,0,True,2022-05-30,biomass_high
True,0.0,True,0,True,2022-05-31,biomass_high
True,0.0,True,0,True,2022-06-01,biomass_high
True,0.0,True,0,True,2022-06-02,biomass_high
True,0.0,True,0,True,2022-06-03,biomass_high
True,0.0,True,0,True,2022-06-04,biomass_high
True,0.0,True,0,True,2022-06-05,biomass_high
True,0.0,True,0,True,2022-06-06,biomass_high
True,0.0,True,0,True,2022-06-07,biomass_high
True,0.0,True,0,True,2022-06-08,biomass_high
True,0.0,True,0,True,2022-06-09,biomass_high
True,0.0,True,0,True,2022-06-10,biomass_high
True,0.0,True,0,True,2022-06-11,biomass_high
True,0.0,True,0,True,2022-06-12,biomass_high
True,0.0,True,0,True,2022-06-13,biomass_high
True,0.0,True,0,True,2022-06-14,biomass_high
True,0.0,True,0,True,2022-06-15,biomass_high
True,0.0,True,0,True,2022-06-16,biomass_high
True,0.0,True,0,True,2022-06-17,biomass_high
True,0.0,True,0,True,2022-06-18,biomass_high
True,0.0,True,0,True,2022-06-19,biomass_high
True,0.0,True,0,True,2022-06-20,biomass_high
True,0.0,True,0,True,2022-06-21,biomass_high
True,0.0,True,0,True,2022-06-22,biomass_high
True,0.0,True,0,True,2022-06-23,biomass_high
True,0.0,True,0,True,2022-06-24,biomass_high
True,0.0,True,0,True,2022-06-25,biomass_high
True,0.0,True,0,True,2022-06-26,biomass_high
True,0.0,True,0,True,2022-06-27,biomass_high
True,0.0,True,0,True,2022-06-28,biomass_high
True,0.0,True,0,True,2022-06-29,biomass_high
True,0.0,True,0,True,2022-06-30,biomass_high
True,0.0,True,0,True,2022-07-01,biomass_high
True,0.0,True,0,True,2022-07-02,biomass_high
True,0.0,True,0,True,2022-07-03,biomass_high
True,0.0,True,0,True,2022-07-04,biomass_high
True,0.0,True,0,True,2022-07-05,biomass_high
True,0.0,True,0,True,2022-07-06,biomass_high
True,0.0,True,0,True,2022-07-07,biomass_high
True,0.0,True,0,True,2022-07-08,biomass_high
True,0.0,True,0,True,2022-07-09,biomass_high
True,0.0,True,0,True,2022-07-10,biomass_high
True,0.0,True,0,True,2022-07-11,biomass_high
True,0.0,True,0,True,2022-07-12,biomass_high
True,0.0,True,0,True,2022-07-13,biomass_high
True,0.0,True,0,True,2022-07-14,biomass_high
True,0.0,True,0,True,2022-07-15,biomass_high
True,0.0,True,0,True,2022-07-16,biomass_high
True,0.0,True,0,True,2022-07-17,biomass_high
True,0.0,True,0,True,2022-07-18,biomass_high
True,0.0,True,0,True,2022-07-19,biomass_high
True,0.0,True,0,True,2022-07-20,biomass_high
True,0.0,True,0,True,2022-07-21,biomass_high
True,0.0,True,0,True,2022-07-22,biomass_high
True,0.0,True,0,True,2022-07-23,biomass_high
True,0.0,True,0,True,2022-07-24,biomass_high
True,0.0,True,0,True,2022-07-25,biomass_high
True,0.0,True,0,True,2022-07-26,biomass_high
True,0.0,True,0,True,2022-07-27,biomass_high
True,0.0,True,0,True,2022-07-28,biomass_high
True,0.0,True,0,True,2022-07-29,biomass_high
True,0.0,True,0,True,2022-07-30,biomass_high
True,0.0,True,0,True,2022-07-31,biomass_high
True,0.0,True,0,True,2022-08-01,biomass_high
True,0.0,True,0,True,2022-08-02,biomass_high
True,0.0,True,0,True,2022-08-03,biomass_high
True,0.0,True,0,True,2022-08-04,biomass_high
True,0.0,True,0,True,2022-08-05,biomass_high
True,0.0,True,0,True,2022-08-06,biomass_high
True,0.0,True,0,True,2022-08-07,biomass_high
True,0.0,True,0,True,2022-08-08,biomass_high
True,0.0,True,0,True,2022-08-09,biomass_high
True,0.0,True,0,True,2022-08-10,biomass_high
True,0.0,True,0,True,2022-08-11,biomass_high
True,0.0,True,0,True,2022-08-12,biomass_high
True,0.0,True,0,True,2022-08-13,biomass_high
True,0.0,True,0,True,2022-08-14,biomass_high
True,0.0,True,0,True,2022-08-15,biomass_high
True,0.0,True,0,True,2022-08-16,biomass_high
True,0.0,True,0,True,2022-08-17,biomass_high
True,0.0,True,0,True,2022-08-18,biomass_high
True,0.0,True,0,True,2022-08-19,biomass_high
True,0.0,True,0,True,2022-08-20,biomass_high
True,0.0,True,0,True,2022-08-21,biomass_high
True,0.0,True,0,True,2022-08-22,biomass_high
True,0.0,True,0,True,2022-08-23,biomass_high
True,0.0,True,0,True,2022-08-24,biomass_high
True,0.0,True,0,True,2022-08-25,biomass_high
True,0.0,True,0,True,2022-08-26,biomass_high
True,0.0,True,0,True,2022-08-27,biomass_high
True,0.0,True,0,True,2022-08-28,biomass_high
True,0.0,True,0,True,2022-08-29,biomass_high
True,0.0,True,0,True,2022-08-30,biomass_high
True,0.0,True,0,True,2022-08-31,biomass_high
True,0.0,True,0,True,2022-09-01,biomass_high
True,0.0,True,0,True,2022-09-02,biomass_high
True,0.0,True,0,True,2022-09-03,biomass_high
True,0.0,True,0,True,2022-09-04,biomass_high
True,0.0,True,0,True,2022-09-05,biomass_high
True,0.0,True,0,True,2022-09-06,biomass_high
True,0.0,True,0,True,2022-09-07,biomass_high
True,0.0,True,0,True,2022-09-08,biomass_high
True,0.0,True,0,True,2022-09-09,biomass_high
True,0.0,True,0,True,2022-09-10,biomass_high
True,0.0,True,0,True,2022-09-11,biomass_high
True,0.0,True,0,True,2022-09-12,biomass_high
True,0.0,True,0,True,2022-09-13,biomass_high
True,0.0,True,0,True,2022-09-14,biomass_high
True,0.0,True,0,True,2022-09-15,biomass_high
True,0.0,True,0,True,2022-09-16,biomass_high
True,0.0,True,0,True,2022-09-17,biomass_high
True,0.0,True,0,True,2022-09-18,biomass_high
True,0.0,True,0,True,2022-09-19,biomass_high
True,0.0,True,0,True,2022-09-20,biomass_high
True,0.0,True,0,True,2022-09-21,biomass_high
True,0.0,True,0,True,2022-09-22,biomass_high
True,0.0,True,0,True,2022-09-23,biomass_high
True,0.0,True,0,True,2022-09-24,biomass_high
True,0.0,True,0,True,2022-09-25,biomass_high
True,0.0,True,0,True,2022-09-26,biomass_high
True,0.0,True,0,True,2022-09-27,biomass_high
True,0.0,True,0,True,2022-09-28,biomass_high
True,0.0,True,0,True,2022-09-29,biomass_high
True,0.0,True,0,True,2022-09-30,biomass_high
True,0.0,True,0,True,2022-10-01,biomass_high
True,0.0,True,0,True,2022-10-02,biomass_high
True,0.0,True,0,True,2022-10-03,biomass_high
True,0.0,True,0,True,2022-10-04,biomass_high
True,0.0,True,0,True,2022-10-05,biomass_high
True,0.0,True,0,True,2022-10-06,biomass_high
True,0.0,True,0,True,2022-10-07,biomass_high
True,0.0,True,0,True,2022-10-08,biomass_high
True,0.0,True,0,True,2022-10-09,biomass_high
True,0.0,True,0,True,2022-10-10,biomass_high
True,0.0,True,0,True,2022-10-11,biomass_high
True,0.0,True,0,True,2022-10-12,biomass_high
True,0.0,True,0,True,2022-10-13,biomass_high
True,0.0,True,0,True,2022-10-14,biomass_high
True,0.0,True,0,True,2022-10-15,biomass_high
True,0.0,True,0,True,2022-10-16,biomass_high
True,0.0,True,0,True,2022-10-17,biomass_high
True,0.0,True,0,True,2022-10-18,biomass_high
True,0.0,True,0,True,2022-10-19,biomass_high
True,0.0,True,0,True,2022-10-20,biomass_high
True,0.0,True,0,True,2022-10-21,biomass_high
True,0.0,True,0,True,2022-10-22,biomass_high
True,0.0,True,0,True,2022-10-23,biomass_high
True,0.0,True,0,True,2022-10-24,biomass_high
True,0.0,True,0,True,2022-10-25,biomass_high
True,0.0,True,0,True,2022-10-26,biomass_high
True,0.0,True,0,True,2022-10-27,biomass_high
True,0.0,True,0,True,2022-10-28,biomass_high
True,0.0,True,0,True,2022-10-29,biomass_high
True,0.0,True,0,True,2022-10-30,biomass_high
True,0.0,True,0,True,2022-10-31,biomass_high
True,0.0,True,0,True,2022-11-01,biomass_high
True,0.0,True,0,True,2022-11-02,biomass_high
True,0.0,True,0,True,2022-11-03,biomass_high
True,0.0,True,0,True,2022-11-04,biomass_high
True,0.0,True,0,True,2022-11-05,biomass_high
True,0.0,True,0,True,2022-11-06,biomass_high
True,0.0,True,0,True,2022-11-07,biomass_high
True,0.0,True,0,True,2022-11-08,biomass_high
True,0.0,True,0,True,2022-11-09,biomass_high
True,0.0,True,0,True,2022-11-10,biomass_high
True,0.0,True,0,True,2022-11-11,biomass_high
True,0.0,True,0,True,2022-11-12,biomass_high
True,0.0,True,0,True,2022-11-13,biomass_high
True,0.0,True,0,True,2022-11-14,biomass_high
True,0.0,True,0,True,2022-11-15,biomass_high
True,0.0,True,0,True,2022-11-16,biomass_high
True,0.0,True,0,True,2022-11-17,biomass_high
True,0.0,True,0,True,2022-11-18,biomass_high
True,0.0,True,0,True,2022-11-19,biomass_high
True,0.0,True,0,True,2022-11-20,biomass_high
True,0.0,True,0,True,2022-11-21,biomass_high
True,0.0,True,0,True,2022-11-22,biomass_high
True,0.0,True,0,True,2022-11-23,biomass_high
True,0.0,True,0,True,2022-11-24,biomass_high
True,0.0,True,0,True,2022-11-25,biomass_high
True,0.0,True,0,True,2022-11-26,biomass_high
True,0.0,True,0,True,2022-11-27,biomass_high
True,0.0,True,0,True,2022-11-28,biomass_high
True,0.0,True,0,True,2022-11-29,biomass_high
True,0.0,True,0,True,2022-11-30,biomass_high
True,0.0,True,0,True,2022-12-01,biomass_high
True,0.0,True,0,True,2022-12-02,biomass_high
True,0.0,True,0,True,2022-12-03,biomass_high
True,0.0,True,0,True,2022-12-04,biomass_high
True,0.0,True,0,True,2022-12-05,biomass_high
True,0.0,True,0,True,2022-12-06,biomass_high
True,0.0,True,0,True,2022-12-07,biomass_high
True,0.0,True,0,True,2022-12-08,biomass_high
True,0.0,True,0,True,2022-12-09,biomass_high
True,0.0,True,0,True,2022-12-10,biomass_high
True,0.0,True,0,True,2022-12-11,biomass_high
True,0.0,True,0,True,2022-12-12,biomass_high
True,0.0,True,0,True,2022-12-13,biomass_high
True,0.0,True,0,True,2022-12-14,biomass_high
True,0.0,True,0,True,2022-12-15,biomass_high
True,0.0,True,0,True,2022-12-16,biomass_high
True,0.0,True,0,True,2022-12-17,biomass_high
True,0.0,True,0,True,2022-12-18,biomass_high
True,0.0,True,0,True,2022-12-19,biomass_high
True,0.0,True,0,True,2022-12-20,biomass_high
True,0.0,True,0,True,2022-12-21,biomass_high
True,0.0,True,0,True,2022-12-22,biomass_high
True,0.0,True,0,True,2022-12-23,biomass_high
True,0.0,True,0,True,2022-12-24,biomass_high
True,0.0,True,0,True,2022-12-25,biomass_high
True,0.0,True,0,True,2022-12-26,biomass_high
True,0.0,True,0,True,2022-12-27,biomass_high
True,0.0,True,0,True,2022-12-28,biomass_high
True,0.0,True,0,True,2022-12-29,biomass_high
True,0.0,True,0,True,2022-12-30,biomass_high
True,0.0,True,0,True,2022-12-31,biomass_high
True,0.0,True,0,True,2023-01-01,biomass_high
True,0.0,True,0,True,2023-01-02,biomass_high
True,0.0,True,0,True,2023-01-03,biomass_high
True,0.0,True,0,True,2023-01-04,biomass_high
True,0.0,True,0,True,2023-01-05,biomass_high
True,0.0,True,0,True,2023-01-06,biomass_high
True,0.0,True,0,True,2023-01-07,biomass_high
True,0.0,True,0,True,2023-01-08,biomass_high
True,0.0,True,0,True,2023-01-09,biomass_high
True,0.0,True,0,True,2023-01-10,biomass_high
True,0.0,True,0,True,2023-01-11,biomass_high
True,0.0,True,0,True,2023-01-12,biomass_high
True,0.0,True,0,True,2023-01-13,biomass_high
True,0.0,True,0,True,2023-01-14,biomass_high
True,0.0,True,0,True,2023-01-15,biomass_high
True,0.0,True,0,True,2023-01-16,biomass_high
True,0.0,True,0,True,2023-01-17,biomass_high
True,0.0,True,0,True,2023-01-18,biomass_high
True,0.0,True,0,True,2023-01-19,biomass_high
True,0.0,True,0,True,2023-01-20,biomass_high
True,0.0,True,0,True,2023-01-21,biomass_high
True,0.0,True,0,True,2023-01-22,biomass_high
True,0.0,True,0,True,2023-01-23,biomass_high
True,0.0,True,0,True,2023-01-24,biomass_high
True,0.0,True,0,True,2023-01-25,biomass_high
True,0.0,True,0,True,2023-01-26,biomass_high
True,0.0,True,0,True,2023-01-27,biomass_high
True,0.0,True,0,True,2023-01-28,biomass_high
True,0.0,True,0,True,2023-01-29,biomass_high
True,0.0,True,0,True,2023-01-30,biomass_high
True,0.0,True,0,True,2023-01-31,biomass_high
True,0.0,True,0,True,2023-02-01,biomass_high
True,0.0,True,0,True,2023-02-02,biomass_high
True,0.0,True,0,True,2023-02-03,biomass_high
True,0.0,True,0,True,2023-02-04,biomass_high
True,0.0,True,0,True,2023-02-05,biomass_high
True,0.0,True,0,True,2023-02-06,biomass_high
True,0.0,True,0,True,2023-02-07,biomass_high
True,0.0,True,0,True,2023-02-08,biomass_high
True,0.0,True,0,True,2023-02-09,biomass_high
True,0.0,True,0,True,2023-02-10,biomass_high
True,0.0,True,0,True,2023-02-11,biomass_high
True,0.0,True,0,True,2023-02-12,biomass_high
True,0.0,True,0,True,2023-02-13,biomass_high
True,0.0,True,0,True,2023-02-14,biomass_high
True,0.0,True,0,True,2023-02-15,biomass_high
True,0.0,True,0,True,2023-02-16,biomass_high
True,0.0,True,0,True,2023-02-17,biomass_high
True,0.0,True,0,True,2023-02-18,biomass_high
True,0.0,True,0,True,2023-02-19,biomass_high
True,0.0,True,0,True,2023-02-20,biomass_high
True,0.0,True,0,True,2023-02-21,biomass_high
True,0.0,True,0,True,2023-02-22,biomass_high
True,0.0,True,0,True,2023-02-23,biomass_high
True,0.0,True,0,True,2023-02-24,biomass_high
True,0.0,True,0,True,2023-02-25,biomass_high
True,0.0,True,0,True,2023-02-26,biomass_high
True,0.0,True,0,True,2023-02-27,biomass_high
True,0.0,True,0,True,2023-02-28,biomass_high
True,0.0,True,0,True,2023-03-01,biomass_high
True,0.0,True,0,True,2023-03-02,biomass_high
True,0.0,True,0,True,2023-03-03,biomass_high
True,0.0,True,0,True,2023-03-04,biomass_high
True,0.0,True,0,True,2023-03-05,biomass_high
True,0.0,True,0,True,2023-03-06,biomass_high
True,0.0,True,0,True,2023-03-07,biomass_high
True,0.0,True,0,True,2023-03-08,biomass_high
True,0.0,True,0,True,2023-03-09,biomass_high
True,0.0,True,0,True,2023-03-10,biomass_high
True,0.0,True,0,True,2023-03-11,biomass_high
True,0.0,True,0,True,2023-03-12,biomass_high
True,0.0,True,0,True,2023-03-13,biomass_high
True,0.0,True,0,True,2023-03-14,biomass_high
True,0.0,True,0,True,2023-03-15,biomass_high
True,0.0,True,0,True,2023-03-16,biomass_high
True,0.0,True,0,True,2023-03-17,biomass_high
True,0.0,True,0,True,2023-03-18,biomass_high
True,0.0,True,0,True,2023-03-19,biomass_high
True,0.0,True,0,True,2023-03-20,biomass_high
True,0.0,True,0,True,2023-03-21,biomass_high
True,0.0,True,0,True,2023-03-22,biomass_high
True,0.0,True,0,True,2023-03-23,biomass_high
True,0.0,True,0,True,2023-03-24,biomass_high
True,0.0,True,0,True,2023-03-25,biomass_high
True,0.0,True,0,True,2023-03-26,biomass_high
True,0.0,True,0,True,2023-03-27,biomass_high
True,0.0,True,0,True,2023-03-28,biomass_high
True,0.0,True,0,True,2023-03-29,biomass_high
True,0.0,True,0,True,2023-03-30,biomass_high
True,0.0,True,0,True,2023-03-31,biomass_high
True,0.0,True,0,True,2023-04-01,biomass_high
True,0.0,True,0,True,2023-04-02,biomass_high
True,0.0,True,0,True,2023-04-03,biomass_high
True,0.0,True,0,True,2023-04-04,biomass_high
True,0.0,True,0,True,2023-04-05,biomass_high
True,0.0,True,0,True,2023-04-06,biomass_high
True,0.0,True,0,True,2023-04-07,biomass_high
True,0.0,True,0,True,2023-04-08,biomass_high
True,0.0,True,0,True,2023-04-09,biomass_high
True,0.0,True,0,True,2023-04-10,biomass_high
True,0.0,True,0,True,2023-04-11,biomass_high
True,0.0,True,0,True,2023-04-12,biomass_high
True,0.0,True,0,True,2023-04-13,biomass_high
True,0.0,True,0,True,2023-04-14,biomass_high
True,0.0,True,0,True,2023-04-15,biomass_high
True,0.0,True,0,True,2023-04-16,biomass_high
True,0.0,True,0,True,2023-04-17,biomass_high
True,0.0,True,0,True,2023-04-18,biomass_high
True,0.0,True,0,True,2023-04-19,biomass_high
True,0.0,True,0,True,2023-04-20,biomass_high
True,0.0,True,0,True,2023-04-21,biomass_high
True,0.0,True,0,True,2023-04-22,biomass_high
True,0.0,True,0,True,2023-04-23,biomass_high
True,0.0,True,0,True,2023-04-24,biomass_high
True,0.0,True,0,True,2023-04-25,biomass_high
True,0.0,True,0,True,2023-04-26,biomass_high
True,0.0,True,0,True,2023-04-27,biomass_high
True,0.0,True,0,True,2023-04-28,biomass_high
True,0.0,True,0,True,2023-04-29,biomass_high
True,0.0,True,0,True,2023-04-30,biomass_high
True,0.0,True,0,True,2023-05-01,biomass_high
True,0.0,True,0,True,2023-05-02,biomass_high
True,0.0,True,0,True,2023-05-03,biomass_high
True,0.0,True,0,True,2023-05-04,biomass_high
True,0.0,True,0,True,2023-05-05,biomass_high
True,0.0,True,0,True,2023-05-06,biomass_high
True,0.0,True,0,True,2023-05-07,biomass_high
True,0.0,True,0,True,2023-05-08,biomass_high
True,0.0,True,0,True,2023-05-09,biomass_high
True,0.0,True,0,True,2023-05-10,biomass_high
True,0.0,True,0,True,2023-05-11,biomass_high
True,0.0,True,0,True,2023-05-12,biomass_high
True,0.0,True,0,True,2023-05-13,biomass_high
True,0.0,True,0,True,2023-05-14,biomass_high
True,0.0,True,0,True,2023-05-15,biomass_high
True,0.0,True,0,True,2023-05-16,biomass_high
True,0.0,True,0,True,2023-05-17,biomass_high
True,0.0,True,0,True,2023-05-18,biomass_high
True,0.0,True,0,True,2023-05-19,biomass_high
True,0.0,True,0,True,2023-05-20,biomass_high
True,0.0,True,0,True,2023-05-21,biomass_high
True,0.0,True,0,True,2023-05-22,biomass_high
True,0.0,True,0,True,2023-05-23,biomass_high
True,0.0,True,0,True,2023-05-24,biomass_high
True,0.0,True,0,True,2023-05-25,biomass_high
True,0.0,True,0,True,2023-05-26,biomass_high
True,0.0,True,0,True,2023-05-27,biomass_high
True,0.0,True,0,True,2023-05-28,biomass_high
True,0.0,True,0,True,2023-05-29,biomass_high
True,0.0,True,0,True,2023-05-30,biomass_high
True,0.0,True,0,True,2023-05-31,biomass_high
True,0.0,True,0,True,2023-06-01,biomass_high
True,0.0,True,0,True,2023-06-02,biomass_high
True,0.0,True,0,True,2023-06-03,biomass_high
True,0.0,True,0,True,2023-06-04,biomass_high
True,0.0,True,0,True,2023-06-05,biomass_high
True,0.0,True,0,True,2023-06-06,biomass_high
True,0.0,True,0,True,2023-06-07,biomass_high
True,0.0,True,0,True,2023-06-08,biomass_high
True,0.0,True,0,True,2023-06-09,biomass_high
True,0.0,True,0,True,2023-06-10,biomass_high
True,0.0,True,0,True,2023-06-11,biomass_high
True,0.0,True,0,True,2023-06-12,biomass_high
True,0.0,True,0,True,2023-06-13,biomass_high
True,0.0,True,0,True,2023-06-14,biomass_high
True,0.0,True,0,True,2023-06-15,biomass_high
True,0.0,True,0,True,2023-06-16,biomass_high
True,0.0,True,0,True,2023-06-17,biomass_high
True,0.0,True,0,True,2023-06-18,biomass_high
True,0.0,True,0,True,2023-06-19,biomass_high
True,0.0,True,0,True,2023-06-20,biomass_high
True,0.0,True,0,True,2023-06-21,biomass_high
True,0.0,True,0,True,2023-06-22,biomass_high
True,0.0,True,0,True,2023-06-23,biomass_high
True,0.0,True,0,True,2023-06-24,biomass_high
True,0.0,True,0,True,2023-06-25,biomass_high
True,0.0,True,0,True,2023-06-26,biomass_high
True,0.0,True,0,True,2023-06-27,biomass_high
True,0.0,True,0,True,2023-06-28,biomass_high
True,0.0,True,0,True,2023-06-29,biomass_high
True,0.0,True,0,True,2023-06-30,biomass_high
True,0.0,True,0,True,2023-07-01,biomass_high
True,0.0,True,0,True,2023-07-02,biomass_high
True,0.0,True,0,True,2023-07-03,biomass_high
True,0.0,True,0,True,2023-07-04,biomass_high
True,0.0,True,0,True,2023-07-05,biomass_high
True,0.0,True,0,True,2023-07-06,biomass_high
True,0.0,True,0,True,2023-07-07,biomass_high
True,0.0,True,0,True,2023-07-08,biomass_high
True,0.0,True,0,True,2023-07-09,biomass_high
True,0.0,True,0,True,2023-07-10,biomass_high
True,0.0,True,0,True,2023-07-11,biomass_high
True,0.0,True,0,True,2023-07-12,biomass_high
True,0.0,True,0,True,2023-07-13,biomass_high
True,0.0,True,0,True,2023-07-14,biomass_high
True,0.0,True,0,True,2023-07-15,biomass_high
True,0.0,True,0,True,2023-07-16,biomass_high
True,0.0,True,0,True,2023-07-17,biomass_high
True,0.0,True,0,True,2023-07-18,biomass_high
True,0.0,True,0,True,2023-07-19,biomass_high
True,0.0,True,0,True,2023-07-20,biomass_high
True,0.0,True,0,True,2023-07-21,biomass_high
True,0.0,True,0,True,2023-07-22,biomass_high
True,0.0,True,0,True,2023-07-23,biomass_high
True,0.0,True,0,True,2023-07-24,biomass_high
True,0.0,True,0,True,2023-07-25,biomass_high
True,0.0,True,0,True,2023-07-26,biomass_high
True,0.0,True,0,True,2023-07-27,biomass_high
True,0.0,True,0,True,2023-07-28,biomass_high
True,0.0,True,0,True,2023-07-29,biomass_high
True,0.0,True,0,True,2023-07-30,biomass_high
True,0.0,True,0,True,2023-07-31,biomass_high
True,0.0,True,0,True,2023-08-01,biomass_high
True,0.0,True,0,True,2023-08-02,biomass_high
True,0.0,True,0,True,2023-08-03,biomass_high
True,0.0,True,0,True,2023-08-04,biomass_high
True,0.0,True,0,True,2023-08-05,biomass_high
True,0.0,True,0,True,2023-08-06,biomass_high
True,0.0,True,0,True,2023-08-07,biomass_high
True,0.0,True,0,True,2023-08-08,biomass_high
True,0.0,True,0,True,2023-08-09,biomass_high
True,0.0,True,0,True,2023-08-10,biomass_high
True,0.0,True,0,True,2023-08-11,biomass_high
True,0.0,True,0,True,2023-08-12,biomass_high
True,0.0,True,0,True,2023-08-13,biomass_high
True,0.0,True,0,True,2023-08-14,biomass_high
True,0.0,True,0,True,2023-08-15,biomass_high
True,0.0,True,0,True,2023-08-16,biomass_high
True,0.0,True,0,True,2023-08-17,biomass_high
True,0.0,True,0,True,2023-08-18,biomass_high
True,0.0,True,0,True,2023-08-19,biomass_high
True,0.0,True,0,True,2023-08-20,biomass_high
True,0.0,True,0,True,2023-08-21,biomass_high
True,0.0,True,0,True,2023-08-22,biomass_high
True,0.0,True,0,True,2023-08-23,biomass_high
True,0.0,True,0,True,2023-08-24,biomass_high
True,0.0,True,0,True,2023-08-25,biomass_high
True,0.0,True,0,True,2023-08-26,biomass_high
True,0.0,True,0,True,2023-08-27,biomass_high
True,0.0,True,0,True,2023-08-28,biomass_high
True,0.0,True,0,True,2023-08-29,biomass_high
True,0.0,True,0,True,2023-08-30,biomass_high
True,0.0,True,0,True,2023-08-31,biomass_high
True,0.0,True,0,True,2023-09-01,biomass_high
True,0.0,True,0,True,2023-09-02,biomass_high
True,0.0,True,0,True,2023-09-03,biomass_high
True,0.0,True,0,True,2023-09-04,biomass_high
True,0.0,True,0,True,2023-09-05,biomass_high
True,0.0,True,0,True,2023-09-06,biomass_high
True,0.0,True,0,True,2023-09-07,biomass_high
True,0.0,True,0,True,2023-09-08,biomass_high
True,0.0,True,0,True,2023-09-09,biomass_high
True,0.0,True,0,True,2023-09-10,biomass_high
True,0.0,True,0,True,2023-09-11,biomass_high
True,0.0,True,0,True,2023-09-12,biomass_high
True,0.0,True,0,True,2023-09-13,biomass_high
True,0.0,True,0,True,2023-09-14,biomass_high
True,0.0,True,0,True,2023-09-15,biomass_high
True,0.0,True,0,True,2023-09-16,biomass_high
True,0.0,True,0,True,2023-09-17,biomass_high
True,0.0,True,0,True,2023-09-18,biomass_high
True,0.0,True,0,True,2023-09-19,biomass_high
True,0.0,True,0,True,2023-09-20,biomass_high
True,0.0,True,0,True,2023-09-21,biomass_high
True,0.0,True,0,True,2023-09-22,biomass_high
True,0.0,True,0,True,2023-09-23,biomass_high
True,0.0,True,0,True,2023-09-24,biomass_high
True,0.0,True,0,True,2023-09-25,biomass_high
True,0.0,True,0,True,2023-09-26,biomass_high
True,0.0,True,0,True,2023-09-27,biomass_high
True,0.0,True,0,True,2023-09-28,biomass_high
True,0.0,True,0,True,2023-09-29,biomass_high
True,0.0,True,0,True,2023-09-30,biomass_high
True,0.0,True,0,True,2023-10-01,biomass_high
True,0.0,True,0,True,2023-10-02,biomass_high
True,0.0,True,0,True,2023-10-03,biomass_high
True,0.0,True,0,True,2023-10-04,biomass_high
True,0.0,True,0,True,2023-10-05,biomass_high
True,0.0,True,0,True,2023-10-06,biomass_high
True,0.0,True,0,True,2023-10-07,biomass_high
True,0.0,True,0,True,2023-10-08,biomass_high
True,0.0,True,0,True,2023-10-09,biomass_high
True,0.0,True,0,True,2023-10-10,biomass_high
True,0.0,True,0,True,2023-10-11,biomass_high
True,0.0,True,0,True,2023-10-12,biomass_high
True,0.0,True,0,True,2023-10-13,biomass_high
True,0.0,True,0,True,2023-10-14,biomass_high
True,0.0,True,0,True,2023-10-15,biomass_high
True,0.0,True,0,True,2023-10-16,biomass_high
True,0.0,True,0,True,2023-10-17,biomass_high
True,0.0,True,0,True,2023-10-18,biomass_high
True,0.0,True,0,True,2023-10-19,biomass_high
True,0.0,True,0,True,2023-10-20,biomass_high
True,0.0,True,0,True,2023-10-21,biomass_high
True,0.0,True,0,True,2023-10-22,biomass_high
True,0.0,True,0,True,2023-10-23,biomass_high
True,0.0,True,0,True,2023-10-24,biomass_high
True,0.0,True,0,True,2023-10-25,biomass_high
True,0.0,True,0,True,2023-10-26,biomass_high
True,0.0,True,0,True,2023-10-27,biomass_high
True,0.0,True,0,True,2023-10-28,biomass_high
True,0.0,True,0,True,2023-10-29,biomass_high
True,0.0,True,0,True,2023-10-30,biomass_high
True,0.0,True,0,True,2023-10-31,biomass_high
True,0.0,True,0,True,2023-11-01,biomass_high
True,0.0,True,0,True,2023-11-02,biomass_high
True,0.0,True,0,True,2023-11-03,biomass_high
True,0.0,True,0,True,2023-11-04,biomass_high
True,0.0,True,0,True,2023-11-05,biomass_high
True,0.0,True,0,True,2023-11-06,biomass_high
True,0.0,True,0,True,2023-11-07,biomass_high
True,0.0,True,0,True,2023-11-08,biomass_high
True,0.0,True,0,True,2023-11-09,biomass_high
True,0.0,True,0,True,2023-11-10,biomass_high
True,0.0,True,0,True,2023-11-11,biomass_high
True,0.0,True,0,True,2023-11-12,biomass_high
True,0.0,True,0,True,2023-11-13,biomass_high
True,0.0,True,0,True,2023-11-14,biomass_high
True,0.0,True,0,True,2023-11-15,biomass_high
True,0.0,True,0,True,2023-11-16,biomass_high
True,0.0,True,0,True,2023-11-17,biomass_high
True,0.0,True,0,True,2023-11-18,biomass_high
True,0.0,True,0,True,2023-11-19,biomass_high
True,0.0,True,0,True,2023-11-20,biomass_high
True,0.0,True,0,True,2023-11-21,biomass_high
True,0.0,True,0,True,2023-11-22,biomass_high
True,0.0,True,0,True,2023-11-23,biomass_high
True,0.0,True,0,True,2023-11-24,biomass_high
True,0.0,True,0,True,2023-11-25,biomass_high
True,0.0,True,0,True,2023-11-26,biomass_high
True,0.0,True,0,True,2023-11-27,biomass_high
True,0.0,True,0,True,2023-11-28,biomass_high
True,0.0,True,0,True,2023-11-29,biomass_high
True,0.0,True,0,True,2023-11-30,biomass_high
True,0.0,True,0,True,2023-12-01,biomass_high
True,0.0,True,0,True,2023-12-02,biomass_high
True,0.0,True,0,True,2023-12-03,biomass_high
True,0.0,True,0,True,2023-12-04,biomass_high
True,0.0,True,0,True,2023-12-05,biomass_high
True,0.0,True,0,True,2023-12-06,biomass_high
True,0.0,True,0,True,2023-12-07,biomass_high
True,0.0,True,0,True,2023-12-08,biomass_high
True,0.0,True,0,True,2023-12-09,biomass_high
True,0.0,True,0,True,2023-12-10,biomass_high
True,0.0,True,0,True,2023-12-11,biomass_high
True,0.0,True,0,True,2023-12-12,biomass_high
True,0.0,True,0,True,2023-12-13,biomass_high
True,0.0,True,0,True,2023-12-14,biomass_high
True,0.0,True,0,True,2023-12-15,biomass_high
True,0.0,True,0,True,2023-12-16,biomass_high
True,0.0,True,0,True,2023-12-17,biomass_high
True,0.0,True,0,True,2023-12-18,biomass_high
True,0.0,True,0,True,2023-12-19,biomass_high
True,0.0,True,0,True,2023-12-20,biomass_high
True,0.0,True,0,True,2023-12-21,biomass_high
True,0.0,True,0,True,2023-12-22,biomass_high
True,0.0,True,0,True,2023-12-23,biomass_high
True,0.0,True,0,True,2023-12-24,biomass_high
True,0.0,True,0,True,2023-12-25,biomass_high
True,0.0,True,0,True,2023-12-26,biomass_high
True,0.0,True,0,True,2023-12-27,biomass_high
True,0.0,True,0,True,2023-12-28,biomass_high
True,0.0,True,0,True,2023-12-29,biomass_high
True,0.0,True,0,True,2023-12-30,biomass_high
True,0.0,True,0,True,2023-12-31,biomass_high
True,0.0,True,0,True,2024-01-01,biomass_high
True,0.0,True,0,True,2024-01-02,biomass_high
True,0.0,True,0,True,2024-01-03,biomass_high
True,0.0,True,0,True,2024-01-04,biomass_high
True,0.0,True,0,True,2024-01-05,biomass_high
True,0.0,True,0,True,2024-01-06,biomass_high
True,0.0,True,0,True,2024-01-07,biomass_high
True,0.0,True,0,True,2024-01-08,biomass_high
True,0.0,True,0,True,2024-01-09,biomass_high
True,0.0,True,0,True,2024-01-10,biomass_high
True,0.0,True,0,True,2024-01-11,biomass_high
True,0.0,True,0,True,2024-01-12,biomass_high
True,0.0,True,0,True,2024-01-13,biomass_high
True,0.0,True,0,True,2024-01-14,biomass_high
True,0.0,True,0,True,2024-01-15,biomass_high
True,0.0,True,0,True,2024-01-16,biomass_high
True,0.0,True,0,True,2024-01-17,biomass_high
True,0.0,True,0,True,2024-01-18,biomass_high
True,0.0,True,0,True,2024-01-19,biomass_high
True,0.0,True,0,True,2024-01-20,biomass_high
True,0.0,True,0,True,2024-01-21,biomass_high
True,0.0,True,0,True,2024-01-22,biomass_high
True,0.0,True,0,True,2024-01-23,biomass_high
True,0.0,True,0,True,2024-01-24,biomass_high
True,0.0,True,0,True,2024-01-25,biomass_high
True,0.0,True,0,True,2024-01-26,biomass_high
True,0.0,True,0,True,2024-01-27,biomass_high
True,0.0,True,0,True,2024-01-28,biomass_high
True,0.0,True,0,True,2024-01-29,biomass_high
True,0.0,True,0,True,2024-01-30,biomass_high
True,0.0,True,0,True,2024-01-31,biomass_high
True,0.0,True,0,True,2024-02-01,biomass_high
True,0.0,True,0,True,2024-02-02,biomass_high
True,0.0,True,0,True,2024-02-03,biomass_high
True,0.0,True,0,True,2024-02-04,biomass_high
True,0.0,True,0,True,2024-02-05,biomass_high
True,0.0,True,0,True,2024-02-06,biomass_high
True,0.0,True,0,True,2024-02-07,biomass_high
True,0.0,True,0,True,2024-02-08,biomass_high
True,0.0,True,0,True,2024-02-09,biomass_high
True,0.0,True,0,True,2024-02-10,biomass_high
True,0.0,True,0,True,2024-02-11,biomass_high
True,0.0,True,0,True,2024-02-12,biomass_high
True,0.0,True,0,True,2024-02-13,biomass_high
True,0.0,True,0,True,2024-02-14,biomass_high
True,0.0,True,0,True,2024-02-15,biomass_high
True,0.0,True,0,True,2024-02-16,biomass_high
True,0.0,True,0,True,2024-02-17,biomass_high
True,0.0,True,0,True,2024-02-18,biomass_high
True,0.0,True,0,True,2024-02-19,biomass_high
True,0.0,True,0,True,2024-02-20,biomass_high
True,0.0,True,0,True,2024-02-21,biomass_high
True,0.0,True,0,True,2024-02-22,biomass_high
True,0.0,True,0,True,2024-02-23,biomass_high
True,0.0,True,0,True,2024-02-24,biomass_high
True,0.0,True,0,True,2024-02-25,biomass_high
True,0.0,True,0,True,2024-02-26,biomass_high
True,0.0,True,0,True,2024-02-27,biomass_high
True,0.0,True,0,True,2024-02-28,biomass_high
True,0.0,True,0,True,2024-02-29,biomass_high
True,0.0,True,0,True,2024-03-01,biomass_high
True,0.0,True,0,True,2024-03-02,biomass_high
True,0.0,True,0,True,2024-03-03,biomass_high
True,0.0,True,0,True,2024-03-04,biomass_high
True,0.0,True,0,True,2024-03-05,biomass_high
True,0.0,True,0,True,2024-03-06,biomass_high
True,0.0,True,0,True,2024-03-07,biomass_high
True,0.0,True,0,True,2024-03-08,biomass_high
True,0.0,True,0,True,2024-03-09,biomass_high
True,0.0,True,0,True,2024-03-10,biomass_high
True,0.0,True,0,True,2024-03-11,biomass_high
True,0.0,True,0,True,2024-03-12,biomass_high
True,0.0,True,0,True,2024-03-13,biomass_high
True,0.0,True,0,True,2024-03-14,biomass_high
True,0.0,True,0,True,2024-03-15,biomass_high
True,0.0,True,0,True,2024-03-16,biomass_high
True,0.0,True,0,True,2024-03-17,biomass_high
True,0.0,True,0,True,2024-03-18,biomass_high
True,0.0,True,0,True,2024-03-19,biomass_high
True,0.0,True,0,True,2024-03-20,biomass_high
True,0.0,True,0,True,2024-03-21,biomass_high
True,0.0,True,0,True,2024-03-22,biomass_high
True,0.0,True,0,True,2024-03-23,biomass_high
True,0.0,True,0,True,2024-03-24,biomass_high
True,0.0,True,0,True,2024-03-25,biomass_high
True,0.0,True,0,True,2024-03-26,biomass_high
True,0.0,True,0,True,2024-03-27,biomass_high
True,0.0,True,0,True,2024-03-28,biomass_high
True,0.0,True,0,True,2024-03-29,biomass_high
True,0.0,True,0,True,2024-03-30,biomass_high
True,0.0,True,0,True,2024-03-31,biomass_high
True,0.0,True,0,True,2024-04-01,biomass_high
True,0.0,True,0,True,2024-04-02,biomass_high
True,0.0,True,0,True,2024-04-03,biomass_high
True,0.0,True,0,True,2024-04-04,biomass_high
True,0.0,True,0,True,2024-04-05,biomass_high
True,0.0,True,0,True,2024-04-06,biomass_high
True,0.0,True,0,True,2024-04-07,biomass_high
True,0.0,True,0,True,2024-04-08,biomass_high
True,0.0,True,0,True,2024-04-09,biomass_high
True,0.0,True,0,True,2024-04-10,biomass_high
True,0.0,True,0,True,2024-04-11,biomass_high
True,0.0,True,0,True,2024-04-12,biomass_high
True,0.0,True,0,True,2024-04-13,biomass_high
True,0.0,True,0,True,2024-04-14,biomass_high
True,0.0,True,0,True,2024-04-15,biomass_high
True,0.0,True,0,True,2024-04-16,biomass_high
True,0.0,True,0,True,2024-04-17,biomass_high
True,0.0,True,0,True,2024-04-18,biomass_high
True,0.0,True,0,True,2024-04-19,biomass_high
True,0.0,True,0,True,2024-04-20,biomass_high
True,0.0,True,0,True,2024-04-21,biomass_high
True,0.0,True,0,True,2024-04-22,biomass_high
True,0.0,True,0,True,2024-04-23,biomass_high
True,0.0,True,0,True,2024-04-24,biomass_high
True,0.0,True,0,True,2024-04-25,biomass_high
True,0.0,True,0,True,2024-04-26,biomass_high
True,0.0,True,0,True,2024-04-27,biomass_high
True,0.0,True,0,True,2024-04-28,biomass_high
True,0.0,True,0,True,2024-04-29,biomass_high
True,0.0,True,0,True,2024-04-30,biomass_high
True,0.0,True,0,True,2024-05-01,biomass_high
True,0.0,True,0,True,2024-05-02,biomass_high
True,0.0,True,0,True,2024-05-03,biomass_high
True,0.0,True,0,True,2024-05-04,biomass_high
True,0.0,True,0,True,2024-05-05,biomass_high
True,0.0,True,0,True,2024-05-06,biomass_high
True,0.0,True,0,True,2024-05-07,biomass_high
True,0.0,True,0,True,2024-05-08,biomass_high
True,0.0,True,0,True,2024-05-09,biomass_high
True,0.0,True,0,True,2024-05-10,biomass_high
True,0.0,True,0,True,2024-05-11,biomass_high
True,0.0,True,0,True,2024-05-12,biomass_high
True,0.0,True,0,True,2024-05-13,biomass_high
True,0.0,True,0,True,2024-05-14,biomass_high
True,0.0,True,0,True,2024-05-15,biomass_high
True,0.0,True,0,True,2024-05-16,biomass_high
True,0.0,True,0,True,2024-05-17,biomass_high
True,0.0,True,0,True,2024-05-18,biomass_high
True,0.0,True,0,True,2024-05-19,biomass_high
True,0.0,True,0,True,2024-05-20,biomass_high
True,0.0,True,0,True,2024-05-21,biomass_high
True,0.0,True,0,True,2024-05-22,biomass_high
True,0.0,True,0,True,2024-05-23,biomass_high
True,0.0,True,0,True,2024-05-24,biomass_high
True,0.0,True,0,True,2024-05-25,biomass_high
True,0.0,True,0,True,2024-05-26,biomass_high
True,0.0,True,0,True,2024-05-27,biomass_high
True,0.0,True,0,True,2024-05-28,biomass_high
True,0.0,True,0,True,2024-05-29,biomass_high
True,0.0,True,0,True,2024-05-30,biomass_high
True,0.0,True,0,True,2024-05-31,biomass_high
True,0.0,True,0,True,2024-06-01,biomass_high
True,0.0,True,0,True,2024-06-02,biomass_high
True,0.0,True,0,True,2024-06-03,biomass_high
True,0.0,True,0,True,2024-06-04,biomass_high
True,0.0,True,0,True,2024-06-05,biomass_high
True,0.0,True,0,True,2024-06-06,biomass_high
True,0.0,True,0,True,2024-06-07,biomass_high
True,0.0,True,0,True,2024-06-08,biomass_high
True,0.0,True,0,True,2024-06-09,biomass_high
True,0.0,True,0,True,2024-06-10,biomass_high
True,0.0,True,0,True,2024-06-11,biomass_high
True,0.0,True,0,True,2024-06-12,biomass_high
True,0.0,True,0,True,2024-06-13,biomass_high
True,0.0,True,0,True,2024-06-14,biomass_high
True,0.0,True,0,True,2024-06-15,biomass_high
True,0.0,True,0,True,2024-06-16,biomass_high
True,0.0,True,0,True,2024-06-17,biomass_high
True,0.0,True,0,True,2024-06-18,biomass_high
True,0.0,True,0,True,2024-06-19,biomass_high
True,0.0,True,0,True,2024-06-20,biomass_high
True,0.0,True,0,True,2024-06-21,biomass_high
True,0.0,True,0,True,2024-06-22,biomass_high
True,0.0,True,0,True,2024-06-23,biomass_high
True,0.0,True,0,True,2024-06-24,biomass_high
True,0.0,True,0,True,2024-06-25,biomass_high
True,0.0,True,0,True,2024-06-26,biomass_high
True,0.0,True,0,True,2024-06-27,biomass_high
True,0.0,True,0,True,2024-06-28,biomass_high
True,0.0,True,0,True,2024-06-29,biomass_high
True,0.0,True,0,True,2024-06-30,biomass_high
True,0.0,True,0,True,2024-07-01,biomass_high
True,0.0,True,0,True,2024-07-02,biomass_high
True,0.0,True,0,True,2024-07-03,biomass_high
True,0.0,True,0,True,2024-07-04,biomass_high
True,0.0,True,0,True,2024-07-05,biomass_high
True,0.0,True,0,True,2024-07-06,biomass_high
True,0.0,True,0,True,2024-07-07,biomass_high
True,0.0,True,0,True,2024-07-08,biomass_high
True,0.0,True,0,True,2024-07-09,biomass_high
True,0.0,True,0,True,2024-07-10,biomass_high
True,0.0,True,0,True,2024-07-11,biomass_high
True,0.0,True,0,True,2024-07-12,biomass_high
True,0.0,True,0,True,2024-07-13,biomass_high
True,0.0,True,0,True,2024-07-14,biomass_high
True,0.0,True,0,True,2024-07-15,biomass_high
True,0.0,True,0,True,2024-07-16,biomass_high
True,0.0,True,0,True,2024-07-17,biomass_high
True,0.0,True,0,True,2024-07-18,biomass_high
True,0.0,True,0,True,2024-07-19,biomass_high
True,0.0,True,0,True,2024-07-20,biomass_high
True,0.0,True,0,True,2024-07-21,biomass_high
True,0.0,True,0,True,2024-07-22,biomass_high
True,0.0,True,0,True,2024-07-23,biomass_high
True,0.0,True,0,True,2024-07-24,biomass_high
True,0.0,True,0,True,2024-07-25,biomass_high
True,0.0,True,0,True,2024-07-26,biomass_high
True,0.0,True,0,True,2024-07-27,biomass_high
True,0.0,True,0,True,2024-07-28,biomass_high
True,0.0,True,0,True,2024-07-29,biomass_high
True,0.0,True,0,True,2024-07-30,biomass_high
True,0.0,True,0,True,2024-07-31,biomass_high
True,0.0,True,0,True,2024-08-01,biomass_high
True,0.0,True,0,True,2024-08-02,biomass_high
True,0.0,True,0,True,2024-08-03,biomass_high
True,0.0,True,0,True,2024-08-04,biomass_high
True,0.0,True,0,True,2024-08-05,biomass_high
True,0.0,True,0,True,2024-08-06,biomass_high
True,0.0,True,0,True,2024-08-07,biomass_high
True,0.0,True,0,True,2024-08-08,biomass_high
True,0.0,True,0,True,2024-08-09,biomass_high
True,0.0,True,0,True,2024-08-10,biomass_high
True,0.0,True,0,True,2024-08-11,biomass_high
True,0.0,True,0,True,2024-08-12,biomass_high
True,0.0,True,0,True,2024-08-13,biomass_high
True,0.0,True,0,True,2024-08-14,biomass_high
True,0.0,True,0,True,2024-08-15,biomass_high
True,0.0,True,0,True,2024-08-16,biomass_high
True,0.0,True,0,True,2024-08-17,biomass_high
True,0.0,True,0,True,2024-08-18,biomass_high
True,0.0,True,0,True,2024-08-19,biomass_high
True,0.0,True,0,True,2024-08-20,biomass_high
True,0.0,True,0,True,2024-08-21,biomass_high
True,0.0,True,0,True,2024-08-22,biomass_high
True,0.0,True,0,True,2024-08-23,biomass_high
True,0.0,True,0,True,2024-08-24,biomass_high
True,0.0,True,0,True,2024-08-25,biomass_high
True,0.0,True,0,True,2024-08-26,biomass_high
True,0.0,True,0,True,2024-08-27,biomass_high
True,0.0,True,0,True,2024-08-28,biomass_high
True,0.0,True,0,True,2024-08-29,biomass_high
True,0.0,True,0,True,2024-08-30,biomass_high
True,0.0,True,0,True,2024-08-31,biomass_high
True,0.0,True,0,True,2024-09-01,biomass_high
True,0.0,True,0,True,2024-09-02,biomass_high
True,0.0,True,0,True,2024-09-03,biomass_high
True,0.0,True,0,True,2024-09-04,biomass_high
True,0.0,True,0,True,2024-09-05,biomass_high
True,0.0,True,0,True,2024-09-06,biomass_high
True,0.0,True,0,True,2024-09-07,biomass_high
True,0.0,True,0,True,2024-09-08,biomass_high
True,0.0,True,0,True,2024-09-09,biomass_high
True,0.0,True,0,True,2024-09-10,biomass_high
True,0.0,True,0,True,2024-09-11,biomass_high
True,0.0,True,0,True,2024-09-12,biomass_high
True,0.0,True,0,True,2024-09-13,biomass_high
True,0.0,True,0,True,2024-09-14,biomass_high
True,0.0,True,0,True,2024-09-15,biomass_high
True,0.0,True,0,True,2024-09-16,biomass_high
True,0.0,True,0,True,2024-09-17,biomass_high
True,0.0,True,0,True,2024-09-18,biomass_high
True,0.0,True,0,True,2024-09-19,biomass_high
True,0.0,True,0,True,2024-09-20,biomass_high
True,0.0,True,0,True,2024-09-21,biomass_high
True,0.0,True,0,True,2024-09-22,biomass_high
True,0.0,True,0,True,2024-09-23,biomass_high
True,0.0,True,0,True,2024-09-24,biomass_high
True,0.0,True,0,True,2024-09-25,biomass_high
True,0.0,True,0,True,2024-09-26,biomass_high
True,0.0,True,0,True,2024-09-27,biomass_high
True,0.0,True,0,True,2024-09-28,biomass_high
True,0.0,True,0,True,2024-09-29,biomass_high
True,0.0,True,0,True,2024-09-30,biomass_high
True,0.0,True,0,True,2024-10-01,biomass_high
True,0.0,True,0,True,2024-10-02,biomass_high
True,0.0,True,0,True,2024-10-03,biomass_high
True,0.0,True,0,True,2024-10-04,biomass_high
True,0.0,True,0,True,2024-10-05,biomass_high
True,0.0,True,0,True,2024-10-06,biomass_high
True,0.0,True,0,True,2024-10-07,biomass_high
True,0.0,True,0,True,2024-10-08,biomass_high
True,0.0,True,0,True,2024-10-09,biomass_high
True,0.0,True,0,True,2024-10-10,biomass_high
True,0.0,True,0,True,2024-10-11,biomass_high
True,0.0,True,0,True,2024-10-12,biomass_high
True,0.0,True,0,True,2024-10-13,biomass_high
True,0.0,True,0,True,2024-10-14,biomass_high
True,0.0,True,0,True,2024-10-15,biomass_high
True,0.0,True,0,True,2024-10-16,biomass_high
True,0.0,True,0,True,2024-10-17,biomass_high
True,0.0,True,0,True,2024-10-18,biomass_high
True,0.0,True,0,True,2024-10-19,biomass_high
True,0.0,True,0,True,2024-10-20,biomass_high
True,0.0,True,0,True,2024-10-21,biomass_high
True,0.0,True,0,True,2024-10-22,biomass_high
True,0.0,True,0,True,2024-10-23,biomass_high
True,0.0,True,0,True,2024-10-24,biomass_high
True,0.0,True,0,True,2024-10-25,biomass_high
True,0.0,True,0,True,2024-10-26,biomass_high
True,0.0,True,0,True,2024-10-27,biomass_high
True,0.0,True,0,True,2024-10-28,biomass_high
True,0.0,True,0,True,2024-10-29,biomass_high
True,0.0,True,0,True,2024-10-30,biomass_high
True,0.0,True,0,True,2024-10-31,biomass_high
True,0.0,True,0,True,2024-11-01,biomass_high
True,0.0,True,0,True,2024-11-02,biomass_high
True,0.0,True,0,True,2024-11-03,biomass_high
True,0.0,True,0,True,2024-11-04,biomass_high
True,0.0,True,0,True,2024-11-05,biomass_high
True,0.0,True,0,True,2024-11-06,biomass_high
True,0.0,True,0,True,2024-11-07,biomass_high
True,0.0,True,0,True,2024-11-08,biomass_high
True,0.0,True,0,True,2024-11-09,biomass_high
True,0.0,True,0,True,2024-11-10,biomass_high
True,0.0,True,0,True,2024-11-11,biomass_high
True,0.0,True,0,True,2024-11-12,biomass_high
True,0.0,True,0,True,2024-11-13,biomass_high
True,0.0,True,0,True,2024-11-14,biomass_high
True,0.0,True,0,True,2024-11-15,biomass_high
True,0.0,True,0,True,2024-11-16,biomass_high
True,0.0,True,0,True,2024-11-17,biomass_high
True,0.0,True,0,True,2024-11-18,biomass_high
True,0.0,True,0,True,2024-11-19,biomass_high
True,0.0,True,0,True,2024-11-20,biomass_high
True,0.0,True,0,True,2024-11-21,biomass_high
True,0.0,True,0,True,2024-11-22,biomass_high
True,0.0,True,0,True,2024-11-23,biomass_high
True,0.0,True,0,True,2024-11-24,biomass_high
True,0.0,True,0,True,2024-11-25,biomass_high
True,0.0,True,0,True,2024-11-26,biomass_high
True,0.0,True,0,True,2024-11-27,biomass_high
True,0.0,True,0,True,2024-11-28,biomass_high
True,0.0,True,0,True,2024-11-29,biomass_high
True,0.0,True,0,True,2024-11-30,biomass_high
True,0.0,True,0,True,2024-12-01,biomass_high
True,0.0,True,0,True,2024-12-02,biomass_high
True,0.0,True,0,True,2024-12-03,biomass_high
True,0.0,True,0,True,2024-12-04,biomass_high
True,0.0,True,0,True,2024-12-05,biomass_high
True,0.0,True,0,True,2024-12-06,biomass_high
True,0.0,True,0,True,2024-12-07,biomass_high
True,0.0,True,0,True,2024-12-08,biomass_high
True,0.0,True,0,True,2024-12-09,biomass_high
True,0.0,True,0,True,2024-12-10,biomass_high
True,0.0,True,0,True,2024-12-11,biomass_high
True,0.0,True,0,True,2024-12-12,biomass_high
True,0.0,True,0,True,2024-12-13,biomass_high
True,0.0,True,0,True,2024-12-14,biomass_high
True,0.0,True,0,True,2024-12-15,biomass_high
True,0.0,True,0,True,2024-12-16,biomass_high
True,0.0,True,0,True,2024-12-17,biomass_high
True,0.0,True,0,True,2024-12-18,biomass_high
True,0.0,True,0,True,2024-12-19,biomass_high
True,0.0,True,0,True,2024-12-20,biomass_high
True,0.0,True,0,True,2024-12-21,biomass_high
True,0.0,True,0,True,2024-12-22,biomass_high
True,0.0,True,0,True,2024-12-23,biomass_high
True,0.0,True,0,True,2024-12-24,biomass_high
True,0.0,True,0,True,2024-12-25,biomass_high
True,0.0,True,0,True,2024-12-26,biomass_high
True,0.0,True,0,True,2024-12-27,biomass_high
True,0.0,True,0,True,2024-12-28,biomass_high
True,0.0,True,0,True,2024-12-29,biomass_high
True,0.0,True,0,True,2024-12-30,biomass_high
True,0.0,True,0,True,2024-12-31,biomass_high
True,0.0,True,0,True,2020-01-01,wind_stagnant
True,0.0,True,0,True,2020-01-02,wind_stagnant
True,0.0,True,0,True,2020-01-03,wind_stagnant
True,0.0,True,0,True,2020-01-04,wind_stagnant
True,0.0,True,0,True,2020-01-05,wind_stagnant
True,0.0,True,0,True,2020-01-06,wind_stagnant
True,0.0,True,0,True,2020-01-07,wind_stagnant
True,0.0,True,0,True,2020-01-08,wind_stagnant
True,0.0,True,0,True,2020-01-09,wind_stagnant
True,0.0,True,0,True,2020-01-10,wind_stagnant
True,0.0,True,0,True,2020-01-11,wind_stagnant
True,0.0,True,0,True,2020-01-12,wind_stagnant
True,0.0,True,0,True,2020-01-13,wind_stagnant
True,0.0,True,0,True,2020-01-14,wind_stagnant
True,0.0,True,0,True,2020-01-15,wind_stagnant
True,0.0,True,0,True,2020-01-16,wind_stagnant
True,0.0,True,0,True,2020-01-17,wind_stagnant
True,0.0,True,0,True,2020-01-18,wind_stagnant
True,0.0,True,0,True,2020-01-19,wind_stagnant
True,0.0,True,0,True,2020-01-20,wind_stagnant
True,0.0,True,0,True,2020-01-21,wind_stagnant
True,0.0,True,0,True,2020-01-22,wind_stagnant
True,0.0,True,0,True,2020-01-23,wind_stagnant
True,0.0,True,0,True,2020-01-24,wind_stagnant
True,0.0,True,0,True,2020-01-25,wind_stagnant
True,0.0,True,0,True,2020-01-26,wind_stagnant
True,0.0,True,0,True,2020-01-27,wind_stagnant
True,0.0,True,0,True,2020-01-28,wind_stagnant
True,0.0,True,0,True,2020-01-29,wind_stagnant
True,0.0,True,0,True,2020-01-30,wind_stagnant
True,0.0,True,0,True,2020-01-31,wind_stagnant
True,0.0,True,0,True,2020-02-01,wind_stagnant
True,0.0,True,0,True,2020-02-02,wind_stagnant
True,0.0,True,0,True,2020-02-03,wind_stagnant
True,0.0,True,0,True,2020-02-04,wind_stagnant
True,0.0,True,0,True,2020-02-05,wind_stagnant
True,0.0,True,0,True,2020-02-06,wind_stagnant
True,0.0,True,0,True,2020-02-07,wind_stagnant
True,0.0,True,0,True,2020-02-08,wind_stagnant
True,0.0,True,0,True,2020-02-09,wind_stagnant
True,0.0,True,0,True,2020-02-10,wind_stagnant
True,0.0,True,0,True,2020-02-11,wind_stagnant
True,0.0,True,0,True,2020-02-12,wind_stagnant
True,0.0,True,0,True,2020-02-13,wind_stagnant
True,0.0,True,0,True,2020-02-14,wind_stagnant
True,0.0,True,0,True,2020-02-15,wind_stagnant
True,0.0,True,0,True,2020-02-16,wind_stagnant
True,0.0,True,0,True,2020-02-17,wind_stagnant
True,0.0,True,0,True,2020-02-18,wind_stagnant
True,0.0,True,0,True,2020-02-19,wind_stagnant
True,0.0,True,0,True,2020-02-20,wind_stagnant
True,0.0,True,0,True,2020-02-21,wind_stagnant
True,0.0,True,0,True,2020-02-22,wind_stagnant
True,0.0,True,0,True,2020-02-23,wind_stagnant
True,0.0,True,0,True,2020-02-24,wind_stagnant
True,0.0,True,0,True,2020-02-25,wind_stagnant
True,0.0,True,0,True,2020-02-26,wind_stagnant
True,0.0,True,0,True,2020-02-27,wind_stagnant
True,0.0,True,0,True,2020-02-28,wind_stagnant
True,0.0,True,0,True,2020-02-29,wind_stagnant
True,0.0,True,0,True,2020-03-01,wind_stagnant
True,0.0,True,0,True,2020-03-02,wind_stagnant
True,0.0,True,0,True,2020-03-03,wind_stagnant
True,0.0,True,0,True,2020-03-04,wind_stagnant
True,0.0,True,0,True,2020-03-05,wind_stagnant
True,0.0,True,0,True,2020-03-06,wind_stagnant
True,0.0,True,0,True,2020-03-07,wind_stagnant
True,0.0,True,0,True,2020-03-08,wind_stagnant
True,0.0,True,0,True,2020-03-09,wind_stagnant
True,0.0,True,0,True,2020-03-10,wind_stagnant
True,0.0,True,0,True,2020-03-11,wind_stagnant
True,0.0,True,0,True,2020-03-12,wind_stagnant
True,0.0,True,0,True,2020-03-13,wind_stagnant
True,0.0,True,0,True,2020-03-14,wind_stagnant
True,0.0,True,0,True,2020-03-15,wind_stagnant
True,0.0,True,0,True,2020-03-16,wind_stagnant
True,0.0,True,0,True,2020-03-17,wind_stagnant
True,0.0,True,0,True,2020-03-18,wind_stagnant
True,0.0,True,0,True,2020-03-19,wind_stagnant
True,0.0,True,0,True,2020-03-20,wind_stagnant
True,0.0,True,0,True,2020-03-21,wind_stagnant
True,0.0,True,0,True,2020-03-22,wind_stagnant
True,0.0,True,0,True,2020-03-23,wind_stagnant
True,0.0,True,0,True,2020-03-24,wind_stagnant
True,0.0,True,0,True,2020-03-25,wind_stagnant
True,0.0,True,0,True,2020-03-26,wind_stagnant
True,0.0,True,0,True,2020-03-27,wind_stagnant
True,0.0,True,0,True,2020-03-28,wind_stagnant
True,0.0,True,0,True,2020-03-29,wind_stagnant
True,0.0,True,0,True,2020-03-30,wind_stagnant
True,0.0,True,0,True,2020-03-31,wind_stagnant
True,0.0,True,0,True,2020-04-01,wind_stagnant
True,0.0,True,0,True,2020-04-02,wind_stagnant
True,0.0,True,0,True,2020-04-03,wind_stagnant
True,0.0,True,0,True,2020-04-04,wind_stagnant
True,0.0,True,0,True,2020-04-05,wind_stagnant
True,0.0,True,0,True,2020-04-06,wind_stagnant
True,0.0,True,0,True,2020-04-07,wind_stagnant
True,0.0,True,0,True,2020-04-08,wind_stagnant
True,0.0,True,0,True,2020-04-09,wind_stagnant
True,0.0,True,0,True,2020-04-10,wind_stagnant
True,0.0,True,0,True,2020-04-11,wind_stagnant
True,0.0,True,0,True,2020-04-12,wind_stagnant
True,0.0,True,0,True,2020-04-13,wind_stagnant
True,0.0,True,0,True,2020-04-14,wind_stagnant
True,0.0,True,0,True,2020-04-15,wind_stagnant
True,0.0,True,0,True,2020-04-16,wind_stagnant
True,0.0,True,0,True,2020-04-17,wind_stagnant
True,0.0,True,0,True,2020-04-18,wind_stagnant
True,0.0,True,0,True,2020-04-19,wind_stagnant
True,0.0,True,0,True,2020-04-20,wind_stagnant
True,0.0,True,0,True,2020-04-21,wind_stagnant
True,0.0,True,0,True,2020-04-22,wind_stagnant
True,0.0,True,0,True,2020-04-23,wind_stagnant
True,0.0,True,0,True,2020-04-24,wind_stagnant
True,0.0,True,0,True,2020-04-25,wind_stagnant
True,0.0,True,0,True,2020-04-26,wind_stagnant
True,0.0,True,0,True,2020-04-27,wind_stagnant
True,0.0,True,0,True,2020-04-28,wind_stagnant
True,0.0,True,0,True,2020-04-29,wind_stagnant
True,0.0,True,0,True,2020-04-30,wind_stagnant
True,0.0,True,0,True,2020-05-01,wind_stagnant
True,0.0,True,0,True,2020-05-02,wind_stagnant
True,0.0,True,0,True,2020-05-03,wind_stagnant
True,0.0,True,0,True,2020-05-04,wind_stagnant
True,0.0,True,0,True,2020-05-05,wind_stagnant
True,0.0,True,0,True,2020-05-06,wind_stagnant
True,0.0,True,0,True,2020-05-07,wind_stagnant
True,0.0,True,0,True,2020-05-08,wind_stagnant
True,0.0,True,0,True,2020-05-09,wind_stagnant
True,0.0,True,0,True,2020-05-10,wind_stagnant
True,0.0,True,0,True,2020-05-11,wind_stagnant
True,0.0,True,0,True,2020-05-12,wind_stagnant
True,0.0,True,0,True,2020-05-13,wind_stagnant
True,0.0,True,0,True,2020-05-14,wind_stagnant
True,0.0,True,0,True,2020-05-15,wind_stagnant
True,0.0,True,0,True,2020-05-16,wind_stagnant
True,0.0,True,0,True,2020-05-17,wind_stagnant
True,0.0,True,0,True,2020-05-18,wind_stagnant
True,0.0,True,0,True,2020-05-19,wind_stagnant
True,0.0,True,0,True,2020-05-20,wind_stagnant
True,0.0,True,0,True,2020-05-21,wind_stagnant
True,0.0,True,0,True,2020-05-22,wind_stagnant
True,0.0,True,0,True,2020-05-23,wind_stagnant
True,0.0,True,0,True,2020-05-24,wind_stagnant
True,0.0,True,0,True,2020-05-25,wind_stagnant
True,0.0,True,0,True,2020-05-26,wind_stagnant
True,0.0,True,0,True,2020-05-27,wind_stagnant
True,0.0,True,0,True,2020-05-28,wind_stagnant
True,0.0,True,0,True,2020-05-29,wind_stagnant
True,0.0,True,0,True,2020-05-30,wind_stagnant
True,0.0,True,0,True,2020-05-31,wind_stagnant
True,0.0,True,0,True,2020-06-01,wind_stagnant
True,0.0,True,0,True,2020-06-02,wind_stagnant
True,0.0,True,0,True,2020-06-03,wind_stagnant
True,0.0,True,0,True,2020-06-04,wind_stagnant
True,0.0,True,0,True,2020-06-05,wind_stagnant
True,0.0,True,0,True,2020-06-06,wind_stagnant
True,0.0,True,0,True,2020-06-07,wind_stagnant
True,0.0,True,0,True,2020-06-08,wind_stagnant
True,0.0,True,0,True,2020-06-09,wind_stagnant
True,0.0,True,0,True,2020-06-10,wind_stagnant
True,0.0,True,0,True,2020-06-11,wind_stagnant
True,0.0,True,0,True,2020-06-12,wind_stagnant
True,0.0,True,0,True,2020-06-13,wind_stagnant
True,0.0,True,0,True,2020-06-14,wind_stagnant
True,0.0,True,0,True,2020-06-15,wind_stagnant
True,0.0,True,0,True,2020-06-16,wind_stagnant
True,0.0,True,0,True,2020-06-17,wind_stagnant
True,0.0,True,0,True,2020-06-18,wind_stagnant
True,0.0,True,0,True,2020-06-19,wind_stagnant
True,0.0,True,0,True,2020-06-20,wind_stagnant
True,0.0,True,0,True,2020-06-21,wind_stagnant
True,0.0,True,0,True,2020-06-22,wind_stagnant
True,0.0,True,0,True,2020-06-23,wind_stagnant
True,0.0,True,0,True,2020-06-24,wind_stagnant
True,0.0,True,0,True,2020-06-25,wind_stagnant
True,0.0,True,0,True,2020-06-26,wind_stagnant
True,0.0,True,0,True,2020-06-27,wind_stagnant
True,0.0,True,0,True,2020-06-28,wind_stagnant
True,0.0,True,0,True,2020-06-29,wind_stagnant
True,0.0,True,0,True,2020-06-30,wind_stagnant
True,0.0,True,0,True,2020-07-01,wind_stagnant
True,0.0,True,0,True,2020-07-02,wind_stagnant
True,0.0,True,0,True,2020-07-03,wind_stagnant
True,0.0,True,0,True,2020-07-04,wind_stagnant
True,0.0,True,0,True,2020-07-05,wind_stagnant
True,0.0,True,0,True,2020-07-06,wind_stagnant
True,0.0,True,0,True,2020-07-07,wind_stagnant
True,0.0,True,0,True,2020-07-08,wind_stagnant
True,0.0,True,0,True,2020-07-09,wind_stagnant
True,0.0,True,0,True,2020-07-10,wind_stagnant
True,0.0,True,0,True,2020-07-11,wind_stagnant
True,0.0,True,0,True,2020-07-12,wind_stagnant
True,0.0,True,0,True,2020-07-13,wind_stagnant
True,0.0,True,0,True,2020-07-14,wind_stagnant
True,0.0,True,0,True,2020-07-15,wind_stagnant
True,0.0,True,0,True,2020-07-16,wind_stagnant
True,0.0,True,0,True,2020-07-17,wind_stagnant
True,0.0,True,0,True,2020-07-18,wind_stagnant
True,0.0,True,0,True,2020-07-19,wind_stagnant
True,0.0,True,0,True,2020-07-20,wind_stagnant
True,0.0,True,0,True,2020-07-21,wind_stagnant
True,0.0,True,0,True,2020-07-22,wind_stagnant
True,0.0,True,0,True,2020-07-23,wind_stagnant
True,0.0,True,0,True,2020-07-24,wind_stagnant
True,0.0,True,0,True,2020-07-25,wind_stagnant
True,0.0,True,0,True,2020-07-26,wind_stagnant
True,0.0,True,0,True,2020-07-27,wind_stagnant
True,0.0,True,0,True,2020-07-28,wind_stagnant
True,0.0,True,0,True,2020-07-29,wind_stagnant
True,0.0,True,0,True,2020-07-30,wind_stagnant
True,0.0,True,0,True,2020-07-31,wind_stagnant
True,0.0,True,0,True,2020-08-01,wind_stagnant
True,0.0,True,0,True,2020-08-02,wind_stagnant
True,0.0,True,0,True,2020-08-03,wind_stagnant
True,0.0,True,0,True,2020-08-04,wind_stagnant
True,0.0,True,0,True,2020-08-05,wind_stagnant
True,0.0,True,0,True,2020-08-06,wind_stagnant
True,0.0,True,0,True,2020-08-07,wind_stagnant
True,0.0,True,0,True,2020-08-08,wind_stagnant
True,0.0,True,0,True,2020-08-09,wind_stagnant
True,0.0,True,0,True,2020-08-10,wind_stagnant
True,0.0,True,0,True,2020-08-11,wind_stagnant
True,0.0,True,0,True,2020-08-12,wind_stagnant
True,0.0,True,0,True,2020-08-13,wind_stagnant
True,0.0,True,0,True,2020-08-14,wind_stagnant
True,0.0,True,0,True,2020-08-15,wind_stagnant
True,0.0,True,0,True,2020-08-16,wind_stagnant
True,0.0,True,0,True,2020-08-17,wind_stagnant
True,0.0,True,0,True,2020-08-18,wind_stagnant
True,0.0,True,0,True,2020-08-19,wind_stagnant
True,0.0,True,0,True,2020-08-20,wind_stagnant
True,0.0,True,0,True,2020-08-21,wind_stagnant
True,0.0,True,0,True,2020-08-22,wind_stagnant
True,0.0,True,0,True,2020-08-23,wind_stagnant
True,0.0,True,0,True,2020-08-24,wind_stagnant
True,0.0,True,0,True,2020-08-25,wind_stagnant
True,0.0,True,0,True,2020-08-26,wind_stagnant
True,0.0,True,0,True,2020-08-27,wind_stagnant
True,0.0,True,0,True,2020-08-28,wind_stagnant
True,0.0,True,0,True,2020-08-29,wind_stagnant
True,0.0,True,0,True,2020-08-30,wind_stagnant
True,0.0,True,0,True,2020-08-31,wind_stagnant
True,0.0,True,0,True,2020-09-01,wind_stagnant
True,0.0,True,0,True,2020-09-02,wind_stagnant
True,0.0,True,0,True,2020-09-03,wind_stagnant
True,0.0,True,0,True,2020-09-04,wind_stagnant
True,0.0,True,0,True,2020-09-05,wind_stagnant
True,0.0,True,0,True,2020-09-06,wind_stagnant
True,0.0,True,0,True,2020-09-07,wind_stagnant
True,0.0,True,0,True,2020-09-08,wind_stagnant
True,0.0,True,0,True,2020-09-09,wind_stagnant
True,0.0,True,0,True,2020-09-10,wind_stagnant
True,0.0,True,0,True,2020-09-11,wind_stagnant
True,0.0,True,0,True,2020-09-12,wind_stagnant
True,0.0,True,0,True,2020-09-13,wind_stagnant
True,0.0,True,0,True,2020-09-14,wind_stagnant
True,0.0,True,0,True,2020-09-15,wind_stagnant
True,0.0,True,0,True,2020-09-16,wind_stagnant
True,0.0,True,0,True,2020-09-17,wind_stagnant
True,0.0,True,0,True,2020-09-18,wind_stagnant
True,0.0,True,0,True,2020-09-19,wind_stagnant
True,0.0,True,0,True,2020-09-20,wind_stagnant
True,0.0,True,0,True,2020-09-21,wind_stagnant
True,0.0,True,0,True,2020-09-22,wind_stagnant
True,0.0,True,0,True,2020-09-23,wind_stagnant
True,0.0,True,0,True,2020-09-24,wind_stagnant
True,0.0,True,0,True,2020-09-25,wind_stagnant
True,0.0,True,0,True,2020-09-26,wind_stagnant
True,0.0,True,0,True,2020-09-27,wind_stagnant
True,0.0,True,0,True,2020-09-28,wind_stagnant
True,0.0,True,0,True,2020-09-29,wind_stagnant
True,0.0,True,0,True,2020-09-30,wind_stagnant
True,0.0,True,0,True,2020-10-01,wind_stagnant
True,0.0,True,0,True,2020-10-02,wind_stagnant
True,0.0,True,0,True,2020-10-03,wind_stagnant
True,0.0,True,0,True,2020-10-04,wind_stagnant
True,0.0,True,0,True,2020-10-05,wind_stagnant
True,0.0,True,0,True,2020-10-06,wind_stagnant
True,0.0,True,0,True,2020-10-07,wind_stagnant
True,0.0,True,0,True,2020-10-08,wind_stagnant
True,0.0,True,0,True,2020-10-09,wind_stagnant
True,0.0,True,0,True,2020-10-10,wind_stagnant
True,0.0,True,0,True,2020-10-11,wind_stagnant
True,0.0,True,0,True,2020-10-12,wind_stagnant
True,0.0,True,0,True,2020-10-13,wind_stagnant
True,0.0,True,0,True,2020-10-14,wind_stagnant
True,0.0,True,0,True,2020-10-15,wind_stagnant
True,0.0,True,0,True,2020-10-16,wind_stagnant
True,0.0,True,0,True,2020-10-17,wind_stagnant
True,0.0,True,0,True,2020-10-18,wind_stagnant
True,0.0,True,0,True,2020-10-19,wind_stagnant
True,0.0,True,0,True,2020-10-20,wind_stagnant
True,0.0,True,0,True,2020-10-21,wind_stagnant
True,0.0,True,0,True,2020-10-22,wind_stagnant
True,0.0,True,0,True,2020-10-23,wind_stagnant
True,0.0,True,0,True,2020-10-24,wind_stagnant
True,0.0,True,0,True,2020-10-25,wind_stagnant
True,0.0,True,0,True,2020-10-26,wind_stagnant
True,0.0,True,0,True,2020-10-27,wind_stagnant
True,0.0,True,0,True,2020-10-28,wind_stagnant
True,0.0,True,0,True,2020-10-29,wind_stagnant
True,0.0,True,0,True,2020-10-30,wind_stagnant
True,0.0,True,0,True,2020-10-31,wind_stagnant
True,0.0,True,0,True,2020-11-01,wind_stagnant
True,0.0,True,0,True,2020-11-02,wind_stagnant
True,0.0,True,0,True,2020-11-03,wind_stagnant
True,0.0,True,0,True,2020-11-04,wind_stagnant
True,0.0,True,0,True,2020-11-05,wind_stagnant
True,0.0,True,0,True,2020-11-06,wind_stagnant
True,0.0,True,0,True,2020-11-07,wind_stagnant
True,0.0,True,0,True,2020-11-08,wind_stagnant
True,0.0,True,0,True,2020-11-09,wind_stagnant
True,0.0,True,0,True,2020-11-10,wind_stagnant
True,0.0,True,0,True,2020-11-11,wind_stagnant
True,0.0,True,0,True,2020-11-12,wind_stagnant
True,0.0,True,0,True,2020-11-13,wind_stagnant
True,0.0,True,0,True,2020-11-14,wind_stagnant
True,0.0,True,0,True,2020-11-15,wind_stagnant
True,0.0,True,0,True,2020-11-16,wind_stagnant
True,0.0,True,0,True,2020-11-17,wind_stagnant
True,0.0,True,0,True,2020-11-18,wind_stagnant
True,0.0,True,0,True,2020-11-19,wind_stagnant
True,0.0,True,0,True,2020-11-20,wind_stagnant
True,0.0,True,0,True,2020-11-21,wind_stagnant
True,0.0,True,0,True,2020-11-22,wind_stagnant
True,0.0,True,0,True,2020-11-23,wind_stagnant
True,0.0,True,0,True,2020-11-24,wind_stagnant
True,0.0,True,0,True,2020-11-25,wind_stagnant
True,0.0,True,0,True,2020-11-26,wind_stagnant
True,0.0,True,0,True,2020-11-27,wind_stagnant
True,0.0,True,0,True,2020-11-28,wind_stagnant
True,0.0,True,0,True,2020-11-29,wind_stagnant
True,0.0,True,0,True,2020-11-30,wind_stagnant
True,0.0,True,0,True,2020-12-01,wind_stagnant
True,0.0,True,0,True,2020-12-02,wind_stagnant
True,0.0,True,0,True,2020-12-03,wind_stagnant
True,0.0,True,0,True,2020-12-04,wind_stagnant
True,0.0,True,0,True,2020-12-05,wind_stagnant
True,0.0,True,0,True,2020-12-06,wind_stagnant
True,0.0,True,0,True,2020-12-07,wind_stagnant
True,0.0,True,0,True,2020-12-08,wind_stagnant
True,0.0,True,0,True,2020-12-09,wind_stagnant
True,0.0,True,0,True,2020-12-10,wind_stagnant
True,0.0,True,0,True,2020-12-11,wind_stagnant
True,0.0,True,0,True,2020-12-12,wind_stagnant
True,0.0,True,0,True,2020-12-13,wind_stagnant
True,0.0,True,0,True,2020-12-14,wind_stagnant
True,0.0,True,0,True,2020-12-15,wind_stagnant
True,0.0,True,0,True,2020-12-16,wind_stagnant
True,0.0,True,0,True,2020-12-17,wind_stagnant
True,0.0,True,0,True,2020-12-18,wind_stagnant
True,0.0,True,0,True,2020-12-19,wind_stagnant
True,0.0,True,0,True,2020-12-20,wind_stagnant
True,0.0,True,0,True,2020-12-21,wind_stagnant
True,0.0,True,0,True,2020-12-22,wind_stagnant
True,0.0,True,0,True,2020-12-23,wind_stagnant
True,0.0,True,0,True,2020-12-24,wind_stagnant
True,0.0,True,0,True,2020-12-25,wind_stagnant
True,0.0,True,0,True,2020-12-26,wind_stagnant
True,0.0,True,0,True,2020-12-27,wind_stagnant
True,0.0,True,0,True,2020-12-28,wind_stagnant
True,0.0,True,0,True,2020-12-29,wind_stagnant
True,0.0,True,0,True,2020-12-30,wind_stagnant
True,0.0,True,0,True,2020-12-31,wind_stagnant
True,0.0,True,0,True,2021-01-01,wind_stagnant
True,0.0,True,0,True,2021-01-02,wind_stagnant
True,0.0,True,0,True,2021-01-03,wind_stagnant
True,0.0,True,0,True,2021-01-04,wind_stagnant
True,0.0,True,0,True,2021-01-05,wind_stagnant
True,0.0,True,0,True,2021-01-06,wind_stagnant
True,0.0,True,0,True,2021-01-07,wind_stagnant
True,0.0,True,0,True,2021-01-08,wind_stagnant
True,0.0,True,0,True,2021-01-09,wind_stagnant
True,0.0,True,0,True,2021-01-10,wind_stagnant
True,0.0,True,0,True,2021-01-11,wind_stagnant
True,0.0,True,0,True,2021-01-12,wind_stagnant
True,0.0,True,0,True,2021-01-13,wind_stagnant
True,0.0,True,0,True,2021-01-14,wind_stagnant
True,0.0,True,0,True,2021-01-15,wind_stagnant
True,0.0,True,0,True,2021-01-16,wind_stagnant
True,0.0,True,0,True,2021-01-17,wind_stagnant
True,0.0,True,0,True,2021-01-18,wind_stagnant
True,0.0,True,0,True,2021-01-19,wind_stagnant
True,0.0,True,0,True,2021-01-20,wind_stagnant
True,0.0,True,0,True,2021-01-21,wind_stagnant
True,0.0,True,0,True,2021-01-22,wind_stagnant
True,0.0,True,0,True,2021-01-23,wind_stagnant
True,0.0,True,0,True,2021-01-24,wind_stagnant
True,0.0,True,0,True,2021-01-25,wind_stagnant
True,0.0,True,0,True,2021-01-26,wind_stagnant
True,0.0,True,0,True,2021-01-27,wind_stagnant
True,0.0,True,0,True,2021-01-28,wind_stagnant
True,0.0,True,0,True,2021-01-29,wind_stagnant
True,0.0,True,0,True,2021-01-30,wind_stagnant
True,0.0,True,0,True,2021-01-31,wind_stagnant
True,0.0,True,0,True,2021-02-01,wind_stagnant
True,0.0,True,0,True,2021-02-02,wind_stagnant
True,0.0,True,0,True,2021-02-03,wind_stagnant
True,0.0,True,0,True,2021-02-04,wind_stagnant
True,0.0,True,0,True,2021-02-05,wind_stagnant
True,0.0,True,0,True,2021-02-06,wind_stagnant
True,0.0,True,0,True,2021-02-07,wind_stagnant
True,0.0,True,0,True,2021-02-08,wind_stagnant
True,0.0,True,0,True,2021-02-09,wind_stagnant
True,0.0,True,0,True,2021-02-10,wind_stagnant
True,0.0,True,0,True,2021-02-11,wind_stagnant
True,0.0,True,0,True,2021-02-12,wind_stagnant
True,0.0,True,0,True,2021-02-13,wind_stagnant
True,0.0,True,0,True,2021-02-14,wind_stagnant
True,0.0,True,0,True,2021-02-15,wind_stagnant
True,0.0,True,0,True,2021-02-16,wind_stagnant
True,0.0,True,0,True,2021-02-17,wind_stagnant
True,0.0,True,0,True,2021-02-18,wind_stagnant
True,0.0,True,0,True,2021-02-19,wind_stagnant
True,0.0,True,0,True,2021-02-20,wind_stagnant
True,0.0,True,0,True,2021-02-21,wind_stagnant
True,0.0,True,0,True,2021-02-22,wind_stagnant
True,0.0,True,0,True,2021-02-23,wind_stagnant
True,0.0,True,0,True,2021-02-24,wind_stagnant
True,0.0,True,0,True,2021-02-25,wind_stagnant
True,0.0,True,0,True,2021-02-26,wind_stagnant
True,0.0,True,0,True,2021-02-27,wind_stagnant
True,0.0,True,0,True,2021-02-28,wind_stagnant
True,0.0,True,0,True,2021-03-01,wind_stagnant
True,0.0,True,0,True,2021-03-02,wind_stagnant
True,0.0,True,0,True,2021-03-03,wind_stagnant
True,0.0,True,0,True,2021-03-04,wind_stagnant
True,0.0,True,0,True,2021-03-05,wind_stagnant
True,0.0,True,0,True,2021-03-06,wind_stagnant
True,0.0,True,0,True,2021-03-07,wind_stagnant
True,0.0,True,0,True,2021-03-08,wind_stagnant
True,0.0,True,0,True,2021-03-09,wind_stagnant
True,0.0,True,0,True,2021-03-10,wind_stagnant
True,0.0,True,0,True,2021-03-11,wind_stagnant
True,0.0,True,0,True,2021-03-12,wind_stagnant
True,0.0,True,0,True,2021-03-13,wind_stagnant
True,0.0,True,0,True,2021-03-14,wind_stagnant
True,0.0,True,0,True,2021-03-15,wind_stagnant
True,0.0,True,0,True,2021-03-16,wind_stagnant
True,0.0,True,0,True,2021-03-17,wind_stagnant
True,0.0,True,0,True,2021-03-18,wind_stagnant
True,0.0,True,0,True,2021-03-19,wind_stagnant
True,0.0,True,0,True,2021-03-20,wind_stagnant
True,0.0,True,0,True,2021-03-21,wind_stagnant
True,0.0,True,0,True,2021-03-22,wind_stagnant
True,0.0,True,0,True,2021-03-23,wind_stagnant
True,0.0,True,0,True,2021-03-24,wind_stagnant
True,0.0,True,0,True,2021-03-25,wind_stagnant
True,0.0,True,0,True,2021-03-26,wind_stagnant
True,0.0,True,0,True,2021-03-27,wind_stagnant
True,0.0,True,0,True,2021-03-28,wind_stagnant
True,0.0,True,0,True,2021-03-29,wind_stagnant
True,0.0,True,0,True,2021-03-30,wind_stagnant
True,0.0,True,0,True,2021-03-31,wind_stagnant
True,0.0,True,0,True,2021-04-01,wind_stagnant
True,0.0,True,0,True,2021-04-02,wind_stagnant
True,0.0,True,0,True,2021-04-03,wind_stagnant
True,0.0,True,0,True,2021-04-04,wind_stagnant
True,0.0,True,0,True,2021-04-05,wind_stagnant
True,0.0,True,0,True,2021-04-06,wind_stagnant
True,0.0,True,0,True,2021-04-07,wind_stagnant
True,0.0,True,0,True,2021-04-08,wind_stagnant
True,0.0,True,0,True,2021-04-09,wind_stagnant
True,0.0,True,0,True,2021-04-10,wind_stagnant
True,0.0,True,0,True,2021-04-11,wind_stagnant
True,0.0,True,0,True,2021-04-12,wind_stagnant
True,0.0,True,0,True,2021-04-13,wind_stagnant
True,0.0,True,0,True,2021-04-14,wind_stagnant
True,0.0,True,0,True,2021-04-15,wind_stagnant
True,0.0,True,0,True,2021-04-16,wind_stagnant
True,0.0,True,0,True,2021-04-17,wind_stagnant
True,0.0,True,0,True,2021-04-18,wind_stagnant
True,0.0,True,0,True,2021-04-19,wind_stagnant
True,0.0,True,0,True,2021-04-20,wind_stagnant
True,0.0,True,0,True,2021-04-21,wind_stagnant
True,0.0,True,0,True,2021-04-22,wind_stagnant
True,0.0,True,0,True,2021-04-23,wind_stagnant
True,0.0,True,0,True,2021-04-24,wind_stagnant
True,0.0,True,0,True,2021-04-25,wind_stagnant
True,0.0,True,0,True,2021-04-26,wind_stagnant
True,0.0,True,0,True,2021-04-27,wind_stagnant
True,0.0,True,0,True,2021-04-28,wind_stagnant
True,0.0,True,0,True,2021-04-29,wind_stagnant
True,0.0,True,0,True,2021-04-30,wind_stagnant
True,0.0,True,0,True,2021-05-01,wind_stagnant
True,0.0,True,0,True,2021-05-02,wind_stagnant
True,0.0,True,0,True,2021-05-03,wind_stagnant
True,0.0,True,0,True,2021-05-04,wind_stagnant
True,0.0,True,0,True,2021-05-05,wind_stagnant
True,0.0,True,0,True,2021-05-06,wind_stagnant
True,0.0,True,0,True,2021-05-07,wind_stagnant
True,0.0,True,0,True,2021-05-08,wind_stagnant
True,0.0,True,0,True,2021-05-09,wind_stagnant
True,0.0,True,0,True,2021-05-10,wind_stagnant
True,0.0,True,0,True,2021-05-11,wind_stagnant
True,0.0,True,0,True,2021-05-12,wind_stagnant
True,0.0,True,0,True,2021-05-13,wind_stagnant
True,0.0,True,0,True,2021-05-14,wind_stagnant
True,0.0,True,0,True,2021-05-15,wind_stagnant
True,0.0,True,0,True,2021-05-16,wind_stagnant
True,0.0,True,0,True,2021-05-17,wind_stagnant
True,0.0,True,0,True,2021-05-18,wind_stagnant
True,0.0,True,0,True,2021-05-19,wind_stagnant
True,0.0,True,0,True,2021-05-20,wind_stagnant
True,0.0,True,0,True,2021-05-21,wind_stagnant
True,0.0,True,0,True,2021-05-22,wind_stagnant
True,0.0,True,0,True,2021-05-23,wind_stagnant
True,0.0,True,0,True,2021-05-24,wind_stagnant
True,0.0,True,0,True,2021-05-25,wind_stagnant
True,0.0,True,0,True,2021-05-26,wind_stagnant
True,0.0,True,0,True,2021-05-27,wind_stagnant
True,0.0,True,0,True,2021-05-28,wind_stagnant
True,0.0,True,0,True,2021-05-29,wind_stagnant
True,0.0,True,0,True,2021-05-30,wind_stagnant
True,0.0,True,0,True,2021-05-31,wind_stagnant
True,0.0,True,0,True,2021-06-01,wind_stagnant
True,0.0,True,0,True,2021-06-02,wind_stagnant
True,0.0,True,0,True,2021-06-03,wind_stagnant
True,0.0,True,0,True,2021-06-04,wind_stagnant
True,0.0,True,0,True,2021-06-05,wind_stagnant
True,0.0,True,0,True,2021-06-06,wind_stagnant
True,0.0,True,0,True,2021-06-07,wind_stagnant
True,0.0,True,0,True,2021-06-08,wind_stagnant
True,0.0,True,0,True,2021-06-09,wind_stagnant
True,0.0,True,0,True,2021-06-10,wind_stagnant
True,0.0,True,0,True,2021-06-11,wind_stagnant
True,0.0,True,0,True,2021-06-12,wind_stagnant
True,0.0,True,0,True,2021-06-13,wind_stagnant
True,0.0,True,0,True,2021-06-14,wind_stagnant
True,0.0,True,0,True,2021-06-15,wind_stagnant
True,0.0,True,0,True,2021-06-16,wind_stagnant
True,0.0,True,0,True,2021-06-17,wind_stagnant
True,0.0,True,0,True,2021-06-18,wind_stagnant
True,0.0,True,0,True,2021-06-19,wind_stagnant
True,0.0,True,0,True,2021-06-20,wind_stagnant
True,0.0,True,0,True,2021-06-21,wind_stagnant
True,0.0,True,0,True,2021-06-22,wind_stagnant
True,0.0,True,0,True,2021-06-23,wind_stagnant
True,0.0,True,0,True,2021-06-24,wind_stagnant
True,0.0,True,0,True,2021-06-25,wind_stagnant
True,0.0,True,0,True,2021-06-26,wind_stagnant
True,0.0,True,0,True,2021-06-27,wind_stagnant
True,0.0,True,0,True,2021-06-28,wind_stagnant
True,0.0,True,0,True,2021-06-29,wind_stagnant
True,0.0,True,0,True,2021-06-30,wind_stagnant
True,0.0,True,0,True,2021-07-01,wind_stagnant
True,0.0,True,0,True,2021-07-02,wind_stagnant
True,0.0,True,0,True,2021-07-03,wind_stagnant
True,0.0,True,0,True,2021-07-04,wind_stagnant
True,0.0,True,0,True,2021-07-05,wind_stagnant
True,0.0,True,0,True,2021-07-06,wind_stagnant
True,0.0,True,0,True,2021-07-07,wind_stagnant
True,0.0,True,0,True,2021-07-08,wind_stagnant
True,0.0,True,0,True,2021-07-09,wind_stagnant
True,0.0,True,0,True,2021-07-10,wind_stagnant
True,0.0,True,0,True,2021-07-11,wind_stagnant
True,0.0,True,0,True,2021-07-12,wind_stagnant
True,0.0,True,0,True,2021-07-13,wind_stagnant
True,0.0,True,0,True,2021-07-14,wind_stagnant
True,0.0,True,0,True,2021-07-15,wind_stagnant
True,0.0,True,0,True,2021-07-16,wind_stagnant
True,0.0,True,0,True,2021-07-17,wind_stagnant
True,0.0,True,0,True,2021-07-18,wind_stagnant
True,0.0,True,0,True,2021-07-19,wind_stagnant
True,0.0,True,0,True,2021-07-20,wind_stagnant
True,0.0,True,0,True,2021-07-21,wind_stagnant
True,0.0,True,0,True,2021-07-22,wind_stagnant
True,0.0,True,0,True,2021-07-23,wind_stagnant
True,0.0,True,0,True,2021-07-24,wind_stagnant
True,0.0,True,0,True,2021-07-25,wind_stagnant
True,0.0,True,0,True,2021-07-26,wind_stagnant
True,0.0,True,0,True,2021-07-27,wind_stagnant
True,0.0,True,0,True,2021-07-28,wind_stagnant
True,0.0,True,0,True,2021-07-29,wind_stagnant
True,0.0,True,0,True,2021-07-30,wind_stagnant
True,0.0,True,0,True,2021-07-31,wind_stagnant
True,0.0,True,0,True,2021-08-01,wind_stagnant
True,0.0,True,0,True,2021-08-02,wind_stagnant
True,0.0,True,0,True,2021-08-03,wind_stagnant
True,0.0,True,0,True,2021-08-04,wind_stagnant
True,0.0,True,0,True,2021-08-05,wind_stagnant
True,0.0,True,0,True,2021-08-06,wind_stagnant
True,0.0,True,0,True,2021-08-07,wind_stagnant
True,0.0,True,0,True,2021-08-08,wind_stagnant
True,0.0,True,0,True,2021-08-09,wind_stagnant
True,0.0,True,0,True,2021-08-10,wind_stagnant
True,0.0,True,0,True,2021-08-11,wind_stagnant
True,0.0,True,0,True,2021-08-12,wind_stagnant
True,0.0,True,0,True,2021-08-13,wind_stagnant
True,0.0,True,0,True,2021-08-14,wind_stagnant
True,0.0,True,0,True,2021-08-15,wind_stagnant
True,0.0,True,0,True,2021-08-16,wind_stagnant
True,0.0,True,0,True,2021-08-17,wind_stagnant
True,0.0,True,0,True,2021-08-18,wind_stagnant
True,0.0,True,0,True,2021-08-19,wind_stagnant
True,0.0,True,0,True,2021-08-20,wind_stagnant
True,0.0,True,0,True,2021-08-21,wind_stagnant
True,0.0,True,0,True,2021-08-22,wind_stagnant
True,0.0,True,0,True,2021-08-23,wind_stagnant
True,0.0,True,0,True,2021-08-24,wind_stagnant
True,0.0,True,0,True,2021-08-25,wind_stagnant
True,0.0,True,0,True,2021-08-26,wind_stagnant
True,0.0,True,0,True,2021-08-27,wind_stagnant
True,0.0,True,0,True,2021-08-28,wind_stagnant
True,0.0,True,0,True,2021-08-29,wind_stagnant
True,0.0,True,0,True,2021-08-30,wind_stagnant
True,0.0,True,0,True,2021-08-31,wind_stagnant
True,0.0,True,0,True,2021-09-01,wind_stagnant
True,0.0,True,0,True,2021-09-02,wind_stagnant
True,0.0,True,0,True,2021-09-03,wind_stagnant
True,0.0,True,0,True,2021-09-04,wind_stagnant
True,0.0,True,0,True,2021-09-05,wind_stagnant
True,0.0,True,0,True,2021-09-06,wind_stagnant
True,0.0,True,0,True,2021-09-07,wind_stagnant
True,0.0,True,0,True,2021-09-08,wind_stagnant
True,0.0,True,0,True,2021-09-09,wind_stagnant
True,0.0,True,0,True,2021-09-10,wind_stagnant
True,0.0,True,0,True,2021-09-11,wind_stagnant
True,0.0,True,0,True,2021-09-12,wind_stagnant
True,0.0,True,0,True,2021-09-13,wind_stagnant
True,0.0,True,0,True,2021-09-14,wind_stagnant
True,0.0,True,0,True,2021-09-15,wind_stagnant
True,0.0,True,0,True,2021-09-16,wind_stagnant
True,0.0,True,0,True,2021-09-17,wind_stagnant
True,0.0,True,0,True,2021-09-18,wind_stagnant
True,0.0,True,0,True,2021-09-19,wind_stagnant
True,0.0,True,0,True,2021-09-20,wind_stagnant
True,0.0,True,0,True,2021-09-21,wind_stagnant
True,0.0,True,0,True,2021-09-22,wind_stagnant
True,0.0,True,0,True,2021-09-23,wind_stagnant
True,0.0,True,0,True,2021-09-24,wind_stagnant
True,0.0,True,0,True,2021-09-25,wind_stagnant
True,0.0,True,0,True,2021-09-26,wind_stagnant
True,0.0,True,0,True,2021-09-27,wind_stagnant
True,0.0,True,0,True,2021-09-28,wind_stagnant
True,0.0,True,0,True,2021-09-29,wind_stagnant
True,0.0,True,0,True,2021-09-30,wind_stagnant
True,0.0,True,0,True,2021-10-01,wind_stagnant
True,0.0,True,0,True,2021-10-02,wind_stagnant
True,0.0,True,0,True,2021-10-03,wind_stagnant
True,0.0,True,0,True,2021-10-04,wind_stagnant
True,0.0,True,0,True,2021-10-05,wind_stagnant
True,0.0,True,0,True,2021-10-06,wind_stagnant
True,0.0,True,0,True,2021-10-07,wind_stagnant
True,0.0,True,0,True,2021-10-08,wind_stagnant
True,0.0,True,0,True,2021-10-09,wind_stagnant
True,0.0,True,0,True,2021-10-10,wind_stagnant
True,0.0,True,0,True,2021-10-11,wind_stagnant
True,0.0,True,0,True,2021-10-12,wind_stagnant
True,0.0,True,0,True,2021-10-13,wind_stagnant
True,0.0,True,0,True,2021-10-14,wind_stagnant
True,0.0,True,0,True,2021-10-15,wind_stagnant
True,0.0,True,0,True,2021-10-16,wind_stagnant
True,0.0,True,0,True,2021-10-17,wind_stagnant
True,0.0,True,0,True,2021-10-18,wind_stagnant
True,0.0,True,0,True,2021-10-19,wind_stagnant
True,0.0,True,0,True,2021-10-20,wind_stagnant
True,0.0,True,0,True,2021-10-21,wind_stagnant
True,0.0,True,0,True,2021-10-22,wind_stagnant
True,0.0,True,0,True,2021-10-23,wind_stagnant
True,0.0,True,0,True,2021-10-24,wind_stagnant
True,0.0,True,0,True,2021-10-25,wind_stagnant
True,0.0,True,0,True,2021-10-26,wind_stagnant
True,0.0,True,0,True,2021-10-27,wind_stagnant
True,0.0,True,0,True,2021-10-28,wind_stagnant
True,0.0,True,0,True,2021-10-29,wind_stagnant
True,0.0,True,0,True,2021-10-30,wind_stagnant
True,0.0,True,0,True,2021-10-31,wind_stagnant
True,0.0,True,0,True,2021-11-01,wind_stagnant
True,0.0,True,0,True,2021-11-02,wind_stagnant
True,0.0,True,0,True,2021-11-03,wind_stagnant
True,0.0,True,0,True,2021-11-04,wind_stagnant
True,0.0,True,0,True,2021-11-05,wind_stagnant
True,0.0,True,0,True,2021-11-06,wind_stagnant
True,0.0,True,0,True,2021-11-07,wind_stagnant
True,0.0,True,0,True,2021-11-08,wind_stagnant
True,0.0,True,0,True,2021-11-09,wind_stagnant
True,0.0,True,0,True,2021-11-10,wind_stagnant
True,0.0,True,0,True,2021-11-11,wind_stagnant
True,0.0,True,0,True,2021-11-12,wind_stagnant
True,0.0,True,0,True,2021-11-13,wind_stagnant
True,0.0,True,0,True,2021-11-14,wind_stagnant
True,0.0,True,0,True,2021-11-15,wind_stagnant
True,0.0,True,0,True,2021-11-16,wind_stagnant
True,0.0,True,0,True,2021-11-17,wind_stagnant
True,0.0,True,0,True,2021-11-18,wind_stagnant
True,0.0,True,0,True,2021-11-19,wind_stagnant
True,0.0,True,0,True,2021-11-20,wind_stagnant
True,0.0,True,0,True,2021-11-21,wind_stagnant
True,0.0,True,0,True,2021-11-22,wind_stagnant
True,0.0,True,0,True,2021-11-23,wind_stagnant
True,0.0,True,0,True,2021-11-24,wind_stagnant
True,0.0,True,0,True,2021-11-25,wind_stagnant
True,0.0,True,0,True,2021-11-26,wind_stagnant
True,0.0,True,0,True,2021-11-27,wind_stagnant
True,0.0,True,0,True,2021-11-28,wind_stagnant
True,0.0,True,0,True,2021-11-29,wind_stagnant
True,0.0,True,0,True,2021-11-30,wind_stagnant
True,0.0,True,0,True,2021-12-01,wind_stagnant
True,0.0,True,0,True,2021-12-02,wind_stagnant
True,0.0,True,0,True,2021-12-03,wind_stagnant
True,0.0,True,0,True,2021-12-04,wind_stagnant
True,0.0,True,0,True,2021-12-05,wind_stagnant
True,0.0,True,0,True,2021-12-06,wind_stagnant
True,0.0,True,0,True,2021-12-07,wind_stagnant
True,0.0,True,0,True,2021-12-08,wind_stagnant
True,0.0,True,0,True,2021-12-09,wind_stagnant
True,0.0,True,0,True,2021-12-10,wind_stagnant
True,0.0,True,0,True,2021-12-11,wind_stagnant
True,0.0,True,0,True,2021-12-12,wind_stagnant
True,0.0,True,0,True,2021-12-13,wind_stagnant
True,0.0,True,0,True,2021-12-14,wind_stagnant
True,0.0,True,0,True,2021-12-15,wind_stagnant
True,0.0,True,0,True,2021-12-16,wind_stagnant
True,0.0,True,0,True,2021-12-17,wind_stagnant
True,0.0,True,0,True,2021-12-18,wind_stagnant
True,0.0,True,0,True,2021-12-19,wind_stagnant
True,0.0,True,0,True,2021-12-20,wind_stagnant
True,0.0,True,0,True,2021-12-21,wind_stagnant
True,0.0,True,0,True,2021-12-22,wind_stagnant
True,0.0,True,0,True,2021-12-23,wind_stagnant
True,0.0,True,0,True,2021-12-24,wind_stagnant
True,0.0,True,0,True,2021-12-25,wind_stagnant
True,0.0,True,0,True,2021-12-26,wind_stagnant
True,0.0,True,0,True,2021-12-27,wind_stagnant
True,0.0,True,0,True,2021-12-28,wind_stagnant
True,0.0,True,0,True,2021-12-29,wind_stagnant
True,0.0,True,0,True,2021-12-30,wind_stagnant
True,0.0,True,0,True,2021-12-31,wind_stagnant
True,0.0,True,0,True,2022-01-01,wind_stagnant
True,0.0,True,0,True,2022-01-02,wind_stagnant
True,0.0,True,0,True,2022-01-03,wind_stagnant
True,0.0,True,0,True,2022-01-04,wind_stagnant
True,0.0,True,0,True,2022-01-05,wind_stagnant
True,0.0,True,0,True,2022-01-06,wind_stagnant
True,0.0,True,0,True,2022-01-07,wind_stagnant
True,0.0,True,0,True,2022-01-08,wind_stagnant
True,0.0,True,0,True,2022-01-09,wind_stagnant
True,0.0,True,0,True,2022-01-10,wind_stagnant
True,0.0,True,0,True,2022-01-11,wind_stagnant
True,0.0,True,0,True,2022-01-12,wind_stagnant
True,0.0,True,0,True,2022-01-13,wind_stagnant
True,0.0,True,0,True,2022-01-14,wind_stagnant
True,0.0,True,0,True,2022-01-15,wind_stagnant
True,0.0,True,0,True,2022-01-16,wind_stagnant
True,0.0,True,0,True,2022-01-17,wind_stagnant
True,0.0,True,0,True,2022-01-18,wind_stagnant
True,0.0,True,0,True,2022-01-19,wind_stagnant
True,0.0,True,0,True,2022-01-20,wind_stagnant
True,0.0,True,0,True,2022-01-21,wind_stagnant
True,0.0,True,0,True,2022-01-22,wind_stagnant
True,0.0,True,0,True,2022-01-23,wind_stagnant
True,0.0,True,0,True,2022-01-24,wind_stagnant
True,0.0,True,0,True,2022-01-25,wind_stagnant
True,0.0,True,0,True,2022-01-26,wind_stagnant
True,0.0,True,0,True,2022-01-27,wind_stagnant
True,0.0,True,0,True,2022-01-28,wind_stagnant
True,0.0,True,0,True,2022-01-29,wind_stagnant
True,0.0,True,0,True,2022-01-30,wind_stagnant
True,0.0,True,0,True,2022-01-31,wind_stagnant
True,0.0,True,0,True,2022-02-01,wind_stagnant
True,0.0,True,0,True,2022-02-02,wind_stagnant
True,0.0,True,0,True,2022-02-03,wind_stagnant
True,0.0,True,0,True,2022-02-04,wind_stagnant
True,0.0,True,0,True,2022-02-05,wind_stagnant
True,0.0,True,0,True,2022-02-06,wind_stagnant
True,0.0,True,0,True,2022-02-07,wind_stagnant
True,0.0,True,0,True,2022-02-08,wind_stagnant
True,0.0,True,0,True,2022-02-09,wind_stagnant
True,0.0,True,0,True,2022-02-10,wind_stagnant
True,0.0,True,0,True,2022-02-11,wind_stagnant
True,0.0,True,0,True,2022-02-12,wind_stagnant
True,0.0,True,0,True,2022-02-13,wind_stagnant
True,0.0,True,0,True,2022-02-14,wind_stagnant
True,0.0,True,0,True,2022-02-15,wind_stagnant
True,0.0,True,0,True,2022-02-16,wind_stagnant
True,0.0,True,0,True,2022-02-17,wind_stagnant
True,0.0,True,0,True,2022-02-18,wind_stagnant
True,0.0,True,0,True,2022-02-19,wind_stagnant
True,0.0,True,0,True,2022-02-20,wind_stagnant
True,0.0,True,0,True,2022-02-21,wind_stagnant
True,0.0,True,0,True,2022-02-22,wind_stagnant
True,0.0,True,0,True,2022-02-23,wind_stagnant
True,0.0,True,0,True,2022-02-24,wind_stagnant
True,0.0,True,0,True,2022-02-25,wind_stagnant
True,0.0,True,0,True,2022-02-26,wind_stagnant
True,0.0,True,0,True,2022-02-27,wind_stagnant
True,0.0,True,0,True,2022-02-28,wind_stagnant
True,0.0,True,0,True,2022-03-01,wind_stagnant
True,0.0,True,0,True,2022-03-02,wind_stagnant
True,0.0,True,0,True,2022-03-03,wind_stagnant
True,0.0,True,0,True,2022-03-04,wind_stagnant
True,0.0,True,0,True,2022-03-05,wind_stagnant
True,0.0,True,0,True,2022-03-06,wind_stagnant
True,0.0,True,0,True,2022-03-07,wind_stagnant
True,0.0,True,0,True,2022-03-08,wind_stagnant
True,0.0,True,0,True,2022-03-09,wind_stagnant
True,0.0,True,0,True,2022-03-10,wind_stagnant
True,0.0,True,0,True,2022-03-11,wind_stagnant
True,0.0,True,0,True,2022-03-12,wind_stagnant
True,0.0,True,0,True,2022-03-13,wind_stagnant
True,0.0,True,0,True,2022-03-14,wind_stagnant
True,0.0,True,0,True,2022-03-15,wind_stagnant
True,0.0,True,0,True,2022-03-16,wind_stagnant
True,0.0,True,0,True,2022-03-17,wind_stagnant
True,0.0,True,0,True,2022-03-18,wind_stagnant
True,0.0,True,0,True,2022-03-19,wind_stagnant
True,0.0,True,0,True,2022-03-20,wind_stagnant
True,0.0,True,0,True,2022-03-21,wind_stagnant
True,0.0,True,0,True,2022-03-22,wind_stagnant
True,0.0,True,0,True,2022-03-23,wind_stagnant
True,0.0,True,0,True,2022-03-24,wind_stagnant
True,0.0,True,0,True,2022-03-25,wind_stagnant
True,0.0,True,0,True,2022-03-26,wind_stagnant
True,0.0,True,0,True,2022-03-27,wind_stagnant
True,0.0,True,0,True,2022-03-28,wind_stagnant
True,0.0,True,0,True,2022-03-29,wind_stagnant
True,0.0,True,0,True,2022-03-30,wind_stagnant
True,0.0,True,0,True,2022-03-31,wind_stagnant
True,0.0,True,0,True,2022-04-01,wind_stagnant
True,0.0,True,0,True,2022-04-02,wind_stagnant
True,0.0,True,0,True,2022-04-03,wind_stagnant
True,0.0,True,0,True,2022-04-04,wind_stagnant
True,0.0,True,0,True,2022-04-05,wind_stagnant
True,0.0,True,0,True,2022-04-06,wind_stagnant
True,0.0,True,0,True,2022-04-07,wind_stagnant
True,0.0,True,0,True,2022-04-08,wind_stagnant
True,0.0,True,0,True,2022-04-09,wind_stagnant
True,0.0,True,0,True,2022-04-10,wind_stagnant
True,0.0,True,0,True,2022-04-11,wind_stagnant
True,0.0,True,0,True,2022-04-12,wind_stagnant
True,0.0,True,0,True,2022-04-13,wind_stagnant
True,0.0,True,0,True,2022-04-14,wind_stagnant
True,0.0,True,0,True,2022-04-15,wind_stagnant
True,0.0,True,0,True,2022-04-16,wind_stagnant
True,0.0,True,0,True,2022-04-17,wind_stagnant
True,0.0,True,0,True,2022-04-18,wind_stagnant
True,0.0,True,0,True,2022-04-19,wind_stagnant
True,0.0,True,0,True,2022-04-20,wind_stagnant
True,0.0,True,0,True,2022-04-21,wind_stagnant
True,0.0,True,0,True,2022-04-22,wind_stagnant
True,0.0,True,0,True,2022-04-23,wind_stagnant
True,0.0,True,0,True,2022-04-24,wind_stagnant
True,0.0,True,0,True,2022-04-25,wind_stagnant
True,0.0,True,0,True,2022-04-26,wind_stagnant
True,0.0,True,0,True,2022-04-27,wind_stagnant
True,0.0,True,0,True,2022-04-28,wind_stagnant
True,0.0,True,0,True,2022-04-29,wind_stagnant
True,0.0,True,0,True,2022-04-30,wind_stagnant
True,0.0,True,0,True,2022-05-01,wind_stagnant
True,0.0,True,0,True,2022-05-02,wind_stagnant
True,0.0,True,0,True,2022-05-03,wind_stagnant
True,0.0,True,0,True,2022-05-04,wind_stagnant
True,0.0,True,0,True,2022-05-05,wind_stagnant
True,0.0,True,0,True,2022-05-06,wind_stagnant
True,0.0,True,0,True,2022-05-07,wind_stagnant
True,0.0,True,0,True,2022-05-08,wind_stagnant
True,0.0,True,0,True,2022-05-09,wind_stagnant
True,0.0,True,0,True,2022-05-10,wind_stagnant
True,0.0,True,0,True,2022-05-11,wind_stagnant
True,0.0,True,0,True,2022-05-12,wind_stagnant
True,0.0,True,0,True,2022-05-13,wind_stagnant
True,0.0,True,0,True,2022-05-14,wind_stagnant
True,0.0,True,0,True,2022-05-15,wind_stagnant
True,0.0,True,0,True,2022-05-16,wind_stagnant
True,0.0,True,0,True,2022-05-17,wind_stagnant
True,0.0,True,0,True,2022-05-18,wind_stagnant
True,0.0,True,0,True,2022-05-19,wind_stagnant
True,0.0,True,0,True,2022-05-20,wind_stagnant
True,0.0,True,0,True,2022-05-21,wind_stagnant
True,0.0,True,0,True,2022-05-22,wind_stagnant
True,0.0,True,0,True,2022-05-23,wind_stagnant
True,0.0,True,0,True,2022-05-24,wind_stagnant
True,0.0,True,0,True,2022-05-25,wind_stagnant
True,0.0,True,0,True,2022-05-26,wind_stagnant
True,0.0,True,0,True,2022-05-27,wind_stagnant
True,0.0,True,0,True,2022-05-28,wind_stagnant
True,0.0,True,0,True,2022-05-29,wind_stagnant
True,0.0,True,0,True,2022-05-30,wind_stagnant
True,0.0,True,0,True,2022-05-31,wind_stagnant
True,0.0,True,0,True,2022-06-01,wind_stagnant
True,0.0,True,0,True,2022-06-02,wind_stagnant
True,0.0,True,0,True,2022-06-03,wind_stagnant
True,0.0,True,0,True,2022-06-04,wind_stagnant
True,0.0,True,0,True,2022-06-05,wind_stagnant
True,0.0,True,0,True,2022-06-06,wind_stagnant
True,0.0,True,0,True,2022-06-07,wind_stagnant
True,0.0,True,0,True,2022-06-08,wind_stagnant
True,0.0,True,0,True,2022-06-09,wind_stagnant
True,0.0,True,0,True,2022-06-10,wind_stagnant
True,0.0,True,0,True,2022-06-11,wind_stagnant
True,0.0,True,0,True,2022-06-12,wind_stagnant
True,0.0,True,0,True,2022-06-13,wind_stagnant
True,0.0,True,0,True,2022-06-14,wind_stagnant
True,0.0,True,0,True,2022-06-15,wind_stagnant
True,0.0,True,0,True,2022-06-16,wind_stagnant
True,0.0,True,0,True,2022-06-17,wind_stagnant
True,0.0,True,0,True,2022-06-18,wind_stagnant
True,0.0,True,0,True,2022-06-19,wind_stagnant
True,0.0,True,0,True,2022-06-20,wind_stagnant
True,0.0,True,0,True,2022-06-21,wind_stagnant
True,0.0,True,0,True,2022-06-22,wind_stagnant
True,0.0,True,0,True,2022-06-23,wind_stagnant
True,0.0,True,0,True,2022-06-24,wind_stagnant
True,0.0,True,0,True,2022-06-25,wind_stagnant
True,0.0,True,0,True,2022-06-26,wind_stagnant
True,0.0,True,0,True,2022-06-27,wind_stagnant
True,0.0,True,0,True,2022-06-28,wind_stagnant
True,0.0,True,0,True,2022-06-29,wind_stagnant
True,0.0,True,0,True,2022-06-30,wind_stagnant
True,0.0,True,0,True,2022-07-01,wind_stagnant
True,0.0,True,0,True,2022-07-02,wind_stagnant
True,0.0,True,0,True,2022-07-03,wind_stagnant
True,0.0,True,0,True,2022-07-04,wind_stagnant
True,0.0,True,0,True,2022-07-05,wind_stagnant
True,0.0,True,0,True,2022-07-06,wind_stagnant
True,0.0,True,0,True,2022-07-07,wind_stagnant
True,0.0,True,0,True,2022-07-08,wind_stagnant
True,0.0,True,0,True,2022-07-09,wind_stagnant
True,0.0,True,0,True,2022-07-10,wind_stagnant
True,0.0,True,0,True,2022-07-11,wind_stagnant
True,0.0,True,0,True,2022-07-12,wind_stagnant
True,0.0,True,0,True,2022-07-13,wind_stagnant
True,0.0,True,0,True,2022-07-14,wind_stagnant
True,0.0,True,0,True,2022-07-15,wind_stagnant
True,0.0,True,0,True,2022-07-16,wind_stagnant
True,0.0,True,0,True,2022-07-17,wind_stagnant
True,0.0,True,0,True,2022-07-18,wind_stagnant
True,0.0,True,0,True,2022-07-19,wind_stagnant
True,0.0,True,0,True,2022-07-20,wind_stagnant
True,0.0,True,0,True,2022-07-21,wind_stagnant
True,0.0,True,0,True,2022-07-22,wind_stagnant
True,0.0,True,0,True,2022-07-23,wind_stagnant
True,0.0,True,0,True,2022-07-24,wind_stagnant
True,0.0,True,0,True,2022-07-25,wind_stagnant
True,0.0,True,0,True,2022-07-26,wind_stagnant
True,0.0,True,0,True,2022-07-27,wind_stagnant
True,0.0,True,0,True,2022-07-28,wind_stagnant
True,0.0,True,0,True,2022-07-29,wind_stagnant
True,0.0,True,0,True,2022-07-30,wind_stagnant
True,0.0,True,0,True,2022-07-31,wind_stagnant
True,0.0,True,0,True,2022-08-01,wind_stagnant
True,0.0,True,0,True,2022-08-02,wind_stagnant
True,0.0,True,0,True,2022-08-03,wind_stagnant
True,0.0,True,0,True,2022-08-04,wind_stagnant
True,0.0,True,0,True,2022-08-05,wind_stagnant
True,0.0,True,0,True,2022-08-06,wind_stagnant
True,0.0,True,0,True,2022-08-07,wind_stagnant
True,0.0,True,0,True,2022-08-08,wind_stagnant
True,0.0,True,0,True,2022-08-09,wind_stagnant
True,0.0,True,0,True,2022-08-10,wind_stagnant
True,0.0,True,0,True,2022-08-11,wind_stagnant
True,0.0,True,0,True,2022-08-12,wind_stagnant
True,0.0,True,0,True,2022-08-13,wind_stagnant
True,0.0,True,0,True,2022-08-14,wind_stagnant
True,0.0,True,0,True,2022-08-15,wind_stagnant
True,0.0,True,0,True,2022-08-16,wind_stagnant
True,0.0,True,0,True,2022-08-17,wind_stagnant
True,0.0,True,0,True,2022-08-18,wind_stagnant
True,0.0,True,0,True,2022-08-19,wind_stagnant
True,0.0,True,0,True,2022-08-20,wind_stagnant
True,0.0,True,0,True,2022-08-21,wind_stagnant
True,0.0,True,0,True,2022-08-22,wind_stagnant
True,0.0,True,0,True,2022-08-23,wind_stagnant
True,0.0,True,0,True,2022-08-24,wind_stagnant
True,0.0,True,0,True,2022-08-25,wind_stagnant
True,0.0,True,0,True,2022-08-26,wind_stagnant
True,0.0,True,0,True,2022-08-27,wind_stagnant
True,0.0,True,0,True,2022-08-28,wind_stagnant
True,0.0,True,0,True,2022-08-29,wind_stagnant
True,0.0,True,0,True,2022-08-30,wind_stagnant
True,0.0,True,0,True,2022-08-31,wind_stagnant
True,0.0,True,0,True,2022-09-01,wind_stagnant
True,0.0,True,0,True,2022-09-02,wind_stagnant
True,0.0,True,0,True,2022-09-03,wind_stagnant
True,0.0,True,0,True,2022-09-04,wind_stagnant
True,0.0,True,0,True,2022-09-05,wind_stagnant
True,0.0,True,0,True,2022-09-06,wind_stagnant
True,0.0,True,0,True,2022-09-07,wind_stagnant
True,0.0,True,0,True,2022-09-08,wind_stagnant
True,0.0,True,0,True,2022-09-09,wind_stagnant
True,0.0,True,0,True,2022-09-10,wind_stagnant
True,0.0,True,0,True,2022-09-11,wind_stagnant
True,0.0,True,0,True,2022-09-12,wind_stagnant
True,0.0,True,0,True,2022-09-13,wind_stagnant
True,0.0,True,0,True,2022-09-14,wind_stagnant
True,0.0,True,0,True,2022-09-15,wind_stagnant
True,0.0,True,0,True,2022-09-16,wind_stagnant
True,0.0,True,0,True,2022-09-17,wind_stagnant
True,0.0,True,0,True,2022-09-18,wind_stagnant
True,0.0,True,0,True,2022-09-19,wind_stagnant
True,0.0,True,0,True,2022-09-20,wind_stagnant
True,0.0,True,0,True,2022-09-21,wind_stagnant
True,0.0,True,0,True,2022-09-22,wind_stagnant
True,0.0,True,0,True,2022-09-23,wind_stagnant
True,0.0,True,0,True,2022-09-24,wind_stagnant
True,0.0,True,0,True,2022-09-25,wind_stagnant
True,0.0,True,0,True,2022-09-26,wind_stagnant
True,0.0,True,0,True,2022-09-27,wind_stagnant
True,0.0,True,0,True,2022-09-28,wind_stagnant
True,0.0,True,0,True,2022-09-29,wind_stagnant
True,0.0,True,0,True,2022-09-30,wind_stagnant
True,0.0,True,0,True,2022-10-01,wind_stagnant
True,0.0,True,0,True,2022-10-02,wind_stagnant
True,0.0,True,0,True,2022-10-03,wind_stagnant
True,0.0,True,0,True,2022-10-04,wind_stagnant
True,0.0,True,0,True,2022-10-05,wind_stagnant
True,0.0,True,0,True,2022-10-06,wind_stagnant
True,0.0,True,0,True,2022-10-07,wind_stagnant
True,0.0,True,0,True,2022-10-08,wind_stagnant
True,0.0,True,0,True,2022-10-09,wind_stagnant
True,0.0,True,0,True,2022-10-10,wind_stagnant
True,0.0,True,0,True,2022-10-11,wind_stagnant
True,0.0,True,0,True,2022-10-12,wind_stagnant
True,0.0,True,0,True,2022-10-13,wind_stagnant
True,0.0,True,0,True,2022-10-14,wind_stagnant
True,0.0,True,0,True,2022-10-15,wind_stagnant
True,0.0,True,0,True,2022-10-16,wind_stagnant
True,0.0,True,0,True,2022-10-17,wind_stagnant
True,0.0,True,0,True,2022-10-18,wind_stagnant
True,0.0,True,0,True,2022-10-19,wind_stagnant
True,0.0,True,0,True,2022-10-20,wind_stagnant
True,0.0,True,0,True,2022-10-21,wind_stagnant
True,0.0,True,0,True,2022-10-22,wind_stagnant
True,0.0,True,0,True,2022-10-23,wind_stagnant
True,0.0,True,0,True,2022-10-24,wind_stagnant
True,0.0,True,0,True,2022-10-25,wind_stagnant
True,0.0,True,0,True,2022-10-26,wind_stagnant
True,0.0,True,0,True,2022-10-27,wind_stagnant
True,0.0,True,0,True,2022-10-28,wind_stagnant
True,0.0,True,0,True,2022-10-29,wind_stagnant
True,0.0,True,0,True,2022-10-30,wind_stagnant
True,0.0,True,0,True,2022-10-31,wind_stagnant
True,0.0,True,0,True,2022-11-01,wind_stagnant
True,0.0,True,0,True,2022-11-02,wind_stagnant
True,0.0,True,0,True,2022-11-03,wind_stagnant
True,0.0,True,0,True,2022-11-04,wind_stagnant
True,0.0,True,0,True,2022-11-05,wind_stagnant
True,0.0,True,0,True,2022-11-06,wind_stagnant
True,0.0,True,0,True,2022-11-07,wind_stagnant
True,0.0,True,0,True,2022-11-08,wind_stagnant
True,0.0,True,0,True,2022-11-09,wind_stagnant
True,0.0,True,0,True,2022-11-10,wind_stagnant
True,0.0,True,0,True,2022-11-11,wind_stagnant
True,0.0,True,0,True,2022-11-12,wind_stagnant
True,0.0,True,0,True,2022-11-13,wind_stagnant
True,0.0,True,0,True,2022-11-14,wind_stagnant
True,0.0,True,0,True,2022-11-15,wind_stagnant
True,0.0,True,0,True,2022-11-16,wind_stagnant
True,0.0,True,0,True,2022-11-17,wind_stagnant
True,0.0,True,0,True,2022-11-18,wind_stagnant
True,0.0,True,0,True,2022-11-19,wind_stagnant
True,0.0,True,0,True,2022-11-20,wind_stagnant
True,0.0,True,0,True,2022-11-21,wind_stagnant
True,0.0,True,0,True,2022-11-22,wind_stagnant
True,0.0,True,0,True,2022-11-23,wind_stagnant
True,0.0,True,0,True,2022-11-24,wind_stagnant
True,0.0,True,0,True,2022-11-25,wind_stagnant
True,0.0,True,0,True,2022-11-26,wind_stagnant
True,0.0,True,0,True,2022-11-27,wind_stagnant
True,0.0,True,0,True,2022-11-28,wind_stagnant
True,0.0,True,0,True,2022-11-29,wind_stagnant
True,0.0,True,0,True,2022-11-30,wind_stagnant
True,0.0,True,0,True,2022-12-01,wind_stagnant
True,0.0,True,0,True,2022-12-02,wind_stagnant
True,0.0,True,0,True,2022-12-03,wind_stagnant
True,0.0,True,0,True,2022-12-04,wind_stagnant
True,0.0,True,0,True,2022-12-05,wind_stagnant
True,0.0,True,0,True,2022-12-06,wind_stagnant
True,0.0,True,0,True,2022-12-07,wind_stagnant
True,0.0,True,0,True,2022-12-08,wind_stagnant
True,0.0,True,0,True,2022-12-09,wind_stagnant
True,0.0,True,0,True,2022-12-10,wind_stagnant
True,0.0,True,0,True,2022-12-11,wind_stagnant
True,0.0,True,0,True,2022-12-12,wind_stagnant
True,0.0,True,0,True,2022-12-13,wind_stagnant
True,0.0,True,0,True,2022-12-14,wind_stagnant
True,0.0,True,0,True,2022-12-15,wind_stagnant
True,0.0,True,0,True,2022-12-16,wind_stagnant
True,0.0,True,0,True,2022-12-17,wind_stagnant
True,0.0,True,0,True,2022-12-18,wind_stagnant
True,0.0,True,0,True,2022-12-19,wind_stagnant
True,0.0,True,0,True,2022-12-20,wind_stagnant
True,0.0,True,0,True,2022-12-21,wind_stagnant
True,0.0,True,0,True,2022-12-22,wind_stagnant
True,0.0,True,0,True,2022-12-23,wind_stagnant
True,0.0,True,0,True,2022-12-24,wind_stagnant
True,0.0,True,0,True,2022-12-25,wind_stagnant
True,0.0,True,0,True,2022-12-26,wind_stagnant
True,0.0,True,0,True,2022-12-27,wind_stagnant
True,0.0,True,0,True,2022-12-28,wind_stagnant
True,0.0,True,0,True,2022-12-29,wind_stagnant
True,0.0,True,0,True,2022-12-30,wind_stagnant
True,0.0,True,0,True,2022-12-31,wind_stagnant
True,0.0,True,0,True,2023-01-01,wind_stagnant
True,0.0,True,0,True,2023-01-02,wind_stagnant
True,0.0,True,0,True,2023-01-03,wind_stagnant
True,0.0,True,0,True,2023-01-04,wind_stagnant
True,0.0,True,0,True,2023-01-05,wind_stagnant
True,0.0,True,0,True,2023-01-06,wind_stagnant
True,0.0,True,0,True,2023-01-07,wind_stagnant
True,0.0,True,0,True,2023-01-08,wind_stagnant
True,0.0,True,0,True,2023-01-09,wind_stagnant
True,0.0,True,0,True,2023-01-10,wind_stagnant
True,0.0,True,0,True,2023-01-11,wind_stagnant
True,0.0,True,0,True,2023-01-12,wind_stagnant
True,0.0,True,0,True,2023-01-13,wind_stagnant
True,0.0,True,0,True,2023-01-14,wind_stagnant
True,0.0,True,0,True,2023-01-15,wind_stagnant
True,0.0,True,0,True,2023-01-16,wind_stagnant
True,0.0,True,0,True,2023-01-17,wind_stagnant
True,0.0,True,0,True,2023-01-18,wind_stagnant
True,0.0,True,0,True,2023-01-19,wind_stagnant
True,0.0,True,0,True,2023-01-20,wind_stagnant
True,0.0,True,0,True,2023-01-21,wind_stagnant
True,0.0,True,0,True,2023-01-22,wind_stagnant
True,0.0,True,0,True,2023-01-23,wind_stagnant
True,0.0,True,0,True,2023-01-24,wind_stagnant
True,0.0,True,0,True,2023-01-25,wind_stagnant
True,0.0,True,0,True,2023-01-26,wind_stagnant
True,0.0,True,0,True,2023-01-27,wind_stagnant
True,0.0,True,0,True,2023-01-28,wind_stagnant
True,0.0,True,0,True,2023-01-29,wind_stagnant
True,0.0,True,0,True,2023-01-30,wind_stagnant
True,0.0,True,0,True,2023-01-31,wind_stagnant
True,0.0,True,0,True,2023-02-01,wind_stagnant
True,0.0,True,0,True,2023-02-02,wind_stagnant
True,0.0,True,0,True,2023-02-03,wind_stagnant
True,0.0,True,0,True,2023-02-04,wind_stagnant
True,0.0,True,0,True,2023-02-05,wind_stagnant
True,0.0,True,0,True,2023-02-06,wind_stagnant
True,0.0,True,0,True,2023-02-07,wind_stagnant
True,0.0,True,0,True,2023-02-08,wind_stagnant
True,0.0,True,0,True,2023-02-09,wind_stagnant
True,0.0,True,0,True,2023-02-10,wind_stagnant
True,0.0,True,0,True,2023-02-11,wind_stagnant
True,0.0,True,0,True,2023-02-12,wind_stagnant
True,0.0,True,0,True,2023-02-13,wind_stagnant
True,0.0,True,0,True,2023-02-14,wind_stagnant
True,0.0,True,0,True,2023-02-15,wind_stagnant
True,0.0,True,0,True,2023-02-16,wind_stagnant
True,0.0,True,0,True,2023-02-17,wind_stagnant
True,0.0,True,0,True,2023-02-18,wind_stagnant
True,0.0,True,0,True,2023-02-19,wind_stagnant
True,0.0,True,0,True,2023-02-20,wind_stagnant
True,0.0,True,0,True,2023-02-21,wind_stagnant
True,0.0,True,0,True,2023-02-22,wind_stagnant
True,0.0,True,0,True,2023-02-23,wind_stagnant
True,0.0,True,0,True,2023-02-24,wind_stagnant
True,0.0,True,0,True,2023-02-25,wind_stagnant
True,0.0,True,0,True,2023-02-26,wind_stagnant
True,0.0,True,0,True,2023-02-27,wind_stagnant
True,0.0,True,0,True,2023-02-28,wind_stagnant
True,0.0,True,0,True,2023-03-01,wind_stagnant
True,0.0,True,0,True,2023-03-02,wind_stagnant
True,0.0,True,0,True,2023-03-03,wind_stagnant
True,0.0,True,0,True,2023-03-04,wind_stagnant
True,0.0,True,0,True,2023-03-05,wind_stagnant
True,0.0,True,0,True,2023-03-06,wind_stagnant
True,0.0,True,0,True,2023-03-07,wind_stagnant
True,0.0,True,0,True,2023-03-08,wind_stagnant
True,0.0,True,0,True,2023-03-09,wind_stagnant
True,0.0,True,0,True,2023-03-10,wind_stagnant
True,0.0,True,0,True,2023-03-11,wind_stagnant
True,0.0,True,0,True,2023-03-12,wind_stagnant
True,0.0,True,0,True,2023-03-13,wind_stagnant
True,0.0,True,0,True,2023-03-14,wind_stagnant
True,0.0,True,0,True,2023-03-15,wind_stagnant
True,0.0,True,0,True,2023-03-16,wind_stagnant
True,0.0,True,0,True,2023-03-17,wind_stagnant
True,0.0,True,0,True,2023-03-18,wind_stagnant
True,0.0,True,0,True,2023-03-19,wind_stagnant
True,0.0,True,0,True,2023-03-20,wind_stagnant
True,0.0,True,0,True,2023-03-21,wind_stagnant
True,0.0,True,0,True,2023-03-22,wind_stagnant
True,0.0,True,0,True,2023-03-23,wind_stagnant
True,0.0,True,0,True,2023-03-24,wind_stagnant
True,0.0,True,0,True,2023-03-25,wind_stagnant
True,0.0,True,0,True,2023-03-26,wind_stagnant
True,0.0,True,0,True,2023-03-27,wind_stagnant
True,0.0,True,0,True,2023-03-28,wind_stagnant
True,0.0,True,0,True,2023-03-29,wind_stagnant
True,0.0,True,0,True,2023-03-30,wind_stagnant
True,0.0,True,0,True,2023-03-31,wind_stagnant
True,0.0,True,0,True,2023-04-01,wind_stagnant
True,0.0,True,0,True,2023-04-02,wind_stagnant
True,0.0,True,0,True,2023-04-03,wind_stagnant
True,0.0,True,0,True,2023-04-04,wind_stagnant
True,0.0,True,0,True,2023-04-05,wind_stagnant
True,0.0,True,0,True,2023-04-06,wind_stagnant
True,0.0,True,0,True,2023-04-07,wind_stagnant
True,0.0,True,0,True,2023-04-08,wind_stagnant
True,0.0,True,0,True,2023-04-09,wind_stagnant
True,0.0,True,0,True,2023-04-10,wind_stagnant
True,0.0,True,0,True,2023-04-11,wind_stagnant
True,0.0,True,0,True,2023-04-12,wind_stagnant
True,0.0,True,0,True,2023-04-13,wind_stagnant
True,0.0,True,0,True,2023-04-14,wind_stagnant
True,0.0,True,0,True,2023-04-15,wind_stagnant
True,0.0,True,0,True,2023-04-16,wind_stagnant
True,0.0,True,0,True,2023-04-17,wind_stagnant
True,0.0,True,0,True,2023-04-18,wind_stagnant
True,0.0,True,0,True,2023-04-19,wind_stagnant
True,0.0,True,0,True,2023-04-20,wind_stagnant
True,0.0,True,0,True,2023-04-21,wind_stagnant
True,0.0,True,0,True,2023-04-22,wind_stagnant
True,0.0,True,0,True,2023-04-23,wind_stagnant
True,0.0,True,0,True,2023-04-24,wind_stagnant
True,0.0,True,0,True,2023-04-25,wind_stagnant
True,0.0,True,0,True,2023-04-26,wind_stagnant
True,0.0,True,0,True,2023-04-27,wind_stagnant
True,0.0,True,0,True,2023-04-28,wind_stagnant
True,0.0,True,0,True,2023-04-29,wind_stagnant
True,0.0,True,0,True,2023-04-30,wind_stagnant
True,0.0,True,0,True,2023-05-01,wind_stagnant
True,0.0,True,0,True,2023-05-02,wind_stagnant
True,0.0,True,0,True,2023-05-03,wind_stagnant
True,0.0,True,0,True,2023-05-04,wind_stagnant
True,0.0,True,0,True,2023-05-05,wind_stagnant
True,0.0,True,0,True,2023-05-06,wind_stagnant
True,0.0,True,0,True,2023-05-07,wind_stagnant
True,0.0,True,0,True,2023-05-08,wind_stagnant
True,0.0,True,0,True,2023-05-09,wind_stagnant
True,0.0,True,0,True,2023-05-10,wind_stagnant
True,0.0,True,0,True,2023-05-11,wind_stagnant
True,0.0,True,0,True,2023-05-12,wind_stagnant
True,0.0,True,0,True,2023-05-13,wind_stagnant
True,0.0,True,0,True,2023-05-14,wind_stagnant
True,0.0,True,0,True,2023-05-15,wind_stagnant
True,0.0,True,0,True,2023-05-16,wind_stagnant
True,0.0,True,0,True,2023-05-17,wind_stagnant
True,0.0,True,0,True,2023-05-18,wind_stagnant
True,0.0,True,0,True,2023-05-19,wind_stagnant
True,0.0,True,0,True,2023-05-20,wind_stagnant
True,0.0,True,0,True,2023-05-21,wind_stagnant
True,0.0,True,0,True,2023-05-22,wind_stagnant
True,0.0,True,0,True,2023-05-23,wind_stagnant
True,0.0,True,0,True,2023-05-24,wind_stagnant
True,0.0,True,0,True,2023-05-25,wind_stagnant
True,0.0,True,0,True,2023-05-26,wind_stagnant
True,0.0,True,0,True,2023-05-27,wind_stagnant
True,0.0,True,0,True,2023-05-28,wind_stagnant
True,0.0,True,0,True,2023-05-29,wind_stagnant
True,0.0,True,0,True,2023-05-30,wind_stagnant
True,0.0,True,0,True,2023-05-31,wind_stagnant
True,0.0,True,0,True,2023-06-01,wind_stagnant
True,0.0,True,0,True,2023-06-02,wind_stagnant
True,0.0,True,0,True,2023-06-03,wind_stagnant
True,0.0,True,0,True,2023-06-04,wind_stagnant
True,0.0,True,0,True,2023-06-05,wind_stagnant
True,0.0,True,0,True,2023-06-06,wind_stagnant
True,0.0,True,0,True,2023-06-07,wind_stagnant
True,0.0,True,0,True,2023-06-08,wind_stagnant
True,0.0,True,0,True,2023-06-09,wind_stagnant
True,0.0,True,0,True,2023-06-10,wind_stagnant
True,0.0,True,0,True,2023-06-11,wind_stagnant
True,0.0,True,0,True,2023-06-12,wind_stagnant
True,0.0,True,0,True,2023-06-13,wind_stagnant
True,0.0,True,0,True,2023-06-14,wind_stagnant
True,0.0,True,0,True,2023-06-15,wind_stagnant
True,0.0,True,0,True,2023-06-16,wind_stagnant
True,0.0,True,0,True,2023-06-17,wind_stagnant
True,0.0,True,0,True,2023-06-18,wind_stagnant
True,0.0,True,0,True,2023-06-19,wind_stagnant
True,0.0,True,0,True,2023-06-20,wind_stagnant
True,0.0,True,0,True,2023-06-21,wind_stagnant
True,0.0,True,0,True,2023-06-22,wind_stagnant
True,0.0,True,0,True,2023-06-23,wind_stagnant
True,0.0,True,0,True,2023-06-24,wind_stagnant
True,0.0,True,0,True,2023-06-25,wind_stagnant
True,0.0,True,0,True,2023-06-26,wind_stagnant
True,0.0,True,0,True,2023-06-27,wind_stagnant
True,0.0,True,0,True,2023-06-28,wind_stagnant
True,0.0,True,0,True,2023-06-29,wind_stagnant
True,0.0,True,0,True,2023-06-30,wind_stagnant
True,0.0,True,0,True,2023-07-01,wind_stagnant
True,0.0,True,0,True,2023-07-02,wind_stagnant
True,0.0,True,0,True,2023-07-03,wind_stagnant
True,0.0,True,0,True,2023-07-04,wind_stagnant
True,0.0,True,0,True,2023-07-05,wind_stagnant
True,0.0,True,0,True,2023-07-06,wind_stagnant
True,0.0,True,0,True,2023-07-07,wind_stagnant
True,0.0,True,0,True,2023-07-08,wind_stagnant
True,0.0,True,0,True,2023-07-09,wind_stagnant
True,0.0,True,0,True,2023-07-10,wind_stagnant
True,0.0,True,0,True,2023-07-11,wind_stagnant
True,0.0,True,0,True,2023-07-12,wind_stagnant
True,0.0,True,0,True,2023-07-13,wind_stagnant
True,0.0,True,0,True,2023-07-14,wind_stagnant
True,0.0,True,0,True,2023-07-15,wind_stagnant
True,0.0,True,0,True,2023-07-16,wind_stagnant
True,0.0,True,0,True,2023-07-17,wind_stagnant
True,0.0,True,0,True,2023-07-18,wind_stagnant
True,0.0,True,0,True,2023-07-19,wind_stagnant
True,0.0,True,0,True,2023-07-20,wind_stagnant
True,0.0,True,0,True,2023-07-21,wind_stagnant
True,0.0,True,0,True,2023-07-22,wind_stagnant
True,0.0,True,0,True,2023-07-23,wind_stagnant
True,0.0,True,0,True,2023-07-24,wind_stagnant
True,0.0,True,0,True,2023-07-25,wind_stagnant
True,0.0,True,0,True,2023-07-26,wind_stagnant
True,0.0,True,0,True,2023-07-27,wind_stagnant
True,0.0,True,0,True,2023-07-28,wind_stagnant
True,0.0,True,0,True,2023-07-29,wind_stagnant
True,0.0,True,0,True,2023-07-30,wind_stagnant
True,0.0,True,0,True,2023-07-31,wind_stagnant
True,0.0,True,0,True,2023-08-01,wind_stagnant
True,0.0,True,0,True,2023-08-02,wind_stagnant
True,0.0,True,0,True,2023-08-03,wind_stagnant
True,0.0,True,0,True,2023-08-04,wind_stagnant
True,0.0,True,0,True,2023-08-05,wind_stagnant
True,0.0,True,0,True,2023-08-06,wind_stagnant
True,0.0,True,0,True,2023-08-07,wind_stagnant
True,0.0,True,0,True,2023-08-08,wind_stagnant
True,0.0,True,0,True,2023-08-09,wind_stagnant
True,0.0,True,0,True,2023-08-10,wind_stagnant
True,0.0,True,0,True,2023-08-11,wind_stagnant
True,0.0,True,0,True,2023-08-12,wind_stagnant
True,0.0,True,0,True,2023-08-13,wind_stagnant
True,0.0,True,0,True,2023-08-14,wind_stagnant
True,0.0,True,0,True,2023-08-15,wind_stagnant
True,0.0,True,0,True,2023-08-16,wind_stagnant
True,0.0,True,0,True,2023-08-17,wind_stagnant
True,0.0,True,0,True,2023-08-18,wind_stagnant
True,0.0,True,0,True,2023-08-19,wind_stagnant
True,0.0,True,0,True,2023-08-20,wind_stagnant
True,0.0,True,0,True,2023-08-21,wind_stagnant
True,0.0,True,0,True,2023-08-22,wind_stagnant
True,0.0,True,0,True,2023-08-23,wind_stagnant
True,0.0,True,0,True,2023-08-24,wind_stagnant
True,0.0,True,0,True,2023-08-25,wind_stagnant
True,0.0,True,0,True,2023-08-26,wind_stagnant
True,0.0,True,0,True,2023-08-27,wind_stagnant
True,0.0,True,0,True,2023-08-28,wind_stagnant
True,0.0,True,0,True,2023-08-29,wind_stagnant
True,0.0,True,0,True,2023-08-30,wind_stagnant
True,0.0,True,0,True,2023-08-31,wind_stagnant
True,0.0,True,0,True,2023-09-01,wind_stagnant
True,0.0,True,0,True,2023-09-02,wind_stagnant
True,0.0,True,0,True,2023-09-03,wind_stagnant
True,0.0,True,0,True,2023-09-04,wind_stagnant
True,0.0,True,0,True,2023-09-05,wind_stagnant
True,0.0,True,0,True,2023-09-06,wind_stagnant
True,0.0,True,0,True,2023-09-07,wind_stagnant
True,0.0,True,0,True,2023-09-08,wind_stagnant
True,0.0,True,0,True,2023-09-09,wind_stagnant
True,0.0,True,0,True,2023-09-10,wind_stagnant
True,0.0,True,0,True,2023-09-11,wind_stagnant
True,0.0,True,0,True,2023-09-12,wind_stagnant
True,0.0,True,0,True,2023-09-13,wind_stagnant
True,0.0,True,0,True,2023-09-14,wind_stagnant
True,0.0,True,0,True,2023-09-15,wind_stagnant
True,0.0,True,0,True,2023-09-16,wind_stagnant
True,0.0,True,0,True,2023-09-17,wind_stagnant
True,0.0,True,0,True,2023-09-18,wind_stagnant
True,0.0,True,0,True,2023-09-19,wind_stagnant
True,0.0,True,0,True,2023-09-20,wind_stagnant
True,0.0,True,0,True,2023-09-21,wind_stagnant
True,0.0,True,0,True,2023-09-22,wind_stagnant
True,0.0,True,0,True,2023-09-23,wind_stagnant
True,0.0,True,0,True,2023-09-24,wind_stagnant
True,0.0,True,0,True,2023-09-25,wind_stagnant
True,0.0,True,0,True,2023-09-26,wind_stagnant
True,0.0,True,0,True,2023-09-27,wind_stagnant
True,0.0,True,0,True,2023-09-28,wind_stagnant
True,0.0,True,0,True,2023-09-29,wind_stagnant
True,0.0,True,0,True,2023-09-30,wind_stagnant
True,0.0,True,0,True,2023-10-01,wind_stagnant
True,0.0,True,0,True,2023-10-02,wind_stagnant
True,0.0,True,0,True,2023-10-03,wind_stagnant
True,0.0,True,0,True,2023-10-04,wind_stagnant
True,0.0,True,0,True,2023-10-05,wind_stagnant
True,0.0,True,0,True,2023-10-06,wind_stagnant
True,0.0,True,0,True,2023-10-07,wind_stagnant
True,0.0,True,0,True,2023-10-08,wind_stagnant
True,0.0,True,0,True,2023-10-09,wind_stagnant
True,0.0,True,0,True,2023-10-10,wind_stagnant
True,0.0,True,0,True,2023-10-11,wind_stagnant
True,0.0,True,0,True,2023-10-12,wind_stagnant
True,0.0,True,0,True,2023-10-13,wind_stagnant
True,0.0,True,0,True,2023-10-14,wind_stagnant
True,0.0,True,0,True,2023-10-15,wind_stagnant
True,0.0,True,0,True,2023-10-16,wind_stagnant
True,0.0,True,0,True,2023-10-17,wind_stagnant
True,0.0,True,0,True,2023-10-18,wind_stagnant
True,0.0,True,0,True,2023-10-19,wind_stagnant
True,0.0,True,0,True,2023-10-20,wind_stagnant
True,0.0,True,0,True,2023-10-21,wind_stagnant
True,0.0,True,0,True,2023-10-22,wind_stagnant
True,0.0,True,0,True,2023-10-23,wind_stagnant
True,0.0,True,0,True,2023-10-24,wind_stagnant
True,0.0,True,0,True,2023-10-25,wind_stagnant
True,0.0,True,0,True,2023-10-26,wind_stagnant
True,0.0,True,0,True,2023-10-27,wind_stagnant
True,0.0,True,0,True,2023-10-28,wind_stagnant
True,0.0,True,0,True,2023-10-29,wind_stagnant
True,0.0,True,0,True,2023-10-30,wind_stagnant
True,0.0,True,0,True,2023-10-31,wind_stagnant
True,0.0,True,0,True,2023-11-01,wind_stagnant
True,0.0,True,0,True,2023-11-02,wind_stagnant
True,0.0,True,0,True,2023-11-03,wind_stagnant
True,0.0,True,0,True,2023-11-04,wind_stagnant
True,0.0,True,0,True,2023-11-05,wind_stagnant
True,0.0,True,0,True,2023-11-06,wind_stagnant
True,0.0,True,0,True,2023-11-07,wind_stagnant
True,0.0,True,0,True,2023-11-08,wind_stagnant
True,0.0,True,0,True,2023-11-09,wind_stagnant
True,0.0,True,0,True,2023-11-10,wind_stagnant
True,0.0,True,0,True,2023-11-11,wind_stagnant
True,0.0,True,0,True,2023-11-12,wind_stagnant
True,0.0,True,0,True,2023-11-13,wind_stagnant
True,0.0,True,0,True,2023-11-14,wind_stagnant
True,0.0,True,0,True,2023-11-15,wind_stagnant
True,0.0,True,0,True,2023-11-16,wind_stagnant
True,0.0,True,0,True,2023-11-17,wind_stagnant
True,0.0,True,0,True,2023-11-18,wind_stagnant
True,0.0,True,0,True,2023-11-19,wind_stagnant
True,0.0,True,0,True,2023-11-20,wind_stagnant
True,0.0,True,0,True,2023-11-21,wind_stagnant
True,0.0,True,0,True,2023-11-22,wind_stagnant
True,0.0,True,0,True,2023-11-23,wind_stagnant
True,0.0,True,0,True,2023-11-24,wind_stagnant
True,0.0,True,0,True,2023-11-25,wind_stagnant
True,0.0,True,0,True,2023-11-26,wind_stagnant
True,0.0,True,0,True,2023-11-27,wind_stagnant
True,0.0,True,0,True,2023-11-28,wind_stagnant
True,0.0,True,0,True,2023-11-29,wind_stagnant
True,0.0,True,0,True,2023-11-30,wind_stagnant
True,0.0,True,0,True,2023-12-01,wind_stagnant
True,0.0,True,0,True,2023-12-02,wind_stagnant
True,0.0,True,0,True,2023-12-03,wind_stagnant
True,0.0,True,0,True,2023-12-04,wind_stagnant
True,0.0,True,0,True,2023-12-05,wind_stagnant
True,0.0,True,0,True,2023-12-06,wind_stagnant
True,0.0,True,0,True,2023-12-07,wind_stagnant
True,0.0,True,0,True,2023-12-08,wind_stagnant
True,0.0,True,0,True,2023-12-09,wind_stagnant
True,0.0,True,0,True,2023-12-10,wind_stagnant
True,0.0,True,0,True,2023-12-11,wind_stagnant
True,0.0,True,0,True,2023-12-12,wind_stagnant
True,0.0,True,0,True,2023-12-13,wind_stagnant
True,0.0,True,0,True,2023-12-14,wind_stagnant
True,0.0,True,0,True,2023-12-15,wind_stagnant
True,0.0,True,0,True,2023-12-16,wind_stagnant
True,0.0,True,0,True,2023-12-17,wind_stagnant
True,0.0,True,0,True,2023-12-18,wind_stagnant
True,0.0,True,0,True,2023-12-19,wind_stagnant
True,0.0,True,0,True,2023-12-20,wind_stagnant
True,0.0,True,0,True,2023-12-21,wind_stagnant
True,0.0,True,0,True,2023-12-22,wind_stagnant
True,0.0,True,0,True,2023-12-23,wind_stagnant
True,0.0,True,0,True,2023-12-24,wind_stagnant
True,0.0,True,0,True,2023-12-25,wind_stagnant
True,0.0,True,0,True,2023-12-26,wind_stagnant
True,0.0,True,0,True,2023-12-27,wind_stagnant
True,0.0,True,0,True,2023-12-28,wind_stagnant
True,0.0,True,0,True,2023-12-29,wind_stagnant
True,0.0,True,0,True,2023-12-30,wind_stagnant
True,0.0,True,0,True,2023-12-31,wind_stagnant
True,0.0,True,0,True,2024-01-01,wind_stagnant
True,0.0,True,0,True,2024-01-02,wind_stagnant
True,0.0,True,0,True,2024-01-03,wind_stagnant
True,0.0,True,0,True,2024-01-04,wind_stagnant
True,0.0,True,0,True,2024-01-05,wind_stagnant
True,0.0,True,0,True,2024-01-06,wind_stagnant
True,0.0,True,0,True,2024-01-07,wind_stagnant
True,0.0,True,0,True,2024-01-08,wind_stagnant
True,0.0,True,0,True,2024-01-09,wind_stagnant
True,0.0,True,0,True,2024-01-10,wind_stagnant
True,0.0,True,0,True,2024-01-11,wind_stagnant
True,0.0,True,0,True,2024-01-12,wind_stagnant
True,0.0,True,0,True,2024-01-13,wind_stagnant
True,0.0,True,0,True,2024-01-14,wind_stagnant
True,0.0,True,0,True,2024-01-15,wind_stagnant
True,0.0,True,0,True,2024-01-16,wind_stagnant
True,0.0,True,0,True,2024-01-17,wind_stagnant
True,0.0,True,0,True,2024-01-18,wind_stagnant
True,0.0,True,0,True,2024-01-19,wind_stagnant
True,0.0,True,0,True,2024-01-20,wind_stagnant
True,0.0,True,0,True,2024-01-21,wind_stagnant
True,0.0,True,0,True,2024-01-22,wind_stagnant
True,0.0,True,0,True,2024-01-23,wind_stagnant
True,0.0,True,0,True,2024-01-24,wind_stagnant
True,0.0,True,0,True,2024-01-25,wind_stagnant
True,0.0,True,0,True,2024-01-26,wind_stagnant
True,0.0,True,0,True,2024-01-27,wind_stagnant
True,0.0,True,0,True,2024-01-28,wind_stagnant
True,0.0,True,0,True,2024-01-29,wind_stagnant
True,0.0,True,0,True,2024-01-30,wind_stagnant
True,0.0,True,0,True,2024-01-31,wind_stagnant
True,0.0,True,0,True,2024-02-01,wind_stagnant
True,0.0,True,0,True,2024-02-02,wind_stagnant
True,0.0,True,0,True,2024-02-03,wind_stagnant
True,0.0,True,0,True,2024-02-04,wind_stagnant
True,0.0,True,0,True,2024-02-05,wind_stagnant
True,0.0,True,0,True,2024-02-06,wind_stagnant
True,0.0,True,0,True,2024-02-07,wind_stagnant
True,0.0,True,0,True,2024-02-08,wind_stagnant
True,0.0,True,0,True,2024-02-09,wind_stagnant
True,0.0,True,0,True,2024-02-10,wind_stagnant
True,0.0,True,0,True,2024-02-11,wind_stagnant
True,0.0,True,0,True,2024-02-12,wind_stagnant
True,0.0,True,0,True,2024-02-13,wind_stagnant
True,0.0,True,0,True,2024-02-14,wind_stagnant
True,0.0,True,0,True,2024-02-15,wind_stagnant
True,0.0,True,0,True,2024-02-16,wind_stagnant
True,0.0,True,0,True,2024-02-17,wind_stagnant
True,0.0,True,0,True,2024-02-18,wind_stagnant
True,0.0,True,0,True,2024-02-19,wind_stagnant
True,0.0,True,0,True,2024-02-20,wind_stagnant
True,0.0,True,0,True,2024-02-21,wind_stagnant
True,0.0,True,0,True,2024-02-22,wind_stagnant
True,0.0,True,0,True,2024-02-23,wind_stagnant
True,0.0,True,0,True,2024-02-24,wind_stagnant
True,0.0,True,0,True,2024-02-25,wind_stagnant
True,0.0,True,0,True,2024-02-26,wind_stagnant
True,0.0,True,0,True,2024-02-27,wind_stagnant
True,0.0,True,0,True,2024-02-28,wind_stagnant
True,0.0,True,0,True,2024-02-29,wind_stagnant
True,0.0,True,0,True,2024-03-01,wind_stagnant
True,0.0,True,0,True,2024-03-02,wind_stagnant
True,0.0,True,0,True,2024-03-03,wind_stagnant
True,0.0,True,0,True,2024-03-04,wind_stagnant
True,0.0,True,0,True,2024-03-05,wind_stagnant
True,0.0,True,0,True,2024-03-06,wind_stagnant
True,0.0,True,0,True,2024-03-07,wind_stagnant
True,0.0,True,0,True,2024-03-08,wind_stagnant
True,0.0,True,0,True,2024-03-09,wind_stagnant
True,0.0,True,0,True,2024-03-10,wind_stagnant
True,0.0,True,0,True,2024-03-11,wind_stagnant
True,0.0,True,0,True,2024-03-12,wind_stagnant
True,0.0,True,0,True,2024-03-13,wind_stagnant
True,0.0,True,0,True,2024-03-14,wind_stagnant
True,0.0,True,0,True,2024-03-15,wind_stagnant
True,0.0,True,0,True,2024-03-16,wind_stagnant
True,0.0,True,0,True,2024-03-17,wind_stagnant
True,0.0,True,0,True,2024-03-18,wind_stagnant
True,0.0,True,0,True,2024-03-19,wind_stagnant
True,0.0,True,0,True,2024-03-20,wind_stagnant
True,0.0,True,0,True,2024-03-21,wind_stagnant
True,0.0,True,0,True,2024-03-22,wind_stagnant
True,0.0,True,0,True,2024-03-23,wind_stagnant
True,0.0,True,0,True,2024-03-24,wind_stagnant
True,0.0,True,0,True,2024-03-25,wind_stagnant
True,0.0,True,0,True,2024-03-26,wind_stagnant
True,0.0,True,0,True,2024-03-27,wind_stagnant
True,0.0,True,0,True,2024-03-28,wind_stagnant
True,0.0,True,0,True,2024-03-29,wind_stagnant
True,0.0,True,0,True,2024-03-30,wind_stagnant
True,0.0,True,0,True,2024-03-31,wind_stagnant
True,0.0,True,0,True,2024-04-01,wind_stagnant
True,0.0,True,0,True,2024-04-02,wind_stagnant
True,0.0,True,0,True,2024-04-03,wind_stagnant
True,0.0,True,0,True,2024-04-04,wind_stagnant
True,0.0,True,0,True,2024-04-05,wind_stagnant
True,0.0,True,0,True,2024-04-06,wind_stagnant
True,0.0,True,0,True,2024-04-07,wind_stagnant
True,0.0,True,0,True,2024-04-08,wind_stagnant
True,0.0,True,0,True,2024-04-09,wind_stagnant
True,0.0,True,0,True,2024-04-10,wind_stagnant
True,0.0,True,0,True,2024-04-11,wind_stagnant
True,0.0,True,0,True,2024-04-12,wind_stagnant
True,0.0,True,0,True,2024-04-13,wind_stagnant
True,0.0,True,0,True,2024-04-14,wind_stagnant
True,0.0,True,0,True,2024-04-15,wind_stagnant
True,0.0,True,0,True,2024-04-16,wind_stagnant
True,0.0,True,0,True,2024-04-17,wind_stagnant
True,0.0,True,0,True,2024-04-18,wind_stagnant
True,0.0,True,0,True,2024-04-19,wind_stagnant
True,0.0,True,0,True,2024-04-20,wind_stagnant
True,0.0,True,0,True,2024-04-21,wind_stagnant
True,0.0,True,0,True,2024-04-22,wind_stagnant
True,0.0,True,0,True,2024-04-23,wind_stagnant
True,0.0,True,0,True,2024-04-24,wind_stagnant
True,0.0,True,0,True,2024-04-25,wind_stagnant
True,0.0,True,0,True,2024-04-26,wind_stagnant
True,0.0,True,0,True,2024-04-27,wind_stagnant
True,0.0,True,0,True,2024-04-28,wind_stagnant
True,0.0,True,0,True,2024-04-29,wind_stagnant
True,0.0,True,0,True,2024-04-30,wind_stagnant
True,0.0,True,0,True,2024-05-01,wind_stagnant
True,0.0,True,0,True,2024-05-02,wind_stagnant
True,0.0,True,0,True,2024-05-03,wind_stagnant
True,0.0,True,0,True,2024-05-04,wind_stagnant
True,0.0,True,0,True,2024-05-05,wind_stagnant
True,0.0,True,0,True,2024-05-06,wind_stagnant
True,0.0,True,0,True,2024-05-07,wind_stagnant
True,0.0,True,0,True,2024-05-08,wind_stagnant
True,0.0,True,0,True,2024-05-09,wind_stagnant
True,0.0,True,0,True,2024-05-10,wind_stagnant
True,0.0,True,0,True,2024-05-11,wind_stagnant
True,0.0,True,0,True,2024-05-12,wind_stagnant
True,0.0,True,0,True,2024-05-13,wind_stagnant
True,0.0,True,0,True,2024-05-14,wind_stagnant
True,0.0,True,0,True,2024-05-15,wind_stagnant
True,0.0,True,0,True,2024-05-16,wind_stagnant
True,0.0,True,0,True,2024-05-17,wind_stagnant
True,0.0,True,0,True,2024-05-18,wind_stagnant
True,0.0,True,0,True,2024-05-19,wind_stagnant
True,0.0,True,0,True,2024-05-20,wind_stagnant
True,0.0,True,0,True,2024-05-21,wind_stagnant
True,0.0,True,0,True,2024-05-22,wind_stagnant
True,0.0,True,0,True,2024-05-23,wind_stagnant
True,0.0,True,0,True,2024-05-24,wind_stagnant
True,0.0,True,0,True,2024-05-25,wind_stagnant
True,0.0,True,0,True,2024-05-26,wind_stagnant
True,0.0,True,0,True,2024-05-27,wind_stagnant
True,0.0,True,0,True,2024-05-28,wind_stagnant
True,0.0,True,0,True,2024-05-29,wind_stagnant
True,0.0,True,0,True,2024-05-30,wind_stagnant
True,0.0,True,0,True,2024-05-31,wind_stagnant
True,0.0,True,0,True,2024-06-01,wind_stagnant
True,0.0,True,0,True,2024-06-02,wind_stagnant
True,0.0,True,0,True,2024-06-03,wind_stagnant
True,0.0,True,0,True,2024-06-04,wind_stagnant
True,0.0,True,0,True,2024-06-05,wind_stagnant
True,0.0,True,0,True,2024-06-06,wind_stagnant
True,0.0,True,0,True,2024-06-07,wind_stagnant
True,0.0,True,0,True,2024-06-08,wind_stagnant
True,0.0,True,0,True,2024-06-09,wind_stagnant
True,0.0,True,0,True,2024-06-10,wind_stagnant
True,0.0,True,0,True,2024-06-11,wind_stagnant
True,0.0,True,0,True,2024-06-12,wind_stagnant
True,0.0,True,0,True,2024-06-13,wind_stagnant
True,0.0,True,0,True,2024-06-14,wind_stagnant
True,0.0,True,0,True,2024-06-15,wind_stagnant
True,0.0,True,0,True,2024-06-16,wind_stagnant
True,0.0,True,0,True,2024-06-17,wind_stagnant
True,0.0,True,0,True,2024-06-18,wind_stagnant
True,0.0,True,0,True,2024-06-19,wind_stagnant
True,0.0,True,0,True,2024-06-20,wind_stagnant
True,0.0,True,0,True,2024-06-21,wind_stagnant
True,0.0,True,0,True,2024-06-22,wind_stagnant
True,0.0,True,0,True,2024-06-23,wind_stagnant
True,0.0,True,0,True,2024-06-24,wind_stagnant
True,0.0,True,0,True,2024-06-25,wind_stagnant
True,0.0,True,0,True,2024-06-26,wind_stagnant
True,0.0,True,0,True,2024-06-27,wind_stagnant
True,0.0,True,0,True,2024-06-28,wind_stagnant
True,0.0,True,0,True,2024-06-29,wind_stagnant
True,0.0,True,0,True,2024-06-30,wind_stagnant
True,0.0,True,0,True,2024-07-01,wind_stagnant
True,0.0,True,0,True,2024-07-02,wind_stagnant
True,0.0,True,0,True,2024-07-03,wind_stagnant
True,0.0,True,0,True,2024-07-04,wind_stagnant
True,0.0,True,0,True,2024-07-05,wind_stagnant
True,0.0,True,0,True,2024-07-06,wind_stagnant
True,0.0,True,0,True,2024-07-07,wind_stagnant
True,0.0,True,0,True,2024-07-08,wind_stagnant
True,0.0,True,0,True,2024-07-09,wind_stagnant
True,0.0,True,0,True,2024-07-10,wind_stagnant
True,0.0,True,0,True,2024-07-11,wind_stagnant
True,0.0,True,0,True,2024-07-12,wind_stagnant
True,0.0,True,0,True,2024-07-13,wind_stagnant
True,0.0,True,0,True,2024-07-14,wind_stagnant
True,0.0,True,0,True,2024-07-15,wind_stagnant
True,0.0,True,0,True,2024-07-16,wind_stagnant
True,0.0,True,0,True,2024-07-17,wind_stagnant
True,0.0,True,0,True,2024-07-18,wind_stagnant
True,0.0,True,0,True,2024-07-19,wind_stagnant
True,0.0,True,0,True,2024-07-20,wind_stagnant
True,0.0,True,0,True,2024-07-21,wind_stagnant
True,0.0,True,0,True,2024-07-22,wind_stagnant
True,0.0,True,0,True,2024-07-23,wind_stagnant
True,0.0,True,0,True,2024-07-24,wind_stagnant
True,0.0,True,0,True,2024-07-25,wind_stagnant
True,0.0,True,0,True,2024-07-26,wind_stagnant
True,0.0,True,0,True,2024-07-27,wind_stagnant
True,0.0,True,0,True,2024-07-28,wind_stagnant
True,0.0,True,0,True,2024-07-29,wind_stagnant
True,0.0,True,0,True,2024-07-30,wind_stagnant
True,0.0,True,0,True,2024-07-31,wind_stagnant
True,0.0,True,0,True,2024-08-01,wind_stagnant
True,0.0,True,0,True,2024-08-02,wind_stagnant
True,0.0,True,0,True,2024-08-03,wind_stagnant
True,0.0,True,0,True,2024-08-04,wind_stagnant
True,0.0,True,0,True,2024-08-05,wind_stagnant
True,0.0,True,0,True,2024-08-06,wind_stagnant
True,0.0,True,0,True,2024-08-07,wind_stagnant
True,0.0,True,0,True,2024-08-08,wind_stagnant
True,0.0,True,0,True,2024-08-09,wind_stagnant
True,0.0,True,0,True,2024-08-10,wind_stagnant
True,0.0,True,0,True,2024-08-11,wind_stagnant
True,0.0,True,0,True,2024-08-12,wind_stagnant
True,0.0,True,0,True,2024-08-13,wind_stagnant
True,0.0,True,0,True,2024-08-14,wind_stagnant
True,0.0,True,0,True,2024-08-15,wind_stagnant
True,0.0,True,0,True,2024-08-16,wind_stagnant
True,0.0,True,0,True,2024-08-17,wind_stagnant
True,0.0,True,0,True,2024-08-18,wind_stagnant
True,0.0,True,0,True,2024-08-19,wind_stagnant
True,0.0,True,0,True,2024-08-20,wind_stagnant
True,0.0,True,0,True,2024-08-21,wind_stagnant
True,0.0,True,0,True,2024-08-22,wind_stagnant
True,0.0,True,0,True,2024-08-23,wind_stagnant
True,0.0,True,0,True,2024-08-24,wind_stagnant
True,0.0,True,0,True,2024-08-25,wind_stagnant
True,0.0,True,0,True,2024-08-26,wind_stagnant
True,0.0,True,0,True,2024-08-27,wind_stagnant
True,0.0,True,0,True,2024-08-28,wind_stagnant
True,0.0,True,0,True,2024-08-29,wind_stagnant
True,0.0,True,0,True,2024-08-30,wind_stagnant
True,0.0,True,0,True,2024-08-31,wind_stagnant
True,0.0,True,0,True,2024-09-01,wind_stagnant
True,0.0,True,0,True,2024-09-02,wind_stagnant
True,0.0,True,0,True,2024-09-03,wind_stagnant
True,0.0,True,0,True,2024-09-04,wind_stagnant
True,0.0,True,0,True,2024-09-05,wind_stagnant
True,0.0,True,0,True,2024-09-06,wind_stagnant
True,0.0,True,0,True,2024-09-07,wind_stagnant
True,0.0,True,0,True,2024-09-08,wind_stagnant
True,0.0,True,0,True,2024-09-09,wind_stagnant
True,0.0,True,0,True,2024-09-10,wind_stagnant
True,0.0,True,0,True,2024-09-11,wind_stagnant
True,0.0,True,0,True,2024-09-12,wind_stagnant
True,0.0,True,0,True,2024-09-13,wind_stagnant
True,0.0,True,0,True,2024-09-14,wind_stagnant
True,0.0,True,0,True,2024-09-15,wind_stagnant
True,0.0,True,0,True,2024-09-16,wind_stagnant
True,0.0,True,0,True,2024-09-17,wind_stagnant
True,0.0,True,0,True,2024-09-18,wind_stagnant
True,0.0,True,0,True,2024-09-19,wind_stagnant
True,0.0,True,0,True,2024-09-20,wind_stagnant
True,0.0,True,0,True,2024-09-21,wind_stagnant
True,0.0,True,0,True,2024-09-22,wind_stagnant
True,0.0,True,0,True,2024-09-23,wind_stagnant
True,0.0,True,0,True,2024-09-24,wind_stagnant
True,0.0,True,0,True,2024-09-25,wind_stagnant
True,0.0,True,0,True,2024-09-26,wind_stagnant
True,0.0,True,0,True,2024-09-27,wind_stagnant
True,0.0,True,0,True,2024-09-28,wind_stagnant
True,0.0,True,0,True,2024-09-29,wind_stagnant
True,0.0,True,0,True,2024-09-30,wind_stagnant
True,0.0,True,0,True,2024-10-01,wind_stagnant
True,0.0,True,0,True,2024-10-02,wind_stagnant
True,0.0,True,0,True,2024-10-03,wind_stagnant
True,0.0,True,0,True,2024-10-04,wind_stagnant
True,0.0,True,0,True,2024-10-05,wind_stagnant
True,0.0,True,0,True,2024-10-06,wind_stagnant
True,0.0,True,0,True,2024-10-07,wind_stagnant
True,0.0,True,0,True,2024-10-08,wind_stagnant
True,0.0,True,0,True,2024-10-09,wind_stagnant
True,0.0,True,0,True,2024-10-10,wind_stagnant
True,0.0,True,0,True,2024-10-11,wind_stagnant
True,0.0,True,0,True,2024-10-12,wind_stagnant
True,0.0,True,0,True,2024-10-13,wind_stagnant
True,0.0,True,0,True,2024-10-14,wind_stagnant
True,0.0,True,0,True,2024-10-15,wind_stagnant
True,0.0,True,0,True,2024-10-16,wind_stagnant
True,0.0,True,0,True,2024-10-17,wind_stagnant
True,0.0,True,0,True,2024-10-18,wind_stagnant
True,0.0,True,0,True,2024-10-19,wind_stagnant
True,0.0,True,0,True,2024-10-20,wind_stagnant
True,0.0,True,0,True,2024-10-21,wind_stagnant
True,0.0,True,0,True,2024-10-22,wind_stagnant
True,0.0,True,0,True,2024-10-23,wind_stagnant
True,0.0,True,0,True,2024-10-24,wind_stagnant
True,0.0,True,0,True,2024-10-25,wind_stagnant
True,0.0,True,0,True,2024-10-26,wind_stagnant
True,0.0,True,0,True,2024-10-27,wind_stagnant
True,0.0,True,0,True,2024-10-28,wind_stagnant
True,0.0,True,0,True,2024-10-29,wind_stagnant
True,0.0,True,0,True,2024-10-30,wind_stagnant
True,0.0,True,0,True,2024-10-31,wind_stagnant
True,0.0,True,0,True,2024-11-01,wind_stagnant
True,0.0,True,0,True,2024-11-02,wind_stagnant
True,0.0,True,0,True,2024-11-03,wind_stagnant
True,0.0,True,0,True,2024-11-04,wind_stagnant
True,0.0,True,0,True,2024-11-05,wind_stagnant
True,0.0,True,0,True,2024-11-06,wind_stagnant
True,0.0,True,0,True,2024-11-07,wind_stagnant
True,0.0,True,0,True,2024-11-08,wind_stagnant
True,0.0,True,0,True,2024-11-09,wind_stagnant
True,0.0,True,0,True,2024-11-10,wind_stagnant
True,0.0,True,0,True,2024-11-11,wind_stagnant
True,0.0,True,0,True,2024-11-12,wind_stagnant
True,0.0,True,0,True,2024-11-13,wind_stagnant
True,0.0,True,0,True,2024-11-14,wind_stagnant
True,0.0,True,0,True,2024-11-15,wind_stagnant
True,0.0,True,0,True,2024-11-16,wind_stagnant
True,0.0,True,0,True,2024-11-17,wind_stagnant
True,0.0,True,0,True,2024-11-18,wind_stagnant
True,0.0,True,0,True,2024-11-19,wind_stagnant
True,0.0,True,0,True,2024-11-20,wind_stagnant
True,0.0,True,0,True,2024-11-21,wind_stagnant
True,0.0,True,0,True,2024-11-22,wind_stagnant
True,0.0,True,0,True,2024-11-23,wind_stagnant
True,0.0,True,0,True,2024-11-24,wind_stagnant
True,0.0,True,0,True,2024-11-25,wind_stagnant
True,0.0,True,0,True,2024-11-26,wind_stagnant
True,0.0,True,0,True,2024-11-27,wind_stagnant
True,0.0,True,0,True,2024-11-28,wind_stagnant
True,0.0,True,0,True,2024-11-29,wind_stagnant
True,0.0,True,0,True,2024-11-30,wind_stagnant
True,0.0,True,0,True,2024-12-01,wind_stagnant
True,0.0,True,0,True,2024-12-02,wind_stagnant
True,0.0,True,0,True,2024-12-03,wind_stagnant
True,0.0,True,0,True,2024-12-04,wind_stagnant
True,0.0,True,0,True,2024-12-05,wind_stagnant
True,0.0,True,0,True,2024-12-06,wind_stagnant
True,0.0,True,0,True,2024-12-07,wind_stagnant
True,0.0,True,0,True,2024-12-08,wind_stagnant
True,0.0,True,0,True,2024-12-09,wind_stagnant
True,0.0,True,0,True,2024-12-10,wind_stagnant
True,0.0,True,0,True,2024-12-11,wind_stagnant
True,0.0,True,0,True,2024-12-12,wind_stagnant
True,0.0,True,0,True,2024-12-13,wind_stagnant
True,0.0,True,0,True,2024-12-14,wind_stagnant
True,0.0,True,0,True,2024-12-15,wind_stagnant
True,0.0,True,0,True,2024-12-16,wind_stagnant
True,0.0,True,0,True,2024-12-17,wind_stagnant
True,0.0,True,0,True,2024-12-18,wind_stagnant
True,0.0,True,0,True,2024-12-19,wind_stagnant
True,0.0,True,0,True,2024-12-20,wind_stagnant
True,0.0,True,0,True,2024-12-21,wind_stagnant
True,0.0,True,0,True,2024-12-22,wind_stagnant
True,0.0,True,0,True,2024-12-23,wind_stagnant
True,0.0,True,0,True,2024-12-24,wind_stagnant
True,0.0,True,0,True,2024-12-25,wind_stagnant
True,0.0,True,0,True,2024-12-26,wind_stagnant
True,0.0,True,0,True,2024-12-27,wind_stagnant
True,0.0,True,0,True,2024-12-28,wind_stagnant
True,0.0,True,0,True,2024-12-29,wind_stagnant
True,0.0,True,0,True,2024-12-30,wind_stagnant
True,0.0,True,0,True,2024-12-31,wind_stagnant
True,0.0,True,0,True,2020-01-01,wind_normal
True,0.0,True,0,True,2020-01-02,wind_normal
True,0.0,True,0,True,2020-01-03,wind_normal
True,0.0,True,0,True,2020-01-04,wind_normal
True,0.0,True,0,True,2020-01-05,wind_normal
True,0.0,True,0,True,2020-01-06,wind_normal
True,0.0,True,0,True,2020-01-07,wind_normal
True,0.0,True,0,True,2020-01-08,wind_normal
True,0.0,True,0,True,2020-01-09,wind_normal
True,0.0,True,0,True,2020-01-10,wind_normal
True,0.0,True,0,True,2020-01-11,wind_normal
True,0.0,True,0,True,2020-01-12,wind_normal
True,0.0,True,0,True,2020-01-13,wind_normal
True,0.0,True,0,True,2020-01-14,wind_normal
True,0.0,True,0,True,2020-01-15,wind_normal
True,0.0,True,0,True,2020-01-16,wind_normal
True,0.0,True,0,True,2020-01-17,wind_normal
True,0.0,True,0,True,2020-01-18,wind_normal
True,0.0,True,0,True,2020-01-19,wind_normal
True,0.0,True,0,True,2020-01-20,wind_normal
True,0.0,True,0,True,2020-01-21,wind_normal
True,0.0,True,0,True,2020-01-22,wind_normal
True,0.0,True,0,True,2020-01-23,wind_normal
True,0.0,True,0,True,2020-01-24,wind_normal
True,0.0,True,0,True,2020-01-25,wind_normal
True,0.0,True,0,True,2020-01-26,wind_normal
True,0.0,True,0,True,2020-01-27,wind_normal
True,0.0,True,0,True,2020-01-28,wind_normal
True,0.0,True,0,True,2020-01-29,wind_normal
True,0.0,True,0,True,2020-01-30,wind_normal
True,0.0,True,0,True,2020-01-31,wind_normal
True,0.0,True,0,True,2020-02-01,wind_normal
True,0.0,True,0,True,2020-02-02,wind_normal
True,0.0,True,0,True,2020-02-03,wind_normal
True,0.0,True,0,True,2020-02-04,wind_normal
True,0.0,True,0,True,2020-02-05,wind_normal
True,0.0,True,0,True,2020-02-06,wind_normal
True,0.0,True,0,True,2020-02-07,wind_normal
True,0.0,True,0,True,2020-02-08,wind_normal
True,0.0,True,0,True,2020-02-09,wind_normal
True,0.0,True,0,True,2020-02-10,wind_normal
True,0.0,True,0,True,2020-02-11,wind_normal
True,0.0,True,0,True,2020-02-12,wind_normal
True,0.0,True,0,True,2020-02-13,wind_normal
True,0.0,True,0,True,2020-02-14,wind_normal
True,0.0,True,0,True,2020-02-15,wind_normal
True,0.0,True,0,True,2020-02-16,wind_normal
True,0.0,True,0,True,2020-02-17,wind_normal
True,0.0,True,0,True,2020-02-18,wind_normal
True,0.0,True,0,True,2020-02-19,wind_normal
True,0.0,True,0,True,2020-02-20,wind_normal
True,0.0,True,0,True,2020-02-21,wind_normal
True,0.0,True,0,True,2020-02-22,wind_normal
True,0.0,True,0,True,2020-02-23,wind_normal
True,0.0,True,0,True,2020-02-24,wind_normal
True,0.0,True,0,True,2020-02-25,wind_normal
True,0.0,True,0,True,2020-02-26,wind_normal
True,0.0,True,0,True,2020-02-27,wind_normal
True,0.0,True,0,True,2020-02-28,wind_normal
True,0.0,True,0,True,2020-02-29,wind_normal
True,0.0,True,0,True,2020-03-01,wind_normal
True,0.0,True,0,True,2020-03-02,wind_normal
True,0.0,True,0,True,2020-03-03,wind_normal
True,0.0,True,0,True,2020-03-04,wind_normal
True,0.0,True,0,True,2020-03-05,wind_normal
True,0.0,True,0,True,2020-03-06,wind_normal
True,0.0,True,0,True,2020-03-07,wind_normal
True,0.0,True,0,True,2020-03-08,wind_normal
True,0.0,True,0,True,2020-03-09,wind_normal
True,0.0,True,0,True,2020-03-10,wind_normal
True,0.0,True,0,True,2020-03-11,wind_normal
True,0.0,True,0,True,2020-03-12,wind_normal
True,0.0,True,0,True,2020-03-13,wind_normal
True,0.0,True,0,True,2020-03-14,wind_normal
True,0.0,True,0,True,2020-03-15,wind_normal
True,0.0,True,0,True,2020-03-16,wind_normal
True,0.0,True,0,True,2020-03-17,wind_normal
True,0.0,True,0,True,2020-03-18,wind_normal
True,0.0,True,0,True,2020-03-19,wind_normal
True,0.0,True,0,True,2020-03-20,wind_normal
True,0.0,True,0,True,2020-03-21,wind_normal
True,0.0,True,0,True,2020-03-22,wind_normal
True,0.0,True,0,True,2020-03-23,wind_normal
True,0.0,True,0,True,2020-03-24,wind_normal
True,0.0,True,0,True,2020-03-25,wind_normal
True,0.0,True,0,True,2020-03-26,wind_normal
True,0.0,True,0,True,2020-03-27,wind_normal
True,0.0,True,0,True,2020-03-28,wind_normal
True,0.0,True,0,True,2020-03-29,wind_normal
True,0.0,True,0,True,2020-03-30,wind_normal
True,0.0,True,0,True,2020-03-31,wind_normal
True,0.0,True,0,True,2020-04-01,wind_normal
True,0.0,True,0,True,2020-04-02,wind_normal
True,0.0,True,0,True,2020-04-03,wind_normal
True,0.0,True,0,True,2020-04-04,wind_normal
True,0.0,True,0,True,2020-04-05,wind_normal
True,0.0,True,0,True,2020-04-06,wind_normal
True,0.0,True,0,True,2020-04-07,wind_normal
True,0.0,True,0,True,2020-04-08,wind_normal
True,0.0,True,0,True,2020-04-09,wind_normal
True,0.0,True,0,True,2020-04-10,wind_normal
True,0.0,True,0,True,2020-04-11,wind_normal
True,0.0,True,0,True,2020-04-12,wind_normal
True,0.0,True,0,True,2020-04-13,wind_normal
True,0.0,True,0,True,2020-04-14,wind_normal
True,0.0,True,0,True,2020-04-15,wind_normal
True,0.0,True,0,True,2020-04-16,wind_normal
True,0.0,True,0,True,2020-04-17,wind_normal
True,0.0,True,0,True,2020-04-18,wind_normal
True,0.0,True,0,True,2020-04-19,wind_normal
True,0.0,True,0,True,2020-04-20,wind_normal
True,0.0,True,0,True,2020-04-21,wind_normal
True,0.0,True,0,True,2020-04-22,wind_normal
True,0.0,True,0,True,2020-04-23,wind_normal
True,0.0,True,0,True,2020-04-24,wind_normal
True,0.0,True,0,True,2020-04-25,wind_normal
True,0.0,True,0,True,2020-04-26,wind_normal
True,0.0,True,0,True,2020-04-27,wind_normal
True,0.0,True,0,True,2020-04-28,wind_normal
True,0.0,True,0,True,2020-04-29,wind_normal
True,0.0,True,0,True,2020-04-30,wind_normal
True,0.0,True,0,True,2020-05-01,wind_normal
True,0.0,True,0,True,2020-05-02,wind_normal
True,0.0,True,0,True,2020-05-03,wind_normal
True,0.0,True,0,True,2020-05-04,wind_normal
True,0.0,True,0,True,2020-05-05,wind_normal
True,0.0,True,0,True,2020-05-06,wind_normal
True,0.0,True,0,True,2020-05-07,wind_normal
True,0.0,True,0,True,2020-05-08,wind_normal
True,0.0,True,0,True,2020-05-09,wind_normal
True,0.0,True,0,True,2020-05-10,wind_normal
True,0.0,True,0,True,2020-05-11,wind_normal
True,0.0,True,0,True,2020-05-12,wind_normal
True,0.0,True,0,True,2020-05-13,wind_normal
True,0.0,True,0,True,2020-05-14,wind_normal
True,0.0,True,0,True,2020-05-15,wind_normal
True,0.0,True,0,True,2020-05-16,wind_normal
True,0.0,True,0,True,2020-05-17,wind_normal
True,0.0,True,0,True,2020-05-18,wind_normal
True,0.0,True,0,True,2020-05-19,wind_normal
True,0.0,True,0,True,2020-05-20,wind_normal
True,0.0,True,0,True,2020-05-21,wind_normal
True,0.0,True,0,True,2020-05-22,wind_normal
True,0.0,True,0,True,2020-05-23,wind_normal
True,0.0,True,0,True,2020-05-24,wind_normal
True,0.0,True,0,True,2020-05-25,wind_normal
True,0.0,True,0,True,2020-05-26,wind_normal
True,0.0,True,0,True,2020-05-27,wind_normal
True,0.0,True,0,True,2020-05-28,wind_normal
True,0.0,True,0,True,2020-05-29,wind_normal
True,0.0,True,0,True,2020-05-30,wind_normal
True,0.0,True,0,True,2020-05-31,wind_normal
True,0.0,True,0,True,2020-06-01,wind_normal
True,0.0,True,0,True,2020-06-02,wind_normal
True,0.0,True,0,True,2020-06-03,wind_normal
True,0.0,True,0,True,2020-06-04,wind_normal
True,0.0,True,0,True,2020-06-05,wind_normal
True,0.0,True,0,True,2020-06-06,wind_normal
True,0.0,True,0,True,2020-06-07,wind_normal
True,0.0,True,0,True,2020-06-08,wind_normal
True,0.0,True,0,True,2020-06-09,wind_normal
True,0.0,True,0,True,2020-06-10,wind_normal
True,0.0,True,0,True,2020-06-11,wind_normal
True,0.0,True,0,True,2020-06-12,wind_normal
True,0.0,True,0,True,2020-06-13,wind_normal
True,0.0,True,0,True,2020-06-14,wind_normal
True,0.0,True,0,True,2020-06-15,wind_normal
True,0.0,True,0,True,2020-06-16,wind_normal
True,0.0,True,0,True,2020-06-17,wind_normal
True,0.0,True,0,True,2020-06-18,wind_normal
True,0.0,True,0,True,2020-06-19,wind_normal
True,0.0,True,0,True,2020-06-20,wind_normal
True,0.0,True,0,True,2020-06-21,wind_normal
True,0.0,True,0,True,2020-06-22,wind_normal
True,0.0,True,0,True,2020-06-23,wind_normal
True,0.0,True,0,True,2020-06-24,wind_normal
True,0.0,True,0,True,2020-06-25,wind_normal
True,0.0,True,0,True,2020-06-26,wind_normal
True,0.0,True,0,True,2020-06-27,wind_normal
True,0.0,True,0,True,2020-06-28,wind_normal
True,0.0,True,0,True,2020-06-29,wind_normal
True,0.0,True,0,True,2020-06-30,wind_normal
True,0.0,True,0,True,2020-07-01,wind_normal
True,0.0,True,0,True,2020-07-02,wind_normal
True,0.0,True,0,True,2020-07-03,wind_normal
True,0.0,True,0,True,2020-07-04,wind_normal
True,0.0,True,0,True,2020-07-05,wind_normal
True,0.0,True,0,True,2020-07-06,wind_normal
True,0.0,True,0,True,2020-07-07,wind_normal
True,0.0,True,0,True,2020-07-08,wind_normal
True,0.0,True,0,True,2020-07-09,wind_normal
True,0.0,True,0,True,2020-07-10,wind_normal
True,0.0,True,0,True,2020-07-11,wind_normal
True,0.0,True,0,True,2020-07-12,wind_normal
True,0.0,True,0,True,2020-07-13,wind_normal
True,0.0,True,0,True,2020-07-14,wind_normal
True,0.0,True,0,True,2020-07-15,wind_normal
True,0.0,True,0,True,2020-07-16,wind_normal
True,0.0,True,0,True,2020-07-17,wind_normal
True,0.0,True,0,True,2020-07-18,wind_normal
True,0.0,True,0,True,2020-07-19,wind_normal
True,0.0,True,0,True,2020-07-20,wind_normal
True,0.0,True,0,True,2020-07-21,wind_normal
True,0.0,True,0,True,2020-07-22,wind_normal
True,0.0,True,0,True,2020-07-23,wind_normal
True,0.0,True,0,True,2020-07-24,wind_normal
True,0.0,True,0,True,2020-07-25,wind_normal
True,0.0,True,0,True,2020-07-26,wind_normal
True,0.0,True,0,True,2020-07-27,wind_normal
True,0.0,True,0,True,2020-07-28,wind_normal
True,0.0,True,0,True,2020-07-29,wind_normal
True,0.0,True,0,True,2020-07-30,wind_normal
True,0.0,True,0,True,2020-07-31,wind_normal
True,0.0,True,0,True,2020-08-01,wind_normal
True,0.0,True,0,True,2020-08-02,wind_normal
True,0.0,True,0,True,2020-08-03,wind_normal
True,0.0,True,0,True,2020-08-04,wind_normal
True,0.0,True,0,True,2020-08-05,wind_normal
True,0.0,True,0,True,2020-08-06,wind_normal
True,0.0,True,0,True,2020-08-07,wind_normal
True,0.0,True,0,True,2020-08-08,wind_normal
True,0.0,True,0,True,2020-08-09,wind_normal
True,0.0,True,0,True,2020-08-10,wind_normal
True,0.0,True,0,True,2020-08-11,wind_normal
True,0.0,True,0,True,2020-08-12,wind_normal
True,0.0,True,0,True,2020-08-13,wind_normal
True,0.0,True,0,True,2020-08-14,wind_normal
True,0.0,True,0,True,2020-08-15,wind_normal
True,0.0,True,0,True,2020-08-16,wind_normal
True,0.0,True,0,True,2020-08-17,wind_normal
True,0.0,True,0,True,2020-08-18,wind_normal
True,0.0,True,0,True,2020-08-19,wind_normal
True,0.0,True,0,True,2020-08-20,wind_normal
True,0.0,True,0,True,2020-08-21,wind_normal
True,0.0,True,0,True,2020-08-22,wind_normal
True,0.0,True,0,True,2020-08-23,wind_normal
True,0.0,True,0,True,2020-08-24,wind_normal
True,0.0,True,0,True,2020-08-25,wind_normal
True,0.0,True,0,True,2020-08-26,wind_normal
True,0.0,True,0,True,2020-08-27,wind_normal
True,0.0,True,0,True,2020-08-28,wind_normal
True,0.0,True,0,True,2020-08-29,wind_normal
True,0.0,True,0,True,2020-08-30,wind_normal
True,0.0,True,0,True,2020-08-31,wind_normal
True,0.0,True,0,True,2020-09-01,wind_normal
True,0.0,True,0,True,2020-09-02,wind_normal
True,0.0,True,0,True,2020-09-03,wind_normal
True,0.0,True,0,True,2020-09-04,wind_normal
True,0.0,True,0,True,2020-09-05,wind_normal
True,0.0,True,0,True,2020-09-06,wind_normal
True,0.0,True,0,True,2020-09-07,wind_normal
True,0.0,True,0,True,2020-09-08,wind_normal
True,0.0,True,0,True,2020-09-09,wind_normal
True,0.0,True,0,True,2020-09-10,wind_normal
True,0.0,True,0,True,2020-09-11,wind_normal
True,0.0,True,0,True,2020-09-12,wind_normal
True,0.0,True,0,True,2020-09-13,wind_normal
True,0.0,True,0,True,2020-09-14,wind_normal
True,0.0,True,0,True,2020-09-15,wind_normal
True,0.0,True,0,True,2020-09-16,wind_normal
True,0.0,True,0,True,2020-09-17,wind_normal
True,0.0,True,0,True,2020-09-18,wind_normal
True,0.0,True,0,True,2020-09-19,wind_normal
True,0.0,True,0,True,2020-09-20,wind_normal
True,0.0,True,0,True,2020-09-21,wind_normal
True,0.0,True,0,True,2020-09-22,wind_normal
True,0.0,True,0,True,2020-09-23,wind_normal
True,0.0,True,0,True,2020-09-24,wind_normal
True,0.0,True,0,True,2020-09-25,wind_normal
True,0.0,True,0,True,2020-09-26,wind_normal
True,0.0,True,0,True,2020-09-27,wind_normal
True,0.0,True,0,True,2020-09-28,wind_normal
True,0.0,True,0,True,2020-09-29,wind_normal
True,0.0,True,0,True,2020-09-30,wind_normal
True,0.0,True,0,True,2020-10-01,wind_normal
True,0.0,True,0,True,2020-10-02,wind_normal
True,0.0,True,0,True,2020-10-03,wind_normal
True,0.0,True,0,True,2020-10-04,wind_normal
True,0.0,True,0,True,2020-10-05,wind_normal
True,0.0,True,0,True,2020-10-06,wind_normal
True,0.0,True,0,True,2020-10-07,wind_normal
True,0.0,True,0,True,2020-10-08,wind_normal
True,0.0,True,0,True,2020-10-09,wind_normal
True,0.0,True,0,True,2020-10-10,wind_normal
True,0.0,True,0,True,2020-10-11,wind_normal
True,0.0,True,0,True,2020-10-12,wind_normal
True,0.0,True,0,True,2020-10-13,wind_normal
True,0.0,True,0,True,2020-10-14,wind_normal
True,0.0,True,0,True,2020-10-15,wind_normal
True,0.0,True,0,True,2020-10-16,wind_normal
True,0.0,True,0,True,2020-10-17,wind_normal
True,0.0,True,0,True,2020-10-18,wind_normal
True,0.0,True,0,True,2020-10-19,wind_normal
True,0.0,True,0,True,2020-10-20,wind_normal
True,0.0,True,0,True,2020-10-21,wind_normal
True,0.0,True,0,True,2020-10-22,wind_normal
True,0.0,True,0,True,2020-10-23,wind_normal
True,0.0,True,0,True,2020-10-24,wind_normal
True,0.0,True,0,True,2020-10-25,wind_normal
True,0.0,True,0,True,2020-10-26,wind_normal
True,0.0,True,0,True,2020-10-27,wind_normal
True,0.0,True,0,True,2020-10-28,wind_normal
True,0.0,True,0,True,2020-10-29,wind_normal
True,0.0,True,0,True,2020-10-30,wind_normal
True,0.0,True,0,True,2020-10-31,wind_normal
True,0.0,True,0,True,2020-11-01,wind_normal
True,0.0,True,0,True,2020-11-02,wind_normal
True,0.0,True,0,True,2020-11-03,wind_normal
True,0.0,True,0,True,2020-11-04,wind_normal
True,0.0,True,0,True,2020-11-05,wind_normal
True,0.0,True,0,True,2020-11-06,wind_normal
True,0.0,True,0,True,2020-11-07,wind_normal
True,0.0,True,0,True,2020-11-08,wind_normal
True,0.0,True,0,True,2020-11-09,wind_normal
True,0.0,True,0,True,2020-11-10,wind_normal
True,0.0,True,0,True,2020-11-11,wind_normal
True,0.0,True,0,True,2020-11-12,wind_normal
True,0.0,True,0,True,2020-11-13,wind_normal
True,0.0,True,0,True,2020-11-14,wind_normal
True,0.0,True,0,True,2020-11-15,wind_normal
True,0.0,True,0,True,2020-11-16,wind_normal
True,0.0,True,0,True,2020-11-17,wind_normal
True,0.0,True,0,True,2020-11-18,wind_normal
True,0.0,True,0,True,2020-11-19,wind_normal
True,0.0,True,0,True,2020-11-20,wind_normal
True,0.0,True,0,True,2020-11-21,wind_normal
True,0.0,True,0,True,2020-11-22,wind_normal
True,0.0,True,0,True,2020-11-23,wind_normal
True,0.0,True,0,True,2020-11-24,wind_normal
True,0.0,True,0,True,2020-11-25,wind_normal
True,0.0,True,0,True,2020-11-26,wind_normal
True,0.0,True,0,True,2020-11-27,wind_normal
True,0.0,True,0,True,2020-11-28,wind_normal
True,0.0,True,0,True,2020-11-29,wind_normal
True,0.0,True,0,True,2020-11-30,wind_normal
True,0.0,True,0,True,2020-12-01,wind_normal
True,0.0,True,0,True,2020-12-02,wind_normal
True,0.0,True,0,True,2020-12-03,wind_normal
True,0.0,True,0,True,2020-12-04,wind_normal
True,0.0,True,0,True,2020-12-05,wind_normal
True,0.0,True,0,True,2020-12-06,wind_normal
True,0.0,True,0,True,2020-12-07,wind_normal
True,0.0,True,0,True,2020-12-08,wind_normal
True,0.0,True,0,True,2020-12-09,wind_normal
True,0.0,True,0,True,2020-12-10,wind_normal
True,0.0,True,0,True,2020-12-11,wind_normal
True,0.0,True,0,True,2020-12-12,wind_normal
True,0.0,True,0,True,2020-12-13,wind_normal
True,0.0,True,0,True,2020-12-14,wind_normal
True,0.0,True,0,True,2020-12-15,wind_normal
True,0.0,True,0,True,2020-12-16,wind_normal
True,0.0,True,0,True,2020-12-17,wind_normal
True,0.0,True,0,True,2020-12-18,wind_normal
True,0.0,True,0,True,2020-12-19,wind_normal
True,0.0,True,0,True,2020-12-20,wind_normal
True,0.0,True,0,True,2020-12-21,wind_normal
True,0.0,True,0,True,2020-12-22,wind_normal
True,0.0,True,0,True,2020-12-23,wind_normal
True,0.0,True,0,True,2020-12-24,wind_normal
True,0.0,True,0,True,2020-12-25,wind_normal
True,0.0,True,0,True,2020-12-26,wind_normal
True,0.0,True,0,True,2020-12-27,wind_normal
True,0.0,True,0,True,2020-12-28,wind_normal
True,0.0,True,0,True,2020-12-29,wind_normal
True,0.0,True,0,True,2020-12-30,wind_normal
True,0.0,True,0,True,2020-12-31,wind_normal
True,0.0,True,0,True,2021-01-01,wind_normal
True,0.0,True,0,True,2021-01-02,wind_normal
True,0.0,True,0,True,2021-01-03,wind_normal
True,0.0,True,0,True,2021-01-04,wind_normal
True,0.0,True,0,True,2021-01-05,wind_normal
True,0.0,True,0,True,2021-01-06,wind_normal
True,0.0,True,0,True,2021-01-07,wind_normal
True,0.0,True,0,True,2021-01-08,wind_normal
True,0.0,True,0,True,2021-01-09,wind_normal
True,0.0,True,0,True,2021-01-10,wind_normal
True,0.0,True,0,True,2021-01-11,wind_normal
True,0.0,True,0,True,2021-01-12,wind_normal
True,0.0,True,0,True,2021-01-13,wind_normal
True,0.0,True,0,True,2021-01-14,wind_normal
True,0.0,True,0,True,2021-01-15,wind_normal
True,0.0,True,0,True,2021-01-16,wind_normal
True,0.0,True,0,True,2021-01-17,wind_normal
True,0.0,True,0,True,2021-01-18,wind_normal
True,0.0,True,0,True,2021-01-19,wind_normal
True,0.0,True,0,True,2021-01-20,wind_normal
True,0.0,True,0,True,2021-01-21,wind_normal
True,0.0,True,0,True,2021-01-22,wind_normal
True,0.0,True,0,True,2021-01-23,wind_normal
True,0.0,True,0,True,2021-01-24,wind_normal
True,0.0,True,0,True,2021-01-25,wind_normal
True,0.0,True,0,True,2021-01-26,wind_normal
True,0.0,True,0,True,2021-01-27,wind_normal
True,0.0,True,0,True,2021-01-28,wind_normal
True,0.0,True,0,True,2021-01-29,wind_normal
True,0.0,True,0,True,2021-01-30,wind_normal
True,0.0,True,0,True,2021-01-31,wind_normal
True,0.0,True,0,True,2021-02-01,wind_normal
True,0.0,True,0,True,2021-02-02,wind_normal
True,0.0,True,0,True,2021-02-03,wind_normal
True,0.0,True,0,True,2021-02-04,wind_normal
True,0.0,True,0,True,2021-02-05,wind_normal
True,0.0,True,0,True,2021-02-06,wind_normal
True,0.0,True,0,True,2021-02-07,wind_normal
True,0.0,True,0,True,2021-02-08,wind_normal
True,0.0,True,0,True,2021-02-09,wind_normal
True,0.0,True,0,True,2021-02-10,wind_normal
True,0.0,True,0,True,2021-02-11,wind_normal
True,0.0,True,0,True,2021-02-12,wind_normal
True,0.0,True,0,True,2021-02-13,wind_normal
True,0.0,True,0,True,2021-02-14,wind_normal
True,0.0,True,0,True,2021-02-15,wind_normal
True,0.0,True,0,True,2021-02-16,wind_normal
True,0.0,True,0,True,2021-02-17,wind_normal
True,0.0,True,0,True,2021-02-18,wind_normal
True,0.0,True,0,True,2021-02-19,wind_normal
True,0.0,True,0,True,2021-02-20,wind_normal
True,0.0,True,0,True,2021-02-21,wind_normal
True,0.0,True,0,True,2021-02-22,wind_normal
True,0.0,True,0,True,2021-02-23,wind_normal
True,0.0,True,0,True,2021-02-24,wind_normal
True,0.0,True,0,True,2021-02-25,wind_normal
True,0.0,True,0,True,2021-02-26,wind_normal
True,0.0,True,0,True,2021-02-27,wind_normal
True,0.0,True,0,True,2021-02-28,wind_normal
True,0.0,True,0,True,2021-03-01,wind_normal
True,0.0,True,0,True,2021-03-02,wind_normal
True,0.0,True,0,True,2021-03-03,wind_normal
True,0.0,True,0,True,2021-03-04,wind_normal
True,0.0,True,0,True,2021-03-05,wind_normal
True,0.0,True,0,True,2021-03-06,wind_normal
True,0.0,True,0,True,2021-03-07,wind_normal
True,0.0,True,0,True,2021-03-08,wind_normal
True,0.0,True,0,True,2021-03-09,wind_normal
True,0.0,True,0,True,2021-03-10,wind_normal
True,0.0,True,0,True,2021-03-11,wind_normal
True,0.0,True,0,True,2021-03-12,wind_normal
True,0.0,True,0,True,2021-03-13,wind_normal
True,0.0,True,0,True,2021-03-14,wind_normal
True,0.0,True,0,True,2021-03-15,wind_normal
True,0.0,True,0,True,2021-03-16,wind_normal
True,0.0,True,0,True,2021-03-17,wind_normal
True,0.0,True,0,True,2021-03-18,wind_normal
True,0.0,True,0,True,2021-03-19,wind_normal
True,0.0,True,0,True,2021-03-20,wind_normal
True,0.0,True,0,True,2021-03-21,wind_normal
True,0.0,True,0,True,2021-03-22,wind_normal
True,0.0,True,0,True,2021-03-23,wind_normal
True,0.0,True,0,True,2021-03-24,wind_normal
True,0.0,True,0,True,2021-03-25,wind_normal
True,0.0,True,0,True,2021-03-26,wind_normal
True,0.0,True,0,True,2021-03-27,wind_normal
True,0.0,True,0,True,2021-03-28,wind_normal
True,0.0,True,0,True,2021-03-29,wind_normal
True,0.0,True,0,True,2021-03-30,wind_normal
True,0.0,True,0,True,2021-03-31,wind_normal
True,0.0,True,0,True,2021-04-01,wind_normal
True,0.0,True,0,True,2021-04-02,wind_normal
True,0.0,True,0,True,2021-04-03,wind_normal
True,0.0,True,0,True,2021-04-04,wind_normal
True,0.0,True,0,True,2021-04-05,wind_normal
True,0.0,True,0,True,2021-04-06,wind_normal
True,0.0,True,0,True,2021-04-07,wind_normal
True,0.0,True,0,True,2021-04-08,wind_normal
True,0.0,True,0,True,2021-04-09,wind_normal
True,0.0,True,0,True,2021-04-10,wind_normal
True,0.0,True,0,True,2021-04-11,wind_normal
True,0.0,True,0,True,2021-04-12,wind_normal
True,0.0,True,0,True,2021-04-13,wind_normal
True,0.0,True,0,True,2021-04-14,wind_normal
True,0.0,True,0,True,2021-04-15,wind_normal
True,0.0,True,0,True,2021-04-16,wind_normal
True,0.0,True,0,True,2021-04-17,wind_normal
True,0.0,True,0,True,2021-04-18,wind_normal
True,0.0,True,0,True,2021-04-19,wind_normal
True,0.0,True,0,True,2021-04-20,wind_normal
True,0.0,True,0,True,2021-04-21,wind_normal
True,0.0,True,0,True,2021-04-22,wind_normal
True,0.0,True,0,True,2021-04-23,wind_normal
True,0.0,True,0,True,2021-04-24,wind_normal
True,0.0,True,0,True,2021-04-25,wind_normal
True,0.0,True,0,True,2021-04-26,wind_normal
True,0.0,True,0,True,2021-04-27,wind_normal
True,0.0,True,0,True,2021-04-28,wind_normal
True,0.0,True,0,True,2021-04-29,wind_normal
True,0.0,True,0,True,2021-04-30,wind_normal
True,0.0,True,0,True,2021-05-01,wind_normal
True,0.0,True,0,True,2021-05-02,wind_normal
True,0.0,True,0,True,2021-05-03,wind_normal
True,0.0,True,0,True,2021-05-04,wind_normal
True,0.0,True,0,True,2021-05-05,wind_normal
True,0.0,True,0,True,2021-05-06,wind_normal
True,0.0,True,0,True,2021-05-07,wind_normal
True,0.0,True,0,True,2021-05-08,wind_normal
True,0.0,True,0,True,2021-05-09,wind_normal
True,0.0,True,0,True,2021-05-10,wind_normal
True,0.0,True,0,True,2021-05-11,wind_normal
True,0.0,True,0,True,2021-05-12,wind_normal
True,0.0,True,0,True,2021-05-13,wind_normal
True,0.0,True,0,True,2021-05-14,wind_normal
True,0.0,True,0,True,2021-05-15,wind_normal
True,0.0,True,0,True,2021-05-16,wind_normal
True,0.0,True,0,True,2021-05-17,wind_normal
True,0.0,True,0,True,2021-05-18,wind_normal
True,0.0,True,0,True,2021-05-19,wind_normal
True,0.0,True,0,True,2021-05-20,wind_normal
True,0.0,True,0,True,2021-05-21,wind_normal
True,0.0,True,0,True,2021-05-22,wind_normal
True,0.0,True,0,True,2021-05-23,wind_normal
True,0.0,True,0,True,2021-05-24,wind_normal
True,0.0,True,0,True,2021-05-25,wind_normal
True,0.0,True,0,True,2021-05-26,wind_normal
True,0.0,True,0,True,2021-05-27,wind_normal
True,0.0,True,0,True,2021-05-28,wind_normal
True,0.0,True,0,True,2021-05-29,wind_normal
True,0.0,True,0,True,2021-05-30,wind_normal
True,0.0,True,0,True,2021-05-31,wind_normal
True,0.0,True,0,True,2021-06-01,wind_normal
True,0.0,True,0,True,2021-06-02,wind_normal
True,0.0,True,0,True,2021-06-03,wind_normal
True,0.0,True,0,True,2021-06-04,wind_normal
True,0.0,True,0,True,2021-06-05,wind_normal
True,0.0,True,0,True,2021-06-06,wind_normal
True,0.0,True,0,True,2021-06-07,wind_normal
True,0.0,True,0,True,2021-06-08,wind_normal
True,0.0,True,0,True,2021-06-09,wind_normal
True,0.0,True,0,True,2021-06-10,wind_normal
True,0.0,True,0,True,2021-06-11,wind_normal
True,0.0,True,0,True,2021-06-12,wind_normal
True,0.0,True,0,True,2021-06-13,wind_normal
True,0.0,True,0,True,2021-06-14,wind_normal
True,0.0,True,0,True,2021-06-15,wind_normal
True,0.0,True,0,True,2021-06-16,wind_normal
True,0.0,True,0,True,2021-06-17,wind_normal
True,0.0,True,0,True,2021-06-18,wind_normal
True,0.0,True,0,True,2021-06-19,wind_normal
True,0.0,True,0,True,2021-06-20,wind_normal
True,0.0,True,0,True,2021-06-21,wind_normal
True,0.0,True,0,True,2021-06-22,wind_normal
True,0.0,True,0,True,2021-06-23,wind_normal
True,0.0,True,0,True,2021-06-24,wind_normal
True,0.0,True,0,True,2021-06-25,wind_normal
True,0.0,True,0,True,2021-06-26,wind_normal
True,0.0,True,0,True,2021-06-27,wind_normal
True,0.0,True,0,True,2021-06-28,wind_normal
True,0.0,True,0,True,2021-06-29,wind_normal
True,0.0,True,0,True,2021-06-30,wind_normal
True,0.0,True,0,True,2021-07-01,wind_normal
True,0.0,True,0,True,2021-07-02,wind_normal
True,0.0,True,0,True,2021-07-03,wind_normal
True,0.0,True,0,True,2021-07-04,wind_normal
True,0.0,True,0,True,2021-07-05,wind_normal
True,0.0,True,0,True,2021-07-06,wind_normal
True,0.0,True,0,True,2021-07-07,wind_normal
True,0.0,True,0,True,2021-07-08,wind_normal
True,0.0,True,0,True,2021-07-09,wind_normal
True,0.0,True,0,True,2021-07-10,wind_normal
True,0.0,True,0,True,2021-07-11,wind_normal
True,0.0,True,0,True,2021-07-12,wind_normal
True,0.0,True,0,True,2021-07-13,wind_normal
True,0.0,True,0,True,2021-07-14,wind_normal
True,0.0,True,0,True,2021-07-15,wind_normal
True,0.0,True,0,True,2021-07-16,wind_normal
True,0.0,True,0,True,2021-07-17,wind_normal
True,0.0,True,0,True,2021-07-18,wind_normal
True,0.0,True,0,True,2021-07-19,wind_normal
True,0.0,True,0,True,2021-07-20,wind_normal
True,0.0,True,0,True,2021-07-21,wind_normal
True,0.0,True,0,True,2021-07-22,wind_normal
True,0.0,True,0,True,2021-07-23,wind_normal
True,0.0,True,0,True,2021-07-24,wind_normal
True,0.0,True,0,True,2021-07-25,wind_normal
True,0.0,True,0,True,2021-07-26,wind_normal
True,0.0,True,0,True,2021-07-27,wind_normal
True,0.0,True,0,True,2021-07-28,wind_normal
True,0.0,True,0,True,2021-07-29,wind_normal
True,0.0,True,0,True,2021-07-30,wind_normal
True,0.0,True,0,True,2021-07-31,wind_normal
True,0.0,True,0,True,2021-08-01,wind_normal
True,0.0,True,0,True,2021-08-02,wind_normal
True,0.0,True,0,True,2021-08-03,wind_normal
True,0.0,True,0,True,2021-08-04,wind_normal
True,0.0,True,0,True,2021-08-05,wind_normal
True,0.0,True,0,True,2021-08-06,wind_normal
True,0.0,True,0,True,2021-08-07,wind_normal
True,0.0,True,0,True,2021-08-08,wind_normal
True,0.0,True,0,True,2021-08-09,wind_normal
True,0.0,True,0,True,2021-08-10,wind_normal
True,0.0,True,0,True,2021-08-11,wind_normal
True,0.0,True,0,True,2021-08-12,wind_normal
True,0.0,True,0,True,2021-08-13,wind_normal
True,0.0,True,0,True,2021-08-14,wind_normal
True,0.0,True,0,True,2021-08-15,wind_normal
True,0.0,True,0,True,2021-08-16,wind_normal
True,0.0,True,0,True,2021-08-17,wind_normal
True,0.0,True,0,True,2021-08-18,wind_normal
True,0.0,True,0,True,2021-08-19,wind_normal
True,0.0,True,0,True,2021-08-20,wind_normal
True,0.0,True,0,True,2021-08-21,wind_normal
True,0.0,True,0,True,2021-08-22,wind_normal
True,0.0,True,0,True,2021-08-23,wind_normal
True,0.0,True,0,True,2021-08-24,wind_normal
True,0.0,True,0,True,2021-08-25,wind_normal
True,0.0,True,0,True,2021-08-26,wind_normal
True,0.0,True,0,True,2021-08-27,wind_normal
True,0.0,True,0,True,2021-08-28,wind_normal
True,0.0,True,0,True,2021-08-29,wind_normal
True,0.0,True,0,True,2021-08-30,wind_normal
True,0.0,True,0,True,2021-08-31,wind_normal
True,0.0,True,0,True,2021-09-01,wind_normal
True,0.0,True,0,True,2021-09-02,wind_normal
True,0.0,True,0,True,2021-09-03,wind_normal
True,0.0,True,0,True,2021-09-04,wind_normal
True,0.0,True,0,True,2021-09-05,wind_normal
True,0.0,True,0,True,2021-09-06,wind_normal
True,0.0,True,0,True,2021-09-07,wind_normal
True,0.0,True,0,True,2021-09-08,wind_normal
True,0.0,True,0,True,2021-09-09,wind_normal
True,0.0,True,0,True,2021-09-10,wind_normal
True,0.0,True,0,True,2021-09-11,wind_normal
True,0.0,True,0,True,2021-09-12,wind_normal
True,0.0,True,0,True,2021-09-13,wind_normal
True,0.0,True,0,True,2021-09-14,wind_normal
True,0.0,True,0,True,2021-09-15,wind_normal
True,0.0,True,0,True,2021-09-16,wind_normal
True,0.0,True,0,True,2021-09-17,wind_normal
True,0.0,True,0,True,2021-09-18,wind_normal
True,0.0,True,0,True,2021-09-19,wind_normal
True,0.0,True,0,True,2021-09-20,wind_normal
True,0.0,True,0,True,2021-09-21,wind_normal
True,0.0,True,0,True,2021-09-22,wind_normal
True,0.0,True,0,True,2021-09-23,wind_normal
True,0.0,True,0,True,2021-09-24,wind_normal
True,0.0,True,0,True,2021-09-25,wind_normal
True,0.0,True,0,True,2021-09-26,wind_normal
True,0.0,True,0,True,2021-09-27,wind_normal
True,0.0,True,0,True,2021-09-28,wind_normal
True,0.0,True,0,True,2021-09-29,wind_normal
True,0.0,True,0,True,2021-09-30,wind_normal
True,0.0,True,0,True,2021-10-01,wind_normal
True,0.0,True,0,True,2021-10-02,wind_normal
True,0.0,True,0,True,2021-10-03,wind_normal
True,0.0,True,0,True,2021-10-04,wind_normal
True,0.0,True,0,True,2021-10-05,wind_normal
True,0.0,True,0,True,2021-10-06,wind_normal
True,0.0,True,0,True,2021-10-07,wind_normal
True,0.0,True,0,True,2021-10-08,wind_normal
True,0.0,True,0,True,2021-10-09,wind_normal
True,0.0,True,0,True,2021-10-10,wind_normal
True,0.0,True,0,True,2021-10-11,wind_normal
True,0.0,True,0,True,2021-10-12,wind_normal
True,0.0,True,0,True,2021-10-13,wind_normal
True,0.0,True,0,True,2021-10-14,wind_normal
True,0.0,True,0,True,2021-10-15,wind_normal
True,0.0,True,0,True,2021-10-16,wind_normal
True,0.0,True,0,True,2021-10-17,wind_normal
True,0.0,True,0,True,2021-10-18,wind_normal
True,0.0,True,0,True,2021-10-19,wind_normal
True,0.0,True,0,True,2021-10-20,wind_normal
True,0.0,True,0,True,2021-10-21,wind_normal
True,0.0,True,0,True,2021-10-22,wind_normal
True,0.0,True,0,True,2021-10-23,wind_normal
True,0.0,True,0,True,2021-10-24,wind_normal
True,0.0,True,0,True,2021-10-25,wind_normal
True,0.0,True,0,True,2021-10-26,wind_normal
True,0.0,True,0,True,2021-10-27,wind_normal
True,0.0,True,0,True,2021-10-28,wind_normal
True,0.0,True,0,True,2021-10-29,wind_normal
True,0.0,True,0,True,2021-10-30,wind_normal
True,0.0,True,0,True,2021-10-31,wind_normal
True,0.0,True,0,True,2021-11-01,wind_normal
True,0.0,True,0,True,2021-11-02,wind_normal
True,0.0,True,0,True,2021-11-03,wind_normal
True,0.0,True,0,True,2021-11-04,wind_normal
True,0.0,True,0,True,2021-11-05,wind_normal
True,0.0,True,0,True,2021-11-06,wind_normal
True,0.0,True,0,True,2021-11-07,wind_normal
True,0.0,True,0,True,2021-11-08,wind_normal
True,0.0,True,0,True,2021-11-09,wind_normal
True,0.0,True,0,True,2021-11-10,wind_normal
True,0.0,True,0,True,2021-11-11,wind_normal
True,0.0,True,0,True,2021-11-12,wind_normal
True,0.0,True,0,True,2021-11-13,wind_normal
True,0.0,True,0,True,2021-11-14,wind_normal
True,0.0,True,0,True,2021-11-15,wind_normal
True,0.0,True,0,True,2021-11-16,wind_normal
True,0.0,True,0,True,2021-11-17,wind_normal
True,0.0,True,0,True,2021-11-18,wind_normal
True,0.0,True,0,True,2021-11-19,wind_normal
True,0.0,True,0,True,2021-11-20,wind_normal
True,0.0,True,0,True,2021-11-21,wind_normal
True,0.0,True,0,True,2021-11-22,wind_normal
True,0.0,True,0,True,2021-11-23,wind_normal
True,0.0,True,0,True,2021-11-24,wind_normal
True,0.0,True,0,True,2021-11-25,wind_normal
True,0.0,True,0,True,2021-11-26,wind_normal
True,0.0,True,0,True,2021-11-27,wind_normal
True,0.0,True,0,True,2021-11-28,wind_normal
True,0.0,True,0,True,2021-11-29,wind_normal
True,0.0,True,0,True,2021-11-30,wind_normal
True,0.0,True,0,True,2021-12-01,wind_normal
True,0.0,True,0,True,2021-12-02,wind_normal
True,0.0,True,0,True,2021-12-03,wind_normal
True,0.0,True,0,True,2021-12-04,wind_normal
True,0.0,True,0,True,2021-12-05,wind_normal
True,0.0,True,0,True,2021-12-06,wind_normal
True,0.0,True,0,True,2021-12-07,wind_normal
True,0.0,True,0,True,2021-12-08,wind_normal
True,0.0,True,0,True,2021-12-09,wind_normal
True,0.0,True,0,True,2021-12-10,wind_normal
True,0.0,True,0,True,2021-12-11,wind_normal
True,0.0,True,0,True,2021-12-12,wind_normal
True,0.0,True,0,True,2021-12-13,wind_normal
True,0.0,True,0,True,2021-12-14,wind_normal
True,0.0,True,0,True,2021-12-15,wind_normal
True,0.0,True,0,True,2021-12-16,wind_normal
True,0.0,True,0,True,2021-12-17,wind_normal
True,0.0,True,0,True,2021-12-18,wind_normal
True,0.0,True,0,True,2021-12-19,wind_normal
True,0.0,True,0,True,2021-12-20,wind_normal
True,0.0,True,0,True,2021-12-21,wind_normal
True,0.0,True,0,True,2021-12-22,wind_normal
True,0.0,True,0,True,2021-12-23,wind_normal
True,0.0,True,0,True,2021-12-24,wind_normal
True,0.0,True,0,True,2021-12-25,wind_normal
True,0.0,True,0,True,2021-12-26,wind_normal
True,0.0,True,0,True,2021-12-27,wind_normal
True,0.0,True,0,True,2021-12-28,wind_normal
True,0.0,True,0,True,2021-12-29,wind_normal
True,0.0,True,0,True,2021-12-30,wind_normal
True,0.0,True,0,True,2021-12-31,wind_normal
True,0.0,True,0,True,2022-01-01,wind_normal
True,0.0,True,0,True,2022-01-02,wind_normal
True,0.0,True,0,True,2022-01-03,wind_normal
True,0.0,True,0,True,2022-01-04,wind_normal
True,0.0,True,0,True,2022-01-05,wind_normal
True,0.0,True,0,True,2022-01-06,wind_normal
True,0.0,True,0,True,2022-01-07,wind_normal
True,0.0,True,0,True,2022-01-08,wind_normal
True,0.0,True,0,True,2022-01-09,wind_normal
True,0.0,True,0,True,2022-01-10,wind_normal
True,0.0,True,0,True,2022-01-11,wind_normal
True,0.0,True,0,True,2022-01-12,wind_normal
True,0.0,True,0,True,2022-01-13,wind_normal
True,0.0,True,0,True,2022-01-14,wind_normal
True,0.0,True,0,True,2022-01-15,wind_normal
True,0.0,True,0,True,2022-01-16,wind_normal
True,0.0,True,0,True,2022-01-17,wind_normal
True,0.0,True,0,True,2022-01-18,wind_normal
True,0.0,True,0,True,2022-01-19,wind_normal
True,0.0,True,0,True,2022-01-20,wind_normal
True,0.0,True,0,True,2022-01-21,wind_normal
True,0.0,True,0,True,2022-01-22,wind_normal
True,0.0,True,0,True,2022-01-23,wind_normal
True,0.0,True,0,True,2022-01-24,wind_normal
True,0.0,True,0,True,2022-01-25,wind_normal
True,0.0,True,0,True,2022-01-26,wind_normal
True,0.0,True,0,True,2022-01-27,wind_normal
True,0.0,True,0,True,2022-01-28,wind_normal
True,0.0,True,0,True,2022-01-29,wind_normal
True,0.0,True,0,True,2022-01-30,wind_normal
True,0.0,True,0,True,2022-01-31,wind_normal
True,0.0,True,0,True,2022-02-01,wind_normal
True,0.0,True,0,True,2022-02-02,wind_normal
True,0.0,True,0,True,2022-02-03,wind_normal
True,0.0,True,0,True,2022-02-04,wind_normal
True,0.0,True,0,True,2022-02-05,wind_normal
True,0.0,True,0,True,2022-02-06,wind_normal
True,0.0,True,0,True,2022-02-07,wind_normal
True,0.0,True,0,True,2022-02-08,wind_normal
True,0.0,True,0,True,2022-02-09,wind_normal
True,0.0,True,0,True,2022-02-10,wind_normal
True,0.0,True,0,True,2022-02-11,wind_normal
True,0.0,True,0,True,2022-02-12,wind_normal
True,0.0,True,0,True,2022-02-13,wind_normal
True,0.0,True,0,True,2022-02-14,wind_normal
True,0.0,True,0,True,2022-02-15,wind_normal
True,0.0,True,0,True,2022-02-16,wind_normal
True,0.0,True,0,True,2022-02-17,wind_normal
True,0.0,True,0,True,2022-02-18,wind_normal
True,0.0,True,0,True,2022-02-19,wind_normal
True,0.0,True,0,True,2022-02-20,wind_normal
True,0.0,True,0,True,2022-02-21,wind_normal
True,0.0,True,0,True,2022-02-22,wind_normal
True,0.0,True,0,True,2022-02-23,wind_normal
True,0.0,True,0,True,2022-02-24,wind_normal
True,0.0,True,0,True,2022-02-25,wind_normal
True,0.0,True,0,True,2022-02-26,wind_normal
True,0.0,True,0,True,2022-02-27,wind_normal
True,0.0,True,0,True,2022-02-28,wind_normal
True,0.0,True,0,True,2022-03-01,wind_normal
True,0.0,True,0,True,2022-03-02,wind_normal
True,0.0,True,0,True,2022-03-03,wind_normal
True,0.0,True,0,True,2022-03-04,wind_normal
True,0.0,True,0,True,2022-03-05,wind_normal
True,0.0,True,0,True,2022-03-06,wind_normal
True,0.0,True,0,True,2022-03-07,wind_normal
True,0.0,True,0,True,2022-03-08,wind_normal
True,0.0,True,0,True,2022-03-09,wind_normal
True,0.0,True,0,True,2022-03-10,wind_normal
True,0.0,True,0,True,2022-03-11,wind_normal
True,0.0,True,0,True,2022-03-12,wind_normal
True,0.0,True,0,True,2022-03-13,wind_normal
True,0.0,True,0,True,2022-03-14,wind_normal
True,0.0,True,0,True,2022-03-15,wind_normal
True,0.0,True,0,True,2022-03-16,wind_normal
True,0.0,True,0,True,2022-03-17,wind_normal
True,0.0,True,0,True,2022-03-18,wind_normal
True,0.0,True,0,True,2022-03-19,wind_normal
True,0.0,True,0,True,2022-03-20,wind_normal
True,0.0,True,0,True,2022-03-21,wind_normal
True,0.0,True,0,True,2022-03-22,wind_normal
True,0.0,True,0,True,2022-03-23,wind_normal
True,0.0,True,0,True,2022-03-24,wind_normal
True,0.0,True,0,True,2022-03-25,wind_normal
True,0.0,True,0,True,2022-03-26,wind_normal
True,0.0,True,0,True,2022-03-27,wind_normal
True,0.0,True,0,True,2022-03-28,wind_normal
True,0.0,True,0,True,2022-03-29,wind_normal
True,0.0,True,0,True,2022-03-30,wind_normal
True,0.0,True,0,True,2022-03-31,wind_normal
True,0.0,True,0,True,2022-04-01,wind_normal
True,0.0,True,0,True,2022-04-02,wind_normal
True,0.0,True,0,True,2022-04-03,wind_normal
True,0.0,True,0,True,2022-04-04,wind_normal
True,0.0,True,0,True,2022-04-05,wind_normal
True,0.0,True,0,True,2022-04-06,wind_normal
True,0.0,True,0,True,2022-04-07,wind_normal
True,0.0,True,0,True,2022-04-08,wind_normal
True,0.0,True,0,True,2022-04-09,wind_normal
True,0.0,True,0,True,2022-04-10,wind_normal
True,0.0,True,0,True,2022-04-11,wind_normal
True,0.0,True,0,True,2022-04-12,wind_normal
True,0.0,True,0,True,2022-04-13,wind_normal
True,0.0,True,0,True,2022-04-14,wind_normal
True,0.0,True,0,True,2022-04-15,wind_normal
True,0.0,True,0,True,2022-04-16,wind_normal
True,0.0,True,0,True,2022-04-17,wind_normal
True,0.0,True,0,True,2022-04-18,wind_normal
True,0.0,True,0,True,2022-04-19,wind_normal
True,0.0,True,0,True,2022-04-20,wind_normal
True,0.0,True,0,True,2022-04-21,wind_normal
True,0.0,True,0,True,2022-04-22,wind_normal
True,0.0,True,0,True,2022-04-23,wind_normal
True,0.0,True,0,True,2022-04-24,wind_normal
True,0.0,True,0,True,2022-04-25,wind_normal
True,0.0,True,0,True,2022-04-26,wind_normal
True,0.0,True,0,True,2022-04-27,wind_normal
True,0.0,True,0,True,2022-04-28,wind_normal
True,0.0,True,0,True,2022-04-29,wind_normal
True,0.0,True,0,True,2022-04-30,wind_normal
True,0.0,True,0,True,2022-05-01,wind_normal
True,0.0,True,0,True,2022-05-02,wind_normal
True,0.0,True,0,True,2022-05-03,wind_normal
True,0.0,True,0,True,2022-05-04,wind_normal
True,0.0,True,0,True,2022-05-05,wind_normal
True,0.0,True,0,True,2022-05-06,wind_normal
True,0.0,True,0,True,2022-05-07,wind_normal
True,0.0,True,0,True,2022-05-08,wind_normal
True,0.0,True,0,True,2022-05-09,wind_normal
True,0.0,True,0,True,2022-05-10,wind_normal
True,0.0,True,0,True,2022-05-11,wind_normal
True,0.0,True,0,True,2022-05-12,wind_normal
True,0.0,True,0,True,2022-05-13,wind_normal
True,0.0,True,0,True,2022-05-14,wind_normal
True,0.0,True,0,True,2022-05-15,wind_normal
True,0.0,True,0,True,2022-05-16,wind_normal
True,0.0,True,0,True,2022-05-17,wind_normal
True,0.0,True,0,True,2022-05-18,wind_normal
True,0.0,True,0,True,2022-05-19,wind_normal
True,0.0,True,0,True,2022-05-20,wind_normal
True,0.0,True,0,True,2022-05-21,wind_normal
True,0.0,True,0,True,2022-05-22,wind_normal
True,0.0,True,0,True,2022-05-23,wind_normal
True,0.0,True,0,True,2022-05-24,wind_normal
True,0.0,True,0,True,2022-05-25,wind_normal
True,0.0,True,0,True,2022-05-26,wind_normal
True,0.0,True,0,True,2022-05-27,wind_normal
True,0.0,True,0,True,2022-05-28,wind_normal
True,0.0,True,0,True,2022-05-29,wind_normal
True,0.0,True,0,True,2022-05-30,wind_normal
True,0.0,True,0,True,2022-05-31,wind_normal
True,0.0,True,0,True,2022-06-01,wind_normal
True,0.0,True,0,True,2022-06-02,wind_normal
True,0.0,True,0,True,2022-06-03,wind_normal
True,0.0,True,0,True,2022-06-04,wind_normal
True,0.0,True,0,True,2022-06-05,wind_normal
True,0.0,True,0,True,2022-06-06,wind_normal
True,0.0,True,0,True,2022-06-07,wind_normal
True,0.0,True,0,True,2022-06-08,wind_normal
True,0.0,True,0,True,2022-06-09,wind_normal
True,0.0,True,0,True,2022-06-10,wind_normal
True,0.0,True,0,True,2022-06-11,wind_normal
True,0.0,True,0,True,2022-06-12,wind_normal
True,0.0,True,0,True,2022-06-13,wind_normal
True,0.0,True,0,True,2022-06-14,wind_normal
True,0.0,True,0,True,2022-06-15,wind_normal
True,0.0,True,0,True,2022-06-16,wind_normal
True,0.0,True,0,True,2022-06-17,wind_normal
True,0.0,True,0,True,2022-06-18,wind_normal
True,0.0,True,0,True,2022-06-19,wind_normal
True,0.0,True,0,True,2022-06-20,wind_normal
True,0.0,True,0,True,2022-06-21,wind_normal
True,0.0,True,0,True,2022-06-22,wind_normal
True,0.0,True,0,True,2022-06-23,wind_normal
True,0.0,True,0,True,2022-06-24,wind_normal
True,0.0,True,0,True,2022-06-25,wind_normal
True,0.0,True,0,True,2022-06-26,wind_normal
True,0.0,True,0,True,2022-06-27,wind_normal
True,0.0,True,0,True,2022-06-28,wind_normal
True,0.0,True,0,True,2022-06-29,wind_normal
True,0.0,True,0,True,2022-06-30,wind_normal
True,0.0,True,0,True,2022-07-01,wind_normal
True,0.0,True,0,True,2022-07-02,wind_normal
True,0.0,True,0,True,2022-07-03,wind_normal
True,0.0,True,0,True,2022-07-04,wind_normal
True,0.0,True,0,True,2022-07-05,wind_normal
True,0.0,True,0,True,2022-07-06,wind_normal
True,0.0,True,0,True,2022-07-07,wind_normal
True,0.0,True,0,True,2022-07-08,wind_normal
True,0.0,True,0,True,2022-07-09,wind_normal
True,0.0,True,0,True,2022-07-10,wind_normal
True,0.0,True,0,True,2022-07-11,wind_normal
True,0.0,True,0,True,2022-07-12,wind_normal
True,0.0,True,0,True,2022-07-13,wind_normal
True,0.0,True,0,True,2022-07-14,wind_normal
True,0.0,True,0,True,2022-07-15,wind_normal
True,0.0,True,0,True,2022-07-16,wind_normal
True,0.0,True,0,True,2022-07-17,wind_normal
True,0.0,True,0,True,2022-07-18,wind_normal
True,0.0,True,0,True,2022-07-19,wind_normal
True,0.0,True,0,True,2022-07-20,wind_normal
True,0.0,True,0,True,2022-07-21,wind_normal
True,0.0,True,0,True,2022-07-22,wind_normal
True,0.0,True,0,True,2022-07-23,wind_normal
True,0.0,True,0,True,2022-07-24,wind_normal
True,0.0,True,0,True,2022-07-25,wind_normal
True,0.0,True,0,True,2022-07-26,wind_normal
True,0.0,True,0,True,2022-07-27,wind_normal
True,0.0,True,0,True,2022-07-28,wind_normal
True,0.0,True,0,True,2022-07-29,wind_normal
True,0.0,True,0,True,2022-07-30,wind_normal
True,0.0,True,0,True,2022-07-31,wind_normal
True,0.0,True,0,True,2022-08-01,wind_normal
True,0.0,True,0,True,2022-08-02,wind_normal
True,0.0,True,0,True,2022-08-03,wind_normal
True,0.0,True,0,True,2022-08-04,wind_normal
True,0.0,True,0,True,2022-08-05,wind_normal
True,0.0,True,0,True,2022-08-06,wind_normal
True,0.0,True,0,True,2022-08-07,wind_normal
True,0.0,True,0,True,2022-08-08,wind_normal
True,0.0,True,0,True,2022-08-09,wind_normal
True,0.0,True,0,True,2022-08-10,wind_normal
True,0.0,True,0,True,2022-08-11,wind_normal
True,0.0,True,0,True,2022-08-12,wind_normal
True,0.0,True,0,True,2022-08-13,wind_normal
True,0.0,True,0,True,2022-08-14,wind_normal
True,0.0,True,0,True,2022-08-15,wind_normal
True,0.0,True,0,True,2022-08-16,wind_normal
True,0.0,True,0,True,2022-08-17,wind_normal
True,0.0,True,0,True,2022-08-18,wind_normal
True,0.0,True,0,True,2022-08-19,wind_normal
True,0.0,True,0,True,2022-08-20,wind_normal
True,0.0,True,0,True,2022-08-21,wind_normal
True,0.0,True,0,True,2022-08-22,wind_normal
True,0.0,True,0,True,2022-08-23,wind_normal
True,0.0,True,0,True,2022-08-24,wind_normal
True,0.0,True,0,True,2022-08-25,wind_normal
True,0.0,True,0,True,2022-08-26,wind_normal
True,0.0,True,0,True,2022-08-27,wind_normal
True,0.0,True,0,True,2022-08-28,wind_normal
True,0.0,True,0,True,2022-08-29,wind_normal
True,0.0,True,0,True,2022-08-30,wind_normal
True,0.0,True,0,True,2022-08-31,wind_normal
True,0.0,True,0,True,2022-09-01,wind_normal
True,0.0,True,0,True,2022-09-02,wind_normal
True,0.0,True,0,True,2022-09-03,wind_normal
True,0.0,True,0,True,2022-09-04,wind_normal
True,0.0,True,0,True,2022-09-05,wind_normal
True,0.0,True,0,True,2022-09-06,wind_normal
True,0.0,True,0,True,2022-09-07,wind_normal
True,0.0,True,0,True,2022-09-08,wind_normal
True,0.0,True,0,True,2022-09-09,wind_normal
True,0.0,True,0,True,2022-09-10,wind_normal
True,0.0,True,0,True,2022-09-11,wind_normal
True,0.0,True,0,True,2022-09-12,wind_normal
True,0.0,True,0,True,2022-09-13,wind_normal
True,0.0,True,0,True,2022-09-14,wind_normal
True,0.0,True,0,True,2022-09-15,wind_normal
True,0.0,True,0,True,2022-09-16,wind_normal
True,0.0,True,0,True,2022-09-17,wind_normal
True,0.0,True,0,True,2022-09-18,wind_normal
True,0.0,True,0,True,2022-09-19,wind_normal
True,0.0,True,0,True,2022-09-20,wind_normal
True,0.0,True,0,True,2022-09-21,wind_normal
True,0.0,True,0,True,2022-09-22,wind_normal
True,0.0,True,0,True,2022-09-23,wind_normal
True,0.0,True,0,True,2022-09-24,wind_normal
True,0.0,True,0,True,2022-09-25,wind_normal
True,0.0,True,0,True,2022-09-26,wind_normal
True,0.0,True,0,True,2022-09-27,wind_normal
True,0.0,True,0,True,2022-09-28,wind_normal
True,0.0,True,0,True,2022-09-29,wind_normal
True,0.0,True,0,True,2022-09-30,wind_normal
True,0.0,True,0,True,2022-10-01,wind_normal
True,0.0,True,0,True,2022-10-02,wind_normal
True,0.0,True,0,True,2022-10-03,wind_normal
True,0.0,True,0,True,2022-10-04,wind_normal
True,0.0,True,0,True,2022-10-05,wind_normal
True,0.0,True,0,True,2022-10-06,wind_normal
True,0.0,True,0,True,2022-10-07,wind_normal
True,0.0,True,0,True,2022-10-08,wind_normal
True,0.0,True,0,True,2022-10-09,wind_normal
True,0.0,True,0,True,2022-10-10,wind_normal
True,0.0,True,0,True,2022-10-11,wind_normal
True,0.0,True,0,True,2022-10-12,wind_normal
True,0.0,True,0,True,2022-10-13,wind_normal
True,0.0,True,0,True,2022-10-14,wind_normal
True,0.0,True,0,True,2022-10-15,wind_normal
True,0.0,True,0,True,2022-10-16,wind_normal
True,0.0,True,0,True,2022-10-17,wind_normal
True,0.0,True,0,True,2022-10-18,wind_normal
True,0.0,True,0,True,2022-10-19,wind_normal
True,0.0,True,0,True,2022-10-20,wind_normal
True,0.0,True,0,True,2022-10-21,wind_normal
True,0.0,True,0,True,2022-10-22,wind_normal
True,0.0,True,0,True,2022-10-23,wind_normal
True,0.0,True,0,True,2022-10-24,wind_normal
True,0.0,True,0,True,2022-10-25,wind_normal
True,0.0,True,0,True,2022-10-26,wind_normal
True,0.0,True,0,True,2022-10-27,wind_normal
True,0.0,True,0,True,2022-10-28,wind_normal
True,0.0,True,0,True,2022-10-29,wind_normal
True,0.0,True,0,True,2022-10-30,wind_normal
True,0.0,True,0,True,2022-10-31,wind_normal
True,0.0,True,0,True,2022-11-01,wind_normal
True,0.0,True,0,True,2022-11-02,wind_normal
True,0.0,True,0,True,2022-11-03,wind_normal
True,0.0,True,0,True,2022-11-04,wind_normal
True,0.0,True,0,True,2022-11-05,wind_normal
True,0.0,True,0,True,2022-11-06,wind_normal
True,0.0,True,0,True,2022-11-07,wind_normal
True,0.0,True,0,True,2022-11-08,wind_normal
True,0.0,True,0,True,2022-11-09,wind_normal
True,0.0,True,0,True,2022-11-10,wind_normal
True,0.0,True,0,True,2022-11-11,wind_normal
True,0.0,True,0,True,2022-11-12,wind_normal
True,0.0,True,0,True,2022-11-13,wind_normal
True,0.0,True,0,True,2022-11-14,wind_normal
True,0.0,True,0,True,2022-11-15,wind_normal
True,0.0,True,0,True,2022-11-16,wind_normal
True,0.0,True,0,True,2022-11-17,wind_normal
True,0.0,True,0,True,2022-11-18,wind_normal
True,0.0,True,0,True,2022-11-19,wind_normal
True,0.0,True,0,True,2022-11-20,wind_normal
True,0.0,True,0,True,2022-11-21,wind_normal
True,0.0,True,0,True,2022-11-22,wind_normal
True,0.0,True,0,True,2022-11-23,wind_normal
True,0.0,True,0,True,2022-11-24,wind_normal
True,0.0,True,0,True,2022-11-25,wind_normal
True,0.0,True,0,True,2022-11-26,wind_normal
True,0.0,True,0,True,2022-11-27,wind_normal
True,0.0,True,0,True,2022-11-28,wind_normal
True,0.0,True,0,True,2022-11-29,wind_normal
True,0.0,True,0,True,2022-11-30,wind_normal
True,0.0,True,0,True,2022-12-01,wind_normal
True,0.0,True,0,True,2022-12-02,wind_normal
True,0.0,True,0,True,2022-12-03,wind_normal
True,0.0,True,0,True,2022-12-04,wind_normal
True,0.0,True,0,True,2022-12-05,wind_normal
True,0.0,True,0,True,2022-12-06,wind_normal
True,0.0,True,0,True,2022-12-07,wind_normal
True,0.0,True,0,True,2022-12-08,wind_normal
True,0.0,True,0,True,2022-12-09,wind_normal
True,0.0,True,0,True,2022-12-10,wind_normal
True,0.0,True,0,True,2022-12-11,wind_normal
True,0.0,True,0,True,2022-12-12,wind_normal
True,0.0,True,0,True,2022-12-13,wind_normal
True,0.0,True,0,True,2022-12-14,wind_normal
True,0.0,True,0,True,2022-12-15,wind_normal
True,0.0,True,0,True,2022-12-16,wind_normal
True,0.0,True,0,True,2022-12-17,wind_normal
True,0.0,True,0,True,2022-12-18,wind_normal
True,0.0,True,0,True,2022-12-19,wind_normal
True,0.0,True,0,True,2022-12-20,wind_normal
True,0.0,True,0,True,2022-12-21,wind_normal
True,0.0,True,0,True,2022-12-22,wind_normal
True,0.0,True,0,True,2022-12-23,wind_normal
True,0.0,True,0,True,2022-12-24,wind_normal
True,0.0,True,0,True,2022-12-25,wind_normal
True,0.0,True,0,True,2022-12-26,wind_normal
True,0.0,True,0,True,2022-12-27,wind_normal
True,0.0,True,0,True,2022-12-28,wind_normal
True,0.0,True,0,True,2022-12-29,wind_normal
True,0.0,True,0,True,2022-12-30,wind_normal
True,0.0,True,0,True,2022-12-31,wind_normal
True,0.0,True,0,True,2023-01-01,wind_normal
True,0.0,True,0,True,2023-01-02,wind_normal
True,0.0,True,0,True,2023-01-03,wind_normal
True,0.0,True,0,True,2023-01-04,wind_normal
True,0.0,True,0,True,2023-01-05,wind_normal
True,0.0,True,0,True,2023-01-06,wind_normal
True,0.0,True,0,True,2023-01-07,wind_normal
True,0.0,True,0,True,2023-01-08,wind_normal
True,0.0,True,0,True,2023-01-09,wind_normal
True,0.0,True,0,True,2023-01-10,wind_normal
True,0.0,True,0,True,2023-01-11,wind_normal
True,0.0,True,0,True,2023-01-12,wind_normal
True,0.0,True,0,True,2023-01-13,wind_normal
True,0.0,True,0,True,2023-01-14,wind_normal
True,0.0,True,0,True,2023-01-15,wind_normal
True,0.0,True,0,True,2023-01-16,wind_normal
True,0.0,True,0,True,2023-01-17,wind_normal
True,0.0,True,0,True,2023-01-18,wind_normal
True,0.0,True,0,True,2023-01-19,wind_normal
True,0.0,True,0,True,2023-01-20,wind_normal
True,0.0,True,0,True,2023-01-21,wind_normal
True,0.0,True,0,True,2023-01-22,wind_normal
True,0.0,True,0,True,2023-01-23,wind_normal
True,0.0,True,0,True,2023-01-24,wind_normal
True,0.0,True,0,True,2023-01-25,wind_normal
True,0.0,True,0,True,2023-01-26,wind_normal
True,0.0,True,0,True,2023-01-27,wind_normal
True,0.0,True,0,True,2023-01-28,wind_normal
True,0.0,True,0,True,2023-01-29,wind_normal
True,0.0,True,0,True,2023-01-30,wind_normal
True,0.0,True,0,True,2023-01-31,wind_normal
True,0.0,True,0,True,2023-02-01,wind_normal
True,0.0,True,0,True,2023-02-02,wind_normal
True,0.0,True,0,True,2023-02-03,wind_normal
True,0.0,True,0,True,2023-02-04,wind_normal
True,0.0,True,0,True,2023-02-05,wind_normal
True,0.0,True,0,True,2023-02-06,wind_normal
True,0.0,True,0,True,2023-02-07,wind_normal
True,0.0,True,0,True,2023-02-08,wind_normal
True,0.0,True,0,True,2023-02-09,wind_normal
True,0.0,True,0,True,2023-02-10,wind_normal
True,0.0,True,0,True,2023-02-11,wind_normal
True,0.0,True,0,True,2023-02-12,wind_normal
True,0.0,True,0,True,2023-02-13,wind_normal
True,0.0,True,0,True,2023-02-14,wind_normal
True,0.0,True,0,True,2023-02-15,wind_normal
True,0.0,True,0,True,2023-02-16,wind_normal
True,0.0,True,0,True,2023-02-17,wind_normal
True,0.0,True,0,True,2023-02-18,wind_normal
True,0.0,True,0,True,2023-02-19,wind_normal
True,0.0,True,0,True,2023-02-20,wind_normal
True,0.0,True,0,True,2023-02-21,wind_normal
True,0.0,True,0,True,2023-02-22,wind_normal
True,0.0,True,0,True,2023-02-23,wind_normal
True,0.0,True,0,True,2023-02-24,wind_normal
True,0.0,True,0,True,2023-02-25,wind_normal
True,0.0,True,0,True,2023-02-26,wind_normal
True,0.0,True,0,True,2023-02-27,wind_normal
True,0.0,True,0,True,2023-02-28,wind_normal
True,0.0,True,0,True,2023-03-01,wind_normal
True,0.0,True,0,True,2023-03-02,wind_normal
True,0.0,True,0,True,2023-03-03,wind_normal
True,0.0,True,0,True,2023-03-04,wind_normal
True,0.0,True,0,True,2023-03-05,wind_normal
True,0.0,True,0,True,2023-03-06,wind_normal
True,0.0,True,0,True,2023-03-07,wind_normal
True,0.0,True,0,True,2023-03-08,wind_normal
True,0.0,True,0,True,2023-03-09,wind_normal
True,0.0,True,0,True,2023-03-10,wind_normal
True,0.0,True,0,True,2023-03-11,wind_normal
True,0.0,True,0,True,2023-03-12,wind_normal
True,0.0,True,0,True,2023-03-13,wind_normal
True,0.0,True,0,True,2023-03-14,wind_normal
True,0.0,True,0,True,2023-03-15,wind_normal
True,0.0,True,0,True,2023-03-16,wind_normal
True,0.0,True,0,True,2023-03-17,wind_normal
True,0.0,True,0,True,2023-03-18,wind_normal
True,0.0,True,0,True,2023-03-19,wind_normal
True,0.0,True,0,True,2023-03-20,wind_normal
True,0.0,True,0,True,2023-03-21,wind_normal
True,0.0,True,0,True,2023-03-22,wind_normal
True,0.0,True,0,True,2023-03-23,wind_normal
True,0.0,True,0,True,2023-03-24,wind_normal
True,0.0,True,0,True,2023-03-25,wind_normal
True,0.0,True,0,True,2023-03-26,wind_normal
True,0.0,True,0,True,2023-03-27,wind_normal
True,0.0,True,0,True,2023-03-28,wind_normal
True,0.0,True,0,True,2023-03-29,wind_normal
True,0.0,True,0,True,2023-03-30,wind_normal
True,0.0,True,0,True,2023-03-31,wind_normal
True,0.0,True,0,True,2023-04-01,wind_normal
True,0.0,True,0,True,2023-04-02,wind_normal
True,0.0,True,0,True,2023-04-03,wind_normal
True,0.0,True,0,True,2023-04-04,wind_normal
True,0.0,True,0,True,2023-04-05,wind_normal
True,0.0,True,0,True,2023-04-06,wind_normal
True,0.0,True,0,True,2023-04-07,wind_normal
True,0.0,True,0,True,2023-04-08,wind_normal
True,0.0,True,0,True,2023-04-09,wind_normal
True,0.0,True,0,True,2023-04-10,wind_normal
True,0.0,True,0,True,2023-04-11,wind_normal
True,0.0,True,0,True,2023-04-12,wind_normal
True,0.0,True,0,True,2023-04-13,wind_normal
True,0.0,True,0,True,2023-04-14,wind_normal
True,0.0,True,0,True,2023-04-15,wind_normal
True,0.0,True,0,True,2023-04-16,wind_normal
True,0.0,True,0,True,2023-04-17,wind_normal
True,0.0,True,0,True,2023-04-18,wind_normal
True,0.0,True,0,True,2023-04-19,wind_normal
True,0.0,True,0,True,2023-04-20,wind_normal
True,0.0,True,0,True,2023-04-21,wind_normal
True,0.0,True,0,True,2023-04-22,wind_normal
True,0.0,True,0,True,2023-04-23,wind_normal
True,0.0,True,0,True,2023-04-24,wind_normal
True,0.0,True,0,True,2023-04-25,wind_normal
True,0.0,True,0,True,2023-04-26,wind_normal
True,0.0,True,0,True,2023-04-27,wind_normal
True,0.0,True,0,True,2023-04-28,wind_normal
True,0.0,True,0,True,2023-04-29,wind_normal
True,0.0,True,0,True,2023-04-30,wind_normal
True,0.0,True,0,True,2023-05-01,wind_normal
True,0.0,True,0,True,2023-05-02,wind_normal
True,0.0,True,0,True,2023-05-03,wind_normal
True,0.0,True,0,True,2023-05-04,wind_normal
True,0.0,True,0,True,2023-05-05,wind_normal
True,0.0,True,0,True,2023-05-06,wind_normal
True,0.0,True,0,True,2023-05-07,wind_normal
True,0.0,True,0,True,2023-05-08,wind_normal
True,0.0,True,0,True,2023-05-09,wind_normal
True,0.0,True,0,True,2023-05-10,wind_normal
True,0.0,True,0,True,2023-05-11,wind_normal
True,0.0,True,0,True,2023-05-12,wind_normal
True,0.0,True,0,True,2023-05-13,wind_normal
True,0.0,True,0,True,2023-05-14,wind_normal
True,0.0,True,0,True,2023-05-15,wind_normal
True,0.0,True,0,True,2023-05-16,wind_normal
True,0.0,True,0,True,2023-05-17,wind_normal
True,0.0,True,0,True,2023-05-18,wind_normal
True,0.0,True,0,True,2023-05-19,wind_normal
True,0.0,True,0,True,2023-05-20,wind_normal
True,0.0,True,0,True,2023-05-21,wind_normal
True,0.0,True,0,True,2023-05-22,wind_normal
True,0.0,True,0,True,2023-05-23,wind_normal
True,0.0,True,0,True,2023-05-24,wind_normal
True,0.0,True,0,True,2023-05-25,wind_normal
True,0.0,True,0,True,2023-05-26,wind_normal
True,0.0,True,0,True,2023-05-27,wind_normal
True,0.0,True,0,True,2023-05-28,wind_normal
True,0.0,True,0,True,2023-05-29,wind_normal
True,0.0,True,0,True,2023-05-30,wind_normal
True,0.0,True,0,True,2023-05-31,wind_normal
True,0.0,True,0,True,2023-06-01,wind_normal
True,0.0,True,0,True,2023-06-02,wind_normal
True,0.0,True,0,True,2023-06-03,wind_normal
True,0.0,True,0,True,2023-06-04,wind_normal
True,0.0,True,0,True,2023-06-05,wind_normal
True,0.0,True,0,True,2023-06-06,wind_normal
True,0.0,True,0,True,2023-06-07,wind_normal
True,0.0,True,0,True,2023-06-08,wind_normal
True,0.0,True,0,True,2023-06-09,wind_normal
True,0.0,True,0,True,2023-06-10,wind_normal
True,0.0,True,0,True,2023-06-11,wind_normal
True,0.0,True,0,True,2023-06-12,wind_normal
True,0.0,True,0,True,2023-06-13,wind_normal
True,0.0,True,0,True,2023-06-14,wind_normal
True,0.0,True,0,True,2023-06-15,wind_normal
True,0.0,True,0,True,2023-06-16,wind_normal
True,0.0,True,0,True,2023-06-17,wind_normal
True,0.0,True,0,True,2023-06-18,wind_normal
True,0.0,True,0,True,2023-06-19,wind_normal
True,0.0,True,0,True,2023-06-20,wind_normal
True,0.0,True,0,True,2023-06-21,wind_normal
True,0.0,True,0,True,2023-06-22,wind_normal
True,0.0,True,0,True,2023-06-23,wind_normal
True,0.0,True,0,True,2023-06-24,wind_normal
True,0.0,True,0,True,2023-06-25,wind_normal
True,0.0,True,0,True,2023-06-26,wind_normal
True,0.0,True,0,True,2023-06-27,wind_normal
True,0.0,True,0,True,2023-06-28,wind_normal
True,0.0,True,0,True,2023-06-29,wind_normal
True,0.0,True,0,True,2023-06-30,wind_normal
True,0.0,True,0,True,2023-07-01,wind_normal
True,0.0,True,0,True,2023-07-02,wind_normal
True,0.0,True,0,True,2023-07-03,wind_normal
True,0.0,True,0,True,2023-07-04,wind_normal
True,0.0,True,0,True,2023-07-05,wind_normal
True,0.0,True,0,True,2023-07-06,wind_normal
True,0.0,True,0,True,2023-07-07,wind_normal
True,0.0,True,0,True,2023-07-08,wind_normal
True,0.0,True,0,True,2023-07-09,wind_normal
True,0.0,True,0,True,2023-07-10,wind_normal
True,0.0,True,0,True,2023-07-11,wind_normal
True,0.0,True,0,True,2023-07-12,wind_normal
True,0.0,True,0,True,2023-07-13,wind_normal
True,0.0,True,0,True,2023-07-14,wind_normal
True,0.0,True,0,True,2023-07-15,wind_normal
True,0.0,True,0,True,2023-07-16,wind_normal
True,0.0,True,0,True,2023-07-17,wind_normal
True,0.0,True,0,True,2023-07-18,wind_normal
True,0.0,True,0,True,2023-07-19,wind_normal
True,0.0,True,0,True,2023-07-20,wind_normal
True,0.0,True,0,True,2023-07-21,wind_normal
True,0.0,True,0,True,2023-07-22,wind_normal
True,0.0,True,0,True,2023-07-23,wind_normal
True,0.0,True,0,True,2023-07-24,wind_normal
True,0.0,True,0,True,2023-07-25,wind_normal
True,0.0,True,0,True,2023-07-26,wind_normal
True,0.0,True,0,True,2023-07-27,wind_normal
True,0.0,True,0,True,2023-07-28,wind_normal
True,0.0,True,0,True,2023-07-29,wind_normal
True,0.0,True,0,True,2023-07-30,wind_normal
True,0.0,True,0,True,2023-07-31,wind_normal
True,0.0,True,0,True,2023-08-01,wind_normal
True,0.0,True,0,True,2023-08-02,wind_normal
True,0.0,True,0,True,2023-08-03,wind_normal
True,0.0,True,0,True,2023-08-04,wind_normal
True,0.0,True,0,True,2023-08-05,wind_normal
True,0.0,True,0,True,2023-08-06,wind_normal
True,0.0,True,0,True,2023-08-07,wind_normal
True,0.0,True,0,True,2023-08-08,wind_normal
True,0.0,True,0,True,2023-08-09,wind_normal
True,0.0,True,0,True,2023-08-10,wind_normal
True,0.0,True,0,True,2023-08-11,wind_normal
True,0.0,True,0,True,2023-08-12,wind_normal
True,0.0,True,0,True,2023-08-13,wind_normal
True,0.0,True,0,True,2023-08-14,wind_normal
True,0.0,True,0,True,2023-08-15,wind_normal
True,0.0,True,0,True,2023-08-16,wind_normal
True,0.0,True,0,True,2023-08-17,wind_normal
True,0.0,True,0,True,2023-08-18,wind_normal
True,0.0,True,0,True,2023-08-19,wind_normal
True,0.0,True,0,True,2023-08-20,wind_normal
True,0.0,True,0,True,2023-08-21,wind_normal
True,0.0,True,0,True,2023-08-22,wind_normal
True,0.0,True,0,True,2023-08-23,wind_normal
True,0.0,True,0,True,2023-08-24,wind_normal
True,0.0,True,0,True,2023-08-25,wind_normal
True,0.0,True,0,True,2023-08-26,wind_normal
True,0.0,True,0,True,2023-08-27,wind_normal
True,0.0,True,0,True,2023-08-28,wind_normal
True,0.0,True,0,True,2023-08-29,wind_normal
True,0.0,True,0,True,2023-08-30,wind_normal
True,0.0,True,0,True,2023-08-31,wind_normal
True,0.0,True,0,True,2023-09-01,wind_normal
True,0.0,True,0,True,2023-09-02,wind_normal
True,0.0,True,0,True,2023-09-03,wind_normal
True,0.0,True,0,True,2023-09-04,wind_normal
True,0.0,True,0,True,2023-09-05,wind_normal
True,0.0,True,0,True,2023-09-06,wind_normal
True,0.0,True,0,True,2023-09-07,wind_normal
True,0.0,True,0,True,2023-09-08,wind_normal
True,0.0,True,0,True,2023-09-09,wind_normal
True,0.0,True,0,True,2023-09-10,wind_normal
True,0.0,True,0,True,2023-09-11,wind_normal
True,0.0,True,0,True,2023-09-12,wind_normal
True,0.0,True,0,True,2023-09-13,wind_normal
True,0.0,True,0,True,2023-09-14,wind_normal
True,0.0,True,0,True,2023-09-15,wind_normal
True,0.0,True,0,True,2023-09-16,wind_normal
True,0.0,True,0,True,2023-09-17,wind_normal
True,0.0,True,0,True,2023-09-18,wind_normal
True,0.0,True,0,True,2023-09-19,wind_normal
True,0.0,True,0,True,2023-09-20,wind_normal
True,0.0,True,0,True,2023-09-21,wind_normal
True,0.0,True,0,True,2023-09-22,wind_normal
True,0.0,True,0,True,2023-09-23,wind_normal
True,0.0,True,0,True,2023-09-24,wind_normal
True,0.0,True,0,True,2023-09-25,wind_normal
True,0.0,True,0,True,2023-09-26,wind_normal
True,0.0,True,0,True,2023-09-27,wind_normal
True,0.0,True,0,True,2023-09-28,wind_normal
True,0.0,True,0,True,2023-09-29,wind_normal
True,0.0,True,0,True,2023-09-30,wind_normal
True,0.0,True,0,True,2023-10-01,wind_normal
True,0.0,True,0,True,2023-10-02,wind_normal
True,0.0,True,0,True,2023-10-03,wind_normal
True,0.0,True,0,True,2023-10-04,wind_normal
True,0.0,True,0,True,2023-10-05,wind_normal
True,0.0,True,0,True,2023-10-06,wind_normal
True,0.0,True,0,True,2023-10-07,wind_normal
True,0.0,True,0,True,2023-10-08,wind_normal
True,0.0,True,0,True,2023-10-09,wind_normal
True,0.0,True,0,True,2023-10-10,wind_normal
True,0.0,True,0,True,2023-10-11,wind_normal
True,0.0,True,0,True,2023-10-12,wind_normal
True,0.0,True,0,True,2023-10-13,wind_normal
True,0.0,True,0,True,2023-10-14,wind_normal
True,0.0,True,0,True,2023-10-15,wind_normal
True,0.0,True,0,True,2023-10-16,wind_normal
True,0.0,True,0,True,2023-10-17,wind_normal
True,0.0,True,0,True,2023-10-18,wind_normal
True,0.0,True,0,True,2023-10-19,wind_normal
True,0.0,True,0,True,2023-10-20,wind_normal
True,0.0,True,0,True,2023-10-21,wind_normal
True,0.0,True,0,True,2023-10-22,wind_normal
True,0.0,True,0,True,2023-10-23,wind_normal
True,0.0,True,0,True,2023-10-24,wind_normal
True,0.0,True,0,True,2023-10-25,wind_normal
True,0.0,True,0,True,2023-10-26,wind_normal
True,0.0,True,0,True,2023-10-27,wind_normal
True,0.0,True,0,True,2023-10-28,wind_normal
True,0.0,True,0,True,2023-10-29,wind_normal
True,0.0,True,0,True,2023-10-30,wind_normal
True,0.0,True,0,True,2023-10-31,wind_normal
True,0.0,True,0,True,2023-11-01,wind_normal
True,0.0,True,0,True,2023-11-02,wind_normal
True,0.0,True,0,True,2023-11-03,wind_normal
True,0.0,True,0,True,2023-11-04,wind_normal
True,0.0,True,0,True,2023-11-05,wind_normal
True,0.0,True,0,True,2023-11-06,wind_normal
True,0.0,True,0,True,2023-11-07,wind_normal
True,0.0,True,0,True,2023-11-08,wind_normal
True,0.0,True,0,True,2023-11-09,wind_normal
True,0.0,True,0,True,2023-11-10,wind_normal
True,0.0,True,0,True,2023-11-11,wind_normal
True,0.0,True,0,True,2023-11-12,wind_normal
True,0.0,True,0,True,2023-11-13,wind_normal
True,0.0,True,0,True,2023-11-14,wind_normal
True,0.0,True,0,True,2023-11-15,wind_normal
True,0.0,True,0,True,2023-11-16,wind_normal
True,0.0,True,0,True,2023-11-17,wind_normal
True,0.0,True,0,True,2023-11-18,wind_normal
True,0.0,True,0,True,2023-11-19,wind_normal
True,0.0,True,0,True,2023-11-20,wind_normal
True,0.0,True,0,True,2023-11-21,wind_normal
True,0.0,True,0,True,2023-11-22,wind_normal
True,0.0,True,0,True,2023-11-23,wind_normal
True,0.0,True,0,True,2023-11-24,wind_normal
True,0.0,True,0,True,2023-11-25,wind_normal
True,0.0,True,0,True,2023-11-26,wind_normal
True,0.0,True,0,True,2023-11-27,wind_normal
True,0.0,True,0,True,2023-11-28,wind_normal
True,0.0,True,0,True,2023-11-29,wind_normal
True,0.0,True,0,True,2023-11-30,wind_normal
True,0.0,True,0,True,2023-12-01,wind_normal
True,0.0,True,0,True,2023-12-02,wind_normal
True,0.0,True,0,True,2023-12-03,wind_normal
True,0.0,True,0,True,2023-12-04,wind_normal
True,0.0,True,0,True,2023-12-05,wind_normal
True,0.0,True,0,True,2023-12-06,wind_normal
True,0.0,True,0,True,2023-12-07,wind_normal
True,0.0,True,0,True,2023-12-08,wind_normal
True,0.0,True,0,True,2023-12-09,wind_normal
True,0.0,True,0,True,2023-12-10,wind_normal
True,0.0,True,0,True,2023-12-11,wind_normal
True,0.0,True,0,True,2023-12-12,wind_normal
True,0.0,True,0,True,2023-12-13,wind_normal
True,0.0,True,0,True,2023-12-14,wind_normal
True,0.0,True,0,True,2023-12-15,wind_normal
True,0.0,True,0,True,2023-12-16,wind_normal
True,0.0,True,0,True,2023-12-17,wind_normal
True,0.0,True,0,True,2023-12-18,wind_normal
True,0.0,True,0,True,2023-12-19,wind_normal
True,0.0,True,0,True,2023-12-20,wind_normal
True,0.0,True,0,True,2023-12-21,wind_normal
True,0.0,True,0,True,2023-12-22,wind_normal
True,0.0,True,0,True,2023-12-23,wind_normal
True,0.0,True,0,True,2023-12-24,wind_normal
True,0.0,True,0,True,2023-12-25,wind_normal
True,0.0,True,0,True,2023-12-26,wind_normal
True,0.0,True,0,True,2023-12-27,wind_normal
True,0.0,True,0,True,2023-12-28,wind_normal
True,0.0,True,0,True,2023-12-29,wind_normal
True,0.0,True,0,True,2023-12-30,wind_normal
True,0.0,True,0,True,2023-12-31,wind_normal
True,0.0,True,0,True,2024-01-01,wind_normal
True,0.0,True,0,True,2024-01-02,wind_normal
True,0.0,True,0,True,2024-01-03,wind_normal
True,0.0,True,0,True,2024-01-04,wind_normal
True,0.0,True,0,True,2024-01-05,wind_normal
True,0.0,True,0,True,2024-01-06,wind_normal
True,0.0,True,0,True,2024-01-07,wind_normal
True,0.0,True,0,True,2024-01-08,wind_normal
True,0.0,True,0,True,2024-01-09,wind_normal
True,0.0,True,0,True,2024-01-10,wind_normal
True,0.0,True,0,True,2024-01-11,wind_normal
True,0.0,True,0,True,2024-01-12,wind_normal
True,0.0,True,0,True,2024-01-13,wind_normal
True,0.0,True,0,True,2024-01-14,wind_normal
True,0.0,True,0,True,2024-01-15,wind_normal
True,0.0,True,0,True,2024-01-16,wind_normal
True,0.0,True,0,True,2024-01-17,wind_normal
True,0.0,True,0,True,2024-01-18,wind_normal
True,0.0,True,0,True,2024-01-19,wind_normal
True,0.0,True,0,True,2024-01-20,wind_normal
True,0.0,True,0,True,2024-01-21,wind_normal
True,0.0,True,0,True,2024-01-22,wind_normal
True,0.0,True,0,True,2024-01-23,wind_normal
True,0.0,True,0,True,2024-01-24,wind_normal
True,0.0,True,0,True,2024-01-25,wind_normal
True,0.0,True,0,True,2024-01-26,wind_normal
True,0.0,True,0,True,2024-01-27,wind_normal
True,0.0,True,0,True,2024-01-28,wind_normal
True,0.0,True,0,True,2024-01-29,wind_normal
True,0.0,True,0,True,2024-01-30,wind_normal
True,0.0,True,0,True,2024-01-31,wind_normal
True,0.0,True,0,True,2024-02-01,wind_normal
True,0.0,True,0,True,2024-02-02,wind_normal
True,0.0,True,0,True,2024-02-03,wind_normal
True,0.0,True,0,True,2024-02-04,wind_normal
True,0.0,True,0,True,2024-02-05,wind_normal
True,0.0,True,0,True,2024-02-06,wind_normal
True,0.0,True,0,True,2024-02-07,wind_normal
True,0.0,True,0,True,2024-02-08,wind_normal
True,0.0,True,0,True,2024-02-09,wind_normal
True,0.0,True,0,True,2024-02-10,wind_normal
True,0.0,True,0,True,2024-02-11,wind_normal
True,0.0,True,0,True,2024-02-12,wind_normal
True,0.0,True,0,True,2024-02-13,wind_normal
True,0.0,True,0,True,2024-02-14,wind_normal
True,0.0,True,0,True,2024-02-15,wind_normal
True,0.0,True,0,True,2024-02-16,wind_normal
True,0.0,True,0,True,2024-02-17,wind_normal
True,0.0,True,0,True,2024-02-18,wind_normal
True,0.0,True,0,True,2024-02-19,wind_normal
True,0.0,True,0,True,2024-02-20,wind_normal
True,0.0,True,0,True,2024-02-21,wind_normal
True,0.0,True,0,True,2024-02-22,wind_normal
True,0.0,True,0,True,2024-02-23,wind_normal
True,0.0,True,0,True,2024-02-24,wind_normal
True,0.0,True,0,True,2024-02-25,wind_normal
True,0.0,True,0,True,2024-02-26,wind_normal
True,0.0,True,0,True,2024-02-27,wind_normal
True,0.0,True,0,True,2024-02-28,wind_normal
True,0.0,True,0,True,2024-02-29,wind_normal
True,0.0,True,0,True,2024-03-01,wind_normal
True,0.0,True,0,True,2024-03-02,wind_normal
True,0.0,True,0,True,2024-03-03,wind_normal
True,0.0,True,0,True,2024-03-04,wind_normal
True,0.0,True,0,True,2024-03-05,wind_normal
True,0.0,True,0,True,2024-03-06,wind_normal
True,0.0,True,0,True,2024-03-07,wind_normal
True,0.0,True,0,True,2024-03-08,wind_normal
True,0.0,True,0,True,2024-03-09,wind_normal
True,0.0,True,0,True,2024-03-10,wind_normal
True,0.0,True,0,True,2024-03-11,wind_normal
True,0.0,True,0,True,2024-03-12,wind_normal
True,0.0,True,0,True,2024-03-13,wind_normal
True,0.0,True,0,True,2024-03-14,wind_normal
True,0.0,True,0,True,2024-03-15,wind_normal
True,0.0,True,0,True,2024-03-16,wind_normal
True,0.0,True,0,True,2024-03-17,wind_normal
True,0.0,True,0,True,2024-03-18,wind_normal
True,0.0,True,0,True,2024-03-19,wind_normal
True,0.0,True,0,True,2024-03-20,wind_normal
True,0.0,True,0,True,2024-03-21,wind_normal
True,0.0,True,0,True,2024-03-22,wind_normal
True,0.0,True,0,True,2024-03-23,wind_normal
True,0.0,True,0,True,2024-03-24,wind_normal
True,0.0,True,0,True,2024-03-25,wind_normal
True,0.0,True,0,True,2024-03-26,wind_normal
True,0.0,True,0,True,2024-03-27,wind_normal
True,0.0,True,0,True,2024-03-28,wind_normal
True,0.0,True,0,True,2024-03-29,wind_normal
True,0.0,True,0,True,2024-03-30,wind_normal
True,0.0,True,0,True,2024-03-31,wind_normal
True,0.0,True,0,True,2024-04-01,wind_normal
True,0.0,True,0,True,2024-04-02,wind_normal
True,0.0,True,0,True,2024-04-03,wind_normal
True,0.0,True,0,True,2024-04-04,wind_normal
True,0.0,True,0,True,2024-04-05,wind_normal
True,0.0,True,0,True,2024-04-06,wind_normal
True,0.0,True,0,True,2024-04-07,wind_normal
True,0.0,True,0,True,2024-04-08,wind_normal
True,0.0,True,0,True,2024-04-09,wind_normal
True,0.0,True,0,True,2024-04-10,wind_normal
True,0.0,True,0,True,2024-04-11,wind_normal
True,0.0,True,0,True,2024-04-12,wind_normal
True,0.0,True,0,True,2024-04-13,wind_normal
True,0.0,True,0,True,2024-04-14,wind_normal
True,0.0,True,0,True,2024-04-15,wind_normal
True,0.0,True,0,True,2024-04-16,wind_normal
True,0.0,True,0,True,2024-04-17,wind_normal
True,0.0,True,0,True,2024-04-18,wind_normal
True,0.0,True,0,True,2024-04-19,wind_normal
True,0.0,True,0,True,2024-04-20,wind_normal
True,0.0,True,0,True,2024-04-21,wind_normal
True,0.0,True,0,True,2024-04-22,wind_normal
True,0.0,True,0,True,2024-04-23,wind_normal
True,0.0,True,0,True,2024-04-24,wind_normal
True,0.0,True,0,True,2024-04-25,wind_normal
True,0.0,True,0,True,2024-04-26,wind_normal
True,0.0,True,0,True,2024-04-27,wind_normal
True,0.0,True,0,True,2024-04-28,wind_normal
True,0.0,True,0,True,2024-04-29,wind_normal
True,0.0,True,0,True,2024-04-30,wind_normal
True,0.0,True,0,True,2024-05-01,wind_normal
True,0.0,True,0,True,2024-05-02,wind_normal
True,0.0,True,0,True,2024-05-03,wind_normal
True,0.0,True,0,True,2024-05-04,wind_normal
True,0.0,True,0,True,2024-05-05,wind_normal
True,0.0,True,0,True,2024-05-06,wind_normal
True,0.0,True,0,True,2024-05-07,wind_normal
True,0.0,True,0,True,2024-05-08,wind_normal
True,0.0,True,0,True,2024-05-09,wind_normal
True,0.0,True,0,True,2024-05-10,wind_normal
True,0.0,True,0,True,2024-05-11,wind_normal
True,0.0,True,0,True,2024-05-12,wind_normal
True,0.0,True,0,True,2024-05-13,wind_normal
True,0.0,True,0,True,2024-05-14,wind_normal
True,0.0,True,0,True,2024-05-15,wind_normal
True,0.0,True,0,True,2024-05-16,wind_normal
True,0.0,True,0,True,2024-05-17,wind_normal
True,0.0,True,0,True,2024-05-18,wind_normal
True,0.0,True,0,True,2024-05-19,wind_normal
True,0.0,True,0,True,2024-05-20,wind_normal
True,0.0,True,0,True,2024-05-21,wind_normal
True,0.0,True,0,True,2024-05-22,wind_normal
True,0.0,True,0,True,2024-05-23,wind_normal
True,0.0,True,0,True,2024-05-24,wind_normal
True,0.0,True,0,True,2024-05-25,wind_normal
True,0.0,True,0,True,2024-05-26,wind_normal
True,0.0,True,0,True,2024-05-27,wind_normal
True,0.0,True,0,True,2024-05-28,wind_normal
True,0.0,True,0,True,2024-05-29,wind_normal
True,0.0,True,0,True,2024-05-30,wind_normal
True,0.0,True,0,True,2024-05-31,wind_normal
True,0.0,True,0,True,2024-06-01,wind_normal
True,0.0,True,0,True,2024-06-02,wind_normal
True,0.0,True,0,True,2024-06-03,wind_normal
True,0.0,True,0,True,2024-06-04,wind_normal
True,0.0,True,0,True,2024-06-05,wind_normal
True,0.0,True,0,True,2024-06-06,wind_normal
True,0.0,True,0,True,2024-06-07,wind_normal
True,0.0,True,0,True,2024-06-08,wind_normal
True,0.0,True,0,True,2024-06-09,wind_normal
True,0.0,True,0,True,2024-06-10,wind_normal
True,0.0,True,0,True,2024-06-11,wind_normal
True,0.0,True,0,True,2024-06-12,wind_normal
True,0.0,True,0,True,2024-06-13,wind_normal
True,0.0,True,0,True,2024-06-14,wind_normal
True,0.0,True,0,True,2024-06-15,wind_normal
True,0.0,True,0,True,2024-06-16,wind_normal
True,0.0,True,0,True,2024-06-17,wind_normal
True,0.0,True,0,True,2024-06-18,wind_normal
True,0.0,True,0,True,2024-06-19,wind_normal
True,0.0,True,0,True,2024-06-20,wind_normal
True,0.0,True,0,True,2024-06-21,wind_normal
True,0.0,True,0,True,2024-06-22,wind_normal
True,0.0,True,0,True,2024-06-23,wind_normal
True,0.0,True,0,True,2024-06-24,wind_normal
True,0.0,True,0,True,2024-06-25,wind_normal
True,0.0,True,0,True,2024-06-26,wind_normal
True,0.0,True,0,True,2024-06-27,wind_normal
True,0.0,True,0,True,2024-06-28,wind_normal
True,0.0,True,0,True,2024-06-29,wind_normal
True,0.0,True,0,True,2024-06-30,wind_normal
True,0.0,True,0,True,2024-07-01,wind_normal
True,0.0,True,0,True,2024-07-02,wind_normal
True,0.0,True,0,True,2024-07-03,wind_normal
True,0.0,True,0,True,2024-07-04,wind_normal
True,0.0,True,0,True,2024-07-05,wind_normal
True,0.0,True,0,True,2024-07-06,wind_normal
True,0.0,True,0,True,2024-07-07,wind_normal
True,0.0,True,0,True,2024-07-08,wind_normal
True,0.0,True,0,True,2024-07-09,wind_normal
True,0.0,True,0,True,2024-07-10,wind_normal
True,0.0,True,0,True,2024-07-11,wind_normal
True,0.0,True,0,True,2024-07-12,wind_normal
True,0.0,True,0,True,2024-07-13,wind_normal
True,0.0,True,0,True,2024-07-14,wind_normal
True,0.0,True,0,True,2024-07-15,wind_normal
True,0.0,True,0,True,2024-07-16,wind_normal
True,0.0,True,0,True,2024-07-17,wind_normal
True,0.0,True,0,True,2024-07-18,wind_normal
True,0.0,True,0,True,2024-07-19,wind_normal
True,0.0,True,0,True,2024-07-20,wind_normal
True,0.0,True,0,True,2024-07-21,wind_normal
True,0.0,True,0,True,2024-07-22,wind_normal
True,0.0,True,0,True,2024-07-23,wind_normal
True,0.0,True,0,True,2024-07-24,wind_normal
True,0.0,True,0,True,2024-07-25,wind_normal
True,0.0,True,0,True,2024-07-26,wind_normal
True,0.0,True,0,True,2024-07-27,wind_normal
True,0.0,True,0,True,2024-07-28,wind_normal
True,0.0,True,0,True,2024-07-29,wind_normal
True,0.0,True,0,True,2024-07-30,wind_normal
True,0.0,True,0,True,2024-07-31,wind_normal
True,0.0,True,0,True,2024-08-01,wind_normal
True,0.0,True,0,True,2024-08-02,wind_normal
True,0.0,True,0,True,2024-08-03,wind_normal
True,0.0,True,0,True,2024-08-04,wind_normal
True,0.0,True,0,True,2024-08-05,wind_normal
True,0.0,True,0,True,2024-08-06,wind_normal
True,0.0,True,0,True,2024-08-07,wind_normal
True,0.0,True,0,True,2024-08-08,wind_normal
True,0.0,True,0,True,2024-08-09,wind_normal
True,0.0,True,0,True,2024-08-10,wind_normal
True,0.0,True,0,True,2024-08-11,wind_normal
True,0.0,True,0,True,2024-08-12,wind_normal
True,0.0,True,0,True,2024-08-13,wind_normal
True,0.0,True,0,True,2024-08-14,wind_normal
True,0.0,True,0,True,2024-08-15,wind_normal
True,0.0,True,0,True,2024-08-16,wind_normal
True,0.0,True,0,True,2024-08-17,wind_normal
True,0.0,True,0,True,2024-08-18,wind_normal
True,0.0,True,0,True,2024-08-19,wind_normal
True,0.0,True,0,True,2024-08-20,wind_normal
True,0.0,True,0,True,2024-08-21,wind_normal
True,0.0,True,0,True,2024-08-22,wind_normal
True,0.0,True,0,True,2024-08-23,wind_normal
True,0.0,True,0,True,2024-08-24,wind_normal
True,0.0,True,0,True,2024-08-25,wind_normal
True,0.0,True,0,True,2024-08-26,wind_normal
True,0.0,True,0,True,2024-08-27,wind_normal
True,0.0,True,0,True,2024-08-28,wind_normal
True,0.0,True,0,True,2024-08-29,wind_normal
True,0.0,True,0,True,2024-08-30,wind_normal
True,0.0,True,0,True,2024-08-31,wind_normal
True,0.0,True,0,True,2024-09-01,wind_normal
True,0.0,True,0,True,2024-09-02,wind_normal
True,0.0,True,0,True,2024-09-03,wind_normal
True,0.0,True,0,True,2024-09-04,wind_normal
True,0.0,True,0,True,2024-09-05,wind_normal
True,0.0,True,0,True,2024-09-06,wind_normal
True,0.0,True,0,True,2024-09-07,wind_normal
True,0.0,True,0,True,2024-09-08,wind_normal
True,0.0,True,0,True,2024-09-09,wind_normal
True,0.0,True,0,True,2024-09-10,wind_normal
True,0.0,True,0,True,2024-09-11,wind_normal
True,0.0,True,0,True,2024-09-12,wind_normal
True,0.0,True,0,True,2024-09-13,wind_normal
True,0.0,True,0,True,2024-09-14,wind_normal
True,0.0,True,0,True,2024-09-15,wind_normal
True,0.0,True,0,True,2024-09-16,wind_normal
True,0.0,True,0,True,2024-09-17,wind_normal
True,0.0,True,0,True,2024-09-18,wind_normal
True,0.0,True,0,True,2024-09-19,wind_normal
True,0.0,True,0,True,2024-09-20,wind_normal
True,0.0,True,0,True,2024-09-21,wind_normal
True,0.0,True,0,True,2024-09-22,wind_normal
True,0.0,True,0,True,2024-09-23,wind_normal
True,0.0,True,0,True,2024-09-24,wind_normal
True,0.0,True,0,True,2024-09-25,wind_normal
True,0.0,True,0,True,2024-09-26,wind_normal
True,0.0,True,0,True,2024-09-27,wind_normal
True,0.0,True,0,True,2024-09-28,wind_normal
True,0.0,True,0,True,2024-09-29,wind_normal
True,0.0,True,0,True,2024-09-30,wind_normal
True,0.0,True,0,True,2024-10-01,wind_normal
True,0.0,True,0,True,2024-10-02,wind_normal
True,0.0,True,0,True,2024-10-03,wind_normal
True,0.0,True,0,True,2024-10-04,wind_normal
True,0.0,True,0,True,2024-10-05,wind_normal
True,0.0,True,0,True,2024-10-06,wind_normal
True,0.0,True,0,True,2024-10-07,wind_normal
True,0.0,True,0,True,2024-10-08,wind_normal
True,0.0,True,0,True,2024-10-09,wind_normal
True,0.0,True,0,True,2024-10-10,wind_normal
True,0.0,True,0,True,2024-10-11,wind_normal
True,0.0,True,0,True,2024-10-12,wind_normal
True,0.0,True,0,True,2024-10-13,wind_normal
True,0.0,True,0,True,2024-10-14,wind_normal
True,0.0,True,0,True,2024-10-15,wind_normal
True,0.0,True,0,True,2024-10-16,wind_normal
True,0.0,True,0,True,2024-10-17,wind_normal
True,0.0,True,0,True,2024-10-18,wind_normal
True,0.0,True,0,True,2024-10-19,wind_normal
True,0.0,True,0,True,2024-10-20,wind_normal
True,0.0,True,0,True,2024-10-21,wind_normal
True,0.0,True,0,True,2024-10-22,wind_normal
True,0.0,True,0,True,2024-10-23,wind_normal
True,0.0,True,0,True,2024-10-24,wind_normal
True,0.0,True,0,True,2024-10-25,wind_normal
True,0.0,True,0,True,2024-10-26,wind_normal
True,0.0,True,0,True,2024-10-27,wind_normal
True,0.0,True,0,True,2024-10-28,wind_normal
True,0.0,True,0,True,2024-10-29,wind_normal
True,0.0,True,0,True,2024-10-30,wind_normal
True,0.0,True,0,True,2024-10-31,wind_normal
True,0.0,True,0,True,2024-11-01,wind_normal
True,0.0,True,0,True,2024-11-02,wind_normal
True,0.0,True,0,True,2024-11-03,wind_normal
True,0.0,True,0,True,2024-11-04,wind_normal
True,0.0,True,0,True,2024-11-05,wind_normal
True,0.0,True,0,True,2024-11-06,wind_normal
True,0.0,True,0,True,2024-11-07,wind_normal
True,0.0,True,0,True,2024-11-08,wind_normal
True,0.0,True,0,True,2024-11-09,wind_normal
True,0.0,True,0,True,2024-11-10,wind_normal
True,0.0,True,0,True,2024-11-11,wind_normal
True,0.0,True,0,True,2024-11-12,wind_normal
True,0.0,True,0,True,2024-11-13,wind_normal
True,0.0,True,0,True,2024-11-14,wind_normal
True,0.0,True,0,True,2024-11-15,wind_normal
True,0.0,True,0,True,2024-11-16,wind_normal
True,0.0,True,0,True,2024-11-17,wind_normal
True,0.0,True,0,True,2024-11-18,wind_normal
True,0.0,True,0,True,2024-11-19,wind_normal
True,0.0,True,0,True,2024-11-20,wind_normal
True,0.0,True,0,True,2024-11-21,wind_normal
True,0.0,True,0,True,2024-11-22,wind_normal
True,0.0,True,0,True,2024-11-23,wind_normal
True,0.0,True,0,True,2024-11-24,wind_normal
True,0.0,True,0,True,2024-11-25,wind_normal
True,0.0,True,0,True,2024-11-26,wind_normal
True,0.0,True,0,True,2024-11-27,wind_normal
True,0.0,True,0,True,2024-11-28,wind_normal
True,0.0,True,0,True,2024-11-29,wind_normal
True,0.0,True,0,True,2024-11-30,wind_normal
True,0.0,True,0,True,2024-12-01,wind_normal
True,0.0,True,0,True,2024-12-02,wind_normal
True,0.0,True,0,True,2024-12-03,wind_normal
True,0.0,True,0,True,2024-12-04,wind_normal
True,0.0,True,0,True,2024-12-05,wind_normal
True,0.0,True,0,True,2024-12-06,wind_normal
True,0.0,True,0,True,2024-12-07,wind_normal
True,0.0,True,0,True,2024-12-08,wind_normal
True,0.0,True,0,True,2024-12-09,wind_normal
True,0.0,True,0,True,2024-12-10,wind_normal
True,0.0,True,0,True,2024-12-11,wind_normal
True,0.0,True,0,True,2024-12-12,wind_normal
True,0.0,True,0,True,2024-12-13,wind_normal
True,0.0,True,0,True,2024-12-14,wind_normal
True,0.0,True,0,True,2024-12-15,wind_normal
True,0.0,True,0,True,2024-12-16,wind_normal
True,0.0,True,0,True,2024-12-17,wind_normal
True,0.0,True,0,True,2024-12-18,wind_normal
True,0.0,True,0,True,2024-12-19,wind_normal
True,0.0,True,0,True,2024-12-20,wind_normal
True,0.0,True,0,True,2024-12-21,wind_normal
True,0.0,True,0,True,2024-12-22,wind_normal
True,0.0,True,0,True,2024-12-23,wind_normal
True,0.0,True,0,True,2024-12-24,wind_normal
True,0.0,True,0,True,2024-12-25,wind_normal
True,0.0,True,0,True,2024-12-26,wind_normal
True,0.0,True,0,True,2024-12-27,wind_normal
True,0.0,True,0,True,2024-12-28,wind_normal
True,0.0,True,0,True,2024-12-29,wind_normal
True,0.0,True,0,True,2024-12-30,wind_normal
True,0.0,True,0,True,2024-12-31,wind_normal
True,0.0,True,0,True,2020-01-01,wind_dispersion
True,0.0,True,0,True,2020-01-02,wind_dispersion
True,0.0,True,0,True,2020-01-03,wind_dispersion
True,0.0,True,0,True,2020-01-04,wind_dispersion
True,0.0,True,0,True,2020-01-05,wind_dispersion
True,0.0,True,0,True,2020-01-06,wind_dispersion
True,0.0,True,0,True,2020-01-07,wind_dispersion
True,0.0,True,0,True,2020-01-08,wind_dispersion
True,0.0,True,0,True,2020-01-09,wind_dispersion
True,0.0,True,0,True,2020-01-10,wind_dispersion
True,0.0,True,0,True,2020-01-11,wind_dispersion
True,0.0,True,0,True,2020-01-12,wind_dispersion
True,0.0,True,0,True,2020-01-13,wind_dispersion
True,0.0,True,0,True,2020-01-14,wind_dispersion
True,0.0,True,0,True,2020-01-15,wind_dispersion
True,0.0,True,0,True,2020-01-16,wind_dispersion
True,0.0,True,0,True,2020-01-17,wind_dispersion
True,0.0,True,0,True,2020-01-18,wind_dispersion
True,0.0,True,0,True,2020-01-19,wind_dispersion
True,0.0,True,0,True,2020-01-20,wind_dispersion
True,0.0,True,0,True,2020-01-21,wind_dispersion
True,0.0,True,0,True,2020-01-22,wind_dispersion
True,0.0,True,0,True,2020-01-23,wind_dispersion
True,0.0,True,0,True,2020-01-24,wind_dispersion
True,0.0,True,0,True,2020-01-25,wind_dispersion
True,0.0,True,0,True,2020-01-26,wind_dispersion
True,0.0,True,0,True,2020-01-27,wind_dispersion
True,0.0,True,0,True,2020-01-28,wind_dispersion
True,0.0,True,0,True,2020-01-29,wind_dispersion
True,0.0,True,0,True,2020-01-30,wind_dispersion
True,0.0,True,0,True,2020-01-31,wind_dispersion
True,0.0,True,0,True,2020-02-01,wind_dispersion
True,0.0,True,0,True,2020-02-02,wind_dispersion
True,0.0,True,0,True,2020-02-03,wind_dispersion
True,0.0,True,0,True,2020-02-04,wind_dispersion
True,0.0,True,0,True,2020-02-05,wind_dispersion
True,0.0,True,0,True,2020-02-06,wind_dispersion
True,0.0,True,0,True,2020-02-07,wind_dispersion
True,0.0,True,0,True,2020-02-08,wind_dispersion
True,0.0,True,0,True,2020-02-09,wind_dispersion
True,0.0,True,0,True,2020-02-10,wind_dispersion
True,0.0,True,0,True,2020-02-11,wind_dispersion
True,0.0,True,0,True,2020-02-12,wind_dispersion
True,0.0,True,0,True,2020-02-13,wind_dispersion
True,0.0,True,0,True,2020-02-14,wind_dispersion
True,0.0,True,0,True,2020-02-15,wind_dispersion
True,0.0,True,0,True,2020-02-16,wind_dispersion
True,0.0,True,0,True,2020-02-17,wind_dispersion
True,0.0,True,0,True,2020-02-18,wind_dispersion
True,0.0,True,0,True,2020-02-19,wind_dispersion
True,0.0,True,0,True,2020-02-20,wind_dispersion
True,0.0,True,0,True,2020-02-21,wind_dispersion
True,0.0,True,0,True,2020-02-22,wind_dispersion
True,0.0,True,0,True,2020-02-23,wind_dispersion
True,0.0,True,0,True,2020-02-24,wind_dispersion
True,0.0,True,0,True,2020-02-25,wind_dispersion
True,0.0,True,0,True,2020-02-26,wind_dispersion
True,0.0,True,0,True,2020-02-27,wind_dispersion
True,0.0,True,0,True,2020-02-28,wind_dispersion
True,0.0,True,0,True,2020-02-29,wind_dispersion
True,0.0,True,0,True,2020-03-01,wind_dispersion
True,0.0,True,0,True,2020-03-02,wind_dispersion
True,0.0,True,0,True,2020-03-03,wind_dispersion
True,0.0,True,0,True,2020-03-04,wind_dispersion
True,0.0,True,0,True,2020-03-05,wind_dispersion
True,0.0,True,0,True,2020-03-06,wind_dispersion
True,0.0,True,0,True,2020-03-07,wind_dispersion
True,0.0,True,0,True,2020-03-08,wind_dispersion
True,0.0,True,0,True,2020-03-09,wind_dispersion
True,0.0,True,0,True,2020-03-10,wind_dispersion
True,0.0,True,0,True,2020-03-11,wind_dispersion
True,0.0,True,0,True,2020-03-12,wind_dispersion
True,0.0,True,0,True,2020-03-13,wind_dispersion
True,0.0,True,0,True,2020-03-14,wind_dispersion
True,0.0,True,0,True,2020-03-15,wind_dispersion
True,0.0,True,0,True,2020-03-16,wind_dispersion
True,0.0,True,0,True,2020-03-17,wind_dispersion
True,0.0,True,0,True,2020-03-18,wind_dispersion
True,0.0,True,0,True,2020-03-19,wind_dispersion
True,0.0,True,0,True,2020-03-20,wind_dispersion
True,0.0,True,0,True,2020-03-21,wind_dispersion
True,0.0,True,0,True,2020-03-22,wind_dispersion
True,0.0,True,0,True,2020-03-23,wind_dispersion
True,0.0,True,0,True,2020-03-24,wind_dispersion
True,0.0,True,0,True,2020-03-25,wind_dispersion
True,0.0,True,0,True,2020-03-26,wind_dispersion
True,0.0,True,0,True,2020-03-27,wind_dispersion
True,0.0,True,0,True,2020-03-28,wind_dispersion
True,0.0,True,0,True,2020-03-29,wind_dispersion
True,0.0,True,0,True,2020-03-30,wind_dispersion
True,0.0,True,0,True,2020-03-31,wind_dispersion
True,0.0,True,0,True,2020-04-01,wind_dispersion
True,0.0,True,0,True,2020-04-02,wind_dispersion
True,0.0,True,0,True,2020-04-03,wind_dispersion
True,0.0,True,0,True,2020-04-04,wind_dispersion
True,0.0,True,0,True,2020-04-05,wind_dispersion
True,0.0,True,0,True,2020-04-06,wind_dispersion
True,0.0,True,0,True,2020-04-07,wind_dispersion
True,0.0,True,0,True,2020-04-08,wind_dispersion
True,0.0,True,0,True,2020-04-09,wind_dispersion
True,0.0,True,0,True,2020-04-10,wind_dispersion
True,0.0,True,0,True,2020-04-11,wind_dispersion
True,0.0,True,0,True,2020-04-12,wind_dispersion
True,0.0,True,0,True,2020-04-13,wind_dispersion
True,0.0,True,0,True,2020-04-14,wind_dispersion
True,0.0,True,0,True,2020-04-15,wind_dispersion
True,0.0,True,0,True,2020-04-16,wind_dispersion
True,0.0,True,0,True,2020-04-17,wind_dispersion
True,0.0,True,0,True,2020-04-18,wind_dispersion
True,0.0,True,0,True,2020-04-19,wind_dispersion
True,0.0,True,0,True,2020-04-20,wind_dispersion
True,0.0,True,0,True,2020-04-21,wind_dispersion
True,0.0,True,0,True,2020-04-22,wind_dispersion
True,0.0,True,0,True,2020-04-23,wind_dispersion
True,0.0,True,0,True,2020-04-24,wind_dispersion
True,0.0,True,0,True,2020-04-25,wind_dispersion
True,0.0,True,0,True,2020-04-26,wind_dispersion
True,0.0,True,0,True,2020-04-27,wind_dispersion
True,0.0,True,0,True,2020-04-28,wind_dispersion
True,0.0,True,0,True,2020-04-29,wind_dispersion
True,0.0,True,0,True,2020-04-30,wind_dispersion
True,0.0,True,0,True,2020-05-01,wind_dispersion
True,0.0,True,0,True,2020-05-02,wind_dispersion
True,0.0,True,0,True,2020-05-03,wind_dispersion
True,0.0,True,0,True,2020-05-04,wind_dispersion
True,0.0,True,0,True,2020-05-05,wind_dispersion
True,0.0,True,0,True,2020-05-06,wind_dispersion
True,0.0,True,0,True,2020-05-07,wind_dispersion
True,0.0,True,0,True,2020-05-08,wind_dispersion
True,0.0,True,0,True,2020-05-09,wind_dispersion
True,0.0,True,0,True,2020-05-10,wind_dispersion
True,0.0,True,0,True,2020-05-11,wind_dispersion
True,0.0,True,0,True,2020-05-12,wind_dispersion
True,0.0,True,0,True,2020-05-13,wind_dispersion
True,0.0,True,0,True,2020-05-14,wind_dispersion
True,0.0,True,0,True,2020-05-15,wind_dispersion
True,0.0,True,0,True,2020-05-16,wind_dispersion
True,0.0,True,0,True,2020-05-17,wind_dispersion
True,0.0,True,0,True,2020-05-18,wind_dispersion
True,0.0,True,0,True,2020-05-19,wind_dispersion
True,0.0,True,0,True,2020-05-20,wind_dispersion
True,0.0,True,0,True,2020-05-21,wind_dispersion
True,0.0,True,0,True,2020-05-22,wind_dispersion
True,0.0,True,0,True,2020-05-23,wind_dispersion
True,0.0,True,0,True,2020-05-24,wind_dispersion
True,0.0,True,0,True,2020-05-25,wind_dispersion
True,0.0,True,0,True,2020-05-26,wind_dispersion
True,0.0,True,0,True,2020-05-27,wind_dispersion
True,0.0,True,0,True,2020-05-28,wind_dispersion
True,0.0,True,0,True,2020-05-29,wind_dispersion
True,0.0,True,0,True,2020-05-30,wind_dispersion
True,0.0,True,0,True,2020-05-31,wind_dispersion
True,0.0,True,0,True,2020-06-01,wind_dispersion
True,0.0,True,0,True,2020-06-02,wind_dispersion
True,0.0,True,0,True,2020-06-03,wind_dispersion
True,0.0,True,0,True,2020-06-04,wind_dispersion
True,0.0,True,0,True,2020-06-05,wind_dispersion
True,0.0,True,0,True,2020-06-06,wind_dispersion
True,0.0,True,0,True,2020-06-07,wind_dispersion
True,0.0,True,0,True,2020-06-08,wind_dispersion
True,0.0,True,0,True,2020-06-09,wind_dispersion
True,0.0,True,0,True,2020-06-10,wind_dispersion
True,0.0,True,0,True,2020-06-11,wind_dispersion
True,0.0,True,0,True,2020-06-12,wind_dispersion
True,0.0,True,0,True,2020-06-13,wind_dispersion
True,0.0,True,0,True,2020-06-14,wind_dispersion
True,0.0,True,0,True,2020-06-15,wind_dispersion
True,0.0,True,0,True,2020-06-16,wind_dispersion
True,0.0,True,0,True,2020-06-17,wind_dispersion
True,0.0,True,0,True,2020-06-18,wind_dispersion
True,0.0,True,0,True,2020-06-19,wind_dispersion
True,0.0,True,0,True,2020-06-20,wind_dispersion
True,0.0,True,0,True,2020-06-21,wind_dispersion
True,0.0,True,0,True,2020-06-22,wind_dispersion
True,0.0,True,0,True,2020-06-23,wind_dispersion
True,0.0,True,0,True,2020-06-24,wind_dispersion
True,0.0,True,0,True,2020-06-25,wind_dispersion
True,0.0,True,0,True,2020-06-26,wind_dispersion
True,0.0,True,0,True,2020-06-27,wind_dispersion
True,0.0,True,0,True,2020-06-28,wind_dispersion
True,0.0,True,0,True,2020-06-29,wind_dispersion
True,0.0,True,0,True,2020-06-30,wind_dispersion
True,0.0,True,0,True,2020-07-01,wind_dispersion
True,0.0,True,0,True,2020-07-02,wind_dispersion
True,0.0,True,0,True,2020-07-03,wind_dispersion
True,0.0,True,0,True,2020-07-04,wind_dispersion
True,0.0,True,0,True,2020-07-05,wind_dispersion
True,0.0,True,0,True,2020-07-06,wind_dispersion
True,0.0,True,0,True,2020-07-07,wind_dispersion
True,0.0,True,0,True,2020-07-08,wind_dispersion
True,0.0,True,0,True,2020-07-09,wind_dispersion
True,0.0,True,0,True,2020-07-10,wind_dispersion
True,0.0,True,0,True,2020-07-11,wind_dispersion
True,0.0,True,0,True,2020-07-12,wind_dispersion
True,0.0,True,0,True,2020-07-13,wind_dispersion
True,0.0,True,0,True,2020-07-14,wind_dispersion
True,0.0,True,0,True,2020-07-15,wind_dispersion
True,0.0,True,0,True,2020-07-16,wind_dispersion
True,0.0,True,0,True,2020-07-17,wind_dispersion
True,0.0,True,0,True,2020-07-18,wind_dispersion
True,0.0,True,0,True,2020-07-19,wind_dispersion
True,0.0,True,0,True,2020-07-20,wind_dispersion
True,0.0,True,0,True,2020-07-21,wind_dispersion
True,0.0,True,0,True,2020-07-22,wind_dispersion
True,0.0,True,0,True,2020-07-23,wind_dispersion
True,0.0,True,0,True,2020-07-24,wind_dispersion
True,0.0,True,0,True,2020-07-25,wind_dispersion
True,0.0,True,0,True,2020-07-26,wind_dispersion
True,0.0,True,0,True,2020-07-27,wind_dispersion
True,0.0,True,0,True,2020-07-28,wind_dispersion
True,0.0,True,0,True,2020-07-29,wind_dispersion
True,0.0,True,0,True,2020-07-30,wind_dispersion
True,0.0,True,0,True,2020-07-31,wind_dispersion
True,0.0,True,0,True,2020-08-01,wind_dispersion
True,0.0,True,0,True,2020-08-02,wind_dispersion
True,0.0,True,0,True,2020-08-03,wind_dispersion
True,0.0,True,0,True,2020-08-04,wind_dispersion
True,0.0,True,0,True,2020-08-05,wind_dispersion
True,0.0,True,0,True,2020-08-06,wind_dispersion
True,0.0,True,0,True,2020-08-07,wind_dispersion
True,0.0,True,0,True,2020-08-08,wind_dispersion
True,0.0,True,0,True,2020-08-09,wind_dispersion
True,0.0,True,0,True,2020-08-10,wind_dispersion
True,0.0,True,0,True,2020-08-11,wind_dispersion
True,0.0,True,0,True,2020-08-12,wind_dispersion
True,0.0,True,0,True,2020-08-13,wind_dispersion
True,0.0,True,0,True,2020-08-14,wind_dispersion
True,0.0,True,0,True,2020-08-15,wind_dispersion
True,0.0,True,0,True,2020-08-16,wind_dispersion
True,0.0,True,0,True,2020-08-17,wind_dispersion
True,0.0,True,0,True,2020-08-18,wind_dispersion
True,0.0,True,0,True,2020-08-19,wind_dispersion
True,0.0,True,0,True,2020-08-20,wind_dispersion
True,0.0,True,0,True,2020-08-21,wind_dispersion
True,0.0,True,0,True,2020-08-22,wind_dispersion
True,0.0,True,0,True,2020-08-23,wind_dispersion
True,0.0,True,0,True,2020-08-24,wind_dispersion
True,0.0,True,0,True,2020-08-25,wind_dispersion
True,0.0,True,0,True,2020-08-26,wind_dispersion
True,0.0,True,0,True,2020-08-27,wind_dispersion
True,0.0,True,0,True,2020-08-28,wind_dispersion
True,0.0,True,0,True,2020-08-29,wind_dispersion
True,0.0,True,0,True,2020-08-30,wind_dispersion
True,0.0,True,0,True,2020-08-31,wind_dispersion
True,0.0,True,0,True,2020-09-01,wind_dispersion
True,0.0,True,0,True,2020-09-02,wind_dispersion
True,0.0,True,0,True,2020-09-03,wind_dispersion
True,0.0,True,0,True,2020-09-04,wind_dispersion
True,0.0,True,0,True,2020-09-05,wind_dispersion
True,0.0,True,0,True,2020-09-06,wind_dispersion
True,0.0,True,0,True,2020-09-07,wind_dispersion
True,0.0,True,0,True,2020-09-08,wind_dispersion
True,0.0,True,0,True,2020-09-09,wind_dispersion
True,0.0,True,0,True,2020-09-10,wind_dispersion
True,0.0,True,0,True,2020-09-11,wind_dispersion
True,0.0,True,0,True,2020-09-12,wind_dispersion
True,0.0,True,0,True,2020-09-13,wind_dispersion
True,0.0,True,0,True,2020-09-14,wind_dispersion
True,0.0,True,0,True,2020-09-15,wind_dispersion
True,0.0,True,0,True,2020-09-16,wind_dispersion
True,0.0,True,0,True,2020-09-17,wind_dispersion
True,0.0,True,0,True,2020-09-18,wind_dispersion
True,0.0,True,0,True,2020-09-19,wind_dispersion
True,0.0,True,0,True,2020-09-20,wind_dispersion
True,0.0,True,0,True,2020-09-21,wind_dispersion
True,0.0,True,0,True,2020-09-22,wind_dispersion
True,0.0,True,0,True,2020-09-23,wind_dispersion
True,0.0,True,0,True,2020-09-24,wind_dispersion
True,0.0,True,0,True,2020-09-25,wind_dispersion
True,0.0,True,0,True,2020-09-26,wind_dispersion
True,0.0,True,0,True,2020-09-27,wind_dispersion
True,0.0,True,0,True,2020-09-28,wind_dispersion
True,0.0,True,0,True,2020-09-29,wind_dispersion
True,0.0,True,0,True,2020-09-30,wind_dispersion
True,0.0,True,0,True,2020-10-01,wind_dispersion
True,0.0,True,0,True,2020-10-02,wind_dispersion
True,0.0,True,0,True,2020-10-03,wind_dispersion
True,0.0,True,0,True,2020-10-04,wind_dispersion
True,0.0,True,0,True,2020-10-05,wind_dispersion
True,0.0,True,0,True,2020-10-06,wind_dispersion
True,0.0,True,0,True,2020-10-07,wind_dispersion
True,0.0,True,0,True,2020-10-08,wind_dispersion
True,0.0,True,0,True,2020-10-09,wind_dispersion
True,0.0,True,0,True,2020-10-10,wind_dispersion
True,0.0,True,0,True,2020-10-11,wind_dispersion
True,0.0,True,0,True,2020-10-12,wind_dispersion
True,0.0,True,0,True,2020-10-13,wind_dispersion
True,0.0,True,0,True,2020-10-14,wind_dispersion
True,0.0,True,0,True,2020-10-15,wind_dispersion
True,0.0,True,0,True,2020-10-16,wind_dispersion
True,0.0,True,0,True,2020-10-17,wind_dispersion
True,0.0,True,0,True,2020-10-18,wind_dispersion
True,0.0,True,0,True,2020-10-19,wind_dispersion
True,0.0,True,0,True,2020-10-20,wind_dispersion
True,0.0,True,0,True,2020-10-21,wind_dispersion
True,0.0,True,0,True,2020-10-22,wind_dispersion
True,0.0,True,0,True,2020-10-23,wind_dispersion
True,0.0,True,0,True,2020-10-24,wind_dispersion
True,0.0,True,0,True,2020-10-25,wind_dispersion
True,0.0,True,0,True,2020-10-26,wind_dispersion
True,0.0,True,0,True,2020-10-27,wind_dispersion
True,0.0,True,0,True,2020-10-28,wind_dispersion
True,0.0,True,0,True,2020-10-29,wind_dispersion
True,0.0,True,0,True,2020-10-30,wind_dispersion
True,0.0,True,0,True,2020-10-31,wind_dispersion
True,0.0,True,0,True,2020-11-01,wind_dispersion
True,0.0,True,0,True,2020-11-02,wind_dispersion
True,0.0,True,0,True,2020-11-03,wind_dispersion
True,0.0,True,0,True,2020-11-04,wind_dispersion
True,0.0,True,0,True,2020-11-05,wind_dispersion
True,0.0,True,0,True,2020-11-06,wind_dispersion
True,0.0,True,0,True,2020-11-07,wind_dispersion
True,0.0,True,0,True,2020-11-08,wind_dispersion
True,0.0,True,0,True,2020-11-09,wind_dispersion
True,0.0,True,0,True,2020-11-10,wind_dispersion
True,0.0,True,0,True,2020-11-11,wind_dispersion
True,0.0,True,0,True,2020-11-12,wind_dispersion
True,0.0,True,0,True,2020-11-13,wind_dispersion
True,0.0,True,0,True,2020-11-14,wind_dispersion
True,0.0,True,0,True,2020-11-15,wind_dispersion
True,0.0,True,0,True,2020-11-16,wind_dispersion
True,0.0,True,0,True,2020-11-17,wind_dispersion
True,0.0,True,0,True,2020-11-18,wind_dispersion
True,0.0,True,0,True,2020-11-19,wind_dispersion
True,0.0,True,0,True,2020-11-20,wind_dispersion
True,0.0,True,0,True,2020-11-21,wind_dispersion
True,0.0,True,0,True,2020-11-22,wind_dispersion
True,0.0,True,0,True,2020-11-23,wind_dispersion
True,0.0,True,0,True,2020-11-24,wind_dispersion
True,0.0,True,0,True,2020-11-25,wind_dispersion
True,0.0,True,0,True,2020-11-26,wind_dispersion
True,0.0,True,0,True,2020-11-27,wind_dispersion
True,0.0,True,0,True,2020-11-28,wind_dispersion
True,0.0,True,0,True,2020-11-29,wind_dispersion
True,0.0,True,0,True,2020-11-30,wind_dispersion
True,0.0,True,0,True,2020-12-01,wind_dispersion
True,0.0,True,0,True,2020-12-02,wind_dispersion
True,0.0,True,0,True,2020-12-03,wind_dispersion
True,0.0,True,0,True,2020-12-04,wind_dispersion
True,0.0,True,0,True,2020-12-05,wind_dispersion
True,0.0,True,0,True,2020-12-06,wind_dispersion
True,0.0,True,0,True,2020-12-07,wind_dispersion
True,0.0,True,0,True,2020-12-08,wind_dispersion
True,0.0,True,0,True,2020-12-09,wind_dispersion
True,0.0,True,0,True,2020-12-10,wind_dispersion
True,0.0,True,0,True,2020-12-11,wind_dispersion
True,0.0,True,0,True,2020-12-12,wind_dispersion
True,0.0,True,0,True,2020-12-13,wind_dispersion
True,0.0,True,0,True,2020-12-14,wind_dispersion
True,0.0,True,0,True,2020-12-15,wind_dispersion
True,0.0,True,0,True,2020-12-16,wind_dispersion
True,0.0,True,0,True,2020-12-17,wind_dispersion
True,0.0,True,0,True,2020-12-18,wind_dispersion
True,0.0,True,0,True,2020-12-19,wind_dispersion
True,0.0,True,0,True,2020-12-20,wind_dispersion
True,0.0,True,0,True,2020-12-21,wind_dispersion
True,0.0,True,0,True,2020-12-22,wind_dispersion
True,0.0,True,0,True,2020-12-23,wind_dispersion
True,0.0,True,0,True,2020-12-24,wind_dispersion
True,0.0,True,0,True,2020-12-25,wind_dispersion
True,0.0,True,0,True,2020-12-26,wind_dispersion
True,0.0,True,0,True,2020-12-27,wind_dispersion
True,0.0,True,0,True,2020-12-28,wind_dispersion
True,0.0,True,0,True,2020-12-29,wind_dispersion
True,0.0,True,0,True,2020-12-30,wind_dispersion
True,0.0,True,0,True,2020-12-31,wind_dispersion
True,0.0,True,0,True,2021-01-01,wind_dispersion
True,0.0,True,0,True,2021-01-02,wind_dispersion
True,0.0,True,0,True,2021-01-03,wind_dispersion
True,0.0,True,0,True,2021-01-04,wind_dispersion
True,0.0,True,0,True,2021-01-05,wind_dispersion
True,0.0,True,0,True,2021-01-06,wind_dispersion
True,0.0,True,0,True,2021-01-07,wind_dispersion
True,0.0,True,0,True,2021-01-08,wind_dispersion
True,0.0,True,0,True,2021-01-09,wind_dispersion
True,0.0,True,0,True,2021-01-10,wind_dispersion
True,0.0,True,0,True,2021-01-11,wind_dispersion
True,0.0,True,0,True,2021-01-12,wind_dispersion
True,0.0,True,0,True,2021-01-13,wind_dispersion
True,0.0,True,0,True,2021-01-14,wind_dispersion
True,0.0,True,0,True,2021-01-15,wind_dispersion
True,0.0,True,0,True,2021-01-16,wind_dispersion
True,0.0,True,0,True,2021-01-17,wind_dispersion
True,0.0,True,0,True,2021-01-18,wind_dispersion
True,0.0,True,0,True,2021-01-19,wind_dispersion
True,0.0,True,0,True,2021-01-20,wind_dispersion
True,0.0,True,0,True,2021-01-21,wind_dispersion
True,0.0,True,0,True,2021-01-22,wind_dispersion
True,0.0,True,0,True,2021-01-23,wind_dispersion
True,0.0,True,0,True,2021-01-24,wind_dispersion
True,0.0,True,0,True,2021-01-25,wind_dispersion
True,0.0,True,0,True,2021-01-26,wind_dispersion
True,0.0,True,0,True,2021-01-27,wind_dispersion
True,0.0,True,0,True,2021-01-28,wind_dispersion
True,0.0,True,0,True,2021-01-29,wind_dispersion
True,0.0,True,0,True,2021-01-30,wind_dispersion
True,0.0,True,0,True,2021-01-31,wind_dispersion
True,0.0,True,0,True,2021-02-01,wind_dispersion
True,0.0,True,0,True,2021-02-02,wind_dispersion
True,0.0,True,0,True,2021-02-03,wind_dispersion
True,0.0,True,0,True,2021-02-04,wind_dispersion
True,0.0,True,0,True,2021-02-05,wind_dispersion
True,0.0,True,0,True,2021-02-06,wind_dispersion
True,0.0,True,0,True,2021-02-07,wind_dispersion
True,0.0,True,0,True,2021-02-08,wind_dispersion
True,0.0,True,0,True,2021-02-09,wind_dispersion
True,0.0,True,0,True,2021-02-10,wind_dispersion
True,0.0,True,0,True,2021-02-11,wind_dispersion
True,0.0,True,0,True,2021-02-12,wind_dispersion
True,0.0,True,0,True,2021-02-13,wind_dispersion
True,0.0,True,0,True,2021-02-14,wind_dispersion
True,0.0,True,0,True,2021-02-15,wind_dispersion
True,0.0,True,0,True,2021-02-16,wind_dispersion
True,0.0,True,0,True,2021-02-17,wind_dispersion
True,0.0,True,0,True,2021-02-18,wind_dispersion
True,0.0,True,0,True,2021-02-19,wind_dispersion
True,0.0,True,0,True,2021-02-20,wind_dispersion
True,0.0,True,0,True,2021-02-21,wind_dispersion
True,0.0,True,0,True,2021-02-22,wind_dispersion
True,0.0,True,0,True,2021-02-23,wind_dispersion
True,0.0,True,0,True,2021-02-24,wind_dispersion
True,0.0,True,0,True,2021-02-25,wind_dispersion
True,0.0,True,0,True,2021-02-26,wind_dispersion
True,0.0,True,0,True,2021-02-27,wind_dispersion
True,0.0,True,0,True,2021-02-28,wind_dispersion
True,0.0,True,0,True,2021-03-01,wind_dispersion
True,0.0,True,0,True,2021-03-02,wind_dispersion
True,0.0,True,0,True,2021-03-03,wind_dispersion
True,0.0,True,0,True,2021-03-04,wind_dispersion
True,0.0,True,0,True,2021-03-05,wind_dispersion
True,0.0,True,0,True,2021-03-06,wind_dispersion
True,0.0,True,0,True,2021-03-07,wind_dispersion
True,0.0,True,0,True,2021-03-08,wind_dispersion
True,0.0,True,0,True,2021-03-09,wind_dispersion
True,0.0,True,0,True,2021-03-10,wind_dispersion
True,0.0,True,0,True,2021-03-11,wind_dispersion
True,0.0,True,0,True,2021-03-12,wind_dispersion
True,0.0,True,0,True,2021-03-13,wind_dispersion
True,0.0,True,0,True,2021-03-14,wind_dispersion
True,0.0,True,0,True,2021-03-15,wind_dispersion
True,0.0,True,0,True,2021-03-16,wind_dispersion
True,0.0,True,0,True,2021-03-17,wind_dispersion
True,0.0,True,0,True,2021-03-18,wind_dispersion
True,0.0,True,0,True,2021-03-19,wind_dispersion
True,0.0,True,0,True,2021-03-20,wind_dispersion
True,0.0,True,0,True,2021-03-21,wind_dispersion
True,0.0,True,0,True,2021-03-22,wind_dispersion
True,0.0,True,0,True,2021-03-23,wind_dispersion
True,0.0,True,0,True,2021-03-24,wind_dispersion
True,0.0,True,0,True,2021-03-25,wind_dispersion
True,0.0,True,0,True,2021-03-26,wind_dispersion
True,0.0,True,0,True,2021-03-27,wind_dispersion
True,0.0,True,0,True,2021-03-28,wind_dispersion
True,0.0,True,0,True,2021-03-29,wind_dispersion
True,0.0,True,0,True,2021-03-30,wind_dispersion
True,0.0,True,0,True,2021-03-31,wind_dispersion
True,0.0,True,0,True,2021-04-01,wind_dispersion
True,0.0,True,0,True,2021-04-02,wind_dispersion
True,0.0,True,0,True,2021-04-03,wind_dispersion
True,0.0,True,0,True,2021-04-04,wind_dispersion
True,0.0,True,0,True,2021-04-05,wind_dispersion
True,0.0,True,0,True,2021-04-06,wind_dispersion
True,0.0,True,0,True,2021-04-07,wind_dispersion
True,0.0,True,0,True,2021-04-08,wind_dispersion
True,0.0,True,0,True,2021-04-09,wind_dispersion
True,0.0,True,0,True,2021-04-10,wind_dispersion
True,0.0,True,0,True,2021-04-11,wind_dispersion
True,0.0,True,0,True,2021-04-12,wind_dispersion
True,0.0,True,0,True,2021-04-13,wind_dispersion
True,0.0,True,0,True,2021-04-14,wind_dispersion
True,0.0,True,0,True,2021-04-15,wind_dispersion
True,0.0,True,0,True,2021-04-16,wind_dispersion
True,0.0,True,0,True,2021-04-17,wind_dispersion
True,0.0,True,0,True,2021-04-18,wind_dispersion
True,0.0,True,0,True,2021-04-19,wind_dispersion
True,0.0,True,0,True,2021-04-20,wind_dispersion
True,0.0,True,0,True,2021-04-21,wind_dispersion
True,0.0,True,0,True,2021-04-22,wind_dispersion
True,0.0,True,0,True,2021-04-23,wind_dispersion
True,0.0,True,0,True,2021-04-24,wind_dispersion
True,0.0,True,0,True,2021-04-25,wind_dispersion
True,0.0,True,0,True,2021-04-26,wind_dispersion
True,0.0,True,0,True,2021-04-27,wind_dispersion
True,0.0,True,0,True,2021-04-28,wind_dispersion
True,0.0,True,0,True,2021-04-29,wind_dispersion
True,0.0,True,0,True,2021-04-30,wind_dispersion
True,0.0,True,0,True,2021-05-01,wind_dispersion
True,0.0,True,0,True,2021-05-02,wind_dispersion
True,0.0,True,0,True,2021-05-03,wind_dispersion
True,0.0,True,0,True,2021-05-04,wind_dispersion
True,0.0,True,0,True,2021-05-05,wind_dispersion
True,0.0,True,0,True,2021-05-06,wind_dispersion
True,0.0,True,0,True,2021-05-07,wind_dispersion
True,0.0,True,0,True,2021-05-08,wind_dispersion
True,0.0,True,0,True,2021-05-09,wind_dispersion
True,0.0,True,0,True,2021-05-10,wind_dispersion
True,0.0,True,0,True,2021-05-11,wind_dispersion
True,0.0,True,0,True,2021-05-12,wind_dispersion
True,0.0,True,0,True,2021-05-13,wind_dispersion
True,0.0,True,0,True,2021-05-14,wind_dispersion
True,0.0,True,0,True,2021-05-15,wind_dispersion
True,0.0,True,0,True,2021-05-16,wind_dispersion
True,0.0,True,0,True,2021-05-17,wind_dispersion
True,0.0,True,0,True,2021-05-18,wind_dispersion
True,0.0,True,0,True,2021-05-19,wind_dispersion
True,0.0,True,0,True,2021-05-20,wind_dispersion
True,0.0,True,0,True,2021-05-21,wind_dispersion
True,0.0,True,0,True,2021-05-22,wind_dispersion
True,0.0,True,0,True,2021-05-23,wind_dispersion
True,0.0,True,0,True,2021-05-24,wind_dispersion
True,0.0,True,0,True,2021-05-25,wind_dispersion
True,0.0,True,0,True,2021-05-26,wind_dispersion
True,0.0,True,0,True,2021-05-27,wind_dispersion
True,0.0,True,0,True,2021-05-28,wind_dispersion
True,0.0,True,0,True,2021-05-29,wind_dispersion
True,0.0,True,0,True,2021-05-30,wind_dispersion
True,0.0,True,0,True,2021-05-31,wind_dispersion
True,0.0,True,0,True,2021-06-01,wind_dispersion
True,0.0,True,0,True,2021-06-02,wind_dispersion
True,0.0,True,0,True,2021-06-03,wind_dispersion
True,0.0,True,0,True,2021-06-04,wind_dispersion
True,0.0,True,0,True,2021-06-05,wind_dispersion
True,0.0,True,0,True,2021-06-06,wind_dispersion
True,0.0,True,0,True,2021-06-07,wind_dispersion
True,0.0,True,0,True,2021-06-08,wind_dispersion
True,0.0,True,0,True,2021-06-09,wind_dispersion
True,0.0,True,0,True,2021-06-10,wind_dispersion
True,0.0,True,0,True,2021-06-11,wind_dispersion
True,0.0,True,0,True,2021-06-12,wind_dispersion
True,0.0,True,0,True,2021-06-13,wind_dispersion
True,0.0,True,0,True,2021-06-14,wind_dispersion
True,0.0,True,0,True,2021-06-15,wind_dispersion
True,0.0,True,0,True,2021-06-16,wind_dispersion
True,0.0,True,0,True,2021-06-17,wind_dispersion
True,0.0,True,0,True,2021-06-18,wind_dispersion
True,0.0,True,0,True,2021-06-19,wind_dispersion
True,0.0,True,0,True,2021-06-20,wind_dispersion
True,0.0,True,0,True,2021-06-21,wind_dispersion
True,0.0,True,0,True,2021-06-22,wind_dispersion
True,0.0,True,0,True,2021-06-23,wind_dispersion
True,0.0,True,0,True,2021-06-24,wind_dispersion
True,0.0,True,0,True,2021-06-25,wind_dispersion
True,0.0,True,0,True,2021-06-26,wind_dispersion
True,0.0,True,0,True,2021-06-27,wind_dispersion
True,0.0,True,0,True,2021-06-28,wind_dispersion
True,0.0,True,0,True,2021-06-29,wind_dispersion
True,0.0,True,0,True,2021-06-30,wind_dispersion
True,0.0,True,0,True,2021-07-01,wind_dispersion
True,0.0,True,0,True,2021-07-02,wind_dispersion
True,0.0,True,0,True,2021-07-03,wind_dispersion
True,0.0,True,0,True,2021-07-04,wind_dispersion
True,0.0,True,0,True,2021-07-05,wind_dispersion
True,0.0,True,0,True,2021-07-06,wind_dispersion
True,0.0,True,0,True,2021-07-07,wind_dispersion
True,0.0,True,0,True,2021-07-08,wind_dispersion
True,0.0,True,0,True,2021-07-09,wind_dispersion
True,0.0,True,0,True,2021-07-10,wind_dispersion
True,0.0,True,0,True,2021-07-11,wind_dispersion
True,0.0,True,0,True,2021-07-12,wind_dispersion
True,0.0,True,0,True,2021-07-13,wind_dispersion
True,0.0,True,0,True,2021-07-14,wind_dispersion
True,0.0,True,0,True,2021-07-15,wind_dispersion
True,0.0,True,0,True,2021-07-16,wind_dispersion
True,0.0,True,0,True,2021-07-17,wind_dispersion
True,0.0,True,0,True,2021-07-18,wind_dispersion
True,0.0,True,0,True,2021-07-19,wind_dispersion
True,0.0,True,0,True,2021-07-20,wind_dispersion
True,0.0,True,0,True,2021-07-21,wind_dispersion
True,0.0,True,0,True,2021-07-22,wind_dispersion
True,0.0,True,0,True,2021-07-23,wind_dispersion
True,0.0,True,0,True,2021-07-24,wind_dispersion
True,0.0,True,0,True,2021-07-25,wind_dispersion
True,0.0,True,0,True,2021-07-26,wind_dispersion
True,0.0,True,0,True,2021-07-27,wind_dispersion
True,0.0,True,0,True,2021-07-28,wind_dispersion
True,0.0,True,0,True,2021-07-29,wind_dispersion
True,0.0,True,0,True,2021-07-30,wind_dispersion
True,0.0,True,0,True,2021-07-31,wind_dispersion
True,0.0,True,0,True,2021-08-01,wind_dispersion
True,0.0,True,0,True,2021-08-02,wind_dispersion
True,0.0,True,0,True,2021-08-03,wind_dispersion
True,0.0,True,0,True,2021-08-04,wind_dispersion
True,0.0,True,0,True,2021-08-05,wind_dispersion
True,0.0,True,0,True,2021-08-06,wind_dispersion
True,0.0,True,0,True,2021-08-07,wind_dispersion
True,0.0,True,0,True,2021-08-08,wind_dispersion
True,0.0,True,0,True,2021-08-09,wind_dispersion
True,0.0,True,0,True,2021-08-10,wind_dispersion
True,0.0,True,0,True,2021-08-11,wind_dispersion
True,0.0,True,0,True,2021-08-12,wind_dispersion
True,0.0,True,0,True,2021-08-13,wind_dispersion
True,0.0,True,0,True,2021-08-14,wind_dispersion
True,0.0,True,0,True,2021-08-15,wind_dispersion
True,0.0,True,0,True,2021-08-16,wind_dispersion
True,0.0,True,0,True,2021-08-17,wind_dispersion
True,0.0,True,0,True,2021-08-18,wind_dispersion
True,0.0,True,0,True,2021-08-19,wind_dispersion
True,0.0,True,0,True,2021-08-20,wind_dispersion
True,0.0,True,0,True,2021-08-21,wind_dispersion
True,0.0,True,0,True,2021-08-22,wind_dispersion
True,0.0,True,0,True,2021-08-23,wind_dispersion
True,0.0,True,0,True,2021-08-24,wind_dispersion
True,0.0,True,0,True,2021-08-25,wind_dispersion
True,0.0,True,0,True,2021-08-26,wind_dispersion
True,0.0,True,0,True,2021-08-27,wind_dispersion
True,0.0,True,0,True,2021-08-28,wind_dispersion
True,0.0,True,0,True,2021-08-29,wind_dispersion
True,0.0,True,0,True,2021-08-30,wind_dispersion
True,0.0,True,0,True,2021-08-31,wind_dispersion
True,0.0,True,0,True,2021-09-01,wind_dispersion
True,0.0,True,0,True,2021-09-02,wind_dispersion
True,0.0,True,0,True,2021-09-03,wind_dispersion
True,0.0,True,0,True,2021-09-04,wind_dispersion
True,0.0,True,0,True,2021-09-05,wind_dispersion
True,0.0,True,0,True,2021-09-06,wind_dispersion
True,0.0,True,0,True,2021-09-07,wind_dispersion
True,0.0,True,0,True,2021-09-08,wind_dispersion
True,0.0,True,0,True,2021-09-09,wind_dispersion
True,0.0,True,0,True,2021-09-10,wind_dispersion
True,0.0,True,0,True,2021-09-11,wind_dispersion
True,0.0,True,0,True,2021-09-12,wind_dispersion
True,0.0,True,0,True,2021-09-13,wind_dispersion
True,0.0,True,0,True,2021-09-14,wind_dispersion
True,0.0,True,0,True,2021-09-15,wind_dispersion
True,0.0,True,0,True,2021-09-16,wind_dispersion
True,0.0,True,0,True,2021-09-17,wind_dispersion
True,0.0,True,0,True,2021-09-18,wind_dispersion
True,0.0,True,0,True,2021-09-19,wind_dispersion
True,0.0,True,0,True,2021-09-20,wind_dispersion
True,0.0,True,0,True,2021-09-21,wind_dispersion
True,0.0,True,0,True,2021-09-22,wind_dispersion
True,0.0,True,0,True,2021-09-23,wind_dispersion
True,0.0,True,0,True,2021-09-24,wind_dispersion
True,0.0,True,0,True,2021-09-25,wind_dispersion
True,0.0,True,0,True,2021-09-26,wind_dispersion
True,0.0,True,0,True,2021-09-27,wind_dispersion
True,0.0,True,0,True,2021-09-28,wind_dispersion
True,0.0,True,0,True,2021-09-29,wind_dispersion
True,0.0,True,0,True,2021-09-30,wind_dispersion
True,0.0,True,0,True,2021-10-01,wind_dispersion
True,0.0,True,0,True,2021-10-02,wind_dispersion
True,0.0,True,0,True,2021-10-03,wind_dispersion
True,0.0,True,0,True,2021-10-04,wind_dispersion
True,0.0,True,0,True,2021-10-05,wind_dispersion
True,0.0,True,0,True,2021-10-06,wind_dispersion
True,0.0,True,0,True,2021-10-07,wind_dispersion
True,0.0,True,0,True,2021-10-08,wind_dispersion
True,0.0,True,0,True,2021-10-09,wind_dispersion
True,0.0,True,0,True,2021-10-10,wind_dispersion
True,0.0,True,0,True,2021-10-11,wind_dispersion
True,0.0,True,0,True,2021-10-12,wind_dispersion
True,0.0,True,0,True,2021-10-13,wind_dispersion
True,0.0,True,0,True,2021-10-14,wind_dispersion
True,0.0,True,0,True,2021-10-15,wind_dispersion
True,0.0,True,0,True,2021-10-16,wind_dispersion
True,0.0,True,0,True,2021-10-17,wind_dispersion
True,0.0,True,0,True,2021-10-18,wind_dispersion
True,0.0,True,0,True,2021-10-19,wind_dispersion
True,0.0,True,0,True,2021-10-20,wind_dispersion
True,0.0,True,0,True,2021-10-21,wind_dispersion
True,0.0,True,0,True,2021-10-22,wind_dispersion
True,0.0,True,0,True,2021-10-23,wind_dispersion
True,0.0,True,0,True,2021-10-24,wind_dispersion
True,0.0,True,0,True,2021-10-25,wind_dispersion
True,0.0,True,0,True,2021-10-26,wind_dispersion
True,0.0,True,0,True,2021-10-27,wind_dispersion
True,0.0,True,0,True,2021-10-28,wind_dispersion
True,0.0,True,0,True,2021-10-29,wind_dispersion
True,0.0,True,0,True,2021-10-30,wind_dispersion
True,0.0,True,0,True,2021-10-31,wind_dispersion
True,0.0,True,0,True,2021-11-01,wind_dispersion
True,0.0,True,0,True,2021-11-02,wind_dispersion
True,0.0,True,0,True,2021-11-03,wind_dispersion
True,0.0,True,0,True,2021-11-04,wind_dispersion
True,0.0,True,0,True,2021-11-05,wind_dispersion
True,0.0,True,0,True,2021-11-06,wind_dispersion
True,0.0,True,0,True,2021-11-07,wind_dispersion
True,0.0,True,0,True,2021-11-08,wind_dispersion
True,0.0,True,0,True,2021-11-09,wind_dispersion
True,0.0,True,0,True,2021-11-10,wind_dispersion
True,0.0,True,0,True,2021-11-11,wind_dispersion
True,0.0,True,0,True,2021-11-12,wind_dispersion
True,0.0,True,0,True,2021-11-13,wind_dispersion
True,0.0,True,0,True,2021-11-14,wind_dispersion
True,0.0,True,0,True,2021-11-15,wind_dispersion
True,0.0,True,0,True,2021-11-16,wind_dispersion
True,0.0,True,0,True,2021-11-17,wind_dispersion
True,0.0,True,0,True,2021-11-18,wind_dispersion
True,0.0,True,0,True,2021-11-19,wind_dispersion
True,0.0,True,0,True,2021-11-20,wind_dispersion
True,0.0,True,0,True,2021-11-21,wind_dispersion
True,0.0,True,0,True,2021-11-22,wind_dispersion
True,0.0,True,0,True,2021-11-23,wind_dispersion
True,0.0,True,0,True,2021-11-24,wind_dispersion
True,0.0,True,0,True,2021-11-25,wind_dispersion
True,0.0,True,0,True,2021-11-26,wind_dispersion
True,0.0,True,0,True,2021-11-27,wind_dispersion
True,0.0,True,0,True,2021-11-28,wind_dispersion
True,0.0,True,0,True,2021-11-29,wind_dispersion
True,0.0,True,0,True,2021-11-30,wind_dispersion
True,0.0,True,0,True,2021-12-01,wind_dispersion
True,0.0,True,0,True,2021-12-02,wind_dispersion
True,0.0,True,0,True,2021-12-03,wind_dispersion
True,0.0,True,0,True,2021-12-04,wind_dispersion
True,0.0,True,0,True,2021-12-05,wind_dispersion
True,0.0,True,0,True,2021-12-06,wind_dispersion
True,0.0,True,0,True,2021-12-07,wind_dispersion
True,0.0,True,0,True,2021-12-08,wind_dispersion
True,0.0,True,0,True,2021-12-09,wind_dispersion
True,0.0,True,0,True,2021-12-10,wind_dispersion
True,0.0,True,0,True,2021-12-11,wind_dispersion
True,0.0,True,0,True,2021-12-12,wind_dispersion
True,0.0,True,0,True,2021-12-13,wind_dispersion
True,0.0,True,0,True,2021-12-14,wind_dispersion
True,0.0,True,0,True,2021-12-15,wind_dispersion
True,0.0,True,0,True,2021-12-16,wind_dispersion
True,0.0,True,0,True,2021-12-17,wind_dispersion
True,0.0,True,0,True,2021-12-18,wind_dispersion
True,0.0,True,0,True,2021-12-19,wind_dispersion
True,0.0,True,0,True,2021-12-20,wind_dispersion
True,0.0,True,0,True,2021-12-21,wind_dispersion
True,0.0,True,0,True,2021-12-22,wind_dispersion
True,0.0,True,0,True,2021-12-23,wind_dispersion
True,0.0,True,0,True,2021-12-24,wind_dispersion
True,0.0,True,0,True,2021-12-25,wind_dispersion
True,0.0,True,0,True,2021-12-26,wind_dispersion
True,0.0,True,0,True,2021-12-27,wind_dispersion
True,0.0,True,0,True,2021-12-28,wind_dispersion
True,0.0,True,0,True,2021-12-29,wind_dispersion
True,0.0,True,0,True,2021-12-30,wind_dispersion
True,0.0,True,0,True,2021-12-31,wind_dispersion
True,0.0,True,0,True,2022-01-01,wind_dispersion
True,0.0,True,0,True,2022-01-02,wind_dispersion
True,0.0,True,0,True,2022-01-03,wind_dispersion
True,0.0,True,0,True,2022-01-04,wind_dispersion
True,0.0,True,0,True,2022-01-05,wind_dispersion
True,0.0,True,0,True,2022-01-06,wind_dispersion
True,0.0,True,0,True,2022-01-07,wind_dispersion
True,0.0,True,0,True,2022-01-08,wind_dispersion
True,0.0,True,0,True,2022-01-09,wind_dispersion
True,0.0,True,0,True,2022-01-10,wind_dispersion
True,0.0,True,0,True,2022-01-11,wind_dispersion
True,0.0,True,0,True,2022-01-12,wind_dispersion
True,0.0,True,0,True,2022-01-13,wind_dispersion
True,0.0,True,0,True,2022-01-14,wind_dispersion
True,0.0,True,0,True,2022-01-15,wind_dispersion
True,0.0,True,0,True,2022-01-16,wind_dispersion
True,0.0,True,0,True,2022-01-17,wind_dispersion
True,0.0,True,0,True,2022-01-18,wind_dispersion
True,0.0,True,0,True,2022-01-19,wind_dispersion
True,0.0,True,0,True,2022-01-20,wind_dispersion
True,0.0,True,0,True,2022-01-21,wind_dispersion
True,0.0,True,0,True,2022-01-22,wind_dispersion
True,0.0,True,0,True,2022-01-23,wind_dispersion
True,0.0,True,0,True,2022-01-24,wind_dispersion
True,0.0,True,0,True,2022-01-25,wind_dispersion
True,0.0,True,0,True,2022-01-26,wind_dispersion
True,0.0,True,0,True,2022-01-27,wind_dispersion
True,0.0,True,0,True,2022-01-28,wind_dispersion
True,0.0,True,0,True,2022-01-29,wind_dispersion
True,0.0,True,0,True,2022-01-30,wind_dispersion
True,0.0,True,0,True,2022-01-31,wind_dispersion
True,0.0,True,0,True,2022-02-01,wind_dispersion
True,0.0,True,0,True,2022-02-02,wind_dispersion
True,0.0,True,0,True,2022-02-03,wind_dispersion
True,0.0,True,0,True,2022-02-04,wind_dispersion
True,0.0,True,0,True,2022-02-05,wind_dispersion
True,0.0,True,0,True,2022-02-06,wind_dispersion
True,0.0,True,0,True,2022-02-07,wind_dispersion
True,0.0,True,0,True,2022-02-08,wind_dispersion
True,0.0,True,0,True,2022-02-09,wind_dispersion
True,0.0,True,0,True,2022-02-10,wind_dispersion
True,0.0,True,0,True,2022-02-11,wind_dispersion
True,0.0,True,0,True,2022-02-12,wind_dispersion
True,0.0,True,0,True,2022-02-13,wind_dispersion
True,0.0,True,0,True,2022-02-14,wind_dispersion
True,0.0,True,0,True,2022-02-15,wind_dispersion
True,0.0,True,0,True,2022-02-16,wind_dispersion
True,0.0,True,0,True,2022-02-17,wind_dispersion
True,0.0,True,0,True,2022-02-18,wind_dispersion
True,0.0,True,0,True,2022-02-19,wind_dispersion
True,0.0,True,0,True,2022-02-20,wind_dispersion
True,0.0,True,0,True,2022-02-21,wind_dispersion
True,0.0,True,0,True,2022-02-22,wind_dispersion
True,0.0,True,0,True,2022-02-23,wind_dispersion
True,0.0,True,0,True,2022-02-24,wind_dispersion
True,0.0,True,0,True,2022-02-25,wind_dispersion
True,0.0,True,0,True,2022-02-26,wind_dispersion
True,0.0,True,0,True,2022-02-27,wind_dispersion
True,0.0,True,0,True,2022-02-28,wind_dispersion
True,0.0,True,0,True,2022-03-01,wind_dispersion
True,0.0,True,0,True,2022-03-02,wind_dispersion
True,0.0,True,0,True,2022-03-03,wind_dispersion
True,0.0,True,0,True,2022-03-04,wind_dispersion
True,0.0,True,0,True,2022-03-05,wind_dispersion
True,0.0,True,0,True,2022-03-06,wind_dispersion
True,0.0,True,0,True,2022-03-07,wind_dispersion
True,0.0,True,0,True,2022-03-08,wind_dispersion
True,0.0,True,0,True,2022-03-09,wind_dispersion
True,0.0,True,0,True,2022-03-10,wind_dispersion
True,0.0,True,0,True,2022-03-11,wind_dispersion
True,0.0,True,0,True,2022-03-12,wind_dispersion
True,0.0,True,0,True,2022-03-13,wind_dispersion
True,0.0,True,0,True,2022-03-14,wind_dispersion
True,0.0,True,0,True,2022-03-15,wind_dispersion
True,0.0,True,0,True,2022-03-16,wind_dispersion
True,0.0,True,0,True,2022-03-17,wind_dispersion
True,0.0,True,0,True,2022-03-18,wind_dispersion
True,0.0,True,0,True,2022-03-19,wind_dispersion
True,0.0,True,0,True,2022-03-20,wind_dispersion
True,0.0,True,0,True,2022-03-21,wind_dispersion
True,0.0,True,0,True,2022-03-22,wind_dispersion
True,0.0,True,0,True,2022-03-23,wind_dispersion
True,0.0,True,0,True,2022-03-24,wind_dispersion
True,0.0,True,0,True,2022-03-25,wind_dispersion
True,0.0,True,0,True,2022-03-26,wind_dispersion
True,0.0,True,0,True,2022-03-27,wind_dispersion
True,0.0,True,0,True,2022-03-28,wind_dispersion
True,0.0,True,0,True,2022-03-29,wind_dispersion
True,0.0,True,0,True,2022-03-30,wind_dispersion
True,0.0,True,0,True,2022-03-31,wind_dispersion
True,0.0,True,0,True,2022-04-01,wind_dispersion
True,0.0,True,0,True,2022-04-02,wind_dispersion
True,0.0,True,0,True,2022-04-03,wind_dispersion
True,0.0,True,0,True,2022-04-04,wind_dispersion
True,0.0,True,0,True,2022-04-05,wind_dispersion
True,0.0,True,0,True,2022-04-06,wind_dispersion
True,0.0,True,0,True,2022-04-07,wind_dispersion
True,0.0,True,0,True,2022-04-08,wind_dispersion
True,0.0,True,0,True,2022-04-09,wind_dispersion
True,0.0,True,0,True,2022-04-10,wind_dispersion
True,0.0,True,0,True,2022-04-11,wind_dispersion
True,0.0,True,0,True,2022-04-12,wind_dispersion
True,0.0,True,0,True,2022-04-13,wind_dispersion
True,0.0,True,0,True,2022-04-14,wind_dispersion
True,0.0,True,0,True,2022-04-15,wind_dispersion
True,0.0,True,0,True,2022-04-16,wind_dispersion
True,0.0,True,0,True,2022-04-17,wind_dispersion
True,0.0,True,0,True,2022-04-18,wind_dispersion
True,0.0,True,0,True,2022-04-19,wind_dispersion
True,0.0,True,0,True,2022-04-20,wind_dispersion
True,0.0,True,0,True,2022-04-21,wind_dispersion
True,0.0,True,0,True,2022-04-22,wind_dispersion
True,0.0,True,0,True,2022-04-23,wind_dispersion
True,0.0,True,0,True,2022-04-24,wind_dispersion
True,0.0,True,0,True,2022-04-25,wind_dispersion
True,0.0,True,0,True,2022-04-26,wind_dispersion
True,0.0,True,0,True,2022-04-27,wind_dispersion
True,0.0,True,0,True,2022-04-28,wind_dispersion
True,0.0,True,0,True,2022-04-29,wind_dispersion
True,0.0,True,0,True,2022-04-30,wind_dispersion
True,0.0,True,0,True,2022-05-01,wind_dispersion
True,0.0,True,0,True,2022-05-02,wind_dispersion
True,0.0,True,0,True,2022-05-03,wind_dispersion
True,0.0,True,0,True,2022-05-04,wind_dispersion
True,0.0,True,0,True,2022-05-05,wind_dispersion
True,0.0,True,0,True,2022-05-06,wind_dispersion
True,0.0,True,0,True,2022-05-07,wind_dispersion
True,0.0,True,0,True,2022-05-08,wind_dispersion
True,0.0,True,0,True,2022-05-09,wind_dispersion
True,0.0,True,0,True,2022-05-10,wind_dispersion
True,0.0,True,0,True,2022-05-11,wind_dispersion
True,0.0,True,0,True,2022-05-12,wind_dispersion
True,0.0,True,0,True,2022-05-13,wind_dispersion
True,0.0,True,0,True,2022-05-14,wind_dispersion
True,0.0,True,0,True,2022-05-15,wind_dispersion
True,0.0,True,0,True,2022-05-16,wind_dispersion
True,0.0,True,0,True,2022-05-17,wind_dispersion
True,0.0,True,0,True,2022-05-18,wind_dispersion
True,0.0,True,0,True,2022-05-19,wind_dispersion
True,0.0,True,0,True,2022-05-20,wind_dispersion
True,0.0,True,0,True,2022-05-21,wind_dispersion
True,0.0,True,0,True,2022-05-22,wind_dispersion
True,0.0,True,0,True,2022-05-23,wind_dispersion
True,0.0,True,0,True,2022-05-24,wind_dispersion
True,0.0,True,0,True,2022-05-25,wind_dispersion
True,0.0,True,0,True,2022-05-26,wind_dispersion
True,0.0,True,0,True,2022-05-27,wind_dispersion
True,0.0,True,0,True,2022-05-28,wind_dispersion
True,0.0,True,0,True,2022-05-29,wind_dispersion
True,0.0,True,0,True,2022-05-30,wind_dispersion
True,0.0,True,0,True,2022-05-31,wind_dispersion
True,0.0,True,0,True,2022-06-01,wind_dispersion
True,0.0,True,0,True,2022-06-02,wind_dispersion
True,0.0,True,0,True,2022-06-03,wind_dispersion
True,0.0,True,0,True,2022-06-04,wind_dispersion
True,0.0,True,0,True,2022-06-05,wind_dispersion
True,0.0,True,0,True,2022-06-06,wind_dispersion
True,0.0,True,0,True,2022-06-07,wind_dispersion
True,0.0,True,0,True,2022-06-08,wind_dispersion
True,0.0,True,0,True,2022-06-09,wind_dispersion
True,0.0,True,0,True,2022-06-10,wind_dispersion
True,0.0,True,0,True,2022-06-11,wind_dispersion
True,0.0,True,0,True,2022-06-12,wind_dispersion
True,0.0,True,0,True,2022-06-13,wind_dispersion
True,0.0,True,0,True,2022-06-14,wind_dispersion
True,0.0,True,0,True,2022-06-15,wind_dispersion
True,0.0,True,0,True,2022-06-16,wind_dispersion
True,0.0,True,0,True,2022-06-17,wind_dispersion
True,0.0,True,0,True,2022-06-18,wind_dispersion
True,0.0,True,0,True,2022-06-19,wind_dispersion
True,0.0,True,0,True,2022-06-20,wind_dispersion
True,0.0,True,0,True,2022-06-21,wind_dispersion
True,0.0,True,0,True,2022-06-22,wind_dispersion
True,0.0,True,0,True,2022-06-23,wind_dispersion
True,0.0,True,0,True,2022-06-24,wind_dispersion
True,0.0,True,0,True,2022-06-25,wind_dispersion
True,0.0,True,0,True,2022-06-26,wind_dispersion
True,0.0,True,0,True,2022-06-27,wind_dispersion
True,0.0,True,0,True,2022-06-28,wind_dispersion
True,0.0,True,0,True,2022-06-29,wind_dispersion
True,0.0,True,0,True,2022-06-30,wind_dispersion
True,0.0,True,0,True,2022-07-01,wind_dispersion
True,0.0,True,0,True,2022-07-02,wind_dispersion
True,0.0,True,0,True,2022-07-03,wind_dispersion
True,0.0,True,0,True,2022-07-04,wind_dispersion
True,0.0,True,0,True,2022-07-05,wind_dispersion
True,0.0,True,0,True,2022-07-06,wind_dispersion
True,0.0,True,0,True,2022-07-07,wind_dispersion
True,0.0,True,0,True,2022-07-08,wind_dispersion
True,0.0,True,0,True,2022-07-09,wind_dispersion
True,0.0,True,0,True,2022-07-10,wind_dispersion
True,0.0,True,0,True,2022-07-11,wind_dispersion
True,0.0,True,0,True,2022-07-12,wind_dispersion
True,0.0,True,0,True,2022-07-13,wind_dispersion
True,0.0,True,0,True,2022-07-14,wind_dispersion
True,0.0,True,0,True,2022-07-15,wind_dispersion
True,0.0,True,0,True,2022-07-16,wind_dispersion
True,0.0,True,0,True,2022-07-17,wind_dispersion
True,0.0,True,0,True,2022-07-18,wind_dispersion
True,0.0,True,0,True,2022-07-19,wind_dispersion
True,0.0,True,0,True,2022-07-20,wind_dispersion
True,0.0,True,0,True,2022-07-21,wind_dispersion
True,0.0,True,0,True,2022-07-22,wind_dispersion
True,0.0,True,0,True,2022-07-23,wind_dispersion
True,0.0,True,0,True,2022-07-24,wind_dispersion
True,0.0,True,0,True,2022-07-25,wind_dispersion
True,0.0,True,0,True,2022-07-26,wind_dispersion
True,0.0,True,0,True,2022-07-27,wind_dispersion
True,0.0,True,0,True,2022-07-28,wind_dispersion
True,0.0,True,0,True,2022-07-29,wind_dispersion
True,0.0,True,0,True,2022-07-30,wind_dispersion
True,0.0,True,0,True,2022-07-31,wind_dispersion
True,0.0,True,0,True,2022-08-01,wind_dispersion
True,0.0,True,0,True,2022-08-02,wind_dispersion
True,0.0,True,0,True,2022-08-03,wind_dispersion
True,0.0,True,0,True,2022-08-04,wind_dispersion
True,0.0,True,0,True,2022-08-05,wind_dispersion
True,0.0,True,0,True,2022-08-06,wind_dispersion
True,0.0,True,0,True,2022-08-07,wind_dispersion
True,0.0,True,0,True,2022-08-08,wind_dispersion
True,0.0,True,0,True,2022-08-09,wind_dispersion
True,0.0,True,0,True,2022-08-10,wind_dispersion
True,0.0,True,0,True,2022-08-11,wind_dispersion
True,0.0,True,0,True,2022-08-12,wind_dispersion
True,0.0,True,0,True,2022-08-13,wind_dispersion
True,0.0,True,0,True,2022-08-14,wind_dispersion
True,0.0,True,0,True,2022-08-15,wind_dispersion
True,0.0,True,0,True,2022-08-16,wind_dispersion
True,0.0,True,0,True,2022-08-17,wind_dispersion
True,0.0,True,0,True,2022-08-18,wind_dispersion
True,0.0,True,0,True,2022-08-19,wind_dispersion
True,0.0,True,0,True,2022-08-20,wind_dispersion
True,0.0,True,0,True,2022-08-21,wind_dispersion
True,0.0,True,0,True,2022-08-22,wind_dispersion
True,0.0,True,0,True,2022-08-23,wind_dispersion
True,0.0,True,0,True,2022-08-24,wind_dispersion
True,0.0,True,0,True,2022-08-25,wind_dispersion
True,0.0,True,0,True,2022-08-26,wind_dispersion
True,0.0,True,0,True,2022-08-27,wind_dispersion
True,0.0,True,0,True,2022-08-28,wind_dispersion
True,0.0,True,0,True,2022-08-29,wind_dispersion
True,0.0,True,0,True,2022-08-30,wind_dispersion
True,0.0,True,0,True,2022-08-31,wind_dispersion
True,0.0,True,0,True,2022-09-01,wind_dispersion
True,0.0,True,0,True,2022-09-02,wind_dispersion
True,0.0,True,0,True,2022-09-03,wind_dispersion
True,0.0,True,0,True,2022-09-04,wind_dispersion
True,0.0,True,0,True,2022-09-05,wind_dispersion
True,0.0,True,0,True,2022-09-06,wind_dispersion
True,0.0,True,0,True,2022-09-07,wind_dispersion
True,0.0,True,0,True,2022-09-08,wind_dispersion
True,0.0,True,0,True,2022-09-09,wind_dispersion
True,0.0,True,0,True,2022-09-10,wind_dispersion
True,0.0,True,0,True,2022-09-11,wind_dispersion
True,0.0,True,0,True,2022-09-12,wind_dispersion
True,0.0,True,0,True,2022-09-13,wind_dispersion
True,0.0,True,0,True,2022-09-14,wind_dispersion
True,0.0,True,0,True,2022-09-15,wind_dispersion
True,0.0,True,0,True,2022-09-16,wind_dispersion
True,0.0,True,0,True,2022-09-17,wind_dispersion
True,0.0,True,0,True,2022-09-18,wind_dispersion
True,0.0,True,0,True,2022-09-19,wind_dispersion
True,0.0,True,0,True,2022-09-20,wind_dispersion
True,0.0,True,0,True,2022-09-21,wind_dispersion
True,0.0,True,0,True,2022-09-22,wind_dispersion
True,0.0,True,0,True,2022-09-23,wind_dispersion
True,0.0,True,0,True,2022-09-24,wind_dispersion
True,0.0,True,0,True,2022-09-25,wind_dispersion
True,0.0,True,0,True,2022-09-26,wind_dispersion
True,0.0,True,0,True,2022-09-27,wind_dispersion
True,0.0,True,0,True,2022-09-28,wind_dispersion
True,0.0,True,0,True,2022-09-29,wind_dispersion
True,0.0,True,0,True,2022-09-30,wind_dispersion
True,0.0,True,0,True,2022-10-01,wind_dispersion
True,0.0,True,0,True,2022-10-02,wind_dispersion
True,0.0,True,0,True,2022-10-03,wind_dispersion
True,0.0,True,0,True,2022-10-04,wind_dispersion
True,0.0,True,0,True,2022-10-05,wind_dispersion
True,0.0,True,0,True,2022-10-06,wind_dispersion
True,0.0,True,0,True,2022-10-07,wind_dispersion
True,0.0,True,0,True,2022-10-08,wind_dispersion
True,0.0,True,0,True,2022-10-09,wind_dispersion
True,0.0,True,0,True,2022-10-10,wind_dispersion
True,0.0,True,0,True,2022-10-11,wind_dispersion
True,0.0,True,0,True,2022-10-12,wind_dispersion
True,0.0,True,0,True,2022-10-13,wind_dispersion
True,0.0,True,0,True,2022-10-14,wind_dispersion
True,0.0,True,0,True,2022-10-15,wind_dispersion
True,0.0,True,0,True,2022-10-16,wind_dispersion
True,0.0,True,0,True,2022-10-17,wind_dispersion
True,0.0,True,0,True,2022-10-18,wind_dispersion
True,0.0,True,0,True,2022-10-19,wind_dispersion
True,0.0,True,0,True,2022-10-20,wind_dispersion
True,0.0,True,0,True,2022-10-21,wind_dispersion
True,0.0,True,0,True,2022-10-22,wind_dispersion
True,0.0,True,0,True,2022-10-23,wind_dispersion
True,0.0,True,0,True,2022-10-24,wind_dispersion
True,0.0,True,0,True,2022-10-25,wind_dispersion
True,0.0,True,0,True,2022-10-26,wind_dispersion
True,0.0,True,0,True,2022-10-27,wind_dispersion
True,0.0,True,0,True,2022-10-28,wind_dispersion
True,0.0,True,0,True,2022-10-29,wind_dispersion
True,0.0,True,0,True,2022-10-30,wind_dispersion
True,0.0,True,0,True,2022-10-31,wind_dispersion
True,0.0,True,0,True,2022-11-01,wind_dispersion
True,0.0,True,0,True,2022-11-02,wind_dispersion
True,0.0,True,0,True,2022-11-03,wind_dispersion
True,0.0,True,0,True,2022-11-04,wind_dispersion
True,0.0,True,0,True,2022-11-05,wind_dispersion
True,0.0,True,0,True,2022-11-06,wind_dispersion
True,0.0,True,0,True,2022-11-07,wind_dispersion
True,0.0,True,0,True,2022-11-08,wind_dispersion
True,0.0,True,0,True,2022-11-09,wind_dispersion
True,0.0,True,0,True,2022-11-10,wind_dispersion
True,0.0,True,0,True,2022-11-11,wind_dispersion
True,0.0,True,0,True,2022-11-12,wind_dispersion
True,0.0,True,0,True,2022-11-13,wind_dispersion
True,0.0,True,0,True,2022-11-14,wind_dispersion
True,0.0,True,0,True,2022-11-15,wind_dispersion
True,0.0,True,0,True,2022-11-16,wind_dispersion
True,0.0,True,0,True,2022-11-17,wind_dispersion
True,0.0,True,0,True,2022-11-18,wind_dispersion
True,0.0,True,0,True,2022-11-19,wind_dispersion
True,0.0,True,0,True,2022-11-20,wind_dispersion
True,0.0,True,0,True,2022-11-21,wind_dispersion
True,0.0,True,0,True,2022-11-22,wind_dispersion
True,0.0,True,0,True,2022-11-23,wind_dispersion
True,0.0,True,0,True,2022-11-24,wind_dispersion
True,0.0,True,0,True,2022-11-25,wind_dispersion
True,0.0,True,0,True,2022-11-26,wind_dispersion
True,0.0,True,0,True,2022-11-27,wind_dispersion
True,0.0,True,0,True,2022-11-28,wind_dispersion
True,0.0,True,0,True,2022-11-29,wind_dispersion
True,0.0,True,0,True,2022-11-30,wind_dispersion
True,0.0,True,0,True,2022-12-01,wind_dispersion
True,0.0,True,0,True,2022-12-02,wind_dispersion
True,0.0,True,0,True,2022-12-03,wind_dispersion
True,0.0,True,0,True,2022-12-04,wind_dispersion
True,0.0,True,0,True,2022-12-05,wind_dispersion
True,0.0,True,0,True,2022-12-06,wind_dispersion
True,0.0,True,0,True,2022-12-07,wind_dispersion
True,0.0,True,0,True,2022-12-08,wind_dispersion
True,0.0,True,0,True,2022-12-09,wind_dispersion
True,0.0,True,0,True,2022-12-10,wind_dispersion
True,0.0,True,0,True,2022-12-11,wind_dispersion
True,0.0,True,0,True,2022-12-12,wind_dispersion
True,0.0,True,0,True,2022-12-13,wind_dispersion
True,0.0,True,0,True,2022-12-14,wind_dispersion
True,0.0,True,0,True,2022-12-15,wind_dispersion
True,0.0,True,0,True,2022-12-16,wind_dispersion
True,0.0,True,0,True,2022-12-17,wind_dispersion
True,0.0,True,0,True,2022-12-18,wind_dispersion
True,0.0,True,0,True,2022-12-19,wind_dispersion
True,0.0,True,0,True,2022-12-20,wind_dispersion
True,0.0,True,0,True,2022-12-21,wind_dispersion
True,0.0,True,0,True,2022-12-22,wind_dispersion
True,0.0,True,0,True,2022-12-23,wind_dispersion
True,0.0,True,0,True,2022-12-24,wind_dispersion
True,0.0,True,0,True,2022-12-25,wind_dispersion
True,0.0,True,0,True,2022-12-26,wind_dispersion
True,0.0,True,0,True,2022-12-27,wind_dispersion
True,0.0,True,0,True,2022-12-28,wind_dispersion
True,0.0,True,0,True,2022-12-29,wind_dispersion
True,0.0,True,0,True,2022-12-30,wind_dispersion
True,0.0,True,0,True,2022-12-31,wind_dispersion
True,0.0,True,0,True,2023-01-01,wind_dispersion
True,0.0,True,0,True,2023-01-02,wind_dispersion
True,0.0,True,0,True,2023-01-03,wind_dispersion
True,0.0,True,0,True,2023-01-04,wind_dispersion
True,0.0,True,0,True,2023-01-05,wind_dispersion
True,0.0,True,0,True,2023-01-06,wind_dispersion
True,0.0,True,0,True,2023-01-07,wind_dispersion
True,0.0,True,0,True,2023-01-08,wind_dispersion
True,0.0,True,0,True,2023-01-09,wind_dispersion
True,0.0,True,0,True,2023-01-10,wind_dispersion
True,0.0,True,0,True,2023-01-11,wind_dispersion
True,0.0,True,0,True,2023-01-12,wind_dispersion
True,0.0,True,0,True,2023-01-13,wind_dispersion
True,0.0,True,0,True,2023-01-14,wind_dispersion
True,0.0,True,0,True,2023-01-15,wind_dispersion
True,0.0,True,0,True,2023-01-16,wind_dispersion
True,0.0,True,0,True,2023-01-17,wind_dispersion
True,0.0,True,0,True,2023-01-18,wind_dispersion
True,0.0,True,0,True,2023-01-19,wind_dispersion
True,0.0,True,0,True,2023-01-20,wind_dispersion
True,0.0,True,0,True,2023-01-21,wind_dispersion
True,0.0,True,0,True,2023-01-22,wind_dispersion
True,0.0,True,0,True,2023-01-23,wind_dispersion
True,0.0,True,0,True,2023-01-24,wind_dispersion
True,0.0,True,0,True,2023-01-25,wind_dispersion
True,0.0,True,0,True,2023-01-26,wind_dispersion
True,0.0,True,0,True,2023-01-27,wind_dispersion
True,0.0,True,0,True,2023-01-28,wind_dispersion
True,0.0,True,0,True,2023-01-29,wind_dispersion
True,0.0,True,0,True,2023-01-30,wind_dispersion
True,0.0,True,0,True,2023-01-31,wind_dispersion
True,0.0,True,0,True,2023-02-01,wind_dispersion
True,0.0,True,0,True,2023-02-02,wind_dispersion
True,0.0,True,0,True,2023-02-03,wind_dispersion
True,0.0,True,0,True,2023-02-04,wind_dispersion
True,0.0,True,0,True,2023-02-05,wind_dispersion
True,0.0,True,0,True,2023-02-06,wind_dispersion
True,0.0,True,0,True,2023-02-07,wind_dispersion
True,0.0,True,0,True,2023-02-08,wind_dispersion
True,0.0,True,0,True,2023-02-09,wind_dispersion
True,0.0,True,0,True,2023-02-10,wind_dispersion
True,0.0,True,0,True,2023-02-11,wind_dispersion
True,0.0,True,0,True,2023-02-12,wind_dispersion
True,0.0,True,0,True,2023-02-13,wind_dispersion
True,0.0,True,0,True,2023-02-14,wind_dispersion
True,0.0,True,0,True,2023-02-15,wind_dispersion
True,0.0,True,0,True,2023-02-16,wind_dispersion
True,0.0,True,0,True,2023-02-17,wind_dispersion
True,0.0,True,0,True,2023-02-18,wind_dispersion
True,0.0,True,0,True,2023-02-19,wind_dispersion
True,0.0,True,0,True,2023-02-20,wind_dispersion
True,0.0,True,0,True,2023-02-21,wind_dispersion
True,0.0,True,0,True,2023-02-22,wind_dispersion
True,0.0,True,0,True,2023-02-23,wind_dispersion
True,0.0,True,0,True,2023-02-24,wind_dispersion
True,0.0,True,0,True,2023-02-25,wind_dispersion
True,0.0,True,0,True,2023-02-26,wind_dispersion
True,0.0,True,0,True,2023-02-27,wind_dispersion
True,0.0,True,0,True,2023-02-28,wind_dispersion
True,0.0,True,0,True,2023-03-01,wind_dispersion
True,0.0,True,0,True,2023-03-02,wind_dispersion
True,0.0,True,0,True,2023-03-03,wind_dispersion
True,0.0,True,0,True,2023-03-04,wind_dispersion
True,0.0,True,0,True,2023-03-05,wind_dispersion
True,0.0,True,0,True,2023-03-06,wind_dispersion
True,0.0,True,0,True,2023-03-07,wind_dispersion
True,0.0,True,0,True,2023-03-08,wind_dispersion
True,0.0,True,0,True,2023-03-09,wind_dispersion
True,0.0,True,0,True,2023-03-10,wind_dispersion
True,0.0,True,0,True,2023-03-11,wind_dispersion
True,0.0,True,0,True,2023-03-12,wind_dispersion
True,0.0,True,0,True,2023-03-13,wind_dispersion
True,0.0,True,0,True,2023-03-14,wind_dispersion
True,0.0,True,0,True,2023-03-15,wind_dispersion
True,0.0,True,0,True,2023-03-16,wind_dispersion
True,0.0,True,0,True,2023-03-17,wind_dispersion
True,0.0,True,0,True,2023-03-18,wind_dispersion
True,0.0,True,0,True,2023-03-19,wind_dispersion
True,0.0,True,0,True,2023-03-20,wind_dispersion
True,0.0,True,0,True,2023-03-21,wind_dispersion
True,0.0,True,0,True,2023-03-22,wind_dispersion
True,0.0,True,0,True,2023-03-23,wind_dispersion
True,0.0,True,0,True,2023-03-24,wind_dispersion
True,0.0,True,0,True,2023-03-25,wind_dispersion
True,0.0,True,0,True,2023-03-26,wind_dispersion
True,0.0,True,0,True,2023-03-27,wind_dispersion
True,0.0,True,0,True,2023-03-28,wind_dispersion
True,0.0,True,0,True,2023-03-29,wind_dispersion
True,0.0,True,0,True,2023-03-30,wind_dispersion
True,0.0,True,0,True,2023-03-31,wind_dispersion
True,0.0,True,0,True,2023-04-01,wind_dispersion
True,0.0,True,0,True,2023-04-02,wind_dispersion
True,0.0,True,0,True,2023-04-03,wind_dispersion
True,0.0,True,0,True,2023-04-04,wind_dispersion
True,0.0,True,0,True,2023-04-05,wind_dispersion
True,0.0,True,0,True,2023-04-06,wind_dispersion
True,0.0,True,0,True,2023-04-07,wind_dispersion
True,0.0,True,0,True,2023-04-08,wind_dispersion
True,0.0,True,0,True,2023-04-09,wind_dispersion
True,0.0,True,0,True,2023-04-10,wind_dispersion
True,0.0,True,0,True,2023-04-11,wind_dispersion
True,0.0,True,0,True,2023-04-12,wind_dispersion
True,0.0,True,0,True,2023-04-13,wind_dispersion
True,0.0,True,0,True,2023-04-14,wind_dispersion
True,0.0,True,0,True,2023-04-15,wind_dispersion
True,0.0,True,0,True,2023-04-16,wind_dispersion
True,0.0,True,0,True,2023-04-17,wind_dispersion
True,0.0,True,0,True,2023-04-18,wind_dispersion
True,0.0,True,0,True,2023-04-19,wind_dispersion
True,0.0,True,0,True,2023-04-20,wind_dispersion
True,0.0,True,0,True,2023-04-21,wind_dispersion
True,0.0,True,0,True,2023-04-22,wind_dispersion
True,0.0,True,0,True,2023-04-23,wind_dispersion
True,0.0,True,0,True,2023-04-24,wind_dispersion
True,0.0,True,0,True,2023-04-25,wind_dispersion
True,0.0,True,0,True,2023-04-26,wind_dispersion
True,0.0,True,0,True,2023-04-27,wind_dispersion
True,0.0,True,0,True,2023-04-28,wind_dispersion
True,0.0,True,0,True,2023-04-29,wind_dispersion
True,0.0,True,0,True,2023-04-30,wind_dispersion
True,0.0,True,0,True,2023-05-01,wind_dispersion
True,0.0,True,0,True,2023-05-02,wind_dispersion
True,0.0,True,0,True,2023-05-03,wind_dispersion
True,0.0,True,0,True,2023-05-04,wind_dispersion
True,0.0,True,0,True,2023-05-05,wind_dispersion
True,0.0,True,0,True,2023-05-06,wind_dispersion
True,0.0,True,0,True,2023-05-07,wind_dispersion
True,0.0,True,0,True,2023-05-08,wind_dispersion
True,0.0,True,0,True,2023-05-09,wind_dispersion
True,0.0,True,0,True,2023-05-10,wind_dispersion
True,0.0,True,0,True,2023-05-11,wind_dispersion
True,0.0,True,0,True,2023-05-12,wind_dispersion
True,0.0,True,0,True,2023-05-13,wind_dispersion
True,0.0,True,0,True,2023-05-14,wind_dispersion
True,0.0,True,0,True,2023-05-15,wind_dispersion
True,0.0,True,0,True,2023-05-16,wind_dispersion
True,0.0,True,0,True,2023-05-17,wind_dispersion
True,0.0,True,0,True,2023-05-18,wind_dispersion
True,0.0,True,0,True,2023-05-19,wind_dispersion
True,0.0,True,0,True,2023-05-20,wind_dispersion
True,0.0,True,0,True,2023-05-21,wind_dispersion
True,0.0,True,0,True,2023-05-22,wind_dispersion
True,0.0,True,0,True,2023-05-23,wind_dispersion
True,0.0,True,0,True,2023-05-24,wind_dispersion
True,0.0,True,0,True,2023-05-25,wind_dispersion
True,0.0,True,0,True,2023-05-26,wind_dispersion
True,0.0,True,0,True,2023-05-27,wind_dispersion
True,0.0,True,0,True,2023-05-28,wind_dispersion
True,0.0,True,0,True,2023-05-29,wind_dispersion
True,0.0,True,0,True,2023-05-30,wind_dispersion
True,0.0,True,0,True,2023-05-31,wind_dispersion
True,0.0,True,0,True,2023-06-01,wind_dispersion
True,0.0,True,0,True,2023-06-02,wind_dispersion
True,0.0,True,0,True,2023-06-03,wind_dispersion
True,0.0,True,0,True,2023-06-04,wind_dispersion
True,0.0,True,0,True,2023-06-05,wind_dispersion
True,0.0,True,0,True,2023-06-06,wind_dispersion
True,0.0,True,0,True,2023-06-07,wind_dispersion
True,0.0,True,0,True,2023-06-08,wind_dispersion
True,0.0,True,0,True,2023-06-09,wind_dispersion
True,0.0,True,0,True,2023-06-10,wind_dispersion
True,0.0,True,0,True,2023-06-11,wind_dispersion
True,0.0,True,0,True,2023-06-12,wind_dispersion
True,0.0,True,0,True,2023-06-13,wind_dispersion
True,0.0,True,0,True,2023-06-14,wind_dispersion
True,0.0,True,0,True,2023-06-15,wind_dispersion
True,0.0,True,0,True,2023-06-16,wind_dispersion
True,0.0,True,0,True,2023-06-17,wind_dispersion
True,0.0,True,0,True,2023-06-18,wind_dispersion
True,0.0,True,0,True,2023-06-19,wind_dispersion
True,0.0,True,0,True,2023-06-20,wind_dispersion
True,0.0,True,0,True,2023-06-21,wind_dispersion
True,0.0,True,0,True,2023-06-22,wind_dispersion
True,0.0,True,0,True,2023-06-23,wind_dispersion
True,0.0,True,0,True,2023-06-24,wind_dispersion
True,0.0,True,0,True,2023-06-25,wind_dispersion
True,0.0,True,0,True,2023-06-26,wind_dispersion
True,0.0,True,0,True,2023-06-27,wind_dispersion
True,0.0,True,0,True,2023-06-28,wind_dispersion
True,0.0,True,0,True,2023-06-29,wind_dispersion
True,0.0,True,0,True,2023-06-30,wind_dispersion
True,0.0,True,0,True,2023-07-01,wind_dispersion
True,0.0,True,0,True,2023-07-02,wind_dispersion
True,0.0,True,0,True,2023-07-03,wind_dispersion
True,0.0,True,0,True,2023-07-04,wind_dispersion
True,0.0,True,0,True,2023-07-05,wind_dispersion
True,0.0,True,0,True,2023-07-06,wind_dispersion
True,0.0,True,0,True,2023-07-07,wind_dispersion
True,0.0,True,0,True,2023-07-08,wind_dispersion
True,0.0,True,0,True,2023-07-09,wind_dispersion
True,0.0,True,0,True,2023-07-10,wind_dispersion
True,0.0,True,0,True,2023-07-11,wind_dispersion
True,0.0,True,0,True,2023-07-12,wind_dispersion
True,0.0,True,0,True,2023-07-13,wind_dispersion
True,0.0,True,0,True,2023-07-14,wind_dispersion
True,0.0,True,0,True,2023-07-15,wind_dispersion
True,0.0,True,0,True,2023-07-16,wind_dispersion
True,0.0,True,0,True,2023-07-17,wind_dispersion
True,0.0,True,0,True,2023-07-18,wind_dispersion
True,0.0,True,0,True,2023-07-19,wind_dispersion
True,0.0,True,0,True,2023-07-20,wind_dispersion
True,0.0,True,0,True,2023-07-21,wind_dispersion
True,0.0,True,0,True,2023-07-22,wind_dispersion
True,0.0,True,0,True,2023-07-23,wind_dispersion
True,0.0,True,0,True,2023-07-24,wind_dispersion
True,0.0,True,0,True,2023-07-25,wind_dispersion
True,0.0,True,0,True,2023-07-26,wind_dispersion
True,0.0,True,0,True,2023-07-27,wind_dispersion
True,0.0,True,0,True,2023-07-28,wind_dispersion
True,0.0,True,0,True,2023-07-29,wind_dispersion
True,0.0,True,0,True,2023-07-30,wind_dispersion
True,0.0,True,0,True,2023-07-31,wind_dispersion
True,0.0,True,0,True,2023-08-01,wind_dispersion
True,0.0,True,0,True,2023-08-02,wind_dispersion
True,0.0,True,0,True,2023-08-03,wind_dispersion
True,0.0,True,0,True,2023-08-04,wind_dispersion
True,0.0,True,0,True,2023-08-05,wind_dispersion
True,0.0,True,0,True,2023-08-06,wind_dispersion
True,0.0,True,0,True,2023-08-07,wind_dispersion
True,0.0,True,0,True,2023-08-08,wind_dispersion
True,0.0,True,0,True,2023-08-09,wind_dispersion
True,0.0,True,0,True,2023-08-10,wind_dispersion
True,0.0,True,0,True,2023-08-11,wind_dispersion
True,0.0,True,0,True,2023-08-12,wind_dispersion
True,0.0,True,0,True,2023-08-13,wind_dispersion
True,0.0,True,0,True,2023-08-14,wind_dispersion
True,0.0,True,0,True,2023-08-15,wind_dispersion
True,0.0,True,0,True,2023-08-16,wind_dispersion
True,0.0,True,0,True,2023-08-17,wind_dispersion
True,0.0,True,0,True,2023-08-18,wind_dispersion
True,0.0,True,0,True,2023-08-19,wind_dispersion
True,0.0,True,0,True,2023-08-20,wind_dispersion
True,0.0,True,0,True,2023-08-21,wind_dispersion
True,0.0,True,0,True,2023-08-22,wind_dispersion
True,0.0,True,0,True,2023-08-23,wind_dispersion
True,0.0,True,0,True,2023-08-24,wind_dispersion
True,0.0,True,0,True,2023-08-25,wind_dispersion
True,0.0,True,0,True,2023-08-26,wind_dispersion
True,0.0,True,0,True,2023-08-27,wind_dispersion
True,0.0,True,0,True,2023-08-28,wind_dispersion
True,0.0,True,0,True,2023-08-29,wind_dispersion
True,0.0,True,0,True,2023-08-30,wind_dispersion
True,0.0,True,0,True,2023-08-31,wind_dispersion
True,0.0,True,0,True,2023-09-01,wind_dispersion
True,0.0,True,0,True,2023-09-02,wind_dispersion
True,0.0,True,0,True,2023-09-03,wind_dispersion
True,0.0,True,0,True,2023-09-04,wind_dispersion
True,0.0,True,0,True,2023-09-05,wind_dispersion
True,0.0,True,0,True,2023-09-06,wind_dispersion
True,0.0,True,0,True,2023-09-07,wind_dispersion
True,0.0,True,0,True,2023-09-08,wind_dispersion
True,0.0,True,0,True,2023-09-09,wind_dispersion
True,0.0,True,0,True,2023-09-10,wind_dispersion
True,0.0,True,0,True,2023-09-11,wind_dispersion
True,0.0,True,0,True,2023-09-12,wind_dispersion
True,0.0,True,0,True,2023-09-13,wind_dispersion
True,0.0,True,0,True,2023-09-14,wind_dispersion
True,0.0,True,0,True,2023-09-15,wind_dispersion
True,0.0,True,0,True,2023-09-16,wind_dispersion
True,0.0,True,0,True,2023-09-17,wind_dispersion
True,0.0,True,0,True,2023-09-18,wind_dispersion
True,0.0,True,0,True,2023-09-19,wind_dispersion
True,0.0,True,0,True,2023-09-20,wind_dispersion
True,0.0,True,0,True,2023-09-21,wind_dispersion
True,0.0,True,0,True,2023-09-22,wind_dispersion
True,0.0,True,0,True,2023-09-23,wind_dispersion
True,0.0,True,0,True,2023-09-24,wind_dispersion
True,0.0,True,0,True,2023-09-25,wind_dispersion
True,0.0,True,0,True,2023-09-26,wind_dispersion
True,0.0,True,0,True,2023-09-27,wind_dispersion
True,0.0,True,0,True,2023-09-28,wind_dispersion
True,0.0,True,0,True,2023-09-29,wind_dispersion
True,0.0,True,0,True,2023-09-30,wind_dispersion
True,0.0,True,0,True,2023-10-01,wind_dispersion
True,0.0,True,0,True,2023-10-02,wind_dispersion
True,0.0,True,0,True,2023-10-03,wind_dispersion
True,0.0,True,0,True,2023-10-04,wind_dispersion
True,0.0,True,0,True,2023-10-05,wind_dispersion
True,0.0,True,0,True,2023-10-06,wind_dispersion
True,0.0,True,0,True,2023-10-07,wind_dispersion
True,0.0,True,0,True,2023-10-08,wind_dispersion
True,0.0,True,0,True,2023-10-09,wind_dispersion
True,0.0,True,0,True,2023-10-10,wind_dispersion
True,0.0,True,0,True,2023-10-11,wind_dispersion
True,0.0,True,0,True,2023-10-12,wind_dispersion
True,0.0,True,0,True,2023-10-13,wind_dispersion
True,0.0,True,0,True,2023-10-14,wind_dispersion
True,0.0,True,0,True,2023-10-15,wind_dispersion
True,0.0,True,0,True,2023-10-16,wind_dispersion
True,0.0,True,0,True,2023-10-17,wind_dispersion
True,0.0,True,0,True,2023-10-18,wind_dispersion
True,0.0,True,0,True,2023-10-19,wind_dispersion
True,0.0,True,0,True,2023-10-20,wind_dispersion
True,0.0,True,0,True,2023-10-21,wind_dispersion
True,0.0,True,0,True,2023-10-22,wind_dispersion
True,0.0,True,0,True,2023-10-23,wind_dispersion
True,0.0,True,0,True,2023-10-24,wind_dispersion
True,0.0,True,0,True,2023-10-25,wind_dispersion
True,0.0,True,0,True,2023-10-26,wind_dispersion
True,0.0,True,0,True,2023-10-27,wind_dispersion
True,0.0,True,0,True,2023-10-28,wind_dispersion
True,0.0,True,0,True,2023-10-29,wind_dispersion
True,0.0,True,0,True,2023-10-30,wind_dispersion
True,0.0,True,0,True,2023-10-31,wind_dispersion
True,0.0,True,0,True,2023-11-01,wind_dispersion
True,0.0,True,0,True,2023-11-02,wind_dispersion
True,0.0,True,0,True,2023-11-03,wind_dispersion
True,0.0,True,0,True,2023-11-04,wind_dispersion
True,0.0,True,0,True,2023-11-05,wind_dispersion
True,0.0,True,0,True,2023-11-06,wind_dispersion
True,0.0,True,0,True,2023-11-07,wind_dispersion
True,0.0,True,0,True,2023-11-08,wind_dispersion
True,0.0,True,0,True,2023-11-09,wind_dispersion
True,0.0,True,0,True,2023-11-10,wind_dispersion
True,0.0,True,0,True,2023-11-11,wind_dispersion
True,0.0,True,0,True,2023-11-12,wind_dispersion
True,0.0,True,0,True,2023-11-13,wind_dispersion
True,0.0,True,0,True,2023-11-14,wind_dispersion
True,0.0,True,0,True,2023-11-15,wind_dispersion
True,0.0,True,0,True,2023-11-16,wind_dispersion
True,0.0,True,0,True,2023-11-17,wind_dispersion
True,0.0,True,0,True,2023-11-18,wind_dispersion
True,0.0,True,0,True,2023-11-19,wind_dispersion
True,0.0,True,0,True,2023-11-20,wind_dispersion
True,0.0,True,0,True,2023-11-21,wind_dispersion
True,0.0,True,0,True,2023-11-22,wind_dispersion
True,0.0,True,0,True,2023-11-23,wind_dispersion
True,0.0,True,0,True,2023-11-24,wind_dispersion
True,0.0,True,0,True,2023-11-25,wind_dispersion
True,0.0,True,0,True,2023-11-26,wind_dispersion
True,0.0,True,0,True,2023-11-27,wind_dispersion
True,0.0,True,0,True,2023-11-28,wind_dispersion
True,0.0,True,0,True,2023-11-29,wind_dispersion
True,0.0,True,0,True,2023-11-30,wind_dispersion
True,0.0,True,0,True,2023-12-01,wind_dispersion
True,0.0,True,0,True,2023-12-02,wind_dispersion
True,0.0,True,0,True,2023-12-03,wind_dispersion
True,0.0,True,0,True,2023-12-04,wind_dispersion
True,0.0,True,0,True,2023-12-05,wind_dispersion
True,0.0,True,0,True,2023-12-06,wind_dispersion
True,0.0,True,0,True,2023-12-07,wind_dispersion
True,0.0,True,0,True,2023-12-08,wind_dispersion
True,0.0,True,0,True,2023-12-09,wind_dispersion
True,0.0,True,0,True,2023-12-10,wind_dispersion
True,0.0,True,0,True,2023-12-11,wind_dispersion
True,0.0,True,0,True,2023-12-12,wind_dispersion
True,0.0,True,0,True,2023-12-13,wind_dispersion
True,0.0,True,0,True,2023-12-14,wind_dispersion
True,0.0,True,0,True,2023-12-15,wind_dispersion
True,0.0,True,0,True,2023-12-16,wind_dispersion
True,0.0,True,0,True,2023-12-17,wind_dispersion
True,0.0,True,0,True,2023-12-18,wind_dispersion
True,0.0,True,0,True,2023-12-19,wind_dispersion
True,0.0,True,0,True,2023-12-20,wind_dispersion
True,0.0,True,0,True,2023-12-21,wind_dispersion
True,0.0,True,0,True,2023-12-22,wind_dispersion
True,0.0,True,0,True,2023-12-23,wind_dispersion
True,0.0,True,0,True,2023-12-24,wind_dispersion
True,0.0,True,0,True,2023-12-25,wind_dispersion
True,0.0,True,0,True,2023-12-26,wind_dispersion
True,0.0,True,0,True,2023-12-27,wind_dispersion
True,0.0,True,0,True,2023-12-28,wind_dispersion
True,0.0,True,0,True,2023-12-29,wind_dispersion
True,0.0,True,0,True,2023-12-30,wind_dispersion
True,0.0,True,0,True,2023-12-31,wind_dispersion
True,0.0,True,0,True,2024-01-01,wind_dispersion
True,0.0,True,0,True,2024-01-02,wind_dispersion
True,0.0,True,0,True,2024-01-03,wind_dispersion
True,0.0,True,0,True,2024-01-04,wind_dispersion
True,0.0,True,0,True,2024-01-05,wind_dispersion
True,0.0,True,0,True,2024-01-06,wind_dispersion
True,0.0,True,0,True,2024-01-07,wind_dispersion
True,0.0,True,0,True,2024-01-08,wind_dispersion
True,0.0,True,0,True,2024-01-09,wind_dispersion
True,0.0,True,0,True,2024-01-10,wind_dispersion
True,0.0,True,0,True,2024-01-11,wind_dispersion
True,0.0,True,0,True,2024-01-12,wind_dispersion
True,0.0,True,0,True,2024-01-13,wind_dispersion
True,0.0,True,0,True,2024-01-14,wind_dispersion
True,0.0,True,0,True,2024-01-15,wind_dispersion
True,0.0,True,0,True,2024-01-16,wind_dispersion
True,0.0,True,0,True,2024-01-17,wind_dispersion
True,0.0,True,0,True,2024-01-18,wind_dispersion
True,0.0,True,0,True,2024-01-19,wind_dispersion
True,0.0,True,0,True,2024-01-20,wind_dispersion
True,0.0,True,0,True,2024-01-21,wind_dispersion
True,0.0,True,0,True,2024-01-22,wind_dispersion
True,0.0,True,0,True,2024-01-23,wind_dispersion
True,0.0,True,0,True,2024-01-24,wind_dispersion
True,0.0,True,0,True,2024-01-25,wind_dispersion
True,0.0,True,0,True,2024-01-26,wind_dispersion
True,0.0,True,0,True,2024-01-27,wind_dispersion
True,0.0,True,0,True,2024-01-28,wind_dispersion
True,0.0,True,0,True,2024-01-29,wind_dispersion
True,0.0,True,0,True,2024-01-30,wind_dispersion
True,0.0,True,0,True,2024-01-31,wind_dispersion
True,0.0,True,0,True,2024-02-01,wind_dispersion
True,0.0,True,0,True,2024-02-02,wind_dispersion
True,0.0,True,0,True,2024-02-03,wind_dispersion
True,0.0,True,0,True,2024-02-04,wind_dispersion
True,0.0,True,0,True,2024-02-05,wind_dispersion
True,0.0,True,0,True,2024-02-06,wind_dispersion
True,0.0,True,0,True,2024-02-07,wind_dispersion
True,0.0,True,0,True,2024-02-08,wind_dispersion
True,0.0,True,0,True,2024-02-09,wind_dispersion
True,0.0,True,0,True,2024-02-10,wind_dispersion
True,0.0,True,0,True,2024-02-11,wind_dispersion
True,0.0,True,0,True,2024-02-12,wind_dispersion
True,0.0,True,0,True,2024-02-13,wind_dispersion
True,0.0,True,0,True,2024-02-14,wind_dispersion
True,0.0,True,0,True,2024-02-15,wind_dispersion
True,0.0,True,0,True,2024-02-16,wind_dispersion
True,0.0,True,0,True,2024-02-17,wind_dispersion
True,0.0,True,0,True,2024-02-18,wind_dispersion
True,0.0,True,0,True,2024-02-19,wind_dispersion
True,0.0,True,0,True,2024-02-20,wind_dispersion
True,0.0,True,0,True,2024-02-21,wind_dispersion
True,0.0,True,0,True,2024-02-22,wind_dispersion
True,0.0,True,0,True,2024-02-23,wind_dispersion
True,0.0,True,0,True,2024-02-24,wind_dispersion
True,0.0,True,0,True,2024-02-25,wind_dispersion
True,0.0,True,0,True,2024-02-26,wind_dispersion
True,0.0,True,0,True,2024-02-27,wind_dispersion
True,0.0,True,0,True,2024-02-28,wind_dispersion
True,0.0,True,0,True,2024-02-29,wind_dispersion
True,0.0,True,0,True,2024-03-01,wind_dispersion
True,0.0,True,0,True,2024-03-02,wind_dispersion
True,0.0,True,0,True,2024-03-03,wind_dispersion
True,0.0,True,0,True,2024-03-04,wind_dispersion
True,0.0,True,0,True,2024-03-05,wind_dispersion
True,0.0,True,0,True,2024-03-06,wind_dispersion
True,0.0,True,0,True,2024-03-07,wind_dispersion
True,0.0,True,0,True,2024-03-08,wind_dispersion
True,0.0,True,0,True,2024-03-09,wind_dispersion
True,0.0,True,0,True,2024-03-10,wind_dispersion
True,0.0,True,0,True,2024-03-11,wind_dispersion
True,0.0,True,0,True,2024-03-12,wind_dispersion
True,0.0,True,0,True,2024-03-13,wind_dispersion
True,0.0,True,0,True,2024-03-14,wind_dispersion
True,0.0,True,0,True,2024-03-15,wind_dispersion
True,0.0,True,0,True,2024-03-16,wind_dispersion
True,0.0,True,0,True,2024-03-17,wind_dispersion
True,0.0,True,0,True,2024-03-18,wind_dispersion
True,0.0,True,0,True,2024-03-19,wind_dispersion
True,0.0,True,0,True,2024-03-20,wind_dispersion
True,0.0,True,0,True,2024-03-21,wind_dispersion
True,0.0,True,0,True,2024-03-22,wind_dispersion
True,0.0,True,0,True,2024-03-23,wind_dispersion
True,0.0,True,0,True,2024-03-24,wind_dispersion
True,0.0,True,0,True,2024-03-25,wind_dispersion
True,0.0,True,0,True,2024-03-26,wind_dispersion
True,0.0,True,0,True,2024-03-27,wind_dispersion
True,0.0,True,0,True,2024-03-28,wind_dispersion
True,0.0,True,0,True,2024-03-29,wind_dispersion
True,0.0,True,0,True,2024-03-30,wind_dispersion
True,0.0,True,0,True,2024-03-31,wind_dispersion
True,0.0,True,0,True,2024-04-01,wind_dispersion
True,0.0,True,0,True,2024-04-02,wind_dispersion
True,0.0,True,0,True,2024-04-03,wind_dispersion
True,0.0,True,0,True,2024-04-04,wind_dispersion
True,0.0,True,0,True,2024-04-05,wind_dispersion
True,0.0,True,0,True,2024-04-06,wind_dispersion
True,0.0,True,0,True,2024-04-07,wind_dispersion
True,0.0,True,0,True,2024-04-08,wind_dispersion
True,0.0,True,0,True,2024-04-09,wind_dispersion
True,0.0,True,0,True,2024-04-10,wind_dispersion
True,0.0,True,0,True,2024-04-11,wind_dispersion
True,0.0,True,0,True,2024-04-12,wind_dispersion
True,0.0,True,0,True,2024-04-13,wind_dispersion
True,0.0,True,0,True,2024-04-14,wind_dispersion
True,0.0,True,0,True,2024-04-15,wind_dispersion
True,0.0,True,0,True,2024-04-16,wind_dispersion
True,0.0,True,0,True,2024-04-17,wind_dispersion
True,0.0,True,0,True,2024-04-18,wind_dispersion
True,0.0,True,0,True,2024-04-19,wind_dispersion
True,0.0,True,0,True,2024-04-20,wind_dispersion
True,0.0,True,0,True,2024-04-21,wind_dispersion
True,0.0,True,0,True,2024-04-22,wind_dispersion
True,0.0,True,0,True,2024-04-23,wind_dispersion
True,0.0,True,0,True,2024-04-24,wind_dispersion
True,0.0,True,0,True,2024-04-25,wind_dispersion
True,0.0,True,0,True,2024-04-26,wind_dispersion
True,0.0,True,0,True,2024-04-27,wind_dispersion
True,0.0,True,0,True,2024-04-28,wind_dispersion
True,0.0,True,0,True,2024-04-29,wind_dispersion
True,0.0,True,0,True,2024-04-30,wind_dispersion
True,0.0,True,0,True,2024-05-01,wind_dispersion
True,0.0,True,0,True,2024-05-02,wind_dispersion
True,0.0,True,0,True,2024-05-03,wind_dispersion
True,0.0,True,0,True,2024-05-04,wind_dispersion
True,0.0,True,0,True,2024-05-05,wind_dispersion
True,0.0,True,0,True,2024-05-06,wind_dispersion
True,0.0,True,0,True,2024-05-07,wind_dispersion
True,0.0,True,0,True,2024-05-08,wind_dispersion
True,0.0,True,0,True,2024-05-09,wind_dispersion
True,0.0,True,0,True,2024-05-10,wind_dispersion
True,0.0,True,0,True,2024-05-11,wind_dispersion
True,0.0,True,0,True,2024-05-12,wind_dispersion
True,0.0,True,0,True,2024-05-13,wind_dispersion
True,0.0,True,0,True,2024-05-14,wind_dispersion
True,0.0,True,0,True,2024-05-15,wind_dispersion
True,0.0,True,0,True,2024-05-16,wind_dispersion
True,0.0,True,0,True,2024-05-17,wind_dispersion
True,0.0,True,0,True,2024-05-18,wind_dispersion
True,0.0,True,0,True,2024-05-19,wind_dispersion
True,0.0,True,0,True,2024-05-20,wind_dispersion
True,0.0,True,0,True,2024-05-21,wind_dispersion
True,0.0,True,0,True,2024-05-22,wind_dispersion
True,0.0,True,0,True,2024-05-23,wind_dispersion
True,0.0,True,0,True,2024-05-24,wind_dispersion
True,0.0,True,0,True,2024-05-25,wind_dispersion
True,0.0,True,0,True,2024-05-26,wind_dispersion
True,0.0,True,0,True,2024-05-27,wind_dispersion
True,0.0,True,0,True,2024-05-28,wind_dispersion
True,0.0,True,0,True,2024-05-29,wind_dispersion
True,0.0,True,0,True,2024-05-30,wind_dispersion
True,0.0,True,0,True,2024-05-31,wind_dispersion
True,0.0,True,0,True,2024-06-01,wind_dispersion
True,0.0,True,0,True,2024-06-02,wind_dispersion
True,0.0,True,0,True,2024-06-03,wind_dispersion
True,0.0,True,0,True,2024-06-04,wind_dispersion
True,0.0,True,0,True,2024-06-05,wind_dispersion
True,0.0,True,0,True,2024-06-06,wind_dispersion
True,0.0,True,0,True,2024-06-07,wind_dispersion
True,0.0,True,0,True,2024-06-08,wind_dispersion
True,0.0,True,0,True,2024-06-09,wind_dispersion
True,0.0,True,0,True,2024-06-10,wind_dispersion
True,0.0,True,0,True,2024-06-11,wind_dispersion
True,0.0,True,0,True,2024-06-12,wind_dispersion
True,0.0,True,0,True,2024-06-13,wind_dispersion
True,0.0,True,0,True,2024-06-14,wind_dispersion
True,0.0,True,0,True,2024-06-15,wind_dispersion
True,0.0,True,0,True,2024-06-16,wind_dispersion
True,0.0,True,0,True,2024-06-17,wind_dispersion
True,0.0,True,0,True,2024-06-18,wind_dispersion
True,0.0,True,0,True,2024-06-19,wind_dispersion
True,0.0,True,0,True,2024-06-20,wind_dispersion
True,0.0,True,0,True,2024-06-21,wind_dispersion
True,0.0,True,0,True,2024-06-22,wind_dispersion
True,0.0,True,0,True,2024-06-23,wind_dispersion
True,0.0,True,0,True,2024-06-24,wind_dispersion
True,0.0,True,0,True,2024-06-25,wind_dispersion
True,0.0,True,0,True,2024-06-26,wind_dispersion
True,0.0,True,0,True,2024-06-27,wind_dispersion
True,0.0,True,0,True,2024-06-28,wind_dispersion
True,0.0,True,0,True,2024-06-29,wind_dispersion
True,0.0,True,0,True,2024-06-30,wind_dispersion
True,0.0,True,0,True,2024-07-01,wind_dispersion
True,0.0,True,0,True,2024-07-02,wind_dispersion
True,0.0,True,0,True,2024-07-03,wind_dispersion
True,0.0,True,0,True,2024-07-04,wind_dispersion
True,0.0,True,0,True,2024-07-05,wind_dispersion
True,0.0,True,0,True,2024-07-06,wind_dispersion
True,0.0,True,0,True,2024-07-07,wind_dispersion
True,0.0,True,0,True,2024-07-08,wind_dispersion
True,0.0,True,0,True,2024-07-09,wind_dispersion
True,0.0,True,0,True,2024-07-10,wind_dispersion
True,0.0,True,0,True,2024-07-11,wind_dispersion
True,0.0,True,0,True,2024-07-12,wind_dispersion
True,0.0,True,0,True,2024-07-13,wind_dispersion
True,0.0,True,0,True,2024-07-14,wind_dispersion
True,0.0,True,0,True,2024-07-15,wind_dispersion
True,0.0,True,0,True,2024-07-16,wind_dispersion
True,0.0,True,0,True,2024-07-17,wind_dispersion
True,0.0,True,0,True,2024-07-18,wind_dispersion
True,0.0,True,0,True,2024-07-19,wind_dispersion
True,0.0,True,0,True,2024-07-20,wind_dispersion
True,0.0,True,0,True,2024-07-21,wind_dispersion
True,0.0,True,0,True,2024-07-22,wind_dispersion
True,0.0,True,0,True,2024-07-23,wind_dispersion
True,0.0,True,0,True,2024-07-24,wind_dispersion
True,0.0,True,0,True,2024-07-25,wind_dispersion
True,0.0,True,0,True,2024-07-26,wind_dispersion
True,0.0,True,0,True,2024-07-27,wind_dispersion
True,0.0,True,0,True,2024-07-28,wind_dispersion
True,0.0,True,0,True,2024-07-29,wind_dispersion
True,0.0,True,0,True,2024-07-30,wind_dispersion
True,0.0,True,0,True,2024-07-31,wind_dispersion
True,0.0,True,0,True,2024-08-01,wind_dispersion
True,0.0,True,0,True,2024-08-02,wind_dispersion
True,0.0,True,0,True,2024-08-03,wind_dispersion
True,0.0,True,0,True,2024-08-04,wind_dispersion
True,0.0,True,0,True,2024-08-05,wind_dispersion
True,0.0,True,0,True,2024-08-06,wind_dispersion
True,0.0,True,0,True,2024-08-07,wind_dispersion
True,0.0,True,0,True,2024-08-08,wind_dispersion
True,0.0,True,0,True,2024-08-09,wind_dispersion
True,0.0,True,0,True,2024-08-10,wind_dispersion
True,0.0,True,0,True,2024-08-11,wind_dispersion
True,0.0,True,0,True,2024-08-12,wind_dispersion
True,0.0,True,0,True,2024-08-13,wind_dispersion
True,0.0,True,0,True,2024-08-14,wind_dispersion
True,0.0,True,0,True,2024-08-15,wind_dispersion
True,0.0,True,0,True,2024-08-16,wind_dispersion
True,0.0,True,0,True,2024-08-17,wind_dispersion
True,0.0,True,0,True,2024-08-18,wind_dispersion
True,0.0,True,0,True,2024-08-19,wind_dispersion
True,0.0,True,0,True,2024-08-20,wind_dispersion
True,0.0,True,0,True,2024-08-21,wind_dispersion
True,0.0,True,0,True,2024-08-22,wind_dispersion
True,0.0,True,0,True,2024-08-23,wind_dispersion
True,0.0,True,0,True,2024-08-24,wind_dispersion
True,0.0,True,0,True,2024-08-25,wind_dispersion
True,0.0,True,0,True,2024-08-26,wind_dispersion
True,0.0,True,0,True,2024-08-27,wind_dispersion
True,0.0,True,0,True,2024-08-28,wind_dispersion
True,0.0,True,0,True,2024-08-29,wind_dispersion
True,0.0,True,0,True,2024-08-30,wind_dispersion
True,0.0,True,0,True,2024-08-31,wind_dispersion
True,0.0,True,0,True,2024-09-01,wind_dispersion
True,0.0,True,0,True,2024-09-02,wind_dispersion
True,0.0,True,0,True,2024-09-03,wind_dispersion
True,0.0,True,0,True,2024-09-04,wind_dispersion
True,0.0,True,0,True,2024-09-05,wind_dispersion
True,0.0,True,0,True,2024-09-06,wind_dispersion
True,0.0,True,0,True,2024-09-07,wind_dispersion
True,0.0,True,0,True,2024-09-08,wind_dispersion
True,0.0,True,0,True,2024-09-09,wind_dispersion
True,0.0,True,0,True,2024-09-10,wind_dispersion
True,0.0,True,0,True,2024-09-11,wind_dispersion
True,0.0,True,0,True,2024-09-12,wind_dispersion
True,0.0,True,0,True,2024-09-13,wind_dispersion
True,0.0,True,0,True,2024-09-14,wind_dispersion
True,0.0,True,0,True,2024-09-15,wind_dispersion
True,0.0,True,0,True,2024-09-16,wind_dispersion
True,0.0,True,0,True,2024-09-17,wind_dispersion
True,0.0,True,0,True,2024-09-18,wind_dispersion
True,0.0,True,0,True,2024-09-19,wind_dispersion
True,0.0,True,0,True,2024-09-20,wind_dispersion
True,0.0,True,0,True,2024-09-21,wind_dispersion
True,0.0,True,0,True,2024-09-22,wind_dispersion
True,0.0,True,0,True,2024-09-23,wind_dispersion
True,0.0,True,0,True,2024-09-24,wind_dispersion
True,0.0,True,0,True,2024-09-25,wind_dispersion
True,0.0,True,0,True,2024-09-26,wind_dispersion
True,0.0,True,0,True,2024-09-27,wind_dispersion
True,0.0,True,0,True,2024-09-28,wind_dispersion
True,0.0,True,0,True,2024-09-29,wind_dispersion
True,0.0,True,0,True,2024-09-30,wind_dispersion
True,0.0,True,0,True,2024-10-01,wind_dispersion
True,0.0,True,0,True,2024-10-02,wind_dispersion
True,0.0,True,0,True,2024-10-03,wind_dispersion
True,0.0,True,0,True,2024-10-04,wind_dispersion
True,0.0,True,0,True,2024-10-05,wind_dispersion
True,0.0,True,0,True,2024-10-06,wind_dispersion
True,0.0,True,0,True,2024-10-07,wind_dispersion
True,0.0,True,0,True,2024-10-08,wind_dispersion
True,0.0,True,0,True,2024-10-09,wind_dispersion
True,0.0,True,0,True,2024-10-10,wind_dispersion
True,0.0,True,0,True,2024-10-11,wind_dispersion
True,0.0,True,0,True,2024-10-12,wind_dispersion
True,0.0,True,0,True,2024-10-13,wind_dispersion
True,0.0,True,0,True,2024-10-14,wind_dispersion
True,0.0,True,0,True,2024-10-15,wind_dispersion
True,0.0,True,0,True,2024-10-16,wind_dispersion
True,0.0,True,0,True,2024-10-17,wind_dispersion
True,0.0,True,0,True,2024-10-18,wind_dispersion
True,0.0,True,0,True,2024-10-19,wind_dispersion
True,0.0,True,0,True,2024-10-20,wind_dispersion
True,0.0,True,0,True,2024-10-21,wind_dispersion
True,0.0,True,0,True,2024-10-22,wind_dispersion
True,0.0,True,0,True,2024-10-23,wind_dispersion
True,0.0,True,0,True,2024-10-24,wind_dispersion
True,0.0,True,0,True,2024-10-25,wind_dispersion
True,0.0,True,0,True,2024-10-26,wind_dispersion
True,0.0,True,0,True,2024-10-27,wind_dispersion
True,0.0,True,0,True,2024-10-28,wind_dispersion
True,0.0,True,0,True,2024-10-29,wind_dispersion
True,0.0,True,0,True,2024-10-30,wind_dispersion
True,0.0,True,0,True,2024-10-31,wind_dispersion
True,0.0,True,0,True,2024-11-01,wind_dispersion
True,0.0,True,0,True,2024-11-02,wind_dispersion
True,0.0,True,0,True,2024-11-03,wind_dispersion
True,0.0,True,0,True,2024-11-04,wind_dispersion
True,0.0,True,0,True,2024-11-05,wind_dispersion
True,0.0,True,0,True,2024-11-06,wind_dispersion
True,0.0,True,0,True,2024-11-07,wind_dispersion
True,0.0,True,0,True,2024-11-08,wind_dispersion
True,0.0,True,0,True,2024-11-09,wind_dispersion
True,0.0,True,0,True,2024-11-10,wind_dispersion
True,0.0,True,0,True,2024-11-11,wind_dispersion
True,0.0,True,0,True,2024-11-12,wind_dispersion
True,0.0,True,0,True,2024-11-13,wind_dispersion
True,0.0,True,0,True,2024-11-14,wind_dispersion
True,0.0,True,0,True,2024-11-15,wind_dispersion
True,0.0,True,0,True,2024-11-16,wind_dispersion
True,0.0,True,0,True,2024-11-17,wind_dispersion
True,0.0,True,0,True,2024-11-18,wind_dispersion
True,0.0,True,0,True,2024-11-19,wind_dispersion
True,0.0,True,0,True,2024-11-20,wind_dispersion
True,0.0,True,0,True,2024-11-21,wind_dispersion
True,0.0,True,0,True,2024-11-22,wind_dispersion
True,0.0,True,0,True,2024-11-23,wind_dispersion
True,0.0,True,0,True,2024-11-24,wind_dispersion
True,0.0,True,0,True,2024-11-25,wind_dispersion
True,0.0,True,0,True,2024-11-26,wind_dispersion
True,0.0,True,0,True,2024-11-27,wind_dispersion
True,0.0,True,0,True,2024-11-28,wind_dispersion
True,0.0,True,0,True,2024-11-29,wind_dispersion
True,0.0,True,0,True,2024-11-30,wind_dispersion
True,0.0,True,0,True,2024-12-01,wind_dispersion
True,0.0,True,0,True,2024-12-02,wind_dispersion
True,0.0,True,0,True,2024-12-03,wind_dispersion
True,0.0,True,0,True,2024-12-04,wind_dispersion
True,0.0,True,0,True,2024-12-05,wind_dispersion
True,0.0,True,0,True,2024-12-06,wind_dispersion
True,0.0,True,0,True,2024-12-07,wind_dispersion
True,0.0,True,0,True,2024-12-08,wind_dispersion
True,0.0,True,0,True,2024-12-09,wind_dispersion
True,0.0,True,0,True,2024-12-10,wind_dispersion
True,0.0,True,0,True,2024-12-11,wind_dispersion
True,0.0,True,0,True,2024-12-12,wind_dispersion
True,0.0,True,0,True,2024-12-13,wind_dispersion
True,0.0,True,0,True,2024-12-14,wind_dispersion
True,0.0,True,0,True,2024-12-15,wind_dispersion
True,0.0,True,0,True,2024-12-16,wind_dispersion
True,0.0,True,0,True,2024-12-17,wind_dispersion
True,0.0,True,0,True,2024-12-18,wind_dispersion
True,0.0,True,0,True,2024-12-19,wind_dispersion
True,0.0,True,0,True,2024-12-20,wind_dispersion
True,0.0,True,0,True,2024-12-21,wind_dispersion
True,0.0,True,0,True,2024-12-22,wind_dispersion
True,0.0,True,0,True,2024-12-23,wind_dispersion
True,0.0,True,0,True,2024-12-24,wind_dispersion
True,0.0,True,0,True,2024-12-25,wind_dispersion
True,0.0,True,0,True,2024-12-26,wind_dispersion
True,0.0,True,0,True,2024-12-27,wind_dispersion
True,0.0,True,0,True,2024-12-28,wind_dispersion
True,0.0,True,0,True,2024-12-29,wind_dispersion
True,0.0,True,0,True,2024-12-30,wind_dispersion
True,0.0,True,0,True,2024-12-31,wind_dispersion
True,0.0,True,0,True,2020-01-01,meteorology_normal
True,0.0,True,0,True,2020-01-02,meteorology_normal
True,0.0,True,0,True,2020-01-03,meteorology_normal
True,0.0,True,0,True,2020-01-04,meteorology_normal
True,0.0,True,0,True,2020-01-05,meteorology_normal
True,0.0,True,0,True,2020-01-06,meteorology_normal
True,0.0,True,0,True,2020-01-07,meteorology_normal
True,0.0,True,0,True,2020-01-08,meteorology_normal
True,0.0,True,0,True,2020-01-09,meteorology_normal
True,0.0,True,0,True,2020-01-10,meteorology_normal
True,0.0,True,0,True,2020-01-11,meteorology_normal
True,0.0,True,0,True,2020-01-12,meteorology_normal
True,0.0,True,0,True,2020-01-13,meteorology_normal
True,0.0,True,0,True,2020-01-14,meteorology_normal
True,0.0,True,0,True,2020-01-15,meteorology_normal
True,0.0,True,0,True,2020-01-16,meteorology_normal
True,0.0,True,0,True,2020-01-17,meteorology_normal
True,0.0,True,0,True,2020-01-18,meteorology_normal
True,0.0,True,0,True,2020-01-19,meteorology_normal
True,0.0,True,0,True,2020-01-20,meteorology_normal
True,0.0,True,0,True,2020-01-21,meteorology_normal
True,0.0,True,0,True,2020-01-22,meteorology_normal
True,0.0,True,0,True,2020-01-23,meteorology_normal
True,0.0,True,0,True,2020-01-24,meteorology_normal
True,0.0,True,0,True,2020-01-25,meteorology_normal
True,0.0,True,0,True,2020-01-26,meteorology_normal
True,0.0,True,0,True,2020-01-27,meteorology_normal
True,0.0,True,0,True,2020-01-28,meteorology_normal
True,0.0,True,0,True,2020-01-29,meteorology_normal
True,0.0,True,0,True,2020-01-30,meteorology_normal
True,0.0,True,0,True,2020-01-31,meteorology_normal
True,0.0,True,0,True,2020-02-01,meteorology_normal
True,0.0,True,0,True,2020-02-02,meteorology_normal
True,0.0,True,0,True,2020-02-03,meteorology_normal
True,0.0,True,0,True,2020-02-04,meteorology_normal
True,0.0,True,0,True,2020-02-05,meteorology_normal
True,0.0,True,0,True,2020-02-06,meteorology_normal
True,0.0,True,0,True,2020-02-07,meteorology_normal
True,0.0,True,0,True,2020-02-08,meteorology_normal
True,0.0,True,0,True,2020-02-09,meteorology_normal
True,0.0,True,0,True,2020-02-10,meteorology_normal
True,0.0,True,0,True,2020-02-11,meteorology_normal
True,0.0,True,0,True,2020-02-12,meteorology_normal
True,0.0,True,0,True,2020-02-13,meteorology_normal
True,0.0,True,0,True,2020-02-14,meteorology_normal
True,0.0,True,0,True,2020-02-15,meteorology_normal
True,0.0,True,0,True,2020-02-16,meteorology_normal
True,0.0,True,0,True,2020-02-17,meteorology_normal
True,0.0,True,0,True,2020-02-18,meteorology_normal
True,0.0,True,0,True,2020-02-19,meteorology_normal
True,0.0,True,0,True,2020-02-20,meteorology_normal
True,0.0,True,0,True,2020-02-21,meteorology_normal
True,0.0,True,0,True,2020-02-22,meteorology_normal
True,0.0,True,0,True,2020-02-23,meteorology_normal
True,0.0,True,0,True,2020-02-24,meteorology_normal
True,0.0,True,0,True,2020-02-25,meteorology_normal
True,0.0,True,0,True,2020-02-26,meteorology_normal
True,0.0,True,0,True,2020-02-27,meteorology_normal
True,0.0,True,0,True,2020-02-28,meteorology_normal
True,0.0,True,0,True,2020-02-29,meteorology_normal
True,0.0,True,0,True,2020-03-01,meteorology_normal
True,0.0,True,0,True,2020-03-02,meteorology_normal
True,0.0,True,0,True,2020-03-03,meteorology_normal
True,0.0,True,0,True,2020-03-04,meteorology_normal
True,0.0,True,0,True,2020-03-05,meteorology_normal
True,0.0,True,0,True,2020-03-06,meteorology_normal
True,0.0,True,0,True,2020-03-07,meteorology_normal
True,0.0,True,0,True,2020-03-08,meteorology_normal
True,0.0,True,0,True,2020-03-09,meteorology_normal
True,0.0,True,0,True,2020-03-10,meteorology_normal
True,0.0,True,0,True,2020-03-11,meteorology_normal
True,0.0,True,0,True,2020-03-12,meteorology_normal
True,0.0,True,0,True,2020-03-13,meteorology_normal
True,0.0,True,0,True,2020-03-14,meteorology_normal
True,0.0,True,0,True,2020-03-15,meteorology_normal
True,0.0,True,0,True,2020-03-16,meteorology_normal
True,0.0,True,0,True,2020-03-17,meteorology_normal
True,0.0,True,0,True,2020-03-18,meteorology_normal
True,0.0,True,0,True,2020-03-19,meteorology_normal
True,0.0,True,0,True,2020-03-20,meteorology_normal
True,0.0,True,0,True,2020-03-21,meteorology_normal
True,0.0,True,0,True,2020-03-22,meteorology_normal
True,0.0,True,0,True,2020-03-23,meteorology_normal
True,0.0,True,0,True,2020-03-24,meteorology_normal
True,0.0,True,0,True,2020-03-25,meteorology_normal
True,0.0,True,0,True,2020-03-26,meteorology_normal
True,0.0,True,0,True,2020-03-27,meteorology_normal
True,0.0,True,0,True,2020-03-28,meteorology_normal
True,0.0,True,0,True,2020-03-29,meteorology_normal
True,0.0,True,0,True,2020-03-30,meteorology_normal
True,0.0,True,0,True,2020-03-31,meteorology_normal
True,0.0,True,0,True,2020-04-01,meteorology_normal
True,0.0,True,0,True,2020-04-02,meteorology_normal
True,0.0,True,0,True,2020-04-03,meteorology_normal
True,0.0,True,0,True,2020-04-04,meteorology_normal
True,0.0,True,0,True,2020-04-05,meteorology_normal
True,0.0,True,0,True,2020-04-06,meteorology_normal
True,0.0,True,0,True,2020-04-07,meteorology_normal
True,0.0,True,0,True,2020-04-08,meteorology_normal
True,0.0,True,0,True,2020-04-09,meteorology_normal
True,0.0,True,0,True,2020-04-10,meteorology_normal
True,0.0,True,0,True,2020-04-11,meteorology_normal
True,0.0,True,0,True,2020-04-12,meteorology_normal
True,0.0,True,0,True,2020-04-13,meteorology_normal
True,0.0,True,0,True,2020-04-14,meteorology_normal
True,0.0,True,0,True,2020-04-15,meteorology_normal
True,0.0,True,0,True,2020-04-16,meteorology_normal
True,0.0,True,0,True,2020-04-17,meteorology_normal
True,0.0,True,0,True,2020-04-18,meteorology_normal
True,0.0,True,0,True,2020-04-19,meteorology_normal
True,0.0,True,0,True,2020-04-20,meteorology_normal
True,0.0,True,0,True,2020-04-21,meteorology_normal
True,0.0,True,0,True,2020-04-22,meteorology_normal
True,0.0,True,0,True,2020-04-23,meteorology_normal
True,0.0,True,0,True,2020-04-24,meteorology_normal
True,0.0,True,0,True,2020-04-25,meteorology_normal
True,0.0,True,0,True,2020-04-26,meteorology_normal
True,0.0,True,0,True,2020-04-27,meteorology_normal
True,0.0,True,0,True,2020-04-28,meteorology_normal
True,0.0,True,0,True,2020-04-29,meteorology_normal
True,0.0,True,0,True,2020-04-30,meteorology_normal
True,0.0,True,0,True,2020-05-01,meteorology_normal
True,0.0,True,0,True,2020-05-02,meteorology_normal
True,0.0,True,0,True,2020-05-03,meteorology_normal
True,0.0,True,0,True,2020-05-04,meteorology_normal
True,0.0,True,0,True,2020-05-05,meteorology_normal
True,0.0,True,0,True,2020-05-06,meteorology_normal
True,0.0,True,0,True,2020-05-07,meteorology_normal
True,0.0,True,0,True,2020-05-08,meteorology_normal
True,0.0,True,0,True,2020-05-09,meteorology_normal
True,0.0,True,0,True,2020-05-10,meteorology_normal
True,0.0,True,0,True,2020-05-11,meteorology_normal
True,0.0,True,0,True,2020-05-12,meteorology_normal
True,0.0,True,0,True,2020-05-13,meteorology_normal
True,0.0,True,0,True,2020-05-14,meteorology_normal
True,0.0,True,0,True,2020-05-15,meteorology_normal
True,0.0,True,0,True,2020-05-16,meteorology_normal
True,0.0,True,0,True,2020-05-17,meteorology_normal
True,0.0,True,0,True,2020-05-18,meteorology_normal
True,0.0,True,0,True,2020-05-19,meteorology_normal
True,0.0,True,0,True,2020-05-20,meteorology_normal
True,0.0,True,0,True,2020-05-21,meteorology_normal
True,0.0,True,0,True,2020-05-22,meteorology_normal
True,0.0,True,0,True,2020-05-23,meteorology_normal
True,0.0,True,0,True,2020-05-24,meteorology_normal
True,0.0,True,0,True,2020-05-25,meteorology_normal
True,0.0,True,0,True,2020-05-26,meteorology_normal
True,0.0,True,0,True,2020-05-27,meteorology_normal
True,0.0,True,0,True,2020-05-28,meteorology_normal
True,0.0,True,0,True,2020-05-29,meteorology_normal
True,0.0,True,0,True,2020-05-30,meteorology_normal
True,0.0,True,0,True,2020-05-31,meteorology_normal
True,0.0,True,0,True,2020-06-01,meteorology_normal
True,0.0,True,0,True,2020-06-02,meteorology_normal
True,0.0,True,0,True,2020-06-03,meteorology_normal
True,0.0,True,0,True,2020-06-04,meteorology_normal
True,0.0,True,0,True,2020-06-05,meteorology_normal
True,0.0,True,0,True,2020-06-06,meteorology_normal
True,0.0,True,0,True,2020-06-07,meteorology_normal
True,0.0,True,0,True,2020-06-08,meteorology_normal
True,0.0,True,0,True,2020-06-09,meteorology_normal
True,0.0,True,0,True,2020-06-10,meteorology_normal
True,0.0,True,0,True,2020-06-11,meteorology_normal
True,0.0,True,0,True,2020-06-12,meteorology_normal
True,0.0,True,0,True,2020-06-13,meteorology_normal
True,0.0,True,0,True,2020-06-14,meteorology_normal
True,0.0,True,0,True,2020-06-15,meteorology_normal
True,0.0,True,0,True,2020-06-16,meteorology_normal
True,0.0,True,0,True,2020-06-17,meteorology_normal
True,0.0,True,0,True,2020-06-18,meteorology_normal
True,0.0,True,0,True,2020-06-19,meteorology_normal
True,0.0,True,0,True,2020-06-20,meteorology_normal
True,0.0,True,0,True,2020-06-21,meteorology_normal
True,0.0,True,0,True,2020-06-22,meteorology_normal
True,0.0,True,0,True,2020-06-23,meteorology_normal
True,0.0,True,0,True,2020-06-24,meteorology_normal
True,0.0,True,0,True,2020-06-25,meteorology_normal
True,0.0,True,0,True,2020-06-26,meteorology_normal
True,0.0,True,0,True,2020-06-27,meteorology_normal
True,0.0,True,0,True,2020-06-28,meteorology_normal
True,0.0,True,0,True,2020-06-29,meteorology_normal
True,0.0,True,0,True,2020-06-30,meteorology_normal
True,0.0,True,0,True,2020-07-01,meteorology_normal
True,0.0,True,0,True,2020-07-02,meteorology_normal
True,0.0,True,0,True,2020-07-03,meteorology_normal
True,0.0,True,0,True,2020-07-04,meteorology_normal
True,0.0,True,0,True,2020-07-05,meteorology_normal
True,0.0,True,0,True,2020-07-06,meteorology_normal
True,0.0,True,0,True,2020-07-07,meteorology_normal
True,0.0,True,0,True,2020-07-08,meteorology_normal
True,0.0,True,0,True,2020-07-09,meteorology_normal
True,0.0,True,0,True,2020-07-10,meteorology_normal
True,0.0,True,0,True,2020-07-11,meteorology_normal
True,0.0,True,0,True,2020-07-12,meteorology_normal
True,0.0,True,0,True,2020-07-13,meteorology_normal
True,0.0,True,0,True,2020-07-14,meteorology_normal
True,0.0,True,0,True,2020-07-15,meteorology_normal
True,0.0,True,0,True,2020-07-16,meteorology_normal
True,0.0,True,0,True,2020-07-17,meteorology_normal
True,0.0,True,0,True,2020-07-18,meteorology_normal
True,0.0,True,0,True,2020-07-19,meteorology_normal
True,0.0,True,0,True,2020-07-20,meteorology_normal
True,0.0,True,0,True,2020-07-21,meteorology_normal
True,0.0,True,0,True,2020-07-22,meteorology_normal
True,0.0,True,0,True,2020-07-23,meteorology_normal
True,0.0,True,0,True,2020-07-24,meteorology_normal
True,0.0,True,0,True,2020-07-25,meteorology_normal
True,0.0,True,0,True,2020-07-26,meteorology_normal
True,0.0,True,0,True,2020-07-27,meteorology_normal
True,0.0,True,0,True,2020-07-28,meteorology_normal
True,0.0,True,0,True,2020-07-29,meteorology_normal
True,0.0,True,0,True,2020-07-30,meteorology_normal
True,0.0,True,0,True,2020-07-31,meteorology_normal
True,0.0,True,0,True,2020-08-01,meteorology_normal
True,0.0,True,0,True,2020-08-02,meteorology_normal
True,0.0,True,0,True,2020-08-03,meteorology_normal
True,0.0,True,0,True,2020-08-04,meteorology_normal
True,0.0,True,0,True,2020-08-05,meteorology_normal
True,0.0,True,0,True,2020-08-06,meteorology_normal
True,0.0,True,0,True,2020-08-07,meteorology_normal
True,0.0,True,0,True,2020-08-08,meteorology_normal
True,0.0,True,0,True,2020-08-09,meteorology_normal
True,0.0,True,0,True,2020-08-10,meteorology_normal
True,0.0,True,0,True,2020-08-11,meteorology_normal
True,0.0,True,0,True,2020-08-12,meteorology_normal
True,0.0,True,0,True,2020-08-13,meteorology_normal
True,0.0,True,0,True,2020-08-14,meteorology_normal
True,0.0,True,0,True,2020-08-15,meteorology_normal
True,0.0,True,0,True,2020-08-16,meteorology_normal
True,0.0,True,0,True,2020-08-17,meteorology_normal
True,0.0,True,0,True,2020-08-18,meteorology_normal
True,0.0,True,0,True,2020-08-19,meteorology_normal
True,0.0,True,0,True,2020-08-20,meteorology_normal
True,0.0,True,0,True,2020-08-21,meteorology_normal
True,0.0,True,0,True,2020-08-22,meteorology_normal
True,0.0,True,0,True,2020-08-23,meteorology_normal
True,0.0,True,0,True,2020-08-24,meteorology_normal
True,0.0,True,0,True,2020-08-25,meteorology_normal
True,0.0,True,0,True,2020-08-26,meteorology_normal
True,0.0,True,0,True,2020-08-27,meteorology_normal
True,0.0,True,0,True,2020-08-28,meteorology_normal
True,0.0,True,0,True,2020-08-29,meteorology_normal
True,0.0,True,0,True,2020-08-30,meteorology_normal
True,0.0,True,0,True,2020-08-31,meteorology_normal
True,0.0,True,0,True,2020-09-01,meteorology_normal
True,0.0,True,0,True,2020-09-02,meteorology_normal
True,0.0,True,0,True,2020-09-03,meteorology_normal
True,0.0,True,0,True,2020-09-04,meteorology_normal
True,0.0,True,0,True,2020-09-05,meteorology_normal
True,0.0,True,0,True,2020-09-06,meteorology_normal
True,0.0,True,0,True,2020-09-07,meteorology_normal
True,0.0,True,0,True,2020-09-08,meteorology_normal
True,0.0,True,0,True,2020-09-09,meteorology_normal
True,0.0,True,0,True,2020-09-10,meteorology_normal
True,0.0,True,0,True,2020-09-11,meteorology_normal
True,0.0,True,0,True,2020-09-12,meteorology_normal
True,0.0,True,0,True,2020-09-13,meteorology_normal
True,0.0,True,0,True,2020-09-14,meteorology_normal
True,0.0,True,0,True,2020-09-15,meteorology_normal
True,0.0,True,0,True,2020-09-16,meteorology_normal
True,0.0,True,0,True,2020-09-17,meteorology_normal
True,0.0,True,0,True,2020-09-18,meteorology_normal
True,0.0,True,0,True,2020-09-19,meteorology_normal
True,0.0,True,0,True,2020-09-20,meteorology_normal
True,0.0,True,0,True,2020-09-21,meteorology_normal
True,0.0,True,0,True,2020-09-22,meteorology_normal
True,0.0,True,0,True,2020-09-23,meteorology_normal
True,0.0,True,0,True,2020-09-24,meteorology_normal
True,0.0,True,0,True,2020-09-25,meteorology_normal
True,0.0,True,0,True,2020-09-26,meteorology_normal
True,0.0,True,0,True,2020-09-27,meteorology_normal
True,0.0,True,0,True,2020-09-28,meteorology_normal
True,0.0,True,0,True,2020-09-29,meteorology_normal
True,0.0,True,0,True,2020-09-30,meteorology_normal
True,0.0,True,0,True,2020-10-01,meteorology_normal
True,0.0,True,0,True,2020-10-02,meteorology_normal
True,0.0,True,0,True,2020-10-03,meteorology_normal
True,0.0,True,0,True,2020-10-04,meteorology_normal
True,0.0,True,0,True,2020-10-05,meteorology_normal
True,0.0,True,0,True,2020-10-06,meteorology_normal
True,0.0,True,0,True,2020-10-07,meteorology_normal
True,0.0,True,0,True,2020-10-08,meteorology_normal
True,0.0,True,0,True,2020-10-09,meteorology_normal
True,0.0,True,0,True,2020-10-10,meteorology_normal
True,0.0,True,0,True,2020-10-11,meteorology_normal
True,0.0,True,0,True,2020-10-12,meteorology_normal
True,0.0,True,0,True,2020-10-13,meteorology_normal
True,0.0,True,0,True,2020-10-14,meteorology_normal
True,0.0,True,0,True,2020-10-15,meteorology_normal
True,0.0,True,0,True,2020-10-16,meteorology_normal
True,0.0,True,0,True,2020-10-17,meteorology_normal
True,0.0,True,0,True,2020-10-18,meteorology_normal
True,0.0,True,0,True,2020-10-19,meteorology_normal
True,0.0,True,0,True,2020-10-20,meteorology_normal
True,0.0,True,0,True,2020-10-21,meteorology_normal
True,0.0,True,0,True,2020-10-22,meteorology_normal
True,0.0,True,0,True,2020-10-23,meteorology_normal
True,0.0,True,0,True,2020-10-24,meteorology_normal
True,0.0,True,0,True,2020-10-25,meteorology_normal
True,0.0,True,0,True,2020-10-26,meteorology_normal
True,0.0,True,0,True,2020-10-27,meteorology_normal
True,0.0,True,0,True,2020-10-28,meteorology_normal
True,0.0,True,0,True,2020-10-29,meteorology_normal
True,0.0,True,0,True,2020-10-30,meteorology_normal
True,0.0,True,0,True,2020-10-31,meteorology_normal
True,0.0,True,0,True,2020-11-01,meteorology_normal
True,0.0,True,0,True,2020-11-02,meteorology_normal
True,0.0,True,0,True,2020-11-03,meteorology_normal
True,0.0,True,0,True,2020-11-04,meteorology_normal
True,0.0,True,0,True,2020-11-05,meteorology_normal
True,0.0,True,0,True,2020-11-06,meteorology_normal
True,0.0,True,0,True,2020-11-07,meteorology_normal
True,0.0,True,0,True,2020-11-08,meteorology_normal
True,0.0,True,0,True,2020-11-09,meteorology_normal
True,0.0,True,0,True,2020-11-10,meteorology_normal
True,0.0,True,0,True,2020-11-11,meteorology_normal
True,0.0,True,0,True,2020-11-12,meteorology_normal
True,0.0,True,0,True,2020-11-13,meteorology_normal
True,0.0,True,0,True,2020-11-14,meteorology_normal
True,0.0,True,0,True,2020-11-15,meteorology_normal
True,0.0,True,0,True,2020-11-16,meteorology_normal
True,0.0,True,0,True,2020-11-17,meteorology_normal
True,0.0,True,0,True,2020-11-18,meteorology_normal
True,0.0,True,0,True,2020-11-19,meteorology_normal
True,0.0,True,0,True,2020-11-20,meteorology_normal
True,0.0,True,0,True,2020-11-21,meteorology_normal
True,0.0,True,0,True,2020-11-22,meteorology_normal
True,0.0,True,0,True,2020-11-23,meteorology_normal
True,0.0,True,0,True,2020-11-24,meteorology_normal
True,0.0,True,0,True,2020-11-25,meteorology_normal
True,0.0,True,0,True,2020-11-26,meteorology_normal
True,0.0,True,0,True,2020-11-27,meteorology_normal
True,0.0,True,0,True,2020-11-28,meteorology_normal
True,0.0,True,0,True,2020-11-29,meteorology_normal
True,0.0,True,0,True,2020-11-30,meteorology_normal
True,0.0,True,0,True,2020-12-01,meteorology_normal
True,0.0,True,0,True,2020-12-02,meteorology_normal
True,0.0,True,0,True,2020-12-03,meteorology_normal
True,0.0,True,0,True,2020-12-04,meteorology_normal
True,0.0,True,0,True,2020-12-05,meteorology_normal
True,0.0,True,0,True,2020-12-06,meteorology_normal
True,0.0,True,0,True,2020-12-07,meteorology_normal
True,0.0,True,0,True,2020-12-08,meteorology_normal
True,0.0,True,0,True,2020-12-09,meteorology_normal
True,0.0,True,0,True,2020-12-10,meteorology_normal
True,0.0,True,0,True,2020-12-11,meteorology_normal
True,0.0,True,0,True,2020-12-12,meteorology_normal
True,0.0,True,0,True,2020-12-13,meteorology_normal
True,0.0,True,0,True,2020-12-14,meteorology_normal
True,0.0,True,0,True,2020-12-15,meteorology_normal
True,0.0,True,0,True,2020-12-16,meteorology_normal
True,0.0,True,0,True,2020-12-17,meteorology_normal
True,0.0,True,0,True,2020-12-18,meteorology_normal
True,0.0,True,0,True,2020-12-19,meteorology_normal
True,0.0,True,0,True,2020-12-20,meteorology_normal
True,0.0,True,0,True,2020-12-21,meteorology_normal
True,0.0,True,0,True,2020-12-22,meteorology_normal
True,0.0,True,0,True,2020-12-23,meteorology_normal
True,0.0,True,0,True,2020-12-24,meteorology_normal
True,0.0,True,0,True,2020-12-25,meteorology_normal
True,0.0,True,0,True,2020-12-26,meteorology_normal
True,0.0,True,0,True,2020-12-27,meteorology_normal
True,0.0,True,0,True,2020-12-28,meteorology_normal
True,0.0,True,0,True,2020-12-29,meteorology_normal
True,0.0,True,0,True,2020-12-30,meteorology_normal
True,0.0,True,0,True,2020-12-31,meteorology_normal
True,0.0,True,0,True,2021-01-01,meteorology_normal
True,0.0,True,0,True,2021-01-02,meteorology_normal
True,0.0,True,0,True,2021-01-03,meteorology_normal
True,0.0,True,0,True,2021-01-04,meteorology_normal
True,0.0,True,0,True,2021-01-05,meteorology_normal
True,0.0,True,0,True,2021-01-06,meteorology_normal
True,0.0,True,0,True,2021-01-07,meteorology_normal
True,0.0,True,0,True,2021-01-08,meteorology_normal
True,0.0,True,0,True,2021-01-09,meteorology_normal
True,0.0,True,0,True,2021-01-10,meteorology_normal
True,0.0,True,0,True,2021-01-11,meteorology_normal
True,0.0,True,0,True,2021-01-12,meteorology_normal
True,0.0,True,0,True,2021-01-13,meteorology_normal
True,0.0,True,0,True,2021-01-14,meteorology_normal
True,0.0,True,0,True,2021-01-15,meteorology_normal
True,0.0,True,0,True,2021-01-16,meteorology_normal
True,0.0,True,0,True,2021-01-17,meteorology_normal
True,0.0,True,0,True,2021-01-18,meteorology_normal
True,0.0,True,0,True,2021-01-19,meteorology_normal
True,0.0,True,0,True,2021-01-20,meteorology_normal
True,0.0,True,0,True,2021-01-21,meteorology_normal
True,0.0,True,0,True,2021-01-22,meteorology_normal
True,0.0,True,0,True,2021-01-23,meteorology_normal
True,0.0,True,0,True,2021-01-24,meteorology_normal
True,0.0,True,0,True,2021-01-25,meteorology_normal
True,0.0,True,0,True,2021-01-26,meteorology_normal
True,0.0,True,0,True,2021-01-27,meteorology_normal
True,0.0,True,0,True,2021-01-28,meteorology_normal
True,0.0,True,0,True,2021-01-29,meteorology_normal
True,0.0,True,0,True,2021-01-30,meteorology_normal
True,0.0,True,0,True,2021-01-31,meteorology_normal
True,0.0,True,0,True,2021-02-01,meteorology_normal
True,0.0,True,0,True,2021-02-02,meteorology_normal
True,0.0,True,0,True,2021-02-03,meteorology_normal
True,0.0,True,0,True,2021-02-04,meteorology_normal
True,0.0,True,0,True,2021-02-05,meteorology_normal
True,0.0,True,0,True,2021-02-06,meteorology_normal
True,0.0,True,0,True,2021-02-07,meteorology_normal
True,0.0,True,0,True,2021-02-08,meteorology_normal
True,0.0,True,0,True,2021-02-09,meteorology_normal
True,0.0,True,0,True,2021-02-10,meteorology_normal
True,0.0,True,0,True,2021-02-11,meteorology_normal
True,0.0,True,0,True,2021-02-12,meteorology_normal
True,0.0,True,0,True,2021-02-13,meteorology_normal
True,0.0,True,0,True,2021-02-14,meteorology_normal
True,0.0,True,0,True,2021-02-15,meteorology_normal
True,0.0,True,0,True,2021-02-16,meteorology_normal
True,0.0,True,0,True,2021-02-17,meteorology_normal
True,0.0,True,0,True,2021-02-18,meteorology_normal
True,0.0,True,0,True,2021-02-19,meteorology_normal
True,0.0,True,0,True,2021-02-20,meteorology_normal
True,0.0,True,0,True,2021-02-21,meteorology_normal
True,0.0,True,0,True,2021-02-22,meteorology_normal
True,0.0,True,0,True,2021-02-23,meteorology_normal
True,0.0,True,0,True,2021-02-24,meteorology_normal
True,0.0,True,0,True,2021-02-25,meteorology_normal
True,0.0,True,0,True,2021-02-26,meteorology_normal
True,0.0,True,0,True,2021-02-27,meteorology_normal
True,0.0,True,0,True,2021-02-28,meteorology_normal
True,0.0,True,0,True,2021-03-01,meteorology_normal
True,0.0,True,0,True,2021-03-02,meteorology_normal
True,0.0,True,0,True,2021-03-03,meteorology_normal
True,0.0,True,0,True,2021-03-04,meteorology_normal
True,0.0,True,0,True,2021-03-05,meteorology_normal
True,0.0,True,0,True,2021-03-06,meteorology_normal
True,0.0,True,0,True,2021-03-07,meteorology_normal
True,0.0,True,0,True,2021-03-08,meteorology_normal
True,0.0,True,0,True,2021-03-09,meteorology_normal
True,0.0,True,0,True,2021-03-10,meteorology_normal
True,0.0,True,0,True,2021-03-11,meteorology_normal
True,0.0,True,0,True,2021-03-12,meteorology_normal
True,0.0,True,0,True,2021-03-13,meteorology_normal
True,0.0,True,0,True,2021-03-14,meteorology_normal
True,0.0,True,0,True,2021-03-15,meteorology_normal
True,0.0,True,0,True,2021-03-16,meteorology_normal
True,0.0,True,0,True,2021-03-17,meteorology_normal
True,0.0,True,0,True,2021-03-18,meteorology_normal
True,0.0,True,0,True,2021-03-19,meteorology_normal
True,0.0,True,0,True,2021-03-20,meteorology_normal
True,0.0,True,0,True,2021-03-21,meteorology_normal
True,0.0,True,0,True,2021-03-22,meteorology_normal
True,0.0,True,0,True,2021-03-23,meteorology_normal
True,0.0,True,0,True,2021-03-24,meteorology_normal
True,0.0,True,0,True,2021-03-25,meteorology_normal
True,0.0,True,0,True,2021-03-26,meteorology_normal
True,0.0,True,0,True,2021-03-27,meteorology_normal
True,0.0,True,0,True,2021-03-28,meteorology_normal
True,0.0,True,0,True,2021-03-29,meteorology_normal
True,0.0,True,0,True,2021-03-30,meteorology_normal
True,0.0,True,0,True,2021-03-31,meteorology_normal
True,0.0,True,0,True,2021-04-01,meteorology_normal
True,0.0,True,0,True,2021-04-02,meteorology_normal
True,0.0,True,0,True,2021-04-03,meteorology_normal
True,0.0,True,0,True,2021-04-04,meteorology_normal
True,0.0,True,0,True,2021-04-05,meteorology_normal
True,0.0,True,0,True,2021-04-06,meteorology_normal
True,0.0,True,0,True,2021-04-07,meteorology_normal
True,0.0,True,0,True,2021-04-08,meteorology_normal
True,0.0,True,0,True,2021-04-09,meteorology_normal
True,0.0,True,0,True,2021-04-10,meteorology_normal
True,0.0,True,0,True,2021-04-11,meteorology_normal
True,0.0,True,0,True,2021-04-12,meteorology_normal
True,0.0,True,0,True,2021-04-13,meteorology_normal
True,0.0,True,0,True,2021-04-14,meteorology_normal
True,0.0,True,0,True,2021-04-15,meteorology_normal
True,0.0,True,0,True,2021-04-16,meteorology_normal
True,0.0,True,0,True,2021-04-17,meteorology_normal
True,0.0,True,0,True,2021-04-18,meteorology_normal
True,0.0,True,0,True,2021-04-19,meteorology_normal
True,0.0,True,0,True,2021-04-20,meteorology_normal
True,0.0,True,0,True,2021-04-21,meteorology_normal
True,0.0,True,0,True,2021-04-22,meteorology_normal
True,0.0,True,0,True,2021-04-23,meteorology_normal
True,0.0,True,0,True,2021-04-24,meteorology_normal
True,0.0,True,0,True,2021-04-25,meteorology_normal
True,0.0,True,0,True,2021-04-26,meteorology_normal
True,0.0,True,0,True,2021-04-27,meteorology_normal
True,0.0,True,0,True,2021-04-28,meteorology_normal
True,0.0,True,0,True,2021-04-29,meteorology_normal
True,0.0,True,0,True,2021-04-30,meteorology_normal
True,0.0,True,0,True,2021-05-01,meteorology_normal
True,0.0,True,0,True,2021-05-02,meteorology_normal
True,0.0,True,0,True,2021-05-03,meteorology_normal
True,0.0,True,0,True,2021-05-04,meteorology_normal
True,0.0,True,0,True,2021-05-05,meteorology_normal
True,0.0,True,0,True,2021-05-06,meteorology_normal
True,0.0,True,0,True,2021-05-07,meteorology_normal
True,0.0,True,0,True,2021-05-08,meteorology_normal
True,0.0,True,0,True,2021-05-09,meteorology_normal
True,0.0,True,0,True,2021-05-10,meteorology_normal
True,0.0,True,0,True,2021-05-11,meteorology_normal
True,0.0,True,0,True,2021-05-12,meteorology_normal
True,0.0,True,0,True,2021-05-13,meteorology_normal
True,0.0,True,0,True,2021-05-14,meteorology_normal
True,0.0,True,0,True,2021-05-15,meteorology_normal
True,0.0,True,0,True,2021-05-16,meteorology_normal
True,0.0,True,0,True,2021-05-17,meteorology_normal
True,0.0,True,0,True,2021-05-18,meteorology_normal
True,0.0,True,0,True,2021-05-19,meteorology_normal
True,0.0,True,0,True,2021-05-20,meteorology_normal
True,0.0,True,0,True,2021-05-21,meteorology_normal
True,0.0,True,0,True,2021-05-22,meteorology_normal
True,0.0,True,0,True,2021-05-23,meteorology_normal
True,0.0,True,0,True,2021-05-24,meteorology_normal
True,0.0,True,0,True,2021-05-25,meteorology_normal
True,0.0,True,0,True,2021-05-26,meteorology_normal
True,0.0,True,0,True,2021-05-27,meteorology_normal
True,0.0,True,0,True,2021-05-28,meteorology_normal
True,0.0,True,0,True,2021-05-29,meteorology_normal
True,0.0,True,0,True,2021-05-30,meteorology_normal
True,0.0,True,0,True,2021-05-31,meteorology_normal
True,0.0,True,0,True,2021-06-01,meteorology_normal
True,0.0,True,0,True,2021-06-02,meteorology_normal
True,0.0,True,0,True,2021-06-03,meteorology_normal
True,0.0,True,0,True,2021-06-04,meteorology_normal
True,0.0,True,0,True,2021-06-05,meteorology_normal
True,0.0,True,0,True,2021-06-06,meteorology_normal
True,0.0,True,0,True,2021-06-07,meteorology_normal
True,0.0,True,0,True,2021-06-08,meteorology_normal
True,0.0,True,0,True,2021-06-09,meteorology_normal
True,0.0,True,0,True,2021-06-10,meteorology_normal
True,0.0,True,0,True,2021-06-11,meteorology_normal
True,0.0,True,0,True,2021-06-12,meteorology_normal
True,0.0,True,0,True,2021-06-13,meteorology_normal
True,0.0,True,0,True,2021-06-14,meteorology_normal
True,0.0,True,0,True,2021-06-15,meteorology_normal
True,0.0,True,0,True,2021-06-16,meteorology_normal
True,0.0,True,0,True,2021-06-17,meteorology_normal
True,0.0,True,0,True,2021-06-18,meteorology_normal
True,0.0,True,0,True,2021-06-19,meteorology_normal
True,0.0,True,0,True,2021-06-20,meteorology_normal
True,0.0,True,0,True,2021-06-21,meteorology_normal
True,0.0,True,0,True,2021-06-22,meteorology_normal
True,0.0,True,0,True,2021-06-23,meteorology_normal
True,0.0,True,0,True,2021-06-24,meteorology_normal
True,0.0,True,0,True,2021-06-25,meteorology_normal
True,0.0,True,0,True,2021-06-26,meteorology_normal
True,0.0,True,0,True,2021-06-27,meteorology_normal
True,0.0,True,0,True,2021-06-28,meteorology_normal
True,0.0,True,0,True,2021-06-29,meteorology_normal
True,0.0,True,0,True,2021-06-30,meteorology_normal
True,0.0,True,0,True,2021-07-01,meteorology_normal
True,0.0,True,0,True,2021-07-02,meteorology_normal
True,0.0,True,0,True,2021-07-03,meteorology_normal
True,0.0,True,0,True,2021-07-04,meteorology_normal
True,0.0,True,0,True,2021-07-05,meteorology_normal
True,0.0,True,0,True,2021-07-06,meteorology_normal
True,0.0,True,0,True,2021-07-07,meteorology_normal
True,0.0,True,0,True,2021-07-08,meteorology_normal
True,0.0,True,0,True,2021-07-09,meteorology_normal
True,0.0,True,0,True,2021-07-10,meteorology_normal
True,0.0,True,0,True,2021-07-11,meteorology_normal
True,0.0,True,0,True,2021-07-12,meteorology_normal
True,0.0,True,0,True,2021-07-13,meteorology_normal
True,0.0,True,0,True,2021-07-14,meteorology_normal
True,0.0,True,0,True,2021-07-15,meteorology_normal
True,0.0,True,0,True,2021-07-16,meteorology_normal
True,0.0,True,0,True,2021-07-17,meteorology_normal
True,0.0,True,0,True,2021-07-18,meteorology_normal
True,0.0,True,0,True,2021-07-19,meteorology_normal
True,0.0,True,0,True,2021-07-20,meteorology_normal
True,0.0,True,0,True,2021-07-21,meteorology_normal
True,0.0,True,0,True,2021-07-22,meteorology_normal
True,0.0,True,0,True,2021-07-23,meteorology_normal
True,0.0,True,0,True,2021-07-24,meteorology_normal
True,0.0,True,0,True,2021-07-25,meteorology_normal
True,0.0,True,0,True,2021-07-26,meteorology_normal
True,0.0,True,0,True,2021-07-27,meteorology_normal
True,0.0,True,0,True,2021-07-28,meteorology_normal
True,0.0,True,0,True,2021-07-29,meteorology_normal
True,0.0,True,0,True,2021-07-30,meteorology_normal
True,0.0,True,0,True,2021-07-31,meteorology_normal
True,0.0,True,0,True,2021-08-01,meteorology_normal
True,0.0,True,0,True,2021-08-02,meteorology_normal
True,0.0,True,0,True,2021-08-03,meteorology_normal
True,0.0,True,0,True,2021-08-04,meteorology_normal
True,0.0,True,0,True,2021-08-05,meteorology_normal
True,0.0,True,0,True,2021-08-06,meteorology_normal
True,0.0,True,0,True,2021-08-07,meteorology_normal
True,0.0,True,0,True,2021-08-08,meteorology_normal
True,0.0,True,0,True,2021-08-09,meteorology_normal
True,0.0,True,0,True,2021-08-10,meteorology_normal
True,0.0,True,0,True,2021-08-11,meteorology_normal
True,0.0,True,0,True,2021-08-12,meteorology_normal
True,0.0,True,0,True,2021-08-13,meteorology_normal
True,0.0,True,0,True,2021-08-14,meteorology_normal
True,0.0,True,0,True,2021-08-15,meteorology_normal
True,0.0,True,0,True,2021-08-16,meteorology_normal
True,0.0,True,0,True,2021-08-17,meteorology_normal
True,0.0,True,0,True,2021-08-18,meteorology_normal
True,0.0,True,0,True,2021-08-19,meteorology_normal
True,0.0,True,0,True,2021-08-20,meteorology_normal
True,0.0,True,0,True,2021-08-21,meteorology_normal
True,0.0,True,0,True,2021-08-22,meteorology_normal
True,0.0,True,0,True,2021-08-23,meteorology_normal
True,0.0,True,0,True,2021-08-24,meteorology_normal
True,0.0,True,0,True,2021-08-25,meteorology_normal
True,0.0,True,0,True,2021-08-26,meteorology_normal
True,0.0,True,0,True,2021-08-27,meteorology_normal
True,0.0,True,0,True,2021-08-28,meteorology_normal
True,0.0,True,0,True,2021-08-29,meteorology_normal
True,0.0,True,0,True,2021-08-30,meteorology_normal
True,0.0,True,0,True,2021-08-31,meteorology_normal
True,0.0,True,0,True,2021-09-01,meteorology_normal
True,0.0,True,0,True,2021-09-02,meteorology_normal
True,0.0,True,0,True,2021-09-03,meteorology_normal
True,0.0,True,0,True,2021-09-04,meteorology_normal
True,0.0,True,0,True,2021-09-05,meteorology_normal
True,0.0,True,0,True,2021-09-06,meteorology_normal
True,0.0,True,0,True,2021-09-07,meteorology_normal
True,0.0,True,0,True,2021-09-08,meteorology_normal
True,0.0,True,0,True,2021-09-09,meteorology_normal
True,0.0,True,0,True,2021-09-10,meteorology_normal
True,0.0,True,0,True,2021-09-11,meteorology_normal
True,0.0,True,0,True,2021-09-12,meteorology_normal
True,0.0,True,0,True,2021-09-13,meteorology_normal
True,0.0,True,0,True,2021-09-14,meteorology_normal
True,0.0,True,0,True,2021-09-15,meteorology_normal
True,0.0,True,0,True,2021-09-16,meteorology_normal
True,0.0,True,0,True,2021-09-17,meteorology_normal
True,0.0,True,0,True,2021-09-18,meteorology_normal
True,0.0,True,0,True,2021-09-19,meteorology_normal
True,0.0,True,0,True,2021-09-20,meteorology_normal
True,0.0,True,0,True,2021-09-21,meteorology_normal
True,0.0,True,0,True,2021-09-22,meteorology_normal
True,0.0,True,0,True,2021-09-23,meteorology_normal
True,0.0,True,0,True,2021-09-24,meteorology_normal
True,0.0,True,0,True,2021-09-25,meteorology_normal
True,0.0,True,0,True,2021-09-26,meteorology_normal
True,0.0,True,0,True,2021-09-27,meteorology_normal
True,0.0,True,0,True,2021-09-28,meteorology_normal
True,0.0,True,0,True,2021-09-29,meteorology_normal
True,0.0,True,0,True,2021-09-30,meteorology_normal
True,0.0,True,0,True,2021-10-01,meteorology_normal
True,0.0,True,0,True,2021-10-02,meteorology_normal
True,0.0,True,0,True,2021-10-03,meteorology_normal
True,0.0,True,0,True,2021-10-04,meteorology_normal
True,0.0,True,0,True,2021-10-05,meteorology_normal
True,0.0,True,0,True,2021-10-06,meteorology_normal
True,0.0,True,0,True,2021-10-07,meteorology_normal
True,0.0,True,0,True,2021-10-08,meteorology_normal
True,0.0,True,0,True,2021-10-09,meteorology_normal
True,0.0,True,0,True,2021-10-10,meteorology_normal
True,0.0,True,0,True,2021-10-11,meteorology_normal
True,0.0,True,0,True,2021-10-12,meteorology_normal
True,0.0,True,0,True,2021-10-13,meteorology_normal
True,0.0,True,0,True,2021-10-14,meteorology_normal
True,0.0,True,0,True,2021-10-15,meteorology_normal
True,0.0,True,0,True,2021-10-16,meteorology_normal
True,0.0,True,0,True,2021-10-17,meteorology_normal
True,0.0,True,0,True,2021-10-18,meteorology_normal
True,0.0,True,0,True,2021-10-19,meteorology_normal
True,0.0,True,0,True,2021-10-20,meteorology_normal
True,0.0,True,0,True,2021-10-21,meteorology_normal
True,0.0,True,0,True,2021-10-22,meteorology_normal
True,0.0,True,0,True,2021-10-23,meteorology_normal
True,0.0,True,0,True,2021-10-24,meteorology_normal
True,0.0,True,0,True,2021-10-25,meteorology_normal
True,0.0,True,0,True,2021-10-26,meteorology_normal
True,0.0,True,0,True,2021-10-27,meteorology_normal
True,0.0,True,0,True,2021-10-28,meteorology_normal
True,0.0,True,0,True,2021-10-29,meteorology_normal
True,0.0,True,0,True,2021-10-30,meteorology_normal
True,0.0,True,0,True,2021-10-31,meteorology_normal
True,0.0,True,0,True,2021-11-01,meteorology_normal
True,0.0,True,0,True,2021-11-02,meteorology_normal
True,0.0,True,0,True,2021-11-03,meteorology_normal
True,0.0,True,0,True,2021-11-04,meteorology_normal
True,0.0,True,0,True,2021-11-05,meteorology_normal
True,0.0,True,0,True,2021-11-06,meteorology_normal
True,0.0,True,0,True,2021-11-07,meteorology_normal
True,0.0,True,0,True,2021-11-08,meteorology_normal
True,0.0,True,0,True,2021-11-09,meteorology_normal
True,0.0,True,0,True,2021-11-10,meteorology_normal
True,0.0,True,0,True,2021-11-11,meteorology_normal
True,0.0,True,0,True,2021-11-12,meteorology_normal
True,0.0,True,0,True,2021-11-13,meteorology_normal
True,0.0,True,0,True,2021-11-14,meteorology_normal
True,0.0,True,0,True,2021-11-15,meteorology_normal
True,0.0,True,0,True,2021-11-16,meteorology_normal
True,0.0,True,0,True,2021-11-17,meteorology_normal
True,0.0,True,0,True,2021-11-18,meteorology_normal
True,0.0,True,0,True,2021-11-19,meteorology_normal
True,0.0,True,0,True,2021-11-20,meteorology_normal
True,0.0,True,0,True,2021-11-21,meteorology_normal
True,0.0,True,0,True,2021-11-22,meteorology_normal
True,0.0,True,0,True,2021-11-23,meteorology_normal
True,0.0,True,0,True,2021-11-24,meteorology_normal
True,0.0,True,0,True,2021-11-25,meteorology_normal
True,0.0,True,0,True,2021-11-26,meteorology_normal
True,0.0,True,0,True,2021-11-27,meteorology_normal
True,0.0,True,0,True,2021-11-28,meteorology_normal
True,0.0,True,0,True,2021-11-29,meteorology_normal
True,0.0,True,0,True,2021-11-30,meteorology_normal
True,0.0,True,0,True,2021-12-01,meteorology_normal
True,0.0,True,0,True,2021-12-02,meteorology_normal
True,0.0,True,0,True,2021-12-03,meteorology_normal
True,0.0,True,0,True,2021-12-04,meteorology_normal
True,0.0,True,0,True,2021-12-05,meteorology_normal
True,0.0,True,0,True,2021-12-06,meteorology_normal
True,0.0,True,0,True,2021-12-07,meteorology_normal
True,0.0,True,0,True,2021-12-08,meteorology_normal
True,0.0,True,0,True,2021-12-09,meteorology_normal
True,0.0,True,0,True,2021-12-10,meteorology_normal
True,0.0,True,0,True,2021-12-11,meteorology_normal
True,0.0,True,0,True,2021-12-12,meteorology_normal
True,0.0,True,0,True,2021-12-13,meteorology_normal
True,0.0,True,0,True,2021-12-14,meteorology_normal
True,0.0,True,0,True,2021-12-15,meteorology_normal
True,0.0,True,0,True,2021-12-16,meteorology_normal
True,0.0,True,0,True,2021-12-17,meteorology_normal
True,0.0,True,0,True,2021-12-18,meteorology_normal
True,0.0,True,0,True,2021-12-19,meteorology_normal
True,0.0,True,0,True,2021-12-20,meteorology_normal
True,0.0,True,0,True,2021-12-21,meteorology_normal
True,0.0,True,0,True,2021-12-22,meteorology_normal
True,0.0,True,0,True,2021-12-23,meteorology_normal
True,0.0,True,0,True,2021-12-24,meteorology_normal
True,0.0,True,0,True,2021-12-25,meteorology_normal
True,0.0,True,0,True,2021-12-26,meteorology_normal
True,0.0,True,0,True,2021-12-27,meteorology_normal
True,0.0,True,0,True,2021-12-28,meteorology_normal
True,0.0,True,0,True,2021-12-29,meteorology_normal
True,0.0,True,0,True,2021-12-30,meteorology_normal
True,0.0,True,0,True,2021-12-31,meteorology_normal
True,0.0,True,0,True,2022-01-01,meteorology_normal
True,0.0,True,0,True,2022-01-02,meteorology_normal
True,0.0,True,0,True,2022-01-03,meteorology_normal
True,0.0,True,0,True,2022-01-04,meteorology_normal
True,0.0,True,0,True,2022-01-05,meteorology_normal
True,0.0,True,0,True,2022-01-06,meteorology_normal
True,0.0,True,0,True,2022-01-07,meteorology_normal
True,0.0,True,0,True,2022-01-08,meteorology_normal
True,0.0,True,0,True,2022-01-09,meteorology_normal
True,0.0,True,0,True,2022-01-10,meteorology_normal
True,0.0,True,0,True,2022-01-11,meteorology_normal
True,0.0,True,0,True,2022-01-12,meteorology_normal
True,0.0,True,0,True,2022-01-13,meteorology_normal
True,0.0,True,0,True,2022-01-14,meteorology_normal
True,0.0,True,0,True,2022-01-15,meteorology_normal
True,0.0,True,0,True,2022-01-16,meteorology_normal
True,0.0,True,0,True,2022-01-17,meteorology_normal
True,0.0,True,0,True,2022-01-18,meteorology_normal
True,0.0,True,0,True,2022-01-19,meteorology_normal
True,0.0,True,0,True,2022-01-20,meteorology_normal
True,0.0,True,0,True,2022-01-21,meteorology_normal
True,0.0,True,0,True,2022-01-22,meteorology_normal
True,0.0,True,0,True,2022-01-23,meteorology_normal
True,0.0,True,0,True,2022-01-24,meteorology_normal
True,0.0,True,0,True,2022-01-25,meteorology_normal
True,0.0,True,0,True,2022-01-26,meteorology_normal
True,0.0,True,0,True,2022-01-27,meteorology_normal
True,0.0,True,0,True,2022-01-28,meteorology_normal
True,0.0,True,0,True,2022-01-29,meteorology_normal
True,0.0,True,0,True,2022-01-30,meteorology_normal
True,0.0,True,0,True,2022-01-31,meteorology_normal
True,0.0,True,0,True,2022-02-01,meteorology_normal
True,0.0,True,0,True,2022-02-02,meteorology_normal
True,0.0,True,0,True,2022-02-03,meteorology_normal
True,0.0,True,0,True,2022-02-04,meteorology_normal
True,0.0,True,0,True,2022-02-05,meteorology_normal
True,0.0,True,0,True,2022-02-06,meteorology_normal
True,0.0,True,0,True,2022-02-07,meteorology_normal
True,0.0,True,0,True,2022-02-08,meteorology_normal
True,0.0,True,0,True,2022-02-09,meteorology_normal
True,0.0,True,0,True,2022-02-10,meteorology_normal
True,0.0,True,0,True,2022-02-11,meteorology_normal
True,0.0,True,0,True,2022-02-12,meteorology_normal
True,0.0,True,0,True,2022-02-13,meteorology_normal
True,0.0,True,0,True,2022-02-14,meteorology_normal
True,0.0,True,0,True,2022-02-15,meteorology_normal
True,0.0,True,0,True,2022-02-16,meteorology_normal
True,0.0,True,0,True,2022-02-17,meteorology_normal
True,0.0,True,0,True,2022-02-18,meteorology_normal
True,0.0,True,0,True,2022-02-19,meteorology_normal
True,0.0,True,0,True,2022-02-20,meteorology_normal
True,0.0,True,0,True,2022-02-21,meteorology_normal
True,0.0,True,0,True,2022-02-22,meteorology_normal
True,0.0,True,0,True,2022-02-23,meteorology_normal
True,0.0,True,0,True,2022-02-24,meteorology_normal
True,0.0,True,0,True,2022-02-25,meteorology_normal
True,0.0,True,0,True,2022-02-26,meteorology_normal
True,0.0,True,0,True,2022-02-27,meteorology_normal
True,0.0,True,0,True,2022-02-28,meteorology_normal
True,0.0,True,0,True,2022-03-01,meteorology_normal
True,0.0,True,0,True,2022-03-02,meteorology_normal
True,0.0,True,0,True,2022-03-03,meteorology_normal
True,0.0,True,0,True,2022-03-04,meteorology_normal
True,0.0,True,0,True,2022-03-05,meteorology_normal
True,0.0,True,0,True,2022-03-06,meteorology_normal
True,0.0,True,0,True,2022-03-07,meteorology_normal
True,0.0,True,0,True,2022-03-08,meteorology_normal
True,0.0,True,0,True,2022-03-09,meteorology_normal
True,0.0,True,0,True,2022-03-10,meteorology_normal
True,0.0,True,0,True,2022-03-11,meteorology_normal
True,0.0,True,0,True,2022-03-12,meteorology_normal
True,0.0,True,0,True,2022-03-13,meteorology_normal
True,0.0,True,0,True,2022-03-14,meteorology_normal
True,0.0,True,0,True,2022-03-15,meteorology_normal
True,0.0,True,0,True,2022-03-16,meteorology_normal
True,0.0,True,0,True,2022-03-17,meteorology_normal
True,0.0,True,0,True,2022-03-18,meteorology_normal
True,0.0,True,0,True,2022-03-19,meteorology_normal
True,0.0,True,0,True,2022-03-20,meteorology_normal
True,0.0,True,0,True,2022-03-21,meteorology_normal
True,0.0,True,0,True,2022-03-22,meteorology_normal
True,0.0,True,0,True,2022-03-23,meteorology_normal
True,0.0,True,0,True,2022-03-24,meteorology_normal
True,0.0,True,0,True,2022-03-25,meteorology_normal
True,0.0,True,0,True,2022-03-26,meteorology_normal
True,0.0,True,0,True,2022-03-27,meteorology_normal
True,0.0,True,0,True,2022-03-28,meteorology_normal
True,0.0,True,0,True,2022-03-29,meteorology_normal
True,0.0,True,0,True,2022-03-30,meteorology_normal
True,0.0,True,0,True,2022-03-31,meteorology_normal
True,0.0,True,0,True,2022-04-01,meteorology_normal
True,0.0,True,0,True,2022-04-02,meteorology_normal
True,0.0,True,0,True,2022-04-03,meteorology_normal
True,0.0,True,0,True,2022-04-04,meteorology_normal
True,0.0,True,0,True,2022-04-05,meteorology_normal
True,0.0,True,0,True,2022-04-06,meteorology_normal
True,0.0,True,0,True,2022-04-07,meteorology_normal
True,0.0,True,0,True,2022-04-08,meteorology_normal
True,0.0,True,0,True,2022-04-09,meteorology_normal
True,0.0,True,0,True,2022-04-10,meteorology_normal
True,0.0,True,0,True,2022-04-11,meteorology_normal
True,0.0,True,0,True,2022-04-12,meteorology_normal
True,0.0,True,0,True,2022-04-13,meteorology_normal
True,0.0,True,0,True,2022-04-14,meteorology_normal
True,0.0,True,0,True,2022-04-15,meteorology_normal
True,0.0,True,0,True,2022-04-16,meteorology_normal
True,0.0,True,0,True,2022-04-17,meteorology_normal
True,0.0,True,0,True,2022-04-18,meteorology_normal
True,0.0,True,0,True,2022-04-19,meteorology_normal
True,0.0,True,0,True,2022-04-20,meteorology_normal
True,0.0,True,0,True,2022-04-21,meteorology_normal
True,0.0,True,0,True,2022-04-22,meteorology_normal
True,0.0,True,0,True,2022-04-23,meteorology_normal
True,0.0,True,0,True,2022-04-24,meteorology_normal
True,0.0,True,0,True,2022-04-25,meteorology_normal
True,0.0,True,0,True,2022-04-26,meteorology_normal
True,0.0,True,0,True,2022-04-27,meteorology_normal
True,0.0,True,0,True,2022-04-28,meteorology_normal
True,0.0,True,0,True,2022-04-29,meteorology_normal
True,0.0,True,0,True,2022-04-30,meteorology_normal
True,0.0,True,0,True,2022-05-01,meteorology_normal
True,0.0,True,0,True,2022-05-02,meteorology_normal
True,0.0,True,0,True,2022-05-03,meteorology_normal
True,0.0,True,0,True,2022-05-04,meteorology_normal
True,0.0,True,0,True,2022-05-05,meteorology_normal
True,0.0,True,0,True,2022-05-06,meteorology_normal
True,0.0,True,0,True,2022-05-07,meteorology_normal
True,0.0,True,0,True,2022-05-08,meteorology_normal
True,0.0,True,0,True,2022-05-09,meteorology_normal
True,0.0,True,0,True,2022-05-10,meteorology_normal
True,0.0,True,0,True,2022-05-11,meteorology_normal
True,0.0,True,0,True,2022-05-12,meteorology_normal
True,0.0,True,0,True,2022-05-13,meteorology_normal
True,0.0,True,0,True,2022-05-14,meteorology_normal
True,0.0,True,0,True,2022-05-15,meteorology_normal
True,0.0,True,0,True,2022-05-16,meteorology_normal
True,0.0,True,0,True,2022-05-17,meteorology_normal
True,0.0,True,0,True,2022-05-18,meteorology_normal
True,0.0,True,0,True,2022-05-19,meteorology_normal
True,0.0,True,0,True,2022-05-20,meteorology_normal
True,0.0,True,0,True,2022-05-21,meteorology_normal
True,0.0,True,0,True,2022-05-22,meteorology_normal
True,0.0,True,0,True,2022-05-23,meteorology_normal
True,0.0,True,0,True,2022-05-24,meteorology_normal
True,0.0,True,0,True,2022-05-25,meteorology_normal
True,0.0,True,0,True,2022-05-26,meteorology_normal
True,0.0,True,0,True,2022-05-27,meteorology_normal
True,0.0,True,0,True,2022-05-28,meteorology_normal
True,0.0,True,0,True,2022-05-29,meteorology_normal
True,0.0,True,0,True,2022-05-30,meteorology_normal
True,0.0,True,0,True,2022-05-31,meteorology_normal
True,0.0,True,0,True,2022-06-01,meteorology_normal
True,0.0,True,0,True,2022-06-02,meteorology_normal
True,0.0,True,0,True,2022-06-03,meteorology_normal
True,0.0,True,0,True,2022-06-04,meteorology_normal
True,0.0,True,0,True,2022-06-05,meteorology_normal
True,0.0,True,0,True,2022-06-06,meteorology_normal
True,0.0,True,0,True,2022-06-07,meteorology_normal
True,0.0,True,0,True,2022-06-08,meteorology_normal
True,0.0,True,0,True,2022-06-09,meteorology_normal
True,0.0,True,0,True,2022-06-10,meteorology_normal
True,0.0,True,0,True,2022-06-11,meteorology_normal
True,0.0,True,0,True,2022-06-12,meteorology_normal
True,0.0,True,0,True,2022-06-13,meteorology_normal
True,0.0,True,0,True,2022-06-14,meteorology_normal
True,0.0,True,0,True,2022-06-15,meteorology_normal
True,0.0,True,0,True,2022-06-16,meteorology_normal
True,0.0,True,0,True,2022-06-17,meteorology_normal
True,0.0,True,0,True,2022-06-18,meteorology_normal
True,0.0,True,0,True,2022-06-19,meteorology_normal
True,0.0,True,0,True,2022-06-20,meteorology_normal
True,0.0,True,0,True,2022-06-21,meteorology_normal
True,0.0,True,0,True,2022-06-22,meteorology_normal
True,0.0,True,0,True,2022-06-23,meteorology_normal
True,0.0,True,0,True,2022-06-24,meteorology_normal
True,0.0,True,0,True,2022-06-25,meteorology_normal
True,0.0,True,0,True,2022-06-26,meteorology_normal
True,0.0,True,0,True,2022-06-27,meteorology_normal
True,0.0,True,0,True,2022-06-28,meteorology_normal
True,0.0,True,0,True,2022-06-29,meteorology_normal
True,0.0,True,0,True,2022-06-30,meteorology_normal
True,0.0,True,0,True,2022-07-01,meteorology_normal
True,0.0,True,0,True,2022-07-02,meteorology_normal
True,0.0,True,0,True,2022-07-03,meteorology_normal
True,0.0,True,0,True,2022-07-04,meteorology_normal
True,0.0,True,0,True,2022-07-05,meteorology_normal
True,0.0,True,0,True,2022-07-06,meteorology_normal
True,0.0,True,0,True,2022-07-07,meteorology_normal
True,0.0,True,0,True,2022-07-08,meteorology_normal
True,0.0,True,0,True,2022-07-09,meteorology_normal
True,0.0,True,0,True,2022-07-10,meteorology_normal
True,0.0,True,0,True,2022-07-11,meteorology_normal
True,0.0,True,0,True,2022-07-12,meteorology_normal
True,0.0,True,0,True,2022-07-13,meteorology_normal
True,0.0,True,0,True,2022-07-14,meteorology_normal
True,0.0,True,0,True,2022-07-15,meteorology_normal
True,0.0,True,0,True,2022-07-16,meteorology_normal
True,0.0,True,0,True,2022-07-17,meteorology_normal
True,0.0,True,0,True,2022-07-18,meteorology_normal
True,0.0,True,0,True,2022-07-19,meteorology_normal
True,0.0,True,0,True,2022-07-20,meteorology_normal
True,0.0,True,0,True,2022-07-21,meteorology_normal
True,0.0,True,0,True,2022-07-22,meteorology_normal
True,0.0,True,0,True,2022-07-23,meteorology_normal
True,0.0,True,0,True,2022-07-24,meteorology_normal
True,0.0,True,0,True,2022-07-25,meteorology_normal
True,0.0,True,0,True,2022-07-26,meteorology_normal
True,0.0,True,0,True,2022-07-27,meteorology_normal
True,0.0,True,0,True,2022-07-28,meteorology_normal
True,0.0,True,0,True,2022-07-29,meteorology_normal
True,0.0,True,0,True,2022-07-30,meteorology_normal
True,0.0,True,0,True,2022-07-31,meteorology_normal
True,0.0,True,0,True,2022-08-01,meteorology_normal
True,0.0,True,0,True,2022-08-02,meteorology_normal
True,0.0,True,0,True,2022-08-03,meteorology_normal
True,0.0,True,0,True,2022-08-04,meteorology_normal
True,0.0,True,0,True,2022-08-05,meteorology_normal
True,0.0,True,0,True,2022-08-06,meteorology_normal
True,0.0,True,0,True,2022-08-07,meteorology_normal
True,0.0,True,0,True,2022-08-08,meteorology_normal
True,0.0,True,0,True,2022-08-09,meteorology_normal
True,0.0,True,0,True,2022-08-10,meteorology_normal
True,0.0,True,0,True,2022-08-11,meteorology_normal
True,0.0,True,0,True,2022-08-12,meteorology_normal
True,0.0,True,0,True,2022-08-13,meteorology_normal
True,0.0,True,0,True,2022-08-14,meteorology_normal
True,0.0,True,0,True,2022-08-15,meteorology_normal
True,0.0,True,0,True,2022-08-16,meteorology_normal
True,0.0,True,0,True,2022-08-17,meteorology_normal
True,0.0,True,0,True,2022-08-18,meteorology_normal
True,0.0,True,0,True,2022-08-19,meteorology_normal
True,0.0,True,0,True,2022-08-20,meteorology_normal
True,0.0,True,0,True,2022-08-21,meteorology_normal
True,0.0,True,0,True,2022-08-22,meteorology_normal
True,0.0,True,0,True,2022-08-23,meteorology_normal
True,0.0,True,0,True,2022-08-24,meteorology_normal
True,0.0,True,0,True,2022-08-25,meteorology_normal
True,0.0,True,0,True,2022-08-26,meteorology_normal
True,0.0,True,0,True,2022-08-27,meteorology_normal
True,0.0,True,0,True,2022-08-28,meteorology_normal
True,0.0,True,0,True,2022-08-29,meteorology_normal
True,0.0,True,0,True,2022-08-30,meteorology_normal
True,0.0,True,0,True,2022-08-31,meteorology_normal
True,0.0,True,0,True,2022-09-01,meteorology_normal
True,0.0,True,0,True,2022-09-02,meteorology_normal
True,0.0,True,0,True,2022-09-03,meteorology_normal
True,0.0,True,0,True,2022-09-04,meteorology_normal
True,0.0,True,0,True,2022-09-05,meteorology_normal
True,0.0,True,0,True,2022-09-06,meteorology_normal
True,0.0,True,0,True,2022-09-07,meteorology_normal
True,0.0,True,0,True,2022-09-08,meteorology_normal
True,0.0,True,0,True,2022-09-09,meteorology_normal
True,0.0,True,0,True,2022-09-10,meteorology_normal
True,0.0,True,0,True,2022-09-11,meteorology_normal
True,0.0,True,0,True,2022-09-12,meteorology_normal
True,0.0,True,0,True,2022-09-13,meteorology_normal
True,0.0,True,0,True,2022-09-14,meteorology_normal
True,0.0,True,0,True,2022-09-15,meteorology_normal
True,0.0,True,0,True,2022-09-16,meteorology_normal
True,0.0,True,0,True,2022-09-17,meteorology_normal
True,0.0,True,0,True,2022-09-18,meteorology_normal
True,0.0,True,0,True,2022-09-19,meteorology_normal
True,0.0,True,0,True,2022-09-20,meteorology_normal
True,0.0,True,0,True,2022-09-21,meteorology_normal
True,0.0,True,0,True,2022-09-22,meteorology_normal
True,0.0,True,0,True,2022-09-23,meteorology_normal
True,0.0,True,0,True,2022-09-24,meteorology_normal
True,0.0,True,0,True,2022-09-25,meteorology_normal
True,0.0,True,0,True,2022-09-26,meteorology_normal
True,0.0,True,0,True,2022-09-27,meteorology_normal
True,0.0,True,0,True,2022-09-28,meteorology_normal
True,0.0,True,0,True,2022-09-29,meteorology_normal
True,0.0,True,0,True,2022-09-30,meteorology_normal
True,0.0,True,0,True,2022-10-01,meteorology_normal
True,0.0,True,0,True,2022-10-02,meteorology_normal
True,0.0,True,0,True,2022-10-03,meteorology_normal
True,0.0,True,0,True,2022-10-04,meteorology_normal
True,0.0,True,0,True,2022-10-05,meteorology_normal
True,0.0,True,0,True,2022-10-06,meteorology_normal
True,0.0,True,0,True,2022-10-07,meteorology_normal
True,0.0,True,0,True,2022-10-08,meteorology_normal
True,0.0,True,0,True,2022-10-09,meteorology_normal
True,0.0,True,0,True,2022-10-10,meteorology_normal
True,0.0,True,0,True,2022-10-11,meteorology_normal
True,0.0,True,0,True,2022-10-12,meteorology_normal
True,0.0,True,0,True,2022-10-13,meteorology_normal
True,0.0,True,0,True,2022-10-14,meteorology_normal
True,0.0,True,0,True,2022-10-15,meteorology_normal
True,0.0,True,0,True,2022-10-16,meteorology_normal
True,0.0,True,0,True,2022-10-17,meteorology_normal
True,0.0,True,0,True,2022-10-18,meteorology_normal
True,0.0,True,0,True,2022-10-19,meteorology_normal
True,0.0,True,0,True,2022-10-20,meteorology_normal
True,0.0,True,0,True,2022-10-21,meteorology_normal
True,0.0,True,0,True,2022-10-22,meteorology_normal
True,0.0,True,0,True,2022-10-23,meteorology_normal
True,0.0,True,0,True,2022-10-24,meteorology_normal
True,0.0,True,0,True,2022-10-25,meteorology_normal
True,0.0,True,0,True,2022-10-26,meteorology_normal
True,0.0,True,0,True,2022-10-27,meteorology_normal
True,0.0,True,0,True,2022-10-28,meteorology_normal
True,0.0,True,0,True,2022-10-29,meteorology_normal
True,0.0,True,0,True,2022-10-30,meteorology_normal
True,0.0,True,0,True,2022-10-31,meteorology_normal
True,0.0,True,0,True,2022-11-01,meteorology_normal
True,0.0,True,0,True,2022-11-02,meteorology_normal
True,0.0,True,0,True,2022-11-03,meteorology_normal
True,0.0,True,0,True,2022-11-04,meteorology_normal
True,0.0,True,0,True,2022-11-05,meteorology_normal
True,0.0,True,0,True,2022-11-06,meteorology_normal
True,0.0,True,0,True,2022-11-07,meteorology_normal
True,0.0,True,0,True,2022-11-08,meteorology_normal
True,0.0,True,0,True,2022-11-09,meteorology_normal
True,0.0,True,0,True,2022-11-10,meteorology_normal
True,0.0,True,0,True,2022-11-11,meteorology_normal
True,0.0,True,0,True,2022-11-12,meteorology_normal
True,0.0,True,0,True,2022-11-13,meteorology_normal
True,0.0,True,0,True,2022-11-14,meteorology_normal
True,0.0,True,0,True,2022-11-15,meteorology_normal
True,0.0,True,0,True,2022-11-16,meteorology_normal
True,0.0,True,0,True,2022-11-17,meteorology_normal
True,0.0,True,0,True,2022-11-18,meteorology_normal
True,0.0,True,0,True,2022-11-19,meteorology_normal
True,0.0,True,0,True,2022-11-20,meteorology_normal
True,0.0,True,0,True,2022-11-21,meteorology_normal
True,0.0,True,0,True,2022-11-22,meteorology_normal
True,0.0,True,0,True,2022-11-23,meteorology_normal
True,0.0,True,0,True,2022-11-24,meteorology_normal
True,0.0,True,0,True,2022-11-25,meteorology_normal
True,0.0,True,0,True,2022-11-26,meteorology_normal
True,0.0,True,0,True,2022-11-27,meteorology_normal
True,0.0,True,0,True,2022-11-28,meteorology_normal
True,0.0,True,0,True,2022-11-29,meteorology_normal
True,0.0,True,0,True,2022-11-30,meteorology_normal
True,0.0,True,0,True,2022-12-01,meteorology_normal
True,0.0,True,0,True,2022-12-02,meteorology_normal
True,0.0,True,0,True,2022-12-03,meteorology_normal
True,0.0,True,0,True,2022-12-04,meteorology_normal
True,0.0,True,0,True,2022-12-05,meteorology_normal
True,0.0,True,0,True,2022-12-06,meteorology_normal
True,0.0,True,0,True,2022-12-07,meteorology_normal
True,0.0,True,0,True,2022-12-08,meteorology_normal
True,0.0,True,0,True,2022-12-09,meteorology_normal
True,0.0,True,0,True,2022-12-10,meteorology_normal
True,0.0,True,0,True,2022-12-11,meteorology_normal
True,0.0,True,0,True,2022-12-12,meteorology_normal
True,0.0,True,0,True,2022-12-13,meteorology_normal
True,0.0,True,0,True,2022-12-14,meteorology_normal
True,0.0,True,0,True,2022-12-15,meteorology_normal
True,0.0,True,0,True,2022-12-16,meteorology_normal
True,0.0,True,0,True,2022-12-17,meteorology_normal
True,0.0,True,0,True,2022-12-18,meteorology_normal
True,0.0,True,0,True,2022-12-19,meteorology_normal
True,0.0,True,0,True,2022-12-20,meteorology_normal
True,0.0,True,0,True,2022-12-21,meteorology_normal
True,0.0,True,0,True,2022-12-22,meteorology_normal
True,0.0,True,0,True,2022-12-23,meteorology_normal
True,0.0,True,0,True,2022-12-24,meteorology_normal
True,0.0,True,0,True,2022-12-25,meteorology_normal
True,0.0,True,0,True,2022-12-26,meteorology_normal
True,0.0,True,0,True,2022-12-27,meteorology_normal
True,0.0,True,0,True,2022-12-28,meteorology_normal
True,0.0,True,0,True,2022-12-29,meteorology_normal
True,0.0,True,0,True,2022-12-30,meteorology_normal
True,0.0,True,0,True,2022-12-31,meteorology_normal
True,0.0,True,0,True,2023-01-01,meteorology_normal
True,0.0,True,0,True,2023-01-02,meteorology_normal
True,0.0,True,0,True,2023-01-03,meteorology_normal
True,0.0,True,0,True,2023-01-04,meteorology_normal
True,0.0,True,0,True,2023-01-05,meteorology_normal
True,0.0,True,0,True,2023-01-06,meteorology_normal
True,0.0,True,0,True,2023-01-07,meteorology_normal
True,0.0,True,0,True,2023-01-08,meteorology_normal
True,0.0,True,0,True,2023-01-09,meteorology_normal
True,0.0,True,0,True,2023-01-10,meteorology_normal
True,0.0,True,0,True,2023-01-11,meteorology_normal
True,0.0,True,0,True,2023-01-12,meteorology_normal
True,0.0,True,0,True,2023-01-13,meteorology_normal
True,0.0,True,0,True,2023-01-14,meteorology_normal
True,0.0,True,0,True,2023-01-15,meteorology_normal
True,0.0,True,0,True,2023-01-16,meteorology_normal
True,0.0,True,0,True,2023-01-17,meteorology_normal
True,0.0,True,0,True,2023-01-18,meteorology_normal
True,0.0,True,0,True,2023-01-19,meteorology_normal
True,0.0,True,0,True,2023-01-20,meteorology_normal
True,0.0,True,0,True,2023-01-21,meteorology_normal
True,0.0,True,0,True,2023-01-22,meteorology_normal
True,0.0,True,0,True,2023-01-23,meteorology_normal
True,0.0,True,0,True,2023-01-24,meteorology_normal
True,0.0,True,0,True,2023-01-25,meteorology_normal
True,0.0,True,0,True,2023-01-26,meteorology_normal
True,0.0,True,0,True,2023-01-27,meteorology_normal
True,0.0,True,0,True,2023-01-28,meteorology_normal
True,0.0,True,0,True,2023-01-29,meteorology_normal
True,0.0,True,0,True,2023-01-30,meteorology_normal
True,0.0,True,0,True,2023-01-31,meteorology_normal
True,0.0,True,0,True,2023-02-01,meteorology_normal
True,0.0,True,0,True,2023-02-02,meteorology_normal
True,0.0,True,0,True,2023-02-03,meteorology_normal
True,0.0,True,0,True,2023-02-04,meteorology_normal
True,0.0,True,0,True,2023-02-05,meteorology_normal
True,0.0,True,0,True,2023-02-06,meteorology_normal
True,0.0,True,0,True,2023-02-07,meteorology_normal
True,0.0,True,0,True,2023-02-08,meteorology_normal
True,0.0,True,0,True,2023-02-09,meteorology_normal
True,0.0,True,0,True,2023-02-10,meteorology_normal
True,0.0,True,0,True,2023-02-11,meteorology_normal
True,0.0,True,0,True,2023-02-12,meteorology_normal
True,0.0,True,0,True,2023-02-13,meteorology_normal
True,0.0,True,0,True,2023-02-14,meteorology_normal
True,0.0,True,0,True,2023-02-15,meteorology_normal
True,0.0,True,0,True,2023-02-16,meteorology_normal
True,0.0,True,0,True,2023-02-17,meteorology_normal
True,0.0,True,0,True,2023-02-18,meteorology_normal
True,0.0,True,0,True,2023-02-19,meteorology_normal
True,0.0,True,0,True,2023-02-20,meteorology_normal
True,0.0,True,0,True,2023-02-21,meteorology_normal
True,0.0,True,0,True,2023-02-22,meteorology_normal
True,0.0,True,0,True,2023-02-23,meteorology_normal
True,0.0,True,0,True,2023-02-24,meteorology_normal
True,0.0,True,0,True,2023-02-25,meteorology_normal
True,0.0,True,0,True,2023-02-26,meteorology_normal
True,0.0,True,0,True,2023-02-27,meteorology_normal
True,0.0,True,0,True,2023-02-28,meteorology_normal
True,0.0,True,0,True,2023-03-01,meteorology_normal
True,0.0,True,0,True,2023-03-02,meteorology_normal
True,0.0,True,0,True,2023-03-03,meteorology_normal
True,0.0,True,0,True,2023-03-04,meteorology_normal
True,0.0,True,0,True,2023-03-05,meteorology_normal
True,0.0,True,0,True,2023-03-06,meteorology_normal
True,0.0,True,0,True,2023-03-07,meteorology_normal
True,0.0,True,0,True,2023-03-08,meteorology_normal
True,0.0,True,0,True,2023-03-09,meteorology_normal
True,0.0,True,0,True,2023-03-10,meteorology_normal
True,0.0,True,0,True,2023-03-11,meteorology_normal
True,0.0,True,0,True,2023-03-12,meteorology_normal
True,0.0,True,0,True,2023-03-13,meteorology_normal
True,0.0,True,0,True,2023-03-14,meteorology_normal
True,0.0,True,0,True,2023-03-15,meteorology_normal
True,0.0,True,0,True,2023-03-16,meteorology_normal
True,0.0,True,0,True,2023-03-17,meteorology_normal
True,0.0,True,0,True,2023-03-18,meteorology_normal
True,0.0,True,0,True,2023-03-19,meteorology_normal
True,0.0,True,0,True,2023-03-20,meteorology_normal
True,0.0,True,0,True,2023-03-21,meteorology_normal
True,0.0,True,0,True,2023-03-22,meteorology_normal
True,0.0,True,0,True,2023-03-23,meteorology_normal
True,0.0,True,0,True,2023-03-24,meteorology_normal
True,0.0,True,0,True,2023-03-25,meteorology_normal
True,0.0,True,0,True,2023-03-26,meteorology_normal
True,0.0,True,0,True,2023-03-27,meteorology_normal
True,0.0,True,0,True,2023-03-28,meteorology_normal
True,0.0,True,0,True,2023-03-29,meteorology_normal
True,0.0,True,0,True,2023-03-30,meteorology_normal
True,0.0,True,0,True,2023-03-31,meteorology_normal
True,0.0,True,0,True,2023-04-01,meteorology_normal
True,0.0,True,0,True,2023-04-02,meteorology_normal
True,0.0,True,0,True,2023-04-03,meteorology_normal
True,0.0,True,0,True,2023-04-04,meteorology_normal
True,0.0,True,0,True,2023-04-05,meteorology_normal
True,0.0,True,0,True,2023-04-06,meteorology_normal
True,0.0,True,0,True,2023-04-07,meteorology_normal
True,0.0,True,0,True,2023-04-08,meteorology_normal
True,0.0,True,0,True,2023-04-09,meteorology_normal
True,0.0,True,0,True,2023-04-10,meteorology_normal
True,0.0,True,0,True,2023-04-11,meteorology_normal
True,0.0,True,0,True,2023-04-12,meteorology_normal
True,0.0,True,0,True,2023-04-13,meteorology_normal
True,0.0,True,0,True,2023-04-14,meteorology_normal
True,0.0,True,0,True,2023-04-15,meteorology_normal
True,0.0,True,0,True,2023-04-16,meteorology_normal
True,0.0,True,0,True,2023-04-17,meteorology_normal
True,0.0,True,0,True,2023-04-18,meteorology_normal
True,0.0,True,0,True,2023-04-19,meteorology_normal
True,0.0,True,0,True,2023-04-20,meteorology_normal
True,0.0,True,0,True,2023-04-21,meteorology_normal
True,0.0,True,0,True,2023-04-22,meteorology_normal
True,0.0,True,0,True,2023-04-23,meteorology_normal
True,0.0,True,0,True,2023-04-24,meteorology_normal
True,0.0,True,0,True,2023-04-25,meteorology_normal
True,0.0,True,0,True,2023-04-26,meteorology_normal
True,0.0,True,0,True,2023-04-27,meteorology_normal
True,0.0,True,0,True,2023-04-28,meteorology_normal
True,0.0,True,0,True,2023-04-29,meteorology_normal
True,0.0,True,0,True,2023-04-30,meteorology_normal
True,0.0,True,0,True,2023-05-01,meteorology_normal
True,0.0,True,0,True,2023-05-02,meteorology_normal
True,0.0,True,0,True,2023-05-03,meteorology_normal
True,0.0,True,0,True,2023-05-04,meteorology_normal
True,0.0,True,0,True,2023-05-05,meteorology_normal
True,0.0,True,0,True,2023-05-06,meteorology_normal
True,0.0,True,0,True,2023-05-07,meteorology_normal
True,0.0,True,0,True,2023-05-08,meteorology_normal
True,0.0,True,0,True,2023-05-09,meteorology_normal
True,0.0,True,0,True,2023-05-10,meteorology_normal
True,0.0,True,0,True,2023-05-11,meteorology_normal
True,0.0,True,0,True,2023-05-12,meteorology_normal
True,0.0,True,0,True,2023-05-13,meteorology_normal
True,0.0,True,0,True,2023-05-14,meteorology_normal
True,0.0,True,0,True,2023-05-15,meteorology_normal
True,0.0,True,0,True,2023-05-16,meteorology_normal
True,0.0,True,0,True,2023-05-17,meteorology_normal
True,0.0,True,0,True,2023-05-18,meteorology_normal
True,0.0,True,0,True,2023-05-19,meteorology_normal
True,0.0,True,0,True,2023-05-20,meteorology_normal
True,0.0,True,0,True,2023-05-21,meteorology_normal
True,0.0,True,0,True,2023-05-22,meteorology_normal
True,0.0,True,0,True,2023-05-23,meteorology_normal
True,0.0,True,0,True,2023-05-24,meteorology_normal
True,0.0,True,0,True,2023-05-25,meteorology_normal
True,0.0,True,0,True,2023-05-26,meteorology_normal
True,0.0,True,0,True,2023-05-27,meteorology_normal
True,0.0,True,0,True,2023-05-28,meteorology_normal
True,0.0,True,0,True,2023-05-29,meteorology_normal
True,0.0,True,0,True,2023-05-30,meteorology_normal
True,0.0,True,0,True,2023-05-31,meteorology_normal
True,0.0,True,0,True,2023-06-01,meteorology_normal
True,0.0,True,0,True,2023-06-02,meteorology_normal
True,0.0,True,0,True,2023-06-03,meteorology_normal
True,0.0,True,0,True,2023-06-04,meteorology_normal
True,0.0,True,0,True,2023-06-05,meteorology_normal
True,0.0,True,0,True,2023-06-06,meteorology_normal
True,0.0,True,0,True,2023-06-07,meteorology_normal
True,0.0,True,0,True,2023-06-08,meteorology_normal
True,0.0,True,0,True,2023-06-09,meteorology_normal
True,0.0,True,0,True,2023-06-10,meteorology_normal
True,0.0,True,0,True,2023-06-11,meteorology_normal
True,0.0,True,0,True,2023-06-12,meteorology_normal
True,0.0,True,0,True,2023-06-13,meteorology_normal
True,0.0,True,0,True,2023-06-14,meteorology_normal
True,0.0,True,0,True,2023-06-15,meteorology_normal
True,0.0,True,0,True,2023-06-16,meteorology_normal
True,0.0,True,0,True,2023-06-17,meteorology_normal
True,0.0,True,0,True,2023-06-18,meteorology_normal
True,0.0,True,0,True,2023-06-19,meteorology_normal
True,0.0,True,0,True,2023-06-20,meteorology_normal
True,0.0,True,0,True,2023-06-21,meteorology_normal
True,0.0,True,0,True,2023-06-22,meteorology_normal
True,0.0,True,0,True,2023-06-23,meteorology_normal
True,0.0,True,0,True,2023-06-24,meteorology_normal
True,0.0,True,0,True,2023-06-25,meteorology_normal
True,0.0,True,0,True,2023-06-26,meteorology_normal
True,0.0,True,0,True,2023-06-27,meteorology_normal
True,0.0,True,0,True,2023-06-28,meteorology_normal
True,0.0,True,0,True,2023-06-29,meteorology_normal
True,0.0,True,0,True,2023-06-30,meteorology_normal
True,0.0,True,0,True,2023-07-01,meteorology_normal
True,0.0,True,0,True,2023-07-02,meteorology_normal
True,0.0,True,0,True,2023-07-03,meteorology_normal
True,0.0,True,0,True,2023-07-04,meteorology_normal
True,0.0,True,0,True,2023-07-05,meteorology_normal
True,0.0,True,0,True,2023-07-06,meteorology_normal
True,0.0,True,0,True,2023-07-07,meteorology_normal
True,0.0,True,0,True,2023-07-08,meteorology_normal
True,0.0,True,0,True,2023-07-09,meteorology_normal
True,0.0,True,0,True,2023-07-10,meteorology_normal
True,0.0,True,0,True,2023-07-11,meteorology_normal
True,0.0,True,0,True,2023-07-12,meteorology_normal
True,0.0,True,0,True,2023-07-13,meteorology_normal
True,0.0,True,0,True,2023-07-14,meteorology_normal
True,0.0,True,0,True,2023-07-15,meteorology_normal
True,0.0,True,0,True,2023-07-16,meteorology_normal
True,0.0,True,0,True,2023-07-17,meteorology_normal
True,0.0,True,0,True,2023-07-18,meteorology_normal
True,0.0,True,0,True,2023-07-19,meteorology_normal
True,0.0,True,0,True,2023-07-20,meteorology_normal
True,0.0,True,0,True,2023-07-21,meteorology_normal
True,0.0,True,0,True,2023-07-22,meteorology_normal
True,0.0,True,0,True,2023-07-23,meteorology_normal
True,0.0,True,0,True,2023-07-24,meteorology_normal
True,0.0,True,0,True,2023-07-25,meteorology_normal
True,0.0,True,0,True,2023-07-26,meteorology_normal
True,0.0,True,0,True,2023-07-27,meteorology_normal
True,0.0,True,0,True,2023-07-28,meteorology_normal
True,0.0,True,0,True,2023-07-29,meteorology_normal
True,0.0,True,0,True,2023-07-30,meteorology_normal
True,0.0,True,0,True,2023-07-31,meteorology_normal
True,0.0,True,0,True,2023-08-01,meteorology_normal
True,0.0,True,0,True,2023-08-02,meteorology_normal
True,0.0,True,0,True,2023-08-03,meteorology_normal
True,0.0,True,0,True,2023-08-04,meteorology_normal
True,0.0,True,0,True,2023-08-05,meteorology_normal
True,0.0,True,0,True,2023-08-06,meteorology_normal
True,0.0,True,0,True,2023-08-07,meteorology_normal
True,0.0,True,0,True,2023-08-08,meteorology_normal
True,0.0,True,0,True,2023-08-09,meteorology_normal
True,0.0,True,0,True,2023-08-10,meteorology_normal
True,0.0,True,0,True,2023-08-11,meteorology_normal
True,0.0,True,0,True,2023-08-12,meteorology_normal
True,0.0,True,0,True,2023-08-13,meteorology_normal
True,0.0,True,0,True,2023-08-14,meteorology_normal
True,0.0,True,0,True,2023-08-15,meteorology_normal
True,0.0,True,0,True,2023-08-16,meteorology_normal
True,0.0,True,0,True,2023-08-17,meteorology_normal
True,0.0,True,0,True,2023-08-18,meteorology_normal
True,0.0,True,0,True,2023-08-19,meteorology_normal
True,0.0,True,0,True,2023-08-20,meteorology_normal
True,0.0,True,0,True,2023-08-21,meteorology_normal
True,0.0,True,0,True,2023-08-22,meteorology_normal
True,0.0,True,0,True,2023-08-23,meteorology_normal
True,0.0,True,0,True,2023-08-24,meteorology_normal
True,0.0,True,0,True,2023-08-25,meteorology_normal
True,0.0,True,0,True,2023-08-26,meteorology_normal
True,0.0,True,0,True,2023-08-27,meteorology_normal
True,0.0,True,0,True,2023-08-28,meteorology_normal
True,0.0,True,0,True,2023-08-29,meteorology_normal
True,0.0,True,0,True,2023-08-30,meteorology_normal
True,0.0,True,0,True,2023-08-31,meteorology_normal
True,0.0,True,0,True,2023-09-01,meteorology_normal
True,0.0,True,0,True,2023-09-02,meteorology_normal
True,0.0,True,0,True,2023-09-03,meteorology_normal
True,0.0,True,0,True,2023-09-04,meteorology_normal
True,0.0,True,0,True,2023-09-05,meteorology_normal
True,0.0,True,0,True,2023-09-06,meteorology_normal
True,0.0,True,0,True,2023-09-07,meteorology_normal
True,0.0,True,0,True,2023-09-08,meteorology_normal
True,0.0,True,0,True,2023-09-09,meteorology_normal
True,0.0,True,0,True,2023-09-10,meteorology_normal
True,0.0,True,0,True,2023-09-11,meteorology_normal
True,0.0,True,0,True,2023-09-12,meteorology_normal
True,0.0,True,0,True,2023-09-13,meteorology_normal
True,0.0,True,0,True,2023-09-14,meteorology_normal
True,0.0,True,0,True,2023-09-15,meteorology_normal
True,0.0,True,0,True,2023-09-16,meteorology_normal
True,0.0,True,0,True,2023-09-17,meteorology_normal
True,0.0,True,0,True,2023-09-18,meteorology_normal
True,0.0,True,0,True,2023-09-19,meteorology_normal
True,0.0,True,0,True,2023-09-20,meteorology_normal
True,0.0,True,0,True,2023-09-21,meteorology_normal
True,0.0,True,0,True,2023-09-22,meteorology_normal
True,0.0,True,0,True,2023-09-23,meteorology_normal
True,0.0,True,0,True,2023-09-24,meteorology_normal
True,0.0,True,0,True,2023-09-25,meteorology_normal
True,0.0,True,0,True,2023-09-26,meteorology_normal
True,0.0,True,0,True,2023-09-27,meteorology_normal
True,0.0,True,0,True,2023-09-28,meteorology_normal
True,0.0,True,0,True,2023-09-29,meteorology_normal
True,0.0,True,0,True,2023-09-30,meteorology_normal
True,0.0,True,0,True,2023-10-01,meteorology_normal
True,0.0,True,0,True,2023-10-02,meteorology_normal
True,0.0,True,0,True,2023-10-03,meteorology_normal
True,0.0,True,0,True,2023-10-04,meteorology_normal
True,0.0,True,0,True,2023-10-05,meteorology_normal
True,0.0,True,0,True,2023-10-06,meteorology_normal
True,0.0,True,0,True,2023-10-07,meteorology_normal
True,0.0,True,0,True,2023-10-08,meteorology_normal
True,0.0,True,0,True,2023-10-09,meteorology_normal
True,0.0,True,0,True,2023-10-10,meteorology_normal
True,0.0,True,0,True,2023-10-11,meteorology_normal
True,0.0,True,0,True,2023-10-12,meteorology_normal
True,0.0,True,0,True,2023-10-13,meteorology_normal
True,0.0,True,0,True,2023-10-14,meteorology_normal
True,0.0,True,0,True,2023-10-15,meteorology_normal
True,0.0,True,0,True,2023-10-16,meteorology_normal
True,0.0,True,0,True,2023-10-17,meteorology_normal
True,0.0,True,0,True,2023-10-18,meteorology_normal
True,0.0,True,0,True,2023-10-19,meteorology_normal
True,0.0,True,0,True,2023-10-20,meteorology_normal
True,0.0,True,0,True,2023-10-21,meteorology_normal
True,0.0,True,0,True,2023-10-22,meteorology_normal
True,0.0,True,0,True,2023-10-23,meteorology_normal
True,0.0,True,0,True,2023-10-24,meteorology_normal
True,0.0,True,0,True,2023-10-25,meteorology_normal
True,0.0,True,0,True,2023-10-26,meteorology_normal
True,0.0,True,0,True,2023-10-27,meteorology_normal
True,0.0,True,0,True,2023-10-28,meteorology_normal
True,0.0,True,0,True,2023-10-29,meteorology_normal
True,0.0,True,0,True,2023-10-30,meteorology_normal
True,0.0,True,0,True,2023-10-31,meteorology_normal
True,0.0,True,0,True,2023-11-01,meteorology_normal
True,0.0,True,0,True,2023-11-02,meteorology_normal
True,0.0,True,0,True,2023-11-03,meteorology_normal
True,0.0,True,0,True,2023-11-04,meteorology_normal
True,0.0,True,0,True,2023-11-05,meteorology_normal
True,0.0,True,0,True,2023-11-06,meteorology_normal
True,0.0,True,0,True,2023-11-07,meteorology_normal
True,0.0,True,0,True,2023-11-08,meteorology_normal
True,0.0,True,0,True,2023-11-09,meteorology_normal
True,0.0,True,0,True,2023-11-10,meteorology_normal
True,0.0,True,0,True,2023-11-11,meteorology_normal
True,0.0,True,0,True,2023-11-12,meteorology_normal
True,0.0,True,0,True,2023-11-13,meteorology_normal
True,0.0,True,0,True,2023-11-14,meteorology_normal
True,0.0,True,0,True,2023-11-15,meteorology_normal
True,0.0,True,0,True,2023-11-16,meteorology_normal
True,0.0,True,0,True,2023-11-17,meteorology_normal
True,0.0,True,0,True,2023-11-18,meteorology_normal
True,0.0,True,0,True,2023-11-19,meteorology_normal
True,0.0,True,0,True,2023-11-20,meteorology_normal
True,0.0,True,0,True,2023-11-21,meteorology_normal
True,0.0,True,0,True,2023-11-22,meteorology_normal
True,0.0,True,0,True,2023-11-23,meteorology_normal
True,0.0,True,0,True,2023-11-24,meteorology_normal
True,0.0,True,0,True,2023-11-25,meteorology_normal
True,0.0,True,0,True,2023-11-26,meteorology_normal
True,0.0,True,0,True,2023-11-27,meteorology_normal
True,0.0,True,0,True,2023-11-28,meteorology_normal
True,0.0,True,0,True,2023-11-29,meteorology_normal
True,0.0,True,0,True,2023-11-30,meteorology_normal
True,0.0,True,0,True,2023-12-01,meteorology_normal
True,0.0,True,0,True,2023-12-02,meteorology_normal
True,0.0,True,0,True,2023-12-03,meteorology_normal
True,0.0,True,0,True,2023-12-04,meteorology_normal
True,0.0,True,0,True,2023-12-05,meteorology_normal
True,0.0,True,0,True,2023-12-06,meteorology_normal
True,0.0,True,0,True,2023-12-07,meteorology_normal
True,0.0,True,0,True,2023-12-08,meteorology_normal
True,0.0,True,0,True,2023-12-09,meteorology_normal
True,0.0,True,0,True,2023-12-10,meteorology_normal
True,0.0,True,0,True,2023-12-11,meteorology_normal
True,0.0,True,0,True,2023-12-12,meteorology_normal
True,0.0,True,0,True,2023-12-13,meteorology_normal
True,0.0,True,0,True,2023-12-14,meteorology_normal
True,0.0,True,0,True,2023-12-15,meteorology_normal
True,0.0,True,0,True,2023-12-16,meteorology_normal
True,0.0,True,0,True,2023-12-17,meteorology_normal
True,0.0,True,0,True,2023-12-18,meteorology_normal
True,0.0,True,0,True,2023-12-19,meteorology_normal
True,0.0,True,0,True,2023-12-20,meteorology_normal
True,0.0,True,0,True,2023-12-21,meteorology_normal
True,0.0,True,0,True,2023-12-22,meteorology_normal
True,0.0,True,0,True,2023-12-23,meteorology_normal
True,0.0,True,0,True,2023-12-24,meteorology_normal
True,0.0,True,0,True,2023-12-25,meteorology_normal
True,0.0,True,0,True,2023-12-26,meteorology_normal
True,0.0,True,0,True,2023-12-27,meteorology_normal
True,0.0,True,0,True,2023-12-28,meteorology_normal
True,0.0,True,0,True,2023-12-29,meteorology_normal
True,0.0,True,0,True,2023-12-30,meteorology_normal
True,0.0,True,0,True,2023-12-31,meteorology_normal
True,0.0,True,0,True,2024-01-01,meteorology_normal
True,0.0,True,0,True,2024-01-02,meteorology_normal
True,0.0,True,0,True,2024-01-03,meteorology_normal
True,0.0,True,0,True,2024-01-04,meteorology_normal
True,0.0,True,0,True,2024-01-05,meteorology_normal
True,0.0,True,0,True,2024-01-06,meteorology_normal
True,0.0,True,0,True,2024-01-07,meteorology_normal
True,0.0,True,0,True,2024-01-08,meteorology_normal
True,0.0,True,0,True,2024-01-09,meteorology_normal
True,0.0,True,0,True,2024-01-10,meteorology_normal
True,0.0,True,0,True,2024-01-11,meteorology_normal
True,0.0,True,0,True,2024-01-12,meteorology_normal
True,0.0,True,0,True,2024-01-13,meteorology_normal
True,0.0,True,0,True,2024-01-14,meteorology_normal
True,0.0,True,0,True,2024-01-15,meteorology_normal
True,0.0,True,0,True,2024-01-16,meteorology_normal
True,0.0,True,0,True,2024-01-17,meteorology_normal
True,0.0,True,0,True,2024-01-18,meteorology_normal
True,0.0,True,0,True,2024-01-19,meteorology_normal
True,0.0,True,0,True,2024-01-20,meteorology_normal
True,0.0,True,0,True,2024-01-21,meteorology_normal
True,0.0,True,0,True,2024-01-22,meteorology_normal
True,0.0,True,0,True,2024-01-23,meteorology_normal
True,0.0,True,0,True,2024-01-24,meteorology_normal
True,0.0,True,0,True,2024-01-25,meteorology_normal
True,0.0,True,0,True,2024-01-26,meteorology_normal
True,0.0,True,0,True,2024-01-27,meteorology_normal
True,0.0,True,0,True,2024-01-28,meteorology_normal
True,0.0,True,0,True,2024-01-29,meteorology_normal
True,0.0,True,0,True,2024-01-30,meteorology_normal
True,0.0,True,0,True,2024-01-31,meteorology_normal
True,0.0,True,0,True,2024-02-01,meteorology_normal
True,0.0,True,0,True,2024-02-02,meteorology_normal
True,0.0,True,0,True,2024-02-03,meteorology_normal
True,0.0,True,0,True,2024-02-04,meteorology_normal
True,0.0,True,0,True,2024-02-05,meteorology_normal
True,0.0,True,0,True,2024-02-06,meteorology_normal
True,0.0,True,0,True,2024-02-07,meteorology_normal
True,0.0,True,0,True,2024-02-08,meteorology_normal
True,0.0,True,0,True,2024-02-09,meteorology_normal
True,0.0,True,0,True,2024-02-10,meteorology_normal
True,0.0,True,0,True,2024-02-11,meteorology_normal
True,0.0,True,0,True,2024-02-12,meteorology_normal
True,0.0,True,0,True,2024-02-13,meteorology_normal
True,0.0,True,0,True,2024-02-14,meteorology_normal
True,0.0,True,0,True,2024-02-15,meteorology_normal
True,0.0,True,0,True,2024-02-16,meteorology_normal
True,0.0,True,0,True,2024-02-17,meteorology_normal
True,0.0,True,0,True,2024-02-18,meteorology_normal
True,0.0,True,0,True,2024-02-19,meteorology_normal
True,0.0,True,0,True,2024-02-20,meteorology_normal
True,0.0,True,0,True,2024-02-21,meteorology_normal
True,0.0,True,0,True,2024-02-22,meteorology_normal
True,0.0,True,0,True,2024-02-23,meteorology_normal
True,0.0,True,0,True,2024-02-24,meteorology_normal
True,0.0,True,0,True,2024-02-25,meteorology_normal
True,0.0,True,0,True,2024-02-26,meteorology_normal
True,0.0,True,0,True,2024-02-27,meteorology_normal
True,0.0,True,0,True,2024-02-28,meteorology_normal
True,0.0,True,0,True,2024-02-29,meteorology_normal
True,0.0,True,0,True,2024-03-01,meteorology_normal
True,0.0,True,0,True,2024-03-02,meteorology_normal
True,0.0,True,0,True,2024-03-03,meteorology_normal
True,0.0,True,0,True,2024-03-04,meteorology_normal
True,0.0,True,0,True,2024-03-05,meteorology_normal
True,0.0,True,0,True,2024-03-06,meteorology_normal
True,0.0,True,0,True,2024-03-07,meteorology_normal
True,0.0,True,0,True,2024-03-08,meteorology_normal
True,0.0,True,0,True,2024-03-09,meteorology_normal
True,0.0,True,0,True,2024-03-10,meteorology_normal
True,0.0,True,0,True,2024-03-11,meteorology_normal
True,0.0,True,0,True,2024-03-12,meteorology_normal
True,0.0,True,0,True,2024-03-13,meteorology_normal
True,0.0,True,0,True,2024-03-14,meteorology_normal
True,0.0,True,0,True,2024-03-15,meteorology_normal
True,0.0,True,0,True,2024-03-16,meteorology_normal
True,0.0,True,0,True,2024-03-17,meteorology_normal
True,0.0,True,0,True,2024-03-18,meteorology_normal
True,0.0,True,0,True,2024-03-19,meteorology_normal
True,0.0,True,0,True,2024-03-20,meteorology_normal
True,0.0,True,0,True,2024-03-21,meteorology_normal
True,0.0,True,0,True,2024-03-22,meteorology_normal
True,0.0,True,0,True,2024-03-23,meteorology_normal
True,0.0,True,0,True,2024-03-24,meteorology_normal
True,0.0,True,0,True,2024-03-25,meteorology_normal
True,0.0,True,0,True,2024-03-26,meteorology_normal
True,0.0,True,0,True,2024-03-27,meteorology_normal
True,0.0,True,0,True,2024-03-28,meteorology_normal
True,0.0,True,0,True,2024-03-29,meteorology_normal
True,0.0,True,0,True,2024-03-30,meteorology_normal
True,0.0,True,0,True,2024-03-31,meteorology_normal
True,0.0,True,0,True,2024-04-01,meteorology_normal
True,0.0,True,0,True,2024-04-02,meteorology_normal
True,0.0,True,0,True,2024-04-03,meteorology_normal
True,0.0,True,0,True,2024-04-04,meteorology_normal
True,0.0,True,0,True,2024-04-05,meteorology_normal
True,0.0,True,0,True,2024-04-06,meteorology_normal
True,0.0,True,0,True,2024-04-07,meteorology_normal
True,0.0,True,0,True,2024-04-08,meteorology_normal
True,0.0,True,0,True,2024-04-09,meteorology_normal
True,0.0,True,0,True,2024-04-10,meteorology_normal
True,0.0,True,0,True,2024-04-11,meteorology_normal
True,0.0,True,0,True,2024-04-12,meteorology_normal
True,0.0,True,0,True,2024-04-13,meteorology_normal
True,0.0,True,0,True,2024-04-14,meteorology_normal
True,0.0,True,0,True,2024-04-15,meteorology_normal
True,0.0,True,0,True,2024-04-16,meteorology_normal
True,0.0,True,0,True,2024-04-17,meteorology_normal
True,0.0,True,0,True,2024-04-18,meteorology_normal
True,0.0,True,0,True,2024-04-19,meteorology_normal
True,0.0,True,0,True,2024-04-20,meteorology_normal
True,0.0,True,0,True,2024-04-21,meteorology_normal
True,0.0,True,0,True,2024-04-22,meteorology_normal
True,0.0,True,0,True,2024-04-23,meteorology_normal
True,0.0,True,0,True,2024-04-24,meteorology_normal
True,0.0,True,0,True,2024-04-25,meteorology_normal
True,0.0,True,0,True,2024-04-26,meteorology_normal
True,0.0,True,0,True,2024-04-27,meteorology_normal
True,0.0,True,0,True,2024-04-28,meteorology_normal
True,0.0,True,0,True,2024-04-29,meteorology_normal
True,0.0,True,0,True,2024-04-30,meteorology_normal
True,0.0,True,0,True,2024-05-01,meteorology_normal
True,0.0,True,0,True,2024-05-02,meteorology_normal
True,0.0,True,0,True,2024-05-03,meteorology_normal
True,0.0,True,0,True,2024-05-04,meteorology_normal
True,0.0,True,0,True,2024-05-05,meteorology_normal
True,0.0,True,0,True,2024-05-06,meteorology_normal
True,0.0,True,0,True,2024-05-07,meteorology_normal
True,0.0,True,0,True,2024-05-08,meteorology_normal
True,0.0,True,0,True,2024-05-09,meteorology_normal
True,0.0,True,0,True,2024-05-10,meteorology_normal
True,0.0,True,0,True,2024-05-11,meteorology_normal
True,0.0,True,0,True,2024-05-12,meteorology_normal
True,0.0,True,0,True,2024-05-13,meteorology_normal
True,0.0,True,0,True,2024-05-14,meteorology_normal
True,0.0,True,0,True,2024-05-15,meteorology_normal
True,0.0,True,0,True,2024-05-16,meteorology_normal
True,0.0,True,0,True,2024-05-17,meteorology_normal
True,0.0,True,0,True,2024-05-18,meteorology_normal
True,0.0,True,0,True,2024-05-19,meteorology_normal
True,0.0,True,0,True,2024-05-20,meteorology_normal
True,0.0,True,0,True,2024-05-21,meteorology_normal
True,0.0,True,0,True,2024-05-22,meteorology_normal
True,0.0,True,0,True,2024-05-23,meteorology_normal
True,0.0,True,0,True,2024-05-24,meteorology_normal
True,0.0,True,0,True,2024-05-25,meteorology_normal
True,0.0,True,0,True,2024-05-26,meteorology_normal
True,0.0,True,0,True,2024-05-27,meteorology_normal
True,0.0,True,0,True,2024-05-28,meteorology_normal
True,0.0,True,0,True,2024-05-29,meteorology_normal
True,0.0,True,0,True,2024-05-30,meteorology_normal
True,0.0,True,0,True,2024-05-31,meteorology_normal
True,0.0,True,0,True,2024-06-01,meteorology_normal
True,0.0,True,0,True,2024-06-02,meteorology_normal
True,0.0,True,0,True,2024-06-03,meteorology_normal
True,0.0,True,0,True,2024-06-04,meteorology_normal
True,0.0,True,0,True,2024-06-05,meteorology_normal
True,0.0,True,0,True,2024-06-06,meteorology_normal
True,0.0,True,0,True,2024-06-07,meteorology_normal
True,0.0,True,0,True,2024-06-08,meteorology_normal
True,0.0,True,0,True,2024-06-09,meteorology_normal
True,0.0,True,0,True,2024-06-10,meteorology_normal
True,0.0,True,0,True,2024-06-11,meteorology_normal
True,0.0,True,0,True,2024-06-12,meteorology_normal
True,0.0,True,0,True,2024-06-13,meteorology_normal
True,0.0,True,0,True,2024-06-14,meteorology_normal
True,0.0,True,0,True,2024-06-15,meteorology_normal
True,0.0,True,0,True,2024-06-16,meteorology_normal
True,0.0,True,0,True,2024-06-17,meteorology_normal
True,0.0,True,0,True,2024-06-18,meteorology_normal
True,0.0,True,0,True,2024-06-19,meteorology_normal
True,0.0,True,0,True,2024-06-20,meteorology_normal
True,0.0,True,0,True,2024-06-21,meteorology_normal
True,0.0,True,0,True,2024-06-22,meteorology_normal
True,0.0,True,0,True,2024-06-23,meteorology_normal
True,0.0,True,0,True,2024-06-24,meteorology_normal
True,0.0,True,0,True,2024-06-25,meteorology_normal
True,0.0,True,0,True,2024-06-26,meteorology_normal
True,0.0,True,0,True,2024-06-27,meteorology_normal
True,0.0,True,0,True,2024-06-28,meteorology_normal
True,0.0,True,0,True,2024-06-29,meteorology_normal
True,0.0,True,0,True,2024-06-30,meteorology_normal
True,0.0,True,0,True,2024-07-01,meteorology_normal
True,0.0,True,0,True,2024-07-02,meteorology_normal
True,0.0,True,0,True,2024-07-03,meteorology_normal
True,0.0,True,0,True,2024-07-04,meteorology_normal
True,0.0,True,0,True,2024-07-05,meteorology_normal
True,0.0,True,0,True,2024-07-06,meteorology_normal
True,0.0,True,0,True,2024-07-07,meteorology_normal
True,0.0,True,0,True,2024-07-08,meteorology_normal
True,0.0,True,0,True,2024-07-09,meteorology_normal
True,0.0,True,0,True,2024-07-10,meteorology_normal
True,0.0,True,0,True,2024-07-11,meteorology_normal
True,0.0,True,0,True,2024-07-12,meteorology_normal
True,0.0,True,0,True,2024-07-13,meteorology_normal
True,0.0,True,0,True,2024-07-14,meteorology_normal
True,0.0,True,0,True,2024-07-15,meteorology_normal
True,0.0,True,0,True,2024-07-16,meteorology_normal
True,0.0,True,0,True,2024-07-17,meteorology_normal
True,0.0,True,0,True,2024-07-18,meteorology_normal
True,0.0,True,0,True,2024-07-19,meteorology_normal
True,0.0,True,0,True,2024-07-20,meteorology_normal
True,0.0,True,0,True,2024-07-21,meteorology_normal
True,0.0,True,0,True,2024-07-22,meteorology_normal
True,0.0,True,0,True,2024-07-23,meteorology_normal
True,0.0,True,0,True,2024-07-24,meteorology_normal
True,0.0,True,0,True,2024-07-25,meteorology_normal
True,0.0,True,0,True,2024-07-26,meteorology_normal
True,0.0,True,0,True,2024-07-27,meteorology_normal
True,0.0,True,0,True,2024-07-28,meteorology_normal
True,0.0,True,0,True,2024-07-29,meteorology_normal
True,0.0,True,0,True,2024-07-30,meteorology_normal
True,0.0,True,0,True,2024-07-31,meteorology_normal
True,0.0,True,0,True,2024-08-01,meteorology_normal
True,0.0,True,0,True,2024-08-02,meteorology_normal
True,0.0,True,0,True,2024-08-03,meteorology_normal
True,0.0,True,0,True,2024-08-04,meteorology_normal
True,0.0,True,0,True,2024-08-05,meteorology_normal
True,0.0,True,0,True,2024-08-06,meteorology_normal
True,0.0,True,0,True,2024-08-07,meteorology_normal
True,0.0,True,0,True,2024-08-08,meteorology_normal
True,0.0,True,0,True,2024-08-09,meteorology_normal
True,0.0,True,0,True,2024-08-10,meteorology_normal
True,0.0,True,0,True,2024-08-11,meteorology_normal
True,0.0,True,0,True,2024-08-12,meteorology_normal
True,0.0,True,0,True,2024-08-13,meteorology_normal
True,0.0,True,0,True,2024-08-14,meteorology_normal
True,0.0,True,0,True,2024-08-15,meteorology_normal
True,0.0,True,0,True,2024-08-16,meteorology_normal
True,0.0,True,0,True,2024-08-17,meteorology_normal
True,0.0,True,0,True,2024-08-18,meteorology_normal
True,0.0,True,0,True,2024-08-19,meteorology_normal
True,0.0,True,0,True,2024-08-20,meteorology_normal
True,0.0,True,0,True,2024-08-21,meteorology_normal
True,0.0,True,0,True,2024-08-22,meteorology_normal
True,0.0,True,0,True,2024-08-23,meteorology_normal
True,0.0,True,0,True,2024-08-24,meteorology_normal
True,0.0,True,0,True,2024-08-25,meteorology_normal
True,0.0,True,0,True,2024-08-26,meteorology_normal
True,0.0,True,0,True,2024-08-27,meteorology_normal
True,0.0,True,0,True,2024-08-28,meteorology_normal
True,0.0,True,0,True,2024-08-29,meteorology_normal
True,0.0,True,0,True,2024-08-30,meteorology_normal
True,0.0,True,0,True,2024-08-31,meteorology_normal
True,0.0,True,0,True,2024-09-01,meteorology_normal
True,0.0,True,0,True,2024-09-02,meteorology_normal
True,0.0,True,0,True,2024-09-03,meteorology_normal
True,0.0,True,0,True,2024-09-04,meteorology_normal
True,0.0,True,0,True,2024-09-05,meteorology_normal
True,0.0,True,0,True,2024-09-06,meteorology_normal
True,0.0,True,0,True,2024-09-07,meteorology_normal
True,0.0,True,0,True,2024-09-08,meteorology_normal
True,0.0,True,0,True,2024-09-09,meteorology_normal
True,0.0,True,0,True,2024-09-10,meteorology_normal
True,0.0,True,0,True,2024-09-11,meteorology_normal
True,0.0,True,0,True,2024-09-12,meteorology_normal
True,0.0,True,0,True,2024-09-13,meteorology_normal
True,0.0,True,0,True,2024-09-14,meteorology_normal
True,0.0,True,0,True,2024-09-15,meteorology_normal
True,0.0,True,0,True,2024-09-16,meteorology_normal
True,0.0,True,0,True,2024-09-17,meteorology_normal
True,0.0,True,0,True,2024-09-18,meteorology_normal
True,0.0,True,0,True,2024-09-19,meteorology_normal
True,0.0,True,0,True,2024-09-20,meteorology_normal
True,0.0,True,0,True,2024-09-21,meteorology_normal
True,0.0,True,0,True,2024-09-22,meteorology_normal
True,0.0,True,0,True,2024-09-23,meteorology_normal
True,0.0,True,0,True,2024-09-24,meteorology_normal
True,0.0,True,0,True,2024-09-25,meteorology_normal
True,0.0,True,0,True,2024-09-26,meteorology_normal
True,0.0,True,0,True,2024-09-27,meteorology_normal
True,0.0,True,0,True,2024-09-28,meteorology_normal
True,0.0,True,0,True,2024-09-29,meteorology_normal
True,0.0,True,0,True,2024-09-30,meteorology_normal
True,0.0,True,0,True,2024-10-01,meteorology_normal
True,0.0,True,0,True,2024-10-02,meteorology_normal
True,0.0,True,0,True,2024-10-03,meteorology_normal
True,0.0,True,0,True,2024-10-04,meteorology_normal
True,0.0,True,0,True,2024-10-05,meteorology_normal
True,0.0,True,0,True,2024-10-06,meteorology_normal
True,0.0,True,0,True,2024-10-07,meteorology_normal
True,0.0,True,0,True,2024-10-08,meteorology_normal
True,0.0,True,0,True,2024-10-09,meteorology_normal
True,0.0,True,0,True,2024-10-10,meteorology_normal
True,0.0,True,0,True,2024-10-11,meteorology_normal
True,0.0,True,0,True,2024-10-12,meteorology_normal
True,0.0,True,0,True,2024-10-13,meteorology_normal
True,0.0,True,0,True,2024-10-14,meteorology_normal
True,0.0,True,0,True,2024-10-15,meteorology_normal
True,0.0,True,0,True,2024-10-16,meteorology_normal
True,0.0,True,0,True,2024-10-17,meteorology_normal
True,0.0,True,0,True,2024-10-18,meteorology_normal
True,0.0,True,0,True,2024-10-19,meteorology_normal
True,0.0,True,0,True,2024-10-20,meteorology_normal
True,0.0,True,0,True,2024-10-21,meteorology_normal
True,0.0,True,0,True,2024-10-22,meteorology_normal
True,0.0,True,0,True,2024-10-23,meteorology_normal
True,0.0,True,0,True,2024-10-24,meteorology_normal
True,0.0,True,0,True,2024-10-25,meteorology_normal
True,0.0,True,0,True,2024-10-26,meteorology_normal
True,0.0,True,0,True,2024-10-27,meteorology_normal
True,0.0,True,0,True,2024-10-28,meteorology_normal
True,0.0,True,0,True,2024-10-29,meteorology_normal
True,0.0,True,0,True,2024-10-30,meteorology_normal
True,0.0,True,0,True,2024-10-31,meteorology_normal
True,0.0,True,0,True,2024-11-01,meteorology_normal
True,0.0,True,0,True,2024-11-02,meteorology_normal
True,0.0,True,0,True,2024-11-03,meteorology_normal
True,0.0,True,0,True,2024-11-04,meteorology_normal
True,0.0,True,0,True,2024-11-05,meteorology_normal
True,0.0,True,0,True,2024-11-06,meteorology_normal
True,0.0,True,0,True,2024-11-07,meteorology_normal
True,0.0,True,0,True,2024-11-08,meteorology_normal
True,0.0,True,0,True,2024-11-09,meteorology_normal
True,0.0,True,0,True,2024-11-10,meteorology_normal
True,0.0,True,0,True,2024-11-11,meteorology_normal
True,0.0,True,0,True,2024-11-12,meteorology_normal
True,0.0,True,0,True,2024-11-13,meteorology_normal
True,0.0,True,0,True,2024-11-14,meteorology_normal
True,0.0,True,0,True,2024-11-15,meteorology_normal
True,0.0,True,0,True,2024-11-16,meteorology_normal
True,0.0,True,0,True,2024-11-17,meteorology_normal
True,0.0,True,0,True,2024-11-18,meteorology_normal
True,0.0,True,0,True,2024-11-19,meteorology_normal
True,0.0,True,0,True,2024-11-20,meteorology_normal
True,0.0,True,0,True,2024-11-21,meteorology_normal
True,0.0,True,0,True,2024-11-22,meteorology_normal
True,0.0,True,0,True,2024-11-23,meteorology_normal
True,0.0,True,0,True,2024-11-24,meteorology_normal
True,0.0,True,0,True,2024-11-25,meteorology_normal
True,0.0,True,0,True,2024-11-26,meteorology_normal
True,0.0,True,0,True,2024-11-27,meteorology_normal
True,0.0,True,0,True,2024-11-28,meteorology_normal
True,0.0,True,0,True,2024-11-29,meteorology_normal
True,0.0,True,0,True,2024-11-30,meteorology_normal
True,0.0,True,0,True,2024-12-01,meteorology_normal
True,0.0,True,0,True,2024-12-02,meteorology_normal
True,0.0,True,0,True,2024-12-03,meteorology_normal
True,0.0,True,0,True,2024-12-04,meteorology_normal
True,0.0,True,0,True,2024-12-05,meteorology_normal
True,0.0,True,0,True,2024-12-06,meteorology_normal
True,0.0,True,0,True,2024-12-07,meteorology_normal
True,0.0,True,0,True,2024-12-08,meteorology_normal
True,0.0,True,0,True,2024-12-09,meteorology_normal
True,0.0,True,0,True,2024-12-10,meteorology_normal
True,0.0,True,0,True,2024-12-11,meteorology_normal
True,0.0,True,0,True,2024-12-12,meteorology_normal
True,0.0,True,0,True,2024-12-13,meteorology_normal
True,0.0,True,0,True,2024-12-14,meteorology_normal
True,0.0,True,0,True,2024-12-15,meteorology_normal
True,0.0,True,0,True,2024-12-16,meteorology_normal
True,0.0,True,0,True,2024-12-17,meteorology_normal
True,0.0,True,0,True,2024-12-18,meteorology_normal
True,0.0,True,0,True,2024-12-19,meteorology_normal
True,0.0,True,0,True,2024-12-20,meteorology_normal
True,0.0,True,0,True,2024-12-21,meteorology_normal
True,0.0,True,0,True,2024-12-22,meteorology_normal
True,0.0,True,0,True,2024-12-23,meteorology_normal
True,0.0,True,0,True,2024-12-24,meteorology_normal
True,0.0,True,0,True,2024-12-25,meteorology_normal
True,0.0,True,0,True,2024-12-26,meteorology_normal
True,0.0,True,0,True,2024-12-27,meteorology_normal
True,0.0,True,0,True,2024-12-28,meteorology_normal
True,0.0,True,0,True,2024-12-29,meteorology_normal
True,0.0,True,0,True,2024-12-30,meteorology_normal
True,0.0,True,0,True,2024-12-31,meteorology_normal
False,43.65804597707442,True,0,False,2020-01-01,combined_biomass_wind
False,43.65804597707442,True,0,False,2020-01-02,combined_biomass_wind
False,64.16666666668061,True,0,False,2020-01-03,combined_biomass_wind
False,102.00000000001393,True,0,False,2020-01-04,combined_biomass_wind
False,134.00000000001396,True,0,False,2020-01-05,combined_biomass_wind
False,214.0000000000139,True,0,False,2020-01-06,combined_biomass_wind
False,165.0000000000139,True,0,False,2020-01-07,combined_biomass_wind
False,77.95238095269224,True,0,False,2020-01-08,combined_biomass_wind
False,75.80952380983507,True,0,False,2020-01-09,combined_biomass_wind
False,65.95238095269224,True,0,False,2020-01-10,combined_biomass_wind
False,37.981501831539376,True,0,False,2020-01-11,combined_biomass_wind
False,35.06938061941817,True,0,False,2020-01-12,combined_biomass_wind
False,31.95271395275151,True,0,False,2020-01-13,combined_biomass_wind
False,87.66666666668065,True,0,False,2020-01-14,combined_biomass_wind
False,63.666666666680584,True,0,False,2020-01-15,combined_biomass_wind
False,32.3928571428947,True,0,False,2020-01-16,combined_biomass_wind
False,28.52472527476283,True,0,False,2020-01-17,combined_biomass_wind
False,19.10482082488179,True,0,False,2020-01-18,combined_biomass_wind
False,19.329755465404666,True,0,False,2020-01-19,combined_biomass_wind
False,19.68283424077446,True,0,False,2020-01-20,combined_biomass_wind
False,21.89880952380978,True,0,False,2020-01-21,combined_biomass_wind
False,21.301666666666925,True,0,False,2020-01-22,combined_biomass_wind
False,19.793296760710668,True,0,False,2020-01-23,combined_biomass_wind
False,29.363333333333355,True,0,False,2020-01-24,combined_biomass_wind
False,19.428571428260142,True,0,False,2020-01-25,combined_biomass_wind
False,39.21333333333334,True,0,False,2020-01-26,combined_biomass_wind
False,33.71000000000008,True,0,False,2020-01-27,combined_biomass_wind
False,24.222527472489908,True,0,False,2020-01-28,combined_biomass_wind
False,21.475274725237163,True,0,False,2020-01-29,combined_biomass_wind
False,125.00000000001407,True,0,False,2020-01-30,combined_biomass_wind
False,50.00000000001411,True,0,False,2020-01-31,combined_biomass_wind
False,50.00000000001411,True,0,False,2020-02-01,combined_biomass_wind
False,22.14285714316842,True,0,False,2020-02-02,combined_biomass_wind
False,31.57142857173985,True,0,False,2020-02-03,combined_biomass_wind
False,18.476190476501763,True,0,False,2020-02-04,combined_biomass_wind
False,22.0,True,0,False,2020-02-05,combined_biomass_wind
False,17.999999999985945,True,0,False,2020-02-06,combined_biomass_wind
False,62.00000000001397,True,0,False,2020-02-07,combined_biomass_wind
False,85.00000000001397,True,0,False,2020-02-08,combined_biomass_wind
False,85.00000000001393,True,0,False,2020-02-09,combined_biomass_wind
False,94.00000000001396,True,0,False,2020-02-10,combined_biomass_wind
False,52.6666666666806,True,0,False,2020-02-11,combined_biomass_wind
False,142.66666666668067,True,0,False,2020-02-12,combined_biomass_wind
False,81.00000000001401,True,0,False,2020-02-13,combined_biomass_wind
False,82.66666666668065,True,0,False,2020-02-14,combined_biomass_wind
False,33.80952380983505,True,0,False,2020-02-15,combined_biomass_wind
False,32.9523809526922,True,0,False,2020-02-16,combined_biomass_wind
False,52.643333333333345,True,0,False,2020-02-17,combined_biomass_wind
False,19.33333333331932,True,0,False,2020-02-18,combined_biomass_wind
False,18.999999999985985,True,0,False,2020-02-19,combined_biomass_wind
False,28.85714285683161,True,0,False,2020-02-20,combined_biomass_wind
False,26.71428571397448,True,0,False,2020-02-21,combined_biomass_wind
False,28.42857142826021,True,0,False,2020-02-22,combined_biomass_wind
False,41.78333333333339,True,0,False,2020-02-23,combined_biomass_wind
False,36.666666666680655,True,0,False,2020-02-24,combined_biomass_wind
False,17.0,True,0,False,2020-02-25,combined_biomass_wind
False,27.666666666680612,True,0,False,2020-02-26,combined_biomass_wind
False,21.000000000013955,True,0,False,2020-02-27,combined_biomass_wind
False,13.952380952692323,True,0,False,2020-02-28,combined_biomass_wind
False,11.581666666666882,True,0,False,2020-02-29,combined_biomass_wind
False,16.33333333331951,True,0,False,2020-03-01,combined_biomass_wind
False,12.019230769268319,True,0,False,2020-03-02,combined_biomass_wind
False,23.89000000000014,True,0,False,2020-03-03,combined_biomass_wind
False,11.999999999986045,True,0,False,2020-03-04,combined_biomass_wind
False,13.0,True,0,False,2020-03-05,combined_biomass_wind
False,58.01000000000012,True,0,False,2020-03-06,combined_biomass_wind
False,114.00000000001393,True,0,False,2020-03-07,combined_biomass_wind
False,114.00000000001393,True,0,False,2020-03-08,combined_biomass_wind
False,40.66666666668064,True,0,False,2020-03-09,combined_biomass_wind
False,30.33333333364468,True,0,False,2020-03-10,combined_biomass_wind
False,80.0000000000139,True,0,False,2020-03-11,combined_biomass_wind
False,45.23809523840662,True,0,False,2020-03-12,combined_biomass_wind
False,28.666666666680534,True,0,False,2020-03-13,combined_biomass_wind
False,16.634615384652946,True,0,False,2020-03-14,combined_biomass_wind
False,15.956666666666589,True,0,False,2020-03-15,combined_biomass_wind
False,24.950000000000113,True,0,False,2020-03-16,combined_biomass_wind
False,21.000000000013898,True,0,False,2020-03-17,combined_biomass_wind
False,16.000000000013884,True,0,False,2020-03-18,combined_biomass_wind
False,15.956666666666523,True,0,False,2020-03-19,combined_biomass_wind
False,56.000000000013955,True,0,False,2020-03-20,combined_biomass_wind
False,81.00000000001396,True,0,False,2020-03-21,combined_biomass_wind
False,91.66666666668061,True,0,False,2020-03-22,combined_biomass_wind
False,31.666666666680577,True,0,False,2020-03-23,combined_biomass_wind
False,15.132142857143076,True,0,False,2020-03-24,combined_biomass_wind
False,14.865000000000222,True,0,False,2020-03-25,combined_biomass_wind
False,28.040000000000145,True,0,False,2020-03-26,combined_biomass_wind
False,17.00000000001389,True,0,False,2020-03-27,combined_biomass_wind
False,19.95238095269236,True,0,False,2020-03-28,combined_biomass_wind
False,25.952380952692394,True,0,False,2020-03-29,combined_biomass_wind
False,15.95329670333431,True,0,False,2020-03-30,combined_biomass_wind
False,12.991758241795836,True,0,False,2020-03-31,combined_biomass_wind
False,17.78547619047641,True,0,False,2020-04-01,combined_biomass_wind
False,3941.000000000014,True,0,False,2020-04-02,combined_biomass_wind
False,9445.000000000013,True,0,False,2020-04-03,combined_biomass_wind
False,6737.2380952384065,True,0,False,2020-04-04,combined_biomass_wind
False,5928.285714286025,True,0,False,2020-04-05,combined_biomass_wind
False,4993.285714286025,True,0,False,2020-04-06,combined_biomass_wind
False,4772.21703296707,True,0,False,2020-04-07,combined_biomass_wind
False,5215.585164835202,True,0,False,2020-04-08,combined_biomass_wind
False,4873.255494505531,True,0,False,2020-04-09,combined_biomass_wind
False,4563.892857142894,True,0,False,2020-04-10,combined_biomass_wind
False,4335.057692307729,True,0,False,2020-04-11,combined_biomass_wind
False,4028.2005494505856,True,0,False,2020-04-12,combined_biomass_wind
False,4108.038505747062,True,0,False,2020-04-13,combined_biomass_wind
False,4186.504022988441,True,0,False,2020-04-14,combined_biomass_wind
False,4368.251149425222,True,0,False,2020-04-15,combined_biomass_wind
False,4427.14770114936,True,0,False,2020-04-16,combined_biomass_wind
False,4455.123563218325,True,0,False,2020-04-17,combined_biomass_wind
False,4352.337356321773,True,0,False,2020-04-18,combined_biomass_wind
False,4620.755747126371,True,0,False,2020-04-19,combined_biomass_wind
False,4603.541954022921,True,0,False,2020-04-20,combined_biomass_wind
False,4431.289080459703,True,0,False,2020-04-21,combined_biomass_wind
False,4256.940804597634,True,0,False,2020-04-22,combined_biomass_wind
False,4279.037356321771,True,0,False,2020-04-23,combined_biomass_wind
False,4036.364942528668,True,0,False,2020-04-24,combined_biomass_wind
False,3724.1994252872887,True,0,False,2020-04-25,combined_biomass_wind
False,3428.3201149424603,True,0,False,2020-04-26,combined_biomass_wind
False,3006.02011494246,True,0,False,2020-04-27,combined_biomass_wind
False,2687.5143678160225,True,0,False,2020-04-28,combined_biomass_wind
False,2249.9614942528037,True,0,False,2020-04-29,combined_biomass_wind
False,1794.485632183838,True,0,False,2020-04-30,combined_biomass_wind
False,1398.4423076923435,True,0,False,2020-05-01,combined_biomass_wind
False,1353.2939560439918,True,0,False,2020-05-02,combined_biomass_wind
False,1196.8379120879474,True,0,False,2020-05-03,combined_biomass_wind
False,1876.0000000000155,True,0,False,2020-05-04,combined_biomass_wind
False,1986.0000000000161,True,0,False,2020-05-05,combined_biomass_wind
False,1420.8543956044307,True,0,False,2020-05-06,combined_biomass_wind
False,1222.722527472563,True,0,False,2020-05-07,combined_biomass_wind
False,1231.7442528734919,True,0,False,2020-05-08,combined_biomass_wind
False,1570.0000000000123,True,0,False,2020-05-09,combined_biomass_wind
False,1525.000000000012,True,0,False,2020-05-10,combined_biomass_wind
False,1510.0000000000136,True,0,False,2020-05-11,combined_biomass_wind
False,1000.3833333332616,True,0,False,2020-05-12,combined_biomass_wind
False,1002.9442528734917,True,0,False,2020-05-13,combined_biomass_wind
False,1008.1304597700432,True,0,False,2020-05-14,combined_biomass_wind
False,1105.0000000000143,True,0,False,2020-05-15,combined_biomass_wind
False,1380.0000000000146,True,0,False,2020-05-16,combined_biomass_wind
False,1276.6666666666808,True,0,False,2020-05-17,combined_biomass_wind
False,1154.2270114941807,True,0,False,2020-05-18,combined_biomass_wind
False,1154.000000000016,True,0,False,2020-05-19,combined_biomass_wind
False,5102.000000000012,True,0,False,2020-05-20,combined_biomass_wind
False,8136.000000000012,True,0,False,2020-05-21,combined_biomass_wind
False,8816.000000000011,True,0,False,2020-05-22,combined_biomass_wind
False,5626.000000000014,True,0,False,2020-05-23,combined_biomass_wind
False,3751.8095238098394,True,0,False,2020-05-24,combined_biomass_wind
False,3902.9523809526995,True,0,False,2020-05-25,combined_biomass_wind
False,3908.6666666669853,True,0,False,2020-05-26,combined_biomass_wind
False,3112.2380952384124,True,0,False,2020-05-27,combined_biomass_wind
False,2436.5302197802566,True,0,False,2020-05-28,combined_biomass_wind
False,2406.024725274762,True,0,False,2020-05-29,combined_biomass_wind
False,2302.063186813225,True,0,False,2020-05-30,combined_biomass_wind
False,2274.1730769231144,True,0,False,2020-05-31,combined_biomass_wind
False,2234.00000000001,True,0,False,2020-06-01,combined_biomass_wind
False,3224.0000000000055,True,0,False,2020-06-02,combined_biomass_wind
False,3232.1785714286107,True,0,False,2020-06-03,combined_biomass_wind
False,3172.9523809527045,True,0,False,2020-06-04,combined_biomass_wind
False,3264.952380952706,True,0,False,2020-06-05,combined_biomass_wind
False,3108.7385057470597,True,0,False,2020-06-06,combined_biomass_wind
False,3400.3925287355655,True,0,False,2020-06-07,combined_biomass_wind
False,3674.3419540229224,True,0,False,2020-06-08,combined_biomass_wind
False,3854.5718390803945,True,0,False,2020-06-09,combined_biomass_wind
False,3962.8350574711994,True,0,False,2020-06-10,combined_biomass_wind
False,4163.340804597636,True,0,False,2020-06-11,combined_biomass_wind
False,4199.892528735568,True,0,False,2020-06-12,combined_biomass_wind
False,4155.97873563212,True,0,False,2020-06-13,combined_biomass_wind
False,4284.199425287293,True,0,False,2020-06-14,combined_biomass_wind
False,4059.095977011432,True,0,False,2020-06-15,combined_biomass_wind
False,3995.6304597700537,True,0,False,2020-06-16,combined_biomass_wind
False,3538.113218390744,True,0,False,2020-06-17,combined_biomass_wind
False,3445.3580459769514,True,0,False,2020-06-18,combined_biomass_wind
False,3483.6856321838486,True,0,False,2020-06-19,combined_biomass_wind
False,2449.289080459712,True,0,False,2020-06-20,combined_biomass_wind
False,2416.099425287299,True,0,False,2020-06-21,combined_biomass_wind
False,2312.9442528735062,True,0,False,2020-06-22,combined_biomass_wind
False,1847.486781609139,True,0,False,2020-06-23,combined_biomass_wind
False,1859.4097701148864,True,0,False,2020-06-24,combined_biomass_wind
False,1709.6166666666109,True,0,False,2020-06-25,combined_biomass_wind
False,1446.4902298850022,True,0,False,2020-06-26,combined_biomass_wind
False,1192.364942528681,True,0,False,2020-06-27,combined_biomass_wind
False,978.2545977010952,True,0,False,2020-06-28,combined_biomass_wind
False,446.1591954022455,True,0,False,2020-06-29,combined_biomass_wind
False,52.737356321786336,True,0,False,2020-06-30,combined_biomass_wind
False,37.66666666699549,True,0,False,2020-07-01,combined_biomass_wind
False,25.35690476190463,True,0,False,2020-07-02,combined_biomass_wind
False,106.00000000000013,True,0,False,2020-07-03,combined_biomass_wind
False,36.666666666667155,True,0,False,2020-07-04,combined_biomass_wind
False,30.00000000000051,True,0,False,2020-07-05,combined_biomass_wind
False,25.000000000328846,True,0,False,2020-07-06,combined_biomass_wind
False,31.904761905090815,True,0,False,2020-07-07,combined_biomass_wind
False,55.9047619050909,True,0,False,2020-07-08,combined_biomass_wind
False,63.14285714318624,True,0,False,2020-07-09,combined_biomass_wind
False,14.222527472575088,True,0,False,2020-07-10,combined_biomass_wind
False,61.99999999999976,True,0,False,2020-07-11,combined_biomass_wind
False,31.666666666666615,True,0,False,2020-07-12,combined_biomass_wind
False,44.47619047651961,True,0,False,2020-07-13,combined_biomass_wind
False,60.4761904765194,True,0,False,2020-07-14,combined_biomass_wind
False,31.40934065938808,True,0,False,2020-07-15,combined_biomass_wind
False,31.31593406598148,True,0,False,2020-07-16,combined_biomass_wind
False,39.99999999999975,True,0,False,2020-07-17,combined_biomass_wind
False,53.9999999999998,True,0,False,2020-07-18,combined_biomass_wind
False,81.99999999999997,True,0,False,2020-07-19,combined_biomass_wind
False,40.66666666666676,True,0,False,2020-07-20,combined_biomass_wind
False,28.66666666666658,True,0,False,2020-07-21,combined_biomass_wind
False,21.999999999999893,True,0,False,2020-07-22,combined_biomass_wind
False,18.214450549450405,True,0,False,2020-07-23,combined_biomass_wind
False,22.666666666666572,True,0,False,2020-07-24,combined_biomass_wind
False,14.103076923076795,True,0,False,2020-07-25,combined_biomass_wind
False,15.075604395604273,True,0,False,2020-07-26,combined_biomass_wind
False,31.99999999999966,True,0,False,2020-07-27,combined_biomass_wind
False,28.666666666666295,True,0,False,2020-07-28,combined_biomass_wind
False,28.66666666666587,True,0,False,2020-07-29,combined_biomass_wind
False,21.999999999999325,True,0,False,2020-07-30,combined_biomass_wind
False,84.99999999999952,True,0,False,2020-07-31,combined_biomass_wind
False,29.999999999999815,True,0,False,2020-08-01,combined_biomass_wind
False,20.238095238424428,True,0,False,2020-08-02,combined_biomass_wind
False,13.809523809852962,True,0,False,2020-08-03,combined_biomass_wind
False,19.999999999999524,True,0,False,2020-08-04,combined_biomass_wind
False,20.000000000000803,True,0,False,2020-08-05,combined_biomass_wind
False,49.999999999999574,True,0,False,2020-08-06,combined_biomass_wind
False,111.67999999999996,True,0,False,2020-08-07,combined_biomass_wind
False,56.08452380952372,True,0,False,2020-08-08,combined_biomass_wind
False,148.68333333333328,True,0,False,2020-08-09,combined_biomass_wind
False,66.00333333333323,True,0,False,2020-08-10,combined_biomass_wind
False,60.04166666666658,True,0,False,2020-08-11,combined_biomass_wind
False,60.04166666666658,True,0,False,2020-08-12,combined_biomass_wind
False,60.65690476190468,True,0,False,2020-08-13,combined_biomass_wind
False,25.689230769230882,True,0,False,2020-08-14,combined_biomass_wind
False,23.682032967033102,True,0,False,2020-08-15,combined_biomass_wind
False,19.06269230769245,True,0,False,2020-08-16,combined_biomass_wind
False,19.363076923077067,True,0,False,2020-08-17,combined_biomass_wind
False,19.68093406593421,True,0,False,2020-08-18,combined_biomass_wind
False,20.561538461538603,True,0,False,2020-08-19,combined_biomass_wind
False,33.99999999999974,True,0,False,2020-08-20,combined_biomass_wind
False,28.666666666666295,True,0,False,2020-08-21,combined_biomass_wind
False,15.381758241758186,True,0,False,2020-08-22,combined_biomass_wind
False,20.543333333333305,True,0,False,2020-08-23,combined_biomass_wind
False,22.738809523809437,True,0,False,2020-08-24,combined_biomass_wind
False,32.00000000000019,True,0,False,2020-08-25,combined_biomass_wind
False,22.000000000000362,True,0,False,2020-08-26,combined_biomass_wind
False,16.310000000000013,True,0,False,2020-08-27,combined_biomass_wind
False,13.99999999999983,True,0,False,2020-08-28,combined_biomass_wind
False,17.816666666666663,True,0,False,2020-08-29,combined_biomass_wind
False,18.0,True,0,False,2020-08-30,combined_biomass_wind
False,114.00000000000014,True,0,False,2020-08-31,combined_biomass_wind
False,112.6666666666668,True,0,False,2020-09-01,combined_biomass_wind
False,61.400000000000034,True,0,False,2020-09-02,combined_biomass_wind
False,22.367857142857098,True,0,False,2020-09-03,combined_biomass_wind
False,19.801190476190406,True,0,False,2020-09-04,combined_biomass_wind
False,24.23809523842381,True,0,False,2020-09-05,combined_biomass_wind
False,26.804999999999936,True,0,False,2020-09-06,combined_biomass_wind
False,17.190476190147674,True,0,False,2020-09-07,combined_biomass_wind
False,116.99999999999963,True,0,False,2020-09-08,combined_biomass_wind
False,116.99999999999963,True,0,False,2020-09-09,combined_biomass_wind
False,100.99999999999957,True,0,False,2020-09-10,combined_biomass_wind
False,48.90476190509036,True,0,False,2020-09-11,combined_biomass_wind
False,45.5714285717572,True,0,False,2020-09-12,combined_biomass_wind
False,62.238095238423675,True,0,False,2020-09-13,combined_biomass_wind
False,62.6190476193762,True,0,False,2020-09-14,combined_biomass_wind
False,50.00000000000013,True,0,False,2020-09-15,combined_biomass_wind
False,29.666666666995212,True,0,False,2020-09-16,combined_biomass_wind
False,29.285714286042904,True,0,False,2020-09-17,combined_biomass_wind
False,18.66208791213498,True,0,False,2020-09-18,combined_biomass_wind
False,17.333333333333307,True,0,False,2020-09-19,combined_biomass_wind
False,19.7619047615757,True,0,False,2020-09-20,combined_biomass_wind
False,45.00000000000006,True,0,False,2020-09-21,combined_biomass_wind
False,55.666666666666615,True,0,False,2020-09-22,combined_biomass_wind
False,76.66666666666653,True,0,False,2020-09-23,combined_biomass_wind
False,17.53670329670318,True,0,False,2020-09-24,combined_biomass_wind
False,17.1111904761905,True,0,False,2020-09-25,combined_biomass_wind
False,16.0,True,0,False,2020-09-26,combined_biomass_wind
False,36.66666666666637,True,0,False,2020-09-27,combined_biomass_wind
False,16.656428571428417,True,0,False,2020-09-28,combined_biomass_wind
False,17.091153846153677,True,0,False,2020-09-29,combined_biomass_wind
False,15.32791208791191,True,0,False,2020-09-30,combined_biomass_wind
False,17.42666666666659,True,0,False,2020-10-01,combined_biomass_wind
False,25.999999999999723,True,0,False,2020-10-02,combined_biomass_wind
False,31.999999999999986,True,0,False,2020-10-03,combined_biomass_wind
False,27.666666666666615,True,0,False,2020-10-04,combined_biomass_wind
False,27.666666666666615,True,0,False,2020-10-05,combined_biomass_wind
False,55.99999999999946,True,0,False,2020-10-06,combined_biomass_wind
False,21.952380952710143,True,0,False,2020-10-07,combined_biomass_wind
False,76.66666666666617,True,0,False,2020-10-08,combined_biomass_wind
False,103.66666666666607,True,0,False,2020-10-09,combined_biomass_wind
False,121.99999999999972,True,0,False,2020-10-10,combined_biomass_wind
False,93.99999999999959,True,0,False,2020-10-11,combined_biomass_wind
False,44.57142857175773,True,0,False,2020-10-12,combined_biomass_wind
False,40.66666666666636,True,0,False,2020-10-13,combined_biomass_wind
False,36.99999999999966,True,0,False,2020-10-14,combined_biomass_wind
False,71.99999999999982,True,0,False,2020-10-15,combined_biomass_wind
False,44522.00000000001,True,0,False,2020-10-16,combined_biomass_wind
False,34874.00000000001,True,0,False,2020-10-17,combined_biomass_wind
False,38915.476190476504,True,0,False,2020-10-18,combined_biomass_wind
False,35942.904761905076,True,0,False,2020-10-19,combined_biomass_wind
False,38216.00000000001,True,0,False,2020-10-20,combined_biomass_wind
False,64752.00000000001,True,0,False,2020-10-21,combined_biomass_wind
False,71057.00000000001,True,0,False,2020-10-22,combined_biomass_wind
False,89332.0,True,0,False,2020-10-23,combined_biomass_wind
False,130966.0,True,0,False,2020-10-24,combined_biomass_wind
False,114772.66666666669,True,0,False,2020-10-25,combined_biomass_wind
False,63962.904761905076,True,0,False,2020-10-26,combined_biomass_wind
False,61569.61904761936,True,0,False,2020-10-27,combined_biomass_wind
False,51352.00000000029,True,0,False,2020-10-28,combined_biomass_wind
False,55719.14285714315,True,0,False,2020-10-29,combined_biomass_wind
False,42237.43131868131,True,0,False,2020-10-30,combined_biomass_wind
False,107810.0,True,0,False,2020-10-31,combined_biomass_wind
False,57479.999999999985,True,0,False,2020-11-01,combined_biomass_wind
False,61872.904761905076,True,0,False,2020-11-02,combined_biomass_wind
False,54272.23809523841,True,0,False,2020-11-03,combined_biomass_wind
False,53332.70977011483,True,0,False,2020-11-04,combined_biomass_wind
False,57271.785632183804,True,0,False,2020-11-05,combined_biomass_wind
False,69082.66666666666,True,0,False,2020-11-06,combined_biomass_wind
False,115198.66666666664,True,0,False,2020-11-07,combined_biomass_wind
False,105550.66666666664,True,0,False,2020-11-08,combined_biomass_wind
False,60011.358045976885,True,0,False,2020-11-09,combined_biomass_wind
False,57851.40057471252,True,0,False,2020-11-10,combined_biomass_wind
False,57940.23809523845,True,0,False,2020-11-11,combined_biomass_wind
False,66799.66666666699,True,0,False,2020-11-12,combined_biomass_wind
False,70432.14285714318,True,0,False,2020-11-13,combined_biomass_wind
False,49832.75574712629,True,0,False,2020-11-14,combined_biomass_wind
False,49785.313218390664,True,0,False,2020-11-15,combined_biomass_wind
False,50536.83241758241,True,0,False,2020-11-16,combined_biomass_wind
False,58071.99999999998,True,0,False,2020-11-17,combined_biomass_wind
False,70300.66666666666,True,0,False,2020-11-18,combined_biomass_wind
False,50123.74425287341,True,0,False,2020-11-19,combined_biomass_wind
False,48194.66494252859,True,0,False,2020-11-20,combined_biomass_wind
False,51195.92356321824,True,0,False,2020-11-21,combined_biomass_wind
False,95256.66666666664,True,0,False,2020-11-22,combined_biomass_wind
False,94956.0,True,0,False,2020-11-23,combined_biomass_wind
False,45790.061494252725,True,0,False,2020-11-24,combined_biomass_wind
False,68742.66666666663,True,0,False,2020-11-25,combined_biomass_wind
False,60209.28571428613,True,0,False,2020-11-26,combined_biomass_wind
False,153367.66666666663,True,0,False,2020-11-27,combined_biomass_wind
False,102112.66666666673,True,0,False,2020-11-28,combined_biomass_wind
False,92295.90476190503,True,0,False,2020-11-29,combined_biomass_wind
False,102532.90476190498,True,0,False,2020-11-30,combined_biomass_wind
False,109618.61904761927,True,0,False,2020-12-01,combined_biomass_wind
False,75801.7554945055,True,0,False,2020-12-02,combined_biomass_wind
False,79381.71153846155,True,0,False,2020-12-03,combined_biomass_wind
False,81344.94780219781,True,0,False,2020-12-04,combined_biomass_wind
False,63517.40402298839,True,0,False,2020-12-05,combined_biomass_wind
False,65208.80287356311,True,0,False,2020-12-06,combined_biomass_wind
False,61635.79945054944,True,0,False,2020-12-07,combined_biomass_wind
False,59984.876373626365,True,0,False,2020-12-08,combined_biomass_wind
False,54990.49022988497,True,0,False,2020-12-09,combined_biomass_wind
False,56125.83735632174,True,0,False,2020-12-10,combined_biomass_wind
False,52248.917816091875,True,0,False,2020-12-11,combined_biomass_wind
False,52974.96839080452,True,0,False,2020-12-12,combined_biomass_wind
False,53606.24540229877,True,0,False,2020-12-13,combined_biomass_wind
False,53734.04770114936,True,0,False,2020-12-14,combined_biomass_wind
False,53494.53045977005,True,0,False,2020-12-15,combined_biomass_wind
False,54019.63045977006,True,0,False,2020-12-16,combined_biomass_wind
False,47662.444252873516,True,0,False,2020-12-17,combined_biomass_wind
False,48159.624712643636,True,0,False,2020-12-18,combined_biomass_wind
False,47675.84080459766,True,0,False,2020-12-19,combined_biomass_wind
False,46085.65804597698,True,0,False,2020-12-20,combined_biomass_wind
False,33511.06494252871,True,0,False,2020-12-21,combined_biomass_wind
False,33677.566091953995,True,0,False,2020-12-22,combined_biomass_wind
False,30991.2028735632,True,0,False,2020-12-23,combined_biomass_wind
False,29128.527011494247,True,0,False,2020-12-24,combined_biomass_wind
False,10481.427011494248,True,0,False,2020-12-25,combined_biomass_wind
False,44.00000000012028,True,0,False,2020-12-26,combined_biomass_wind
False,49.000000000119954,True,0,False,2020-12-27,combined_biomass_wind
False,15.77805747126457,True,0,False,2020-12-28,combined_biomass_wind
False,15.792114942528938,True,0,False,2020-12-29,combined_biomass_wind
False,19.33333333321633,True,0,False,2020-12-30,combined_biomass_wind
False,29.95238095244234,True,0,False,2020-12-31,combined_biomass_wind
False,16.33333333326984,True,0,False,2021-01-01,combined_biomass_wind
False,15.523809523746149,True,0,False,2021-01-02,combined_biomass_wind
False,21.99999999993569,True,0,False,2021-01-03,combined_biomass_wind
False,36.7833333333334,True,0,False,2021-01-04,combined_biomass_wind
False,14.68333333333334,True,0,False,2021-01-05,combined_biomass_wind
False,14.0,True,0,False,2021-01-06,combined_biomass_wind
False,60.66666666678641,True,0,False,2021-01-07,combined_biomass_wind
False,61.000000000119854,True,0,False,2021-01-08,combined_biomass_wind
False,129.00000000011914,True,0,False,2021-01-09,combined_biomass_wind
False,65.0000000001164,True,0,False,2021-01-10,combined_biomass_wind
False,45.28571428577498,True,0,False,2021-01-11,combined_biomass_wind
False,41.619047619109146,True,0,False,2021-01-12,combined_biomass_wind
False,42.904761904822344,True,0,False,2021-01-13,combined_biomass_wind
False,14.050000000000026,True,0,False,2021-01-14,combined_biomass_wind
False,36.00000000011978,True,0,False,2021-01-15,combined_biomass_wind
False,72.66666666678532,True,0,False,2021-01-16,combined_biomass_wind
False,72.6666666667867,True,0,False,2021-01-17,combined_biomass_wind
False,36.000000000118774,True,0,False,2021-01-18,combined_biomass_wind
False,20.70054945053785,True,0,False,2021-01-19,combined_biomass_wind
False,38.00000000011809,True,0,False,2021-01-20,combined_biomass_wind
False,96.66666666678601,True,0,False,2021-01-21,combined_biomass_wind
False,104.00000000011809,True,0,False,2021-01-22,combined_biomass_wind
False,66.00000000012025,True,0,False,2021-01-23,combined_biomass_wind
False,46.00000000011855,True,0,False,2021-01-24,combined_biomass_wind
False,36.00000000011876,True,0,False,2021-01-25,combined_biomass_wind
False,29.142857142916625,True,0,False,2021-01-26,combined_biomass_wind
False,16.88791208791193,True,0,False,2021-01-27,combined_biomass_wind
False,16.967197802197642,True,0,False,2021-01-28,combined_biomass_wind
False,18.141190476190467,True,0,False,2021-01-29,combined_biomass_wind
False,19.428571428511823,True,0,False,2021-01-30,combined_biomass_wind
False,20.190476190417534,True,0,False,2021-01-31,combined_biomass_wind
False,17.850549450549284,True,0,False,2021-02-01,combined_biomass_wind
False,24.00000000011886,True,0,False,2021-02-02,combined_biomass_wind
False,24.000000000117673,True,0,False,2021-02-03,combined_biomass_wind
False,20.000000000119094,True,0,False,2021-02-04,combined_biomass_wind
False,16.86285714285698,True,0,False,2021-02-05,combined_biomass_wind
False,20.59615384616544,True,0,False,2021-02-06,combined_biomass_wind
False,19.167582417594016,True,0,False,2021-02-07,combined_biomass_wind
False,20.568681318692917,True,0,False,2021-02-08,combined_biomass_wind
False,20.568681318692917,True,0,False,2021-02-09,combined_biomass_wind
False,18.32692307693468,True,0,False,2021-02-10,combined_biomass_wind
False,21.00000000011707,True,0,False,2021-02-11,combined_biomass_wind
False,17.18757471264388,True,0,False,2021-02-12,combined_biomass_wind
False,17.856666666666484,True,0,False,2021-02-13,combined_biomass_wind
False,18.069999999999826,True,0,False,2021-02-14,combined_biomass_wind
False,21.91499999999989,True,0,False,2021-02-15,combined_biomass_wind
False,25.76190476184106,True,0,False,2021-02-16,combined_biomass_wind
False,26.190476190412838,True,0,False,2021-02-17,combined_biomass_wind
False,29.333333333270684,True,0,False,2021-02-18,combined_biomass_wind
False,28.857142857080326,True,0,False,2021-02-19,combined_biomass_wind
False,30.380952380889383,True,0,False,2021-02-20,combined_biomass_wind
False,30.380952380889383,True,0,False,2021-02-21,combined_biomass_wind
False,28.090659340670904,True,0,False,2021-02-22,combined_biomass_wind
False,22.000000000119428,True,0,False,2021-02-23,combined_biomass_wind
False,22.007471264364394,True,0,False,2021-02-24,combined_biomass_wind
False,20.866091954019534,True,0,False,2021-02-25,combined_biomass_wind
False,96.66666666678421,True,0,False,2021-02-26,combined_biomass_wind
False,90.66666666678385,True,0,False,2021-02-27,combined_biomass_wind
False,149.00000000011778,True,0,False,2021-02-28,combined_biomass_wind
False,94.00000000011838,True,0,False,2021-03-01,combined_biomass_wind
False,90.66666666678529,True,0,False,2021-03-02,combined_biomass_wind
False,44.000000000060986,True,0,False,2021-03-03,combined_biomass_wind
False,31.571428571490607,True,0,False,2021-03-04,combined_biomass_wind
False,39.06333333333332,True,0,False,2021-03-05,combined_biomass_wind
False,28.18333333333334,True,0,False,2021-03-06,combined_biomass_wind
False,27.550000000000015,True,0,False,2021-03-07,combined_biomass_wind
False,15.096153846142258,True,0,False,2021-03-08,combined_biomass_wind
False,19.99999999987863,True,0,False,2021-03-09,combined_biomass_wind
False,82.00000000011923,True,0,False,2021-03-10,combined_biomass_wind
False,58.66666666678529,True,0,False,2021-03-11,combined_biomass_wind
False,24.00000000011768,True,0,False,2021-03-12,combined_biomass_wind
False,15.999999999881133,True,0,False,2021-03-13,combined_biomass_wind
False,11.0,True,0,False,2021-03-14,combined_biomass_wind
False,12.619047619104983,True,0,False,2021-03-15,combined_biomass_wind
False,36.000000000120295,True,0,False,2021-03-16,combined_biomass_wind
False,22.666666666786362,True,0,False,2021-03-17,combined_biomass_wind
False,11.27976190476185,True,0,False,2021-03-18,combined_biomass_wind
False,13.999761904761895,True,0,False,2021-03-19,combined_biomass_wind
False,17.999999999883272,True,0,False,2021-03-20,combined_biomass_wind
False,16.306666666666672,True,0,False,2021-03-21,combined_biomass_wind
False,16.523809523747797,True,0,False,2021-03-22,combined_biomass_wind
False,17.266666666666783,True,0,False,2021-03-23,combined_biomass_wind
False,16.76190476184315,True,0,False,2021-03-24,combined_biomass_wind
False,52.666666666787066,True,0,False,2021-03-25,combined_biomass_wind
False,54.00000000012028,True,0,False,2021-03-26,combined_biomass_wind
False,112.00000000011957,True,0,False,2021-03-27,combined_biomass_wind
False,42.4761904762508,True,0,False,2021-03-28,combined_biomass_wind
False,189.00000000011806,True,0,False,2021-03-29,combined_biomass_wind
False,189.00000000011806,True,0,False,2021-03-30,combined_biomass_wind
False,167.9433333333333,True,0,False,2021-03-31,combined_biomass_wind
False,104.3599999999997,True,0,False,2021-04-01,combined_biomass_wind
False,4672.666666666771,True,0,False,2021-04-02,combined_biomass_wind
False,4602.000000000091,True,0,False,2021-04-03,combined_biomass_wind
False,5335.476190476297,True,0,False,2021-04-04,combined_biomass_wind
False,4752.6190476191705,True,0,False,2021-04-05,combined_biomass_wind
False,3892.4761904763245,True,0,False,2021-04-06,combined_biomass_wind
False,4822.376373626363,True,0,False,2021-04-07,combined_biomass_wind
False,4815.008241758232,True,0,False,2021-04-08,combined_biomass_wind
False,4485.5851648351545,True,0,False,2021-04-09,combined_biomass_wind
False,5262.370879120869,True,0,False,2021-04-10,combined_biomass_wind
False,4905.9148351648255,True,0,False,2021-04-11,combined_biomass_wind
False,5096.000000000071,True,0,False,2021-04-12,combined_biomass_wind
False,4602.835057471246,True,0,False,2021-04-13,combined_biomass_wind
False,4496.07643678159,True,0,False,2021-04-14,combined_biomass_wind
False,4510.985632183886,True,0,False,2021-04-15,combined_biomass_wind
False,4381.478735632161,True,0,False,2021-04-16,combined_biomass_wind
False,4572.645402298826,True,0,False,2021-04-17,combined_biomass_wind
False,4614.52126436779,True,0,False,2021-04-18,combined_biomass_wind
False,4461.128160919513,True,0,False,2021-04-19,combined_biomass_wind
False,4432.527011494223,True,0,False,2021-04-20,combined_biomass_wind
False,4280.337356321808,True,0,False,2021-04-21,combined_biomass_wind
False,4045.66264367813,True,0,False,2021-04-22,combined_biomass_wind
False,3997.8408045976676,True,0,False,2021-04-23,combined_biomass_wind
False,3643.768390804563,True,0,False,2021-04-24,combined_biomass_wind
False,3334.0304597700783,True,0,False,2021-04-25,combined_biomass_wind
False,3147.4270114942146,True,0,False,2021-04-26,combined_biomass_wind
False,2959.399425287316,True,0,False,2021-04-27,combined_biomass_wind
False,2493.5477011493826,True,0,False,2021-04-28,combined_biomass_wind
False,2134.93505747122,True,0,False,2021-04-29,combined_biomass_wind
False,1758.6408045976546,True,0,False,2021-04-30,combined_biomass_wind
False,1321.3379120879015,True,0,False,2021-05-01,combined_biomass_wind
False,1318.5959770114453,True,0,False,2021-05-02,combined_biomass_wind
False,1319.5097701148934,True,0,False,2021-05-03,combined_biomass_wind
False,1274.4442528735146,True,0,False,2021-05-04,combined_biomass_wind
False,1325.2660919539753,True,0,False,2021-05-05,combined_biomass_wind
False,1291.2718390804114,True,0,False,2021-05-06,combined_biomass_wind
False,1239.2718390804125,True,0,False,2021-05-07,combined_biomass_wind
False,1291.5385057470799,True,0,False,2021-05-08,combined_biomass_wind
False,1413.1477011493794,True,0,False,2021-05-09,combined_biomass_wind
False,1350.666666666754,True,0,False,2021-05-10,combined_biomass_wind
False,1518.6666666667484,True,0,False,2021-05-11,combined_biomass_wind
False,1564.0000000000819,True,0,False,2021-05-12,combined_biomass_wind
False,1649.0000000000814,True,0,False,2021-05-13,combined_biomass_wind
False,1424.000000000085,True,0,False,2021-05-14,combined_biomass_wind
False,1139.4097701148978,True,0,False,2021-05-15,combined_biomass_wind
False,1112.7798850574256,True,0,False,2021-05-16,combined_biomass_wind
False,1060.9729885057018,True,0,False,2021-05-17,combined_biomass_wind
False,1069.9109195401852,True,0,False,2021-05-18,combined_biomass_wind
False,1014.0488505746673,True,0,False,2021-05-19,combined_biomass_wind
False,1042.0000000000734,True,0,False,2021-05-20,combined_biomass_wind
False,1016.4614942528278,True,0,False,2021-05-21,combined_biomass_wind
False,1636.0000000000778,True,0,False,2021-05-22,combined_biomass_wind
False,1942.6666666667434,True,0,False,2021-05-23,combined_biomass_wind
False,1963.666666666743,True,0,False,2021-05-24,combined_biomass_wind
False,1102.6666666667397,True,0,False,2021-05-25,combined_biomass_wind
False,943.8095238096819,True,0,False,2021-05-26,combined_biomass_wind
False,830.2729885057015,True,0,False,2021-05-27,combined_biomass_wind
False,988.6666666668254,True,0,False,2021-05-28,combined_biomass_wind
False,1746.0000000000762,True,0,False,2021-05-29,combined_biomass_wind
False,1726.0000000000764,True,0,False,2021-05-30,combined_biomass_wind
False,1046.0000000000903,True,0,False,2021-05-31,combined_biomass_wind
False,1408.6666666667597,True,0,False,2021-06-01,combined_biomass_wind
False,2487.238095238228,True,0,False,2021-06-02,combined_biomass_wind
False,2796.6666666667866,True,0,False,2021-06-03,combined_biomass_wind
False,2732.480769230769,True,0,False,2021-06-04,combined_biomass_wind
False,3194.486263736265,True,0,False,2021-06-05,combined_biomass_wind
False,2995.7170329670366,True,0,False,2021-06-06,combined_biomass_wind
False,2988.9038461538516,True,0,False,2021-06-07,combined_biomass_wind
False,3054.837912087919,True,0,False,2021-06-08,combined_biomass_wind
False,3010.617816091922,True,0,False,2021-06-09,combined_biomass_wind
False,3155.151149425257,True,0,False,2021-06-10,combined_biomass_wind
False,3401.095977011465,True,0,False,2021-06-11,combined_biomass_wind
False,3456.995977011467,True,0,False,2021-06-12,combined_biomass_wind
False,3632.7201149425027,True,0,False,2021-06-13,combined_biomass_wind
False,3707.5097701149184,True,0,False,2021-06-14,combined_biomass_wind
False,3653.3718390804374,True,0,False,2021-06-15,combined_biomass_wind
False,3518.9270114942324,True,0,False,2021-06-16,combined_biomass_wind
False,3564.6408045976823,True,0,False,2021-06-17,combined_biomass_wind
False,3426.944252873546,True,0,False,2021-06-18,combined_biomass_wind
False,3101.4925287356164,True,0,False,2021-06-19,combined_biomass_wind
False,2909.220114942514,True,0,False,2021-06-20,combined_biomass_wind
False,2927.699425287343,True,0,False,2021-06-21,combined_biomass_wind
False,2435.386781609184,True,0,False,2021-06-22,combined_biomass_wind
False,2155.175287356312,True,0,False,2021-06-23,combined_biomass_wind
False,2025.3545977011404,True,0,False,2021-06-24,combined_biomass_wind
False,1797.771839080452,True,0,False,2021-06-25,combined_biomass_wind
False,1413.492528735626,True,0,False,2021-06-26,combined_biomass_wind
False,784.4339080459728,True,0,False,2021-06-27,combined_biomass_wind
False,671.702873563215,True,0,False,2021-06-28,combined_biomass_wind
False,209.24425287356138,True,0,False,2021-06-29,combined_biomass_wind
False,82.09942528735536,True,0,False,2021-06-30,combined_biomass_wind
False,122.77333333333335,True,0,False,2021-07-01,combined_biomass_wind
False,51.57214285714276,True,0,False,2021-07-02,combined_biomass_wind
False,51.483571428571246,True,0,False,2021-07-03,combined_biomass_wind
False,42.1978571428568,True,0,False,2021-07-04,combined_biomass_wind
False,43.35023809523776,True,0,False,2021-07-05,combined_biomass_wind
False,34.298809523809155,True,0,False,2021-07-06,combined_biomass_wind
False,40.38833333333302,True,0,False,2021-07-07,combined_biomass_wind
False,116.0000000001329,True,0,False,2021-07-08,combined_biomass_wind
False,214.00000000013063,True,0,False,2021-07-09,combined_biomass_wind
False,56.571428571494685,True,0,False,2021-07-10,combined_biomass_wind
False,90.00000000013009,True,0,False,2021-07-11,combined_biomass_wind
False,57.14285714292313,True,0,False,2021-07-12,combined_biomass_wind
False,64.47619047625565,True,0,False,2021-07-13,combined_biomass_wind
False,31.619047619113964,True,0,False,2021-07-14,combined_biomass_wind
False,22.476190476255383,True,0,False,2021-07-15,combined_biomass_wind
False,21.333333333270815,True,0,False,2021-07-16,combined_biomass_wind
False,30.19047619041439,True,0,False,2021-07-17,combined_biomass_wind
False,23.047619047557845,True,0,False,2021-07-18,combined_biomass_wind
False,25.523809523748795,True,0,False,2021-07-19,combined_biomass_wind
False,24.38095238089189,True,0,False,2021-07-20,combined_biomass_wind
False,84.00000000013259,True,0,False,2021-07-21,combined_biomass_wind
False,70.00000000013159,True,0,False,2021-07-22,combined_biomass_wind
False,45.00000000013108,True,0,False,2021-07-23,combined_biomass_wind
False,19.95238095244312,True,0,False,2021-07-24,combined_biomass_wind
False,17.3166666666665,True,0,False,2021-07-25,combined_biomass_wind
False,21.531666666666194,True,0,False,2021-07-26,combined_biomass_wind
False,21.554523809523342,True,0,False,2021-07-27,combined_biomass_wind
False,20.90547619047578,True,0,False,2021-07-28,combined_biomass_wind
False,21.27833333333296,True,0,False,2021-07-29,combined_biomass_wind
False,20.59384615384598,True,0,False,2021-07-30,combined_biomass_wind
False,22.666666666797916,True,0,False,2021-07-31,combined_biomass_wind
False,74.00000000013357,True,0,False,2021-08-01,combined_biomass_wind
False,36.666666666800886,True,0,False,2021-08-02,combined_biomass_wind
False,66.0000000001324,True,0,False,2021-08-03,combined_biomass_wind
False,21.000000000131585,True,0,False,2021-08-04,combined_biomass_wind
False,42.66666666680042,True,0,False,2021-08-05,combined_biomass_wind
False,17.243333333333492,True,0,False,2021-08-06,combined_biomass_wind
False,21.16333333333353,True,0,False,2021-08-07,combined_biomass_wind
False,18.069999999999762,True,0,False,2021-08-08,combined_biomass_wind
False,17.906666666666432,True,0,False,2021-08-09,combined_biomass_wind
False,17.95999999999977,True,0,False,2021-08-10,combined_biomass_wind
False,27.550000000000214,True,0,False,2021-08-11,combined_biomass_wind
False,36.68333333333352,True,0,False,2021-08-12,combined_biomass_wind
False,28.523809523744355,True,0,False,2021-08-13,combined_biomass_wind
False,23.523809523743758,True,0,False,2021-08-14,combined_biomass_wind
False,26.19047619041019,True,0,False,2021-08-15,combined_biomass_wind
False,26.33333333326745,True,0,False,2021-08-16,combined_biomass_wind
False,26.000000000130512,True,0,False,2021-08-17,combined_biomass_wind
False,16.66666666679479,True,0,False,2021-08-18,combined_biomass_wind
False,24.00000000012831,True,0,False,2021-08-19,combined_biomass_wind
False,17.46978021976267,True,0,False,2021-08-20,combined_biomass_wind
False,17.46978021976267,True,0,False,2021-08-21,combined_biomass_wind
False,76.66666666679993,True,0,False,2021-08-22,combined_biomass_wind
False,62.00000000013361,True,0,False,2021-08-23,combined_biomass_wind
False,96.0000000001365,True,0,False,2021-08-24,combined_biomass_wind
False,79.66666666680197,True,0,False,2021-08-25,combined_biomass_wind
False,68.0633333333335,True,0,False,2021-08-26,combined_biomass_wind
False,65.29000000000012,True,0,False,2021-08-27,combined_biomass_wind
False,34.476190476252036,True,0,False,2021-08-28,combined_biomass_wind
False,52.66666666679687,True,0,False,2021-08-29,combined_biomass_wind
False,47.47619047625478,True,0,False,2021-08-30,combined_biomass_wind
False,28.04670329672129,True,0,False,2021-08-31,combined_biomass_wind
False,26.37087912089713,True,0,False,2021-09-01,combined_biomass_wind
False,122.00000000013154,True,0,False,2021-09-02,combined_biomass_wind
False,122.00000000013341,True,0,False,2021-09-03,combined_biomass_wind
False,58.28571428577964,True,0,False,2021-09-04,combined_biomass_wind
False,34.000000000063345,True,0,False,2021-09-05,combined_biomass_wind
False,30.952380952443825,True,0,False,2021-09-06,combined_biomass_wind
False,26.476190476253123,True,0,False,2021-09-07,combined_biomass_wind
False,14.837912087930334,True,0,False,2021-09-08,combined_biomass_wind
False,46.66666666679836,True,0,False,2021-09-09,combined_biomass_wind
False,49.000000000131536,True,0,False,2021-09-10,combined_biomass_wind
False,17.16208791210601,True,0,False,2021-09-11,combined_biomass_wind
False,18.381190476190405,True,0,False,2021-09-12,combined_biomass_wind
False,19.130000000000027,True,0,False,2021-09-13,combined_biomass_wind
False,53.8100000000001,True,0,False,2021-09-14,combined_biomass_wind
False,63.66666666679939,True,0,False,2021-09-15,combined_biomass_wind
False,63.66666666679939,True,0,False,2021-09-16,combined_biomass_wind
False,77.00000000013205,True,0,False,2021-09-17,combined_biomass_wind
False,52.000000000132886,True,0,False,2021-09-18,combined_biomass_wind
False,20.61904761911211,True,0,False,2021-09-19,combined_biomass_wind
False,26.09000000000003,True,0,False,2021-09-20,combined_biomass_wind
False,12.238095238159623,True,0,False,2021-09-21,combined_biomass_wind
False,66.00000000013236,True,0,False,2021-09-22,combined_biomass_wind
False,22.000000000130306,True,0,False,2021-09-23,combined_biomass_wind
False,17.559999999999853,True,0,False,2021-09-24,combined_biomass_wind
False,19.032142857142563,True,0,False,2021-09-25,combined_biomass_wind
False,19.89119047619006,True,0,False,2021-09-26,combined_biomass_wind
False,19.424523809523414,True,0,False,2021-09-27,combined_biomass_wind
False,36.00000000013406,True,0,False,2021-09-28,combined_biomass_wind
False,82.66666666680192,True,0,False,2021-09-29,combined_biomass_wind
False,80.00000000013489,True,0,False,2021-09-30,combined_biomass_wind
False,11.786428571428061,True,0,False,2021-10-01,combined_biomass_wind
False,46.66666666680091,True,0,False,2021-10-02,combined_biomass_wind
False,45.000000000134065,True,0,False,2021-10-03,combined_biomass_wind
False,22.80952380958538,True,0,False,2021-10-04,combined_biomass_wind
False,42.66666666679834,True,0,False,2021-10-05,combined_biomass_wind
False,34.47619047625559,True,0,False,2021-10-06,combined_biomass_wind
False,27.142857142923084,True,0,False,2021-10-07,combined_biomass_wind
False,90.66666666679885,True,0,False,2021-10-08,combined_biomass_wind
False,27.66666666680038,True,0,False,2021-10-09,combined_biomass_wind
False,44.28571428577893,True,0,False,2021-10-10,combined_biomass_wind
False,52.5714285714925,True,0,False,2021-10-11,combined_biomass_wind
False,28.952380952442986,True,0,False,2021-10-12,combined_biomass_wind
False,21.351666666666052,True,0,False,2021-10-13,combined_biomass_wind
False,16.370879120897577,True,0,False,2021-10-14,combined_biomass_wind
False,12.299999999999999,True,0,False,2021-10-15,combined_biomass_wind
False,46111.66666666674,True,0,False,2021-10-16,combined_biomass_wind
False,85909.0,True,0,False,2021-10-17,combined_biomass_wind
False,58872.28571428593,True,0,False,2021-10-18,combined_biomass_wind
False,51756.80952380976,True,0,False,2021-10-19,combined_biomass_wind
False,43618.809523809796,True,0,False,2021-10-20,combined_biomass_wind
False,37919.43131868131,True,0,False,2021-10-21,combined_biomass_wind
False,36060.662087912075,True,0,False,2021-10-22,combined_biomass_wind
False,35240.046703296684,True,0,False,2021-10-23,combined_biomass_wind
False,32450.903846153833,True,0,False,2021-10-24,combined_biomass_wind
False,33498.59615384613,True,0,False,2021-10-25,combined_biomass_wind
False,29302.70054945052,True,0,False,2021-10-26,combined_biomass_wind
False,28830.283333333286,True,0,False,2021-10-27,combined_biomass_wind
False,29775.469540229828,True,0,False,2021-10-28,combined_biomass_wind
False,37155.561494252805,True,0,False,2021-10-29,combined_biomass_wind
False,64015.99999999998,True,0,False,2021-10-30,combined_biomass_wind
False,67155.99999999999,True,0,False,2021-10-31,combined_biomass_wind
False,35608.435057471186,True,0,False,2021-11-01,combined_biomass_wind
False,34463.99252873554,True,0,False,2021-11-02,combined_biomass_wind
False,33339.17528735624,True,0,False,2021-11-03,combined_biomass_wind
False,32315.727011494168,True,0,False,2021-11-04,combined_biomass_wind
False,31198.921264367727,True,0,False,2021-11-05,combined_biomass_wind
False,30358.921264367727,True,0,False,2021-11-06,combined_biomass_wind
False,28524.25459770105,True,0,False,2021-11-07,combined_biomass_wind
False,27566.79712643667,True,0,False,2021-11-08,combined_biomass_wind
False,25365.75459770103,True,0,False,2021-11-09,combined_biomass_wind
False,24031.57873563206,True,0,False,2021-11-10,combined_biomass_wind
False,22207.589080459646,True,0,False,2021-11-11,combined_biomass_wind
False,20023.9109195401,True,0,False,2021-11-12,combined_biomass_wind
False,23922.000000000022,True,0,False,2021-11-13,combined_biomass_wind
False,80509.99999999991,True,0,False,2021-11-14,combined_biomass_wind
False,99402.95238095279,True,0,False,2021-11-15,combined_biomass_wind
False,97804.95238095283,True,0,False,2021-11-16,combined_biomass_wind
False,101948.99999999988,True,0,False,2021-11-17,combined_biomass_wind
False,75628.23809523857,True,0,False,2021-11-18,combined_biomass_wind
False,64694.238095238616,True,0,False,2021-11-19,combined_biomass_wind
False,90947.33333333381,True,0,False,2021-11-20,combined_biomass_wind
False,69041.61904761949,True,0,False,2021-11-21,combined_biomass_wind
False,64418.74999999992,True,0,False,2021-11-22,combined_biomass_wind
False,66498.35439560433,True,0,False,2021-11-23,combined_biomass_wind
False,61951.673076923,True,0,False,2021-11-24,combined_biomass_wind
False,79629.99999999997,True,0,False,2021-11-25,combined_biomass_wind
False,65060.02472527463,True,0,False,2021-11-26,combined_biomass_wind
False,135460.66666666657,True,0,False,2021-11-27,combined_biomass_wind
False,112888.66666666664,True,0,False,2021-11-28,combined_biomass_wind
False,82128.57142857173,True,0,False,2021-11-29,combined_biomass_wind
False,89843.23809523837,True,0,False,2021-11-30,combined_biomass_wind
False,95476.80952380979,True,0,False,2021-12-01,combined_biomass_wind
False,57832.73390804584,True,0,False,2021-12-02,combined_biomass_wind
False,59681.128160919405,True,0,False,2021-12-03,combined_biomass_wind
False,62071.358045976885,True,0,False,2021-12-04,combined_biomass_wind
False,64599.69942528723,True,0,False,2021-12-05,combined_biomass_wind
False,66382.45229885046,True,0,False,2021-12-06,combined_biomass_wind
False,68291.65229885047,True,0,False,2021-12-07,combined_biomass_wind
False,69242.83045977003,True,0,False,2021-12-08,combined_biomass_wind
False,70843.01321839071,True,0,False,2021-12-09,combined_biomass_wind
False,71842.51321839071,True,0,False,2021-12-10,combined_biomass_wind
False,73043.64770114934,True,0,False,2021-12-11,combined_biomass_wind
False,74480.14080459763,True,0,False,2021-12-12,combined_biomass_wind
False,73587.81781609189,True,0,False,2021-12-13,combined_biomass_wind
False,60830.50402298846,True,0,False,2021-12-14,combined_biomass_wind
False,43189.76839080457,True,0,False,2021-12-15,combined_biomass_wind
False,36448.714367816094,True,0,False,2021-12-16,combined_biomass_wind
False,36190.50287356321,True,0,False,2021-12-17,combined_biomass_wind
False,35997.8408045977,True,0,False,2021-12-18,combined_biomass_wind
False,31601.886781609206,True,0,False,2021-12-19,combined_biomass_wind
False,31787.923563218406,True,0,False,2021-12-20,combined_biomass_wind
False,27613.704022988528,True,0,False,2021-12-21,combined_biomass_wind
False,27618.04425287359,True,0,False,2021-12-22,combined_biomass_wind
False,27374.182183908077,True,0,False,2021-12-23,combined_biomass_wind
False,26036.554597701186,True,0,False,2021-12-24,combined_biomass_wind
False,11332.527011494307,True,0,False,2021-12-25,combined_biomass_wind
False,52.00000000004431,True,0,False,2021-12-26,combined_biomass_wind
False,70.66666666671178,True,0,False,2021-12-27,combined_biomass_wind
False,20.161666666666072,True,0,False,2021-12-28,combined_biomass_wind
False,70.66666666671041,True,0,False,2021-12-29,combined_biomass_wind
False,46.66666666671007,True,0,False,2021-12-30,combined_biomass_wind
False,55.66666666670905,True,0,False,2021-12-31,combined_biomass_wind
False,31.9523809525138,True,0,False,2022-01-01,combined_biomass_wind
False,18.4338461538459,True,0,False,2022-01-02,combined_biomass_wind
False,20.87076923076897,True,0,False,2022-01-03,combined_biomass_wind
False,21.245219780219518,True,0,False,2022-01-04,combined_biomass_wind
False,21.06307692307666,True,0,False,2022-01-05,combined_biomass_wind
False,20.030000000000104,True,0,False,2022-01-06,combined_biomass_wind
False,23.363333333333376,True,0,False,2022-01-07,combined_biomass_wind
False,62.00000000004397,True,0,False,2022-01-08,combined_biomass_wind
False,69.00000000004317,True,0,False,2022-01-09,combined_biomass_wind
False,55.66666666671007,True,0,False,2022-01-10,combined_biomass_wind
False,14.000000000042846,True,0,False,2022-01-11,combined_biomass_wind
False,46.66666666670872,True,0,False,2022-01-12,combined_biomass_wind
False,46.6666666667094,True,0,False,2022-01-13,combined_biomass_wind
False,20.00000000004217,True,0,False,2022-01-14,combined_biomass_wind
False,12.499999999999998,True,0,False,2022-01-15,combined_biomass_wind
False,16.62309523809459,True,0,False,2022-01-16,combined_biomass_wind
False,18.011666666665928,True,0,False,2022-01-17,combined_biomass_wind
False,36.000000000043315,True,0,False,2022-01-18,combined_biomass_wind
False,36.000000000043315,True,0,False,2022-01-19,combined_biomass_wind
False,22.66666666670976,True,0,False,2022-01-20,combined_biomass_wind
False,19.621666666665835,True,0,False,2022-01-21,combined_biomass_wind
False,30.000000000042988,True,0,False,2022-01-22,combined_biomass_wind
False,151.85000000000005,True,0,False,2022-01-23,combined_biomass_wind
False,116.75000000000001,True,0,False,2022-01-24,combined_biomass_wind
False,108.08333333333334,True,0,False,2022-01-25,combined_biomass_wind
False,41.445000000000285,True,0,False,2022-01-26,combined_biomass_wind
False,38.690238095238264,True,0,False,2022-01-27,combined_biomass_wind
False,31.04023809523803,True,0,False,2022-01-28,combined_biomass_wind
False,26.2783333333331,True,0,False,2022-01-29,combined_biomass_wind
False,20.399340659340886,True,0,False,2022-01-30,combined_biomass_wind
False,20.225769230769437,True,0,False,2022-01-31,combined_biomass_wind
False,82.66666666670977,True,0,False,2022-02-01,combined_biomass_wind
False,82.66666666670977,True,0,False,2022-02-02,combined_biomass_wind
False,24.000000000044913,True,0,False,2022-02-03,combined_biomass_wind
False,66.34333333333332,True,0,False,2022-02-04,combined_biomass_wind
False,34.00999999999996,True,0,False,2022-02-05,combined_biomass_wind
False,104.39000000000001,True,0,False,2022-02-06,combined_biomass_wind
False,46.66666666670875,True,0,False,2022-02-07,combined_biomass_wind
False,49.00000000004289,True,0,False,2022-02-08,combined_biomass_wind
False,47.75023809523817,True,0,False,2022-02-09,combined_biomass_wind
False,44.50023809523828,True,0,False,2022-02-10,combined_biomass_wind
False,20.00000000004436,True,0,False,2022-02-11,combined_biomass_wind
False,136.66666666670943,True,0,False,2022-02-12,combined_biomass_wind
False,166.00000000004366,True,0,False,2022-02-13,combined_biomass_wind
False,101.00000000004218,True,0,False,2022-02-14,combined_biomass_wind
False,31.666666666800573,True,0,False,2022-02-15,combined_biomass_wind
False,38.142857142990316,True,0,False,2022-02-16,combined_biomass_wind
False,41.571428571562016,True,0,False,2022-02-17,combined_biomass_wind
False,25.28571428584852,True,0,False,2022-02-18,combined_biomass_wind
False,16.289761904761512,True,0,False,2022-02-19,combined_biomass_wind
False,16.047619047484908,True,0,False,2022-02-20,combined_biomass_wind
False,17.190476190342398,True,0,False,2022-02-21,combined_biomass_wind
False,15.22333333333329,True,0,False,2022-02-22,combined_biomass_wind
False,56.42333333333319,True,0,False,2022-02-23,combined_biomass_wind
False,63.96333333333318,True,0,False,2022-02-24,combined_biomass_wind
False,70.2833333333332,True,0,False,2022-02-25,combined_biomass_wind
False,37.48333333333325,True,0,False,2022-02-26,combined_biomass_wind
False,26.018333333332727,True,0,False,2022-02-27,combined_biomass_wind
False,30.964999999999577,True,0,False,2022-02-28,combined_biomass_wind
False,45.00000000004262,True,0,False,2022-03-01,combined_biomass_wind
False,44.000000000042505,True,0,False,2022-03-02,combined_biomass_wind
False,27.142857142991595,True,0,False,2022-03-03,combined_biomass_wind
False,22.31362637362649,True,0,False,2022-03-04,combined_biomass_wind
False,28.666666666709055,True,0,False,2022-03-05,combined_biomass_wind
False,22.227692307692422,True,0,False,2022-03-06,combined_biomass_wind
False,20.321373626373756,True,0,False,2022-03-07,combined_biomass_wind
False,189.00000000004349,True,0,False,2022-03-08,combined_biomass_wind
False,157.00000000004414,True,0,False,2022-03-09,combined_biomass_wind
False,69.00000000004547,True,0,False,2022-03-10,combined_biomass_wind
False,46.238095238229356,True,0,False,2022-03-11,combined_biomass_wind
False,46.238095238229356,True,0,False,2022-03-12,combined_biomass_wind
False,39.57142857156236,True,0,False,2022-03-13,combined_biomass_wind
False,24.904761904895082,True,0,False,2022-03-14,combined_biomass_wind
False,19.999999999864812,True,0,False,2022-03-15,combined_biomass_wind
False,17.94547619047619,True,0,False,2022-03-16,combined_biomass_wind
False,38.00000000004411,True,0,False,2022-03-17,combined_biomass_wind
False,25.523333333333287,True,0,False,2022-03-18,combined_biomass_wind
False,29.543333333333305,True,0,False,2022-03-19,combined_biomass_wind
False,15.999999999956856,True,0,False,2022-03-20,combined_biomass_wind
False,15.0,True,0,False,2022-03-21,combined_biomass_wind
False,19.98076923075733,True,0,False,2022-03-22,combined_biomass_wind
False,20.090659340647388,True,0,False,2022-03-23,combined_biomass_wind
False,15.799450549438838,True,0,False,2022-03-24,combined_biomass_wind
False,18.744505494493705,True,0,False,2022-03-25,combined_biomass_wind
False,18.085164835153176,True,0,False,2022-03-26,combined_biomass_wind
False,18.59615384614212,True,0,False,2022-03-27,combined_biomass_wind
False,22.38095238081683,True,0,False,2022-03-28,combined_biomass_wind
False,24.923333333333222,True,0,False,2022-03-29,combined_biomass_wind
False,22.761904761769117,True,0,False,2022-03-30,combined_biomass_wind
False,27.523809523674238,True,0,False,2022-03-31,combined_biomass_wind
False,45.00000000004161,True,0,False,2022-04-01,combined_biomass_wind
False,7910.000000000023,True,0,False,2022-04-02,combined_biomass_wind
False,5730.000000000011,True,0,False,2022-04-03,combined_biomass_wind
False,5784.000000000173,True,0,False,2022-04-04,combined_biomass_wind
False,6484.000000000187,True,0,False,2022-04-05,combined_biomass_wind
False,5412.596153846149,True,0,False,2022-04-06,combined_biomass_wind
False,5560.854395604388,True,0,False,2022-04-07,combined_biomass_wind
False,5251.5851648351545,True,0,False,2022-04-08,combined_biomass_wind
False,5131.585164835151,True,0,False,2022-04-09,combined_biomass_wind
False,4613.607142857128,True,0,False,2022-04-10,combined_biomass_wind
False,4108.832417582399,True,0,False,2022-04-11,combined_biomass_wind
False,4842.692528735663,True,0,False,2022-04-12,combined_biomass_wind
False,4840.254597701178,True,0,False,2022-04-13,combined_biomass_wind
False,4832.369540229911,True,0,False,2022-04-14,combined_biomass_wind
False,4828.720114942552,True,0,False,2022-04-15,combined_biomass_wind
False,4686.09942528738,True,0,False,2022-04-16,combined_biomass_wind
False,4544.461494252896,True,0,False,2022-04-17,combined_biomass_wind
False,4521.6994252873765,True,0,False,2022-04-18,combined_biomass_wind
False,4370.5270114942705,True,0,False,2022-04-19,combined_biomass_wind
False,4168.504022988521,True,0,False,2022-04-20,combined_biomass_wind
False,4009.4270114942665,True,0,False,2022-04-21,combined_biomass_wind
False,3789.0316091954146,True,0,False,2022-04-22,combined_biomass_wind
False,3681.9235632183995,True,0,False,2022-04-23,combined_biomass_wind
False,3436.297126436789,True,0,False,2022-04-24,combined_biomass_wind
False,3276.9959770114983,True,0,False,2022-04-25,combined_biomass_wind
False,3132.9408045977016,True,0,False,2022-04-26,combined_biomass_wind
False,2823.1695402298838,True,0,False,2022-04-27,combined_biomass_wind
False,2498.9959770114897,True,0,False,2022-04-28,combined_biomass_wind
False,2094.7201149425223,True,0,False,2022-04-29,combined_biomass_wind
False,1722.300574712634,True,0,False,2022-04-30,combined_biomass_wind
False,1365.1063218390684,True,0,False,2022-05-01,combined_biomass_wind
False,1297.731609195391,True,0,False,2022-05-02,combined_biomass_wind
False,1430.2683908045851,True,0,False,2022-05-03,combined_biomass_wind
False,1387.4097701149303,True,0,False,2022-05-04,combined_biomass_wind
False,1412.595977011482,True,0,False,2022-05-05,combined_biomass_wind
False,1391.0959770114825,True,0,False,2022-05-06,combined_biomass_wind
False,1498.8522988505622,True,0,False,2022-05-07,combined_biomass_wind
False,1693.999999999991,True,0,False,2022-05-08,combined_biomass_wind
False,1647.1063218390652,True,0,False,2022-05-09,combined_biomass_wind
False,1673.8373563218222,True,0,False,2022-05-10,combined_biomass_wind
False,1690.5729885057306,True,0,False,2022-05-11,combined_biomass_wind
False,1516.513218390789,True,0,False,2022-05-12,combined_biomass_wind
False,1531.854597701134,True,0,False,2022-05-13,combined_biomass_wind
False,1928.8095238097385,True,0,False,2022-05-14,combined_biomass_wind
False,1652.1821839080321,True,0,False,2022-05-15,combined_biomass_wind
False,1574.2005494505202,True,0,False,2022-05-16,combined_biomass_wind
False,1425.0576923076649,True,0,False,2022-05-17,combined_biomass_wind
False,1429.9807692307415,True,0,False,2022-05-18,combined_biomass_wind
False,1954.6666666666765,True,0,False,2022-05-19,combined_biomass_wind
False,2360.0000000000173,True,0,False,2022-05-20,combined_biomass_wind
False,5484.000000000013,True,0,False,2022-05-21,combined_biomass_wind
False,4087.6666666666724,True,0,False,2022-05-22,combined_biomass_wind
False,2036.8095238097278,True,0,False,2022-05-23,combined_biomass_wind
False,2898.1428571430665,True,0,False,2022-05-24,combined_biomass_wind
False,2835.2857142859216,True,0,False,2022-05-25,combined_biomass_wind
False,5317.000000000007,True,0,False,2022-05-26,combined_biomass_wind
False,2996.238095238302,True,0,False,2022-05-27,combined_biomass_wind
False,2584.0000000000196,True,0,False,2022-05-28,combined_biomass_wind
False,2335.8095238097285,True,0,False,2022-05-29,combined_biomass_wind
False,2792.9523809525913,True,0,False,2022-05-30,combined_biomass_wind
False,2264.634615384593,True,0,False,2022-05-31,combined_biomass_wind
False,2220.903846153824,True,0,False,2022-06-01,combined_biomass_wind
False,4670.000000000017,True,0,False,2022-06-02,combined_biomass_wind
False,4502.666666666863,True,0,False,2022-06-03,combined_biomass_wind
False,5351.23809523828,True,0,False,2022-06-04,combined_biomass_wind
False,5668.5714285716,True,0,False,2022-06-05,combined_biomass_wind
False,4948.749999999997,True,0,False,2022-06-06,combined_biomass_wind
False,4231.711538461543,True,0,False,2022-06-07,combined_biomass_wind
False,4296.903846153854,True,0,False,2022-06-08,combined_biomass_wind
False,4462.046703296713,True,0,False,2022-06-09,combined_biomass_wind
False,4671.4697802197925,True,0,False,2022-06-10,combined_biomass_wind
False,4154.3324175824355,True,0,False,2022-06-11,combined_biomass_wind
False,4067.3178160919683,True,0,False,2022-06-12,combined_biomass_wind
False,4295.54770114944,True,0,False,2022-06-13,combined_biomass_wind
False,4412.4580459770295,True,0,False,2022-06-14,combined_biomass_wind
False,4448.530459770134,True,0,False,2022-06-15,combined_biomass_wind
False,4483.578735632206,True,0,False,2022-06-16,combined_biomass_wind
False,4346.84770114945,True,0,False,2022-06-17,combined_biomass_wind
False,4460.168390804623,True,0,False,2022-06-18,combined_biomass_wind
False,4537.271839080487,True,0,False,2022-06-19,combined_biomass_wind
False,3958.9166666666983,True,0,False,2022-06-20,combined_biomass_wind
False,3858.8201149425627,True,0,False,2022-06-21,combined_biomass_wind
False,3749.6522988506113,True,0,False,2022-06-22,combined_biomass_wind
False,2976.651149425328,True,0,False,2022-06-23,combined_biomass_wind
False,2766.507471264411,True,0,False,2022-06-24,combined_biomass_wind
False,2786.130459770159,True,0,False,2022-06-25,combined_biomass_wind
False,2759.906321839126,True,0,False,2022-06-26,combined_biomass_wind
False,2300.1166666667154,True,0,False,2022-06-27,combined_biomass_wind
False,1858.199425287408,True,0,False,2022-06-28,combined_biomass_wind
False,1004.6454022989055,True,0,False,2022-06-29,combined_biomass_wind
False,463.47873563224186,True,0,False,2022-06-30,combined_biomass_wind
False,66.00000000004658,True,0,False,2022-07-01,combined_biomass_wind
False,38.80999999999983,True,0,False,2022-07-02,combined_biomass_wind
False,23.26333333333321,True,0,False,2022-07-03,combined_biomass_wind
False,12.596153846114426,True,0,False,2022-07-04,combined_biomass_wind
False,14.285714285846105,True,0,False,2022-07-05,combined_biomass_wind
False,11.0,True,0,False,2022-07-06,combined_biomass_wind
False,13.0,True,0,False,2022-07-07,combined_biomass_wind
False,129.00000000004667,True,0,False,2022-07-08,combined_biomass_wind
False,132.00000000004766,True,0,False,2022-07-09,combined_biomass_wind
False,94.00000000004799,True,0,False,2022-07-10,combined_biomass_wind
False,85.00000000004505,True,0,False,2022-07-11,combined_biomass_wind
False,85.00000000004505,True,0,False,2022-07-12,combined_biomass_wind
False,81.00000000004569,True,0,False,2022-07-13,combined_biomass_wind
False,51.57142857155883,True,0,False,2022-07-14,combined_biomass_wind
False,21.57142857155982,True,0,False,2022-07-15,combined_biomass_wind
False,16.903846153884814,True,0,False,2022-07-16,combined_biomass_wind
False,19.145604395642906,True,0,False,2022-07-17,combined_biomass_wind
False,38.00000000004688,True,0,False,2022-07-18,combined_biomass_wind
False,54.66666666671409,True,0,False,2022-07-19,combined_biomass_wind
False,28.68406593410596,True,0,False,2022-07-20,combined_biomass_wind
False,17.73901098905145,True,0,False,2022-07-21,combined_biomass_wind
False,14.442307692348088,True,0,False,2022-07-22,combined_biomass_wind
False,17.293956043996552,True,0,False,2022-07-23,combined_biomass_wind
False,24.047619047493956,True,0,False,2022-07-24,combined_biomass_wind
False,32.00000000004819,True,0,False,2022-07-25,combined_biomass_wind
False,16.0000000000473,True,0,False,2022-07-26,combined_biomass_wind
False,13.999999999953832,True,0,False,2022-07-27,combined_biomass_wind
False,15.904761904890407,True,0,False,2022-07-28,combined_biomass_wind
False,9.999999999954408,True,0,False,2022-07-29,combined_biomass_wind
False,29.00000000004411,True,0,False,2022-07-30,combined_biomass_wind
False,30.000000000044224,True,0,False,2022-07-31,combined_biomass_wind
False,22.70054945058927,True,0,False,2022-08-01,combined_biomass_wind
False,18.991758241797726,True,0,False,2022-08-02,combined_biomass_wind
False,18.101666666666173,True,0,False,2022-08-03,combined_biomass_wind
False,46.6666666667134,True,0,False,2022-08-04,combined_biomass_wind
False,46.66666666671408,True,0,False,2022-08-05,combined_biomass_wind
False,21.21309523809469,True,0,False,2022-08-06,combined_biomass_wind
False,31.285714285843206,True,0,False,2022-08-07,combined_biomass_wind
False,18.024725274764528,True,0,False,2022-08-08,combined_biomass_wind
False,21.29395604399548,True,0,False,2022-08-09,combined_biomass_wind
False,21.980769230808853,True,0,False,2022-08-10,combined_biomass_wind
False,21.047619047492702,True,0,False,2022-08-11,combined_biomass_wind
False,21.40934065938093,True,0,False,2022-08-12,combined_biomass_wind
False,39.94119047619046,True,0,False,2022-08-13,combined_biomass_wind
False,27.047619047492702,True,0,False,2022-08-14,combined_biomass_wind
False,25.523809523682793,True,0,False,2022-08-15,combined_biomass_wind
False,24.190476190349656,True,0,False,2022-08-16,combined_biomass_wind
False,54.00000000004685,True,0,False,2022-08-17,combined_biomass_wind
False,54.00000000004685,True,0,False,2022-08-18,combined_biomass_wind
False,71.24333333333342,True,0,False,2022-08-19,combined_biomass_wind
False,25.332802197802287,True,0,False,2022-08-20,combined_biomass_wind
False,22.74452380952342,True,0,False,2022-08-21,combined_biomass_wind
False,40.000000000045254,True,0,False,2022-08-22,combined_biomass_wind
False,70.66666666671237,True,0,False,2022-08-23,combined_biomass_wind
False,114.85000000000001,True,0,False,2022-08-24,combined_biomass_wind
False,59.17000000000016,True,0,False,2022-08-25,combined_biomass_wind
False,147.18333333333334,True,0,False,2022-08-26,combined_biomass_wind
False,62.00000000004627,True,0,False,2022-08-27,combined_biomass_wind
False,96.00000000004559,True,0,False,2022-08-28,combined_biomass_wind
False,88.00000000004582,True,0,False,2022-08-29,combined_biomass_wind
False,46.666666666712004,True,0,False,2022-08-30,combined_biomass_wind
False,22.14285714298837,True,0,False,2022-08-31,combined_biomass_wind
False,77.00000000004611,True,0,False,2022-09-01,combined_biomass_wind
False,65.00000000004405,True,0,False,2022-09-02,combined_biomass_wind
False,27.476190476325144,True,0,False,2022-09-03,combined_biomass_wind
False,54.6666666667106,True,0,False,2022-09-04,combined_biomass_wind
False,40.00000000004517,True,0,False,2022-09-05,combined_biomass_wind
False,28.904761904895096,True,0,False,2022-09-06,combined_biomass_wind
False,26.476190476323765,True,0,False,2022-09-07,combined_biomass_wind
False,16.79395604399432,True,0,False,2022-09-08,combined_biomass_wind
False,16.216666666667162,True,0,False,2022-09-09,combined_biomass_wind
False,29.523809523679645,True,0,False,2022-09-10,combined_biomass_wind
False,13.428571428440275,True,0,False,2022-09-11,combined_biomass_wind
False,90.00000000004641,True,0,False,2022-09-12,combined_biomass_wind
False,104.00000000004721,True,0,False,2022-09-13,combined_biomass_wind
False,38.89333333333336,True,0,False,2022-09-14,combined_biomass_wind
False,37.88000000000042,True,0,False,2022-09-15,combined_biomass_wind
False,27.8854761904757,True,0,False,2022-09-16,combined_biomass_wind
False,39.02333333333358,True,0,False,2022-09-17,combined_biomass_wind
False,23.950238095237573,True,0,False,2022-09-18,combined_biomass_wind
False,30.454523809523337,True,0,False,2022-09-19,combined_biomass_wind
False,36.47166666666625,True,0,False,2022-09-20,combined_biomass_wind
False,37.00000000004542,True,0,False,2022-09-21,combined_biomass_wind
False,17.13939560439553,True,0,False,2022-09-22,combined_biomass_wind
False,18.99999999995527,True,0,False,2022-09-23,combined_biomass_wind
False,18.999999999954817,True,0,False,2022-09-24,combined_biomass_wind
False,16.61324175824177,True,0,False,2022-09-25,combined_biomass_wind
False,25.04761904748603,True,0,False,2022-09-26,combined_biomass_wind
False,24.523809523677585,True,0,False,2022-09-27,combined_biomass_wind
False,18.333333333202674,True,0,False,2022-09-28,combined_biomass_wind
False,13.761904761775284,True,0,False,2022-09-29,combined_biomass_wind
False,82.00000000004691,True,0,False,2022-09-30,combined_biomass_wind
False,61.000000000046114,True,0,False,2022-10-01,combined_biomass_wind
False,45.00000000004587,True,0,False,2022-10-02,combined_biomass_wind
False,20.352142857142624,True,0,False,2022-10-03,combined_biomass_wind
False,17.999999999951747,True,0,False,2022-10-04,combined_biomass_wind
False,13.206043956004216,True,0,False,2022-10-05,combined_biomass_wind
False,13.865384615344542,True,0,False,2022-10-06,combined_biomass_wind
False,22.00000000004622,True,0,False,2022-10-07,combined_biomass_wind
False,24.00000000004588,True,0,False,2022-10-08,combined_biomass_wind
False,31.666666666712665,True,0,False,2022-10-09,combined_biomass_wind
False,16.176923076923256,True,0,False,2022-10-10,combined_biomass_wind
False,22.666666666713013,True,0,False,2022-10-11,combined_biomass_wind
False,30.000000000046462,True,0,False,2022-10-12,combined_biomass_wind
False,37.00000000004725,True,0,False,2022-10-13,combined_biomass_wind
False,37.00000000004725,True,0,False,2022-10-14,combined_biomass_wind
False,16.000000000046235,True,0,False,2022-10-15,combined_biomass_wind
False,125446.66666666663,True,0,False,2022-10-16,combined_biomass_wind
False,109683.99999999993,True,0,False,2022-10-17,combined_biomass_wind
False,73525.90476190503,True,0,False,2022-10-18,combined_biomass_wind
False,66341.61904761934,True,0,False,2022-10-19,combined_biomass_wind
False,61178.904761905076,True,0,False,2022-10-20,combined_biomass_wind
False,50748.333333333685,True,0,False,2022-10-21,combined_biomass_wind
False,47870.17307692304,True,0,False,2022-10-22,combined_biomass_wind
False,45680.17307692304,True,0,False,2022-10-23,combined_biomass_wind
False,43674.37087912084,True,0,False,2022-10-24,combined_biomass_wind
False,43602.26098901093,True,0,False,2022-10-25,combined_biomass_wind
False,54237.14560439552,True,0,False,2022-10-26,combined_biomass_wind
False,96966.9523809528,True,0,False,2022-10-27,combined_biomass_wind
False,121618.66666666645,True,0,False,2022-10-28,combined_biomass_wind
False,120490.66666666645,True,0,False,2022-10-29,combined_biomass_wind
False,70879.58333333327,True,0,False,2022-10-30,combined_biomass_wind
False,86308.3235632183,True,0,False,2022-10-31,combined_biomass_wind
False,89516.99999999983,True,0,False,2022-11-01,combined_biomass_wind
False,86607.35804597691,True,0,False,2022-11-02,combined_biomass_wind
False,150948.9999999998,True,0,False,2022-11-03,combined_biomass_wind
False,293396.99999999977,True,0,False,2022-11-04,combined_biomass_wind
False,327652.66666666645,True,0,False,2022-11-05,combined_biomass_wind
False,165565.9523809529,True,0,False,2022-11-06,combined_biomass_wind
False,133916.2380952385,True,0,False,2022-11-07,combined_biomass_wind
False,149504.8095238099,True,0,False,2022-11-08,combined_biomass_wind
False,154286.95238095272,True,0,False,2022-11-09,combined_biomass_wind
False,108012.85439560426,True,0,False,2022-11-10,combined_biomass_wind
False,107531.12362637348,True,0,False,2022-11-11,combined_biomass_wind
False,101889.40934065921,True,0,False,2022-11-12,combined_biomass_wind
False,102003.86538461526,True,0,False,2022-11-13,combined_biomass_wind
False,78065.87087912078,True,0,False,2022-11-14,combined_biomass_wind
False,77515.58516483505,True,0,False,2022-11-15,combined_biomass_wind
False,79534.56868131857,True,0,False,2022-11-16,combined_biomass_wind
False,75120.04770114925,True,0,False,2022-11-17,combined_biomass_wind
False,77292.19942528718,True,0,False,2022-11-18,combined_biomass_wind
False,75028.85804597684,True,0,False,2022-11-19,combined_biomass_wind
False,80586.66666666654,True,0,False,2022-11-20,combined_biomass_wind
False,115833.99999999972,True,0,False,2022-11-21,combined_biomass_wind
False,131609.9999999997,True,0,False,2022-11-22,combined_biomass_wind
False,79057.86494252855,True,0,False,2022-11-23,combined_biomass_wind
False,79591.9614942527,True,0,False,2022-11-24,combined_biomass_wind
False,80070.22701149409,True,0,False,2022-11-25,combined_biomass_wind
False,301791.9999999999,True,0,False,2022-11-26,combined_biomass_wind
False,391031.9999999998,True,0,False,2022-11-27,combined_biomass_wind
False,417391.66666666645,True,0,False,2022-11-28,combined_biomass_wind
False,160727.23809523834,True,0,False,2022-11-29,combined_biomass_wind
False,170120.14285714307,True,0,False,2022-11-30,combined_biomass_wind
False,174755.95238095254,True,0,False,2022-12-01,combined_biomass_wind
False,177949.61904761923,True,0,False,2022-12-02,combined_biomass_wind
False,109849.40934065923,True,0,False,2022-12-03,combined_biomass_wind
False,88763.25549450541,True,0,False,2022-12-04,combined_biomass_wind
False,89658.4807692307,True,0,False,2022-12-05,combined_biomass_wind
False,90584.64010989005,True,0,False,2022-12-06,combined_biomass_wind
False,89566.52472527466,True,0,False,2022-12-07,combined_biomass_wind
False,87581.67307692302,True,0,False,2022-12-08,combined_biomass_wind
False,88150.81593406589,True,0,False,2022-12-09,combined_biomass_wind
False,75863.28563218389,True,0,False,2022-12-10,combined_biomass_wind
False,76953.37183908046,True,0,False,2022-12-11,combined_biomass_wind
False,76321.27183908047,True,0,False,2022-12-12,combined_biomass_wind
False,76396.47528735634,True,0,False,2022-12-13,combined_biomass_wind
False,76024.7971264368,True,0,False,2022-12-14,combined_biomass_wind
False,75574.30057471267,True,0,False,2022-12-15,combined_biomass_wind
False,68188.09367816096,True,0,False,2022-12-16,combined_biomass_wind
False,67772.16839080465,True,0,False,2022-12-17,combined_biomass_wind
False,57977.179885057536,True,0,False,2022-12-18,combined_biomass_wind
False,57902.779885057535,True,0,False,2022-12-19,combined_biomass_wind
False,44294.531609195474,True,0,False,2022-12-20,combined_biomass_wind
False,44407.69942528743,True,0,False,2022-12-21,combined_biomass_wind
False,44474.25574712651,True,0,False,2022-12-22,combined_biomass_wind
False,42968.0201149426,True,0,False,2022-12-23,combined_biomass_wind
False,41184.68678160927,True,0,False,2022-12-24,combined_biomass_wind
False,41186.113218390885,True,0,False,2022-12-25,combined_biomass_wind
False,91.9999999994394,True,0,False,2022-12-26,combined_biomass_wind
False,43.66666666610777,True,0,False,2022-12-27,combined_biomass_wind
False,51.99999999944281,True,0,False,2022-12-28,combined_biomass_wind
False,35.99999999943735,True,0,False,2022-12-29,combined_biomass_wind
False,23.99999999943872,True,0,False,2022-12-30,combined_biomass_wind
False,58.66666666610675,True,0,False,2022-12-31,combined_biomass_wind
False,25.999999999442466,True,0,False,2023-01-01,combined_biomass_wind
False,13.0,True,0,False,2023-01-02,combined_biomass_wind
False,11.926153846154206,True,0,False,2023-01-03,combined_biomass_wind
False,17.830000000000723,True,0,False,2023-01-04,combined_biomass_wind
False,16.996666666667334,True,0,False,2023-01-05,combined_biomass_wind
False,23.999999999436668,True,0,False,2023-01-06,combined_biomass_wind
False,31.999999999439396,True,0,False,2023-01-07,combined_biomass_wind
False,23.99999999943529,True,0,False,2023-01-08,combined_biomass_wind
False,19.47547619047574,True,0,False,2023-01-09,combined_biomass_wind
False,18.139761904761432,True,0,False,2023-01-10,combined_biomass_wind
False,17.043095238094836,True,0,False,2023-01-11,combined_biomass_wind
False,17.451373626374043,True,0,False,2023-01-12,combined_biomass_wind
False,27.666666666106735,True,0,False,2023-01-13,combined_biomass_wind
False,16.02040229885061,True,0,False,2023-01-14,combined_biomass_wind
False,28.666666666105712,True,0,False,2023-01-15,combined_biomass_wind
False,43.99999999943836,True,0,False,2023-01-16,combined_biomass_wind
False,43.99999999943836,True,0,False,2023-01-17,combined_biomass_wind
False,20.673095238095204,True,0,False,2023-01-18,combined_biomass_wind
False,17.661666666666584,True,0,False,2023-01-19,combined_biomass_wind
False,35.999999999436305,True,0,False,2023-01-20,combined_biomass_wind
False,96.66666666610773,True,0,False,2023-01-21,combined_biomass_wind
False,73.99999999944177,True,0,False,2023-01-22,combined_biomass_wind
False,76.66666666610877,True,0,False,2023-01-23,combined_biomass_wind
False,28.999999999437684,True,0,False,2023-01-24,combined_biomass_wind
False,37.57142857139775,True,0,False,2023-01-25,combined_biomass_wind
False,34.14999999999968,True,0,False,2023-01-26,combined_biomass_wind
False,42.66666666610979,True,0,False,2023-01-27,combined_biomass_wind
False,48.99999999943665,True,0,False,2023-01-28,combined_biomass_wind
False,31.61904761901416,True,0,False,2023-01-29,combined_biomass_wind
False,25.333333333297936,True,0,False,2023-01-30,combined_biomass_wind
False,32.3333333332967,True,0,False,2023-01-31,combined_biomass_wind
False,21.096153846140133,True,0,False,2023-02-01,combined_biomass_wind
False,19.19047619051633,True,0,False,2023-02-02,combined_biomass_wind
False,17.616666666666557,True,0,False,2023-02-03,combined_biomass_wind
False,15.350000000000012,True,0,False,2023-02-04,combined_biomass_wind
False,17.190476190511767,True,0,False,2023-02-05,combined_biomass_wind
False,17.33333333389226,True,0,False,2023-02-06,combined_biomass_wind
False,21.761904761936137,True,0,False,2023-02-07,combined_biomass_wind
False,58.6666666661057,True,0,False,2023-02-08,combined_biomass_wind
False,61.99999999943938,True,0,False,2023-02-09,combined_biomass_wind
False,29.999999999435275,True,0,False,2023-02-10,combined_biomass_wind
False,17.906666666666922,True,0,False,2023-02-11,combined_biomass_wind
False,18.456428571428518,True,0,False,2023-02-12,combined_biomass_wind
False,18.000000000559268,True,0,False,2023-02-13,combined_biomass_wind
False,21.03021978023421,True,0,False,2023-02-14,combined_biomass_wind
False,16.666666666104668,True,0,False,2023-02-15,combined_biomass_wind
False,12.999999999434252,True,0,False,2023-02-16,combined_biomass_wind
False,12.999999999434252,True,0,False,2023-02-17,combined_biomass_wind
False,37.999999999439375,True,0,False,2023-02-18,combined_biomass_wind
False,29.063571428571265,True,0,False,2023-02-19,combined_biomass_wind
False,27.0854761904762,True,0,False,2023-02-20,combined_biomass_wind
False,17.276666666667353,True,0,False,2023-02-21,combined_biomass_wind
False,18.898351648365896,True,0,False,2023-02-22,combined_biomass_wind
False,19.705476190475785,True,0,False,2023-02-23,combined_biomass_wind
False,20.87637362638775,True,0,False,2023-02-24,combined_biomass_wind
False,16.686781609087344,True,0,False,2023-02-25,combined_biomass_wind
False,17.0419540228805,True,0,False,2023-02-26,combined_biomass_wind
False,35.99999999943665,True,0,False,2023-02-27,combined_biomass_wind
False,19.423563218283302,True,0,False,2023-02-28,combined_biomass_wind
False,19.817816091846655,True,0,False,2023-03-01,combined_biomass_wind
False,21.61091954012259,True,0,False,2023-03-02,combined_biomass_wind
False,20.268390804490263,True,0,False,2023-03-03,combined_biomass_wind
False,20.268390804490263,True,0,False,2023-03-04,combined_biomass_wind
False,51.999999999438344,True,0,False,2023-03-05,combined_biomass_wind
False,21.999999999441393,True,0,False,2023-03-06,combined_biomass_wind
False,19.205000000000155,True,0,False,2023-03-07,combined_biomass_wind
False,20.333333333319388,True,0,False,2023-03-08,combined_biomass_wind
False,17.82356321828353,True,0,False,2023-03-09,combined_biomass_wind
False,20.79712643667456,True,0,False,2023-03-10,combined_biomass_wind
False,24.714285714314425,True,0,False,2023-03-11,combined_biomass_wind
False,27.85714285717351,True,0,False,2023-03-12,combined_biomass_wind
False,26.428571428601554,True,0,False,2023-03-13,combined_biomass_wind
False,25.42857142860103,True,0,False,2023-03-14,combined_biomass_wind
False,25.33333333336258,True,0,False,2023-03-15,combined_biomass_wind
False,15.014367815985235,True,0,False,2023-03-16,combined_biomass_wind
False,20.442307692323546,True,0,False,2023-03-17,combined_biomass_wind
False,28.999999999445436,True,0,False,2023-03-18,combined_biomass_wind
False,20.282967032982544,True,0,False,2023-03-19,combined_biomass_wind
False,22.333333333302875,True,0,False,2023-03-20,combined_biomass_wind
False,23.9999999994357,True,0,False,2023-03-21,combined_biomass_wind
False,26.619047619015404,True,0,False,2023-03-22,combined_biomass_wind
False,18.66666666610775,True,0,False,2023-03-23,combined_biomass_wind
False,27.666666666104717,True,0,False,2023-03-24,combined_biomass_wind
False,31.999999999442423,True,0,False,2023-03-25,combined_biomass_wind
False,58.66666666610371,True,0,False,2023-03-26,combined_biomass_wind
False,65.99999999943638,True,0,False,2023-03-27,combined_biomass_wind
False,19.000000000568647,True,0,False,2023-03-28,combined_biomass_wind
False,16.619047619012782,True,0,False,2023-03-29,combined_biomass_wind
False,113.99999999944276,True,0,False,2023-03-30,combined_biomass_wind
False,55.66666666611178,True,0,False,2023-03-31,combined_biomass_wind
False,46.66666666611279,True,0,False,2023-04-01,combined_biomass_wind
False,4279.99999999948,True,0,False,2023-04-02,combined_biomass_wind
False,4200.666666666186,True,0,False,2023-04-03,combined_biomass_wind
False,4029.619047619084,True,0,False,2023-04-04,combined_biomass_wind
False,3862.4761904762477,True,0,False,2023-04-05,combined_biomass_wind
False,4759.914835164799,True,0,False,2023-04-06,combined_biomass_wind
False,5159.123626373586,True,0,False,2023-04-07,combined_biomass_wind
False,4995.403846153803,True,0,False,2023-04-08,combined_biomass_wind
False,5690.332417582368,True,0,False,2023-04-09,combined_biomass_wind
False,5296.2390109889575,True,0,False,2023-04-10,combined_biomass_wind
False,4609.095977011577,True,0,False,2023-04-11,combined_biomass_wind
False,4638.668390804678,True,0,False,2023-04-12,combined_biomass_wind
False,4660.737356321917,True,0,False,2023-04-13,combined_biomass_wind
False,4580.145402298928,True,0,False,2023-04-14,combined_biomass_wind
False,4658.35229885065,True,0,False,2023-04-15,combined_biomass_wind
False,4572.935057471339,True,0,False,2023-04-16,combined_biomass_wind
False,4476.737356321913,True,0,False,2023-04-17,combined_biomass_wind
False,4447.348850574783,True,0,False,2023-04-18,combined_biomass_wind
False,4849.555747126503,True,0,False,2023-04-19,combined_biomass_wind
False,4668.283333333398,True,0,False,2023-04-20,combined_biomass_wind
False,4638.530459770176,True,0,False,2023-04-21,combined_biomass_wind
False,4487.92356321845,True,0,False,2023-04-22,combined_biomass_wind
False,4183.772988505804,True,0,False,2023-04-23,combined_biomass_wind
False,3935.0649425287916,True,0,False,2023-04-24,combined_biomass_wind
False,3571.6626436782135,True,0,False,2023-04-25,combined_biomass_wind
False,3222.9270114943033,True,0,False,2023-04-26,combined_biomass_wind
False,2817.4270114943,True,0,False,2023-04-27,combined_biomass_wind
False,2513.4097701149867,True,0,False,2023-04-28,combined_biomass_wind
False,2171.064942528778,True,0,False,2023-04-29,combined_biomass_wind
False,1682.0477011494652,True,0,False,2023-04-30,combined_biomass_wind
False,1201.2718390804976,True,0,False,2023-05-01,combined_biomass_wind
False,1201.4683908046352,True,0,False,2023-05-02,combined_biomass_wind
False,1270.7339080460133,True,0,False,2023-05-03,combined_biomass_wind
False,2815.9999999995634,True,0,False,2023-05-04,combined_biomass_wind
False,3045.9999999995493,True,0,False,2023-05-05,combined_biomass_wind
False,1378.23735632188,True,0,False,2023-05-06,combined_biomass_wind
False,1503.2857142858236,True,0,False,2023-05-07,combined_biomass_wind
False,2037.9999999995334,True,0,False,2023-05-08,combined_biomass_wind
False,1792.6666666662097,True,0,False,2023-05-09,combined_biomass_wind
False,1404.3543956043334,True,0,False,2023-05-10,combined_biomass_wind
False,1345.673076923016,True,0,False,2023-05-11,combined_biomass_wind
False,1923.9999999995457,True,0,False,2023-05-12,combined_biomass_wind
False,2446.9523809524926,True,0,False,2023-05-13,combined_biomass_wind
False,3111.1428571429756,True,0,False,2023-05-14,combined_biomass_wind
False,2303.9523809525103,True,0,False,2023-05-15,combined_biomass_wind
False,2166.809523809657,True,0,False,2023-05-16,combined_biomass_wind
False,1898.9697802197168,True,0,False,2023-05-17,combined_biomass_wind
False,2096.3333333334667,True,0,False,2023-05-18,combined_biomass_wind
False,3084.809523809642,True,0,False,2023-05-19,combined_biomass_wind
False,2935.9999999995302,True,0,False,2023-05-20,combined_biomass_wind
False,2986.6666666661968,True,0,False,2023-05-21,combined_biomass_wind
False,2809.9999999995616,True,0,False,2023-05-22,combined_biomass_wind
False,4672.666666666242,True,0,False,2023-05-23,combined_biomass_wind
False,3125.2380952382027,True,0,False,2023-05-24,combined_biomass_wind
False,2676.809523809641,True,0,False,2023-05-25,combined_biomass_wind
False,2223.140109890038,True,0,False,2023-05-26,combined_biomass_wind
False,1990.3763736263024,True,0,False,2023-05-27,combined_biomass_wind
False,2039.4697802197088,True,0,False,2023-05-28,combined_biomass_wind
False,2051.6236263735545,True,0,False,2023-05-29,combined_biomass_wind
False,4900.666666666234,True,0,False,2023-05-30,combined_biomass_wind
False,3193.999999999557,True,0,False,2023-05-31,combined_biomass_wind
False,2878.666666666217,True,0,False,2023-06-01,combined_biomass_wind
False,6382.666666666202,True,0,False,2023-06-02,combined_biomass_wind
False,6086.809523809612,True,0,False,2023-06-03,combined_biomass_wind
False,4884.238095238158,True,0,False,2023-06-04,combined_biomass_wind
False,5475.601648351596,True,0,False,2023-06-05,combined_biomass_wind
False,5277.255494505453,True,0,False,2023-06-06,combined_biomass_wind
False,5672.332417582381,True,0,False,2023-06-07,combined_biomass_wind
False,5680.64010989008,True,0,False,2023-06-08,combined_biomass_wind
False,5707.096153846129,True,0,False,2023-06-09,combined_biomass_wind
False,4996.962643678223,True,0,False,2023-06-10,combined_biomass_wind
False,5151.886781609262,True,0,False,2023-06-11,combined_biomass_wind
False,4958.664942528806,True,0,False,2023-06-12,combined_biomass_wind
False,4751.823563218465,True,0,False,2023-06-13,combined_biomass_wind
False,4814.21436781617,True,0,False,2023-06-14,combined_biomass_wind
False,4868.571839080541,True,0,False,2023-06-15,combined_biomass_wind
False,4967.748850574798,True,0,False,2023-06-16,combined_biomass_wind
False,5112.168390804684,True,0,False,2023-06-17,combined_biomass_wind
False,5261.630459770203,True,0,False,2023-06-18,combined_biomass_wind
False,5063.6074712644595,True,0,False,2023-06-19,combined_biomass_wind
False,5197.4925287357255,True,0,False,2023-06-20,combined_biomass_wind
False,4895.89252873573,True,0,False,2023-06-21,combined_biomass_wind
False,4227.221264367919,True,0,False,2023-06-22,combined_biomass_wind
False,4049.952298850681,True,0,False,2023-06-23,combined_biomass_wind
False,3738.8718390805698,True,0,False,2023-06-24,combined_biomass_wind
False,3520.1132183909176,True,0,False,2023-06-25,combined_biomass_wind
False,2830.9270114943706,True,0,False,2023-06-26,combined_biomass_wind
False,1820.2143678162147,True,0,False,2023-06-27,combined_biomass_wind
False,1291.8545977012755,True,0,False,2023-06-28,combined_biomass_wind
False,1234.0385057472538,True,0,False,2023-06-29,combined_biomass_wind
False,436.16839080472903,True,0,False,2023-06-30,combined_biomass_wind
False,16.63461538463322,True,0,False,2023-07-01,combined_biomass_wind
False,16.0,True,0,False,2023-07-02,combined_biomass_wind
False,36.66666666612138,True,0,False,2023-07-03,combined_biomass_wind
False,27.18333333333339,True,0,False,2023-07-04,combined_biomass_wind
False,51.99999999945132,True,0,False,2023-07-05,combined_biomass_wind
False,64.9999999994504,True,0,False,2023-07-06,combined_biomass_wind
False,35.142857142854204,True,0,False,2023-07-07,combined_biomass_wind
False,32.571428571421784,True,0,False,2023-07-08,combined_biomass_wind
False,24.95238095237344,True,0,False,2023-07-09,combined_biomass_wind
False,31.999999999444874,True,0,False,2023-07-10,combined_biomass_wind
False,16.000000000552348,True,0,False,2023-07-11,combined_biomass_wind
False,17.333333333885985,True,0,False,2023-07-12,combined_biomass_wind
False,15.453296703315125,True,0,False,2023-07-13,combined_biomass_wind
False,16.0,True,0,False,2023-07-14,combined_biomass_wind
False,22.52380952381546,True,0,False,2023-07-15,combined_biomass_wind
False,21.38095238095803,True,0,False,2023-07-16,combined_biomass_wind
False,21.38095238095803,True,0,False,2023-07-17,combined_biomass_wind
False,22.380952380957886,True,0,False,2023-07-18,combined_biomass_wind
False,18.380952380957034,True,0,False,2023-07-19,combined_biomass_wind
False,22.666666666113997,True,0,False,2023-07-20,combined_biomass_wind
False,21.999999999447944,True,0,False,2023-07-21,combined_biomass_wind
False,26.068681318661707,True,0,False,2023-07-22,combined_biomass_wind
False,26.17307692305726,True,0,False,2023-07-23,combined_biomass_wind
False,23.403846153826805,True,0,False,2023-07-24,combined_biomass_wind
False,23.82692307690378,True,0,False,2023-07-25,combined_biomass_wind
False,20.634615384596447,True,0,False,2023-07-26,combined_biomass_wind
False,20.903846153827168,True,0,False,2023-07-27,combined_biomass_wind
False,22.414835164815916,True,0,False,2023-07-28,combined_biomass_wind
False,22.01923076921215,True,0,False,2023-07-29,combined_biomass_wind
False,21.999999999448562,True,0,False,2023-07-30,combined_biomass_wind
False,21.999999999448562,True,0,False,2023-07-31,combined_biomass_wind
False,17.95229885043821,True,0,False,2023-08-01,combined_biomass_wind
False,76.66666666611773,True,0,False,2023-08-02,combined_biomass_wind
False,73.99999999945354,True,0,False,2023-08-03,combined_biomass_wind
False,18.666666666663595,True,0,False,2023-08-04,combined_biomass_wind
False,21.285714285709624,True,0,False,2023-08-05,combined_biomass_wind
False,16.030459769979032,True,0,False,2023-08-06,combined_biomass_wind
False,21.4005747125082,True,0,False,2023-08-07,combined_biomass_wind
False,21.128160919404834,True,0,False,2023-08-08,combined_biomass_wind
False,21.128160919404834,True,0,False,2023-08-09,combined_biomass_wind
False,24.3333333333374,True,0,False,2023-08-10,combined_biomass_wind
False,18.43505747112948,True,0,False,2023-08-11,combined_biomass_wind
False,73.99999999945078,True,0,False,2023-08-12,combined_biomass_wind
False,76.66666666611498,True,0,False,2023-08-13,combined_biomass_wind
False,14.379761904762427,True,0,False,2023-08-14,combined_biomass_wind
False,15.000000000555708,True,0,False,2023-08-15,combined_biomass_wind
False,15.000000000555708,True,0,False,2023-08-16,combined_biomass_wind
False,20.333333333319388,True,0,False,2023-08-17,combined_biomass_wind
False,29.38095238096307,True,0,False,2023-08-18,combined_biomass_wind
False,45.99999999944896,True,0,False,2023-08-19,combined_biomass_wind
False,49.99999999944865,True,0,False,2023-08-20,combined_biomass_wind
False,68.99999999944771,True,0,False,2023-08-21,combined_biomass_wind
False,12.836666666666625,True,0,False,2023-08-22,combined_biomass_wind
False,18.70547619047646,True,0,False,2023-08-23,combined_biomass_wind
False,17.163095238095575,True,0,False,2023-08-24,combined_biomass_wind
False,18.12166666666695,True,0,False,2023-08-25,combined_biomass_wind
False,22.380952380962952,True,0,False,2023-08-26,combined_biomass_wind
False,19.141666666666975,True,0,False,2023-08-27,combined_biomass_wind
False,14.83309523809563,True,0,False,2023-08-28,combined_biomass_wind
False,15.98452380952433,True,0,False,2023-08-29,combined_biomass_wind
False,18.30829670329676,True,0,False,2023-08-30,combined_biomass_wind
False,17.826153846153908,True,0,False,2023-08-31,combined_biomass_wind
False,36.6666666661169,True,0,False,2023-09-01,combined_biomass_wind
False,126.66666666611408,True,0,False,2023-09-02,combined_biomass_wind
False,124.99999999944711,True,0,False,2023-09-03,combined_biomass_wind
False,148.9999999994477,True,0,False,2023-09-04,combined_biomass_wind
False,61.57142857142488,True,0,False,2023-09-05,combined_biomass_wind
False,54.142857142855355,True,0,False,2023-09-06,combined_biomass_wind
False,52.285714285712935,True,0,False,2023-09-07,combined_biomass_wind
False,58.9999999999991,True,0,False,2023-09-08,combined_biomass_wind
False,29.999999999453323,True,0,False,2023-09-09,combined_biomass_wind
False,46.9433333333335,True,0,False,2023-09-10,combined_biomass_wind
False,19.826923076939458,True,0,False,2023-09-11,combined_biomass_wind
False,23.999999999451788,True,0,False,2023-09-12,combined_biomass_wind
False,16.217032967049185,True,0,False,2023-09-13,combined_biomass_wind
False,16.024725274741115,True,0,False,2023-09-14,combined_biomass_wind
False,16.333333333877526,True,0,False,2023-09-15,combined_biomass_wind
False,19.000000000543576,True,0,False,2023-09-16,combined_biomass_wind
False,45.99999999945243,True,0,False,2023-09-17,combined_biomass_wind
False,51.9999999994469,True,0,False,2023-09-18,combined_biomass_wind
False,33.999999999446295,True,0,False,2023-09-19,combined_biomass_wind
False,68.99999999944414,True,0,False,2023-09-20,combined_biomass_wind
False,65.99999999944691,True,0,False,2023-09-21,combined_biomass_wind
False,45.99999999944599,True,0,False,2023-09-22,combined_biomass_wind
False,31.54999999999985,True,0,False,2023-09-23,combined_biomass_wind
False,124.99999999945243,True,0,False,2023-09-24,combined_biomass_wind
False,123.99999999945334,True,0,False,2023-09-25,combined_biomass_wind
False,53.99999999945548,True,0,False,2023-09-26,combined_biomass_wind
False,31.333333333329314,True,0,False,2023-09-27,combined_biomass_wind
False,34.47619047618735,True,0,False,2023-09-28,combined_biomass_wind
False,48.28571428570968,True,0,False,2023-09-29,combined_biomass_wind
False,93.99999999945271,True,0,False,2023-09-30,combined_biomass_wind
False,91.99999999945241,True,0,False,2023-10-01,combined_biomass_wind
False,70.66666666611965,True,0,False,2023-10-02,combined_biomass_wind
False,33.238095238091525,True,0,False,2023-10-03,combined_biomass_wind
False,33.23809523809151,True,0,False,2023-10-04,combined_biomass_wind
False,30.66666666666162,True,0,False,2023-10-05,combined_biomass_wind
False,103.9999999994505,True,0,False,2023-10-06,combined_biomass_wind
False,112.66666666611684,True,0,False,2023-10-07,combined_biomass_wind
False,108.9999999994505,True,0,False,2023-10-08,combined_biomass_wind
False,25.809523809518623,True,0,False,2023-10-09,combined_biomass_wind
False,20.95238095237532,True,0,False,2023-10-10,combined_biomass_wind
False,15.809523809518623,True,0,False,2023-10-11,combined_biomass_wind
False,21.07166666666656,True,0,False,2023-10-12,combined_biomass_wind
False,22.19047619048314,True,0,False,2023-10-13,combined_biomass_wind
False,24.666666666671716,True,0,False,2023-10-14,combined_biomass_wind
False,24.42857142857575,True,0,False,2023-10-15,combined_biomass_wind
False,8728.66666666617,True,0,False,2023-10-16,combined_biomass_wind
False,7090.666666666207,True,0,False,2023-10-17,combined_biomass_wind
False,5631.80952380958,True,0,False,2023-10-18,combined_biomass_wind
False,4971.952380952452,True,0,False,2023-10-19,combined_biomass_wind
False,4082.9523809524594,True,0,False,2023-10-20,combined_biomass_wind
False,18195.999999999585,True,0,False,2023-10-21,combined_biomass_wind
False,59301.99999999972,True,0,False,2023-10-22,combined_biomass_wind
False,31926.952380952604,True,0,False,2023-10-23,combined_biomass_wind
False,49300.66666666643,True,0,False,2023-10-24,combined_biomass_wind
False,43600.66666666643,True,0,False,2023-10-25,combined_biomass_wind
False,44013.99999999976,True,0,False,2023-10-26,combined_biomass_wind
False,37094.370879120725,True,0,False,2023-10-27,combined_biomass_wind
False,33244.99175824158,True,0,False,2023-10-28,combined_biomass_wind
False,36259.47873563221,True,0,False,2023-10-29,combined_biomass_wind
False,35834.337356321856,True,0,False,2023-10-30,combined_biomass_wind
False,35410.30632183909,True,0,False,2023-10-31,combined_biomass_wind
False,36304.268390804595,True,0,False,2023-11-01,combined_biomass_wind
False,35685.90977011494,True,0,False,2023-11-02,combined_biomass_wind
False,36242.820114942515,True,0,False,2023-11-03,combined_biomass_wind
False,35377.22126436779,True,0,False,2023-11-04,combined_biomass_wind
False,34442.62816091951,True,0,False,2023-11-05,combined_biomass_wind
False,37424.668390804545,True,0,False,2023-11-06,combined_biomass_wind
False,41337.9999999998,True,0,False,2023-11-07,combined_biomass_wind
False,45404.99999999979,True,0,False,2023-11-08,combined_biomass_wind
False,31688.958045976942,True,0,False,2023-11-09,combined_biomass_wind
False,29524.300574712564,True,0,False,2023-11-10,combined_biomass_wind
False,27557.99712643669,True,0,False,2023-11-11,combined_biomass_wind
False,30288.999999999804,True,0,False,2023-11-12,combined_biomass_wind
False,34576.999999999796,True,0,False,2023-11-13,combined_biomass_wind
False,35082.66666666648,True,0,False,2023-11-14,combined_biomass_wind
False,22182.435057471124,True,0,False,2023-11-15,combined_biomass_wind
False,21034.168390804454,True,0,False,2023-11-16,combined_biomass_wind
False,20053.468390804446,True,0,False,2023-11-17,combined_biomass_wind
False,18536.21436781593,True,0,False,2023-11-18,combined_biomass_wind
False,17203.123626373406,True,0,False,2023-11-19,combined_biomass_wind
False,17306.185632183726,True,0,False,2023-11-20,combined_biomass_wind
False,16388.59022988488,True,0,False,2023-11-21,combined_biomass_wind
False,25787.999999999847,True,0,False,2023-11-22,combined_biomass_wind
False,29452.666666666526,True,0,False,2023-11-23,combined_biomass_wind
False,32121.999999999825,True,0,False,2023-11-24,combined_biomass_wind
False,26548.666666666504,True,0,False,2023-11-25,combined_biomass_wind
False,259924.00000000006,True,0,False,2023-11-26,combined_biomass_wind
False,385216.6666666667,True,0,False,2023-11-27,combined_biomass_wind
False,474004.66666666657,True,0,False,2023-11-28,combined_biomass_wind
False,192039.66666666695,True,0,False,2023-11-29,combined_biomass_wind
False,193556.47619047645,True,0,False,2023-11-30,combined_biomass_wind
False,201992.66666666695,True,0,False,2023-12-01,combined_biomass_wind
False,205585.8095238098,True,0,False,2023-12-02,combined_biomass_wind
False,123336.8159340658,True,0,False,2023-12-03,combined_biomass_wind
False,119323.36538461527,True,0,False,2023-12-04,combined_biomass_wind
False,118524.37637362629,True,0,False,2023-12-05,combined_biomass_wind
False,120519.40934065927,True,0,False,2023-12-06,combined_biomass_wind
False,107111.58516483514,True,0,False,2023-12-07,combined_biomass_wind
False,104584.90384615383,True,0,False,2023-12-08,combined_biomass_wind
False,102328.20054945056,True,0,False,2023-12-09,combined_biomass_wind
False,76586.52126436775,True,0,False,2023-12-10,combined_biomass_wind
False,77539.9005747126,True,0,False,2023-12-11,combined_biomass_wind
False,75073.03160919539,True,0,False,2023-12-12,combined_biomass_wind
False,76320.1304597701,True,0,False,2023-12-13,combined_biomass_wind
False,76140.49022988505,True,0,False,2023-12-14,combined_biomass_wind
False,77206.88908045978,True,0,False,2023-12-15,combined_biomass_wind
False,76812.1683908046,True,0,False,2023-12-16,combined_biomass_wind
False,75661.40057471266,True,0,False,2023-12-17,combined_biomass_wind
False,73415.90057471268,True,0,False,2023-12-18,combined_biomass_wind
False,72767.3545977012,True,0,False,2023-12-19,combined_biomass_wind
False,65985.53735632192,True,0,False,2023-12-20,combined_biomass_wind
False,62277.89252873572,True,0,False,2023-12-21,combined_biomass_wind
False,61639.455747126536,True,0,False,2023-12-22,combined_biomass_wind
False,52332.835057471384,True,0,False,2023-12-23,combined_biomass_wind
False,49845.26609195415,True,0,False,2023-12-24,combined_biomass_wind
False,47765.97873563232,True,0,False,2023-12-25,combined_biomass_wind
False,33.36538461547302,True,0,False,2023-12-26,combined_biomass_wind
False,34.14285714305269,True,0,False,2023-12-27,combined_biomass_wind
False,24.047701149611655,True,0,False,2023-12-28,combined_biomass_wind
False,48.28571428591126,True,0,False,2023-12-29,combined_biomass_wind
False,44.142857143053895,True,0,False,2023-12-30,combined_biomass_wind
False,90.6666666661573,True,0,False,2023-12-31,combined_biomass_wind
False,19.623626373713584,True,0,False,2024-01-01,combined_biomass_wind
False,21.008333333332356,True,0,False,2024-01-02,combined_biomass_wind
False,23.142857143053888,True,0,False,2024-01-03,combined_biomass_wind
False,23.23809523829206,True,0,False,2024-01-04,combined_biomass_wind
False,22.69296703296775,True,0,False,2024-01-05,combined_biomass_wind
False,22.69296703296775,True,0,False,2024-01-06,combined_biomass_wind
False,22.68945054945127,True,0,False,2024-01-07,combined_biomass_wind
False,22.733908046161915,True,0,False,2024-01-08,combined_biomass_wind
False,63.666666666158335,True,0,False,2024-01-09,combined_biomass_wind
False,100.99999999949443,True,0,False,2024-01-10,combined_biomass_wind
False,80.99999999949237,True,0,False,2024-01-11,combined_biomass_wind
False,28.99999999949444,True,0,False,2024-01-12,combined_biomass_wind
False,30.571428571627813,True,0,False,2024-01-13,combined_biomass_wind
False,51.28571428591237,True,0,False,2024-01-14,combined_biomass_wind
False,32.23809523829208,True,0,False,2024-01-15,combined_biomass_wind
False,32.23809523829208,True,0,False,2024-01-16,combined_biomass_wind
False,20.276043956044575,True,0,False,2024-01-17,combined_biomass_wind
False,21.484999999999335,True,0,False,2024-01-18,combined_biomass_wind
False,70.66666666615417,True,0,False,2024-01-19,combined_biomass_wind
False,21.848954022988174,True,0,False,2024-01-20,combined_biomass_wind
False,69.99999999948786,True,0,False,2024-01-21,combined_biomass_wind
False,21.644494252873233,True,0,False,2024-01-22,combined_biomass_wind
False,21.64780459770082,True,0,False,2024-01-23,combined_biomass_wind
False,37.23809523828991,True,0,False,2024-01-24,combined_biomass_wind
False,43.666666666145865,True,0,False,2024-01-25,combined_biomass_wind
False,51.99999999948092,True,0,False,2024-01-26,combined_biomass_wind
False,22.375604395605052,True,0,False,2024-01-27,combined_biomass_wind
False,20.21321839080428,True,0,False,2024-01-28,combined_biomass_wind
False,20.35271264367785,True,0,False,2024-01-29,combined_biomass_wind
False,20.311712643677854,True,0,False,2024-01-30,combined_biomass_wind
False,20.496770114942223,True,0,False,2024-01-31,combined_biomass_wind
False,20.233908045976715,True,0,False,2024-02-01,combined_biomass_wind
False,18.823333333333284,True,0,False,2024-02-02,combined_biomass_wind
False,16.215471264367544,True,0,False,2024-02-03,combined_biomass_wind
False,16.272402298850306,True,0,False,2024-02-04,combined_biomass_wind
False,18.85714285694521,True,0,False,2024-02-05,combined_biomass_wind
False,25.333333333135073,True,0,False,2024-02-06,combined_biomass_wind
False,24.19047619027854,True,0,False,2024-02-07,combined_biomass_wind
False,17.523809523612414,True,0,False,2024-02-08,combined_biomass_wind
False,18.428571428374394,True,0,False,2024-02-09,combined_biomass_wind
False,22.666666666148977,True,0,False,2024-02-10,combined_biomass_wind
False,73.99999999948717,True,0,False,2024-02-11,combined_biomass_wind
False,99.99999999948923,True,0,False,2024-02-12,combined_biomass_wind
False,44.99999999949098,True,0,False,2024-02-13,combined_biomass_wind
False,36.999999999486825,True,0,False,2024-02-14,combined_biomass_wind
False,17.476190476387572,True,0,False,2024-02-15,combined_biomass_wind
False,20.90476190495923,True,0,False,2024-02-16,combined_biomass_wind
False,95.99999999948473,True,0,False,2024-02-17,combined_biomass_wind
False,106.66666666614587,True,0,False,2024-02-18,combined_biomass_wind
False,25.80952380971781,True,0,False,2024-02-19,combined_biomass_wind
False,72.66666666614694,True,0,False,2024-02-20,combined_biomass_wind
False,43.80952380971885,True,0,False,2024-02-21,combined_biomass_wind
False,43.80952380971885,True,0,False,2024-02-22,combined_biomass_wind
False,88.66666666614906,True,0,False,2024-02-23,combined_biomass_wind
False,149.99999999948514,True,0,False,2024-02-24,combined_biomass_wind
False,179.999999999479,True,0,False,2024-02-25,combined_biomass_wind
False,124.99999999948275,True,0,False,2024-02-26,combined_biomass_wind
False,58.14285714305132,True,0,False,2024-02-27,combined_biomass_wind
False,51.47619047638411,True,0,False,2024-02-28,combined_biomass_wind
False,40.28571428590757,True,0,False,2024-02-29,combined_biomass_wind
False,24.019230769322355,True,0,False,2024-03-01,combined_biomass_wind
False,79.9999999994882,True,0,False,2024-03-02,combined_biomass_wind
False,101.69333333333383,True,0,False,2024-03-03,combined_biomass_wind
False,86.44000000000058,True,0,False,2024-03-04,combined_biomass_wind
False,94.28333333333386,True,0,False,2024-03-05,combined_biomass_wind
False,32.48626373635203,True,0,False,2024-03-06,combined_biomass_wind
False,32.48626373635203,True,0,False,2024-03-07,combined_biomass_wind
False,23.84119047619012,True,0,False,2024-03-08,combined_biomass_wind
False,23.71428571408876,True,0,False,2024-03-09,combined_biomass_wind
False,27.42857142837492,True,0,False,2024-03-10,combined_biomass_wind
False,22.857142856946787,True,0,False,2024-03-11,combined_biomass_wind
False,29.99999999948681,True,0,False,2024-03-12,combined_biomass_wind
False,36.99999999948578,True,0,False,2024-03-13,combined_biomass_wind
False,31.99999999949091,True,0,False,2024-03-14,combined_biomass_wind
False,35.99999999948681,True,0,False,2024-03-15,combined_biomass_wind
False,123.99999999948307,True,0,False,2024-03-16,combined_biomass_wind
False,100.66666666614906,True,0,False,2024-03-17,combined_biomass_wind
False,112.66666666614702,True,0,False,2024-03-18,combined_biomass_wind
False,53.99999999948581,True,0,False,2024-03-19,combined_biomass_wind
False,52.23809523829021,True,0,False,2024-03-20,combined_biomass_wind
False,26.95238095257526,True,0,False,2024-03-21,combined_biomass_wind
False,36.809523809717454,True,0,False,2024-03-22,combined_biomass_wind
False,40.66666666614904,True,0,False,2024-03-23,combined_biomass_wind
False,28.999999999480686,True,0,False,2024-03-24,combined_biomass_wind
False,110.28333333333391,True,0,False,2024-03-25,combined_biomass_wind
False,56.56333333333417,True,0,False,2024-03-26,combined_biomass_wind
False,97.42333333333401,True,0,False,2024-03-27,combined_biomass_wind
False,29.64023809523742,True,0,False,2024-03-28,combined_biomass_wind
False,112.66666666615106,True,0,False,2024-03-29,combined_biomass_wind
False,135.99999999948776,True,0,False,2024-03-30,combined_biomass_wind
False,35.14285714305418,True,0,False,2024-03-31,combined_biomass_wind
False,31.57142857162453,True,0,False,2024-04-01,combined_biomass_wind
False,10859.999999999545,True,0,False,2024-04-02,combined_biomass_wind
False,9287.99999999959,True,0,False,2024-04-03,combined_biomass_wind
False,5781.142857143086,True,0,False,2024-04-04,combined_biomass_wind
False,5307.142857143092,True,0,False,2024-04-05,combined_biomass_wind
False,4811.238095238339,True,0,False,2024-04-06,combined_biomass_wind
False,4335.892857142896,True,0,False,2024-04-07,combined_biomass_wind
False,4180.678571428606,True,0,False,2024-04-08,combined_biomass_wind
False,3894.0851648351945,True,0,False,2024-04-09,combined_biomass_wind
False,3873.1620879121087,True,0,False,2024-04-10,combined_biomass_wind
False,3744.260989010998,True,0,False,2024-04-11,combined_biomass_wind
False,3808.9683908047377,True,0,False,2024-04-12,combined_biomass_wind
False,3857.8235632185274,True,0,False,2024-04-13,combined_biomass_wind
False,3788.268390804732,True,0,False,2024-04-14,combined_biomass_wind
False,3928.1074712644954,True,0,False,2024-04-15,combined_biomass_wind
False,4484.0488505748335,True,0,False,2024-04-16,combined_biomass_wind
False,4860.6132183909185,True,0,False,2024-04-17,combined_biomass_wind
False,4833.817816092064,True,0,False,2024-04-18,combined_biomass_wind
False,4612.720114942636,True,0,False,2024-04-19,combined_biomass_wind
False,4554.475287356424,True,0,False,2024-04-20,combined_biomass_wind
False,4318.406321839178,True,0,False,2024-04-21,combined_biomass_wind
False,4110.651149425384,True,0,False,2024-04-22,combined_biomass_wind
False,3902.406321839172,True,0,False,2024-04-23,combined_biomass_wind
False,3848.268390804684,True,0,False,2024-04-24,combined_biomass_wind
False,3708.6683908046775,True,0,False,2024-04-25,combined_biomass_wind
False,3363.7683908046743,True,0,False,2024-04-26,combined_biomass_wind
False,2913.0097701150153,True,0,False,2024-04-27,combined_biomass_wind
False,2631.840804597771,True,0,False,2024-04-28,combined_biomass_wind
False,2308.2729885058143,True,0,False,2024-04-29,combined_biomass_wind
False,1968.1132183908696,True,0,False,2024-04-30,combined_biomass_wind
False,1485.078735632244,True,0,False,2024-05-01,combined_biomass_wind
False,1351.4270114943147,True,0,False,2024-05-02,combined_biomass_wind
False,1386.6235632184546,True,0,False,2024-05-03,combined_biomass_wind
False,1386.6821839081097,True,0,False,2024-05-04,combined_biomass_wind
False,1369.8178160920168,True,0,False,2024-05-05,combined_biomass_wind
False,1374.6281609196028,True,0,False,2024-05-06,combined_biomass_wind
False,1419.3718390805193,True,0,False,2024-05-07,combined_biomass_wind
False,1626.9047619050282,True,0,False,2024-05-08,combined_biomass_wind
False,2731.666666666312,True,0,False,2024-05-09,combined_biomass_wind
False,2816.999999999648,True,0,False,2024-05-10,combined_biomass_wind
False,1612.1785714285409,True,0,False,2024-05-11,combined_biomass_wind
False,1590.2454022989032,True,0,False,2024-05-12,combined_biomass_wind
False,1585.0959770115448,True,0,False,2024-05-13,combined_biomass_wind
False,1552.2380952383642,True,0,False,2024-05-14,combined_biomass_wind
False,1481.2660919540733,True,0,False,2024-05-15,combined_biomass_wind
False,1331.9281609195925,True,0,False,2024-05-16,combined_biomass_wind
False,1185.4270114943067,True,0,False,2024-05-17,combined_biomass_wind
False,1348.0764367816605,True,0,False,2024-05-18,combined_biomass_wind
False,1570.6666666663011,True,0,False,2024-05-19,combined_biomass_wind
False,1879.9999999996287,True,0,False,2024-05-20,combined_biomass_wind
False,1641.238095238355,True,0,False,2024-05-21,combined_biomass_wind
False,1657.9047619050214,True,0,False,2024-05-22,combined_biomass_wind
False,2129.999999999589,True,0,False,2024-05-23,combined_biomass_wind
False,2383.9047619050257,True,0,False,2024-05-24,combined_biomass_wind
False,3190.6666666662913,True,0,False,2024-05-25,combined_biomass_wind
False,3185.999999999625,True,0,False,2024-05-26,combined_biomass_wind
False,2062.6666666669253,True,0,False,2024-05-27,combined_biomass_wind
False,1712.9523809526402,True,0,False,2024-05-28,combined_biomass_wind
False,1698.476190476451,True,0,False,2024-05-29,combined_biomass_wind
False,1686.1428571431152,True,0,False,2024-05-30,combined_biomass_wind
False,1575.0961538461233,True,0,False,2024-05-31,combined_biomass_wind
False,1260.7109195402772,True,0,False,2024-06-01,combined_biomass_wind
False,5506.666666666231,True,0,False,2024-06-02,combined_biomass_wind
False,3162.6190476192887,True,0,False,2024-06-03,combined_biomass_wind
False,4251.952380952617,True,0,False,2024-06-04,combined_biomass_wind
False,4031.403846153847,True,0,False,2024-06-05,combined_biomass_wind
False,4322.20054945056,True,0,False,2024-06-06,combined_biomass_wind
False,3628.9862637362867,True,0,False,2024-06-07,combined_biomass_wind
False,3925.4478021978302,True,0,False,2024-06-08,combined_biomass_wind
False,3886.0477011495095,True,0,False,2024-06-09,combined_biomass_wind
False,4065.4270114943442,True,0,False,2024-06-10,combined_biomass_wind
False,4293.693678161014,True,0,False,2024-06-11,combined_biomass_wind
False,4336.107471264467,True,0,False,2024-06-12,combined_biomass_wind
False,4499.892528735735,True,0,False,2024-06-13,combined_biomass_wind
False,4592.852298850682,True,0,False,2024-06-14,combined_biomass_wind
False,4552.347701149537,True,0,False,2024-06-15,combined_biomass_wind
False,4513.497126436898,True,0,False,2024-06-16,combined_biomass_wind
False,4034.1304597702383,True,0,False,2024-06-17,combined_biomass_wind
False,3953.9798850575976,True,0,False,2024-06-18,combined_biomass_wind
False,3885.0787356323144,True,0,False,2024-06-19,combined_biomass_wind
False,3949.676436781742,True,0,False,2024-06-20,combined_biomass_wind
False,3824.038505747262,True,0,False,2024-06-21,combined_biomass_wind
False,3523.0040229886463,True,0,False,2024-06-22,combined_biomass_wind
False,2702.6235632185385,True,0,False,2024-06-23,combined_biomass_wind
False,2652.9959770116443,True,0,False,2024-06-24,combined_biomass_wind
False,2222.504022988661,True,0,False,2024-06-25,combined_biomass_wind
False,1841.8408045978606,True,0,False,2024-06-26,combined_biomass_wind
False,1751.3350574714261,True,0,False,2024-06-27,combined_biomass_wind
False,1280.2316091955684,True,0,False,2024-06-28,combined_biomass_wind
False,971.5936781610892,True,0,False,2024-06-29,combined_biomass_wind
False,326.85804597718607,True,0,False,2024-06-30,combined_biomass_wind
False,25.345769230769356,True,0,False,2024-07-01,combined_biomass_wind
False,24.719395604395665,True,0,False,2024-07-02,combined_biomass_wind
False,13.990000000000302,True,0,False,2024-07-03,combined_biomass_wind
False,13.156666666666949,True,0,False,2024-07-04,combined_biomass_wind
False,18.634999999999366,True,0,False,2024-07-05,combined_biomass_wind
False,40.66666666615036,True,0,False,2024-07-06,combined_biomass_wind
False,31.999999999488132,True,0,False,2024-07-07,combined_biomass_wind
False,18.745476190475657,True,0,False,2024-07-08,combined_biomass_wind
False,43.66666666615038,True,0,False,2024-07-09,combined_biomass_wind
False,19.890218390804634,True,0,False,2024-07-10,combined_biomass_wind
False,31.666666666144238,True,0,False,2024-07-11,combined_biomass_wind
False,30.333333333542548,True,0,False,2024-07-12,combined_biomass_wind
False,20.893804597701163,True,0,False,2024-07-13,combined_biomass_wind
False,44.999999999485084,True,0,False,2024-07-14,combined_biomass_wind
False,43.44333333333306,True,0,False,2024-07-15,combined_biomass_wind
False,28.66666666615346,True,0,False,2024-07-16,combined_biomass_wind
False,24.904761904971423,True,0,False,2024-07-17,combined_biomass_wind
False,89.99999999947997,True,0,False,2024-07-18,combined_biomass_wind
False,119.99999999948338,True,0,False,2024-07-19,combined_biomass_wind
False,119.99999999948338,True,0,False,2024-07-20,combined_biomass_wind
False,29.904761904972226,True,0,False,2024-07-21,combined_biomass_wind
False,29.904761904972055,True,0,False,2024-07-22,combined_biomass_wind
False,26.571428571639302,True,0,False,2024-07-23,combined_biomass_wind
False,23.142857143067644,True,0,False,2024-07-24,combined_biomass_wind
False,24.190476190264867,True,0,False,2024-07-25,combined_biomass_wind
False,18.19047619026539,True,0,False,2024-07-26,combined_biomass_wind
False,17.71428571407549,True,0,False,2024-07-27,combined_biomass_wind
False,15.48309523809451,True,0,False,2024-07-28,combined_biomass_wind
False,22.6666666661463,True,0,False,2024-07-29,combined_biomass_wind
False,35.999999999476906,True,0,False,2024-07-30,combined_biomass_wind
False,40.666666666148345,True,0,False,2024-07-31,combined_biomass_wind
False,28.999999999479293,True,0,False,2024-08-01,combined_biomass_wind
False,22.666666666152445,True,0,False,2024-08-02,combined_biomass_wind
False,31.999999999487144,True,0,False,2024-08-03,combined_biomass_wind
False,20.809523809734188,True,0,False,2024-08-04,combined_biomass_wind
False,35.57142857163951,True,0,False,2024-08-05,combined_biomass_wind
False,17.33333333383936,True,0,False,2024-08-06,combined_biomass_wind
False,108.6666666661545,True,0,False,2024-08-07,combined_biomass_wind
False,93.5833333333335,True,0,False,2024-08-08,combined_biomass_wind
False,43.99999999948237,True,0,False,2024-08-09,combined_biomass_wind
False,47.34119047619044,True,0,False,2024-08-10,combined_biomass_wind
False,68.99999999948754,True,0,False,2024-08-11,combined_biomass_wind
False,145.9999999994804,True,0,False,2024-08-12,combined_biomass_wind
False,44.66666666687568,True,0,False,2024-08-13,combined_biomass_wind
False,49.99999999947936,True,0,False,2024-08-14,combined_biomass_wind
False,35.23809523830487,True,0,False,2024-08-15,combined_biomass_wind
False,47.238095238305085,True,0,False,2024-08-16,combined_biomass_wind
False,61.99999999948514,True,0,False,2024-08-17,combined_biomass_wind
False,93.99999999948245,True,0,False,2024-08-18,combined_biomass_wind
False,23.73901098909024,True,0,False,2024-08-19,combined_biomass_wind
False,33.999999999478405,True,0,False,2024-08-20,combined_biomass_wind
False,84.99999999948412,True,0,False,2024-08-21,combined_biomass_wind
False,91.6666666661474,True,0,False,2024-08-22,combined_biomass_wind
False,99.99999999948041,True,0,False,2024-08-23,combined_biomass_wind
False,29.285714285922708,True,0,False,2024-08-24,combined_biomass_wind
False,31.99999999948008,True,0,False,2024-08-25,combined_biomass_wind
False,20.904761904970428,True,0,False,2024-08-26,combined_biomass_wind
False,20.904761904970435,True,0,False,2024-08-27,combined_biomass_wind
False,142.66666666615046,True,0,False,2024-08-28,combined_biomass_wind
False,136.66666666615248,True,0,False,2024-08-29,combined_biomass_wind
False,46.66666666615551,True,0,False,2024-08-30,combined_biomass_wind
False,42.476190476400895,True,0,False,2024-08-31,combined_biomass_wind
False,49.999999999486135,True,0,False,2024-09-01,combined_biomass_wind
False,45.99999999948646,True,0,False,2024-09-02,combined_biomass_wind
False,22.952380952591625,True,0,False,2024-09-03,combined_biomass_wind
False,17.950000000000387,True,0,False,2024-09-04,combined_biomass_wind
False,14.650000000000505,True,0,False,2024-09-05,combined_biomass_wind
False,21.999999999483435,True,0,False,2024-09-06,combined_biomass_wind
False,52.66666666615146,True,0,False,2024-09-07,combined_biomass_wind
False,88.66666666614843,True,0,False,2024-09-08,combined_biomass_wind
False,70.66666666615045,True,0,False,2024-09-09,combined_biomass_wind
False,19.54214285714216,True,0,False,2024-09-10,combined_biomass_wind
False,19.578333333332605,True,0,False,2024-09-11,combined_biomass_wind
False,17.749761904761282,True,0,False,2024-09-12,combined_biomass_wind
False,24.13,True,0,False,2024-09-13,combined_biomass_wind
False,43.99999999948008,True,0,False,2024-09-14,combined_biomass_wind
False,10.38095238074387,True,0,False,2024-09-15,combined_biomass_wind
False,15.99999999947807,True,0,False,2024-09-16,combined_biomass_wind
False,46.66666666615248,True,0,False,2024-09-17,combined_biomass_wind
False,19.904761904971565,True,0,False,2024-09-18,combined_biomass_wind
False,19.904761904971565,True,0,False,2024-09-19,combined_biomass_wind
False,25.80952380973325,True,0,False,2024-09-20,combined_biomass_wind
False,12.74547619047599,True,0,False,2024-09-21,combined_biomass_wind
False,18.00000000052194,True,0,False,2024-09-22,combined_biomass_wind
False,18.00000000052194,True,0,False,2024-09-23,combined_biomass_wind
False,14.416666666667684,True,0,False,2024-09-24,combined_biomass_wind
False,14.761904761696016,True,0,False,2024-09-25,combined_biomass_wind
False,11.999999999999998,True,0,False,2024-09-26,combined_biomass_wind
False,11.999999999999998,True,0,False,2024-09-27,combined_biomass_wind
False,15.370000000000257,True,0,False,2024-09-28,combined_biomass_wind
False,13.120000000000443,True,0,False,2024-09-29,combined_biomass_wind
False,19.52380952359971,True,0,False,2024-09-30,combined_biomass_wind
False,73.9999999994861,True,0,False,2024-10-01,combined_biomass_wind
False,135.9999999994841,True,0,False,2024-10-02,combined_biomass_wind
False,149.99999999948207,True,0,False,2024-10-03,combined_biomass_wind
False,28.999999999478355,True,0,False,2024-10-04,combined_biomass_wind
False,36.61904761925721,True,0,False,2024-10-05,combined_biomass_wind
False,30.90476190497177,True,0,False,2024-10-06,combined_biomass_wind
False,37.2380952383055,True,0,False,2024-10-07,combined_biomass_wind
False,16.99999999948404,True,0,False,2024-10-08,combined_biomass_wind
False,48.99999999948139,True,0,False,2024-10-09,combined_biomass_wind
False,15.486318681318915,True,0,False,2024-10-10,combined_biomass_wind
False,53.99999999948403,True,0,False,2024-10-11,combined_biomass_wind
False,17.736666666667027,True,0,False,2024-10-12,combined_biomass_wind
False,15.925476190475585,True,0,False,2024-10-13,combined_biomass_wind
False,17.333333333849627,True,0,False,2024-10-14,combined_biomass_wind
False,17.325476190475506,True,0,False,2024-10-15,combined_biomass_wind
False,1348.999999999505,True,0,False,2024-10-16,combined_biomass_wind
False,29684.999999999607,True,0,False,2024-10-17,combined_biomass_wind
False,16879.999999999673,True,0,False,2024-10-18,combined_biomass_wind
False,40515.23809523837,True,0,False,2024-10-19,combined_biomass_wind
False,41038.619047619344,True,0,False,2024-10-20,combined_biomass_wind
False,39403.571428571755,True,0,False,2024-10-21,combined_biomass_wind
False,37322.39285714281,True,0,False,2024-10-22,combined_biomass_wind
False,37985.60164835158,True,0,False,2024-10-23,combined_biomass_wind
False,36822.41483516476,True,0,False,2024-10-24,combined_biomass_wind
False,38032.6666666664,True,0,False,2024-10-25,combined_biomass_wind
False,72185.9999999998,True,0,False,2024-10-26,combined_biomass_wind
False,37869.909340659186,True,0,False,2024-10-27,combined_biomass_wind
False,38527.26264367821,True,0,False,2024-10-28,combined_biomass_wind
False,39219.9522988506,True,0,False,2024-10-29,combined_biomass_wind
False,38458.23160919543,True,0,False,2024-10-30,combined_biomass_wind
False,37835.73160919543,True,0,False,2024-10-31,combined_biomass_wind
False,38276.16264367817,True,0,False,2024-11-01,combined_biomass_wind
False,39932.130459770124,True,0,False,2024-11-02,combined_biomass_wind
False,45314.599425287335,True,0,False,2024-11-03,combined_biomass_wind
False,43802.72816091951,True,0,False,2024-11-04,combined_biomass_wind
False,56429.99999999982,True,0,False,2024-11-05,combined_biomass_wind
False,40361.22011494248,True,0,False,2024-11-06,combined_biomass_wind
False,38734.84770114938,True,0,False,2024-11-07,combined_biomass_wind
False,36978.41091954016,True,0,False,2024-11-08,combined_biomass_wind
False,34842.20402298843,True,0,False,2024-11-09,combined_biomass_wind
False,34060.11321839071,True,0,False,2024-11-10,combined_biomass_wind
False,41302.66666666653,True,0,False,2024-11-11,combined_biomass_wind
False,31917.478735632067,True,0,False,2024-11-12,combined_biomass_wind
False,49246.66666666646,True,0,False,2024-11-13,combined_biomass_wind
False,38759.99999999979,True,0,False,2024-11-14,combined_biomass_wind
False,35343.99999999984,True,0,False,2024-11-15,combined_biomass_wind
False,48743.99999999982,True,0,False,2024-11-16,combined_biomass_wind
False,37419.80952380986,True,0,False,2024-11-17,combined_biomass_wind
False,26632.544252873417,True,0,False,2024-11-18,combined_biomass_wind
False,26526.18563218377,True,0,False,2024-11-19,combined_biomass_wind
False,27173.142857143164,True,0,False,2024-11-20,combined_biomass_wind
False,26086.623563218254,True,0,False,2024-11-21,combined_biomass_wind
False,26235.541954022865,True,0,False,2024-11-22,combined_biomass_wind
False,24959.711538461335,True,0,False,2024-11-23,combined_biomass_wind
False,25320.613218390685,True,0,False,2024-11-24,combined_biomass_wind
False,23478.438505747017,True,0,False,2024-11-25,combined_biomass_wind
False,49565.999999999694,True,0,False,2024-11-26,combined_biomass_wind
False,65788.66666666634,True,0,False,2024-11-27,combined_biomass_wind
False,81160.66666666631,True,0,False,2024-11-28,combined_biomass_wind
False,32220.6666666669,True,0,False,2024-11-29,combined_biomass_wind
False,33267.23809523831,True,0,False,2024-11-30,combined_biomass_wind
False,35129.80952380973,True,0,False,2024-12-01,combined_biomass_wind
False,35492.80952380972,True,0,False,2024-12-02,combined_biomass_wind
False,30069.037356321816,True,0,False,2024-12-03,combined_biomass_wind
False,31381.451149425277,True,0,False,2024-12-04,combined_biomass_wind
False,32741.607471264364,True,0,False,2024-12-05,combined_biomass_wind
False,33895.57873563218,True,0,False,2024-12-06,combined_biomass_wind
False,34997.70287356323,True,0,False,2024-12-07,combined_biomass_wind
False,34884.85804597703,True,0,False,2024-12-08,combined_biomass_wind
False,35719.70287356325,True,0,False,2024-12-09,combined_biomass_wind
False,33229.22011494258,True,0,False,2024-12-10,combined_biomass_wind
False,26073.175287356407,True,0,False,2024-12-11,combined_biomass_wind
False,25846.710919540317,True,0,False,2024-12-12,combined_biomass_wind
False,26135.547701149528,True,0,False,2024-12-13,combined_biomass_wind
False,19120.871839080584,True,0,False,2024-12-14,combined_biomass_wind
False,15186.364942528877,True,0,False,2024-12-15,combined_biomass_wind
False,15270.297126436928,True,0,False,2024-12-16,combined_biomass_wind
False,15000.927011494408,True,0,False,2024-12-17,combined_biomass_wind
False,14777.702873563381,True,0,False,2024-12-18,combined_biomass_wind
False,12667.57873563236,True,0,False,2024-12-19,combined_biomass_wind
False,12304.176436781792,True,0,False,2024-12-20,combined_biomass_wind
False,11436.651149425477,True,0,False,2024-12-21,combined_biomass_wind
False,10231.210919540428,True,0,False,2024-12-22,combined_biomass_wind
False,9010.77988505768,True,0,False,2024-12-23,combined_biomass_wind
False,8830.697126436993,True,0,False,2024-12-24,combined_biomass_wind
False,8380.076436781826,True,0,False,2024-12-25,combined_biomass_wind
False,26.903846153738264,True,0,False,2024-12-26,combined_biomass_wind
False,26.260989010881048,True,0,False,2024-12-27,combined_biomass_wind
False,26.903846153738847,True,0,False,2024-12-28,combined_biomass_wind
False,26.876373626266393,True,0,False,2024-12-29,combined_biomass_wind
False,25.936813186706175,True,0,False,2024-12-30,combined_biomass_wind
False,27.66758241747577,True,0,False,2024-12-31,combined_biomass_wind
False,43.65804597707442,True,0,False,2020-01-01,combined_all_favorable
False,43.65804597707442,True,0,False,2020-01-02,combined_all_favorable
False,64.16666666668061,True,0,False,2020-01-03,combined_all_favorable
False,102.00000000001393,True,0,False,2020-01-04,combined_all_favorable
False,134.00000000001396,True,0,False,2020-01-05,combined_all_favorable
False,214.0000000000139,True,0,False,2020-01-06,combined_all_favorable
False,165.0000000000139,True,0,False,2020-01-07,combined_all_favorable
False,77.95238095269224,True,0,False,2020-01-08,combined_all_favorable
False,75.80952380983507,True,0,False,2020-01-09,combined_all_favorable
False,65.95238095269224,True,0,False,2020-01-10,combined_all_favorable
False,37.981501831539376,True,0,False,2020-01-11,combined_all_favorable
False,35.06938061941817,True,0,False,2020-01-12,combined_all_favorable
False,31.95271395275151,True,0,False,2020-01-13,combined_all_favorable
False,87.66666666668065,True,0,False,2020-01-14,combined_all_favorable
False,63.666666666680584,True,0,False,2020-01-15,combined_all_favorable
False,32.3928571428947,True,0,False,2020-01-16,combined_all_favorable
False,28.52472527476283,True,0,False,2020-01-17,combined_all_favorable
False,19.10482082488179,True,0,False,2020-01-18,combined_all_favorable
False,19.329755465404666,True,0,False,2020-01-19,combined_all_favorable
False,19.68283424077446,True,0,False,2020-01-20,combined_all_favorable
False,21.89880952380978,True,0,False,2020-01-21,combined_all_favorable
False,21.301666666666925,True,0,False,2020-01-22,combined_all_favorable
False,19.793296760710668,True,0,False,2020-01-23,combined_all_favorable
False,29.363333333333355,True,0,False,2020-01-24,combined_all_favorable
False,19.428571428260142,True,0,False,2020-01-25,combined_all_favorable
False,39.21333333333334,True,0,False,2020-01-26,combined_all_favorable
False,33.71000000000008,True,0,False,2020-01-27,combined_all_favorable
False,24.222527472489908,True,0,False,2020-01-28,combined_all_favorable
False,21.475274725237163,True,0,False,2020-01-29,combined_all_favorable
False,125.00000000001407,True,0,False,2020-01-30,combined_all_favorable
False,50.00000000001411,True,0,False,2020-01-31,combined_all_favorable
False,50.00000000001411,True,0,False,2020-02-01,combined_all_favorable
False,22.14285714316842,True,0,False,2020-02-02,combined_all_favorable
False,31.57142857173985,True,0,False,2020-02-03,combined_all_favorable
False,18.476190476501763,True,0,False,2020-02-04,combined_all_favorable
False,22.0,True,0,False,2020-02-05,combined_all_favorable
False,17.999999999985945,True,0,False,2020-02-06,combined_all_favorable
False,62.00000000001397,True,0,False,2020-02-07,combined_all_favorable
False,85.00000000001397,True,0,False,2020-02-08,combined_all_favorable
False,85.00000000001393,True,0,False,2020-02-09,combined_all_favorable
False,94.00000000001396,True,0,False,2020-02-10,combined_all_favorable
False,52.6666666666806,True,0,False,2020-02-11,combined_all_favorable
False,142.66666666668067,True,0,False,2020-02-12,combined_all_favorable
False,81.00000000001401,True,0,False,2020-02-13,combined_all_favorable
False,82.66666666668065,True,0,False,2020-02-14,combined_all_favorable
False,33.80952380983505,True,0,False,2020-02-15,combined_all_favorable
False,32.9523809526922,True,0,False,2020-02-16,combined_all_favorable
False,52.643333333333345,True,0,False,2020-02-17,combined_all_favorable
False,19.33333333331932,True,0,False,2020-02-18,combined_all_favorable
False,18.999999999985985,True,0,False,2020-02-19,combined_all_favorable
False,28.85714285683161,True,0,False,2020-02-20,combined_all_favorable
False,26.71428571397448,True,0,False,2020-02-21,combined_all_favorable
False,28.42857142826021,True,0,False,2020-02-22,combined_all_favorable
False,41.78333333333339,True,0,False,2020-02-23,combined_all_favorable
False,36.666666666680655,True,0,False,2020-02-24,combined_all_favorable
False,17.0,True,0,False,2020-02-25,combined_all_favorable
False,27.666666666680612,True,0,False,2020-02-26,combined_all_favorable
False,21.000000000013955,True,0,False,2020-02-27,combined_all_favorable
False,13.952380952692323,True,0,False,2020-02-28,combined_all_favorable
False,11.581666666666882,True,0,False,2020-02-29,combined_all_favorable
False,16.33333333331951,True,0,False,2020-03-01,combined_all_favorable
False,12.019230769268319,True,0,False,2020-03-02,combined_all_favorable
False,23.89000000000014,True,0,False,2020-03-03,combined_all_favorable
False,11.999999999986045,True,0,False,2020-03-04,combined_all_favorable
False,13.0,True,0,False,2020-03-05,combined_all_favorable
False,58.01000000000012,True,0,False,2020-03-06,combined_all_favorable
False,114.00000000001393,True,0,False,2020-03-07,combined_all_favorable
False,114.00000000001393,True,0,False,2020-03-08,combined_all_favorable
False,40.66666666668064,True,0,False,2020-03-09,combined_all_favorable
False,30.33333333364468,True,0,False,2020-03-10,combined_all_favorable
False,80.0000000000139,True,0,False,2020-03-11,combined_all_favorable
False,45.23809523840662,True,0,False,2020-03-12,combined_all_favorable
False,28.666666666680534,True,0,False,2020-03-13,combined_all_favorable
False,16.634615384652946,True,0,False,2020-03-14,combined_all_favorable
False,15.956666666666589,True,0,False,2020-03-15,combined_all_favorable
False,24.950000000000113,True,0,False,2020-03-16,combined_all_favorable
False,21.000000000013898,True,0,False,2020-03-17,combined_all_favorable
False,16.000000000013884,True,0,False,2020-03-18,combined_all_favorable
False,15.956666666666523,True,0,False,2020-03-19,combined_all_favorable
False,56.000000000013955,True,0,False,2020-03-20,combined_all_favorable
False,81.00000000001396,True,0,False,2020-03-21,combined_all_favorable
False,91.66666666668061,True,0,False,2020-03-22,combined_all_favorable
False,31.666666666680577,True,0,False,2020-03-23,combined_all_favorable
False,15.132142857143076,True,0,False,2020-03-24,combined_all_favorable
False,14.865000000000222,True,0,False,2020-03-25,combined_all_favorable
False,28.040000000000145,True,0,False,2020-03-26,combined_all_favorable
False,17.00000000001389,True,0,False,2020-03-27,combined_all_favorable
False,19.95238095269236,True,0,False,2020-03-28,combined_all_favorable
False,25.952380952692394,True,0,False,2020-03-29,combined_all_favorable
False,15.95329670333431,True,0,False,2020-03-30,combined_all_favorable
False,12.991758241795836,True,0,False,2020-03-31,combined_all_favorable
False,17.78547619047641,True,0,False,2020-04-01,combined_all_favorable
False,3941.000000000014,True,0,False,2020-04-02,combined_all_favorable
False,9445.000000000013,True,0,False,2020-04-03,combined_all_favorable
False,6737.2380952384065,True,0,False,2020-04-04,combined_all_favorable
False,5928.285714286025,True,0,False,2020-04-05,combined_all_favorable
False,4993.285714286025,True,0,False,2020-04-06,combined_all_favorable
False,4772.21703296707,True,0,False,2020-04-07,combined_all_favorable
False,5215.585164835202,True,0,False,2020-04-08,combined_all_favorable
False,4873.255494505531,True,0,False,2020-04-09,combined_all_favorable
False,4563.892857142894,True,0,False,2020-04-10,combined_all_favorable
False,4335.057692307729,True,0,False,2020-04-11,combined_all_favorable
False,4028.2005494505856,True,0,False,2020-04-12,combined_all_favorable
False,4108.038505747062,True,0,False,2020-04-13,combined_all_favorable
False,4186.504022988441,True,0,False,2020-04-14,combined_all_favorable
False,4368.251149425222,True,0,False,2020-04-15,combined_all_favorable
False,4427.14770114936,True,0,False,2020-04-16,combined_all_favorable
False,4455.123563218325,True,0,False,2020-04-17,combined_all_favorable
False,4352.337356321773,True,0,False,2020-04-18,combined_all_favorable
False,4620.755747126371,True,0,False,2020-04-19,combined_all_favorable
False,4603.541954022921,True,0,False,2020-04-20,combined_all_favorable
False,4431.289080459703,True,0,False,2020-04-21,combined_all_favorable
False,4256.940804597634,True,0,False,2020-04-22,combined_all_favorable
False,4279.037356321771,True,0,False,2020-04-23,combined_all_favorable
False,4036.364942528668,True,0,False,2020-04-24,combined_all_favorable
False,3724.1994252872887,True,0,False,2020-04-25,combined_all_favorable
False,3428.3201149424603,True,0,False,2020-04-26,combined_all_favorable
False,3006.02011494246,True,0,False,2020-04-27,combined_all_favorable
False,2687.5143678160225,True,0,False,2020-04-28,combined_all_favorable
False,2249.9614942528037,True,0,False,2020-04-29,combined_all_favorable
False,1794.485632183838,True,0,False,2020-04-30,combined_all_favorable
False,1398.4423076923435,True,0,False,2020-05-01,combined_all_favorable
False,1353.2939560439918,True,0,False,2020-05-02,combined_all_favorable
False,1196.8379120879474,True,0,False,2020-05-03,combined_all_favorable
False,1876.0000000000155,True,0,False,2020-05-04,combined_all_favorable
False,1986.0000000000161,True,0,False,2020-05-05,combined_all_favorable
False,1420.8543956044307,True,0,False,2020-05-06,combined_all_favorable
False,1222.722527472563,True,0,False,2020-05-07,combined_all_favorable
False,1231.7442528734919,True,0,False,2020-05-08,combined_all_favorable
False,1570.0000000000123,True,0,False,2020-05-09,combined_all_favorable
False,1525.000000000012,True,0,False,2020-05-10,combined_all_favorable
False,1510.0000000000136,True,0,False,2020-05-11,combined_all_favorable
False,1000.3833333332616,True,0,False,2020-05-12,combined_all_favorable
False,1002.9442528734917,True,0,False,2020-05-13,combined_all_favorable
False,1008.1304597700432,True,0,False,2020-05-14,combined_all_favorable
False,1105.0000000000143,True,0,False,2020-05-15,combined_all_favorable
False,1380.0000000000146,True,0,False,2020-05-16,combined_all_favorable
False,1276.6666666666808,True,0,False,2020-05-17,combined_all_favorable
False,1154.2270114941807,True,0,False,2020-05-18,combined_all_favorable
False,1154.000000000016,True,0,False,2020-05-19,combined_all_favorable
False,5102.000000000012,True,0,False,2020-05-20,combined_all_favorable
False,8136.000000000012,True,0,False,2020-05-21,combined_all_favorable
False,8816.000000000011,True,0,False,2020-05-22,combined_all_favorable
False,5626.000000000014,True,0,False,2020-05-23,combined_all_favorable
False,3751.8095238098394,True,0,False,2020-05-24,combined_all_favorable
False,3902.9523809526995,True,0,False,2020-05-25,combined_all_favorable
False,3908.6666666669853,True,0,False,2020-05-26,combined_all_favorable
False,3112.2380952384124,True,0,False,2020-05-27,combined_all_favorable
False,2436.5302197802566,True,0,False,2020-05-28,combined_all_favorable
False,2406.024725274762,True,0,False,2020-05-29,combined_all_favorable
False,2302.063186813225,True,0,False,2020-05-30,combined_all_favorable
False,2274.1730769231144,True,0,False,2020-05-31,combined_all_favorable
False,2234.00000000001,True,0,False,2020-06-01,combined_all_favorable
False,3224.0000000000055,True,0,False,2020-06-02,combined_all_favorable
False,3232.1785714286107,True,0,False,2020-06-03,combined_all_favorable
False,3172.9523809527045,True,0,False,2020-06-04,combined_all_favorable
False,3264.952380952706,True,0,False,2020-06-05,combined_all_favorable
False,3108.7385057470597,True,0,False,2020-06-06,combined_all_favorable
False,3400.3925287355655,True,0,False,2020-06-07,combined_all_favorable
False,3674.3419540229224,True,0,False,2020-06-08,combined_all_favorable
False,3854.5718390803945,True,0,False,2020-06-09,combined_all_favorable
False,3962.8350574711994,True,0,False,2020-06-10,combined_all_favorable
False,4163.340804597636,True,0,False,2020-06-11,combined_all_favorable
False,4199.892528735568,True,0,False,2020-06-12,combined_all_favorable
False,4155.97873563212,True,0,False,2020-06-13,combined_all_favorable
False,4284.199425287293,True,0,False,2020-06-14,combined_all_favorable
False,4059.095977011432,True,0,False,2020-06-15,combined_all_favorable
False,3995.6304597700537,True,0,False,2020-06-16,combined_all_favorable
False,3538.113218390744,True,0,False,2020-06-17,combined_all_favorable
False,3445.3580459769514,True,0,False,2020-06-18,combined_all_favorable
False,3483.6856321838486,True,0,False,2020-06-19,combined_all_favorable
False,2449.289080459712,True,0,False,2020-06-20,combined_all_favorable
False,2416.099425287299,True,0,False,2020-06-21,combined_all_favorable
False,2312.9442528735062,True,0,False,2020-06-22,combined_all_favorable
False,1847.486781609139,True,0,False,2020-06-23,combined_all_favorable
False,1859.4097701148864,True,0,False,2020-06-24,combined_all_favorable
False,1709.6166666666109,True,0,False,2020-06-25,combined_all_favorable
False,1446.4902298850022,True,0,False,2020-06-26,combined_all_favorable
False,1192.364942528681,True,0,False,2020-06-27,combined_all_favorable
False,978.2545977010952,True,0,False,2020-06-28,combined_all_favorable
False,446.1591954022455,True,0,False,2020-06-29,combined_all_favorable
False,52.737356321786336,True,0,False,2020-06-30,combined_all_favorable
False,37.66666666699549,True,0,False,2020-07-01,combined_all_favorable
False,25.35690476190463,True,0,False,2020-07-02,combined_all_favorable
False,106.00000000000013,True,0,False,2020-07-03,combined_all_favorable
False,36.666666666667155,True,0,False,2020-07-04,combined_all_favorable
False,30.00000000000051,True,0,False,2020-07-05,combined_all_favorable
False,25.000000000328846,True,0,False,2020-07-06,combined_all_favorable
False,31.904761905090815,True,0,False,2020-07-07,combined_all_favorable
False,55.9047619050909,True,0,False,2020-07-08,combined_all_favorable
False,63.14285714318624,True,0,False,2020-07-09,combined_all_favorable
False,14.222527472575088,True,0,False,2020-07-10,combined_all_favorable
False,61.99999999999976,True,0,False,2020-07-11,combined_all_favorable
False,31.666666666666615,True,0,False,2020-07-12,combined_all_favorable
False,44.47619047651961,True,0,False,2020-07-13,combined_all_favorable
False,60.4761904765194,True,0,False,2020-07-14,combined_all_favorable
False,31.40934065938808,True,0,False,2020-07-15,combined_all_favorable
False,31.31593406598148,True,0,False,2020-07-16,combined_all_favorable
False,39.99999999999975,True,0,False,2020-07-17,combined_all_favorable
False,53.9999999999998,True,0,False,2020-07-18,combined_all_favorable
False,81.99999999999997,True,0,False,2020-07-19,combined_all_favorable
False,40.66666666666676,True,0,False,2020-07-20,combined_all_favorable
False,28.66666666666658,True,0,False,2020-07-21,combined_all_favorable
False,21.999999999999893,True,0,False,2020-07-22,combined_all_favorable
False,18.214450549450405,True,0,False,2020-07-23,combined_all_favorable
False,22.666666666666572,True,0,False,2020-07-24,combined_all_favorable
False,14.103076923076795,True,0,False,2020-07-25,combined_all_favorable
False,15.075604395604273,True,0,False,2020-07-26,combined_all_favorable
False,31.99999999999966,True,0,False,2020-07-27,combined_all_favorable
False,28.666666666666295,True,0,False,2020-07-28,combined_all_favorable
False,28.66666666666587,True,0,False,2020-07-29,combined_all_favorable
False,21.999999999999325,True,0,False,2020-07-30,combined_all_favorable
False,84.99999999999952,True,0,False,2020-07-31,combined_all_favorable
False,29.999999999999815,True,0,False,2020-08-01,combined_all_favorable
False,20.238095238424428,True,0,False,2020-08-02,combined_all_favorable
False,13.809523809852962,True,0,False,2020-08-03,combined_all_favorable
False,19.999999999999524,True,0,False,2020-08-04,combined_all_favorable
False,20.000000000000803,True,0,False,2020-08-05,combined_all_favorable
False,49.999999999999574,True,0,False,2020-08-06,combined_all_favorable
False,111.67999999999996,True,0,False,2020-08-07,combined_all_favorable
False,56.08452380952372,True,0,False,2020-08-08,combined_all_favorable
False,148.68333333333328,True,0,False,2020-08-09,combined_all_favorable
False,66.00333333333323,True,0,False,2020-08-10,combined_all_favorable
False,60.04166666666658,True,0,False,2020-08-11,combined_all_favorable
False,60.04166666666658,True,0,False,2020-08-12,combined_all_favorable
False,60.65690476190468,True,0,False,2020-08-13,combined_all_favorable
False,25.689230769230882,True,0,False,2020-08-14,combined_all_favorable
False,23.682032967033102,True,0,False,2020-08-15,combined_all_favorable
False,19.06269230769245,True,0,False,2020-08-16,combined_all_favorable
False,19.363076923077067,True,0,False,2020-08-17,combined_all_favorable
False,19.68093406593421,True,0,False,2020-08-18,combined_all_favorable
False,20.561538461538603,True,0,False,2020-08-19,combined_all_favorable
False,33.99999999999974,True,0,False,2020-08-20,combined_all_favorable
False,28.666666666666295,True,0,False,2020-08-21,combined_all_favorable
False,15.381758241758186,True,0,False,2020-08-22,combined_all_favorable
False,20.543333333333305,True,0,False,2020-08-23,combined_all_favorable
False,22.738809523809437,True,0,False,2020-08-24,combined_all_favorable
False,32.00000000000019,True,0,False,2020-08-25,combined_all_favorable
False,22.000000000000362,True,0,False,2020-08-26,combined_all_favorable
False,16.310000000000013,True,0,False,2020-08-27,combined_all_favorable
False,13.99999999999983,True,0,False,2020-08-28,combined_all_favorable
False,17.816666666666663,True,0,False,2020-08-29,combined_all_favorable
False,18.0,True,0,False,2020-08-30,combined_all_favorable
False,114.00000000000014,True,0,False,2020-08-31,combined_all_favorable
False,112.6666666666668,True,0,False,2020-09-01,combined_all_favorable
False,61.400000000000034,True,0,False,2020-09-02,combined_all_favorable
False,22.367857142857098,True,0,False,2020-09-03,combined_all_favorable
False,19.801190476190406,True,0,False,2020-09-04,combined_all_favorable
False,24.23809523842381,True,0,False,2020-09-05,combined_all_favorable
False,26.804999999999936,True,0,False,2020-09-06,combined_all_favorable
False,17.190476190147674,True,0,False,2020-09-07,combined_all_favorable
False,116.99999999999963,True,0,False,2020-09-08,combined_all_favorable
False,116.99999999999963,True,0,False,2020-09-09,combined_all_favorable
False,100.99999999999957,True,0,False,2020-09-10,combined_all_favorable
False,48.90476190509036,True,0,False,2020-09-11,combined_all_favorable
False,45.5714285717572,True,0,False,2020-09-12,combined_all_favorable
False,62.238095238423675,True,0,False,2020-09-13,combined_all_favorable
False,62.6190476193762,True,0,False,2020-09-14,combined_all_favorable
False,50.00000000000013,True,0,False,2020-09-15,combined_all_favorable
False,29.666666666995212,True,0,False,2020-09-16,combined_all_favorable
False,29.285714286042904,True,0,False,2020-09-17,combined_all_favorable
False,18.66208791213498,True,0,False,2020-09-18,combined_all_favorable
False,17.333333333333307,True,0,False,2020-09-19,combined_all_favorable
False,19.7619047615757,True,0,False,2020-09-20,combined_all_favorable
False,45.00000000000006,True,0,False,2020-09-21,combined_all_favorable
False,55.666666666666615,True,0,False,2020-09-22,combined_all_favorable
False,76.66666666666653,True,0,False,2020-09-23,combined_all_favorable
False,17.53670329670318,True,0,False,2020-09-24,combined_all_favorable
False,17.1111904761905,True,0,False,2020-09-25,combined_all_favorable
False,16.0,True,0,False,2020-09-26,combined_all_favorable
False,36.66666666666637,True,0,False,2020-09-27,combined_all_favorable
False,16.656428571428417,True,0,False,2020-09-28,combined_all_favorable
False,17.091153846153677,True,0,False,2020-09-29,combined_all_favorable
False,15.32791208791191,True,0,False,2020-09-30,combined_all_favorable
False,17.42666666666659,True,0,False,2020-10-01,combined_all_favorable
False,25.999999999999723,True,0,False,2020-10-02,combined_all_favorable
False,31.999999999999986,True,0,False,2020-10-03,combined_all_favorable
False,27.666666666666615,True,0,False,2020-10-04,combined_all_favorable
False,27.666666666666615,True,0,False,2020-10-05,combined_all_favorable
False,55.99999999999946,True,0,False,2020-10-06,combined_all_favorable
False,21.952380952710143,True,0,False,2020-10-07,combined_all_favorable
False,76.66666666666617,True,0,False,2020-10-08,combined_all_favorable
False,103.66666666666607,True,0,False,2020-10-09,combined_all_favorable
False,121.99999999999972,True,0,False,2020-10-10,combined_all_favorable
False,93.99999999999959,True,0,False,2020-10-11,combined_all_favorable
False,44.57142857175773,True,0,False,2020-10-12,combined_all_favorable
False,40.66666666666636,True,0,False,2020-10-13,combined_all_favorable
False,36.99999999999966,True,0,False,2020-10-14,combined_all_favorable
False,71.99999999999982,True,0,False,2020-10-15,combined_all_favorable
False,44522.00000000001,True,0,False,2020-10-16,combined_all_favorable
False,34874.00000000001,True,0,False,2020-10-17,combined_all_favorable
False,38915.476190476504,True,0,False,2020-10-18,combined_all_favorable
False,35942.904761905076,True,0,False,2020-10-19,combined_all_favorable
False,38216.00000000001,True,0,False,2020-10-20,combined_all_favorable
False,64752.00000000001,True,0,False,2020-10-21,combined_all_favorable
False,71057.00000000001,True,0,False,2020-10-22,combined_all_favorable
False,89332.0,True,0,False,2020-10-23,combined_all_favorable
False,130966.0,True,0,False,2020-10-24,combined_all_favorable
False,114772.66666666669,True,0,False,2020-10-25,combined_all_favorable
False,63962.904761905076,True,0,False,2020-10-26,combined_all_favorable
False,61569.61904761936,True,0,False,2020-10-27,combined_all_favorable
False,51352.00000000029,True,0,False,2020-10-28,combined_all_favorable
False,55719.14285714315,True,0,False,2020-10-29,combined_all_favorable
False,42237.43131868131,True,0,False,2020-10-30,combined_all_favorable
False,107810.0,True,0,False,2020-10-31,combined_all_favorable
False,57479.999999999985,True,0,False,2020-11-01,combined_all_favorable
False,61872.904761905076,True,0,False,2020-11-02,combined_all_favorable
False,54272.23809523841,True,0,False,2020-11-03,combined_all_favorable
False,53332.70977011483,True,0,False,2020-11-04,combined_all_favorable
False,57271.785632183804,True,0,False,2020-11-05,combined_all_favorable
False,69082.66666666666,True,0,False,2020-11-06,combined_all_favorable
False,115198.66666666664,True,0,False,2020-11-07,combined_all_favorable
False,105550.66666666664,True,0,False,2020-11-08,combined_all_favorable
False,60011.358045976885,True,0,False,2020-11-09,combined_all_favorable
False,57851.40057471252,True,0,False,2020-11-10,combined_all_favorable
False,57940.23809523845,True,0,False,2020-11-11,combined_all_favorable
False,66799.66666666699,True,0,False,2020-11-12,combined_all_favorable
False,70432.14285714318,True,0,False,2020-11-13,combined_all_favorable
False,49832.75574712629,True,0,False,2020-11-14,combined_all_favorable
False,49785.313218390664,True,0,False,2020-11-15,combined_all_favorable
False,50536.83241758241,True,0,False,2020-11-16,combined_all_favorable
False,58071.99999999998,True,0,False,2020-11-17,combined_all_favorable
False,70300.66666666666,True,0,False,2020-11-18,combined_all_favorable
False,50123.74425287341,True,0,False,2020-11-19,combined_all_favorable
False,48194.66494252859,True,0,False,2020-11-20,combined_all_favorable
False,51195.92356321824,True,0,False,2020-11-21,combined_all_favorable
False,95256.66666666664,True,0,False,2020-11-22,combined_all_favorable
False,94956.0,True,0,False,2020-11-23,combined_all_favorable
False,45790.061494252725,True,0,False,2020-11-24,combined_all_favorable
False,68742.66666666663,True,0,False,2020-11-25,combined_all_favorable
False,60209.28571428613,True,0,False,2020-11-26,combined_all_favorable
False,153367.66666666663,True,0,False,2020-11-27,combined_all_favorable
False,102112.66666666673,True,0,False,2020-11-28,combined_all_favorable
False,92295.90476190503,True,0,False,2020-11-29,combined_all_favorable
False,102532.90476190498,True,0,False,2020-11-30,combined_all_favorable
False,109618.61904761927,True,0,False,2020-12-01,combined_all_favorable
False,75801.7554945055,True,0,False,2020-12-02,combined_all_favorable
False,79381.71153846155,True,0,False,2020-12-03,combined_all_favorable
False,81344.94780219781,True,0,False,2020-12-04,combined_all_favorable
False,63517.40402298839,True,0,False,2020-12-05,combined_all_favorable
False,65208.80287356311,True,0,False,2020-12-06,combined_all_favorable
False,61635.79945054944,True,0,False,2020-12-07,combined_all_favorable
False,59984.876373626365,True,0,False,2020-12-08,combined_all_favorable
False,54990.49022988497,True,0,False,2020-12-09,combined_all_favorable
False,56125.83735632174,True,0,False,2020-12-10,combined_all_favorable
False,52248.917816091875,True,0,False,2020-12-11,combined_all_favorable
False,52974.96839080452,True,0,False,2020-12-12,combined_all_favorable
False,53606.24540229877,True,0,False,2020-12-13,combined_all_favorable
False,53734.04770114936,True,0,False,2020-12-14,combined_all_favorable
False,53494.53045977005,True,0,False,2020-12-15,combined_all_favorable
False,54019.63045977006,True,0,False,2020-12-16,combined_all_favorable
False,47662.444252873516,True,0,False,2020-12-17,combined_all_favorable
False,48159.624712643636,True,0,False,2020-12-18,combined_all_favorable
False,47675.84080459766,True,0,False,2020-12-19,combined_all_favorable
False,46085.65804597698,True,0,False,2020-12-20,combined_all_favorable
False,33511.06494252871,True,0,False,2020-12-21,combined_all_favorable
False,33677.566091953995,True,0,False,2020-12-22,combined_all_favorable
False,30991.2028735632,True,0,False,2020-12-23,combined_all_favorable
False,29128.527011494247,True,0,False,2020-12-24,combined_all_favorable
False,10481.427011494248,True,0,False,2020-12-25,combined_all_favorable
False,44.00000000012028,True,0,False,2020-12-26,combined_all_favorable
False,49.000000000119954,True,0,False,2020-12-27,combined_all_favorable
False,15.77805747126457,True,0,False,2020-12-28,combined_all_favorable
False,15.792114942528938,True,0,False,2020-12-29,combined_all_favorable
False,19.33333333321633,True,0,False,2020-12-30,combined_all_favorable
False,29.95238095244234,True,0,False,2020-12-31,combined_all_favorable
False,16.33333333326984,True,0,False,2021-01-01,combined_all_favorable
False,15.523809523746149,True,0,False,2021-01-02,combined_all_favorable
False,21.99999999993569,True,0,False,2021-01-03,combined_all_favorable
False,36.7833333333334,True,0,False,2021-01-04,combined_all_favorable
False,14.68333333333334,True,0,False,2021-01-05,combined_all_favorable
False,14.0,True,0,False,2021-01-06,combined_all_favorable
False,60.66666666678641,True,0,False,2021-01-07,combined_all_favorable
False,61.000000000119854,True,0,False,2021-01-08,combined_all_favorable
False,129.00000000011914,True,0,False,2021-01-09,combined_all_favorable
False,65.0000000001164,True,0,False,2021-01-10,combined_all_favorable
False,45.28571428577498,True,0,False,2021-01-11,combined_all_favorable
False,41.619047619109146,True,0,False,2021-01-12,combined_all_favorable
False,42.904761904822344,True,0,False,2021-01-13,combined_all_favorable
False,14.050000000000026,True,0,False,2021-01-14,combined_all_favorable
False,36.00000000011978,True,0,False,2021-01-15,combined_all_favorable
False,72.66666666678532,True,0,False,2021-01-16,combined_all_favorable
False,72.6666666667867,True,0,False,2021-01-17,combined_all_favorable
False,36.000000000118774,True,0,False,2021-01-18,combined_all_favorable
False,20.70054945053785,True,0,False,2021-01-19,combined_all_favorable
False,38.00000000011809,True,0,False,2021-01-20,combined_all_favorable
False,96.66666666678601,True,0,False,2021-01-21,combined_all_favorable
False,104.00000000011809,True,0,False,2021-01-22,combined_all_favorable
False,66.00000000012025,True,0,False,2021-01-23,combined_all_favorable
False,46.00000000011855,True,0,False,2021-01-24,combined_all_favorable
False,36.00000000011876,True,0,False,2021-01-25,combined_all_favorable
False,29.142857142916625,True,0,False,2021-01-26,combined_all_favorable
False,16.88791208791193,True,0,False,2021-01-27,combined_all_favorable
False,16.967197802197642,True,0,False,2021-01-28,combined_all_favorable
False,18.141190476190467,True,0,False,2021-01-29,combined_all_favorable
False,19.428571428511823,True,0,False,2021-01-30,combined_all_favorable
False,20.190476190417534,True,0,False,2021-01-31,combined_all_favorable
False,17.850549450549284,True,0,False,2021-02-01,combined_all_favorable
False,24.00000000011886,True,0,False,2021-02-02,combined_all_favorable
False,24.000000000117673,True,0,False,2021-02-03,combined_all_favorable
False,20.000000000119094,True,0,False,2021-02-04,combined_all_favorable
False,16.86285714285698,True,0,False,2021-02-05,combined_all_favorable
False,20.59615384616544,True,0,False,2021-02-06,combined_all_favorable
False,19.167582417594016,True,0,False,2021-02-07,combined_all_favorable
False,20.568681318692917,True,0,False,2021-02-08,combined_all_favorable
False,20.568681318692917,True,0,False,2021-02-09,combined_all_favorable
False,18.32692307693468,True,0,False,2021-02-10,combined_all_favorable
False,21.00000000011707,True,0,False,2021-02-11,combined_all_favorable
False,17.18757471264388,True,0,False,2021-02-12,combined_all_favorable
False,17.856666666666484,True,0,False,2021-02-13,combined_all_favorable
False,18.069999999999826,True,0,False,2021-02-14,combined_all_favorable
False,21.91499999999989,True,0,False,2021-02-15,combined_all_favorable
False,25.76190476184106,True,0,False,2021-02-16,combined_all_favorable
False,26.190476190412838,True,0,False,2021-02-17,combined_all_favorable
False,29.333333333270684,True,0,False,2021-02-18,combined_all_favorable
False,28.857142857080326,True,0,False,2021-02-19,combined_all_favorable
False,30.380952380889383,True,0,False,2021-02-20,combined_all_favorable
False,30.380952380889383,True,0,False,2021-02-21,combined_all_favorable
False,28.090659340670904,True,0,False,2021-02-22,combined_all_favorable
False,22.000000000119428,True,0,False,2021-02-23,combined_all_favorable
False,22.007471264364394,True,0,False,2021-02-24,combined_all_favorable
False,20.866091954019534,True,0,False,2021-02-25,combined_all_favorable
False,96.66666666678421,True,0,False,2021-02-26,combined_all_favorable
False,90.66666666678385,True,0,False,2021-02-27,combined_all_favorable
False,149.00000000011778,True,0,False,2021-02-28,combined_all_favorable
False,94.00000000011838,True,0,False,2021-03-01,combined_all_favorable
False,90.66666666678529,True,0,False,2021-03-02,combined_all_favorable
False,44.000000000060986,True,0,False,2021-03-03,combined_all_favorable
False,31.571428571490607,True,0,False,2021-03-04,combined_all_favorable
False,39.06333333333332,True,0,False,2021-03-05,combined_all_favorable
False,28.18333333333334,True,0,False,2021-03-06,combined_all_favorable
False,27.550000000000015,True,0,False,2021-03-07,combined_all_favorable
False,15.096153846142258,True,0,False,2021-03-08,combined_all_favorable
False,19.99999999987863,True,0,False,2021-03-09,combined_all_favorable
False,82.00000000011923,True,0,False,2021-03-10,combined_all_favorable
False,58.66666666678529,True,0,False,2021-03-11,combined_all_favorable
False,24.00000000011768,True,0,False,2021-03-12,combined_all_favorable
False,15.999999999881133,True,0,False,2021-03-13,combined_all_favorable
False,11.0,True,0,False,2021-03-14,combined_all_favorable
False,12.619047619104983,True,0,False,2021-03-15,combined_all_favorable
False,36.000000000120295,True,0,False,2021-03-16,combined_all_favorable
False,22.666666666786362,True,0,False,2021-03-17,combined_all_favorable
False,11.27976190476185,True,0,False,2021-03-18,combined_all_favorable
False,13.999761904761895,True,0,False,2021-03-19,combined_all_favorable
False,17.999999999883272,True,0,False,2021-03-20,combined_all_favorable
False,16.306666666666672,True,0,False,2021-03-21,combined_all_favorable
False,16.523809523747797,True,0,False,2021-03-22,combined_all_favorable
False,17.266666666666783,True,0,False,2021-03-23,combined_all_favorable
False,16.76190476184315,True,0,False,2021-03-24,combined_all_favorable
False,52.666666666787066,True,0,False,2021-03-25,combined_all_favorable
False,54.00000000012028,True,0,False,2021-03-26,combined_all_favorable
False,112.00000000011957,True,0,False,2021-03-27,combined_all_favorable
False,42.4761904762508,True,0,False,2021-03-28,combined_all_favorable
False,189.00000000011806,True,0,False,2021-03-29,combined_all_favorable
False,189.00000000011806,True,0,False,2021-03-30,combined_all_favorable
False,167.9433333333333,True,0,False,2021-03-31,combined_all_favorable
False,104.3599999999997,True,0,False,2021-04-01,combined_all_favorable
False,4672.666666666771,True,0,False,2021-04-02,combined_all_favorable
False,4602.000000000091,True,0,False,2021-04-03,combined_all_favorable
False,5335.476190476297,True,0,False,2021-04-04,combined_all_favorable
False,4752.6190476191705,True,0,False,2021-04-05,combined_all_favorable
False,3892.4761904763245,True,0,False,2021-04-06,combined_all_favorable
False,4822.376373626363,True,0,False,2021-04-07,combined_all_favorable
False,4815.008241758232,True,0,False,2021-04-08,combined_all_favorable
False,4485.5851648351545,True,0,False,2021-04-09,combined_all_favorable
False,5262.370879120869,True,0,False,2021-04-10,combined_all_favorable
False,4905.9148351648255,True,0,False,2021-04-11,combined_all_favorable
False,5096.000000000071,True,0,False,2021-04-12,combined_all_favorable
False,4602.835057471246,True,0,False,2021-04-13,combined_all_favorable
False,4496.07643678159,True,0,False,2021-04-14,combined_all_favorable
False,4510.985632183886,True,0,False,2021-04-15,combined_all_favorable
False,4381.478735632161,True,0,False,2021-04-16,combined_all_favorable
False,4572.645402298826,True,0,False,2021-04-17,combined_all_favorable
False,4614.52126436779,True,0,False,2021-04-18,combined_all_favorable
False,4461.128160919513,True,0,False,2021-04-19,combined_all_favorable
False,4432.527011494223,True,0,False,2021-04-20,combined_all_favorable
False,4280.337356321808,True,0,False,2021-04-21,combined_all_favorable
False,4045.66264367813,True,0,False,2021-04-22,combined_all_favorable
False,3997.8408045976676,True,0,False,2021-04-23,combined_all_favorable
False,3643.768390804563,True,0,False,2021-04-24,combined_all_favorable
False,3334.0304597700783,True,0,False,2021-04-25,combined_all_favorable
False,3147.4270114942146,True,0,False,2021-04-26,combined_all_favorable
False,2959.399425287316,True,0,False,2021-04-27,combined_all_favorable
False,2493.5477011493826,True,0,False,2021-04-28,combined_all_favorable
False,2134.93505747122,True,0,False,2021-04-29,combined_all_favorable
False,1758.6408045976546,True,0,False,2021-04-30,combined_all_favorable
False,1321.3379120879015,True,0,False,2021-05-01,combined_all_favorable
False,1318.5959770114453,True,0,False,2021-05-02,combined_all_favorable
False,1319.5097701148934,True,0,False,2021-05-03,combined_all_favorable
False,1274.4442528735146,True,0,False,2021-05-04,combined_all_favorable
False,1325.2660919539753,True,0,False,2021-05-05,combined_all_favorable
False,1291.2718390804114,True,0,False,2021-05-06,combined_all_favorable
False,1239.2718390804125,True,0,False,2021-05-07,combined_all_favorable
False,1291.5385057470799,True,0,False,2021-05-08,combined_all_favorable
False,1413.1477011493794,True,0,False,2021-05-09,combined_all_favorable
False,1350.666666666754,True,0,False,2021-05-10,combined_all_favorable
False,1518.6666666667484,True,0,False,2021-05-11,combined_all_favorable
False,1564.0000000000819,True,0,False,2021-05-12,combined_all_favorable
False,1649.0000000000814,True,0,False,2021-05-13,combined_all_favorable
False,1424.000000000085,True,0,False,2021-05-14,combined_all_favorable
False,1139.4097701148978,True,0,False,2021-05-15,combined_all_favorable
False,1112.7798850574256,True,0,False,2021-05-16,combined_all_favorable
False,1060.9729885057018,True,0,False,2021-05-17,combined_all_favorable
False,1069.9109195401852,True,0,False,2021-05-18,combined_all_favorable
False,1014.0488505746673,True,0,False,2021-05-19,combined_all_favorable
False,1042.0000000000734,True,0,False,2021-05-20,combined_all_favorable
False,1016.4614942528278,True,0,False,2021-05-21,combined_all_favorable
False,1636.0000000000778,True,0,False,2021-05-22,combined_all_favorable
False,1942.6666666667434,True,0,False,2021-05-23,combined_all_favorable
False,1963.666666666743,True,0,False,2021-05-24,combined_all_favorable
False,1102.6666666667397,True,0,False,2021-05-25,combined_all_favorable
False,943.8095238096819,True,0,False,2021-05-26,combined_all_favorable
False,830.2729885057015,True,0,False,2021-05-27,combined_all_favorable
False,988.6666666668254,True,0,False,2021-05-28,combined_all_favorable
False,1746.0000000000762,True,0,False,2021-05-29,combined_all_favorable
False,1726.0000000000764,True,0,False,2021-05-30,combined_all_favorable
False,1046.0000000000903,True,0,False,2021-05-31,combined_all_favorable
False,1408.6666666667597,True,0,False,2021-06-01,combined_all_favorable
False,2487.238095238228,True,0,False,2021-06-02,combined_all_favorable
False,2796.6666666667866,True,0,False,2021-06-03,combined_all_favorable
False,2732.480769230769,True,0,False,2021-06-04,combined_all_favorable
False,3194.486263736265,True,0,False,2021-06-05,combined_all_favorable
False,2995.7170329670366,True,0,False,2021-06-06,combined_all_favorable
False,2988.9038461538516,True,0,False,2021-06-07,combined_all_favorable
False,3054.837912087919,True,0,False,2021-06-08,combined_all_favorable
False,3010.617816091922,True,0,False,2021-06-09,combined_all_favorable
False,3155.151149425257,True,0,False,2021-06-10,combined_all_favorable
False,3401.095977011465,True,0,False,2021-06-11,combined_all_favorable
False,3456.995977011467,True,0,False,2021-06-12,combined_all_favorable
False,3632.7201149425027,True,0,False,2021-06-13,combined_all_favorable
False,3707.5097701149184,True,0,False,2021-06-14,combined_all_favorable
False,3653.3718390804374,True,0,False,2021-06-15,combined_all_favorable
False,3518.9270114942324,True,0,False,2021-06-16,combined_all_favorable
False,3564.6408045976823,True,0,False,2021-06-17,combined_all_favorable
False,3426.944252873546,True,0,False,2021-06-18,combined_all_favorable
False,3101.4925287356164,True,0,False,2021-06-19,combined_all_favorable
False,2909.220114942514,True,0,False,2021-06-20,combined_all_favorable
False,2927.699425287343,True,0,False,2021-06-21,combined_all_favorable
False,2435.386781609184,True,0,False,2021-06-22,combined_all_favorable
False,2155.175287356312,True,0,False,2021-06-23,combined_all_favorable
False,2025.3545977011404,True,0,False,2021-06-24,combined_all_favorable
False,1797.771839080452,True,0,False,2021-06-25,combined_all_favorable
False,1413.492528735626,True,0,False,2021-06-26,combined_all_favorable
False,784.4339080459728,True,0,False,2021-06-27,combined_all_favorable
False,671.702873563215,True,0,False,2021-06-28,combined_all_favorable
False,209.24425287356138,True,0,False,2021-06-29,combined_all_favorable
False,82.09942528735536,True,0,False,2021-06-30,combined_all_favorable
False,122.77333333333335,True,0,False,2021-07-01,combined_all_favorable
False,51.57214285714276,True,0,False,2021-07-02,combined_all_favorable
False,51.483571428571246,True,0,False,2021-07-03,combined_all_favorable
False,42.1978571428568,True,0,False,2021-07-04,combined_all_favorable
False,43.35023809523776,True,0,False,2021-07-05,combined_all_favorable
False,34.298809523809155,True,0,False,2021-07-06,combined_all_favorable
False,40.38833333333302,True,0,False,2021-07-07,combined_all_favorable
False,116.0000000001329,True,0,False,2021-07-08,combined_all_favorable
False,214.00000000013063,True,0,False,2021-07-09,combined_all_favorable
False,56.571428571494685,True,0,False,2021-07-10,combined_all_favorable
False,90.00000000013009,True,0,False,2021-07-11,combined_all_favorable
False,57.14285714292313,True,0,False,2021-07-12,combined_all_favorable
False,64.47619047625565,True,0,False,2021-07-13,combined_all_favorable
False,31.619047619113964,True,0,False,2021-07-14,combined_all_favorable
False,22.476190476255383,True,0,False,2021-07-15,combined_all_favorable
False,21.333333333270815,True,0,False,2021-07-16,combined_all_favorable
False,30.19047619041439,True,0,False,2021-07-17,combined_all_favorable
False,23.047619047557845,True,0,False,2021-07-18,combined_all_favorable
False,25.523809523748795,True,0,False,2021-07-19,combined_all_favorable
False,24.38095238089189,True,0,False,2021-07-20,combined_all_favorable
False,84.00000000013259,True,0,False,2021-07-21,combined_all_favorable
False,70.00000000013159,True,0,False,2021-07-22,combined_all_favorable
False,45.00000000013108,True,0,False,2021-07-23,combined_all_favorable
False,19.95238095244312,True,0,False,2021-07-24,combined_all_favorable
False,17.3166666666665,True,0,False,2021-07-25,combined_all_favorable
False,21.531666666666194,True,0,False,2021-07-26,combined_all_favorable
False,21.554523809523342,True,0,False,2021-07-27,combined_all_favorable
False,20.90547619047578,True,0,False,2021-07-28,combined_all_favorable
False,21.27833333333296,True,0,False,2021-07-29,combined_all_favorable
False,20.59384615384598,True,0,False,2021-07-30,combined_all_favorable
False,22.666666666797916,True,0,False,2021-07-31,combined_all_favorable
False,74.00000000013357,True,0,False,2021-08-01,combined_all_favorable
False,36.666666666800886,True,0,False,2021-08-02,combined_all_favorable
False,66.0000000001324,True,0,False,2021-08-03,combined_all_favorable
False,21.000000000131585,True,0,False,2021-08-04,combined_all_favorable
False,42.66666666680042,True,0,False,2021-08-05,combined_all_favorable
False,17.243333333333492,True,0,False,2021-08-06,combined_all_favorable
False,21.16333333333353,True,0,False,2021-08-07,combined_all_favorable
False,18.069999999999762,True,0,False,2021-08-08,combined_all_favorable
False,17.906666666666432,True,0,False,2021-08-09,combined_all_favorable
False,17.95999999999977,True,0,False,2021-08-10,combined_all_favorable
False,27.550000000000214,True,0,False,2021-08-11,combined_all_favorable
False,36.68333333333352,True,0,False,2021-08-12,combined_all_favorable
False,28.523809523744355,True,0,False,2021-08-13,combined_all_favorable
False,23.523809523743758,True,0,False,2021-08-14,combined_all_favorable
False,26.19047619041019,True,0,False,2021-08-15,combined_all_favorable
False,26.33333333326745,True,0,False,2021-08-16,combined_all_favorable
False,26.000000000130512,True,0,False,2021-08-17,combined_all_favorable
False,16.66666666679479,True,0,False,2021-08-18,combined_all_favorable
False,24.00000000012831,True,0,False,2021-08-19,combined_all_favorable
False,17.46978021976267,True,0,False,2021-08-20,combined_all_favorable
False,17.46978021976267,True,0,False,2021-08-21,combined_all_favorable
False,76.66666666679993,True,0,False,2021-08-22,combined_all_favorable
False,62.00000000013361,True,0,False,2021-08-23,combined_all_favorable
False,96.0000000001365,True,0,False,2021-08-24,combined_all_favorable
False,79.66666666680197,True,0,False,2021-08-25,combined_all_favorable
False,68.0633333333335,True,0,False,2021-08-26,combined_all_favorable
False,65.29000000000012,True,0,False,2021-08-27,combined_all_favorable
False,34.476190476252036,True,0,False,2021-08-28,combined_all_favorable
False,52.66666666679687,True,0,False,2021-08-29,combined_all_favorable
False,47.47619047625478,True,0,False,2021-08-30,combined_all_favorable
False,28.04670329672129,True,0,False,2021-08-31,combined_all_favorable
False,26.37087912089713,True,0,False,2021-09-01,combined_all_favorable
False,122.00000000013154,True,0,False,2021-09-02,combined_all_favorable
False,122.00000000013341,True,0,False,2021-09-03,combined_all_favorable
False,58.28571428577964,True,0,False,2021-09-04,combined_all_favorable
False,34.000000000063345,True,0,False,2021-09-05,combined_all_favorable
False,30.952380952443825,True,0,False,2021-09-06,combined_all_favorable
False,26.476190476253123,True,0,False,2021-09-07,combined_all_favorable
False,14.837912087930334,True,0,False,2021-09-08,combined_all_favorable
False,46.66666666679836,True,0,False,2021-09-09,combined_all_favorable
False,49.000000000131536,True,0,False,2021-09-10,combined_all_favorable
False,17.16208791210601,True,0,False,2021-09-11,combined_all_favorable
False,18.381190476190405,True,0,False,2021-09-12,combined_all_favorable
False,19.130000000000027,True,0,False,2021-09-13,combined_all_favorable
False,53.8100000000001,True,0,False,2021-09-14,combined_all_favorable
False,63.66666666679939,True,0,False,2021-09-15,combined_all_favorable
False,63.66666666679939,True,0,False,2021-09-16,combined_all_favorable
False,77.00000000013205,True,0,False,2021-09-17,combined_all_favorable
False,52.000000000132886,True,0,False,2021-09-18,combined_all_favorable
False,20.61904761911211,True,0,False,2021-09-19,combined_all_favorable
False,26.09000000000003,True,0,False,2021-09-20,combined_all_favorable
False,12.238095238159623,True,0,False,2021-09-21,combined_all_favorable
False,66.00000000013236,True,0,False,2021-09-22,combined_all_favorable
False,22.000000000130306,True,0,False,2021-09-23,combined_all_favorable
False,17.559999999999853,True,0,False,2021-09-24,combined_all_favorable
False,19.032142857142563,True,0,False,2021-09-25,combined_all_favorable
False,19.89119047619006,True,0,False,2021-09-26,combined_all_favorable
False,19.424523809523414,True,0,False,2021-09-27,combined_all_favorable
False,36.00000000013406,True,0,False,2021-09-28,combined_all_favorable
False,82.66666666680192,True,0,False,2021-09-29,combined_all_favorable
False,80.00000000013489,True,0,False,2021-09-30,combined_all_favorable
False,11.786428571428061,True,0,False,2021-10-01,combined_all_favorable
False,46.66666666680091,True,0,False,2021-10-02,combined_all_favorable
False,45.000000000134065,True,0,False,2021-10-03,combined_all_favorable
False,22.80952380958538,True,0,False,2021-10-04,combined_all_favorable
False,42.66666666679834,True,0,False,2021-10-05,combined_all_favorable
False,34.47619047625559,True,0,False,2021-10-06,combined_all_favorable
False,27.142857142923084,True,0,False,2021-10-07,combined_all_favorable
False,90.66666666679885,True,0,False,2021-10-08,combined_all_favorable
False,27.66666666680038,True,0,False,2021-10-09,combined_all_favorable
False,44.28571428577893,True,0,False,2021-10-10,combined_all_favorable
False,52.5714285714925,True,0,False,2021-10-11,combined_all_favorable
False,28.952380952442986,True,0,False,2021-10-12,combined_all_favorable
False,21.351666666666052,True,0,False,2021-10-13,combined_all_favorable
False,16.370879120897577,True,0,False,2021-10-14,combined_all_favorable
False,12.299999999999999,True,0,False,2021-10-15,combined_all_favorable
False,46111.66666666674,True,0,False,2021-10-16,combined_all_favorable
False,85909.0,True,0,False,2021-10-17,combined_all_favorable
False,58872.28571428593,True,0,False,2021-10-18,combined_all_favorable
False,51756.80952380976,True,0,False,2021-10-19,combined_all_favorable
False,43618.809523809796,True,0,False,2021-10-20,combined_all_favorable
False,37919.43131868131,True,0,False,2021-10-21,combined_all_favorable
False,36060.662087912075,True,0,False,2021-10-22,combined_all_favorable
False,35240.046703296684,True,0,False,2021-10-23,combined_all_favorable
False,32450.903846153833,True,0,False,2021-10-24,combined_all_favorable
False,33498.59615384613,True,0,False,2021-10-25,combined_all_favorable
False,29302.70054945052,True,0,False,2021-10-26,combined_all_favorable
False,28830.283333333286,True,0,False,2021-10-27,combined_all_favorable
False,29775.469540229828,True,0,False,2021-10-28,combined_all_favorable
False,37155.561494252805,True,0,False,2021-10-29,combined_all_favorable
False,64015.99999999998,True,0,False,2021-10-30,combined_all_favorable
False,67155.99999999999,True,0,False,2021-10-31,combined_all_favorable
False,35608.435057471186,True,0,False,2021-11-01,combined_all_favorable
False,34463.99252873554,True,0,False,2021-11-02,combined_all_favorable
False,33339.17528735624,True,0,False,2021-11-03,combined_all_favorable
False,32315.727011494168,True,0,False,2021-11-04,combined_all_favorable
False,31198.921264367727,True,0,False,2021-11-05,combined_all_favorable
False,30358.921264367727,True,0,False,2021-11-06,combined_all_favorable
False,28524.25459770105,True,0,False,2021-11-07,combined_all_favorable
False,27566.79712643667,True,0,False,2021-11-08,combined_all_favorable
False,25365.75459770103,True,0,False,2021-11-09,combined_all_favorable
False,24031.57873563206,True,0,False,2021-11-10,combined_all_favorable
False,22207.589080459646,True,0,False,2021-11-11,combined_all_favorable
False,20023.9109195401,True,0,False,2021-11-12,combined_all_favorable
False,23922.000000000022,True,0,False,2021-11-13,combined_all_favorable
False,80509.99999999991,True,0,False,2021-11-14,combined_all_favorable
False,99402.95238095279,True,0,False,2021-11-15,combined_all_favorable
False,97804.95238095283,True,0,False,2021-11-16,combined_all_favorable
False,101948.99999999988,True,0,False,2021-11-17,combined_all_favorable
False,75628.23809523857,True,0,False,2021-11-18,combined_all_favorable
False,64694.238095238616,True,0,False,2021-11-19,combined_all_favorable
False,90947.33333333381,True,0,False,2021-11-20,combined_all_favorable
False,69041.61904761949,True,0,False,2021-11-21,combined_all_favorable
False,64418.74999999992,True,0,False,2021-11-22,combined_all_favorable
False,66498.35439560433,True,0,False,2021-11-23,combined_all_favorable
False,61951.673076923,True,0,False,2021-11-24,combined_all_favorable
False,79629.99999999997,True,0,False,2021-11-25,combined_all_favorable
False,65060.02472527463,True,0,False,2021-11-26,combined_all_favorable
False,135460.66666666657,True,0,False,2021-11-27,combined_all_favorable
False,112888.66666666664,True,0,False,2021-11-28,combined_all_favorable
False,82128.57142857173,True,0,False,2021-11-29,combined_all_favorable
False,89843.23809523837,True,0,False,2021-11-30,combined_all_favorable
False,95476.80952380979,True,0,False,2021-12-01,combined_all_favorable
False,57832.73390804584,True,0,False,2021-12-02,combined_all_favorable
False,59681.128160919405,True,0,False,2021-12-03,combined_all_favorable
False,62071.358045976885,True,0,False,2021-12-04,combined_all_favorable
False,64599.69942528723,True,0,False,2021-12-05,combined_all_favorable
False,66382.45229885046,True,0,False,2021-12-06,combined_all_favorable
False,68291.65229885047,True,0,False,2021-12-07,combined_all_favorable
False,69242.83045977003,True,0,False,2021-12-08,combined_all_favorable
False,70843.01321839071,True,0,False,2021-12-09,combined_all_favorable
False,71842.51321839071,True,0,False,2021-12-10,combined_all_favorable
False,73043.64770114934,True,0,False,2021-12-11,combined_all_favorable
False,74480.14080459763,True,0,False,2021-12-12,combined_all_favorable
False,73587.81781609189,True,0,False,2021-12-13,combined_all_favorable
False,60830.50402298846,True,0,False,2021-12-14,combined_all_favorable
False,43189.76839080457,True,0,False,2021-12-15,combined_all_favorable
False,36448.714367816094,True,0,False,2021-12-16,combined_all_favorable
False,36190.50287356321,True,0,False,2021-12-17,combined_all_favorable
False,35997.8408045977,True,0,False,2021-12-18,combined_all_favorable
False,31601.886781609206,True,0,False,2021-12-19,combined_all_favorable
False,31787.923563218406,True,0,False,2021-12-20,combined_all_favorable
False,27613.704022988528,True,0,False,2021-12-21,combined_all_favorable
False,27618.04425287359,True,0,False,2021-12-22,combined_all_favorable
False,27374.182183908077,True,0,False,2021-12-23,combined_all_favorable
False,26036.554597701186,True,0,False,2021-12-24,combined_all_favorable
False,11332.527011494307,True,0,False,2021-12-25,combined_all_favorable
False,52.00000000004431,True,0,False,2021-12-26,combined_all_favorable
False,70.66666666671178,True,0,False,2021-12-27,combined_all_favorable
False,20.161666666666072,True,0,False,2021-12-28,combined_all_favorable
False,70.66666666671041,True,0,False,2021-12-29,combined_all_favorable
False,46.66666666671007,True,0,False,2021-12-30,combined_all_favorable
False,55.66666666670905,True,0,False,2021-12-31,combined_all_favorable
False,31.9523809525138,True,0,False,2022-01-01,combined_all_favorable
False,18.4338461538459,True,0,False,2022-01-02,combined_all_favorable
False,20.87076923076897,True,0,False,2022-01-03,combined_all_favorable
False,21.245219780219518,True,0,False,2022-01-04,combined_all_favorable
False,21.06307692307666,True,0,False,2022-01-05,combined_all_favorable
False,20.030000000000104,True,0,False,2022-01-06,combined_all_favorable
False,23.363333333333376,True,0,False,2022-01-07,combined_all_favorable
False,62.00000000004397,True,0,False,2022-01-08,combined_all_favorable
False,69.00000000004317,True,0,False,2022-01-09,combined_all_favorable
False,55.66666666671007,True,0,False,2022-01-10,combined_all_favorable
False,14.000000000042846,True,0,False,2022-01-11,combined_all_favorable
False,46.66666666670872,True,0,False,2022-01-12,combined_all_favorable
False,46.6666666667094,True,0,False,2022-01-13,combined_all_favorable
False,20.00000000004217,True,0,False,2022-01-14,combined_all_favorable
False,12.499999999999998,True,0,False,2022-01-15,combined_all_favorable
False,16.62309523809459,True,0,False,2022-01-16,combined_all_favorable
False,18.011666666665928,True,0,False,2022-01-17,combined_all_favorable
False,36.000000000043315,True,0,False,2022-01-18,combined_all_favorable
False,36.000000000043315,True,0,False,2022-01-19,combined_all_favorable
False,22.66666666670976,True,0,False,2022-01-20,combined_all_favorable
False,19.621666666665835,True,0,False,2022-01-21,combined_all_favorable
False,30.000000000042988,True,0,False,2022-01-22,combined_all_favorable
False,151.85000000000005,True,0,False,2022-01-23,combined_all_favorable
False,116.75000000000001,True,0,False,2022-01-24,combined_all_favorable
False,108.08333333333334,True,0,False,2022-01-25,combined_all_favorable
False,41.445000000000285,True,0,False,2022-01-26,combined_all_favorable
False,38.690238095238264,True,0,False,2022-01-27,combined_all_favorable
False,31.04023809523803,True,0,False,2022-01-28,combined_all_favorable
False,26.2783333333331,True,0,False,2022-01-29,combined_all_favorable
False,20.399340659340886,True,0,False,2022-01-30,combined_all_favorable
False,20.225769230769437,True,0,False,2022-01-31,combined_all_favorable
False,82.66666666670977,True,0,False,2022-02-01,combined_all_favorable
False,82.66666666670977,True,0,False,2022-02-02,combined_all_favorable
False,24.000000000044913,True,0,False,2022-02-03,combined_all_favorable
False,66.34333333333332,True,0,False,2022-02-04,combined_all_favorable
False,34.00999999999996,True,0,False,2022-02-05,combined_all_favorable
False,104.39000000000001,True,0,False,2022-02-06,combined_all_favorable
False,46.66666666670875,True,0,False,2022-02-07,combined_all_favorable
False,49.00000000004289,True,0,False,2022-02-08,combined_all_favorable
False,47.75023809523817,True,0,False,2022-02-09,combined_all_favorable
False,44.50023809523828,True,0,False,2022-02-10,combined_all_favorable
False,20.00000000004436,True,0,False,2022-02-11,combined_all_favorable
False,136.66666666670943,True,0,False,2022-02-12,combined_all_favorable
False,166.00000000004366,True,0,False,2022-02-13,combined_all_favorable
False,101.00000000004218,True,0,False,2022-02-14,combined_all_favorable
False,31.666666666800573,True,0,False,2022-02-15,combined_all_favorable
False,38.142857142990316,True,0,False,2022-02-16,combined_all_favorable
False,41.571428571562016,True,0,False,2022-02-17,combined_all_favorable
False,25.28571428584852,True,0,False,2022-02-18,combined_all_favorable
False,16.289761904761512,True,0,False,2022-02-19,combined_all_favorable
False,16.047619047484908,True,0,False,2022-02-20,combined_all_favorable
False,17.190476190342398,True,0,False,2022-02-21,combined_all_favorable
False,15.22333333333329,True,0,False,2022-02-22,combined_all_favorable
False,56.42333333333319,True,0,False,2022-02-23,combined_all_favorable
False,63.96333333333318,True,0,False,2022-02-24,combined_all_favorable
False,70.2833333333332,True,0,False,2022-02-25,combined_all_favorable
False,37.48333333333325,True,0,False,2022-02-26,combined_all_favorable
False,26.018333333332727,True,0,False,2022-02-27,combined_all_favorable
False,30.964999999999577,True,0,False,2022-02-28,combined_all_favorable
False,45.00000000004262,True,0,False,2022-03-01,combined_all_favorable
False,44.000000000042505,True,0,False,2022-03-02,combined_all_favorable
False,27.142857142991595,True,0,False,2022-03-03,combined_all_favorable
False,22.31362637362649,True,0,False,2022-03-04,combined_all_favorable
False,28.666666666709055,True,0,False,2022-03-05,combined_all_favorable
False,22.227692307692422,True,0,False,2022-03-06,combined_all_favorable
False,20.321373626373756,True,0,False,2022-03-07,combined_all_favorable
False,189.00000000004349,True,0,False,2022-03-08,combined_all_favorable
False,157.00000000004414,True,0,False,2022-03-09,combined_all_favorable
False,69.00000000004547,True,0,False,2022-03-10,combined_all_favorable
False,46.238095238229356,True,0,False,2022-03-11,combined_all_favorable
False,46.238095238229356,True,0,False,2022-03-12,combined_all_favorable
False,39.57142857156236,True,0,False,2022-03-13,combined_all_favorable
False,24.904761904895082,True,0,False,2022-03-14,combined_all_favorable
False,19.999999999864812,True,0,False,2022-03-15,combined_all_favorable
False,17.94547619047619,True,0,False,2022-03-16,combined_all_favorable
False,38.00000000004411,True,0,False,2022-03-17,combined_all_favorable
False,25.523333333333287,True,0,False,2022-03-18,combined_all_favorable
False,29.543333333333305,True,0,False,2022-03-19,combined_all_favorable
False,15.999999999956856,True,0,False,2022-03-20,combined_all_favorable
False,15.0,True,0,False,2022-03-21,combined_all_favorable
False,19.98076923075733,True,0,False,2022-03-22,combined_all_favorable
False,20.090659340647388,True,0,False,2022-03-23,combined_all_favorable
False,15.799450549438838,True,0,False,2022-03-24,combined_all_favorable
False,18.744505494493705,True,0,False,2022-03-25,combined_all_favorable
False,18.085164835153176,True,0,False,2022-03-26,combined_all_favorable
False,18.59615384614212,True,0,False,2022-03-27,combined_all_favorable
False,22.38095238081683,True,0,False,2022-03-28,combined_all_favorable
False,24.923333333333222,True,0,False,2022-03-29,combined_all_favorable
False,22.761904761769117,True,0,False,2022-03-30,combined_all_favorable
False,27.523809523674238,True,0,False,2022-03-31,combined_all_favorable
False,45.00000000004161,True,0,False,2022-04-01,combined_all_favorable
False,7910.000000000023,True,0,False,2022-04-02,combined_all_favorable
False,5730.000000000011,True,0,False,2022-04-03,combined_all_favorable
False,5784.000000000173,True,0,False,2022-04-04,combined_all_favorable
False,6484.000000000187,True,0,False,2022-04-05,combined_all_favorable
False,5412.596153846149,True,0,False,2022-04-06,combined_all_favorable
False,5560.854395604388,True,0,False,2022-04-07,combined_all_favorable
False,5251.5851648351545,True,0,False,2022-04-08,combined_all_favorable
False,5131.585164835151,True,0,False,2022-04-09,combined_all_favorable
False,4613.607142857128,True,0,False,2022-04-10,combined_all_favorable
False,4108.832417582399,True,0,False,2022-04-11,combined_all_favorable
False,4842.692528735663,True,0,False,2022-04-12,combined_all_favorable
False,4840.254597701178,True,0,False,2022-04-13,combined_all_favorable
False,4832.369540229911,True,0,False,2022-04-14,combined_all_favorable
False,4828.720114942552,True,0,False,2022-04-15,combined_all_favorable
False,4686.09942528738,True,0,False,2022-04-16,combined_all_favorable
False,4544.461494252896,True,0,False,2022-04-17,combined_all_favorable
False,4521.6994252873765,True,0,False,2022-04-18,combined_all_favorable
False,4370.5270114942705,True,0,False,2022-04-19,combined_all_favorable
False,4168.504022988521,True,0,False,2022-04-20,combined_all_favorable
False,4009.4270114942665,True,0,False,2022-04-21,combined_all_favorable
False,3789.0316091954146,True,0,False,2022-04-22,combined_all_favorable
False,3681.9235632183995,True,0,False,2022-04-23,combined_all_favorable
False,3436.297126436789,True,0,False,2022-04-24,combined_all_favorable
False,3276.9959770114983,True,0,False,2022-04-25,combined_all_favorable
False,3132.9408045977016,True,0,False,2022-04-26,combined_all_favorable
False,2823.1695402298838,True,0,False,2022-04-27,combined_all_favorable
False,2498.9959770114897,True,0,False,2022-04-28,combined_all_favorable
False,2094.7201149425223,True,0,False,2022-04-29,combined_all_favorable
False,1722.300574712634,True,0,False,2022-04-30,combined_all_favorable
False,1365.1063218390684,True,0,False,2022-05-01,combined_all_favorable
False,1297.731609195391,True,0,False,2022-05-02,combined_all_favorable
False,1430.2683908045851,True,0,False,2022-05-03,combined_all_favorable
False,1387.4097701149303,True,0,False,2022-05-04,combined_all_favorable
False,1412.595977011482,True,0,False,2022-05-05,combined_all_favorable
False,1391.0959770114825,True,0,False,2022-05-06,combined_all_favorable
False,1498.8522988505622,True,0,False,2022-05-07,combined_all_favorable
False,1693.999999999991,True,0,False,2022-05-08,combined_all_favorable
False,1647.1063218390652,True,0,False,2022-05-09,combined_all_favorable
False,1673.8373563218222,True,0,False,2022-05-10,combined_all_favorable
False,1690.5729885057306,True,0,False,2022-05-11,combined_all_favorable
False,1516.513218390789,True,0,False,2022-05-12,combined_all_favorable
False,1531.854597701134,True,0,False,2022-05-13,combined_all_favorable
False,1928.8095238097385,True,0,False,2022-05-14,combined_all_favorable
False,1652.1821839080321,True,0,False,2022-05-15,combined_all_favorable
False,1574.2005494505202,True,0,False,2022-05-16,combined_all_favorable
False,1425.0576923076649,True,0,False,2022-05-17,combined_all_favorable
False,1429.9807692307415,True,0,False,2022-05-18,combined_all_favorable
False,1954.6666666666765,True,0,False,2022-05-19,combined_all_favorable
False,2360.0000000000173,True,0,False,2022-05-20,combined_all_favorable
False,5484.000000000013,True,0,False,2022-05-21,combined_all_favorable
False,4087.6666666666724,True,0,False,2022-05-22,combined_all_favorable
False,2036.8095238097278,True,0,False,2022-05-23,combined_all_favorable
False,2898.1428571430665,True,0,False,2022-05-24,combined_all_favorable
False,2835.2857142859216,True,0,False,2022-05-25,combined_all_favorable
False,5317.000000000007,True,0,False,2022-05-26,combined_all_favorable
False,2996.238095238302,True,0,False,2022-05-27,combined_all_favorable
False,2584.0000000000196,True,0,False,2022-05-28,combined_all_favorable
False,2335.8095238097285,True,0,False,2022-05-29,combined_all_favorable
False,2792.9523809525913,True,0,False,2022-05-30,combined_all_favorable
False,2264.634615384593,True,0,False,2022-05-31,combined_all_favorable
False,2220.903846153824,True,0,False,2022-06-01,combined_all_favorable
False,4670.000000000017,True,0,False,2022-06-02,combined_all_favorable
False,4502.666666666863,True,0,False,2022-06-03,combined_all_favorable
False,5351.23809523828,True,0,False,2022-06-04,combined_all_favorable
False,5668.5714285716,True,0,False,2022-06-05,combined_all_favorable
False,4948.749999999997,True,0,False,2022-06-06,combined_all_favorable
False,4231.711538461543,True,0,False,2022-06-07,combined_all_favorable
False,4296.903846153854,True,0,False,2022-06-08,combined_all_favorable
False,4462.046703296713,True,0,False,2022-06-09,combined_all_favorable
False,4671.4697802197925,True,0,False,2022-06-10,combined_all_favorable
False,4154.3324175824355,True,0,False,2022-06-11,combined_all_favorable
False,4067.3178160919683,True,0,False,2022-06-12,combined_all_favorable
False,4295.54770114944,True,0,False,2022-06-13,combined_all_favorable
False,4412.4580459770295,True,0,False,2022-06-14,combined_all_favorable
False,4448.530459770134,True,0,False,2022-06-15,combined_all_favorable
False,4483.578735632206,True,0,False,2022-06-16,combined_all_favorable
False,4346.84770114945,True,0,False,2022-06-17,combined_all_favorable
False,4460.168390804623,True,0,False,2022-06-18,combined_all_favorable
False,4537.271839080487,True,0,False,2022-06-19,combined_all_favorable
False,3958.9166666666983,True,0,False,2022-06-20,combined_all_favorable
False,3858.8201149425627,True,0,False,2022-06-21,combined_all_favorable
False,3749.6522988506113,True,0,False,2022-06-22,combined_all_favorable
False,2976.651149425328,True,0,False,2022-06-23,combined_all_favorable
False,2766.507471264411,True,0,False,2022-06-24,combined_all_favorable
False,2786.130459770159,True,0,False,2022-06-25,combined_all_favorable
False,2759.906321839126,True,0,False,2022-06-26,combined_all_favorable
False,2300.1166666667154,True,0,False,2022-06-27,combined_all_favorable
False,1858.199425287408,True,0,False,2022-06-28,combined_all_favorable
False,1004.6454022989055,True,0,False,2022-06-29,combined_all_favorable
False,463.47873563224186,True,0,False,2022-06-30,combined_all_favorable
False,66.00000000004658,True,0,False,2022-07-01,combined_all_favorable
False,38.80999999999983,True,0,False,2022-07-02,combined_all_favorable
False,23.26333333333321,True,0,False,2022-07-03,combined_all_favorable
False,12.596153846114426,True,0,False,2022-07-04,combined_all_favorable
False,14.285714285846105,True,0,False,2022-07-05,combined_all_favorable
False,11.0,True,0,False,2022-07-06,combined_all_favorable
False,13.0,True,0,False,2022-07-07,combined_all_favorable
False,129.00000000004667,True,0,False,2022-07-08,combined_all_favorable
False,132.00000000004766,True,0,False,2022-07-09,combined_all_favorable
False,94.00000000004799,True,0,False,2022-07-10,combined_all_favorable
False,85.00000000004505,True,0,False,2022-07-11,combined_all_favorable
False,85.00000000004505,True,0,False,2022-07-12,combined_all_favorable
False,81.00000000004569,True,0,False,2022-07-13,combined_all_favorable
False,51.57142857155883,True,0,False,2022-07-14,combined_all_favorable
False,21.57142857155982,True,0,False,2022-07-15,combined_all_favorable
False,16.903846153884814,True,0,False,2022-07-16,combined_all_favorable
False,19.145604395642906,True,0,False,2022-07-17,combined_all_favorable
False,38.00000000004688,True,0,False,2022-07-18,combined_all_favorable
False,54.66666666671409,True,0,False,2022-07-19,combined_all_favorable
False,28.68406593410596,True,0,False,2022-07-20,combined_all_favorable
False,17.73901098905145,True,0,False,2022-07-21,combined_all_favorable
False,14.442307692348088,True,0,False,2022-07-22,combined_all_favorable
False,17.293956043996552,True,0,False,2022-07-23,combined_all_favorable
False,24.047619047493956,True,0,False,2022-07-24,combined_all_favorable
False,32.00000000004819,True,0,False,2022-07-25,combined_all_favorable
False,16.0000000000473,True,0,False,2022-07-26,combined_all_favorable
False,13.999999999953832,True,0,False,2022-07-27,combined_all_favorable
False,15.904761904890407,True,0,False,2022-07-28,combined_all_favorable
False,9.999999999954408,True,0,False,2022-07-29,combined_all_favorable
False,29.00000000004411,True,0,False,2022-07-30,combined_all_favorable
False,30.000000000044224,True,0,False,2022-07-31,combined_all_favorable
False,22.70054945058927,True,0,False,2022-08-01,combined_all_favorable
False,18.991758241797726,True,0,False,2022-08-02,combined_all_favorable
False,18.101666666666173,True,0,False,2022-08-03,combined_all_favorable
False,46.6666666667134,True,0,False,2022-08-04,combined_all_favorable
False,46.66666666671408,True,0,False,2022-08-05,combined_all_favorable
False,21.21309523809469,True,0,False,2022-08-06,combined_all_favorable
False,31.285714285843206,True,0,False,2022-08-07,combined_all_favorable
False,18.024725274764528,True,0,False,2022-08-08,combined_all_favorable
False,21.29395604399548,True,0,False,2022-08-09,combined_all_favorable
False,21.980769230808853,True,0,False,2022-08-10,combined_all_favorable
False,21.047619047492702,True,0,False,2022-08-11,combined_all_favorable
False,21.40934065938093,True,0,False,2022-08-12,combined_all_favorable
False,39.94119047619046,True,0,False,2022-08-13,combined_all_favorable
False,27.047619047492702,True,0,False,2022-08-14,combined_all_favorable
False,25.523809523682793,True,0,False,2022-08-15,combined_all_favorable
False,24.190476190349656,True,0,False,2022-08-16,combined_all_favorable
False,54.00000000004685,True,0,False,2022-08-17,combined_all_favorable
False,54.00000000004685,True,0,False,2022-08-18,combined_all_favorable
False,71.24333333333342,True,0,False,2022-08-19,combined_all_favorable
False,25.332802197802287,True,0,False,2022-08-20,combined_all_favorable
False,22.74452380952342,True,0,False,2022-08-21,combined_all_favorable
False,40.000000000045254,True,0,False,2022-08-22,combined_all_favorable
False,70.66666666671237,True,0,False,2022-08-23,combined_all_favorable
False,114.85000000000001,True,0,False,2022-08-24,combined_all_favorable
False,59.17000000000016,True,0,False,2022-08-25,combined_all_favorable
False,147.18333333333334,True,0,False,2022-08-26,combined_all_favorable
False,62.00000000004627,True,0,False,2022-08-27,combined_all_favorable
False,96.00000000004559,True,0,False,2022-08-28,combined_all_favorable
False,88.00000000004582,True,0,False,2022-08-29,combined_all_favorable
False,46.666666666712004,True,0,False,2022-08-30,combined_all_favorable
False,22.14285714298837,True,0,False,2022-08-31,combined_all_favorable
False,77.00000000004611,True,0,False,2022-09-01,combined_all_favorable
False,65.00000000004405,True,0,False,2022-09-02,combined_all_favorable
False,27.476190476325144,True,0,False,2022-09-03,combined_all_favorable
False,54.6666666667106,True,0,False,2022-09-04,combined_all_favorable
False,40.00000000004517,True,0,False,2022-09-05,combined_all_favorable
False,28.904761904895096,True,0,False,2022-09-06,combined_all_favorable
False,26.476190476323765,True,0,False,2022-09-07,combined_all_favorable
False,16.79395604399432,True,0,False,2022-09-08,combined_all_favorable
False,16.216666666667162,True,0,False,2022-09-09,combined_all_favorable
False,29.523809523679645,True,0,False,2022-09-10,combined_all_favorable
False,13.428571428440275,True,0,False,2022-09-11,combined_all_favorable
False,90.00000000004641,True,0,False,2022-09-12,combined_all_favorable
False,104.00000000004721,True,0,False,2022-09-13,combined_all_favorable
False,38.89333333333336,True,0,False,2022-09-14,combined_all_favorable
False,37.88000000000042,True,0,False,2022-09-15,combined_all_favorable
False,27.8854761904757,True,0,False,2022-09-16,combined_all_favorable
False,39.02333333333358,True,0,False,2022-09-17,combined_all_favorable
False,23.950238095237573,True,0,False,2022-09-18,combined_all_favorable
False,30.454523809523337,True,0,False,2022-09-19,combined_all_favorable
False,36.47166666666625,True,0,False,2022-09-20,combined_all_favorable
False,37.00000000004542,True,0,False,2022-09-21,combined_all_favorable
False,17.13939560439553,True,0,False,2022-09-22,combined_all_favorable
False,18.99999999995527,True,0,False,2022-09-23,combined_all_favorable
False,18.999999999954817,True,0,False,2022-09-24,combined_all_favorable
False,16.61324175824177,True,0,False,2022-09-25,combined_all_favorable
False,25.04761904748603,True,0,False,2022-09-26,combined_all_favorable
False,24.523809523677585,True,0,False,2022-09-27,combined_all_favorable
False,18.333333333202674,True,0,False,2022-09-28,combined_all_favorable
False,13.761904761775284,True,0,False,2022-09-29,combined_all_favorable
False,82.00000000004691,True,0,False,2022-09-30,combined_all_favorable
False,61.000000000046114,True,0,False,2022-10-01,combined_all_favorable
False,45.00000000004587,True,0,False,2022-10-02,combined_all_favorable
False,20.352142857142624,True,0,False,2022-10-03,combined_all_favorable
False,17.999999999951747,True,0,False,2022-10-04,combined_all_favorable
False,13.206043956004216,True,0,False,2022-10-05,combined_all_favorable
False,13.865384615344542,True,0,False,2022-10-06,combined_all_favorable
False,22.00000000004622,True,0,False,2022-10-07,combined_all_favorable
False,24.00000000004588,True,0,False,2022-10-08,combined_all_favorable
False,31.666666666712665,True,0,False,2022-10-09,combined_all_favorable
False,16.176923076923256,True,0,False,2022-10-10,combined_all_favorable
False,22.666666666713013,True,0,False,2022-10-11,combined_all_favorable
False,30.000000000046462,True,0,False,2022-10-12,combined_all_favorable
False,37.00000000004725,True,0,False,2022-10-13,combined_all_favorable
False,37.00000000004725,True,0,False,2022-10-14,combined_all_favorable
False,16.000000000046235,True,0,False,2022-10-15,combined_all_favorable
False,125446.66666666663,True,0,False,2022-10-16,combined_all_favorable
False,109683.99999999993,True,0,False,2022-10-17,combined_all_favorable
False,73525.90476190503,True,0,False,2022-10-18,combined_all_favorable
False,66341.61904761934,True,0,False,2022-10-19,combined_all_favorable
False,61178.904761905076,True,0,False,2022-10-20,combined_all_favorable
False,50748.333333333685,True,0,False,2022-10-21,combined_all_favorable
False,47870.17307692304,True,0,False,2022-10-22,combined_all_favorable
False,45680.17307692304,True,0,False,2022-10-23,combined_all_favorable
False,43674.37087912084,True,0,False,2022-10-24,combined_all_favorable
False,43602.26098901093,True,0,False,2022-10-25,combined_all_favorable
False,54237.14560439552,True,0,False,2022-10-26,combined_all_favorable
False,96966.9523809528,True,0,False,2022-10-27,combined_all_favorable
False,121618.66666666645,True,0,False,2022-10-28,combined_all_favorable
False,120490.66666666645,True,0,False,2022-10-29,combined_all_favorable
False,70879.58333333327,True,0,False,2022-10-30,combined_all_favorable
False,86308.3235632183,True,0,False,2022-10-31,combined_all_favorable
False,89516.99999999983,True,0,False,2022-11-01,combined_all_favorable
False,86607.35804597691,True,0,False,2022-11-02,combined_all_favorable
False,150948.9999999998,True,0,False,2022-11-03,combined_all_favorable
False,293396.99999999977,True,0,False,2022-11-04,combined_all_favorable
False,327652.66666666645,True,0,False,2022-11-05,combined_all_favorable
False,165565.9523809529,True,0,False,2022-11-06,combined_all_favorable
False,133916.2380952385,True,0,False,2022-11-07,combined_all_favorable
False,149504.8095238099,True,0,False,2022-11-08,combined_all_favorable
False,154286.95238095272,True,0,False,2022-11-09,combined_all_favorable
False,108012.85439560426,True,0,False,2022-11-10,combined_all_favorable
False,107531.12362637348,True,0,False,2022-11-11,combined_all_favorable
False,101889.40934065921,True,0,False,2022-11-12,combined_all_favorable
False,102003.86538461526,True,0,False,2022-11-13,combined_all_favorable
False,78065.87087912078,True,0,False,2022-11-14,combined_all_favorable
False,77515.58516483505,True,0,False,2022-11-15,combined_all_favorable
False,79534.56868131857,True,0,False,2022-11-16,combined_all_favorable
False,75120.04770114925,True,0,False,2022-11-17,combined_all_favorable
False,77292.19942528718,True,0,False,2022-11-18,combined_all_favorable
False,75028.85804597684,True,0,False,2022-11-19,combined_all_favorable
False,80586.66666666654,True,0,False,2022-11-20,combined_all_favorable
False,115833.99999999972,True,0,False,2022-11-21,combined_all_favorable
False,131609.9999999997,True,0,False,2022-11-22,combined_all_favorable
False,79057.86494252855,True,0,False,2022-11-23,combined_all_favorable
False,79591.9614942527,True,0,False,2022-11-24,combined_all_favorable
False,80070.22701149409,True,0,False,2022-11-25,combined_all_favorable
False,301791.9999999999,True,0,False,2022-11-26,combined_all_favorable
False,391031.9999999998,True,0,False,2022-11-27,combined_all_favorable
False,417391.66666666645,True,0,False,2022-11-28,combined_all_favorable
False,160727.23809523834,True,0,False,2022-11-29,combined_all_favorable
False,170120.14285714307,True,0,False,2022-11-30,combined_all_favorable
False,174755.95238095254,True,0,False,2022-12-01,combined_all_favorable
False,177949.61904761923,True,0,False,2022-12-02,combined_all_favorable
False,109849.40934065923,True,0,False,2022-12-03,combined_all_favorable
False,88763.25549450541,True,0,False,2022-12-04,combined_all_favorable
False,89658.4807692307,True,0,False,2022-12-05,combined_all_favorable
False,90584.64010989005,True,0,False,2022-12-06,combined_all_favorable
False,89566.52472527466,True,0,False,2022-12-07,combined_all_favorable
False,87581.67307692302,True,0,False,2022-12-08,combined_all_favorable
False,88150.81593406589,True,0,False,2022-12-09,combined_all_favorable
False,75863.28563218389,True,0,False,2022-12-10,combined_all_favorable
False,76953.37183908046,True,0,False,2022-12-11,combined_all_favorable
False,76321.27183908047,True,0,False,2022-12-12,combined_all_favorable
False,76396.47528735634,True,0,False,2022-12-13,combined_all_favorable
False,76024.7971264368,True,0,False,2022-12-14,combined_all_favorable
False,75574.30057471267,True,0,False,2022-12-15,combined_all_favorable
False,68188.09367816096,True,0,False,2022-12-16,combined_all_favorable
False,67772.16839080465,True,0,False,2022-12-17,combined_all_favorable
False,57977.179885057536,True,0,False,2022-12-18,combined_all_favorable
False,57902.779885057535,True,0,False,2022-12-19,combined_all_favorable
False,44294.531609195474,True,0,False,2022-12-20,combined_all_favorable
False,44407.69942528743,True,0,False,2022-12-21,combined_all_favorable
False,44474.25574712651,True,0,False,2022-12-22,combined_all_favorable
False,42968.0201149426,True,0,False,2022-12-23,combined_all_favorable
False,41184.68678160927,True,0,False,2022-12-24,combined_all_favorable
False,41186.113218390885,True,0,False,2022-12-25,combined_all_favorable
False,91.9999999994394,True,0,False,2022-12-26,combined_all_favorable
False,43.66666666610777,True,0,False,2022-12-27,combined_all_favorable
False,51.99999999944281,True,0,False,2022-12-28,combined_all_favorable
False,35.99999999943735,True,0,False,2022-12-29,combined_all_favorable
False,23.99999999943872,True,0,False,2022-12-30,combined_all_favorable
False,58.66666666610675,True,0,False,2022-12-31,combined_all_favorable
False,25.999999999442466,True,0,False,2023-01-01,combined_all_favorable
False,13.0,True,0,False,2023-01-02,combined_all_favorable
False,11.926153846154206,True,0,False,2023-01-03,combined_all_favorable
False,17.830000000000723,True,0,False,2023-01-04,combined_all_favorable
False,16.996666666667334,True,0,False,2023-01-05,combined_all_favorable
False,23.999999999436668,True,0,False,2023-01-06,combined_all_favorable
False,31.999999999439396,True,0,False,2023-01-07,combined_all_favorable
False,23.99999999943529,True,0,False,2023-01-08,combined_all_favorable
False,19.47547619047574,True,0,False,2023-01-09,combined_all_favorable
False,18.139761904761432,True,0,False,2023-01-10,combined_all_favorable
False,17.043095238094836,True,0,False,2023-01-11,combined_all_favorable
False,17.451373626374043,True,0,False,2023-01-12,combined_all_favorable
False,27.666666666106735,True,0,False,2023-01-13,combined_all_favorable
False,16.02040229885061,True,0,False,2023-01-14,combined_all_favorable
False,28.666666666105712,True,0,False,2023-01-15,combined_all_favorable
False,43.99999999943836,True,0,False,2023-01-16,combined_all_favorable
False,43.99999999943836,True,0,False,2023-01-17,combined_all_favorable
False,20.673095238095204,True,0,False,2023-01-18,combined_all_favorable
False,17.661666666666584,True,0,False,2023-01-19,combined_all_favorable
False,35.999999999436305,True,0,False,2023-01-20,combined_all_favorable
False,96.66666666610773,True,0,False,2023-01-21,combined_all_favorable
False,73.99999999944177,True,0,False,2023-01-22,combined_all_favorable
False,76.66666666610877,True,0,False,2023-01-23,combined_all_favorable
False,28.999999999437684,True,0,False,2023-01-24,combined_all_favorable
False,37.57142857139775,True,0,False,2023-01-25,combined_all_favorable
False,34.14999999999968,True,0,False,2023-01-26,combined_all_favorable
False,42.66666666610979,True,0,False,2023-01-27,combined_all_favorable
False,48.99999999943665,True,0,False,2023-01-28,combined_all_favorable
False,31.61904761901416,True,0,False,2023-01-29,combined_all_favorable
False,25.333333333297936,True,0,False,2023-01-30,combined_all_favorable
False,32.3333333332967,True,0,False,2023-01-31,combined_all_favorable
False,21.096153846140133,True,0,False,2023-02-01,combined_all_favorable
False,19.19047619051633,True,0,False,2023-02-02,combined_all_favorable
False,17.616666666666557,True,0,False,2023-02-03,combined_all_favorable
False,15.350000000000012,True,0,False,2023-02-04,combined_all_favorable
False,17.190476190511767,True,0,False,2023-02-05,combined_all_favorable
False,17.33333333389226,True,0,False,2023-02-06,combined_all_favorable
False,21.761904761936137,True,0,False,2023-02-07,combined_all_favorable
False,58.6666666661057,True,0,False,2023-02-08,combined_all_favorable
False,61.99999999943938,True,0,False,2023-02-09,combined_all_favorable
False,29.999999999435275,True,0,False,2023-02-10,combined_all_favorable
False,17.906666666666922,True,0,False,2023-02-11,combined_all_favorable
False,18.456428571428518,True,0,False,2023-02-12,combined_all_favorable
False,18.000000000559268,True,0,False,2023-02-13,combined_all_favorable
False,21.03021978023421,True,0,False,2023-02-14,combined_all_favorable
False,16.666666666104668,True,0,False,2023-02-15,combined_all_favorable
False,12.999999999434252,True,0,False,2023-02-16,combined_all_favorable
False,12.999999999434252,True,0,False,2023-02-17,combined_all_favorable
False,37.999999999439375,True,0,False,2023-02-18,combined_all_favorable
False,29.063571428571265,True,0,False,2023-02-19,combined_all_favorable
False,27.0854761904762,True,0,False,2023-02-20,combined_all_favorable
False,17.276666666667353,True,0,False,2023-02-21,combined_all_favorable
False,18.898351648365896,True,0,False,2023-02-22,combined_all_favorable
False,19.705476190475785,True,0,False,2023-02-23,combined_all_favorable
False,20.87637362638775,True,0,False,2023-02-24,combined_all_favorable
False,16.686781609087344,True,0,False,2023-02-25,combined_all_favorable
False,17.0419540228805,True,0,False,2023-02-26,combined_all_favorable
False,35.99999999943665,True,0,False,2023-02-27,combined_all_favorable
False,19.423563218283302,True,0,False,2023-02-28,combined_all_favorable
False,19.817816091846655,True,0,False,2023-03-01,combined_all_favorable
False,21.61091954012259,True,0,False,2023-03-02,combined_all_favorable
False,20.268390804490263,True,0,False,2023-03-03,combined_all_favorable
False,20.268390804490263,True,0,False,2023-03-04,combined_all_favorable
False,51.999999999438344,True,0,False,2023-03-05,combined_all_favorable
False,21.999999999441393,True,0,False,2023-03-06,combined_all_favorable
False,19.205000000000155,True,0,False,2023-03-07,combined_all_favorable
False,20.333333333319388,True,0,False,2023-03-08,combined_all_favorable
False,17.82356321828353,True,0,False,2023-03-09,combined_all_favorable
False,20.79712643667456,True,0,False,2023-03-10,combined_all_favorable
False,24.714285714314425,True,0,False,2023-03-11,combined_all_favorable
False,27.85714285717351,True,0,False,2023-03-12,combined_all_favorable
False,26.428571428601554,True,0,False,2023-03-13,combined_all_favorable
False,25.42857142860103,True,0,False,2023-03-14,combined_all_favorable
False,25.33333333336258,True,0,False,2023-03-15,combined_all_favorable
False,15.014367815985235,True,0,False,2023-03-16,combined_all_favorable
False,20.442307692323546,True,0,False,2023-03-17,combined_all_favorable
False,28.999999999445436,True,0,False,2023-03-18,combined_all_favorable
False,20.282967032982544,True,0,False,2023-03-19,combined_all_favorable
False,22.333333333302875,True,0,False,2023-03-20,combined_all_favorable
False,23.9999999994357,True,0,False,2023-03-21,combined_all_favorable
False,26.619047619015404,True,0,False,2023-03-22,combined_all_favorable
False,18.66666666610775,True,0,False,2023-03-23,combined_all_favorable
False,27.666666666104717,True,0,False,2023-03-24,combined_all_favorable
False,31.999999999442423,True,0,False,2023-03-25,combined_all_favorable
False,58.66666666610371,True,0,False,2023-03-26,combined_all_favorable
False,65.99999999943638,True,0,False,2023-03-27,combined_all_favorable
False,19.000000000568647,True,0,False,2023-03-28,combined_all_favorable
False,16.619047619012782,True,0,False,2023-03-29,combined_all_favorable
False,113.99999999944276,True,0,False,2023-03-30,combined_all_favorable
False,55.66666666611178,True,0,False,2023-03-31,combined_all_favorable
False,46.66666666611279,True,0,False,2023-04-01,combined_all_favorable
False,4279.99999999948,True,0,False,2023-04-02,combined_all_favorable
False,4200.666666666186,True,0,False,2023-04-03,combined_all_favorable
False,4029.619047619084,True,0,False,2023-04-04,combined_all_favorable
False,3862.4761904762477,True,0,False,2023-04-05,combined_all_favorable
False,4759.914835164799,True,0,False,2023-04-06,combined_all_favorable
False,5159.123626373586,True,0,False,2023-04-07,combined_all_favorable
False,4995.403846153803,True,0,False,2023-04-08,combined_all_favorable
False,5690.332417582368,True,0,False,2023-04-09,combined_all_favorable
False,5296.2390109889575,True,0,False,2023-04-10,combined_all_favorable
False,4609.095977011577,True,0,False,2023-04-11,combined_all_favorable
False,4638.668390804678,True,0,False,2023-04-12,combined_all_favorable
False,4660.737356321917,True,0,False,2023-04-13,combined_all_favorable
False,4580.145402298928,True,0,False,2023-04-14,combined_all_favorable
False,4658.35229885065,True,0,False,2023-04-15,combined_all_favorable
False,4572.935057471339,True,0,False,2023-04-16,combined_all_favorable
False,4476.737356321913,True,0,False,2023-04-17,combined_all_favorable
False,4447.348850574783,True,0,False,2023-04-18,combined_all_favorable
False,4849.555747126503,True,0,False,2023-04-19,combined_all_favorable
False,4668.283333333398,True,0,False,2023-04-20,combined_all_favorable
False,4638.530459770176,True,0,False,2023-04-21,combined_all_favorable
False,4487.92356321845,True,0,False,2023-04-22,combined_all_favorable
False,4183.772988505804,True,0,False,2023-04-23,combined_all_favorable
False,3935.0649425287916,True,0,False,2023-04-24,combined_all_favorable
False,3571.6626436782135,True,0,False,2023-04-25,combined_all_favorable
False,3222.9270114943033,True,0,False,2023-04-26,combined_all_favorable
False,2817.4270114943,True,0,False,2023-04-27,combined_all_favorable
False,2513.4097701149867,True,0,False,2023-04-28,combined_all_favorable
False,2171.064942528778,True,0,False,2023-04-29,combined_all_favorable
False,1682.0477011494652,True,0,False,2023-04-30,combined_all_favorable
False,1201.2718390804976,True,0,False,2023-05-01,combined_all_favorable
False,1201.4683908046352,True,0,False,2023-05-02,combined_all_favorable
False,1270.7339080460133,True,0,False,2023-05-03,combined_all_favorable
False,2815.9999999995634,True,0,False,2023-05-04,combined_all_favorable
False,3045.9999999995493,True,0,False,2023-05-05,combined_all_favorable
False,1378.23735632188,True,0,False,2023-05-06,combined_all_favorable
False,1503.2857142858236,True,0,False,2023-05-07,combined_all_favorable
False,2037.9999999995334,True,0,False,2023-05-08,combined_all_favorable
False,1792.6666666662097,True,0,False,2023-05-09,combined_all_favorable
False,1404.3543956043334,True,0,False,2023-05-10,combined_all_favorable
False,1345.673076923016,True,0,False,2023-05-11,combined_all_favorable
False,1923.9999999995457,True,0,False,2023-05-12,combined_all_favorable
False,2446.9523809524926,True,0,False,2023-05-13,combined_all_favorable
False,3111.1428571429756,True,0,False,2023-05-14,combined_all_favorable
False,2303.9523809525103,True,0,False,2023-05-15,combined_all_favorable
False,2166.809523809657,True,0,False,2023-05-16,combined_all_favorable
False,1898.9697802197168,True,0,False,2023-05-17,combined_all_favorable
False,2096.3333333334667,True,0,False,2023-05-18,combined_all_favorable
False,3084.809523809642,True,0,False,2023-05-19,combined_all_favorable
False,2935.9999999995302,True,0,False,2023-05-20,combined_all_favorable
False,2986.6666666661968,True,0,False,2023-05-21,combined_all_favorable
False,2809.9999999995616,True,0,False,2023-05-22,combined_all_favorable
False,4672.666666666242,True,0,False,2023-05-23,combined_all_favorable
False,3125.2380952382027,True,0,False,2023-05-24,combined_all_favorable
False,2676.809523809641,True,0,False,2023-05-25,combined_all_favorable
False,2223.140109890038,True,0,False,2023-05-26,combined_all_favorable
False,1990.3763736263024,True,0,False,2023-05-27,combined_all_favorable
False,2039.4697802197088,True,0,False,2023-05-28,combined_all_favorable
False,2051.6236263735545,True,0,False,2023-05-29,combined_all_favorable
False,4900.666666666234,True,0,False,2023-05-30,combined_all_favorable
False,3193.999999999557,True,0,False,2023-05-31,combined_all_favorable
False,2878.666666666217,True,0,False,2023-06-01,combined_all_favorable
False,6382.666666666202,True,0,False,2023-06-02,combined_all_favorable
False,6086.809523809612,True,0,False,2023-06-03,combined_all_favorable
False,4884.238095238158,True,0,False,2023-06-04,combined_all_favorable
False,5475.601648351596,True,0,False,2023-06-05,combined_all_favorable
False,5277.255494505453,True,0,False,2023-06-06,combined_all_favorable
False,5672.332417582381,True,0,False,2023-06-07,combined_all_favorable
False,5680.64010989008,True,0,False,2023-06-08,combined_all_favorable
False,5707.096153846129,True,0,False,2023-06-09,combined_all_favorable
False,4996.962643678223,True,0,False,2023-06-10,combined_all_favorable
False,5151.886781609262,True,0,False,2023-06-11,combined_all_favorable
False,4958.664942528806,True,0,False,2023-06-12,combined_all_favorable
False,4751.823563218465,True,0,False,2023-06-13,combined_all_favorable
False,4814.21436781617,True,0,False,2023-06-14,combined_all_favorable
False,4868.571839080541,True,0,False,2023-06-15,combined_all_favorable
False,4967.748850574798,True,0,False,2023-06-16,combined_all_favorable
False,5112.168390804684,True,0,False,2023-06-17,combined_all_favorable
False,5261.630459770203,True,0,False,2023-06-18,combined_all_favorable
False,5063.6074712644595,True,0,False,2023-06-19,combined_all_favorable
False,5197.4925287357255,True,0,False,2023-06-20,combined_all_favorable
False,4895.89252873573,True,0,False,2023-06-21,combined_all_favorable
False,4227.221264367919,True,0,False,2023-06-22,combined_all_favorable
False,4049.952298850681,True,0,False,2023-06-23,combined_all_favorable
False,3738.8718390805698,True,0,False,2023-06-24,combined_all_favorable
False,3520.1132183909176,True,0,False,2023-06-25,combined_all_favorable
False,2830.9270114943706,True,0,False,2023-06-26,combined_all_favorable
False,1820.2143678162147,True,0,False,2023-06-27,combined_all_favorable
False,1291.8545977012755,True,0,False,2023-06-28,combined_all_favorable
False,1234.0385057472538,True,0,False,2023-06-29,combined_all_favorable
False,436.16839080472903,True,0,False,2023-06-30,combined_all_favorable
False,16.63461538463322,True,0,False,2023-07-01,combined_all_favorable
False,16.0,True,0,False,2023-07-02,combined_all_favorable
False,36.66666666612138,True,0,False,2023-07-03,combined_all_favorable
False,27.18333333333339,True,0,False,2023-07-04,combined_all_favorable
False,51.99999999945132,True,0,False,2023-07-05,combined_all_favorable
False,64.9999999994504,True,0,False,2023-07-06,combined_all_favorable
False,35.142857142854204,True,0,False,2023-07-07,combined_all_favorable
False,32.571428571421784,True,0,False,2023-07-08,combined_all_favorable
False,24.95238095237344,True,0,False,2023-07-09,combined_all_favorable
False,31.999999999444874,True,0,False,2023-07-10,combined_all_favorable
False,16.000000000552348,True,0,False,2023-07-11,combined_all_favorable
False,17.333333333885985,True,0,False,2023-07-12,combined_all_favorable
False,15.453296703315125,True,0,False,2023-07-13,combined_all_favorable
False,16.0,True,0,False,2023-07-14,combined_all_favorable
False,22.52380952381546,True,0,False,2023-07-15,combined_all_favorable
False,21.38095238095803,True,0,False,2023-07-16,combined_all_favorable
False,21.38095238095803,True,0,False,2023-07-17,combined_all_favorable
False,22.380952380957886,True,0,False,2023-07-18,combined_all_favorable
False,18.380952380957034,True,0,False,2023-07-19,combined_all_favorable
False,22.666666666113997,True,0,False,2023-07-20,combined_all_favorable
False,21.999999999447944,True,0,False,2023-07-21,combined_all_favorable
False,26.068681318661707,True,0,False,2023-07-22,combined_all_favorable
False,26.17307692305726,True,0,False,2023-07-23,combined_all_favorable
False,23.403846153826805,True,0,False,2023-07-24,combined_all_favorable
False,23.82692307690378,True,0,False,2023-07-25,combined_all_favorable
False,20.634615384596447,True,0,False,2023-07-26,combined_all_favorable
False,20.903846153827168,True,0,False,2023-07-27,combined_all_favorable
False,22.414835164815916,True,0,False,2023-07-28,combined_all_favorable
False,22.01923076921215,True,0,False,2023-07-29,combined_all_favorable
False,21.999999999448562,True,0,False,2023-07-30,combined_all_favorable
False,21.999999999448562,True,0,False,2023-07-31,combined_all_favorable
False,17.95229885043821,True,0,False,2023-08-01,combined_all_favorable
False,76.66666666611773,True,0,False,2023-08-02,combined_all_favorable
False,73.99999999945354,True,0,False,2023-08-03,combined_all_favorable
False,18.666666666663595,True,0,False,2023-08-04,combined_all_favorable
False,21.285714285709624,True,0,False,2023-08-05,combined_all_favorable
False,16.030459769979032,True,0,False,2023-08-06,combined_all_favorable
False,21.4005747125082,True,0,False,2023-08-07,combined_all_favorable
False,21.128160919404834,True,0,False,2023-08-08,combined_all_favorable
False,21.128160919404834,True,0,False,2023-08-09,combined_all_favorable
False,24.3333333333374,True,0,False,2023-08-10,combined_all_favorable
False,18.43505747112948,True,0,False,2023-08-11,combined_all_favorable
False,73.99999999945078,True,0,False,2023-08-12,combined_all_favorable
False,76.66666666611498,True,0,False,2023-08-13,combined_all_favorable
False,14.379761904762427,True,0,False,2023-08-14,combined_all_favorable
False,15.000000000555708,True,0,False,2023-08-15,combined_all_favorable
False,15.000000000555708,True,0,False,2023-08-16,combined_all_favorable
False,20.333333333319388,True,0,False,2023-08-17,combined_all_favorable
False,29.38095238096307,True,0,False,2023-08-18,combined_all_favorable
False,45.99999999944896,True,0,False,2023-08-19,combined_all_favorable
False,49.99999999944865,True,0,False,2023-08-20,combined_all_favorable
False,68.99999999944771,True,0,False,2023-08-21,combined_all_favorable
False,12.836666666666625,True,0,False,2023-08-22,combined_all_favorable
False,18.70547619047646,True,0,False,2023-08-23,combined_all_favorable
False,17.163095238095575,True,0,False,2023-08-24,combined_all_favorable
False,18.12166666666695,True,0,False,2023-08-25,combined_all_favorable
False,22.380952380962952,True,0,False,2023-08-26,combined_all_favorable
False,19.141666666666975,True,0,False,2023-08-27,combined_all_favorable
False,14.83309523809563,True,0,False,2023-08-28,combined_all_favorable
False,15.98452380952433,True,0,False,2023-08-29,combined_all_favorable
False,18.30829670329676,True,0,False,2023-08-30,combined_all_favorable
False,17.826153846153908,True,0,False,2023-08-31,combined_all_favorable
False,36.6666666661169,True,0,False,2023-09-01,combined_all_favorable
False,126.66666666611408,True,0,False,2023-09-02,combined_all_favorable
False,124.99999999944711,True,0,False,2023-09-03,combined_all_favorable
False,148.9999999994477,True,0,False,2023-09-04,combined_all_favorable
False,61.57142857142488,True,0,False,2023-09-05,combined_all_favorable
False,54.142857142855355,True,0,False,2023-09-06,combined_all_favorable
False,52.285714285712935,True,0,False,2023-09-07,combined_all_favorable
False,58.9999999999991,True,0,False,2023-09-08,combined_all_favorable
False,29.999999999453323,True,0,False,2023-09-09,combined_all_favorable
False,46.9433333333335,True,0,False,2023-09-10,combined_all_favorable
False,19.826923076939458,True,0,False,2023-09-11,combined_all_favorable
False,23.999999999451788,True,0,False,2023-09-12,combined_all_favorable
False,16.217032967049185,True,0,False,2023-09-13,combined_all_favorable
False,16.024725274741115,True,0,False,2023-09-14,combined_all_favorable
False,16.333333333877526,True,0,False,2023-09-15,combined_all_favorable
False,19.000000000543576,True,0,False,2023-09-16,combined_all_favorable
False,45.99999999945243,True,0,False,2023-09-17,combined_all_favorable
False,51.9999999994469,True,0,False,2023-09-18,combined_all_favorable
False,33.999999999446295,True,0,False,2023-09-19,combined_all_favorable
False,68.99999999944414,True,0,False,2023-09-20,combined_all_favorable
False,65.99999999944691,True,0,False,2023-09-21,combined_all_favorable
False,45.99999999944599,True,0,False,2023-09-22,combined_all_favorable
False,31.54999999999985,True,0,False,2023-09-23,combined_all_favorable
False,124.99999999945243,True,0,False,2023-09-24,combined_all_favorable
False,123.99999999945334,True,0,False,2023-09-25,combined_all_favorable
False,53.99999999945548,True,0,False,2023-09-26,combined_all_favorable
False,31.333333333329314,True,0,False,2023-09-27,combined_all_favorable
False,34.47619047618735,True,0,False,2023-09-28,combined_all_favorable
False,48.28571428570968,True,0,False,2023-09-29,combined_all_favorable
False,93.99999999945271,True,0,False,2023-09-30,combined_all_favorable
False,91.99999999945241,True,0,False,2023-10-01,combined_all_favorable
False,70.66666666611965,True,0,False,2023-10-02,combined_all_favorable
False,33.238095238091525,True,0,False,2023-10-03,combined_all_favorable
False,33.23809523809151,True,0,False,2023-10-04,combined_all_favorable
False,30.66666666666162,True,0,False,2023-10-05,combined_all_favorable
False,103.9999999994505,True,0,False,2023-10-06,combined_all_favorable
False,112.66666666611684,True,0,False,2023-10-07,combined_all_favorable
False,108.9999999994505,True,0,False,2023-10-08,combined_all_favorable
False,25.809523809518623,True,0,False,2023-10-09,combined_all_favorable
False,20.95238095237532,True,0,False,2023-10-10,combined_all_favorable
False,15.809523809518623,True,0,False,2023-10-11,combined_all_favorable
False,21.07166666666656,True,0,False,2023-10-12,combined_all_favorable
False,22.19047619048314,True,0,False,2023-10-13,combined_all_favorable
False,24.666666666671716,True,0,False,2023-10-14,combined_all_favorable
False,24.42857142857575,True,0,False,2023-10-15,combined_all_favorable
False,8728.66666666617,True,0,False,2023-10-16,combined_all_favorable
False,7090.666666666207,True,0,False,2023-10-17,combined_all_favorable
False,5631.80952380958,True,0,False,2023-10-18,combined_all_favorable
False,4971.952380952452,True,0,False,2023-10-19,combined_all_favorable
False,4082.9523809524594,True,0,False,2023-10-20,combined_all_favorable
False,18195.999999999585,True,0,False,2023-10-21,combined_all_favorable
False,59301.99999999972,True,0,False,2023-10-22,combined_all_favorable
False,31926.952380952604,True,0,False,2023-10-23,combined_all_favorable
False,49300.66666666643,True,0,False,2023-10-24,combined_all_favorable
False,43600.66666666643,True,0,False,2023-10-25,combined_all_favorable
False,44013.99999999976,True,0,False,2023-10-26,combined_all_favorable
False,37094.370879120725,True,0,False,2023-10-27,combined_all_favorable
False,33244.99175824158,True,0,False,2023-10-28,combined_all_favorable
False,36259.47873563221,True,0,False,2023-10-29,combined_all_favorable
False,35834.337356321856,True,0,False,2023-10-30,combined_all_favorable
False,35410.30632183909,True,0,False,2023-10-31,combined_all_favorable
False,36304.268390804595,True,0,False,2023-11-01,combined_all_favorable
False,35685.90977011494,True,0,False,2023-11-02,combined_all_favorable
False,36242.820114942515,True,0,False,2023-11-03,combined_all_favorable
False,35377.22126436779,True,0,False,2023-11-04,combined_all_favorable
False,34442.62816091951,True,0,False,2023-11-05,combined_all_favorable
False,37424.668390804545,True,0,False,2023-11-06,combined_all_favorable
False,41337.9999999998,True,0,False,2023-11-07,combined_all_favorable
False,45404.99999999979,True,0,False,2023-11-08,combined_all_favorable
False,31688.958045976942,True,0,False,2023-11-09,combined_all_favorable
False,29524.300574712564,True,0,False,2023-11-10,combined_all_favorable
False,27557.99712643669,True,0,False,2023-11-11,combined_all_favorable
False,30288.999999999804,True,0,False,2023-11-12,combined_all_favorable
False,34576.999999999796,True,0,False,2023-11-13,combined_all_favorable
False,35082.66666666648,True,0,False,2023-11-14,combined_all_favorable
False,22182.435057471124,True,0,False,2023-11-15,combined_all_favorable
False,21034.168390804454,True,0,False,2023-11-16,combined_all_favorable
False,20053.468390804446,True,0,False,2023-11-17,combined_all_favorable
False,18536.21436781593,True,0,False,2023-11-18,combined_all_favorable
False,17203.123626373406,True,0,False,2023-11-19,combined_all_favorable
False,17306.185632183726,True,0,False,2023-11-20,combined_all_favorable
False,16388.59022988488,True,0,False,2023-11-21,combined_all_favorable
False,25787.999999999847,True,0,False,2023-11-22,combined_all_favorable
False,29452.666666666526,True,0,False,2023-11-23,combined_all_favorable
False,32121.999999999825,True,0,False,2023-11-24,combined_all_favorable
False,26548.666666666504,True,0,False,2023-11-25,combined_all_favorable
False,259924.00000000006,True,0,False,2023-11-26,combined_all_favorable
False,385216.6666666667,True,0,False,2023-11-27,combined_all_favorable
False,474004.66666666657,True,0,False,2023-11-28,combined_all_favorable
False,192039.66666666695,True,0,False,2023-11-29,combined_all_favorable
False,193556.47619047645,True,0,False,2023-11-30,combined_all_favorable
False,201992.66666666695,True,0,False,2023-12-01,combined_all_favorable
False,205585.8095238098,True,0,False,2023-12-02,combined_all_favorable
False,123336.8159340658,True,0,False,2023-12-03,combined_all_favorable
False,119323.36538461527,True,0,False,2023-12-04,combined_all_favorable
False,118524.37637362629,True,0,False,2023-12-05,combined_all_favorable
False,120519.40934065927,True,0,False,2023-12-06,combined_all_favorable
False,107111.58516483514,True,0,False,2023-12-07,combined_all_favorable
False,104584.90384615383,True,0,False,2023-12-08,combined_all_favorable
False,102328.20054945056,True,0,False,2023-12-09,combined_all_favorable
False,76586.52126436775,True,0,False,2023-12-10,combined_all_favorable
False,77539.9005747126,True,0,False,2023-12-11,combined_all_favorable
False,75073.03160919539,True,0,False,2023-12-12,combined_all_favorable
False,76320.1304597701,True,0,False,2023-12-13,combined_all_favorable
False,76140.49022988505,True,0,False,2023-12-14,combined_all_favorable
False,77206.88908045978,True,0,False,2023-12-15,combined_all_favorable
False,76812.1683908046,True,0,False,2023-12-16,combined_all_favorable
False,75661.40057471266,True,0,False,2023-12-17,combined_all_favorable
False,73415.90057471268,True,0,False,2023-12-18,combined_all_favorable
False,72767.3545977012,True,0,False,2023-12-19,combined_all_favorable
False,65985.53735632192,True,0,False,2023-12-20,combined_all_favorable
False,62277.89252873572,True,0,False,2023-12-21,combined_all_favorable
False,61639.455747126536,True,0,False,2023-12-22,combined_all_favorable
False,52332.835057471384,True,0,False,2023-12-23,combined_all_favorable
False,49845.26609195415,True,0,False,2023-12-24,combined_all_favorable
False,47765.97873563232,True,0,False,2023-12-25,combined_all_favorable
False,33.36538461547302,True,0,False,2023-12-26,combined_all_favorable
False,34.14285714305269,True,0,False,2023-12-27,combined_all_favorable
False,24.047701149611655,True,0,False,2023-12-28,combined_all_favorable
False,48.28571428591126,True,0,False,2023-12-29,combined_all_favorable
False,44.142857143053895,True,0,False,2023-12-30,combined_all_favorable
False,90.6666666661573,True,0,False,2023-12-31,combined_all_favorable
False,19.623626373713584,True,0,False,2024-01-01,combined_all_favorable
False,21.008333333332356,True,0,False,2024-01-02,combined_all_favorable
False,23.142857143053888,True,0,False,2024-01-03,combined_all_favorable
False,23.23809523829206,True,0,False,2024-01-04,combined_all_favorable
False,22.69296703296775,True,0,False,2024-01-05,combined_all_favorable
False,22.69296703296775,True,0,False,2024-01-06,combined_all_favorable
False,22.68945054945127,True,0,False,2024-01-07,combined_all_favorable
False,22.733908046161915,True,0,False,2024-01-08,combined_all_favorable
False,63.666666666158335,True,0,False,2024-01-09,combined_all_favorable
False,100.99999999949443,True,0,False,2024-01-10,combined_all_favorable
False,80.99999999949237,True,0,False,2024-01-11,combined_all_favorable
False,28.99999999949444,True,0,False,2024-01-12,combined_all_favorable
False,30.571428571627813,True,0,False,2024-01-13,combined_all_favorable
False,51.28571428591237,True,0,False,2024-01-14,combined_all_favorable
False,32.23809523829208,True,0,False,2024-01-15,combined_all_favorable
False,32.23809523829208,True,0,False,2024-01-16,combined_all_favorable
False,20.276043956044575,True,0,False,2024-01-17,combined_all_favorable
False,21.484999999999335,True,0,False,2024-01-18,combined_all_favorable
False,70.66666666615417,True,0,False,2024-01-19,combined_all_favorable
False,21.848954022988174,True,0,False,2024-01-20,combined_all_favorable
False,69.99999999948786,True,0,False,2024-01-21,combined_all_favorable
False,21.644494252873233,True,0,False,2024-01-22,combined_all_favorable
False,21.64780459770082,True,0,False,2024-01-23,combined_all_favorable
False,37.23809523828991,True,0,False,2024-01-24,combined_all_favorable
False,43.666666666145865,True,0,False,2024-01-25,combined_all_favorable
False,51.99999999948092,True,0,False,2024-01-26,combined_all_favorable
False,22.375604395605052,True,0,False,2024-01-27,combined_all_favorable
False,20.21321839080428,True,0,False,2024-01-28,combined_all_favorable
False,20.35271264367785,True,0,False,2024-01-29,combined_all_favorable
False,20.311712643677854,True,0,False,2024-01-30,combined_all_favorable
False,20.496770114942223,True,0,False,2024-01-31,combined_all_favorable
False,20.233908045976715,True,0,False,2024-02-01,combined_all_favorable
False,18.823333333333284,True,0,False,2024-02-02,combined_all_favorable
False,16.215471264367544,True,0,False,2024-02-03,combined_all_favorable
False,16.272402298850306,True,0,False,2024-02-04,combined_all_favorable
False,18.85714285694521,True,0,False,2024-02-05,combined_all_favorable
False,25.333333333135073,True,0,False,2024-02-06,combined_all_favorable
False,24.19047619027854,True,0,False,2024-02-07,combined_all_favorable
False,17.523809523612414,True,0,False,2024-02-08,combined_all_favorable
False,18.428571428374394,True,0,False,2024-02-09,combined_all_favorable
False,22.666666666148977,True,0,False,2024-02-10,combined_all_favorable
False,73.99999999948717,True,0,False,2024-02-11,combined_all_favorable
False,99.99999999948923,True,0,False,2024-02-12,combined_all_favorable
False,44.99999999949098,True,0,False,2024-02-13,combined_all_favorable
False,36.999999999486825,True,0,False,2024-02-14,combined_all_favorable
False,17.476190476387572,True,0,False,2024-02-15,combined_all_favorable
False,20.90476190495923,True,0,False,2024-02-16,combined_all_favorable
False,95.99999999948473,True,0,False,2024-02-17,combined_all_favorable
False,106.66666666614587,True,0,False,2024-02-18,combined_all_favorable
False,25.80952380971781,True,0,False,2024-02-19,combined_all_favorable
False,72.66666666614694,True,0,False,2024-02-20,combined_all_favorable
False,43.80952380971885,True,0,False,2024-02-21,combined_all_favorable
False,43.80952380971885,True,0,False,2024-02-22,combined_all_favorable
False,88.66666666614906,True,0,False,2024-02-23,combined_all_favorable
False,149.99999999948514,True,0,False,2024-02-24,combined_all_favorable
False,179.999999999479,True,0,False,2024-02-25,combined_all_favorable
False,124.99999999948275,True,0,False,2024-02-26,combined_all_favorable
False,58.14285714305132,True,0,False,2024-02-27,combined_all_favorable
False,51.47619047638411,True,0,False,2024-02-28,combined_all_favorable
False,40.28571428590757,True,0,False,2024-02-29,combined_all_favorable
False,24.019230769322355,True,0,False,2024-03-01,combined_all_favorable
False,79.9999999994882,True,0,False,2024-03-02,combined_all_favorable
False,101.69333333333383,True,0,False,2024-03-03,combined_all_favorable
False,86.44000000000058,True,0,False,2024-03-04,combined_all_favorable
False,94.28333333333386,True,0,False,2024-03-05,combined_all_favorable
False,32.48626373635203,True,0,False,2024-03-06,combined_all_favorable
False,32.48626373635203,True,0,False,2024-03-07,combined_all_favorable
False,23.84119047619012,True,0,False,2024-03-08,combined_all_favorable
False,23.71428571408876,True,0,False,2024-03-09,combined_all_favorable
False,27.42857142837492,True,0,False,2024-03-10,combined_all_favorable
False,22.857142856946787,True,0,False,2024-03-11,combined_all_favorable
False,29.99999999948681,True,0,False,2024-03-12,combined_all_favorable
False,36.99999999948578,True,0,False,2024-03-13,combined_all_favorable
False,31.99999999949091,True,0,False,2024-03-14,combined_all_favorable
False,35.99999999948681,True,0,False,2024-03-15,combined_all_favorable
False,123.99999999948307,True,0,False,2024-03-16,combined_all_favorable
False,100.66666666614906,True,0,False,2024-03-17,combined_all_favorable
False,112.66666666614702,True,0,False,2024-03-18,combined_all_favorable
False,53.99999999948581,True,0,False,2024-03-19,combined_all_favorable
False,52.23809523829021,True,0,False,2024-03-20,combined_all_favorable
False,26.95238095257526,True,0,False,2024-03-21,combined_all_favorable
False,36.809523809717454,True,0,False,2024-03-22,combined_all_favorable
False,40.66666666614904,True,0,False,2024-03-23,combined_all_favorable
False,28.999999999480686,True,0,False,2024-03-24,combined_all_favorable
False,110.28333333333391,True,0,False,2024-03-25,combined_all_favorable
False,56.56333333333417,True,0,False,2024-03-26,combined_all_favorable
False,97.42333333333401,True,0,False,2024-03-27,combined_all_favorable
False,29.64023809523742,True,0,False,2024-03-28,combined_all_favorable
False,112.66666666615106,True,0,False,2024-03-29,combined_all_favorable
False,135.99999999948776,True,0,False,2024-03-30,combined_all_favorable
False,35.14285714305418,True,0,False,2024-03-31,combined_all_favorable
False,31.57142857162453,True,0,False,2024-04-01,combined_all_favorable
False,10859.999999999545,True,0,False,2024-04-02,combined_all_favorable
False,9287.99999999959,True,0,False,2024-04-03,combined_all_favorable
False,5781.142857143086,True,0,False,2024-04-04,combined_all_favorable
False,5307.142857143092,True,0,False,2024-04-05,combined_all_favorable
False,4811.238095238339,True,0,False,2024-04-06,combined_all_favorable
False,4335.892857142896,True,0,False,2024-04-07,combined_all_favorable
False,4180.678571428606,True,0,False,2024-04-08,combined_all_favorable
False,3894.0851648351945,True,0,False,2024-04-09,combined_all_favorable
False,3873.1620879121087,True,0,False,2024-04-10,combined_all_favorable
False,3744.260989010998,True,0,False,2024-04-11,combined_all_favorable
False,3808.9683908047377,True,0,False,2024-04-12,combined_all_favorable
False,3857.8235632185274,True,0,False,2024-04-13,combined_all_favorable
False,3788.268390804732,True,0,False,2024-04-14,combined_all_favorable
False,3928.1074712644954,True,0,False,2024-04-15,combined_all_favorable
False,4484.0488505748335,True,0,False,2024-04-16,combined_all_favorable
False,4860.6132183909185,True,0,False,2024-04-17,combined_all_favorable
False,4833.817816092064,True,0,False,2024-04-18,combined_all_favorable
False,4612.720114942636,True,0,False,2024-04-19,combined_all_favorable
False,4554.475287356424,True,0,False,2024-04-20,combined_all_favorable
False,4318.406321839178,True,0,False,2024-04-21,combined_all_favorable
False,4110.651149425384,True,0,False,2024-04-22,combined_all_favorable
False,3902.406321839172,True,0,False,2024-04-23,combined_all_favorable
False,3848.268390804684,True,0,False,2024-04-24,combined_all_favorable
False,3708.6683908046775,True,0,False,2024-04-25,combined_all_favorable
False,3363.7683908046743,True,0,False,2024-04-26,combined_all_favorable
False,2913.0097701150153,True,0,False,2024-04-27,combined_all_favorable
False,2631.840804597771,True,0,False,2024-04-28,combined_all_favorable
False,2308.2729885058143,True,0,False,2024-04-29,combined_all_favorable
False,1968.1132183908696,True,0,False,2024-04-30,combined_all_favorable
False,1485.078735632244,True,0,False,2024-05-01,combined_all_favorable
False,1351.4270114943147,True,0,False,2024-05-02,combined_all_favorable
False,1386.6235632184546,True,0,False,2024-05-03,combined_all_favorable
False,1386.6821839081097,True,0,False,2024-05-04,combined_all_favorable
False,1369.8178160920168,True,0,False,2024-05-05,combined_all_favorable
False,1374.6281609196028,True,0,False,2024-05-06,combined_all_favorable
False,1419.3718390805193,True,0,False,2024-05-07,combined_all_favorable
False,1626.9047619050282,True,0,False,2024-05-08,combined_all_favorable
False,2731.666666666312,True,0,False,2024-05-09,combined_all_favorable
False,2816.999999999648,True,0,False,2024-05-10,combined_all_favorable
False,1612.1785714285409,True,0,False,2024-05-11,combined_all_favorable
False,1590.2454022989032,True,0,False,2024-05-12,combined_all_favorable
False,1585.0959770115448,True,0,False,2024-05-13,combined_all_favorable
False,1552.2380952383642,True,0,False,2024-05-14,combined_all_favorable
False,1481.2660919540733,True,0,False,2024-05-15,combined_all_favorable
False,1331.9281609195925,True,0,False,2024-05-16,combined_all_favorable
False,1185.4270114943067,True,0,False,2024-05-17,combined_all_favorable
False,1348.0764367816605,True,0,False,2024-05-18,combined_all_favorable
False,1570.6666666663011,True,0,False,2024-05-19,combined_all_favorable
False,1879.9999999996287,True,0,False,2024-05-20,combined_all_favorable
False,1641.238095238355,True,0,False,2024-05-21,combined_all_favorable
False,1657.9047619050214,True,0,False,2024-05-22,combined_all_favorable
False,2129.999999999589,True,0,False,2024-05-23,combined_all_favorable
False,2383.9047619050257,True,0,False,2024-05-24,combined_all_favorable
False,3190.6666666662913,True,0,False,2024-05-25,combined_all_favorable
False,3185.999999999625,True,0,False,2024-05-26,combined_all_favorable
False,2062.6666666669253,True,0,False,2024-05-27,combined_all_favorable
False,1712.9523809526402,True,0,False,2024-05-28,combined_all_favorable
False,1698.476190476451,True,0,False,2024-05-29,combined_all_favorable
False,1686.1428571431152,True,0,False,2024-05-30,combined_all_favorable
False,1575.0961538461233,True,0,False,2024-05-31,combined_all_favorable
False,1260.7109195402772,True,0,False,2024-06-01,combined_all_favorable
False,5506.666666666231,True,0,False,2024-06-02,combined_all_favorable
False,3162.6190476192887,True,0,False,2024-06-03,combined_all_favorable
False,4251.952380952617,True,0,False,2024-06-04,combined_all_favorable
False,4031.403846153847,True,0,False,2024-06-05,combined_all_favorable
False,4322.20054945056,True,0,False,2024-06-06,combined_all_favorable
False,3628.9862637362867,True,0,False,2024-06-07,combined_all_favorable
False,3925.4478021978302,True,0,False,2024-06-08,combined_all_favorable
False,3886.0477011495095,True,0,False,2024-06-09,combined_all_favorable
False,4065.4270114943442,True,0,False,2024-06-10,combined_all_favorable
False,4293.693678161014,True,0,False,2024-06-11,combined_all_favorable
False,4336.107471264467,True,0,False,2024-06-12,combined_all_favorable
False,4499.892528735735,True,0,False,2024-06-13,combined_all_favorable
False,4592.852298850682,True,0,False,2024-06-14,combined_all_favorable
False,4552.347701149537,True,0,False,2024-06-15,combined_all_favorable
False,4513.497126436898,True,0,False,2024-06-16,combined_all_favorable
False,4034.1304597702383,True,0,False,2024-06-17,combined_all_favorable
False,3953.9798850575976,True,0,False,2024-06-18,combined_all_favorable
False,3885.0787356323144,True,0,False,2024-06-19,combined_all_favorable
False,3949.676436781742,True,0,False,2024-06-20,combined_all_favorable
False,3824.038505747262,True,0,False,2024-06-21,combined_all_favorable
False,3523.0040229886463,True,0,False,2024-06-22,combined_all_favorable
False,2702.6235632185385,True,0,False,2024-06-23,combined_all_favorable
False,2652.9959770116443,True,0,False,2024-06-24,combined_all_favorable
False,2222.504022988661,True,0,False,2024-06-25,combined_all_favorable
False,1841.8408045978606,True,0,False,2024-06-26,combined_all_favorable
False,1751.3350574714261,True,0,False,2024-06-27,combined_all_favorable
False,1280.2316091955684,True,0,False,2024-06-28,combined_all_favorable
False,971.5936781610892,True,0,False,2024-06-29,combined_all_favorable
False,326.85804597718607,True,0,False,2024-06-30,combined_all_favorable
False,25.345769230769356,True,0,False,2024-07-01,combined_all_favorable
False,24.719395604395665,True,0,False,2024-07-02,combined_all_favorable
False,13.990000000000302,True,0,False,2024-07-03,combined_all_favorable
False,13.156666666666949,True,0,False,2024-07-04,combined_all_favorable
False,18.634999999999366,True,0,False,2024-07-05,combined_all_favorable
False,40.66666666615036,True,0,False,2024-07-06,combined_all_favorable
False,31.999999999488132,True,0,False,2024-07-07,combined_all_favorable
False,18.745476190475657,True,0,False,2024-07-08,combined_all_favorable
False,43.66666666615038,True,0,False,2024-07-09,combined_all_favorable
False,19.890218390804634,True,0,False,2024-07-10,combined_all_favorable
False,31.666666666144238,True,0,False,2024-07-11,combined_all_favorable
False,30.333333333542548,True,0,False,2024-07-12,combined_all_favorable
False,20.893804597701163,True,0,False,2024-07-13,combined_all_favorable
False,44.999999999485084,True,0,False,2024-07-14,combined_all_favorable
False,43.44333333333306,True,0,False,2024-07-15,combined_all_favorable
False,28.66666666615346,True,0,False,2024-07-16,combined_all_favorable
False,24.904761904971423,True,0,False,2024-07-17,combined_all_favorable
False,89.99999999947997,True,0,False,2024-07-18,combined_all_favorable
False,119.99999999948338,True,0,False,2024-07-19,combined_all_favorable
False,119.99999999948338,True,0,False,2024-07-20,combined_all_favorable
False,29.904761904972226,True,0,False,2024-07-21,combined_all_favorable
False,29.904761904972055,True,0,False,2024-07-22,combined_all_favorable
False,26.571428571639302,True,0,False,2024-07-23,combined_all_favorable
False,23.142857143067644,True,0,False,2024-07-24,combined_all_favorable
False,24.190476190264867,True,0,False,2024-07-25,combined_all_favorable
False,18.19047619026539,True,0,False,2024-07-26,combined_all_favorable
False,17.71428571407549,True,0,False,2024-07-27,combined_all_favorable
False,15.48309523809451,True,0,False,2024-07-28,combined_all_favorable
False,22.6666666661463,True,0,False,2024-07-29,combined_all_favorable
False,35.999999999476906,True,0,False,2024-07-30,combined_all_favorable
False,40.666666666148345,True,0,False,2024-07-31,combined_all_favorable
False,28.999999999479293,True,0,False,2024-08-01,combined_all_favorable
False,22.666666666152445,True,0,False,2024-08-02,combined_all_favorable
False,31.999999999487144,True,0,False,2024-08-03,combined_all_favorable
False,20.809523809734188,True,0,False,2024-08-04,combined_all_favorable
False,35.57142857163951,True,0,False,2024-08-05,combined_all_favorable
False,17.33333333383936,True,0,False,2024-08-06,combined_all_favorable
False,108.6666666661545,True,0,False,2024-08-07,combined_all_favorable
False,93.5833333333335,True,0,False,2024-08-08,combined_all_favorable
False,43.99999999948237,True,0,False,2024-08-09,combined_all_favorable
False,47.34119047619044,True,0,False,2024-08-10,combined_all_favorable
False,68.99999999948754,True,0,False,2024-08-11,combined_all_favorable
False,145.9999999994804,True,0,False,2024-08-12,combined_all_favorable
False,44.66666666687568,True,0,False,2024-08-13,combined_all_favorable
False,49.99999999947936,True,0,False,2024-08-14,combined_all_favorable
False,35.23809523830487,True,0,False,2024-08-15,combined_all_favorable
False,47.238095238305085,True,0,False,2024-08-16,combined_all_favorable
False,61.99999999948514,True,0,False,2024-08-17,combined_all_favorable
False,93.99999999948245,True,0,False,2024-08-18,combined_all_favorable
False,23.73901098909024,True,0,False,2024-08-19,combined_all_favorable
False,33.999999999478405,True,0,False,2024-08-20,combined_all_favorable
False,84.99999999948412,True,0,False,2024-08-21,combined_all_favorable
False,91.6666666661474,True,0,False,2024-08-22,combined_all_favorable
False,99.99999999948041,True,0,False,2024-08-23,combined_all_favorable
False,29.285714285922708,True,0,False,2024-08-24,combined_all_favorable
False,31.99999999948008,True,0,False,2024-08-25,combined_all_favorable
False,20.904761904970428,True,0,False,2024-08-26,combined_all_favorable
False,20.904761904970435,True,0,False,2024-08-27,combined_all_favorable
False,142.66666666615046,True,0,False,2024-08-28,combined_all_favorable
False,136.66666666615248,True,0,False,2024-08-29,combined_all_favorable
False,46.66666666615551,True,0,False,2024-08-30,combined_all_favorable
False,42.476190476400895,True,0,False,2024-08-31,combined_all_favorable
False,49.999999999486135,True,0,False,2024-09-01,combined_all_favorable
False,45.99999999948646,True,0,False,2024-09-02,combined_all_favorable
False,22.952380952591625,True,0,False,2024-09-03,combined_all_favorable
False,17.950000000000387,True,0,False,2024-09-04,combined_all_favorable
False,14.650000000000505,True,0,False,2024-09-05,combined_all_favorable
False,21.999999999483435,True,0,False,2024-09-06,combined_all_favorable
False,52.66666666615146,True,0,False,2024-09-07,combined_all_favorable
False,88.66666666614843,True,0,False,2024-09-08,combined_all_favorable
False,70.66666666615045,True,0,False,2024-09-09,combined_all_favorable
False,19.54214285714216,True,0,False,2024-09-10,combined_all_favorable
False,19.578333333332605,True,0,False,2024-09-11,combined_all_favorable
False,17.749761904761282,True,0,False,2024-09-12,combined_all_favorable
False,24.13,True,0,False,2024-09-13,combined_all_favorable
False,43.99999999948008,True,0,False,2024-09-14,combined_all_favorable
False,10.38095238074387,True,0,False,2024-09-15,combined_all_favorable
False,15.99999999947807,True,0,False,2024-09-16,combined_all_favorable
False,46.66666666615248,True,0,False,2024-09-17,combined_all_favorable
False,19.904761904971565,True,0,False,2024-09-18,combined_all_favorable
False,19.904761904971565,True,0,False,2024-09-19,combined_all_favorable
False,25.80952380973325,True,0,False,2024-09-20,combined_all_favorable
False,12.74547619047599,True,0,False,2024-09-21,combined_all_favorable
False,18.00000000052194,True,0,False,2024-09-22,combined_all_favorable
False,18.00000000052194,True,0,False,2024-09-23,combined_all_favorable
False,14.416666666667684,True,0,False,2024-09-24,combined_all_favorable
False,14.761904761696016,True,0,False,2024-09-25,combined_all_favorable
False,11.999999999999998,True,0,False,2024-09-26,combined_all_favorable
False,11.999999999999998,True,0,False,2024-09-27,combined_all_favorable
False,15.370000000000257,True,0,False,2024-09-28,combined_all_favorable
False,13.120000000000443,True,0,False,2024-09-29,combined_all_favorable
False,19.52380952359971,True,0,False,2024-09-30,combined_all_favorable
False,73.9999999994861,True,0,False,2024-10-01,combined_all_favorable
False,135.9999999994841,True,0,False,2024-10-02,combined_all_favorable
False,149.99999999948207,True,0,False,2024-10-03,combined_all_favorable
False,28.999999999478355,True,0,False,2024-10-04,combined_all_favorable
False,36.61904761925721,True,0,False,2024-10-05,combined_all_favorable
False,30.90476190497177,True,0,False,2024-10-06,combined_all_favorable
False,37.2380952383055,True,0,False,2024-10-07,combined_all_favorable
False,16.99999999948404,True,0,False,2024-10-08,combined_all_favorable
False,48.99999999948139,True,0,False,2024-10-09,combined_all_favorable
False,15.486318681318915,True,0,False,2024-10-10,combined_all_favorable
False,53.99999999948403,True,0,False,2024-10-11,combined_all_favorable
False,17.736666666667027,True,0,False,2024-10-12,combined_all_favorable
False,15.925476190475585,True,0,False,2024-10-13,combined_all_favorable
False,17.333333333849627,True,0,False,2024-10-14,combined_all_favorable
False,17.325476190475506,True,0,False,2024-10-15,combined_all_favorable
False,1348.999999999505,True,0,False,2024-10-16,combined_all_favorable
False,29684.999999999607,True,0,False,2024-10-17,combined_all_favorable
False,16879.999999999673,True,0,False,2024-10-18,combined_all_favorable
False,40515.23809523837,True,0,False,2024-10-19,combined_all_favorable
False,41038.619047619344,True,0,False,2024-10-20,combined_all_favorable
False,39403.571428571755,True,0,False,2024-10-21,combined_all_favorable
False,37322.39285714281,True,0,False,2024-10-22,combined_all_favorable
False,37985.60164835158,True,0,False,2024-10-23,combined_all_favorable
False,36822.41483516476,True,0,False,2024-10-24,combined_all_favorable
False,38032.6666666664,True,0,False,2024-10-25,combined_all_favorable
False,72185.9999999998,True,0,False,2024-10-26,combined_all_favorable
False,37869.909340659186,True,0,False,2024-10-27,combined_all_favorable
False,38527.26264367821,True,0,False,2024-10-28,combined_all_favorable
False,39219.9522988506,True,0,False,2024-10-29,combined_all_favorable
False,38458.23160919543,True,0,False,2024-10-30,combined_all_favorable
False,37835.73160919543,True,0,False,2024-10-31,combined_all_favorable
False,38276.16264367817,True,0,False,2024-11-01,combined_all_favorable
False,39932.130459770124,True,0,False,2024-11-02,combined_all_favorable
False,45314.599425287335,True,0,False,2024-11-03,combined_all_favorable
False,43802.72816091951,True,0,False,2024-11-04,combined_all_favorable
False,56429.99999999982,True,0,False,2024-11-05,combined_all_favorable
False,40361.22011494248,True,0,False,2024-11-06,combined_all_favorable
False,38734.84770114938,True,0,False,2024-11-07,combined_all_favorable
False,36978.41091954016,True,0,False,2024-11-08,combined_all_favorable
False,34842.20402298843,True,0,False,2024-11-09,combined_all_favorable
False,34060.11321839071,True,0,False,2024-11-10,combined_all_favorable
False,41302.66666666653,True,0,False,2024-11-11,combined_all_favorable
False,31917.478735632067,True,0,False,2024-11-12,combined_all_favorable
False,49246.66666666646,True,0,False,2024-11-13,combined_all_favorable
False,38759.99999999979,True,0,False,2024-11-14,combined_all_favorable
False,35343.99999999984,True,0,False,2024-11-15,combined_all_favorable
False,48743.99999999982,True,0,False,2024-11-16,combined_all_favorable
False,37419.80952380986,True,0,False,2024-11-17,combined_all_favorable
False,26632.544252873417,True,0,False,2024-11-18,combined_all_favorable
False,26526.18563218377,True,0,False,2024-11-19,combined_all_favorable
False,27173.142857143164,True,0,False,2024-11-20,combined_all_favorable
False,26086.623563218254,True,0,False,2024-11-21,combined_all_favorable
False,26235.541954022865,True,0,False,2024-11-22,combined_all_favorable
False,24959.711538461335,True,0,False,2024-11-23,combined_all_favorable
False,25320.613218390685,True,0,False,2024-11-24,combined_all_favorable
False,23478.438505747017,True,0,False,2024-11-25,combined_all_favorable
False,49565.999999999694,True,0,False,2024-11-26,combined_all_favorable
False,65788.66666666634,True,0,False,2024-11-27,combined_all_favorable
False,81160.66666666631,True,0,False,2024-11-28,combined_all_favorable
False,32220.6666666669,True,0,False,2024-11-29,combined_all_favorable
False,33267.23809523831,True,0,False,2024-11-30,combined_all_favorable
False,35129.80952380973,True,0,False,2024-12-01,combined_all_favorable
False,35492.80952380972,True,0,False,2024-12-02,combined_all_favorable
False,30069.037356321816,True,0,False,2024-12-03,combined_all_favorable
False,31381.451149425277,True,0,False,2024-12-04,combined_all_favorable
False,32741.607471264364,True,0,False,2024-12-05,combined_all_favorable
False,33895.57873563218,True,0,False,2024-12-06,combined_all_favorable
False,34997.70287356323,True,0,False,2024-12-07,combined_all_favorable
False,34884.85804597703,True,0,False,2024-12-08,combined_all_favorable
False,35719.70287356325,True,0,False,2024-12-09,combined_all_favorable
False,33229.22011494258,True,0,False,2024-12-10,combined_all_favorable
False,26073.175287356407,True,0,False,2024-12-11,combined_all_favorable
False,25846.710919540317,True,0,False,2024-12-12,combined_all_favorable
False,26135.547701149528,True,0,False,2024-12-13,combined_all_favorable
False,19120.871839080584,True,0,False,2024-12-14,combined_all_favorable
False,15186.364942528877,True,0,False,2024-12-15,combined_all_favorable
False,15270.297126436928,True,0,False,2024-12-16,combined_all_favorable
False,15000.927011494408,True,0,False,2024-12-17,combined_all_favorable
False,14777.702873563381,True,0,False,2024-12-18,combined_all_favorable
False,12667.57873563236,True,0,False,2024-12-19,combined_all_favorable
False,12304.176436781792,True,0,False,2024-12-20,combined_all_favorable
False,11436.651149425477,True,0,False,2024-12-21,combined_all_favorable
False,10231.210919540428,True,0,False,2024-12-22,combined_all_favorable
False,9010.77988505768,True,0,False,2024-12-23,combined_all_favorable
False,8830.697126436993,True,0,False,2024-12-24,combined_all_favorable
False,8380.076436781826,True,0,False,2024-12-25,combined_all_favorable
False,26.903846153738264,True,0,False,2024-12-26,combined_all_favorable
False,26.260989010881048,True,0,False,2024-12-27,combined_all_favorable
False,26.903846153738847,True,0,False,2024-12-28,combined_all_favorable
False,26.876373626266393,True,0,False,2024-12-29,combined_all_favorable
False,25.936813186706175,True,0,False,2024-12-30,combined_all_favorable
False,27.66758241747577,True,0,False,2024-12-31,combined_all_favorable
