date,year,month,day,season,pollution_regime,is_extreme_episode,is_severe_episode,eval_fold,observed_pm25,predicted_pm25,residual,absolute_error,squared_error,relative_error
2022-01-01,2022,1,1,Winter,Extreme,True,True,1,262.12,293.1242846454311,-31.004284645431085,31.004284645431085,961.2656663749137,0.11828278897234505
2022-01-02,2022,1,2,Winter,Extreme,True,True,1,275.29,253.0876216193717,22.202378380628318,22.202378380628318,492.9456057565917,0.08065087137429008
2022-01-03,2022,1,3,Winter,Extreme,True,True,1,390.95,353.0696136135895,37.880386386410464,37.880386386410464,1434.9236727837513,0.09689317402841914
2022-01-04,2022,1,4,Winter,Extreme,True,True,1,301.63,333.1291076951298,-31.499107695129794,31.499107695129794,992.193785589385,0.10442962468961905
2022-01-05,2022,1,5,Winter,High,True,False,1,239.84,228.29268821667156,11.547311783328439,11.547311783328439,133.3404094213958,0.04814589636144279
2022-01-06,2022,1,6,Winter,Extreme,True,True,1,299.74,252.91970973791635,46.82029026208366,46.82029026208366,2192.139580225766,0.15620301014907473
2022-01-07,2022,1,7,Winter,Extreme,True,True,1,350.38,314.2779581550169,36.10204184498309,36.10204184498309,1303.3574253769102,0.10303682243559305
2022-01-08,2022,1,8,Winter,Extreme,True,True,1,271.26,254.7346817555357,16.5253182444643,16.5253182444643,273.0861430808247,0.06092058631742351
2022-01-09,2022,1,9,Winter,Extreme,True,True,1,272.98,258.86312047373207,14.116879526267951,14.116879526267951,199.28628755916324,0.051713969984130526
2022-01-10,2022,1,10,Winter,Extreme,True,True,1,276.96,309.9809105275551,-33.020910527555145,33.020910527555145,1090.3805320688023,0.11922628006771789
2022-01-11,2022,1,11,Winter,Extreme,True,True,1,357.67,297.6587697237853,60.01123027621469,60.01123027621469,3601.3477592648665,0.1677837958906665
2022-01-12,2022,1,12,Winter,High,True,False,1,211.5,219.99190463528794,-8.491904635287938,8.491904635287938,72.11244433482476,0.040150849339422874
2022-01-13,2022,1,13,Winter,Extreme,True,True,1,351.68,340.97120164017065,10.708798359829359,10.708798359829359,114.67836231148397,0.030450404799332798
2022-01-14,2022,1,14,Winter,High,True,False,1,213.43,227.3381132699676,-13.9081132699676,13.9081132699676,193.43561473024886,0.06516475317419107
2022-01-15,2022,1,15,Winter,Extreme,True,True,1,341.99,352.810980770778,-10.820980770777965,10.820980770777965,117.09362484154647,0.031641219833264025
2022-01-16,2022,1,16,Winter,Extreme,True,True,1,381.91,353.6779700837373,28.232029916262718,28.232029916262718,797.0475131927531,0.07392325395057138
2022-01-17,2022,1,17,Winter,High,True,False,1,188.72,176.43225671593828,12.287743284061719,12.287743284061719,150.98863501500387,0.06511097543483318
2022-01-18,2022,1,18,Winter,Extreme,True,True,1,321.04,256.02570888247806,65.01429111752196,65.01429111752196,4226.858049513895,0.20251149737578483
2022-01-19,2022,1,19,Winter,Extreme,True,True,1,285.2,288.7108151745572,-3.5108151745571945,3.5108151745571945,12.325823189901064,0.012310011130985956
2022-01-20,2022,1,20,Winter,High,True,False,1,210.98,225.41803316568127,-14.438033165681276,14.438033165681276,208.45680169331249,0.0684331840254113
2022-01-21,2022,1,21,Winter,Extreme,True,True,1,327.57,290.53119714022944,37.038802859770556,37.038802859770556,1371.8729172849476,0.11307141331553731
2022-01-22,2022,1,22,Winter,High,True,False,1,234.16,236.8594612298522,-2.6994612298522043,2.6994612298522043,7.287090931475175,0.011528276519696807
2022-01-23,2022,1,23,Winter,Extreme,True,True,1,358.61,346.5272568275278,12.082743172472192,12.082743172472192,145.99268257192338,0.03369326893414069
2022-01-24,2022,1,24,Winter,Extreme,True,True,1,327.76,310.3884965581142,17.371503441885807,17.371503441885807,301.7691318314504,0.053000681724084106
2022-01-25,2022,1,25,Winter,Extreme,True,True,1,337.91,312.71196802045563,25.198031979544396,25.198031979544396,634.9408156421421,0.07457024645480866
2022-01-26,2022,1,26,Winter,Extreme,True,True,1,330.71,305.2707568951271,25.4392431048729,25.4392431048729,647.1550897488235,0.0769231142235581
2022-01-27,2022,1,27,Winter,Extreme,True,True,1,297.47,288.97355586247687,8.496444137523156,8.496444137523156,72.1895629820516,0.02856235633012793
2022-01-28,2022,1,28,Winter,Extreme,True,True,1,254.19,270.8787981759386,-16.688798175938587,16.688798175938587,278.5159845572111,0.06565481795483137
2022-01-29,2022,1,29,Winter,Extreme,True,True,1,283.4,256.911022479966,26.488977520033984,26.488977520033984,701.6659300568657,0.0934685163021665
2022-01-30,2022,1,30,Winter,Extreme,True,True,1,319.78,305.87859702277024,13.901402977229736,13.901402977229736,193.24900473533177,0.043471771146506154
2022-01-31,2022,1,31,Winter,Extreme,True,True,1,360.99,340.2740139807183,20.71598601928173,20.71598601928173,429.15207675107604,0.057386592479796474
2022-02-01,2022,2,1,Winter,High,True,False,1,220.69,221.58073185945338,-0.890731859453382,0.890731859453382,0.7934032454452794,0.0040361224317068374
2022-02-02,2022,2,2,Winter,High,True,False,1,212.84,227.23192910669712,-14.39192910669712,14.39192910669712,207.12762341219576,0.06761853555110468
2022-02-03,2022,2,3,Winter,High,False,False,1,144.14,219.20642015043032,-75.06642015043033,75.06642015043033,5634.967434200933,0.5207882624561561
2022-02-04,2022,2,4,Winter,High,True,False,1,182.19,210.9079389270124,-28.717938927012398,28.717938927012398,824.720016215614,0.1576263182776903
2022-02-05,2022,2,5,Winter,Moderate,False,False,1,113.89,153.11603290981802,-39.22603290981802,39.22603290981802,1538.681657842126,0.3444203433999299
2022-02-06,2022,2,6,Winter,Moderate,False,False,1,112.85,147.00883632692003,-34.15883632692004,34.15883632692004,1166.8260992093121,0.30269239102277395
2022-02-07,2022,2,7,Winter,High,True,False,1,222.53,203.84622718209374,18.68377281790626,18.68377281790626,349.0833667111328,0.08396069212198921
2022-02-08,2022,2,8,Winter,High,True,False,1,198.47,184.49983996023843,13.970160039761566,13.970160039761566,195.16537153655088,0.07038927817686082
2022-02-09,2022,2,9,Winter,High,True,False,1,213.66,203.07051054177478,10.589489458225216,10.589489458225216,112.13728698586299,0.049562339503066634
2022-02-10,2022,2,10,Winter,High,False,False,1,123.74,150.24218896701876,-26.502188967018768,26.502188967018768,702.3660200435713,0.21417640994843032
2022-02-11,2022,2,11,Winter,High,True,False,1,150.11,137.3050574866584,12.804942513341615,12.804942513341615,163.96655276998348,0.08530372735555002
2022-02-12,2022,2,12,Winter,High,True,False,1,221.19,207.4009097692542,13.789090230745785,13.789090230745785,190.13900939164884,0.06234047755660647
2022-02-13,2022,2,13,Winter,High,True,False,1,203.75,201.7723697610511,1.9776302389489047,1.9776302389489047,3.9110213620051018,0.009706160681957815
2022-02-14,2022,2,14,Winter,High,True,False,1,191.15,212.08559176625062,-20.93559176625061,20.93559176625061,438.29900260310035,0.10952441415773272
2022-02-15,2022,2,15,Winter,High,True,False,1,207.15,199.4031734014136,7.746826598586409,7.746826598586409,60.01332234856588,0.03739718367649727
2022-02-16,2022,2,16,Winter,High,True,False,1,181.22,161.8043813990651,19.41561860093489,19.41561860093489,376.96624565696897,0.10713838760034705
2022-02-17,2022,2,17,Winter,High,False,False,1,131.43,143.77070950315584,-12.340709503155836,12.340709503155836,152.29311104128075,0.09389568213616248
2022-02-18,2022,2,18,Winter,High,False,False,1,146.06,146.88603380606042,-0.8260338060604226,0.8260338060604226,0.6823318487546679,0.005655441640835428
2022-02-19,2022,2,19,Winter,High,False,False,1,133.81,161.31013215045243,-27.50013215045243,27.50013215045243,756.2572682923474,0.20551627046149337
2022-02-20,2022,2,20,Winter,High,False,False,1,143.03,161.63828842077112,-18.608288420771117,18.608288420771117,346.2683979506044,0.1301005972227583
2022-02-21,2022,2,21,Winter,High,True,False,1,202.14,215.6556953104941,-13.515695310494124,13.515695310494124,182.67401972611285,0.06686304200303811
2022-02-22,2022,2,22,Winter,High,False,False,1,145.86,144.07374919584458,1.7862508041554293,1.7862508041554293,3.1906919353459178,0.012246337612473804
2022-02-23,2022,2,23,Winter,High,True,False,1,195.23,135.33587569223488,59.89412430776511,59.89412430776511,3587.3061265940196,0.3067875034972346
2022-02-24,2022,2,24,Winter,High,True,False,1,164.35,143.79623242296725,20.553767577032744,20.553767577032744,422.4573616106825,0.1250609527047931
2022-02-25,2022,2,25,Winter,High,True,False,1,179.07,190.91480801984142,-11.844808019841423,11.844808019841423,140.2994770268997,0.06614624459619939
2022-02-26,2022,2,26,Winter,High,True,False,1,191.21,203.9746528506247,-12.764652850624685,12.764652850624685,162.9363623969609,0.06675724517872854
2022-02-27,2022,2,27,Winter,High,True,False,1,204.5,198.05074475935427,6.449255240645726,6.449255240645726,41.59289315899637,0.031536700443255385
2022-02-28,2022,2,28,Winter,High,True,False,1,197.6,182.19331945158166,15.406680548418336,15.406680548418336,237.36580552101194,0.07796903111547741
2022-03-01,2022,3,1,Summer,Moderate,False,False,1,115.18,175.1965268971222,-60.01652689712219,60.01652689712219,3601.9835007929914,0.5210672590477703
2022-03-02,2022,3,2,Summer,Moderate,False,False,1,110.46,131.33843064612975,-20.878430646129758,20.878430646129758,435.90886624525024,0.18901349489525401
2022-03-03,2022,3,3,Summer,High,False,False,1,120.31,128.43140270797647,-8.121402707976472,8.121402707976472,65.95718194512757,0.0675039706423113
2022-03-04,2022,3,4,Summer,Moderate,False,False,1,109.88,115.26734022914044,-5.387340229140449,5.387340229140449,29.023434744515065,0.04902930678140197
2022-03-05,2022,3,5,Summer,Moderate,False,False,1,82.56,117.31859763753916,-34.758597637539154,34.758597637539154,1208.1601097283424,0.4210101458035266
2022-03-06,2022,3,6,Summer,Moderate,False,False,1,118.01,150.17575413866368,-32.16575413866367,32.16575413866367,1034.6357393089593,0.2725680377820835
2022-03-07,2022,3,7,Summer,Moderate,False,False,1,103.29,100.32667859796629,2.9633214020337135,2.9633214020337135,8.781273731751053,0.02868933490205938
2022-03-08,2022,3,8,Summer,Moderate,False,False,1,114.55,102.6757516878504,11.874248312149604,11.874248312149604,140.9977729785877,0.10365995907594591
2022-03-09,2022,3,9,Summer,Moderate,False,False,1,106.67,88.17278855692898,18.497211443071023,18.497211443071023,342.1468311696776,0.17340593834321763
2022-03-10,2022,3,10,Summer,Moderate,False,False,1,111.28,102.27916728918858,9.000832710811423,9.000832710811423,81.01498948801292,0.08088454988148296
2022-03-11,2022,3,11,Summer,Moderate,False,False,1,119.09,117.49214735489834,1.5978526451016677,1.5978526451016677,2.553133075458396,0.013417185700744544
2022-03-12,2022,3,12,Summer,Moderate,False,False,1,100.21,94.64926530000015,5.560734699999841,5.560734699999841,30.921770403782325,0.05549081628579824
2022-03-13,2022,3,13,Summer,Moderate,False,False,1,92.73,96.28407686946848,-3.5540768694684743,3.5540768694684743,12.63146239409083,0.038327152695659165
2022-03-14,2022,3,14,Summer,Moderate,False,False,1,77.49,102.96916567099768,-25.479165670997688,25.479165670997688,649.187883290147,0.32880585457475403
2022-03-15,2022,3,15,Summer,High,False,False,1,133.59,114.82901073079879,18.760989269201218,18.760989269201218,351.9747183590833,0.14043707814358272
2022-03-16,2022,3,16,Summer,High,False,False,1,122.17,124.43816573092167,-2.268165730921666,2.268165730921666,5.144575782927416,0.018565652213486668
2022-03-17,2022,3,17,Summer,High,False,False,1,126.35,91.21404342621429,35.135956573785705,35.135956573785705,1234.535444354955,0.27808434169992646
2022-03-18,2022,3,18,Summer,High,False,False,1,124.23,107.97497971555438,16.25502028444562,16.25502028444562,264.2256844477386,0.13084617471178958
2022-03-19,2022,3,19,Summer,Moderate,False,False,1,119.93,132.1178362235746,-12.187836223574607,12.187836223574607,148.54335181267734,0.10162458286979577
2022-03-20,2022,3,20,Summer,Moderate,False,False,1,92.11,106.74599503471141,-14.635995034711414,14.635995034711414,214.21235065609716,0.15889691710684414
2022-03-21,2022,3,21,Summer,Moderate,False,False,1,116.4,88.88481428191041,27.515185718089597,27.515185718089597,757.0854451009618,0.23638475702826114
2022-03-22,2022,3,22,Summer,Moderate,False,False,1,89.36,93.03409726188679,-3.6740972618867858,3.6740972618867858,13.498990689803977,0.041115681086468056
2022-03-23,2022,3,23,Summer,Moderate,False,False,1,71.4,85.23985122585871,-13.839851225858709,13.839851225858709,191.5414819539028,0.19383545134255895
2022-03-24,2022,3,24,Summer,Moderate,False,False,1,118.57,116.03397790110877,2.536022098891223,2.536022098891223,6.431408086064645,0.02138839587493652
2022-03-25,2022,3,25,Summer,Moderate,False,False,1,119.92,99.03780300748878,20.882196992511226,20.882196992511226,436.06615123404487,0.17413439786950655
2022-03-26,2022,3,26,Summer,High,False,False,1,121.99,97.29434040151676,24.695659598483232,24.695659598483232,609.875603004157,0.20244003277713937
2022-03-27,2022,3,27,Summer,Moderate,False,False,1,106.16,83.17205318704262,22.987946812957375,22.987946812957375,528.4456986753571,0.21654056907457966
2022-03-28,2022,3,28,Summer,Moderate,False,False,1,73.41,80.28007693724904,-6.8700769372490385,6.8700769372490385,47.19795712372113,0.09358502843276173
2022-03-29,2022,3,29,Summer,Moderate,False,False,1,75.52,83.84078153699949,-8.32078153699949,8.32078153699949,69.2354053864716,0.11017984026747207
2022-03-30,2022,3,30,Summer,Moderate,False,False,1,68.36,100.52994847145196,-32.16994847145196,32.16994847145196,1034.9055846558742,0.4705960864753066
2022-03-31,2022,3,31,Summer,Moderate,False,False,1,96.13,89.59011592326746,6.539884076732534,6.539884076732534,42.770083737099746,0.06803166625124867
2022-04-01,2022,4,1,Summer,Moderate,False,False,1,80.87,103.68329656147154,-22.81329656147153,22.81329656147153,520.4465000016488,0.28209838705912615
2022-04-02,2022,4,2,Summer,Moderate,False,False,1,77.6,96.43411653005522,-18.834116530055226,18.834116530055226,354.72394546769954,0.24270768724297972
2022-04-03,2022,4,3,Summer,Moderate,False,False,1,116.74,107.41664005465117,9.323359945348827,9.323359945348827,86.92504067053488,0.07986431339171515
2022-04-04,2022,4,4,Summer,Moderate,False,False,1,83.54,93.25788562739368,-9.71788562739367,9.71788562739367,94.43730106710447,0.11632613870473629
2022-04-05,2022,4,5,Summer,Moderate,False,False,1,71.93,102.07422207226584,-30.144222072265833,30.144222072265833,908.6741243420787,0.41907718715787334
2022-04-06,2022,4,6,Summer,Moderate,False,False,1,109.62,106.65934732918672,2.960652670813289,2.960652670813289,8.76546423719386,0.02700832576914148
2022-04-07,2022,4,7,Summer,Moderate,False,False,1,71.47,93.66530967215849,-22.195309672158487,22.195309672158487,492.6317714430121,0.3105542139661185
2022-04-08,2022,4,8,Summer,Moderate,False,False,1,77.16,91.44620003821606,-14.286200038216066,14.286200038216066,204.09551153192473,0.18515033745743995
2022-04-09,2022,4,9,Summer,High,False,False,1,126.95,108.20846017231392,18.741539827686083,18.741539827686083,351.2453151127437,0.1476293015178108
2022-04-10,2022,4,10,Summer,Moderate,False,False,1,89.38,104.06606698581528,-14.686066985815287,14.686066985815287,215.68056351185373,0.16431043841816165
2022-04-11,2022,4,11,Summer,Moderate,False,False,1,113.32,107.71337127508039,5.606628724919602,5.606628724919602,31.434285659093604,0.04947607416978118
2022-04-12,2022,4,12,Summer,Moderate,False,False,1,66.42,92.45349178599585,-26.03349178599585,26.03349178599585,677.7426945715133,0.39195260141517385
2022-04-13,2022,4,13,Summer,High,False,False,1,127.8,94.51414860167176,33.285851398328234,33.285851398328234,1107.9479033115897,0.26045267134842126
2022-04-14,2022,4,14,Summer,Moderate,False,False,1,100.69,119.13805965914715,-18.448059659147148,18.448059659147148,340.3309051874524,0.18321640340795659
2022-04-15,2022,4,15,Summer,Moderate,False,False,1,69.94,91.07038533697272,-21.130385336972722,21.130385336972722,446.49318448895184,0.3021216090502248
2022-04-16,2022,4,16,Summer,Moderate,False,False,1,76.8,92.88067263635982,-16.08067263635982,16.08067263635982,258.5880324377715,0.2093837582859352
2022-04-17,2022,4,17,Summer,Moderate,False,False,1,75.3,92.63148272967243,-17.33148272967243,17.33148272967243,300.3802936089337,0.23016577330242272
2022-04-18,2022,4,18,Summer,Moderate,False,False,1,100.08,115.61485139140787,-15.53485139140787,15.53485139140787,241.331607753127,0.15522433444652148
2022-04-19,2022,4,19,Summer,Moderate,False,False,1,94.48,101.50094908274161,-7.020949082741609,7.020949082741609,49.293726022450244,0.07431148478769696
2022-04-20,2022,4,20,Summer,Moderate,False,False,1,90.96,95.15087796742246,-4.190877967422466,4.190877967422466,17.563458137827062,0.046073856282129136
2022-04-21,2022,4,21,Summer,High,False,False,1,132.8,113.29445701858283,19.50554298141718,19.50554298141718,380.46620699991297,0.1468790887154908
2022-04-22,2022,4,22,Summer,Moderate,False,False,1,71.11,84.7336416644728,-13.6236416644728,13.6236416644728,185.60361220195918,0.1915854544293742
2022-04-23,2022,4,23,Summer,Moderate,False,False,1,90.89,99.97881604820776,-9.088816048207761,9.088816048207761,82.60657715815894,0.09999797610526748
2022-04-24,2022,4,24,Summer,Moderate,False,False,1,82.2,115.35133170938907,-33.15133170938907,33.15133170938907,1099.0107941059453,0.40330087237699597
2022-04-25,2022,4,25,Summer,Moderate,False,False,1,116.35,112.85689476217165,3.4931052378283454,3.4931052378283454,12.201784202543822,0.03002239138657796
2022-04-26,2022,4,26,Summer,Moderate,False,False,1,98.94,106.53346932990327,-7.593469329903272,7.593469329903272,57.66077646418164,0.07674822447850486
2022-04-27,2022,4,27,Summer,High,False,False,1,124.8,103.30560233952048,21.49439766047952,21.49439766047952,462.0091307868275,0.17223075048461156
2022-04-28,2022,4,28,Summer,Moderate,False,False,1,84.73,111.09483590467099,-26.364835904670983,26.364835904670983,695.1045722802282,0.3111629399819542
2022-04-29,2022,4,29,Summer,Moderate,False,False,1,81.25,115.45645155583165,-34.20645155583165,34.20645155583165,1170.0813280414575,0.42100248068715873
2022-04-30,2022,4,30,Summer,High,False,False,1,127.16,115.44724377697449,11.712756223025508,11.712756223025508,137.18865834002276,0.0921103823767341
2022-05-01,2022,5,1,Summer,Moderate,False,False,1,93.71,102.90166016227066,-9.191660162270665,9.191660162270665,84.48661653867359,0.09808622518696687
2022-05-02,2022,5,2,Summer,High,False,False,1,130.99,106.89019074175616,24.09980925824385,24.09980925824385,580.800806283736,0.18398205403652074
2022-05-03,2022,5,3,Summer,Moderate,False,False,1,98.35,96.98059856972255,1.369401430277449,1.369401430277449,1.8752602772459233,0.013923756281417886
2022-05-04,2022,5,4,Summer,Moderate,False,False,1,84.13,85.58481359509966,-1.4548135950996652,1.4548135950996652,2.116482596486813,0.017292447344581782
2022-05-05,2022,5,5,Summer,High,False,False,1,125.91,97.60764020776124,28.30235979223876,28.30235979223876,801.0235698093333,0.22478246201444493
2022-05-06,2022,5,6,Summer,Moderate,False,False,1,71.95,83.96770941782604,-12.01770941782604,12.01770941782604,144.4253396513047,0.16702862290237722
2022-05-07,2022,5,7,Summer,High,False,False,1,122.37,107.62598068406379,14.744019315936214,14.744019315936214,217.3861055887002,0.12048720532758203
2022-05-08,2022,5,8,Summer,Moderate,False,False,1,68.92,82.99484255014245,-14.07484255014245,14.07484255014245,198.1011928113004,0.2042200021785033
2022-05-09,2022,5,9,Summer,Moderate,False,False,1,73.93,88.32289733955842,-14.392897339558417,14.392897339558417,207.15549382706774,0.1946827720757259
2022-05-10,2022,5,10,Summer,Moderate,False,False,1,72.0,91.72763625101189,-19.727636251011887,19.727636251011887,389.17963205223833,0.27399494793072066
2022-05-11,2022,5,11,Summer,Moderate,False,False,1,108.25,101.24410615310916,7.005893846890842,7.005893846890842,49.08254859390296,0.06471957364333342
2022-05-12,2022,5,12,Summer,Moderate,False,False,1,114.95,93.74022437293422,21.20977562706578,21.20977562706578,449.8545821504737,0.18451305460692285
2022-05-13,2022,5,13,Summer,Moderate,False,False,1,65.99,93.92694299656785,-27.93694299656785,27.93694299656785,780.4727839934815,0.4233511592145454
2022-05-14,2022,5,14,Summer,Moderate,False,False,1,76.92,89.44962903336203,-12.529629033362028,12.529629033362028,156.99160371366867,0.16289169310143042
2022-05-15,2022,5,15,Summer,Moderate,False,False,1,75.3,84.26002640142063,-8.960026401420635,8.960026401420635,80.28207311415481,0.11899105446773751
2022-05-16,2022,5,16,Summer,Moderate,False,False,1,87.74,106.7159520011359,-18.97595200113591,18.97595200113591,360.0867543494139,0.21627481195732745
2022-05-17,2022,5,17,Summer,Moderate,False,False,1,93.83,94.12871213193309,-0.29871213193308677,0.29871213193308677,0.08922893776400984,0.0031835461146017987
2022-05-18,2022,5,18,Summer,Moderate,False,False,1,85.73,88.80199321193327,-3.071993211933261,3.071993211933261,9.437142294164035,0.03583335135813905
2022-05-19,2022,5,19,Summer,Moderate,False,False,1,116.73,100.5250968888009,16.2049031111991,16.2049031111991,262.59888484335033,0.13882380802877667
2022-05-20,2022,5,20,Summer,High,False,False,1,123.68,110.7340373118261,12.945962688173907,12.945962688173907,167.59794992359096,0.1046730489017942
2022-05-21,2022,5,21,Summer,Moderate,False,False,1,104.87,92.65963879060217,12.210361209397831,12.210361209397831,149.09292086396727,0.11643330990176247
2022-05-22,2022,5,22,Summer,Moderate,False,False,1,87.12,84.36411500518938,2.7558849948106285,2.7558849948106285,7.594902104622378,0.03163320701114128
2022-05-23,2022,5,23,Summer,Moderate,False,False,1,105.33,95.91665022864325,9.41334977135675,9.41334977135675,88.61115391790217,0.08937007283164103
2022-05-24,2022,5,24,Summer,Moderate,False,False,1,106.52,101.102891212943,5.417108787056989,5.417108787056989,29.345067610810045,0.05085532094495859
2022-05-25,2022,5,25,Summer,Moderate,False,False,1,78.55,93.40256021738521,-14.852560217385218,14.852560217385218,220.59854501105403,0.18908415299026377
2022-05-26,2022,5,26,Summer,Moderate,False,False,1,99.14,101.97061769082462,-2.8306176908246243,2.8306176908246243,8.012396511609328,0.0285517217149952
2022-05-27,2022,5,27,Summer,Moderate,False,False,1,71.56,95.71591486880361,-24.155914868803606,24.155914868803606,583.5082231488872,0.3375616946451035
2022-05-28,2022,5,28,Summer,Moderate,False,False,1,85.74,92.36815255799158,-6.628152557991584,6.628152557991584,43.93240633201037,0.07730525493342179
2022-05-29,2022,5,29,Summer,Moderate,False,False,1,92.74,103.74635519208374,-11.006355192083745,11.006355192083745,121.13985461430882,0.11867969799529594
2022-05-30,2022,5,30,Summer,High,False,False,1,124.72,130.20868282129123,-5.488682821291235,5.488682821291235,30.12563911273751,0.04400804058123184
2022-05-31,2022,5,31,Summer,Moderate,False,False,1,103.92,115.60125704278087,-11.68125704278087,11.68125704278087,136.4517660995177,0.11240624560027782
2022-06-01,2022,6,1,Monsoon,High,False,False,1,127.94,133.86308293114305,-5.923082931143057,5.923082931143057,35.082911409198225,0.04629578654950021
2022-06-02,2022,6,2,Monsoon,Moderate,False,False,1,100.78,113.60279967313785,-12.822799673137851,12.822799673137851,164.42419145742417,0.12723555936830572
2022-06-03,2022,6,3,Monsoon,High,False,False,1,134.75,166.58205180015128,-31.832051800151277,31.832051800151277,1013.2795218075141,0.23623044007533414
2022-06-04,2022,6,4,Monsoon,High,False,False,1,120.39,112.80606277049225,7.583937229507754,7.583937229507754,57.516103901113745,0.06299474399458223
2022-06-05,2022,6,5,Monsoon,High,False,False,1,122.69,116.57295926224032,6.11704073775968,6.11704073775968,37.41818738741149,0.04985769612649507
2022-06-06,2022,6,6,Monsoon,Moderate,False,False,1,86.47,113.57114484615002,-27.10114484615002,27.10114484615002,734.4720519720038,0.3134167323482135
2022-06-07,2022,6,7,Monsoon,Moderate,False,False,1,102.06,78.36354522974351,23.696454770256494,23.696454770256494,561.5219686788117,0.23218160660647164
2022-06-08,2022,6,8,Monsoon,High,False,False,1,125.54,101.4031147332632,24.13688526673681,24.13688526673681,582.5892303796165,0.19226449949607147
2022-06-09,2022,6,9,Monsoon,Moderate,False,False,1,83.05,101.97116321302097,-18.921163213020975,18.921163213020975,358.0104173337782,0.2278285757136782
2022-06-10,2022,6,10,Monsoon,Moderate,False,False,1,116.51,113.36863346521106,3.1413665347889435,3.1413665347889435,9.868183705891894,0.026962205259539466
2022-06-11,2022,6,11,Monsoon,High,False,False,1,134.31,166.30331627188522,-31.99331627188522,31.99331627188522,1023.5722860728756,0.23820502026569296
2022-06-12,2022,6,12,Monsoon,High,False,False,1,133.09,114.88495697825114,18.205043021748864,18.205043021748864,331.42359142372703,0.13678745977720988
2022-06-13,2022,6,13,Monsoon,Moderate,False,False,1,103.26,91.18037246356681,12.079627536433193,12.079627536433193,145.91740141895505,0.11698264125927942
2022-06-14,2022,6,14,Monsoon,Moderate,False,False,1,95.19,89.28736753180678,5.902632468193218,5.902632468193218,34.84107005456876,0.06200895543852525
2022-06-15,2022,6,15,Monsoon,Moderate,False,False,1,93.29,93.93254309171131,-0.6425430917113033,0.6425430917113033,0.4128616247059203,0.006887588077085467
2022-06-16,2022,6,16,Monsoon,Moderate,False,False,1,91.48,114.70137382039043,-23.221373820390426,23.221373820390426,539.2322021063138,0.2538409906033059
2022-06-17,2022,6,17,Monsoon,Moderate,False,False,1,110.48,119.71370565713961,-9.233705657139609,9.233705657139609,85.26132016269202,0.08357807437671623
2022-06-18,2022,6,18,Monsoon,Moderate,False,False,1,93.66,98.43839220854905,-4.77839220854905,4.77839220854905,22.83303209872227,0.05101849464605008
2022-06-19,2022,6,19,Monsoon,High,False,False,1,125.56,113.53332223794075,12.02667776205925,12.02667776205925,144.6409779924105,0.09578430839486501
2022-06-20,2022,6,20,Monsoon,Moderate,False,False,1,94.18,105.85900533555834,-11.67900533555833,11.67900533555833,136.39916562799993,0.12400727686938127
2022-06-21,2022,6,21,Monsoon,Moderate,False,False,1,96.18,107.93460909585885,-11.75460909585884,11.75460909585884,138.17083499644735,0.12221469220065334
2022-06-22,2022,6,22,Monsoon,Moderate,False,False,1,99.1,120.65714477884407,-21.557144778844076,21.557144778844076,464.71049101604444,0.2175292106846022
2022-06-23,2022,6,23,Monsoon,Moderate,False,False,1,109.41,130.69701445270087,-21.287014452700873,21.287014452700873,453.13698430949586,0.19456187233983066
2022-06-24,2022,6,24,Monsoon,Moderate,False,False,1,98.12,105.0910643656498,-6.971064365649795,6.971064365649795,48.59573839003238,0.07104631436658984
2022-06-25,2022,6,25,Monsoon,High,False,False,1,120.94,111.51440840020877,9.425591599791233,9.425591599791233,88.84177700605504,0.07793609723657378
2022-06-26,2022,6,26,Monsoon,Moderate,False,False,1,83.12,92.2415195526763,-9.12151955267629,9.12151955267629,83.20211894985586,0.10973916689937788
2022-06-27,2022,6,27,Monsoon,Moderate,False,False,1,107.87,112.53177413917234,-4.661774139172337,4.661774139172337,21.732138124655986,0.04321659533857733
2022-06-28,2022,6,28,Monsoon,High,False,False,1,129.17,102.94968752039813,26.22031247960186,26.22031247960186,687.5047865279649,0.20299072911358568
2022-06-29,2022,6,29,Monsoon,Moderate,False,False,1,116.82,83.49881879867746,33.32118120132253,33.32118120132253,1110.30111665137,0.2852352439763956
2022-06-30,2022,6,30,Monsoon,Moderate,False,False,1,98.93,117.68748141212525,-18.757481412125244,18.757481412125244,351.84310892622403,0.18960357234534767
2022-07-01,2022,7,1,Monsoon,Low,False,False,1,52.54,107.76993099424179,-55.22993099424179,55.22993099424179,3050.34527762871,1.0511977730156412
2022-07-02,2022,7,2,Monsoon,Low,False,False,1,58.8,80.69330199413554,-21.89330199413554,21.89330199413554,479.31667220641924,0.3723350679274752
2022-07-03,2022,7,3,Monsoon,Low,False,False,1,31.26,47.029092410511815,-15.769092410511814,15.769092410511814,248.6642754512613,0.5044495332857266
2022-07-04,2022,7,4,Monsoon,Low,False,False,1,53.55,46.80846293319334,6.741537066806657,6.741537066806657,45.44832202312811,0.1258923821999376
2022-07-05,2022,7,5,Monsoon,Low,False,False,1,34.83,47.41464223036008,-12.584642230360082,12.584642230360082,158.37322006616236,0.3613161708400828
2022-07-06,2022,7,6,Monsoon,Moderate,False,False,1,62.08,43.28625328073275,18.793746719267247,18.793746719267247,353.2049157479684,0.3027343221531451
2022-07-07,2022,7,7,Monsoon,Low,False,False,1,45.32,51.13705110171325,-5.817051101713247,5.817051101713247,33.8380835199433,0.12835505520108664
2022-07-08,2022,7,8,Monsoon,Low,False,False,1,47.13,40.96308422842855,6.166915771571453,6.166915771571453,38.030850133656735,0.13084905095632193
2022-07-09,2022,7,9,Monsoon,Moderate,False,False,1,65.54,47.052025239026676,18.48797476097333,18.48797476097333,341.8052107623869,0.28208688985311764
2022-07-10,2022,7,10,Monsoon,Moderate,False,False,1,60.67,50.047538358329454,10.622461641670547,10.622461641670547,112.83669132876214,0.17508590146152211
2022-07-11,2022,7,11,Monsoon,Low,False,False,1,44.07,47.21329552448423,-3.1432955244842304,3.1432955244842304,9.880306754242593,0.07132506295630203
2022-07-12,2022,7,12,Monsoon,Low,False,False,1,56.08,50.64135118821157,5.4386488117884255,5.4386488117884255,29.578900897967653,0.09698018565956537
2022-07-13,2022,7,13,Monsoon,Low,False,False,1,53.48,44.06940749533181,9.410592504668188,9.410592504668188,88.55925128891707,0.17596470651959964
2022-07-14,2022,7,14,Monsoon,Low,False,False,1,40.03,40.96458604913303,-0.9345860491330313,0.9345860491330313,0.8734510832340888,0.023347140872671278
2022-07-15,2022,7,15,Monsoon,Low,False,False,1,37.2,40.47860232008193,-3.27860232008193,3.27860232008193,10.749233173246616,0.08813447096994435
2022-07-16,2022,7,16,Monsoon,Low,False,False,1,54.32,37.297832888728415,17.022167111271585,17.022167111271585,289.75417316405606,0.31336831942694376
2022-07-17,2022,7,17,Monsoon,Low,False,False,1,31.23,45.56059837501389,-14.330598375013889,14.330598375013889,205.3660497859507,0.4588728266094745
2022-07-18,2022,7,18,Monsoon,Low,False,False,1,46.01,41.179604108009734,4.830395891990264,4.830395891990264,23.332724473356418,0.10498578335123374
2022-07-19,2022,7,19,Monsoon,Low,False,False,1,55.3,41.46183268744121,13.838167312558788,13.838167312558788,191.4948745703705,0.25023810691788045
2022-07-20,2022,7,20,Monsoon,Low,False,False,1,30.81,43.98777890003059,-13.177778900030592,13.177778900030592,173.6538567380915,0.42771109704740645
2022-07-21,2022,7,21,Monsoon,Low,False,False,1,48.02,47.753868757275406,0.2661312427245974,0.2661312427245974,0.0708258383541386,0.005542091685226935
2022-07-22,2022,7,22,Monsoon,Low,False,False,1,54.26,50.26670661123105,3.9932933887689472,3.9932933887689472,15.946392088785782,0.07359552872777271
2022-07-23,2022,7,23,Monsoon,Low,False,False,1,24.31,49.439597649744016,-25.129597649744017,25.129597649744017,631.49667803802,1.0337144240947767
2022-07-24,2022,7,24,Monsoon,Low,False,False,1,50.75,38.05544737593121,12.694552624068791,12.694552624068791,161.15166632525182,0.2501389679619466
2022-07-25,2022,7,25,Monsoon,Low,False,False,1,30.74,41.84912085521627,-11.109120855216272,11.109120855216272,123.41256617580112,0.36138974805518126
2022-07-26,2022,7,26,Monsoon,Low,False,False,1,50.85,41.073273894837754,9.776726105162247,9.776726105162247,95.58437333536097,0.19226600010151912
2022-07-27,2022,7,27,Monsoon,Low,False,False,1,37.54,38.697995868437154,-1.1579958684371547,1.1579958684371547,1.3409544313175201,0.030846986372859743
2022-07-28,2022,7,28,Monsoon,Low,False,False,1,37.53,38.414824689632155,-0.8848246896321541,0.8848246896321541,0.7829147313826378,0.023576463885748845
2022-07-29,2022,7,29,Monsoon,Low,False,False,1,22.67,40.4648975098293,-17.794897509829298,17.794897509829298,316.65837738532895,0.7849535734375517
2022-07-30,2022,7,30,Monsoon,Low,False,False,1,54.32,54.12011539172899,0.19988460827101306,0.19988460827101306,0.039953856623656345,0.003679760829731463
2022-07-31,2022,7,31,Monsoon,Low,False,False,1,39.8,50.421555358801534,-10.621555358801537,10.621555358801537,112.81743824008564,0.26687325022114416
2022-08-01,2022,8,1,Monsoon,Low,False,False,1,30.76,53.405199424858566,-22.645199424858564,22.645199424858564,512.8050569916146,0.7361898382593811
2022-08-02,2022,8,2,Monsoon,Low,False,False,1,50.57,41.91988531118675,8.650114688813247,8.650114688813247,74.82448412962269,0.1710522975838095
2022-08-03,2022,8,3,Monsoon,Low,False,False,1,28.9,50.741482113941686,-21.841482113941687,21.841482113941687,477.05034093363463,0.7557606267799892
2022-08-04,2022,8,4,Monsoon,Low,False,False,1,56.08,46.92323696649691,9.15676303350309,9.15676303350309,83.84630925172871,0.16328036792979833
2022-08-05,2022,8,5,Monsoon,Moderate,False,False,1,62.09,43.8993785623994,18.190621437600605,18.190621437600605,330.8987082860947,0.2929718382605992
2022-08-06,2022,8,6,Monsoon,Moderate,False,False,1,61.57,47.40101243565219,14.168987564347809,14.168987564347809,200.76020859864286,0.23012810726567823
2022-08-07,2022,8,7,Monsoon,Low,False,False,1,53.69,46.229351072277304,7.460648927722694,7.460648927722694,55.66128242272978,0.13895788652864025
2022-08-08,2022,8,8,Monsoon,Low,False,False,1,36.91,50.179901951429336,-13.26990195142934,13.26990195142934,176.0902978005482,0.359520508031139
2022-08-09,2022,8,9,Monsoon,Moderate,False,False,1,63.34,46.45980619103623,16.880193808963774,16.880193808963774,284.94094302817894,0.26650132316014796
2022-08-10,2022,8,10,Monsoon,Low,False,False,1,22.38,42.79797577316094,-20.417975773160943,20.417975773160943,416.8937346733872,0.9123313571564319
2022-08-11,2022,8,11,Monsoon,Low,False,False,1,46.49,39.27991419184102,7.210085808158979,7.210085808158979,51.98533736101552,0.15508896124239577
2022-08-12,2022,8,12,Monsoon,Low,False,False,1,49.92,38.27896575168074,11.641034248319265,11.641034248319265,135.51367837054207,0.2331937950384468
2022-08-13,2022,8,13,Monsoon,Low,False,False,1,51.43,38.130230802038916,13.299769197961083,13.299769197961083,176.8838607190344,0.2585994399759106
2022-08-14,2022,8,14,Monsoon,Low,False,False,1,59.1,39.762642441372044,19.337357558627957,19.337357558627957,373.9333973502258,0.32719725141502465
2022-08-15,2022,8,15,Monsoon,Low,False,False,1,37.94,40.81100892530637,-2.87100892530637,2.87100892530637,8.242692249188838,0.0756723491119233
2022-08-16,2022,8,16,Monsoon,Moderate,False,False,1,61.39,46.14385505682984,15.246144943170158,15.246144943170158,232.444935628153,0.248348997282459
2022-08-17,2022,8,17,Monsoon,Low,False,False,1,36.99,50.25272827634049,-13.26272827634049,13.26272827634049,175.89996133204156,0.35854902071750444
2022-08-18,2022,8,18,Monsoon,Low,False,False,1,40.48,40.107681017043,0.3723189829569975,0.3723189829569975,0.138621425070133,0.009197603333917923
2022-08-19,2022,8,19,Monsoon,Low,False,False,1,56.17,59.679145464064376,-3.5091454640643747,3.5091454640643747,12.314101887963576,0.062473659677129686
2022-08-20,2022,8,20,Monsoon,Low,False,False,1,38.59,41.08244933042839,-2.4924493304283857,2.4924493304283857,6.212303664752908,0.06458795880871691
2022-08-21,2022,8,21,Monsoon,Low,False,False,1,23.29,38.34817458887899,-15.058174588878991,15.058174588878991,226.74862194916096,0.6465510772382564
2022-08-22,2022,8,22,Monsoon,Low,False,False,1,53.18,40.46970671372331,12.710293286276688,12.710293286276688,161.55155542317024,0.2390051388920024
2022-08-23,2022,8,23,Monsoon,Low,False,False,1,37.62,39.965314761334746,-2.3453147613347483,2.3453147613347483,5.500501329734667,0.06234223182707997
2022-08-24,2022,8,24,Monsoon,Low,False,False,1,38.53,64.4863993981828,-25.956399398182796,25.956399398182796,673.7346697179843,0.6736672566359407
2022-08-25,2022,8,25,Monsoon,Low,False,False,1,41.93,40.094850681301025,1.8351493186989742,1.8351493186989742,3.3677730219213093,0.043766976358191614
2022-08-26,2022,8,26,Monsoon,Low,False,False,1,34.72,42.76729833166721,-8.047298331667214,8.047298331667214,64.75901043885393,0.2317770256816594
2022-08-27,2022,8,27,Monsoon,Moderate,False,False,1,60.48,42.76235429343796,17.71764570656204,17.71764570656204,313.9149693832562,0.2929504911799279
2022-08-28,2022,8,28,Monsoon,Low,False,False,1,26.49,49.16375973905182,-22.67375973905182,22.67375973905182,514.0993807042473,0.8559365699906313
2022-08-29,2022,8,29,Monsoon,Moderate,False,False,1,60.14,46.754994269258574,13.385005730741426,13.385005730741426,179.1583784119808,0.22256411258299677
2022-08-30,2022,8,30,Monsoon,Low,False,False,1,42.4,51.959061505372574,-9.559061505372576,9.559061505372576,91.3756568634958,0.225449563805957
2022-08-31,2022,8,31,Monsoon,Low,False,False,1,46.92,43.541742905884085,3.3782570941159165,3.3782570941159165,11.412620993944516,0.07200036432472115
2022-09-01,2022,9,1,Monsoon,Low,False,False,1,37.14,51.82127249150784,-14.68127249150784,14.68127249150784,215.53976196990484,0.3952954359587464
2022-09-02,2022,9,2,Monsoon,Low,False,False,1,54.94,55.132005143104955,-0.1920051431049572,0.1920051431049572,0.036865974978755094,0.0034948151275019513
2022-09-03,2022,9,3,Monsoon,Low,False,False,1,31.49,48.65215111026284,-17.162151110262844,17.162151110262844,294.53943073149617,0.5450032108689375
2022-09-04,2022,9,4,Monsoon,Low,False,False,1,45.48,54.21235991957941,-8.732359919579416,8.732359919579416,76.25410976507702,0.19200439576911646
2022-09-05,2022,9,5,Monsoon,Low,False,False,1,49.29,42.75677756829821,6.5332224317017875,6.5332224317017875,42.68299534209142,0.13254661050318092
2022-09-06,2022,9,6,Monsoon,Low,False,False,1,40.18,44.17086458481139,-3.9908645848113906,3.9908645848113906,15.927000134301792,0.09932465367873047
2022-09-07,2022,9,7,Monsoon,Low,False,False,1,33.94,43.86519287074218,-9.92519287074218,9.92519287074218,98.5094535214314,0.29243349648621625
2022-09-08,2022,9,8,Monsoon,Low,False,False,1,44.04,45.01955448573069,-0.9795544857306879,0.9795544857306879,0.9595269905151125,0.022242381601514257
2022-09-09,2022,9,9,Monsoon,Low,False,False,1,36.83,48.007666690184294,-11.177666690184296,11.177666690184296,124.94023263685555,0.3034935294646836
2022-09-10,2022,9,10,Monsoon,Low,False,False,1,53.23,44.16208174651855,9.067918253481444,9.067918253481444,82.22714145182196,0.17035352721174984
2022-09-11,2022,9,11,Monsoon,Low,False,False,1,26.55,52.808184809709616,-26.258184809709615,26.258184809709615,689.4922695008647,0.9890088440568593
2022-09-12,2022,9,12,Monsoon,Low,False,False,1,26.22,38.55917026436234,-12.339170264362345,12.339170264362345,152.2551228129239,0.4706014593578316
2022-09-13,2022,9,13,Monsoon,Low,False,False,1,34.17,49.71708946152068,-15.547089461520677,15.547089461520677,241.7119907245273,0.45499237522741226
2022-09-14,2022,9,14,Monsoon,Moderate,False,False,1,62.77,50.94580152143094,11.824198478569066,11.824198478569066,139.81166966059502,0.18837340255805426
2022-09-15,2022,9,15,Monsoon,Low,False,False,1,31.17,48.3074192469403,-17.137419246940297,17.137419246940297,293.69113844539976,0.5498049164882995
2022-09-16,2022,9,16,Monsoon,Low,False,False,1,53.37,46.069775813586475,7.300224186413523,7.300224186413523,53.293273171896985,0.1367851636952131
2022-09-17,2022,9,17,Monsoon,Low,False,False,1,44.65,45.18457529419684,-0.5345752941968414,0.5345752941968414,0.2857707451656395,0.011972570978652662
2022-09-18,2022,9,18,Monsoon,Low,False,False,1,30.26,48.803756829706316,-18.543756829706314,18.543756829706314,343.8709173592796,0.6128141715038438
2022-09-19,2022,9,19,Monsoon,Low,False,False,1,29.34,41.18652659552985,-11.846526595529848,11.846526595529848,140.34019237859602,0.40376709596216254
2022-09-20,2022,9,20,Monsoon,Low,False,False,1,36.38,46.29103649269336,-9.911036492693356,9.911036492693356,98.22864435949941,0.2724309096397294
2022-09-21,2022,9,21,Monsoon,Low,False,False,1,28.49,46.759499411216765,-18.269499411216767,18.269499411216767,333.7746087364498,0.6412600705937791
2022-09-22,2022,9,22,Monsoon,Low,False,False,1,38.79,51.302666353412924,-12.512666353412925,12.512666353412925,156.56681927183192,0.3225745386288457
2022-09-23,2022,9,23,Monsoon,Low,False,False,1,28.33,45.402375228778794,-17.072375228778796,17.072375228778796,291.4659959522198,0.6026253169353617
2022-09-24,2022,9,24,Monsoon,Low,False,False,1,58.3,52.45860545253,5.841394547469996,5.841394547469996,34.12189025921219,0.10019544678336186
2022-09-25,2022,9,25,Monsoon,Low,False,False,1,36.43,46.266462817378354,-9.836462817378354,9.836462817378354,96.75600075766691,0.27000995930217825
2022-09-26,2022,9,26,Monsoon,Low,False,False,1,39.14,43.70148829883611,-4.56148829883611,4.56148829883611,20.80717550041875,0.11654287937751942
2022-09-27,2022,9,27,Monsoon,Low,False,False,1,30.85,42.134088818741894,-11.284088818741893,11.284088818741893,127.3306604692558,0.36577273318450215
2022-09-28,2022,9,28,Monsoon,Low,False,False,1,51.83,47.98071636256127,3.849283637438731,3.849283637438731,14.816984521453547,0.07426748287553021
2022-09-29,2022,9,29,Monsoon,Moderate,False,False,1,62.74,46.28195883486965,16.458041165130354,16.458041165130354,270.8671189931253,0.26232134467852014
2022-09-30,2022,9,30,Monsoon,Low,False,False,1,49.96,48.917373874702065,1.0426261252979359,1.0426261252979359,1.0870692371537871,0.020869217880262927
2022-10-01,2022,10,1,Post-Monsoon,High,True,False,1,216.32,159.18568086881967,57.13431913118032,57.13431913118032,3264.3304225835573,0.2641194486463587
2022-10-02,2022,10,2,Post-Monsoon,High,True,False,1,216.93,194.88624873052103,22.043751269478975,22.043751269478975,485.9269700306559,0.10161688687354895
2022-10-03,2022,10,3,Post-Monsoon,High,False,False,1,128.81,149.30415615874227,-20.49415615874227,20.49415615874227,420.01043665891376,0.1591037664679937
2022-10-04,2022,10,4,Post-Monsoon,High,False,False,1,139.93,141.9692311869769,-2.039231186976906,2.039231186976906,4.158463833939241,0.014573223661665875
2022-10-05,2022,10,5,Post-Monsoon,High,True,False,1,208.26,136.8827098208192,71.37729017918079,71.37729017918079,5094.717553322978,0.34273163439537496
2022-10-06,2022,10,6,Post-Monsoon,High,True,False,1,161.39,135.0703904805596,26.319609519440377,26.319609519440377,692.7218452558164,0.16308079508916526
2022-10-07,2022,10,7,Post-Monsoon,High,True,False,1,175.54,178.21183714254818,-2.671837142548185,2.671837142548185,7.13871371630005,0.015220674162858522
2022-10-08,2022,10,8,Post-Monsoon,High,True,False,1,171.48,171.662431752472,-0.18243175247201293,0.18243175247201293,0.03328134431000979,0.0010638660629345284
2022-10-09,2022,10,9,Post-Monsoon,High,True,False,1,215.35,207.6934074031789,7.656592596821099,7.656592596821099,58.62341019369566,0.03555417969269143
2022-10-10,2022,10,10,Post-Monsoon,Moderate,False,False,1,108.04,140.79507448651435,-32.755074486514346,32.755074486514346,1072.894904617103,0.3031754395271598
2022-10-11,2022,10,11,Post-Monsoon,High,True,False,1,219.23,218.85172580904003,0.3782741909599565,0.3782741909599565,0.14309136354640964,0.0017254672761937533
2022-10-12,2022,10,12,Post-Monsoon,High,True,False,1,221.18,153.72284979447895,67.45715020552106,67.45715020552106,4550.46711385023,0.3049875676169683
2022-10-13,2022,10,13,Post-Monsoon,Moderate,False,False,1,113.94,146.15444099684794,-32.21444099684794,32.21444099684794,1037.7702087393973,0.28273162187860224
2022-10-14,2022,10,14,Post-Monsoon,High,False,False,1,129.29,157.65966085074336,-28.369660850743372,28.369660850743372,804.8376567862011,0.21942656702562746
2022-10-15,2022,10,15,Post-Monsoon,High,True,False,1,156.99,182.06383598427584,-25.07383598427583,25.07383598427583,628.6972509663656,0.1597161346854948
2022-10-16,2022,10,16,Post-Monsoon,High,True,False,1,224.12,205.18963161896835,18.930368381031656,18.930368381031656,358.3588470415631,0.08446532384897222
2022-10-17,2022,10,17,Post-Monsoon,High,True,False,1,177.53,200.3628605118663,-22.8328605118663,22.8328605118663,521.3395191543434,0.1286140962759325
2022-10-18,2022,10,18,Post-Monsoon,High,True,False,1,161.43,161.7621737679332,-0.33217376793319886,0.33217376793319886,0.11033941210293866,0.002057695396972055
2022-10-19,2022,10,19,Post-Monsoon,High,False,False,1,147.98,144.69967243502015,3.2803275649798422,3.2803275649798422,10.76054893356658,0.022167371029732683
2022-10-20,2022,10,20,Post-Monsoon,High,True,False,1,199.18,155.58779294347622,43.59220705652379,43.59220705652379,1900.2805160588425,0.21885835453621744
2022-10-21,2022,10,21,Post-Monsoon,High,True,False,1,202.47,204.1432761029727,-1.673276102972693,1.673276102972693,2.7998529167794826,0.00826431620967399
2022-10-22,2022,10,22,Post-Monsoon,High,True,False,1,179.7,170.92052425245532,8.779475747544666,8.779475747544666,77.07919440172498,0.048856292418167316
2022-10-23,2022,10,23,Post-Monsoon,Moderate,False,False,1,111.64,166.8390698891557,-55.199069889155695,55.199069889155695,3046.9373166278947,0.4944381036291266
2022-10-24,2022,10,24,Post-Monsoon,High,False,False,1,143.29,148.66036743124033,-5.370367431240339,5.370367431240339,28.84084634652696,0.03747901061651434
2022-10-25,2022,10,25,Post-Monsoon,High,True,False,1,192.6,162.26932842304535,30.330671576954643,30.330671576954643,919.9496383090842,0.15748012241409473
2022-10-26,2022,10,26,Post-Monsoon,High,False,False,1,144.35,142.04013299742022,2.3098670025797787,2.3098670025797787,5.335485569606892,0.016001849688810382
2022-10-27,2022,10,27,Post-Monsoon,High,False,False,1,132.34,200.85063182234845,-68.51063182234844,68.51063182234844,4693.7066726973835,0.5176865031158262
2022-10-28,2022,10,28,Post-Monsoon,High,True,False,1,223.13,204.4478293951937,18.682170604806288,18.682170604806288,349.02349850708816,0.08372773990411997
2022-10-29,2022,10,29,Post-Monsoon,High,True,False,1,205.21,189.13019168737736,16.079808312622646,16.079808312622646,258.56023537068836,0.07835782034317355
2022-10-30,2022,10,30,Post-Monsoon,High,False,False,1,125.0,150.56935850304916,-25.56935850304916,25.56935850304916,653.7920942574523,0.20455486802439327
2022-10-31,2022,10,31,Post-Monsoon,High,False,False,1,149.78,205.6770998509503,-55.8970998509503,55.8970998509503,3124.4857717471077,0.373194684543666
2022-11-01,2022,11,1,Post-Monsoon,High,True,False,1,244.85,212.61124606356415,32.23875393643584,32.23875393643584,1039.3372553740576,0.1316673634324519
2022-11-02,2022,11,2,Post-Monsoon,Extreme,True,True,1,355.74,314.5206155332069,41.21938446679309,41.21938446679309,1699.0376558213034,0.11586941155561108
2022-11-03,2022,11,3,Post-Monsoon,Extreme,True,True,1,287.67,311.4364724766584,-23.766472476658407,23.766472476658407,564.8452139837616,0.08261713934945739
2022-11-04,2022,11,4,Post-Monsoon,High,True,False,1,230.06,204.2598921320905,25.800107867909503,25.800107867909503,665.6455659957659,0.11214512678392377
2022-11-05,2022,11,5,Post-Monsoon,Extreme,True,True,1,306.59,294.61217023774856,11.977829762251417,11.977829762251417,143.46840581347584,0.0390679075059572
2022-11-06,2022,11,6,Post-Monsoon,High,True,False,1,218.64,244.2559411861739,-25.615941186173927,25.615941186173927,656.1764428535217,0.11716036034656938
2022-11-07,2022,11,7,Post-Monsoon,High,True,False,1,199.33,205.82981088428022,-6.499810884280208,6.499810884280208,42.247541531407464,0.03260829220027195
2022-11-08,2022,11,8,Post-Monsoon,Extreme,True,True,1,371.31,352.7571232038228,18.552876796177202,18.552876796177202,344.2092374141304,0.04996600359854893
2022-11-09,2022,11,9,Post-Monsoon,Extreme,True,True,1,328.2,318.37696823379974,9.823031766200245,9.823031766200245,96.49195307977911,0.02993001756916589
2022-11-10,2022,11,10,Post-Monsoon,Extreme,True,True,1,366.71,349.44438519672804,17.265614803271944,17.265614803271944,298.1014545349633,0.047082476079932226
2022-11-11,2022,11,11,Post-Monsoon,High,True,False,1,198.79,210.0686921368007,-11.278692136800714,11.278692136800714,127.20889631673026,0.056736717826856055
2022-11-12,2022,11,12,Post-Monsoon,High,True,False,1,213.82,241.30396704281725,-27.483967042817255,27.483967042817255,755.3684444106651,0.12853786850068868
2022-11-13,2022,11,13,Post-Monsoon,Extreme,True,True,1,258.63,266.1040964310712,-7.474096431071189,7.474096431071189,55.86211746095108,0.028898799176704904
2022-11-14,2022,11,14,Post-Monsoon,Extreme,True,True,1,280.3,288.4339936793069,-8.133993679306911,8.133993679306911,66.16185317500478,0.029018885762778848
2022-11-15,2022,11,15,Post-Monsoon,Extreme,True,True,1,293.9,347.88766745649974,-53.987667456499764,53.987667456499764,2914.6682373936037,0.18369400291425575
2022-11-16,2022,11,16,Post-Monsoon,High,True,False,1,212.54,267.46237657149175,-54.92237657149175,54.92237657149175,3016.467448260746,0.2584096008821481
2022-11-17,2022,11,17,Post-Monsoon,Extreme,True,True,1,306.56,258.289893616822,48.27010638317802,48.27010638317802,2330.003170243323,0.15745728856725605
2022-11-18,2022,11,18,Post-Monsoon,Extreme,True,True,1,351.34,336.9058390601679,14.434160939832054,14.434160939832054,208.34500203697337,0.04108316997732127
2022-11-19,2022,11,19,Post-Monsoon,Extreme,True,True,1,339.16,360.876605391922,-21.716605391921973,21.716605391921973,471.6109497484545,0.06403056195283044
2022-11-20,2022,11,20,Post-Monsoon,Extreme,True,True,1,263.98,258.28132900937925,5.698670990620769,5.698670990620769,32.4748510593427,0.021587510381925787
2022-11-21,2022,11,21,Post-Monsoon,Extreme,True,True,1,281.6,336.5045723610167,-54.904572361016676,54.904572361016676,3014.5120661461165,0.19497362344111033
2022-11-22,2022,11,22,Post-Monsoon,High,True,False,1,244.42,237.53500402760355,6.884995972396439,6.884995972396439,47.40316953991518,0.0281687094852976
2022-11-23,2022,11,23,Post-Monsoon,Extreme,True,True,1,312.01,314.75563976903214,-2.7456397690321523,2.7456397690321523,7.538537741290931,0.008799845418519126
2022-11-24,2022,11,24,Post-Monsoon,Extreme,True,True,1,266.51,304.7750380225298,-38.265038022529836,38.265038022529836,1464.2131348656542,0.14357824480330883
2022-11-25,2022,11,25,Post-Monsoon,Extreme,True,True,1,266.24,261.73864721202926,4.501352787970745,4.501352787970745,20.262176921772003,0.016907124353856464
2022-11-26,2022,11,26,Post-Monsoon,Extreme,True,True,1,288.98,315.1531186988237,-26.173118698823657,26.173118698823657,685.0321424227126,0.09057069243139199
2022-11-27,2022,11,27,Post-Monsoon,Extreme,True,True,1,272.0,322.2854862212003,-50.2854862212003,50.2854862212003,2528.630124502525,0.18487311110735405
2022-11-28,2022,11,28,Post-Monsoon,High,True,False,1,223.66,250.9217208455368,-27.261720845536814,27.261720845536814,743.2014234599765,0.12188912119081112
2022-11-29,2022,11,29,Post-Monsoon,High,True,False,1,208.71,213.01934331389128,-4.309343313891276,4.309343313891276,18.570439796979443,0.020647517195588497
2022-11-30,2022,11,30,Post-Monsoon,Extreme,True,True,1,317.81,350.9031079416974,-33.09310794169738,33.09310794169738,1095.1537932408344,0.10412859237184917
2022-12-01,2022,12,1,Winter,Extreme,True,True,1,259.62,300.2625790196904,-40.6425790196904,40.6425790196904,1651.8192293717784,0.156546410213737
2022-12-02,2022,12,2,Winter,High,True,False,1,228.87,212.15182415159856,16.718175848401444,16.718175848401444,279.49740369807336,0.07304660221261608
2022-12-03,2022,12,3,Winter,Extreme,True,True,1,289.45,338.43918596415574,-48.98918596415575,48.98918596415575,2399.940341430635,0.1692492173575946
2022-12-04,2022,12,4,Winter,Extreme,True,True,1,309.45,317.07935605968,-7.629356059679992,7.629356059679992,58.20707388537581,0.02465456797440618
2022-12-05,2022,12,5,Winter,High,True,False,1,229.57,219.98891133973973,9.581088660260264,9.581088660260264,91.79725991576781,0.041734933398354594
2022-12-06,2022,12,6,Winter,Extreme,True,True,1,275.73,212.46108420794965,63.268915792050365,63.268915792050365,4002.95570550156,0.22945967356490177
2022-12-07,2022,12,7,Winter,Extreme,True,True,1,347.44,309.1931492041557,38.246850795844296,38.246850795844296,1462.8215957995753,0.11008188693254747
2022-12-08,2022,12,8,Winter,High,True,False,1,196.62,257.87338414027124,-61.25338414027124,61.25338414027124,3751.977068635632,0.3115318082609665
2022-12-09,2022,12,9,Winter,High,True,False,1,229.6,293.68838861601455,-64.08838861601456,64.08838861601456,4107.321555397304,0.27913061243908777
2022-12-10,2022,12,10,Winter,High,True,False,1,219.51,221.85240917678294,-2.342409176782951,2.342409176782951,5.486880751476982,0.010671081849496384
2022-12-11,2022,12,11,Winter,High,True,False,1,233.59,202.3693131532347,31.22068684676529,31.22068684676529,974.7312871837831,0.13365592211466795
2022-12-12,2022,12,12,Winter,Extreme,True,True,1,361.03,306.42255952156245,54.607440478437525,54.607440478437525,2981.972555606097,0.15125457850715324
2022-12-13,2022,12,13,Winter,High,True,False,1,223.04,201.83865050222656,21.201349497773435,21.201349497773435,449.4972205267379,0.09505626568226971
2022-12-14,2022,12,14,Winter,Extreme,True,True,1,369.12,310.8401667633983,58.27983323660169,58.27983323660169,3396.538962086103,0.15788858159027333
2022-12-15,2022,12,15,Winter,High,True,False,1,214.0,275.3548943488987,-61.35489434889871,61.35489434889871,3764.423060564523,0.28670511377990054
2022-12-16,2022,12,16,Winter,Extreme,True,True,1,257.08,315.245045903857,-58.16504590385699,58.16504590385699,3383.172564997791,0.2262527069544772
2022-12-17,2022,12,17,Winter,High,True,False,1,243.69,217.81381597097706,25.876184029022937,25.876184029022937,669.5768999038618,0.10618484151595443
2022-12-18,2022,12,18,Winter,Extreme,True,True,1,278.85,284.49134968317776,-5.6413496831777366,5.6413496831777366,31.824826247889547,0.020230768094594714
2022-12-19,2022,12,19,Winter,High,True,False,1,220.09,205.48785223570422,14.602147764295779,14.602147764295779,213.22271933032823,0.06634625727791257
2022-12-20,2022,12,20,Winter,High,True,False,1,196.26,211.33677431943656,-15.076774319436566,15.076774319436566,227.30912387922194,0.07682041332638626
2022-12-21,2022,12,21,Winter,High,True,False,1,221.9,256.66816010353904,-34.76816010353903,34.76816010353903,1208.8249569853233,0.1566839121385265
2022-12-22,2022,12,22,Winter,Extreme,True,True,1,389.87,334.81828633417973,55.05171366582027,55.05171366582027,3030.691177543463,0.14120530860497157
2022-12-23,2022,12,23,Winter,High,True,False,1,205.95,230.73533451137712,-24.78533451137713,24.78533451137713,614.3128068408622,0.1203463681057399
2022-12-24,2022,12,24,Winter,High,True,False,1,239.8,245.05455782838,-5.254557828380001,5.254557828380001,27.610377971789553,0.021912251160884074
2022-12-25,2022,12,25,Winter,Extreme,True,True,1,346.84,348.69892317192614,-1.8589231719261647,1.8589231719261647,3.4555953591240334,0.005359598581265612
2022-12-26,2022,12,26,Winter,Extreme,True,True,1,317.58,330.83944043529766,-13.259440435297677,13.259440435297677,175.81276065720704,0.041751497056797274
2022-12-27,2022,12,27,Winter,High,True,False,1,236.9,267.3865287425276,-30.48652874252761,30.48652874252761,929.4284347689621,0.12868944171603044
2022-12-28,2022,12,28,Winter,High,True,False,1,204.21,231.78191305818592,-27.571913058185913,27.571913058185913,760.2103896881629,0.13501744801031249
2022-12-29,2022,12,29,Winter,Extreme,True,True,1,300.03,307.66024678839483,-7.630246788394857,7.630246788394857,58.22066605181002,0.025431612800036186
2022-12-30,2022,12,30,Winter,Extreme,True,True,1,383.61,355.3617615139325,28.24823848606752,28.24823848606752,797.9629775657463,0.07363790955936372
2022-12-31,2022,12,31,Winter,High,True,False,1,199.18,206.7636536123282,-7.583653612328192,7.583653612328192,57.51180211177843,0.03807437299090366
2023-01-01,2023,1,1,Winter,High,True,False,2,239.46,222.47265108863604,16.987348911363966,16.987348911363966,288.57002303641855,0.07094023599500529
2023-01-02,2023,1,2,Winter,Extreme,True,True,2,381.49,342.5782727301372,38.91172726986281,38.91172726986281,1514.122519124185,0.10199933751831715
2023-01-03,2023,1,3,Winter,Extreme,True,True,2,320.85,301.08778741855684,19.76221258144318,19.76221258144318,390.5450461141511,0.061593307095038734
2023-01-04,2023,1,4,Winter,High,True,False,2,236.58,240.52425408187293,-3.944254081872913,3.944254081872913,15.557140262371135,0.01667196754532468
2023-01-05,2023,1,5,Winter,Extreme,True,True,2,312.09,300.42831015064456,11.661689849355412,11.661689849355412,135.99501014255904,0.03736643227708485
2023-01-06,2023,1,6,Winter,High,True,False,2,212.71,217.6682494437004,-4.958249443700396,4.958249443700396,24.584237545955286,0.02330990288985189
2023-01-07,2023,1,7,Winter,Extreme,True,True,2,377.39,343.3860395372563,34.00396046274369,34.00396046274369,1156.2693271518363,0.09010297162813984
2023-01-08,2023,1,8,Winter,Extreme,True,True,2,316.18,315.87781254349835,0.302187456501656,0.302187456501656,0.09131725886694024,0.0009557450075958505
2023-01-09,2023,1,9,Winter,Extreme,True,True,2,305.62,320.26912508526254,-14.64912508526254,14.64912508526254,214.5968657636682,0.04793248179197219
2023-01-10,2023,1,10,Winter,Extreme,True,True,2,323.93,322.0635115671894,1.8664884328106268,1.8664884328106268,3.4837790698158697,0.005762011646993569
2023-01-11,2023,1,11,Winter,Extreme,True,True,2,354.84,341.6242792801542,13.215720719845763,13.215720719845763,174.6552741449606,0.037244168413498376
2023-01-12,2023,1,12,Winter,High,True,False,2,246.66,221.23016231784032,25.429837682159672,25.429837682159672,646.676644540988,0.10309672294721346
2023-01-13,2023,1,13,Winter,Extreme,True,True,2,294.02,294.34226757721405,-0.3222675772140633,0.3222675772140633,0.10385639132342225,0.0010960736589825976
2023-01-14,2023,1,14,Winter,Extreme,True,True,2,359.52,359.4330313880881,0.0869686119118569,0.0869686119118569,0.007563539457875177,0.00024190201355100385
2023-01-15,2023,1,15,Winter,Extreme,True,True,2,335.57,355.52988459803396,-19.959884598033966,19.959884598033966,398.39699316683357,0.05948053937489634
2023-01-16,2023,1,16,Winter,Extreme,True,True,2,303.21,323.2250387608715,-20.015038760871505,20.015038760871505,400.6017765991887,0.0660104836940454
2023-01-17,2023,1,17,Winter,Extreme,True,True,2,311.94,325.09014393806746,-13.150143938067458,13.150143938067458,172.9262855918923,0.04215600416127287
2023-01-18,2023,1,18,Winter,Extreme,True,True,2,329.09,322.9864643953735,6.103535604626472,6.103535604626472,37.253146876943035,0.01854670638617543
2023-01-19,2023,1,19,Winter,Extreme,True,True,2,303.74,314.6504514111934,-10.910451411193378,10.910451411193378,119.03794999601158,0.0359203641640659
2023-01-20,2023,1,20,Winter,Extreme,True,True,2,311.05,314.73246770526936,-3.682467705269346,3.682467705269346,13.560568400351682,0.011838828822598764
2023-01-21,2023,1,21,Winter,Extreme,True,True,2,284.12,260.06815476723926,24.05184523276074,24.05184523276074,578.4912591006756,0.08465382666746706
2023-01-22,2023,1,22,Winter,Extreme,True,True,2,293.96,303.79727633987255,-9.837276339872574,9.837276339872574,96.77200578701674,0.033464676622236275
2023-01-23,2023,1,23,Winter,Extreme,True,True,2,371.63,363.4555700326231,8.17442996737691,8.17442996737691,66.82130529154966,0.02199615199896916
2023-01-24,2023,1,24,Winter,High,True,False,2,218.15,234.36166449017114,-16.21166449017113,16.21166449017113,262.8180655418756,0.07431429974866437
2023-01-25,2023,1,25,Winter,Extreme,True,True,2,312.9,320.7128710053294,-7.812871005329441,7.812871005329441,61.04095334591747,0.02496922660699726
2023-01-26,2023,1,26,Winter,Extreme,True,True,2,303.74,355.95324736094136,-52.21324736094135,52.21324736094135,2726.223199974849,0.17190112385902862
2023-01-27,2023,1,27,Winter,Extreme,True,True,2,296.51,266.93858043907824,29.571419560921754,29.571419560921754,874.4688548480657,0.09973160959469075
2023-01-28,2023,1,28,Winter,High,True,False,2,233.49,268.49879130969856,-35.00879130969855,35.00879130969855,1225.6154689660248,0.14993700505245858
2023-01-29,2023,1,29,Winter,Extreme,True,True,2,334.08,332.26359916265557,1.8164008373444176,1.8164008373444176,3.2993120019055016,0.00543702357921581
2023-01-30,2023,1,30,Winter,High,True,False,2,211.28,216.01115350041292,-4.7311535004129155,4.7311535004129155,22.383813444469382,0.022392812856933526
2023-01-31,2023,1,31,Winter,Extreme,True,True,2,339.59,320.96141163317475,18.628588366825227,18.628588366825227,347.0243045406162,0.05485611580678238
2023-02-01,2023,2,1,Winter,High,True,False,2,164.87,214.56964696108932,-49.699646961089314,49.699646961089314,2470.0549080569144,0.30144748566197194
2023-02-02,2023,2,2,Winter,High,False,False,2,127.79,162.08877487588975,-34.29877487588975,34.29877487588975,1176.4059579869659,0.26839952168315007
2023-02-03,2023,2,3,Winter,High,True,False,2,175.55,195.12050873765725,-19.570508737657235,19.570508737657235,383.0048122507182,0.11148110930024058
2023-02-04,2023,2,4,Winter,High,True,False,2,153.81,157.3512699656692,-3.541269965669187,3.541269965669187,12.540592969750644,0.023023665338204193
2023-02-05,2023,2,5,Winter,High,True,False,2,180.11,182.97955441319016,-2.8695544131901443,2.8695544131901443,8.234342530259033,0.015932232597802142
2023-02-06,2023,2,6,Winter,High,True,False,2,169.35,165.31572798156577,4.034272018434223,4.034272018434223,16.275350718721338,0.023822096359221865
2023-02-07,2023,2,7,Winter,High,True,False,2,224.72,221.6230483402013,3.096951659798691,3.096951659798691,9.591109583129867,0.013781379760585133
2023-02-08,2023,2,8,Winter,High,True,False,2,191.15,146.37808058958078,44.77191941041923,44.77191941041923,2004.5247676930742,0.2342240094711966
2023-02-09,2023,2,9,Winter,High,True,False,2,192.06,204.31891773332592,-12.258917733325916,12.258917733325916,150.2810639924526,0.06382858342875099
2023-02-10,2023,2,10,Winter,High,True,False,2,180.68,222.92052563065326,-42.24052563065325,42.24052563065325,1784.2620055538744,0.2337863937937417
2023-02-11,2023,2,11,Winter,High,False,False,2,148.21,152.58518010857284,-4.375180108572835,4.375180108572835,19.1422009824514,0.02952014107396825
2023-02-12,2023,2,12,Winter,High,True,False,2,212.69,193.1541241321562,19.5358758678438,19.5358758678438,381.6504459238017,0.09185140753135455
2023-02-13,2023,2,13,Winter,Moderate,False,False,2,116.09,142.2449513075994,-26.15495130759939,26.15495130759939,684.081477902895,0.22529891728485993
2023-02-14,2023,2,14,Winter,High,True,False,2,197.82,193.66721538301277,4.152784616987219,4.152784616987219,17.245620075085686,0.020992743994475885
2023-02-15,2023,2,15,Winter,High,True,False,2,232.54,203.27051522647173,29.269484773528262,29.269484773528262,856.7027389078028,0.12586860227714916
2023-02-16,2023,2,16,Winter,Moderate,False,False,2,111.42,148.59854895478395,-37.17854895478395,37.17854895478395,1382.2445023832668,0.3336793121054025
2023-02-17,2023,2,17,Winter,High,True,False,2,214.78,195.30769288718457,19.47230711281543,19.47230711281543,379.17074429580236,0.09066164034274807
2023-02-18,2023,2,18,Winter,High,True,False,2,204.58,218.41828208842304,-13.838282088423028,13.838282088423028,191.4980511587696,0.06764239949370919
2023-02-19,2023,2,19,Winter,High,False,False,2,132.59,190.05349103675167,-57.46349103675166,57.46349103675166,3302.0528021308387,0.43339234509956753
2023-02-20,2023,2,20,Winter,High,True,False,2,209.82,180.44199961101532,29.378000388984674,29.378000388984674,863.0669068551837,0.14001525302156456
2023-02-21,2023,2,21,Winter,High,True,False,2,236.66,206.4425352792658,30.2174647207342,30.2174647207342,913.095174148816,0.1276830251024009
2023-02-22,2023,2,22,Winter,High,True,False,2,230.27,203.89371767938718,26.37628232061283,26.37628232061283,695.708269056673,0.11454502245456563
2023-02-23,2023,2,23,Winter,High,True,False,2,174.23,180.73022478488562,-6.500224784885631,6.500224784885631,42.25292225404145,0.03730829813973272
2023-02-24,2023,2,24,Winter,Moderate,False,False,2,116.93,126.90231463527118,-9.972314635271175,9.972314635271175,99.44705918484367,0.08528448332567497
2023-02-25,2023,2,25,Winter,High,True,False,2,210.16,175.15136287341969,35.00863712658031,35.00863712658031,1225.6046734605773,0.1665808770773711
2023-02-26,2023,2,26,Winter,High,True,False,2,205.45,209.39404437095757,-3.9440443709575845,3.9440443709575845,15.555486000082208,0.01919710085644967
2023-02-27,2023,2,27,Winter,High,True,False,2,162.72,191.76320694921418,-29.04320694921418,29.04320694921418,843.5078698948829,0.1784857850861245
2023-02-28,2023,2,28,Winter,High,True,False,2,201.67,208.21853732498596,-6.548537324985972,6.548537324985972,42.883341096734426,0.03247154918920004
2023-03-01,2023,3,1,Summer,Moderate,False,False,2,104.82,130.8561230644792,-26.0361230644792,26.0361230644792,677.8797042287057,0.24838888632397635
2023-03-02,2023,3,2,Summer,Moderate,False,False,2,70.11,129.05790311049154,-58.94790311049154,58.94790311049154,3474.855281123898,0.8407916575451653
2023-03-03,2023,3,3,Summer,Moderate,False,False,2,109.89,98.48787703844029,11.402122961559712,11.402122961559712,130.00840803052722,0.10375942270961609
2023-03-04,2023,3,4,Summer,High,False,False,2,136.3,118.1269702811985,18.173029718801516,18.173029718801516,330.2590091604431,0.13333110578724516
2023-03-05,2023,3,5,Summer,Moderate,False,False,2,92.48,103.60248265266385,-11.122482652663848,11.122482652663848,123.70962035880822,0.12026905982551739
2023-03-06,2023,3,6,Summer,High,False,False,2,124.25,110.57052292245845,13.679477077541549,13.679477077541549,187.12809311498467,0.11009639499027403
2023-03-07,2023,3,7,Summer,High,False,False,2,126.99,111.29003521318322,15.699964786816778,15.699964786816778,246.4888943072868,0.12363150473908795
2023-03-08,2023,3,8,Summer,Moderate,False,False,2,80.78,96.38199907862086,-15.601999078620864,15.601999078620864,243.4223752492863,0.19314185539268214
2023-03-09,2023,3,9,Summer,Moderate,False,False,2,89.1,89.82293755156056,-0.7229375515605625,0.7229375515605625,0.522638703456381,0.00811377723412528
2023-03-10,2023,3,10,Summer,Moderate,False,False,2,110.09,114.8660466764187,-4.7760466764187015,4.7760466764187015,22.810621855330126,0.04338311087672542
2023-03-11,2023,3,11,Summer,Moderate,False,False,2,68.26,99.48292886755172,-31.222928867551715,31.222928867551715,974.8712870681942,0.4574117912035118
2023-03-12,2023,3,12,Summer,Moderate,False,False,2,99.6,92.67413978690064,6.925860213099355,6.925860213099355,47.967539691392645,0.06953674912750357
2023-03-13,2023,3,13,Summer,Moderate,False,False,2,77.25,89.40971964491229,-12.159719644912286,12.159719644912286,147.85878184286577,0.157407374044172
2023-03-14,2023,3,14,Summer,Moderate,False,False,2,75.38,86.55622669092286,-11.17622669092286,11.17622669092286,124.90804304689654,0.14826514580688327
2023-03-15,2023,3,15,Summer,High,False,False,2,125.53,116.89269201586023,8.637307984139767,8.637307984139767,74.60308921288457,0.0688067233660461
2023-03-16,2023,3,16,Summer,High,False,False,2,131.2,101.95985694930725,29.240143050692737,29.240143050692737,854.9859656249747,0.22286694398393855
2023-03-17,2023,3,17,Summer,Moderate,False,False,2,94.86,93.7408183044563,1.119181695543702,1.119181695543702,1.2525676676400757,0.01179824684317628
2023-03-18,2023,3,18,Summer,High,False,False,2,125.06,97.96243060714971,27.09756939285029,27.09756939285029,734.2782670003368,0.21667655039861097
2023-03-19,2023,3,19,Summer,Moderate,False,False,2,96.47,109.55843463975602,-13.088434639756017,13.088434639756017,171.30712131916522,0.13567362537323538
2023-03-20,2023,3,20,Summer,Moderate,False,False,2,109.25,105.40605337401286,3.8439466259871438,3.8439466259871438,14.775925663437947,0.03518486614175875
2023-03-21,2023,3,21,Summer,Moderate,False,False,2,77.62,103.194555447077,-25.57455544707699,25.57455544707699,654.0578863156153,0.32948409491209724
2023-03-22,2023,3,22,Summer,High,False,False,2,124.05,116.57144644267042,7.478553557329576,7.478553557329576,55.92876330984686,0.06028660666932347
2023-03-23,2023,3,23,Summer,Moderate,False,False,2,96.0,101.80563451453312,-5.805634514533125,5.805634514533125,33.705392116338274,0.06047535952638672
2023-03-24,2023,3,24,Summer,Moderate,False,False,2,106.02,100.6097849061187,5.410215093881291,5.410215093881291,29.27042736206095,0.051030136708935026
2023-03-25,2023,3,25,Summer,High,False,False,2,129.35,101.3569949298796,27.99300507012039,27.99300507012039,783.6083328557859,0.21641287259466865
2023-03-26,2023,3,26,Summer,Moderate,False,False,2,67.38,93.54909808359024,-26.169098083590242,26.169098083590242,684.8216945085665,0.3883807967288549
2023-03-27,2023,3,27,Summer,Moderate,False,False,2,119.31,92.89320476963175,26.41679523036825,26.41679523036825,697.8470702432068,0.22141308549466307
2023-03-28,2023,3,28,Summer,High,False,False,2,128.65,103.31223548494721,25.337764515052797,25.337764515052797,642.0023106202686,0.19695114275206216
2023-03-29,2023,3,29,Summer,Moderate,False,False,2,116.65,154.59240739086474,-37.94240739086473,37.94240739086473,1439.6262786143466,0.32526710150762733
2023-03-30,2023,3,30,Summer,High,False,False,2,136.66,113.5223056528725,23.137694347127493,23.137694347127493,535.3528997010956,0.1693084614892982
2023-03-31,2023,3,31,Summer,Moderate,False,False,2,76.84,107.39860043245255,-30.55860043245255,30.55860043245255,933.8280603902892,0.39769131223910137
2023-04-01,2023,4,1,Summer,Moderate,False,False,2,104.29,95.06962046937919,9.220379530620818,9.220379530620818,85.01539868869138,0.08841096491150463
2023-04-02,2023,4,2,Summer,High,False,False,2,128.98,103.45839787650164,25.521602123498354,25.521602123498354,651.3521749501557,0.1978725548418232
2023-04-03,2023,4,3,Summer,Moderate,False,False,2,89.28,101.46877301276362,-12.188773012763619,12.188773012763619,148.56618755667472,0.13652299521464628
2023-04-04,2023,4,4,Summer,Moderate,False,False,2,95.57,105.54192567001407,-9.971925670014073,9.971925670014073,99.43930156828563,0.10434158909714424
2023-04-05,2023,4,5,Summer,Moderate,False,False,2,113.39,107.23498645732894,6.155013542671057,6.155013542671057,37.884191710464115,0.0542818021225069
2023-04-06,2023,4,6,Summer,Moderate,False,False,2,100.27,108.18662508274097,-7.916625082740978,7.916625082740978,62.6729527006836,0.07895307751811088
2023-04-07,2023,4,7,Summer,Moderate,False,False,2,68.61,86.43636472260522,-17.82636472260522,17.82636472260522,317.7792792233439,0.259821669182411
2023-04-08,2023,4,8,Summer,Moderate,False,False,2,105.8,99.52871872943805,6.271281270561943,6.271281270561943,39.328968774501014,0.05927487023215447
2023-04-09,2023,4,9,Summer,High,False,False,2,133.86,113.96100868500179,19.898991314998227,19.898991314998227,395.9698553543749,0.14865524663826554
2023-04-10,2023,4,10,Summer,Moderate,False,False,2,88.52,102.35331451026897,-13.833314510268977,13.833314510268977,191.36059034001823,0.15627332252902143
2023-04-11,2023,4,11,Summer,Moderate,False,False,2,119.16,115.88555661786293,3.274443382137065,3.274443382137065,10.72197946282122,0.027479383871576578
2023-04-12,2023,4,12,Summer,Moderate,False,False,2,73.24,89.57967017114878,-16.339670171148782,16.339670171148782,266.9848213019293,0.22309762658586543
2023-04-13,2023,4,13,Summer,Moderate,False,False,2,102.81,110.08241516718812,-7.2724151671881145,7.2724151671881145,52.888022363947734,0.07073645722388984
2023-04-14,2023,4,14,Summer,High,False,False,2,125.08,102.60981700492687,22.47018299507313,22.47018299507313,504.9091238320737,0.17964649020685267
2023-04-15,2023,4,15,Summer,Moderate,False,False,2,109.23,87.76300731187108,21.466992688128926,21.466992688128926,460.83177507218073,0.1965301903151966
2023-04-16,2023,4,16,Summer,Moderate,False,False,2,82.23,109.68515894256079,-27.455158942560786,27.455158942560786,753.7857525612754,0.3338825117665181
2023-04-17,2023,4,17,Summer,Moderate,False,False,2,102.93,135.34394392658567,-32.41394392658566,32.41394392658566,1050.6637608758394,0.31491250293000733
2023-04-18,2023,4,18,Summer,High,False,False,2,120.09,113.55629202054132,6.533707979458683,6.533707979458683,42.68933996084206,0.054406761424420705
2023-04-19,2023,4,19,Summer,High,False,False,2,133.3,107.98095520692124,25.319044793078774,25.319044793078774,641.0540292339293,0.18994032102834787
2023-04-20,2023,4,20,Summer,Moderate,False,False,2,116.88,101.55716704741117,15.322832952588826,15.322832952588826,234.789209692942,0.13109884456355944
2023-04-21,2023,4,21,Summer,Moderate,False,False,2,74.42,88.28148274250178,-13.861482742501778,13.861482742501778,192.14070382067462,0.18626018197395564
2023-04-22,2023,4,22,Summer,High,False,False,2,133.84,133.11209323318647,0.7279067668135326,0.7279067668135326,0.5298482611729305,0.005438633942121433
2023-04-23,2023,4,23,Summer,Moderate,False,False,2,75.68,93.24071070467569,-17.560710704675685,17.560710704675685,308.3785604533112,0.23203898922668714
2023-04-24,2023,4,24,Summer,Moderate,False,False,2,69.16,107.07377725574274,-37.913777255742744,37.913777255742744,1437.4545057980758,0.5482038353924631
2023-04-25,2023,4,25,Summer,Moderate,False,False,2,76.07,92.68493351024145,-16.614933510241457,16.614933510241457,276.0560155497445,0.2184163732120607
2023-04-26,2023,4,26,Summer,Moderate,False,False,2,93.19,95.45171768832408,-2.261717688324083,2.261717688324083,5.115366901678034,0.024269961243954107
2023-04-27,2023,4,27,Summer,Moderate,False,False,2,90.77,94.39221147618424,-3.6222114761842477,3.6222114761842477,13.120415978200867,0.039905381471678394
2023-04-28,2023,4,28,Summer,Moderate,False,False,2,117.81,98.0052054016908,19.8047945983092,19.8047945983092,392.22988908121727,0.16810792461004329
2023-04-29,2023,4,29,Summer,Moderate,False,False,2,74.47,98.60645914628778,-24.136459146287777,24.136459146287777,582.5686601204188,0.3241098314259135
2023-04-30,2023,4,30,Summer,Moderate,False,False,2,93.85,85.85147701977459,7.9985229802254025,7.9985229802254025,63.97636986519385,0.08522667000772939
2023-05-01,2023,5,1,Summer,Moderate,False,False,2,74.08,85.75901618369164,-11.679016183691644,11.679016183691644,136.39941901893133,0.1576541061513451
2023-05-02,2023,5,2,Summer,Moderate,False,False,2,65.91,102.2045425045874,-36.2945425045874,36.2945425045874,1317.2938156173013,0.5506682218872311
2023-05-03,2023,5,3,Summer,Moderate,False,False,2,89.65,86.01014183427895,3.6398581657210514,3.6398581657210514,13.248567466566216,0.04060076035383214
2023-05-04,2023,5,4,Summer,High,False,False,2,126.24,115.21252884319732,11.027471156802676,11.027471156802676,121.60512011411495,0.08735322525984376
2023-05-05,2023,5,5,Summer,Moderate,False,False,2,87.39,82.86053738490625,4.529462615093749,4.529462615093749,20.5160315815319,0.051830445303738974
2023-05-06,2023,5,6,Summer,High,False,False,2,131.86,139.58013113425002,-7.7201311342500105,7.7201311342500105,59.60042473001636,0.05854793822425307
2023-05-07,2023,5,7,Summer,Moderate,False,False,2,91.56,88.88402009821449,2.67597990178551,2.67597990178551,7.160868434759989,0.02922651705750885
2023-05-08,2023,5,8,Summer,Moderate,False,False,2,100.05,96.59600514110254,3.4539948588974596,3.4539948588974596,11.930080485290082,0.03452268724535192
2023-05-09,2023,5,9,Summer,Moderate,False,False,2,69.35,99.62005949861376,-30.27005949861376,30.27005949861376,916.2765020496172,0.436482472943241
2023-05-10,2023,5,10,Summer,High,False,False,2,120.7,110.21507070839654,10.484929291603464,10.484929291603464,109.93374224992432,0.08686768261477601
2023-05-11,2023,5,11,Summer,Moderate,False,False,2,101.81,110.82101033591901,-9.01101033591901,9.01101033591901,81.19830727403924,0.08850810662920156
2023-05-12,2023,5,12,Summer,Moderate,False,False,2,95.71,85.49393396666656,10.216066033333433,10.216066033333433,104.36800519742911,0.10673979765263227
2023-05-13,2023,5,13,Summer,Moderate,False,False,2,108.79,98.96057676266115,9.829423237338858,9.829423237338858,96.61756117873712,0.09035226801488057
2023-05-14,2023,5,14,Summer,Moderate,False,False,2,72.48,84.25153563998303,-11.771535639983028,11.771535639983028,138.56905132339065,0.16241081180992037
2023-05-15,2023,5,15,Summer,Moderate,False,False,2,71.17,76.8056402100961,-5.635640210096099,5.635640210096099,31.760440577652005,0.07918561486716452
2023-05-16,2023,5,16,Summer,Moderate,False,False,2,119.41,109.69069591265801,9.719304087341982,9.719304087341982,94.46487194222256,0.0813943898110877
2023-05-17,2023,5,17,Summer,Moderate,False,False,2,115.4,110.67357755593859,4.726422444061413,4.726422444061413,22.33906911972746,0.040956866932941184
2023-05-18,2023,5,18,Summer,Moderate,False,False,2,114.62,103.82837059672684,10.791629403273163,10.791629403273163,116.45926517758988,0.09415136453736837
2023-05-19,2023,5,19,Summer,Moderate,False,False,2,93.33,111.13410648743613,-17.80410648743613,17.80410648743613,316.98620781596526,0.19076509683313114
2023-05-20,2023,5,20,Summer,Moderate,False,False,2,119.31,96.24191313319787,23.068086866802133,23.068086866802133,532.136631694329,0.19334579554775067
2023-05-21,2023,5,21,Summer,Moderate,False,False,2,111.97,107.65363920057344,4.316360799426562,4.316360799426562,18.63097055082631,0.03854926140418471
2023-05-22,2023,5,22,Summer,High,False,False,2,128.72,108.47255117702012,20.247448822979877,20.247448822979877,409.95918383918917,0.15729839048306304
2023-05-23,2023,5,23,Summer,Moderate,False,False,2,83.63,80.87752181193324,2.7524781880667604,2.7524781880667604,7.576136175783276,0.03291256950934785
2023-05-24,2023,5,24,Summer,Moderate,False,False,2,111.61,134.78920355725472,-23.179203557254723,23.179203557254723,537.27547754865,0.20768034725611256
2023-05-25,2023,5,25,Summer,Moderate,False,False,2,93.76,95.83751059093753,-2.0775105909375213,2.0775105909375213,4.3160502554575695,0.02215774947672271
2023-05-26,2023,5,26,Summer,Moderate,False,False,2,108.45,113.22568136072815,-4.775681360728143,4.775681360728143,22.80713245920621,0.044035789402749125
2023-05-27,2023,5,27,Summer,Moderate,False,False,2,99.02,102.41369794662552,-3.3936979466255224,3.3936979466255224,11.517185752930287,0.03427285342986793
2023-05-28,2023,5,28,Summer,High,False,False,2,125.01,113.15082878375136,11.85917121624864,11.85917121624864,140.63994193630026,0.09486578046755172
2023-05-29,2023,5,29,Summer,Moderate,False,False,2,85.04,102.76789999328697,-17.727899993286968,17.727899993286968,314.2784381719841,0.2084654279549267
2023-05-30,2023,5,30,Summer,Moderate,False,False,2,87.81,108.20494826611453,-20.394948266114525,20.394948266114525,415.9539147774879,0.23226225106610324
2023-05-31,2023,5,31,Summer,Moderate,False,False,2,115.71,104.5797692937763,11.1302307062237,11.1302307062237,123.88203557376491,0.09619074156273183
2023-06-01,2023,6,1,Monsoon,High,False,False,2,130.08,115.43662697847418,14.643373021525832,14.643373021525832,214.42837344755057,0.11257205582353806
2023-06-02,2023,6,2,Monsoon,Moderate,False,False,2,72.81,103.60212927415984,-30.792129274159834,30.792129274159834,948.155225236571,0.4229107165795884
2023-06-03,2023,6,3,Monsoon,Moderate,False,False,2,93.67,97.8029713933569,-4.132971393356897,4.132971393356897,17.08145253830645,0.04412267954902206
2023-06-04,2023,6,4,Monsoon,Moderate,False,False,2,78.96,91.77483560489598,-12.81483560489599,12.81483560489599,164.22001158050998,0.16229528374994923
2023-06-05,2023,6,5,Monsoon,High,False,False,2,130.55,117.360476441663,13.189523558337015,13.189523558337015,173.96353169592712,0.10103043706117973
2023-06-06,2023,6,6,Monsoon,High,False,False,2,121.24,145.06528779269746,-23.825287792697466,23.825287792697466,567.6443384048589,0.1965134262017277
2023-06-07,2023,6,7,Monsoon,Moderate,False,False,2,109.41,102.27323494158391,7.136765058416088,7.136765058416088,50.9334154990288,0.06522954993525353
2023-06-08,2023,6,8,Monsoon,Moderate,False,False,2,115.73,111.31199729447661,4.418002705523392,4.418002705523392,19.518747906012013,0.038175086023705104
2023-06-09,2023,6,9,Monsoon,Moderate,False,False,2,80.17,86.56442432861891,-6.394424328618911,6.394424328618911,40.888662494433405,0.07976081238142585
2023-06-10,2023,6,10,Monsoon,Moderate,False,False,2,88.66,86.90958158251571,1.7504184174842834,1.7504184174842834,3.063964636268183,0.019743045538961012
2023-06-11,2023,6,11,Monsoon,High,False,False,2,130.69,161.9908733216497,-31.300873321649703,31.300873321649703,979.7446706979622,0.23950473120858293
2023-06-12,2023,6,12,Monsoon,Moderate,False,False,2,81.66,98.92695331421373,-17.266953314213737,17.266953314213737,298.1476767552368,0.21144934256935755
2023-06-13,2023,6,13,Monsoon,Moderate,False,False,2,106.68,117.44056777483756,-10.760567774837554,10.760567774837554,115.78981883687243,0.10086771442479896
2023-06-14,2023,6,14,Monsoon,Moderate,False,False,2,84.1,97.85669754647459,-13.756697546474598,13.756697546474598,189.24672738518024,0.163575476176868
2023-06-15,2023,6,15,Monsoon,Moderate,False,False,2,90.34,118.40493977353948,-28.06493977353948,28.06493977353948,787.6408444923982,0.310659063244847
2023-06-16,2023,6,16,Monsoon,Moderate,False,False,2,67.99,97.45003958394963,-29.460039583949637,29.460039583949637,867.8939322878795,0.43329959676348934
2023-06-17,2023,6,17,Monsoon,Moderate,False,False,2,78.56,94.36301526708148,-15.803015267081477,15.803015267081477,249.73529153161024,0.20115854464207583
2023-06-18,2023,6,18,Monsoon,High,False,False,2,129.04,95.04785169880799,33.992148301192,33.992148301192,1155.4661461302303,0.263423343933602
2023-06-19,2023,6,19,Monsoon,Moderate,False,False,2,69.16,101.21200732167954,-32.05200732167954,32.05200732167954,1027.3311733489988,0.46344718510236466
2023-06-20,2023,6,20,Monsoon,Moderate,False,False,2,80.48,87.61252764120937,-7.132527641209364,7.132527641209364,50.87295055261562,0.08862484643649807
2023-06-21,2023,6,21,Monsoon,High,False,False,2,123.47,108.80551151932009,14.664488480679907,14.664488480679907,215.0472223999937,0.11876964834113475
2023-06-22,2023,6,22,Monsoon,High,False,False,2,131.64,97.66648965838964,33.97351034161035,33.97351034161035,1154.1994049315053,0.25807892997273135
2023-06-23,2023,6,23,Monsoon,High,False,False,2,122.07,107.99878981630509,14.071210183694902,14.071210183694902,197.9989560337191,0.11527164892024988
2023-06-24,2023,6,24,Monsoon,Moderate,False,False,2,96.61,74.91836696328035,21.69163303671965,21.69163303671965,470.5269437997074,0.22452782358678863
2023-06-25,2023,6,25,Monsoon,Moderate,False,False,2,99.85,95.25938491966606,4.590615080333933,4.590615080333933,21.07374681578932,0.045975113473549656
2023-06-26,2023,6,26,Monsoon,Moderate,False,False,2,79.04,83.18337691693034,-4.143376916930336,4.143376916930336,17.167572275751137,0.05242126666156801
2023-06-27,2023,6,27,Monsoon,Moderate,False,False,2,114.38,121.94402541448602,-7.564025414486025,7.564025414486025,57.21448047099048,0.06613066457847548
2023-06-28,2023,6,28,Monsoon,Moderate,False,False,2,119.49,118.5715036153627,0.9184963846372938,0.9184963846372938,0.8436356085917796,0.007686805461857007
2023-06-29,2023,6,29,Monsoon,Moderate,False,False,2,97.37,100.44819246212636,-3.078192462126353,3.078192462126353,9.475268833891498,0.03161335588093204
2023-06-30,2023,6,30,Monsoon,Moderate,False,False,2,93.92,119.49677844706238,-25.57677844706238,25.57677844706238,654.1715957301147,0.2723251538230662
2023-07-01,2023,7,1,Monsoon,Low,False,False,2,46.86,92.80217153368814,-45.94217153368814,45.94217153368814,2110.6831252308248,0.9804133916706816
2023-07-02,2023,7,2,Monsoon,Low,False,False,2,42.9,62.755605449096784,-19.855605449096785,19.855605449096785,394.24506775020194,0.46283462585307195
2023-07-03,2023,7,3,Monsoon,Low,False,False,2,29.12,45.184225241407674,-16.064225241407673,16.064225241407673,258.0593326066794,0.551656086586802
2023-07-04,2023,7,4,Monsoon,Low,False,False,2,28.39,47.378464250621704,-18.988464250621703,18.988464250621703,360.5617745971384,0.6688434043896337
2023-07-05,2023,7,5,Monsoon,Low,False,False,2,22.37,46.041230503948434,-23.671230503948433,23.671230503948433,560.3271535710588,1.0581685518081552
2023-07-06,2023,7,6,Monsoon,Low,False,False,2,51.22,45.256464417530715,5.963535582469284,5.963535582469284,35.56375664337726,0.11642982394512463
2023-07-07,2023,7,7,Monsoon,Low,False,False,2,48.24,40.32034971255334,7.9196502874466645,7.9196502874466645,62.720860675454034,0.16417185504657264
2023-07-08,2023,7,8,Monsoon,Low,False,False,2,41.59,39.798114814875,1.791885185125004,1.791885185125004,3.2108525166704696,0.04308451995972599
2023-07-09,2023,7,9,Monsoon,Low,False,False,2,58.8,39.82369721529742,18.976302784702575,18.976302784702575,360.10006737671074,0.3227262378350778
2023-07-10,2023,7,10,Monsoon,Low,False,False,2,41.95,41.40105094790438,0.5489490520956224,0.5489490520956224,0.30134506179668236,0.013085793852100652
2023-07-11,2023,7,11,Monsoon,Low,False,False,2,32.07,39.6289058389368,-7.558905838936802,7.558905838936802,57.137057481912876,0.23570021325029006
2023-07-12,2023,7,12,Monsoon,Low,False,False,2,28.71,39.064521721020114,-10.354521721020113,10.354521721020113,107.21612007107733,0.36065906377638846
2023-07-13,2023,7,13,Monsoon,Low,False,False,2,42.14,46.54111586339009,-4.401115863390089,4.401115863390089,19.369820842983888,0.1044403384762717
2023-07-14,2023,7,14,Monsoon,Low,False,False,2,27.03,40.33039963827851,-13.300399638278506,13.300399638278506,176.90063053791903,0.4920606599437109
2023-07-15,2023,7,15,Monsoon,Low,False,False,2,42.21,40.04574523798944,2.1642547620105574,2.1642547620105574,4.683998674885375,0.0512735077472295
2023-07-16,2023,7,16,Monsoon,Low,False,False,2,31.48,37.93952548720202,-6.4595254872020185,6.4595254872020185,41.72546951981247,0.20519458345622676
2023-07-17,2023,7,17,Monsoon,Low,False,False,2,55.16,42.295227971766835,12.864772028233162,12.864772028233162,165.50235933841037,0.2332264689672437
2023-07-18,2023,7,18,Monsoon,Low,False,False,2,33.31,42.400289278964244,-9.090289278964242,9.090289278964242,82.63335917525224,0.2728997081646425
2023-07-19,2023,7,19,Monsoon,Low,False,False,2,31.51,43.51374834581131,-12.003748345811307,12.003748345811307,144.08997434956768,0.38095043941007
2023-07-20,2023,7,20,Monsoon,Low,False,False,2,42.4,40.0746306598556,2.3253693401443982,2.3253693401443982,5.407342568083594,0.05484361651283958
2023-07-21,2023,7,21,Monsoon,Moderate,False,False,2,60.56,47.7931722900157,12.766827709984305,12.766827709984305,162.9918897764231,0.21081287499974083
2023-07-22,2023,7,22,Monsoon,Low,False,False,2,35.38,41.155314725750586,-5.775314725750583,5.775314725750583,33.35426018147153,0.16323670790702607
2023-07-23,2023,7,23,Monsoon,Low,False,False,2,28.23,51.58839557344138,-23.35839557344138,23.35839557344138,545.6146437653659,0.8274316533277145
2023-07-24,2023,7,24,Monsoon,Low,False,False,2,41.48,49.21704014040196,-7.737040140401966,7.737040140401966,59.861790134191274,0.18652459354874557
2023-07-25,2023,7,25,Monsoon,Moderate,False,False,2,62.24,47.75489857288584,14.48510142711416,14.48510142711416,209.81816335378466,0.23272977871327377
2023-07-26,2023,7,26,Monsoon,Low,False,False,2,59.42,44.55093676595645,14.869063234043551,14.869063234043551,221.08904145798567,0.25023667509329434
2023-07-27,2023,7,27,Monsoon,Low,False,False,2,54.48,41.77955615787823,12.700443842121764,12.700443842121764,161.30127378688863,0.2331212158979766
2023-07-28,2023,7,28,Monsoon,Low,False,False,2,22.94,40.17206237976275,-17.23206237976275,17.23206237976275,296.9439738600346,0.7511797026923603
2023-07-29,2023,7,29,Monsoon,Low,False,False,2,24.18,46.436048950638394,-22.256048950638395,22.256048950638395,495.3317148932124,0.9204321319536144
2023-07-30,2023,7,30,Monsoon,Low,False,False,2,55.29,49.544441276948035,5.745558723051964,5.745558723051964,33.01144504003852,0.10391677921960507
2023-07-31,2023,7,31,Monsoon,Moderate,False,False,2,60.06,48.05526256331473,12.004737436685275,12.004737436685275,144.11372092375294,0.199879078199888
2023-08-01,2023,8,1,Monsoon,Low,False,False,2,39.67,41.848777479414665,-2.178777479414663,2.178777479414663,4.7470713048045114,0.054922548006419526
2023-08-02,2023,8,2,Monsoon,Low,False,False,2,37.24,43.2876855748682,-6.047685574868197,6.047685574868197,36.57450081246888,0.16239757182782483
2023-08-03,2023,8,3,Monsoon,Low,False,False,2,30.02,42.318345958710424,-12.298345958710424,12.298345958710424,151.24931332012903,0.40967175078982093
2023-08-04,2023,8,4,Monsoon,Low,False,False,2,53.14,45.01628909290308,8.123710907096921,8.123710907096921,65.99467890208548,0.1528737468403636
2023-08-05,2023,8,5,Monsoon,Low,False,False,2,53.06,40.477857478804744,12.582142521195259,12.582142521195259,158.3103104236698,0.23713046591020087
2023-08-06,2023,8,6,Monsoon,Low,False,False,2,54.5,47.86619696522838,6.633803034771617,6.633803034771617,44.00734270414512,0.12172115660131408
2023-08-07,2023,8,7,Monsoon,Moderate,False,False,2,60.47,46.34446055287198,14.12553944712802,14.12553944712802,199.53086467236977,0.23359582350137292
2023-08-08,2023,8,8,Monsoon,Low,False,False,2,47.48,47.856527150402506,-0.3765271504025094,0.3765271504025094,0.14177269499023393,0.007930226419597924
2023-08-09,2023,8,9,Monsoon,Low,False,False,2,31.38,50.72810217184805,-19.34810217184805,19.34810217184805,374.34905765227126,0.6165743203265791
2023-08-10,2023,8,10,Monsoon,Low,False,False,2,36.83,47.75540217712,-10.925402177119999,10.925402177119999,119.3644127318184,0.29664409929731195
2023-08-11,2023,8,11,Monsoon,Low,False,False,2,31.86,41.2242214179044,-9.364221417904403,9.364221417904403,87.68864276353955,0.29391780972706855
2023-08-12,2023,8,12,Monsoon,Low,False,False,2,58.69,42.79482085874347,15.895179141256527,15.895179141256527,252.65671993263658,0.27083283593894236
2023-08-13,2023,8,13,Monsoon,Low,False,False,2,43.49,41.57275647136049,1.91724352863951,1.91724352863951,3.6758227481100794,0.04408469829017038
2023-08-14,2023,8,14,Monsoon,Low,False,False,2,31.8,41.349229333838075,-9.549229333838074,9.549229333838074,91.18778087023355,0.3002902306238388
2023-08-15,2023,8,15,Monsoon,Low,False,False,2,49.06,46.98619360782422,2.0738063921757828,2.0738063921757828,4.300672952229137,0.042270819245327815
2023-08-16,2023,8,16,Monsoon,Low,False,False,2,29.53,40.02528753312661,-10.495287533126607,10.495287533126607,110.15106040300279,0.3554110238105861
2023-08-17,2023,8,17,Monsoon,Moderate,False,False,2,65.94,41.96779538802275,23.972204611977247,23.972204611977247,574.6665939585032,0.3635457175004132
2023-08-18,2023,8,18,Monsoon,Low,False,False,2,27.67,44.101896078042635,-16.431896078042634,16.431896078042634,270.0072087195929,0.5938524061453788
2023-08-19,2023,8,19,Monsoon,Low,False,False,2,37.6,43.36143809036312,-5.7614380903631215,5.7614380903631215,33.19416886908705,0.15322973644582769
2023-08-20,2023,8,20,Monsoon,Low,False,False,2,29.97,42.23150387670792,-12.26150387670792,12.26150387670792,150.34447731852336,0.4091259218120761
2023-08-21,2023,8,21,Monsoon,Low,False,False,2,35.15,42.38502737442722,-7.235027374427219,7.235027374427219,52.345621108711214,0.20583292672623668
2023-08-22,2023,8,22,Monsoon,Low,False,False,2,53.04,43.562532311070946,9.477467688929053,9.477467688929053,89.82239379469421,0.17868528825281021
2023-08-23,2023,8,23,Monsoon,Low,False,False,2,33.81,42.70388342071742,-8.893883420717415,8.893883420717415,79.10116230131212,0.26305481871391345
2023-08-24,2023,8,24,Monsoon,Low,False,False,2,32.07,45.95529553482016,-13.885295534820159,13.885295534820159,192.80143208929664,0.43296836715996756
2023-08-25,2023,8,25,Monsoon,Low,False,False,2,59.7,49.3710032800928,10.328996719907202,10.328996719907202,106.68817323985374,0.17301502043395647
2023-08-26,2023,8,26,Monsoon,Low,False,False,2,32.28,47.89887283443922,-15.618872834439216,15.618872834439216,243.94918861838332,0.48385603576329667
2023-08-27,2023,8,27,Monsoon,Low,False,False,2,58.62,40.63528262768578,17.984717372314215,17.984717372314215,323.4500589620207,0.30680172931276384
2023-08-28,2023,8,28,Monsoon,Low,False,False,2,43.87,50.96805646002684,-7.098056460026839,7.098056460026839,50.38240550972875,0.16179750307788557
2023-08-29,2023,8,29,Monsoon,Low,False,False,2,43.96,43.854605929210784,0.1053940707892167,0.1053940707892167,0.01110791015752242,0.0023974993355144834
2023-08-30,2023,8,30,Monsoon,Low,False,False,2,47.72,43.033226624535125,4.686773375464874,4.686773375464874,21.96584467296641,0.09821402714721027
2023-08-31,2023,8,31,Monsoon,Low,False,False,2,29.23,44.04458904545553,-14.81458904545553,14.81458904545553,219.47204858573102,0.5068282259820571
2023-09-01,2023,9,1,Monsoon,Low,False,False,2,32.59,40.73955020867259,-8.149550208672586,8.149550208672586,66.4151686036754,0.2500629091338627
2023-09-02,2023,9,2,Monsoon,Moderate,False,False,2,61.23,41.82361020215372,19.406389797846273,19.406389797846273,376.6079649859519,0.316942508539054
2023-09-03,2023,9,3,Monsoon,Low,False,False,2,53.8,48.69488365876873,5.105116341231266,5.105116341231266,26.06221285750651,0.09489063831284882
2023-09-04,2023,9,4,Monsoon,Low,False,False,2,30.32,46.114149988455075,-15.794149988455075,15.794149988455075,249.45517385781545,0.5209152370862492
2023-09-05,2023,9,5,Monsoon,Moderate,False,False,2,61.49,50.85006883310647,10.639931166893533,10.639931166893533,113.20813523623237,0.1730351466399989
2023-09-06,2023,9,6,Monsoon,Low,False,False,2,32.33,49.514057741854515,-17.184057741854517,17.184057741854517,295.29184047539013,0.5315204992840865
2023-09-07,2023,9,7,Monsoon,Moderate,False,False,2,62.21,52.855365378183386,9.354634621816615,9.354634621816615,87.50918890769009,0.15037187946980574
2023-09-08,2023,9,8,Monsoon,Low,False,False,2,34.47,46.5617821324664,-12.091782132466399,12.091782132466399,146.21119513903366,0.3507914746871598
2023-09-09,2023,9,9,Monsoon,Low,False,False,2,47.93,45.55531586676061,2.3746841332393913,2.3746841332393913,5.639124732658919,0.049544838999361386
2023-09-10,2023,9,10,Monsoon,Low,False,False,2,57.36,44.38359442619314,12.976405573806858,12.976405573806858,168.38710161592567,0.22622743329509865
2023-09-11,2023,9,11,Monsoon,Low,False,False,2,50.46,43.42979700798515,7.03020299201485,7.03020299201485,49.423754108934546,0.1393222947287921
2023-09-12,2023,9,12,Monsoon,Low,False,False,2,31.92,39.59031171020725,-7.670311710207251,7.670311710207251,58.83368173174249,0.24029798590874846
2023-09-13,2023,9,13,Monsoon,Low,False,False,2,41.95,41.77004160922746,0.1799583907725406,0.1799583907725406,0.03238502240944243,0.004289830530930646
2023-09-14,2023,9,14,Monsoon,Low,False,False,2,59.91,38.591362150978036,21.31863784902196,21.31863784902196,454.4843197377517,0.35584439741315244
2023-09-15,2023,9,15,Monsoon,Low,False,False,2,55.44,45.84288991896145,9.59711008103855,9.59711008103855,92.10452190757178,0.17310804619477907
2023-09-16,2023,9,16,Monsoon,Low,False,False,2,55.27,44.971874410642,10.298125589358001,10.298125589358001,106.05139065419009,0.18632396579261806
2023-09-17,2023,9,17,Monsoon,Low,False,False,2,39.34,49.358051442664355,-10.018051442664351,10.018051442664351,100.36135470786928,0.2546530615827237
2023-09-18,2023,9,18,Monsoon,Low,False,False,2,48.46,48.21071740765696,0.24928259234304306,0.24928259234304306,0.06214181084526779,0.005144089813104479
2023-09-19,2023,9,19,Monsoon,Low,False,False,2,48.52,41.8957814880018,6.624218511998201,6.624218511998201,43.88027089469966,0.13652552580375515
2023-09-20,2023,9,20,Monsoon,Low,False,False,2,21.99,37.708395539779694,-15.718395539779696,15.718395539779696,247.06795834496623,0.7147974324592858
2023-09-21,2023,9,21,Monsoon,Low,False,False,2,40.18,38.857290619074,1.3227093809259998,1.3227093809259998,1.7495601063896415,0.032919596339621694
2023-09-22,2023,9,22,Monsoon,Moderate,False,False,2,60.45,51.33561225887814,9.11438774112186,9.11438774112186,83.07206389551244,0.1507756450144228
2023-09-23,2023,9,23,Monsoon,Low,False,False,2,24.44,40.79150645390277,-16.35150645390277,16.35150645390277,267.37176331202386,0.6690469089158252
2023-09-24,2023,9,24,Monsoon,Low,False,False,2,33.16,44.59645440269591,-11.436454402695915,11.436454402695915,130.7924893049428,0.3448870447133871
2023-09-25,2023,9,25,Monsoon,Low,False,False,2,28.58,40.774247089364245,-12.194247089364247,12.194247089364247,148.6996620764684,0.4266706469336686
2023-09-26,2023,9,26,Monsoon,Low,False,False,2,22.81,43.59721788992751,-20.787217889927508,20.787217889927508,432.10842760332224,0.9113203809700793
2023-09-27,2023,9,27,Monsoon,Low,False,False,2,48.12,40.40334094493884,7.716659055061157,7.716659055061157,59.54682697205735,0.16036282325563503
2023-09-28,2023,9,28,Monsoon,Low,False,False,2,53.37,49.098403541093624,4.271596458906373,4.271596458906373,18.246536307741465,0.08003740788657249
2023-09-29,2023,9,29,Monsoon,Low,False,False,2,37.29,41.310979354116746,-4.020979354116747,4.020979354116747,16.16827496623313,0.10782996390766283
2023-09-30,2023,9,30,Monsoon,Low,False,False,2,49.6,46.630616306861384,2.9693836931386173,2.9693836931386173,8.817239517077534,0.05986660671650438
2023-10-01,2023,10,1,Post-Monsoon,High,True,False,2,174.18,71.36385208740131,102.8161479125987,102.8161479125987,10571.160271585373,0.5902867603203508
2023-10-02,2023,10,2,Post-Monsoon,High,True,False,2,154.64,139.71542513030548,14.92457486969451,14.92457486969451,222.7429350411169,0.09651173609476534
2023-10-03,2023,10,3,Post-Monsoon,High,True,False,2,199.2,195.52468200170196,3.675317998298027,3.675317998298027,13.507962388613416,0.018450391557721022
2023-10-04,2023,10,4,Post-Monsoon,High,False,False,2,126.65,173.76399841095318,-47.11399841095317,47.11399841095317,2219.728846267298,0.37200156660839456
2023-10-05,2023,10,5,Post-Monsoon,High,True,False,2,222.5,198.63406561314244,23.86593438685756,23.86593438685756,569.5828241577901,0.1072626264577868
2023-10-06,2023,10,6,Post-Monsoon,High,True,False,2,158.65,143.07691343564545,15.573086564354554,15.573086564354554,242.52102514088034,0.0981600161635963
2023-10-07,2023,10,7,Post-Monsoon,High,True,False,2,174.47,188.5565981040228,-14.086598104022812,14.086598104022812,198.4322461442591,0.08073937126166568
2023-10-08,2023,10,8,Post-Monsoon,High,False,False,2,140.21,196.4701400592099,-56.2601400592099,56.2601400592099,3165.203359481915,0.4012562588917331
2023-10-09,2023,10,9,Post-Monsoon,High,True,False,2,167.07,146.48508168954604,20.584918310453958,20.584918310453958,423.73886184806264,0.1232113384237383
2023-10-10,2023,10,10,Post-Monsoon,High,False,False,2,124.27,142.49764557867672,-18.22764557867673,18.22764557867673,332.2470633418533,0.14667776276395533
2023-10-11,2023,10,11,Post-Monsoon,High,False,False,2,131.91,152.9310361517902,-21.021036151790213,21.021036151790213,441.8839608948711,0.15935892769153373
2023-10-12,2023,10,12,Post-Monsoon,Moderate,False,False,2,117.22,141.84143386423807,-24.62143386423807,24.62143386423807,606.2150055310493,0.21004464992525226
2023-10-13,2023,10,13,Post-Monsoon,High,False,False,2,138.11,133.54417373305463,4.565826266945379,4.565826266945379,20.846769499928374,0.03305934593400462
2023-10-14,2023,10,14,Post-Monsoon,High,True,False,2,197.03,187.05041954698012,9.979580453019878,9.979580453019878,99.59202601829644,0.0506500555906201
2023-10-15,2023,10,15,Post-Monsoon,High,True,False,2,209.04,210.73623592114274,-1.696235921142744,1.696235921142744,2.877216300174973,0.008114408348367508
2023-10-16,2023,10,16,Post-Monsoon,High,False,False,2,123.9,147.3040957895437,-23.404095789543703,23.404095789543703,547.7516997261373,0.18889504269203958
2023-10-17,2023,10,17,Post-Monsoon,High,True,False,2,230.08,206.2352162394653,23.84478376053471,23.84478376053471,568.5737125866599,0.10363692524571762
2023-10-18,2023,10,18,Post-Monsoon,High,True,False,2,179.33,195.7350231629293,-16.405023162929297,16.405023162929297,269.12478497624676,0.0914795246915145
2023-10-19,2023,10,19,Post-Monsoon,High,True,False,2,172.88,160.38083083860136,12.49916916139864,12.49916916139864,156.2292297252588,0.07229968279383758
2023-10-20,2023,10,20,Post-Monsoon,High,True,False,2,180.4,204.59448591459542,-24.19448591459542,24.19448591459542,585.3731486715561,0.1341157755797972
2023-10-21,2023,10,21,Post-Monsoon,High,True,False,2,210.06,230.61823814915738,-20.558238149157376,20.558238149157376,422.64115579746965,0.09786840973606291
2023-10-22,2023,10,22,Post-Monsoon,High,True,False,2,182.07,167.5274088619403,14.542591138059692,14.542591138059692,211.48695700877226,0.07987362628692092
2023-10-23,2023,10,23,Post-Monsoon,High,False,False,2,121.64,134.46919366525225,-12.829193665252248,12.829193665252248,164.58821010054842,0.1054685437787919
2023-10-24,2023,10,24,Post-Monsoon,High,True,False,2,153.94,169.9764727102074,-16.03647271020739,16.03647271020739,257.1684569852264,0.10417352676502138
2023-10-25,2023,10,25,Post-Monsoon,High,True,False,2,216.04,185.74580007263887,30.29419992736112,30.29419992736112,917.7385492389265,0.1402249580048191
2023-10-26,2023,10,26,Post-Monsoon,High,True,False,2,172.16,149.41145085189657,22.74854914810342,22.74854914810342,517.4964883436769,0.132136089382571
2023-10-27,2023,10,27,Post-Monsoon,High,True,False,2,188.76,145.55502202750674,43.20497797249325,43.20497797249325,1866.6701216036272,0.2288884190108776
2023-10-28,2023,10,28,Post-Monsoon,High,True,False,2,177.12,172.91387309856057,4.206126901439433,4.206126901439433,17.691503511012485,0.023747328937666172
2023-10-29,2023,10,29,Post-Monsoon,High,True,False,2,214.59,203.3240695194514,11.265930480548604,11.265930480548604,126.92118959255411,0.05249979253715739
2023-10-30,2023,10,30,Post-Monsoon,High,True,False,2,210.88,204.592281242455,6.287718757545008,6.287718757545008,39.53540717398334,0.029816572256947116
2023-10-31,2023,10,31,Post-Monsoon,High,True,False,2,203.24,223.22473415012198,-19.984734150121966,19.984734150121966,399.38959905105116,0.09833071319682132
2023-11-01,2023,11,1,Post-Monsoon,Extreme,True,True,2,302.24,305.16914020261095,-2.929140202610938,2.929140202610938,8.579862326551648,0.009691437938760383
2023-11-02,2023,11,2,Post-Monsoon,Extreme,True,True,2,393.07,357.6294144191886,35.44058558081139,35.44058558081139,1256.035106310816,0.09016354741092271
2023-11-03,2023,11,3,Post-Monsoon,High,True,False,2,196.21,211.7292012919085,-15.519201291908502,15.519201291908502,240.8456087387745,0.07909485394173844
2023-11-04,2023,11,4,Post-Monsoon,Extreme,True,True,2,298.38,329.5886498726177,-31.208649872617684,31.208649872617684,973.9798268716398,0.10459363855693306
2023-11-05,2023,11,5,Post-Monsoon,Extreme,True,True,2,373.56,348.4305349208353,25.129465079164675,25.129465079164675,631.4900151649568,0.06727022454000608
2023-11-06,2023,11,6,Post-Monsoon,Extreme,True,True,2,366.24,344.43741559224577,21.80258440775424,21.80258440775424,475.3526868572483,0.05953086611990563
2023-11-07,2023,11,7,Post-Monsoon,Extreme,True,True,2,347.66,328.00245791714883,19.657542082851194,19.657542082851194,386.41896073906565,0.05654243249971579
2023-11-08,2023,11,8,Post-Monsoon,Extreme,True,True,2,254.75,215.91692009443713,38.83307990556287,38.83307990556287,1508.0080949518306,0.15243603495804856
2023-11-09,2023,11,9,Post-Monsoon,High,True,False,2,200.48,221.06970307835923,-20.589703078359236,20.589703078359236,423.9358728549958,0.10270203051855166
2023-11-10,2023,11,10,Post-Monsoon,High,True,False,2,227.36,253.86518768593763,-26.505187685937614,26.505187685937614,702.5249742667789,0.11657805984314573
2023-11-11,2023,11,11,Post-Monsoon,Extreme,True,True,2,359.41,312.0788132135418,47.331186786458204,47.331186786458204,2240.2412426145956,0.1316913463355449
2023-11-12,2023,11,12,Post-Monsoon,Extreme,True,True,2,333.74,320.6016469089273,13.138353091072702,13.138353091072702,172.6163219456996,0.03936703149479445
2023-11-13,2023,11,13,Post-Monsoon,Extreme,True,True,2,332.92,347.78419695177456,-14.864196951774545,14.864196951774545,220.9443510211437,0.044647954318678795
2023-11-14,2023,11,14,Post-Monsoon,Extreme,True,True,2,341.35,322.225804792212,19.124195207788034,19.124195207788034,365.7348423455828,0.0560251800433222
2023-11-15,2023,11,15,Post-Monsoon,Extreme,True,True,2,318.23,346.8240129589519,-28.594012958951907,28.594012958951907,817.6175770967096,0.08985329151541938
2023-11-16,2023,11,16,Post-Monsoon,Extreme,True,True,2,334.27,323.3134001202004,10.956599879799569,10.956599879799569,120.04708092602392,0.03277769431836411
2023-11-17,2023,11,17,Post-Monsoon,Extreme,True,True,2,288.06,264.7789267381812,23.28107326181879,23.28107326181879,542.0083722221738,0.08082022239053943
2023-11-18,2023,11,18,Post-Monsoon,Extreme,True,True,2,373.14,356.227793824244,16.912206175756012,16.912206175756012,286.0227177312798,0.045324023625867
2023-11-19,2023,11,19,Post-Monsoon,Extreme,True,True,2,304.92,270.1650109638285,34.75498903617154,34.75498903617154,1207.9092629044037,0.11398068029703376
2023-11-20,2023,11,20,Post-Monsoon,High,True,False,2,239.05,222.6119434109093,16.438056589090706,16.438056589090706,270.2097044261484,0.06876409365860994
2023-11-21,2023,11,21,Post-Monsoon,Extreme,True,True,2,258.06,236.23036495681927,21.82963504318073,21.82963504318073,476.5329661184641,0.08459131614035778
2023-11-22,2023,11,22,Post-Monsoon,Extreme,True,True,2,354.5,310.9928254453187,43.507174554681285,43.507174554681285,1892.8742377315066,0.12272827801038444
2023-11-23,2023,11,23,Post-Monsoon,Extreme,True,True,2,334.19,324.4216780798364,9.7683219201636,9.7683219201636,95.4201131359487,0.02922984505868997
2023-11-24,2023,11,24,Post-Monsoon,Extreme,True,True,2,257.59,243.17341529251155,14.416584707488425,14.416584707488425,207.83791462818914,0.0559671753852573
2023-11-25,2023,11,25,Post-Monsoon,Extreme,True,True,2,291.02,308.491083172533,-17.471083172533042,17.471083172533042,305.2387472215672,0.06003396045815766
2023-11-26,2023,11,26,Post-Monsoon,Extreme,True,True,2,342.92,301.6093998137885,41.3106001862115,41.3106001862115,1706.5656877450178,0.12046716489621924
2023-11-27,2023,11,27,Post-Monsoon,Extreme,True,True,2,257.42,227.30405099744388,30.115949002556135,30.115949002556135,906.9703843245619,0.11699148862775283
2023-11-28,2023,11,28,Post-Monsoon,High,True,False,2,223.39,228.24594611902222,-4.855946119022235,4.855946119022235,23.580212710847107,0.021737526832097388
2023-11-29,2023,11,29,Post-Monsoon,High,True,False,2,231.85,266.07769510642504,-34.227695106425045,34.227695106425045,1171.535112298393,0.1476286180997414
2023-11-30,2023,11,30,Post-Monsoon,Extreme,True,True,2,389.59,355.85157385481716,33.738426145182814,33.738426145182814,1138.2813987539553,0.08659982583018767
2023-12-01,2023,12,1,Winter,Extreme,True,True,2,391.44,349.55031350130935,41.88968649869065,41.88968649869065,1754.7458349585859,0.10701432275365484
2023-12-02,2023,12,2,Winter,Extreme,True,True,2,292.2,265.284573394773,26.91542660522697,26.91542660522697,724.4401893413598,0.09211302739639621
2023-12-03,2023,12,3,Winter,Extreme,True,True,2,269.59,263.3422386604095,6.247761339590454,6.247761339590454,39.034521756481105,0.02317504855369433
2023-12-04,2023,12,4,Winter,Extreme,True,True,2,286.68,291.11994431291254,-4.43994431291253,4.43994431291253,19.71310550176432,0.015487457488881437
2023-12-05,2023,12,5,Winter,Extreme,True,True,2,271.93,217.51237932007075,54.41762067992926,54.41762067992926,2961.2774404646643,0.20011628242536408
2023-12-06,2023,12,6,Winter,Extreme,True,True,2,370.3,324.8395930477468,45.46040695225321,45.46040695225321,2066.648600264472,0.12276642439171809
2023-12-07,2023,12,7,Winter,Extreme,True,True,2,296.98,262.47473690015295,34.50526309984707,34.50526309984707,1190.6131815896679,0.11618716108777381
2023-12-08,2023,12,8,Winter,Extreme,True,True,2,283.64,273.58138780401913,10.058612195980857,10.058612195980857,101.17567930913484,0.035462601170430326
2023-12-09,2023,12,9,Winter,High,True,False,2,211.45,221.6348117646018,-10.184811764601818,10.184811764601818,103.7303906803716,0.04816652525231411
2023-12-10,2023,12,10,Winter,Extreme,True,True,2,271.04,267.27162405989964,3.768375940100384,3.768375940100384,14.200657225927452,0.013903394111940613
2023-12-11,2023,12,11,Winter,Extreme,True,True,2,349.49,348.4810102889148,1.0089897110852348,1.0089897110852348,1.0180602370758656,0.0028870345677565446
2023-12-12,2023,12,12,Winter,Extreme,True,True,2,310.97,304.226278614133,6.7437213858670475,6.7437213858670475,45.47777813020057,0.021686083499588536
2023-12-13,2023,12,13,Winter,Extreme,True,True,2,356.27,331.84185794826567,24.428142051734312,24.428142051734312,596.7341240997102,0.06856637396282121
2023-12-14,2023,12,14,Winter,High,True,False,2,231.44,265.21926275517103,-33.77926275517103,33.77926275517103,1141.0385922828848,0.14595256980284754
2023-12-15,2023,12,15,Winter,Extreme,True,True,2,291.03,308.3608386863963,-17.330838686396305,17.330838686396305,300.3579695738908,0.059550007512614876
2023-12-16,2023,12,16,Winter,High,True,False,2,239.87,217.29132589639124,22.578674103608762,22.578674103608762,509.79652427697295,0.09412879519576754
2023-12-17,2023,12,17,Winter,Extreme,True,True,2,348.44,322.77080651952,25.669193480479976,25.669193480479976,658.9074939383157,0.07366890563792898
2023-12-18,2023,12,18,Winter,Extreme,True,True,2,298.15,313.1619777054981,-15.011977705498111,15.011977705498111,225.35947463037235,0.05035041994129838
2023-12-19,2023,12,19,Winter,Extreme,True,True,2,324.03,344.4589878168241,-20.428987816824133,20.428987816824133,417.34354321994886,0.0630465938858258
2023-12-20,2023,12,20,Winter,Extreme,True,True,2,342.95,346.34633003720194,-3.396330037201949,3.396330037201949,11.535057721600191,0.009903280470045047
2023-12-21,2023,12,21,Winter,High,True,False,2,231.05,227.62604325233468,3.423956747665329,3.423956747665329,11.723479809882939,0.014819115982104865
2023-12-22,2023,12,22,Winter,Extreme,True,True,2,319.08,323.88288820447355,-4.802888204473561,4.802888204473561,23.067735104671268,0.015052301004367436
2023-12-23,2023,12,23,Winter,Extreme,True,True,2,315.93,333.05013912866076,-17.120139128660753,17.120139128660753,293.099163784701,0.054189659508944235
2023-12-24,2023,12,24,Winter,High,True,False,2,213.74,219.14717693754912,-5.40717693754911,5.40717693754911,29.237562433962974,0.02529791773907135
2023-12-25,2023,12,25,Winter,Extreme,True,True,2,308.8,315.556251746994,-6.756251746993996,6.756251746993996,45.64693766875943,0.021879053584825118
2023-12-26,2023,12,26,Winter,Extreme,True,True,2,251.7,242.84038479153904,8.859615208460951,8.859615208460951,78.4927816419926,0.035199106906877047
2023-12-27,2023,12,27,Winter,Extreme,True,True,2,279.4,249.10879454817237,30.291205451827608,30.291205451827608,917.5571277248306,0.10841519488843096
2023-12-28,2023,12,28,Winter,Extreme,True,True,2,302.3,303.118847194109,-0.8188471941089688,0.8188471941089688,0.6705107273001312,0.002708723764832844
2023-12-29,2023,12,29,Winter,High,True,False,2,243.92,226.3264541509913,17.593545849008677,17.593545849008677,309.5328555411705,0.07212834474011429
2023-12-30,2023,12,30,Winter,Extreme,True,True,2,337.92,314.32535772128745,23.59464227871257,23.59464227871257,556.7071442604107,0.06982316015244013
2023-12-31,2023,12,31,Winter,High,True,False,2,227.32,263.37355678095025,-36.05355678095026,36.05355678095026,1299.8589565572045,0.15860266048280072
2024-01-01,2024,1,1,Winter,High,True,False,3,231.43,267.7962056246352,-36.3662056246352,36.3662056246352,1322.5009115332489,0.15713695555734
2024-01-02,2024,1,2,Winter,Extreme,True,True,3,307.74,261.81088141016403,45.92911858983598,45.92911858983598,2109.483934439217,0.14924650220912453
2024-01-03,2024,1,3,Winter,High,True,False,3,231.77,217.40987455515776,14.360125444842254,14.360125444842254,206.21320279160594,0.06195851682634618
2024-01-04,2024,1,4,Winter,Extreme,True,True,3,360.27,347.7908648608523,12.479135139147672,12.479135139147672,155.7288138211102,0.034638285561239275
2024-01-05,2024,1,5,Winter,High,True,False,3,223.45,220.49540311620498,2.9545968837950056,2.9545968837950056,8.729642745731159,0.013222630941127795
2024-01-06,2024,1,6,Winter,Extreme,True,True,3,280.05,306.461065220467,-26.41106522046698,26.41106522046698,697.5443660797606,0.09430839214592744
2024-01-07,2024,1,7,Winter,Extreme,True,True,3,256.53,229.78842662003248,26.74157337996749,26.74157337996749,715.111746836186,0.10424345448862704
2024-01-08,2024,1,8,Winter,Extreme,True,True,3,330.14,359.01907738273655,-28.87907738273657,28.87907738273657,834.0011104780868,0.08747524499526434
2024-01-09,2024,1,9,Winter,Extreme,True,True,3,267.41,262.62698521585577,4.783014784144257,4.783014784144257,22.877230425342532,0.017886446969613164
2024-01-10,2024,1,10,Winter,Extreme,True,True,3,382.03,356.72684548813265,25.30315451186732,25.30315451186732,640.2496282514314,0.0662334227989093
2024-01-11,2024,1,11,Winter,High,True,False,3,248.9,262.0964920983218,-13.196492098321784,13.196492098321784,174.14740370106927,0.05301925310695775
2024-01-12,2024,1,12,Winter,Extreme,True,True,3,290.16,285.08114044486734,5.078859555132681,5.078859555132681,25.79481438076253,0.017503651623699615
2024-01-13,2024,1,13,Winter,Extreme,True,True,3,273.11,224.16398419144878,48.94601580855124,48.94601580855124,2395.712463530948,0.17921722312823124
2024-01-14,2024,1,14,Winter,Extreme,True,True,3,370.8,363.90415346860823,6.895846531391783,6.895846531391783,47.55269938450808,0.018597212867831128
2024-01-15,2024,1,15,Winter,Extreme,True,True,3,316.52,312.18413132070555,4.335868679294435,4.335868679294435,18.79975720408647,0.01369856147887791
2024-01-16,2024,1,16,Winter,High,True,False,3,202.84,211.48623167012673,-8.646231670126724,8.646231670126724,74.75732209350237,0.04262587098267957
2024-01-17,2024,1,17,Winter,High,True,False,3,218.66,258.15351965530255,-39.49351965530255,39.49351965530255,1559.7380947637687,0.18061611476860218
2024-01-18,2024,1,18,Winter,High,True,False,3,238.68,256.78385823420695,-18.10385823420694,18.10385823420694,327.7496829642624,0.07584991718705773
2024-01-19,2024,1,19,Winter,High,True,False,3,237.98,317.0877829901982,-79.10778299019822,79.10778299019822,6258.041329624294,0.33241357672996985
2024-01-20,2024,1,20,Winter,Extreme,True,True,3,267.32,300.22450722868643,-32.90450722868644,32.90450722868644,1082.7065959626782,0.12309033079712121
2024-01-21,2024,1,21,Winter,Extreme,True,True,3,287.89,264.2787419379879,23.611258062012098,23.611258062012098,557.4915072709313,0.08201486005770293
2024-01-22,2024,1,22,Winter,Extreme,True,True,3,367.43,323.72364721768594,43.70635278231407,43.70635278231407,1910.2452735320928,0.11895150853853542
2024-01-23,2024,1,23,Winter,Extreme,True,True,3,316.79,313.88540528511936,2.904594714880659,2.904594714880659,8.436670457712657,0.009168833343478832
2024-01-24,2024,1,24,Winter,High,True,False,3,214.99,221.50250939086087,-6.512509390860856,6.512509390860856,42.41277856605084,0.030292150290063984
2024-01-25,2024,1,25,Winter,High,True,False,3,248.97,261.2080140433242,-12.238014043324227,12.238014043324227,149.768987724601,0.04915457301411506
2024-01-26,2024,1,26,Winter,Extreme,True,True,3,258.45,219.4424673048378,39.00753269516218,39.00753269516218,1521.5876069641467,0.15092873938929072
2024-01-27,2024,1,27,Winter,Extreme,True,True,3,296.36,313.5591975612913,-17.19919756129127,17.19919756129127,295.81239675232763,0.05803481428428692
2024-01-28,2024,1,28,Winter,Extreme,True,True,3,323.21,324.26648964043824,-1.056489640438258,1.056489640438258,1.1161703603533597,0.0032687405725016494
2024-01-29,2024,1,29,Winter,High,True,False,3,226.45,240.2768373778463,-13.826837377846317,13.826837377846317,191.18143187340803,0.06105911847139023
2024-01-30,2024,1,30,Winter,Extreme,True,True,3,284.9,247.36048407374747,37.539515926252506,37.539515926252506,1409.2152559773656,0.13176383266497896
2024-01-31,2024,1,31,Winter,Extreme,True,True,3,291.33,310.3832097219783,-19.053209721978305,19.053209721978305,363.02480070968863,0.0654007816633313
2024-02-01,2024,2,1,Winter,Moderate,False,False,3,118.78,175.93038937332585,-57.15038937332585,57.15038937332585,3266.1670055227564,0.4811448844361496
2024-02-02,2024,2,2,Winter,High,True,False,3,185.92,159.3908575918668,26.529142408133197,26.529142408133197,703.7953969110113,0.14269117043961488
2024-02-03,2024,2,3,Winter,High,True,False,3,162.29,148.92810266065618,13.361897339343813,13.361897339343813,178.54030050716327,0.08233346071442364
2024-02-04,2024,2,4,Winter,High,True,False,3,197.2,208.23053094063198,-11.03053094063199,11.03053094063199,121.67261283223966,0.05593575527703849
2024-02-05,2024,2,5,Winter,High,False,False,3,141.66,137.84903157684667,3.8109684231533265,3.8109684231533265,14.523480322271752,0.02690221956200287
2024-02-06,2024,2,6,Winter,High,True,False,3,201.69,198.30366679838136,3.3863332016186405,3.3863332016186405,11.467252552384751,0.016789792263466906
2024-02-07,2024,2,7,Winter,High,True,False,3,174.75,203.6949366955792,-28.9449366955792,28.9449366955792,837.8093603110874,0.16563626149115424
2024-02-08,2024,2,8,Winter,High,True,False,3,233.88,190.88526975723406,42.99473024276594,42.99473024276594,1848.546828648212,0.1838324364749698
2024-02-09,2024,2,9,Winter,High,True,False,3,188.41,212.79296081567563,-24.38296081567563,24.38296081567563,594.5287781387732,0.12941436662425365
2024-02-10,2024,2,10,Winter,High,True,False,3,157.32,150.98287035580236,6.337129644197631,6.337129644197631,40.1592121273684,0.04028178009278942
2024-02-11,2024,2,11,Winter,High,True,False,3,211.01,187.65601735884485,23.35398264115514,23.35398264115514,545.4085052033757,0.11067713682363463
2024-02-12,2024,2,12,Winter,High,True,False,3,160.19,192.23745480634076,-32.04745480634077,32.04745480634077,1027.039359564454,0.20005902245046986
2024-02-13,2024,2,13,Winter,High,True,False,3,207.01,205.0971777169437,1.9128222830563004,1.9128222830563004,3.6588890865567176,0.009240240969307282
2024-02-14,2024,2,14,Winter,High,True,False,3,195.86,198.11263610910672,-2.252636109106703,2.252636109106703,5.074369440051386,0.011501256556247844
2024-02-15,2024,2,15,Winter,High,False,False,3,124.11,137.24890582500356,-13.138905825003562,13.138905825003562,172.63084627831253,0.10586500543875241
2024-02-16,2024,2,16,Winter,High,False,False,3,139.18,152.93058329839357,-13.750583298393565,13.750583298393565,189.07854104606005,0.0987971209828536
2024-02-17,2024,2,17,Winter,High,False,False,3,123.84,130.6613447929119,-6.821344792911901,6.821344792911901,46.53074478378631,0.055081918547415225
2024-02-18,2024,2,18,Winter,High,False,False,3,142.4,142.57452894443952,-0.1745289444395155,0.1745289444395155,0.030460352447171487,0.0012256246098280583
2024-02-19,2024,2,19,Winter,High,True,False,3,170.23,189.405824934073,-19.175824934073006,19.175824934073006,367.712261902216,0.1126465660228691
2024-02-20,2024,2,20,Winter,High,True,False,3,216.76,143.20402845099133,73.55597154900866,73.55597154900866,5410.480950518571,0.33934292096793073
2024-02-21,2024,2,21,Winter,High,False,False,3,127.58,129.79961328145941,-2.2196132814594165,2.2196132814594165,4.926683119231039,0.017397815342995896
2024-02-22,2024,2,22,Winter,High,True,False,3,168.38,138.2823808764785,30.097619123521497,30.097619123521497,905.8666769045669,0.17874818341561646
2024-02-23,2024,2,23,Winter,High,True,False,3,197.0,149.24843012609261,47.751569873907385,47.751569873907385,2280.212425422659,0.24239375570511362
2024-02-24,2024,2,24,Winter,High,False,False,3,126.74,126.1032714342803,0.636728565719693,0.636728565719693,0.4054232664034575,0.005023895894900529
2024-02-25,2024,2,25,Winter,High,True,False,3,190.7,147.3102671481481,43.389732851851875,43.389732851851875,1882.6689169550739,0.2275287511895746
2024-02-26,2024,2,26,Winter,High,True,False,3,153.46,144.76932329742377,8.69067670257624,8.69067670257624,75.52786154870144,0.05663154374153682
2024-02-27,2024,2,27,Winter,High,False,False,3,135.5,153.18738143116437,-17.68738143116437,17.68738143116437,312.8434618914981,0.13053418030379607
2024-02-28,2024,2,28,Winter,High,False,False,3,129.61,122.30689627674298,7.303103723257038,7.303103723257038,53.335323992650814,0.05634676123182654
2024-02-29,2024,2,29,Winter,High,True,False,3,226.3,198.58197845785932,27.71802154214069,27.71802154214069,768.2887182105753,0.1224835242692916
2024-03-01,2024,3,1,Summer,High,False,False,3,124.97,135.96563643251204,-10.995636432512043,10.995636432512043,120.90402055598618,0.08798620815005236
2024-03-02,2024,3,2,Summer,Moderate,False,False,3,85.88,137.79009890356994,-51.910098903569946,51.910098903569946,2694.6583681784136,0.6044492187187931
2024-03-03,2024,3,3,Summer,Moderate,False,False,3,116.91,137.02701743388548,-20.11701743388548,20.11701743388548,404.69439043525233,0.17207268355047028
2024-03-04,2024,3,4,Summer,Moderate,False,False,3,67.27,115.30562501769192,-48.03562501769193,48.03562501769193,2307.4212708403106,0.7140720234531281
2024-03-05,2024,3,5,Summer,Moderate,False,False,3,94.06,116.29748980075766,-22.237489800757658,22.237489800757658,494.50595263880086,0.23641813524088515
2024-03-06,2024,3,6,Summer,Moderate,False,False,3,96.28,110.87742446666475,-14.597424466664748,14.597424466664748,213.0848010599826,0.15161429649631022
2024-03-07,2024,3,7,Summer,Moderate,False,False,3,100.68,114.76490182106254,-14.08490182106253,14.08490182106253,198.38445930897058,0.13989771375707716
2024-03-08,2024,3,8,Summer,Moderate,False,False,3,89.35,121.74577663383779,-32.3957766338378,32.3957766338378,1049.486343709511,0.36257164671334974
2024-03-09,2024,3,9,Summer,Moderate,False,False,3,97.01,91.11718135851626,5.892818641483743,5.892818641483743,34.7253115414183,0.06074444533021072
2024-03-10,2024,3,10,Summer,Moderate,False,False,3,74.25,84.24187419342114,-9.99187419342114,9.99187419342114,99.83754989715536,0.13457069620769213
2024-03-11,2024,3,11,Summer,High,False,False,3,121.49,101.5892779393714,19.900722060628596,19.900722060628596,396.03873853438967,0.16380543304493042
2024-03-12,2024,3,12,Summer,Moderate,False,False,3,79.47,100.85817400420683,-21.38817400420683,21.38817400420683,457.4539872342289,0.2691351957242586
2024-03-13,2024,3,13,Summer,Moderate,False,False,3,108.21,101.02335013574968,7.186649864250313,7.186649864250313,51.647936271329044,0.06641391612836442
2024-03-14,2024,3,14,Summer,High,False,False,3,122.5,119.18173204350677,3.31826795649323,3.31826795649323,11.010902231089757,0.02708790168565902
2024-03-15,2024,3,15,Summer,Moderate,False,False,3,93.16,101.31530008095984,-8.155300080959847,8.155300080959847,66.5089194105037,0.08754079090768406
2024-03-16,2024,3,16,Summer,Moderate,False,False,3,98.71,84.09094020277198,14.619059797228019,14.619059797228019,213.71690935492853,0.14810110219053813
2024-03-17,2024,3,17,Summer,Moderate,False,False,3,108.05,93.03085473326153,15.019145266738462,15.019145266738462,225.57472454339236,0.1390018071886947
2024-03-18,2024,3,18,Summer,Moderate,False,False,3,71.09,94.69506548001164,-23.605065480011632,23.605065480011632,557.1991163156367,0.3320448091153697
2024-03-19,2024,3,19,Summer,High,False,False,3,128.02,105.9896317215926,22.03036827840741,22.03036827840741,485.3371264822594,0.17208536383695833
2024-03-20,2024,3,20,Summer,Moderate,False,False,3,90.83,96.6553705917472,-5.825370591747202,5.825370591747202,33.934942531193144,0.06413487384946825
2024-03-21,2024,3,21,Summer,High,False,False,3,126.06,117.13470365636766,8.92529634363234,8.92529634363234,79.66091482165682,0.07080197004309328
2024-03-22,2024,3,22,Summer,Moderate,False,False,3,102.19,109.58959000258184,-7.399590002581846,7.399590002581846,54.7539322063092,0.07241011843215428
2024-03-23,2024,3,23,Summer,High,False,False,3,127.62,142.30524857863335,-14.685248578633349,14.685248578633349,215.65652581625278,0.11507011893616477
2024-03-24,2024,3,24,Summer,Moderate,False,False,3,109.92,101.20460715184862,8.715392848151382,8.715392848151382,75.95807249760826,0.07928850844388084
2024-03-25,2024,3,25,Summer,Moderate,False,False,3,76.8,91.7743140982995,-14.974314098299502,14.974314098299502,224.23008271453122,0.19497804815494144
2024-03-26,2024,3,26,Summer,Moderate,False,False,3,76.51,95.601536334004,-19.09153633400399,19.09153633400399,364.4867595925945,0.24952994816369087
2024-03-27,2024,3,27,Summer,Moderate,False,False,3,77.47,90.47163922406781,-13.001639224067816,13.001639224067816,169.04262251281875,0.16782805245989177
2024-03-28,2024,3,28,Summer,Moderate,False,False,3,99.23,98.77987114053691,0.4501288594630921,0.4501288594630921,0.20261599012154413,0.004536217469143324
2024-03-29,2024,3,29,Summer,High,False,False,3,126.72,105.85995888627414,20.860041113725856,20.860041113725856,435.14131526633304,0.1646152234353366
2024-03-30,2024,3,30,Summer,Moderate,False,False,3,115.34,115.58231340845064,-0.24231340845064153,0.24231340845064153,0.058715787914967434,0.002100861873163183
2024-03-31,2024,3,31,Summer,High,False,False,3,121.81,116.79289455611121,5.017105443888795,5.017105443888795,25.17134703509858,0.0411879602979131
2024-04-01,2024,4,1,Summer,Moderate,False,False,3,119.29,112.10277037148113,7.187229628518878,7.187229628518878,51.65626973305961,0.06025005975789151
2024-04-02,2024,4,2,Summer,High,False,False,3,134.62,143.87161884914383,-9.251618849143824,9.251618849143824,85.5924513298333,0.06872395520089009
2024-04-03,2024,4,3,Summer,High,False,False,3,131.02,114.84194039544757,16.178059604552445,16.178059604552445,261.7296125684516,0.1234777866322122
2024-04-04,2024,4,4,Summer,Moderate,False,False,3,107.22,92.73837727236364,14.481622727636363,14.481622727636363,209.71739682559408,0.13506456563734717
2024-04-05,2024,4,5,Summer,Moderate,False,False,3,117.0,114.96876592519703,2.031234074802967,2.031234074802967,4.125911866640665,0.017360974998315955
2024-04-06,2024,4,6,Summer,Moderate,False,False,3,66.81,99.82845965155066,-33.01845965155066,33.01845965155066,1090.2186777610787,0.49421433395525605
2024-04-07,2024,4,7,Summer,Moderate,False,False,3,72.56,97.08997470129799,-24.529974701297988,24.529974701297988,601.7196588463194,0.33806470095504393
2024-04-08,2024,4,8,Summer,Moderate,False,False,3,114.11,103.88585165988458,10.22414834011542,10.22414834011542,104.5332092806849,0.08959905652541775
2024-04-09,2024,4,9,Summer,High,False,False,3,120.21,111.58754209993002,8.622457900069975,8.622457900069975,74.34678023847911,0.07172829132409929
2024-04-10,2024,4,10,Summer,Moderate,False,False,3,90.23,94.78879727521227,-4.558797275212271,4.558797275212271,20.782632596482827,0.05052418569447269
2024-04-11,2024,4,11,Summer,Moderate,False,False,3,116.8,95.49661063777741,21.30338936222259,21.30338936222259,453.83439831845857,0.18239203221080985
2024-04-12,2024,4,12,Summer,Moderate,False,False,3,72.99,80.55442228451818,-7.564422284518187,7.564422284518187,57.22048449851535,0.10363641984543345
2024-04-13,2024,4,13,Summer,Moderate,False,False,3,102.45,108.43430723438672,-5.984307234386719,5.984307234386719,35.811933075533226,0.05841197886175421
2024-04-14,2024,4,14,Summer,Moderate,False,False,3,83.0,85.92772665146785,-2.92772665146785,2.92772665146785,8.571583345715151,0.03527381507792591
2024-04-15,2024,4,15,Summer,Moderate,False,False,3,71.83,78.86136619561972,-7.031366195619725,7.031366195619725,49.440110576903805,0.09788899061143987
2024-04-16,2024,4,16,Summer,Moderate,False,False,3,92.82,107.25774671324865,-14.437746713248657,14.437746713248657,208.4485301559224,0.15554564440043803
2024-04-17,2024,4,17,Summer,Moderate,False,False,3,67.83,85.12619592676157,-17.29619592676157,17.29619592676157,299.15839353692354,0.2549933057166677
2024-04-18,2024,4,18,Summer,Moderate,False,False,3,79.98,91.70558300375953,-11.725583003759525,11.725583003759525,137.48929677805424,0.14660643915678326
2024-04-19,2024,4,19,Summer,High,False,False,3,127.93,96.73889580095428,31.191104199045725,31.191104199045725,972.8849811557278,0.24381383724728933
2024-04-20,2024,4,20,Summer,Moderate,False,False,3,92.26,102.02741343465036,-9.76741343465035,9.76741343465035,95.40236520338816,0.10586834418654184
2024-04-21,2024,4,21,Summer,Moderate,False,False,3,79.76,84.14972765073868,-4.389727650738678,4.389727650738678,19.26970884765971,0.05503670575148793
2024-04-22,2024,4,22,Summer,Moderate,False,False,3,99.45,84.26898259075686,15.18101740924314,15.18101740924314,230.46328957974328,0.15264974770480783
2024-04-23,2024,4,23,Summer,Moderate,False,False,3,100.68,97.75812058844318,2.92187941155683,2.92187941155683,8.537379295679688,0.029021448267350317
2024-04-24,2024,4,24,Summer,Moderate,False,False,3,90.0,114.36399461333049,-24.36399461333049,24.36399461333049,593.6042335183971,0.2707110512592277
2024-04-25,2024,4,25,Summer,Moderate,False,False,3,113.66,105.66613517454223,7.993864825457763,7.993864825457763,63.90187484769087,0.0703313815366687
2024-04-26,2024,4,26,Summer,Moderate,False,False,3,108.76,121.01395421145307,-12.253954211453063,12.253954211453063,150.15939381638827,0.11266967829581705
2024-04-27,2024,4,27,Summer,Moderate,False,False,3,71.96,71.25987725737711,0.7001227426228809,0.7001227426228809,0.4901718547377847,0.009729332165409684
2024-04-28,2024,4,28,Summer,Moderate,False,False,3,100.54,80.47379148581521,20.066208514184794,20.066208514184794,402.6527241347423,0.19958432976113777
2024-04-29,2024,4,29,Summer,Moderate,False,False,3,101.82,115.2702058570704,-13.4502058570704,13.4502058570704,180.9080375975709,0.13209787720556276
2024-04-30,2024,4,30,Summer,High,False,False,3,130.22,125.29299370599242,4.927006294007583,4.927006294007583,24.275391021190337,0.03783601823074476
2024-05-01,2024,5,1,Summer,Moderate,False,False,3,118.94,103.22720921797686,15.712790782023134,15.712790782023134,246.8917941596312,0.13210686717692227
2024-05-02,2024,5,2,Summer,High,False,False,3,122.91,112.60595680959173,10.304043190408265,10.304043190408265,106.17330606979894,0.08383405085353726
2024-05-03,2024,5,3,Summer,Moderate,False,False,3,103.45,109.47664786059738,-6.026647860597379,6.026647860597379,36.32048443564296,0.05825662504202396
2024-05-04,2024,5,4,Summer,Moderate,False,False,3,91.71,93.78036464448058,-2.070364644480591,2.070364644480591,4.2864097611152445,0.02257512424469078
2024-05-05,2024,5,5,Summer,Moderate,False,False,3,117.86,108.07269319380838,9.787306806191623,9.787306806191623,95.79137451852486,0.08304180219066369
2024-05-06,2024,5,6,Summer,High,False,False,3,123.14,111.50186220936992,11.638137790630083,11.638137790630083,135.44625123369207,0.09451143243974405
2024-05-07,2024,5,7,Summer,Moderate,False,False,3,67.46,75.99121145131029,-8.531211451310298,8.531211451310298,72.78156882696797,0.12646325898770086
2024-05-08,2024,5,8,Summer,Moderate,False,False,3,99.72,97.01222595396369,2.707774046036306,2.707774046036306,7.332040284387827,0.027153771019216868
2024-05-09,2024,5,9,Summer,High,False,False,3,129.96,112.97731625992887,16.98268374007114,16.98268374007114,288.41154701527665,0.13067623684265264
2024-05-10,2024,5,10,Summer,Moderate,False,False,3,102.86,96.94423736722294,5.91576263277706,5.91576263277706,34.996247527361376,0.05751276135307272
2024-05-11,2024,5,11,Summer,Moderate,False,False,3,103.2,80.26802848765163,22.93197151234837,22.93197151234837,525.8753174431571,0.22220902628244543
2024-05-12,2024,5,12,Summer,Moderate,False,False,3,70.93,98.95438831385609,-28.02438831385608,28.02438831385608,785.3663403657931,0.3950992290124923
2024-05-13,2024,5,13,Summer,High,False,False,3,122.32,112.94200805085731,9.377991949142682,9.377991949142682,87.94673299818497,0.07666769088573155
2024-05-14,2024,5,14,Summer,High,False,False,3,124.43,103.44454693067188,20.98545306932813,20.98545306932813,440.38924052497345,0.16865268077897716
2024-05-15,2024,5,15,Summer,Moderate,False,False,3,110.34,112.19601265032935,-1.8560126503293475,1.8560126503293475,3.444782958182569,0.01682085055582153
2024-05-16,2024,5,16,Summer,Moderate,False,False,3,98.74,97.65112129761773,1.0888787023822601,1.0888787023822601,1.1856568285016746,0.011027736503770105
2024-05-17,2024,5,17,Summer,Moderate,False,False,3,79.68,84.25355789109067,-4.573557891090658,4.573557891090658,20.917431783157628,0.05739906991830645
2024-05-18,2024,5,18,Summer,Moderate,False,False,3,109.92,109.62125450576129,0.298745494238716,0.298745494238716,0.08924887032793469,0.0027178447438020014
2024-05-19,2024,5,19,Summer,Moderate,False,False,3,80.52,109.25702611219411,-28.737026112194116,28.737026112194116,825.8166697729264,0.3568930217609801
2024-05-20,2024,5,20,Summer,Moderate,False,False,3,102.97,113.75920371239569,-10.78920371239569,10.78920371239569,116.40691674757294,0.10478006907250355
2024-05-21,2024,5,21,Summer,Moderate,False,False,3,110.87,110.88101316097904,-0.011013160979032932,0.011013160979032932,0.00012128971475009361,9.933400359910644e-05
2024-05-22,2024,5,22,Summer,Moderate,False,False,3,110.4,95.68908693435776,14.710913065642245,14.710913065642245,216.41096322488372,0.13325102414531018
2024-05-23,2024,5,23,Summer,High,False,False,3,132.27,110.4675581624294,21.802441837570612,21.802441837570612,475.3464700806494,0.16483285580683912
2024-05-24,2024,5,24,Summer,Moderate,False,False,3,93.67,92.01032377486354,1.6596762251364652,1.6596762251364652,2.7545251722832265,0.017718332712036565
2024-05-25,2024,5,25,Summer,Moderate,False,False,3,88.32,102.6138270155019,-14.293827015501904,14.293827015501904,204.31349074909207,0.16184133849073715
2024-05-26,2024,5,26,Summer,Moderate,False,False,3,82.96,100.22788272826755,-17.26788272826755,17.26788272826755,298.1797739172008,0.20814709171007176
2024-05-27,2024,5,27,Summer,Moderate,False,False,3,86.83,114.60860536600524,-27.778605366005237,27.778605366005237,771.650916080255,0.3199194445008089
2024-05-28,2024,5,28,Summer,Moderate,False,False,3,104.9,80.9483637362377,23.95163626376231,23.95163626376231,573.6808797115738,0.22832827706160447
2024-05-29,2024,5,29,Summer,High,False,False,3,130.22,103.29561753814266,26.924382461857334,26.924382461857334,724.9223709523708,0.20676073154551786
2024-05-30,2024,5,30,Summer,Moderate,False,False,3,70.15,99.53114907449839,-29.38114907449838,29.38114907449838,863.2519209378971,0.41883320134709023
2024-05-31,2024,5,31,Summer,Moderate,False,False,3,93.47,80.45122457622854,13.018775423771459,13.018775423771459,169.4885135345957,0.13928292953644442
2024-06-01,2024,6,1,Monsoon,Moderate,False,False,3,84.78,98.74463193972171,-13.964631939721713,13.964631939721713,195.0109452118958,0.16471611157963803
2024-06-02,2024,6,2,Monsoon,Moderate,False,False,3,92.06,109.23503470329062,-17.17503470329062,17.17503470329062,294.98181705923713,0.1865634879783904
2024-06-03,2024,6,3,Monsoon,High,False,False,3,128.57,112.19114027426873,16.37885972573126,16.37885972573126,268.2670459151815,0.12739254667287284
2024-06-04,2024,6,4,Monsoon,Moderate,False,False,3,103.0,87.94317117596368,15.056828824036316,15.056828824036316,226.70809423633082,0.14618280411685744
2024-06-05,2024,6,5,Monsoon,Moderate,False,False,3,65.76,85.13604981012948,-19.376049810129473,19.376049810129473,375.4313062446184,0.29464795939977906
2024-06-06,2024,6,6,Monsoon,High,False,False,3,127.46,112.47673566037128,14.983264339628718,14.983264339628718,224.4982102711896,0.11755267801371974
2024-06-07,2024,6,7,Monsoon,Moderate,False,False,3,94.88,110.68695758070334,-15.80695758070334,15.80695758070334,249.8599079581548,0.1665994685993185
2024-06-08,2024,6,8,Monsoon,Moderate,False,False,3,92.21,98.47907170442917,-6.26907170442918,6.26907170442918,39.30126003527459,0.06798689626319467
2024-06-09,2024,6,9,Monsoon,Moderate,False,False,3,100.81,86.61483641229722,14.19516358770278,14.19516358770278,201.50266928164285,0.1408110662404799
2024-06-10,2024,6,10,Monsoon,Moderate,False,False,3,111.99,113.03803417261882,-1.0480341726188271,1.0480341726188271,1.0983756269768297,0.009358283530840497
2024-06-11,2024,6,11,Monsoon,Moderate,False,False,3,110.1,111.88975770310196,-1.7897577031019694,1.7897577031019694,3.203232635812837,0.01625574662217956
2024-06-12,2024,6,12,Monsoon,High,False,False,3,126.77,98.15323691135598,28.61676308864402,28.61676308864402,818.9191296715788,0.22573765945132146
2024-06-13,2024,6,13,Monsoon,Moderate,False,False,3,75.66,94.42688027182936,-18.766880271829365,18.766880271829365,352.1957951371782,0.24804229806805927
2024-06-14,2024,6,14,Monsoon,Moderate,False,False,3,95.03,98.969550893096,-3.9395508930959977,3.9395508930959977,15.520061239293474,0.04145586544350203
2024-06-15,2024,6,15,Monsoon,Moderate,False,False,3,89.07,84.68450169357567,4.385498306424324,4.385498306424324,19.232595395650616,0.04923653650414645
2024-06-16,2024,6,16,Monsoon,High,False,False,3,139.69,115.77324957707123,23.91675042292877,23.91675042292877,572.0109507926636,0.17121304619463648
2024-06-17,2024,6,17,Monsoon,Moderate,False,False,3,94.07,113.64193209586105,-19.571932095861058,19.571932095861058,383.0605259649962,0.20805710742915978
2024-06-18,2024,6,18,Monsoon,Moderate,False,False,3,79.86,89.19628757793109,-9.336287577931088,9.336287577931088,87.16626573783034,0.11690818404621948
2024-06-19,2024,6,19,Monsoon,Moderate,False,False,3,106.28,107.77174650629584,-1.49174650629584,1.49174650629584,2.2253076390458446,0.014036004011063604
2024-06-20,2024,6,20,Monsoon,Moderate,False,False,3,112.57,87.66649381414345,24.903506185856543,24.903506185856543,620.184620348995,0.22122684716937502
2024-06-21,2024,6,21,Monsoon,Moderate,False,False,3,64.76,113.43992900857148,-48.67992900857148,48.67992900857148,2369.735488279559,0.7516974831465638
2024-06-22,2024,6,22,Monsoon,Moderate,False,False,3,74.48,80.32202837778132,-5.842028377781318,5.842028377781318,34.12929556680222,0.07843754535152145
2024-06-23,2024,6,23,Monsoon,Moderate,False,False,3,115.98,111.73874865935468,4.24125134064532,4.24125134064532,17.988212934525723,0.03656881652565373
2024-06-24,2024,6,24,Monsoon,Moderate,False,False,3,111.15,102.73841357520477,8.411586424795232,8.411586424795232,70.75478618179943,0.07567779059644833
2024-06-25,2024,6,25,Monsoon,Moderate,False,False,3,84.12,89.83872448540913,-5.718724485409126,5.718724485409126,32.703809740017874,0.06798293491927158
2024-06-26,2024,6,26,Monsoon,Moderate,False,False,3,88.44,98.2503988624223,-9.810398862422304,9.810398862422304,96.24392583981682,0.11092716940776011
2024-06-27,2024,6,27,Monsoon,Moderate,False,False,3,93.88,76.08625945248063,17.793740547519363,17.793740547519363,316.6172026724347,0.18953707443032983
2024-06-28,2024,6,28,Monsoon,Moderate,False,False,3,73.64,102.04704268807582,-28.40704268807582,28.40704268807582,806.9600742821618,0.3857556041292208
2024-06-29,2024,6,29,Monsoon,Moderate,False,False,3,114.41,104.00030222434187,10.409697775658131,10.409697775658131,108.36180778054184,0.09098590836166534
2024-06-30,2024,6,30,Monsoon,High,False,False,3,130.24,116.18829001919819,14.051709980801817,14.051709980801817,197.4505533845654,0.10789089358723754
2024-07-01,2024,7,1,Monsoon,Low,False,False,3,53.83,95.15641348270725,-41.32641348270725,41.32641348270725,1707.8724513436878,0.7677208523631294
2024-07-02,2024,7,2,Monsoon,Low,False,False,3,49.54,60.643647214457545,-11.103647214457546,11.103647214457546,123.2909814631308,0.22413498616183983
2024-07-03,2024,7,3,Monsoon,Low,False,False,3,24.78,63.928847305557525,-39.148847305557524,39.148847305557524,1532.6322453538587,1.5798566305713286
2024-07-04,2024,7,4,Monsoon,Low,False,False,3,30.6,41.20175170965161,-10.601751709651609,10.601751709651609,112.39713931310081,0.3464624741716212
2024-07-05,2024,7,5,Monsoon,Low,False,False,3,49.2,38.56794247362825,10.632057526371753,10.632057526371753,113.04064724407824,0.21609873021080797
2024-07-06,2024,7,6,Monsoon,Low,False,False,3,25.51,39.59224983522382,-14.082249835223816,14.082249835223816,198.3097604216612,0.5520286097696517
2024-07-07,2024,7,7,Monsoon,Low,False,False,3,52.57,40.69469114416495,11.875308855835051,11.875308855835051,141.02296042147438,0.2258951656046234
2024-07-08,2024,7,8,Monsoon,Moderate,False,False,3,62.66,46.21602324988934,16.443976750110657,16.443976750110657,270.40437135817984,0.26243180258714743
2024-07-09,2024,7,9,Monsoon,Low,False,False,3,50.66,45.42220486403075,5.237795135969243,5.237795135969243,27.434497886383063,0.10339113967566607
2024-07-10,2024,7,10,Monsoon,Low,False,False,3,41.4,38.6952473968604,2.704752603139596,2.704752603139596,7.315686644190421,0.06533218848163276
2024-07-11,2024,7,11,Monsoon,Moderate,False,False,3,67.24,53.105573986810704,14.134426013189291,14.134426013189291,199.7819987223221,0.21020859626991809
2024-07-12,2024,7,12,Monsoon,Low,False,False,3,30.28,45.18127087293873,-14.901270872938731,14.901270872938731,222.04787362869223,0.49211594692664234
2024-07-13,2024,7,13,Monsoon,Low,False,False,3,56.81,42.607676779271834,14.202323220728168,14.202323220728168,201.70598486603453,0.24999688823672184
2024-07-14,2024,7,14,Monsoon,Low,False,False,3,46.02,45.99669728397317,0.023302716026833536,0.023302716026833536,0.0005430165742272445,0.0005063606263979473
2024-07-15,2024,7,15,Monsoon,Low,False,False,3,27.74,39.38574448179199,-11.64574448179199,11.64574448179199,135.62336453518859,0.41981775348925704
2024-07-16,2024,7,16,Monsoon,Low,False,False,3,29.36,42.980544200653476,-13.620544200653477,13.620544200653477,185.51922432195505,0.4639149932102683
2024-07-17,2024,7,17,Monsoon,Low,False,False,3,42.57,47.43137698287141,-4.861376982871413,4.861376982871413,23.63298616959196,0.11419725118326081
2024-07-18,2024,7,18,Monsoon,Low,False,False,3,33.9,41.41553256448527,-7.5155325644852695,7.5155325644852695,56.483229727838534,0.22169712579602566
2024-07-19,2024,7,19,Monsoon,Low,False,False,3,28.45,41.25539285420493,-12.805392854204928,12.805392854204928,163.97808615052264,0.4501016820458674
2024-07-20,2024,7,20,Monsoon,Moderate,False,False,3,61.84,47.81878127896948,14.021218721030522,14.021218721030522,196.5945744229768,0.2267338085548273
2024-07-21,2024,7,21,Monsoon,Low,False,False,3,48.49,49.013308327763625,-0.5233083277636226,0.5233083277636226,0.27385160590675905,0.010792087600817128
2024-07-22,2024,7,22,Monsoon,Low,False,False,3,54.64,43.9735685522005,10.666431447799503,10.666431447799503,113.7727598306062,0.19521287422766295
2024-07-23,2024,7,23,Monsoon,Low,False,False,3,59.89,49.494258967205475,10.395741032794525,10.395741032794525,108.07143162092778,0.1735805816128657
2024-07-24,2024,7,24,Monsoon,Low,False,False,3,25.12,43.30864987154423,-18.188649871544232,18.188649871544232,330.826984149626,0.7240704566697544
2024-07-25,2024,7,25,Monsoon,Low,False,False,3,31.82,39.584235733549555,-7.764235733549555,7.764235733549555,60.28335652612779,0.24400489420331725
2024-07-26,2024,7,26,Monsoon,Low,False,False,3,55.62,39.820104429883315,15.799895570116682,15.799895570116682,249.63670002659276,0.2840686006853053
2024-07-27,2024,7,27,Monsoon,Low,False,False,3,45.81,48.73933345590539,-2.929333455905386,2.929333455905386,8.580994495886593,0.06394528390974429
2024-07-28,2024,7,28,Monsoon,Low,False,False,3,33.95,41.081837713895574,-7.131837713895571,7.131837713895571,50.863109177343205,0.2100688575521523
2024-07-29,2024,7,29,Monsoon,Low,False,False,3,51.19,38.95185722861348,12.23814277138652,12.23814277138652,149.77213849284016,0.23907291993331747
2024-07-30,2024,7,30,Monsoon,Low,False,False,3,42.24,39.84519875342358,2.394801246576421,2.394801246576421,5.735073010603979,0.05669510526932814
2024-07-31,2024,7,31,Monsoon,Low,False,False,3,38.75,46.79804553415445,-8.048045534154447,8.048045534154447,64.77103691982335,0.20769149765559863
2024-08-01,2024,8,1,Monsoon,Low,False,False,3,44.98,43.56945334570231,1.4105466542976899,1.4105466542976899,1.9896418639504068,0.03135941872604913
2024-08-02,2024,8,2,Monsoon,Low,False,False,3,30.14,43.8393425569805,-13.699342556980497,13.699342556980497,187.67198649349695,0.4545236415720138
2024-08-03,2024,8,3,Monsoon,Low,False,False,3,30.54,39.93898497674356,-9.398984976743563,9.398984976743563,88.3409185930512,0.30775982242120375
2024-08-04,2024,8,4,Monsoon,Low,False,False,3,58.07,45.832520466603654,12.237479533396346,12.237479533396346,149.75590533029447,0.21073668905452636
2024-08-05,2024,8,5,Monsoon,Low,False,False,3,56.54,76.34957971039013,-19.809579710390132,19.809579710390132,392.4194483023004,0.3503639849732956
2024-08-06,2024,8,6,Monsoon,Low,False,False,3,35.5,47.15456186314539,-11.654561863145389,11.654561863145389,135.8288122218829,0.3282975172717011
2024-08-07,2024,8,7,Monsoon,Low,False,False,3,35.12,41.446393884045754,-6.326393884045757,6.326393884045757,40.02325957609156,0.1801365001151981
2024-08-08,2024,8,8,Monsoon,Low,False,False,3,57.38,45.51716270258508,11.86283729741492,11.86283729741492,140.72690874493853,0.2067416747545298
2024-08-09,2024,8,9,Monsoon,Low,False,False,3,59.13,47.94349279298961,11.186507207010393,11.186507207010393,125.13794349249548,0.18918496883156424
2024-08-10,2024,8,10,Monsoon,Low,False,False,3,25.52,45.07543468739422,-19.55543468739422,19.55543468739422,382.4150258129411,0.7662787886909962
2024-08-11,2024,8,11,Monsoon,Low,False,False,3,34.61,48.3590381729204,-13.7490381729204,13.7490381729204,189.03605068042233,0.3972562315203814
2024-08-12,2024,8,12,Monsoon,Low,False,False,3,43.81,41.27762838019473,2.532371619805275,2.532371619805275,6.412906020795193,0.05780350650091931
2024-08-13,2024,8,13,Monsoon,Low,False,False,3,40.84,41.02954818851532,-0.1895481885153174,0.1895481885153174,0.035928515769438306,0.004641238700179172
2024-08-14,2024,8,14,Monsoon,Low,False,False,3,27.72,41.20985930300215,-13.489859303002149,13.489859303002149,181.9763040147936,0.4866471610029635
2024-08-15,2024,8,15,Monsoon,Low,False,False,3,30.17,37.493128232967706,-7.323128232967704,7.323128232967704,53.62820711648869,0.242728811168966
2024-08-16,2024,8,16,Monsoon,Low,False,False,3,52.27,40.78969887263456,11.480301127365443,11.480301127365443,131.79731397498827,0.21963461119887973
2024-08-17,2024,8,17,Monsoon,Low,False,False,3,29.71,41.57829851491085,-11.868298514910848,11.868298514910848,140.85650963903504,0.39947150841167445
2024-08-18,2024,8,18,Monsoon,Low,False,False,3,32.31,42.40422324186362,-10.094223241863617,10.094223241863617,101.89334285657962,0.3124179276342809
2024-08-19,2024,8,19,Monsoon,Moderate,False,False,3,62.39,50.84421296988928,11.545787030110723,11.545787030110723,133.305198144673,0.18505829508111435
2024-08-20,2024,8,20,Monsoon,Low,False,False,3,32.65,40.721345011170456,-8.071345011170457,8.071345011170457,65.14661028934623,0.24720811672803852
2024-08-21,2024,8,21,Monsoon,Moderate,False,False,3,67.12,52.4128781539451,14.707121846054903,14.707121846054903,216.2994329947054,0.21911683322489425
2024-08-22,2024,8,22,Monsoon,Low,False,False,3,50.98,46.311434010098154,4.668565989901843,4.668565989901843,21.795508402068176,0.0915764219282433
2024-08-23,2024,8,23,Monsoon,Low,False,False,3,59.03,40.920527138209465,18.109472861790536,18.109472861790536,327.9530073319279,0.306784226017119
2024-08-24,2024,8,24,Monsoon,Low,False,False,3,22.21,39.29692468779226,-17.086924687792262,17.086924687792262,291.9629952862847,0.769334745060435
2024-08-25,2024,8,25,Monsoon,Low,False,False,3,51.05,37.93740760513624,13.11259239486376,13.11259239486376,171.94007931383894,0.2568578333959601
2024-08-26,2024,8,26,Monsoon,Low,False,False,3,53.9,46.52659879227667,7.373401207723326,7.373401207723326,54.3670453700558,0.13679779606165726
2024-08-27,2024,8,27,Monsoon,Moderate,False,False,3,61.74,41.167627788501704,20.572372211498298,20.572372211498298,423.2224984084274,0.3332097863864318
2024-08-28,2024,8,28,Monsoon,Low,False,False,3,25.15,40.50779399734525,-15.357793997345254,15.357793997345254,235.86183646489394,0.610647872657863
2024-08-29,2024,8,29,Monsoon,Low,False,False,3,41.59,49.066918476315806,-7.476918476315802,7.476918476315802,55.90430990147262,0.1797768328039385
2024-08-30,2024,8,30,Monsoon,Low,False,False,3,46.93,38.90004445502088,8.029955544979117,8.029955544979117,64.48018605434088,0.1711049551455171
2024-08-31,2024,8,31,Monsoon,Low,False,False,3,55.26,40.318378478655994,14.941621521344004,14.941621521344004,223.2520536870903,0.2703876496804923
2024-09-01,2024,9,1,Monsoon,Low,False,False,3,36.53,47.30821155304614,-10.778211553046141,10.778211553046141,116.16984428221731,0.2950509595687419
2024-09-02,2024,9,2,Monsoon,Low,False,False,3,32.18,38.651553904700016,-6.471553904700016,6.471553904700016,41.88100994143803,0.201104844770044
2024-09-03,2024,9,3,Monsoon,Low,False,False,3,31.01,42.13534554954524,-11.12534554954524,11.12534554954524,123.7733135967861,0.35876638341003675
2024-09-04,2024,9,4,Monsoon,Low,False,False,3,29.71,50.398967648704385,-20.688967648704384,20.688967648704384,428.03338236913663,0.696363771413813
2024-09-05,2024,9,5,Monsoon,Low,False,False,3,42.82,43.09541673599733,-0.2754167359973323,0.2754167359973323,0.07585437846742424,0.006431964876163762
2024-09-06,2024,9,6,Monsoon,Low,False,False,3,33.32,38.48631010871181,-5.166310108711812,5.166310108711812,26.690760139377858,0.15505132379087072
2024-09-07,2024,9,7,Monsoon,Low,False,False,3,29.21,38.680585479945826,-9.470585479945825,9.470585479945825,89.69198933296069,0.32422408353118193
2024-09-08,2024,9,8,Monsoon,Low,False,False,3,50.94,75.77362370104801,-24.833623701048012,24.833623701048012,616.7088661252535,0.4875073361022382
2024-09-09,2024,9,9,Monsoon,Low,False,False,3,27.56,40.12370940563985,-12.563709405639852,12.563709405639852,157.84679402936328,0.4558675401175563
2024-09-10,2024,9,10,Monsoon,Low,False,False,3,47.86,77.98982863826343,-30.129828638263433,30.129828638263433,907.8065737711194,0.6295409243264403
2024-09-11,2024,9,11,Monsoon,Low,False,False,3,24.33,47.419016939384576,-23.089016939384578,23.089016939384578,533.102703227188,0.9489937089759384
2024-09-12,2024,9,12,Monsoon,Low,False,False,3,22.27,41.88311794281063,-19.61311794281063,19.61311794281063,384.67439543860024,0.8806968092865123
2024-09-13,2024,9,13,Monsoon,Low,False,False,3,52.09,49.425712900386664,2.6642870996133396,2.6642870996133396,7.098425749166061,0.0511477653986051
2024-09-14,2024,9,14,Monsoon,Low,False,False,3,24.81,43.03508031780142,-18.225080317801424,18.225080317801424,332.15355259031287,0.7345860668198881
2024-09-15,2024,9,15,Monsoon,Low,False,False,3,50.66,46.099118016120556,4.56088198387944,4.56088198387944,20.80164447087606,0.09002925353097987
2024-09-16,2024,9,16,Monsoon,Low,False,False,3,23.3,40.39023039442706,-17.090230394427056,17.090230394427056,292.0759749345984,0.7334862830226204
2024-09-17,2024,9,17,Monsoon,Low,False,False,3,40.02,42.10423863392075,-2.084238633920748,2.084238633920748,4.344050683127826,0.05207992588507616
2024-09-18,2024,9,18,Monsoon,Low,False,False,3,48.33,37.393649400550274,10.936350599449725,10.936350599449725,119.60376443408435,0.22628492860438082
2024-09-19,2024,9,19,Monsoon,Moderate,False,False,3,60.23,39.8471274281748,20.382872571825196,20.382872571825196,415.4614942792639,0.3384172766366461
2024-09-20,2024,9,20,Monsoon,Low,False,False,3,42.8,48.704359639676696,-5.904359639676699,5.904359639676699,34.861462754643156,0.13795232802982943
2024-09-21,2024,9,21,Monsoon,Low,False,False,3,25.77,37.64636561128364,-11.876365611283642,11.876365611283642,141.0480601328807,0.46086013237421974
2024-09-22,2024,9,22,Monsoon,Low,False,False,3,43.48,45.445225195426055,-1.9652251954260578,1.9652251954260578,3.862110068737387,0.04519837155993694
2024-09-23,2024,9,23,Monsoon,Moderate,False,False,3,60.01,39.362875371610514,20.647124628389484,20.647124628389484,426.3037554202476,0.34406140023978476
2024-09-24,2024,9,24,Monsoon,Moderate,False,False,3,61.64,49.69243135115531,11.947568648844694,11.947568648844694,142.74439661885663,0.193828174056533
2024-09-25,2024,9,25,Monsoon,Moderate,False,False,3,61.41,45.04591579081301,16.364084209186984,16.364084209186984,267.7832520053628,0.26647263001444366
2024-09-26,2024,9,26,Monsoon,Low,False,False,3,30.26,47.95444248179726,-17.694442481797257,17.694442481797257,313.09329474163144,0.5847469425577414
2024-09-27,2024,9,27,Monsoon,Low,False,False,3,23.81,41.14551653313205,-17.335516533132054,17.335516533132054,300.5201334704948,0.7280771328488893
2024-09-28,2024,9,28,Monsoon,Low,False,False,3,33.12,37.87803839368334,-4.758038393683343,4.758038393683343,22.638929355764766,0.14366057951942462
2024-09-29,2024,9,29,Monsoon,Moderate,False,False,3,60.61,43.427559974340184,17.182440025659815,17.182440025659815,295.2362452353965,0.2834918334542124
2024-09-30,2024,9,30,Monsoon,Low,False,False,3,30.67,43.4668230166279,-12.796823016627897,12.796823016627897,163.75867931889752,0.4172423546341016
2024-10-01,2024,10,1,Post-Monsoon,High,False,False,3,138.22,82.38687381837173,55.83312618162827,55.83312618162827,3117.3379792136247,0.40394390234139976
2024-10-02,2024,10,2,Post-Monsoon,High,False,False,3,124.14,138.74587888055845,-14.60587888055845,14.60587888055845,213.33169787354336,0.1176565078182572
2024-10-03,2024,10,3,Post-Monsoon,High,True,False,3,206.85,170.453356829379,36.39664317062099,36.39664317062099,1324.7156340895115,0.1759566989152574
2024-10-04,2024,10,4,Post-Monsoon,High,False,False,3,131.67,136.97010450933533,-5.300104509335341,5.300104509335341,28.091107809876817,0.0402529392369966
2024-10-05,2024,10,5,Post-Monsoon,High,True,False,3,194.57,154.11334347658516,40.456656523414836,40.456656523414836,1636.7410570535642,0.20792854254723153
2024-10-06,2024,10,6,Post-Monsoon,High,True,False,3,188.94,172.2345464106228,16.705453589377186,16.705453589377186,279.07217962683507,0.08841671212753882
2024-10-07,2024,10,7,Post-Monsoon,High,True,False,3,204.03,186.38437650108986,17.64562349891014,17.64562349891014,311.3680286652897,0.08648543595995756
2024-10-08,2024,10,8,Post-Monsoon,High,True,False,3,165.38,211.93808330200295,-46.558083302002956,46.558083302002956,2167.6551207562466,0.2815218484823011
2024-10-09,2024,10,9,Post-Monsoon,High,False,False,3,135.25,178.51849583321706,-43.26849583321706,43.26849583321706,1872.162731669122,0.3199149414655605
2024-10-10,2024,10,10,Post-Monsoon,High,True,False,3,171.7,196.6082539324829,-24.90825393248292,24.90825393248292,620.421113965051,0.1450684562171399
2024-10-11,2024,10,11,Post-Monsoon,Moderate,False,False,3,113.04,154.06798116963517,-41.02798116963517,41.02798116963517,1683.295238855938,0.3629510011468079
2024-10-12,2024,10,12,Post-Monsoon,High,True,False,3,222.96,210.1696808036086,12.790319196391408,12.790319196391408,163.59226514557855,0.05736598132575981
2024-10-13,2024,10,13,Post-Monsoon,High,True,False,3,160.53,177.38426364915384,-16.854263649153836,16.854263649153836,284.06620315518836,0.10499136391424553
2024-10-14,2024,10,14,Post-Monsoon,Moderate,False,False,3,118.37,140.0472662397702,-21.677266239770205,21.677266239770205,469.90387162988105,0.18313142045932418
2024-10-15,2024,10,15,Post-Monsoon,High,True,False,3,150.74,160.18701818162668,-9.447018181626675,9.447018181626675,89.24615252398496,0.06267094455105927
2024-10-16,2024,10,16,Post-Monsoon,High,True,False,3,159.17,143.52988963950276,15.640110360497232,15.640110360497232,244.61305208853287,0.09826041565934053
2024-10-17,2024,10,17,Post-Monsoon,High,True,False,3,183.5,185.59990250626285,-2.0999025062628505,2.0999025062628505,4.409590535809,0.011443610388353408
2024-10-18,2024,10,18,Post-Monsoon,High,True,False,3,210.67,198.78324514071156,11.88675485928843,11.88675485928843,141.2949410848171,0.05642357649066517
2024-10-19,2024,10,19,Post-Monsoon,High,True,False,3,156.71,156.07549163677083,0.6345083632291733,0.6345083632291733,0.4026008630077645,0.0040489334645470824
2024-10-20,2024,10,20,Post-Monsoon,High,False,False,3,124.83,143.5361213550489,-18.706121355048893,18.706121355048893,349.9189761498162,0.1498527706084186
2024-10-21,2024,10,21,Post-Monsoon,High,False,False,3,134.92,161.5765935175994,-26.65659351759942,26.65659351759942,710.5739779625234,0.19757332876963699
2024-10-22,2024,10,22,Post-Monsoon,High,True,False,3,179.55,196.804433632242,-17.254433632241984,17.254433632241984,297.7154799694433,0.09609821014893892
2024-10-23,2024,10,23,Post-Monsoon,Moderate,False,False,3,111.06,149.47993626915235,-38.419936269152345,38.419936269152345,1476.0915029257278,0.3459385581591243
2024-10-24,2024,10,24,Post-Monsoon,High,True,False,3,169.09,188.5932187224658,-19.50321872246579,19.50321872246579,380.37554053634005,0.1153422362201537
2024-10-25,2024,10,25,Post-Monsoon,High,False,False,3,139.12,163.0922698959597,-23.9722698959597,23.9722698959597,574.6697239647356,0.1723136133982152
2024-10-26,2024,10,26,Post-Monsoon,High,True,False,3,192.47,187.93232842097396,4.537671579026039,4.537671579026039,20.590463359100667,0.023575994071938687
2024-10-27,2024,10,27,Post-Monsoon,High,True,False,3,220.54,211.5254866974564,9.014513302543605,9.014513302543605,81.26145008173562,0.04087473157950306
2024-10-28,2024,10,28,Post-Monsoon,High,True,False,3,217.94,174.07061404451906,43.869385955480936,43.869385955480936,1924.523024110948,0.20129111661687132
2024-10-29,2024,10,29,Post-Monsoon,High,True,False,3,210.77,199.56601812328455,11.20398187671546,11.20398187671546,125.52920989376848,0.05315738424213816
2024-10-30,2024,10,30,Post-Monsoon,High,False,False,3,141.32,146.58913002225074,-5.269130022250749,5.269130022250749,27.76373119138418,0.03728509780817117
2024-10-31,2024,10,31,Post-Monsoon,High,True,False,3,169.82,194.36660460850956,-24.54660460850957,24.54660460850957,602.5357978065032,0.14454483929165923
2024-11-01,2024,11,1,Post-Monsoon,Extreme,True,True,3,324.51,296.00629450000645,28.503705499993544,28.503705499993544,812.4612272303622,0.08783613910201087
2024-11-02,2024,11,2,Post-Monsoon,Extreme,True,True,3,300.87,228.85726004105058,72.01273995894942,72.01273995894942,5185.834716395271,0.23934835629657136
2024-11-03,2024,11,3,Post-Monsoon,Extreme,True,True,3,340.63,344.85385107801403,-4.223851078014036,4.223851078014036,17.840917929240334,0.012400114722760872
2024-11-04,2024,11,4,Post-Monsoon,High,True,False,3,184.65,218.9372703303352,-34.28727033033519,34.28727033033519,1175.6169067054839,0.18568789780847653
2024-11-05,2024,11,5,Post-Monsoon,Extreme,True,True,3,301.33,305.9300270602723,-4.600027060272339,4.600027060272339,21.160248955237776,0.015265745396317457
2024-11-06,2024,11,6,Post-Monsoon,Extreme,True,True,3,388.9,359.8021707356973,29.097829264302675,29.097829264302675,846.6836678945091,0.07482085179815551
2024-11-07,2024,11,7,Post-Monsoon,High,True,False,3,234.06,184.24663198269337,49.81336801730663,49.81336801730663,2481.371633227627,0.212823071081375
2024-11-08,2024,11,8,Post-Monsoon,Extreme,True,True,3,274.98,222.84081796323142,52.1391820367686,52.1391820367686,2718.494303463294,0.18961081546573788
2024-11-09,2024,11,9,Post-Monsoon,Extreme,True,True,3,345.33,324.2352212400394,21.094778759960604,21.094778759960604,444.98969093168506,0.06108585631124028
2024-11-10,2024,11,10,Post-Monsoon,Extreme,True,True,3,284.94,304.0622343709884,-19.122234370988394,19.122234370988394,365.6598473390099,0.06710968755172456
2024-11-11,2024,11,11,Post-Monsoon,Extreme,True,True,3,308.68,352.97945114700406,-44.29945114700405,44.29945114700405,1962.4413719257984,0.14351254097124547
2024-11-12,2024,11,12,Post-Monsoon,Extreme,True,True,3,323.34,300.17053202824036,23.169467971759616,23.169467971759616,536.8242460943947,0.07165667090913472
2024-11-13,2024,11,13,Post-Monsoon,Extreme,True,True,3,310.59,298.4835654408773,12.106434559122647,12.106434559122647,146.56575773431916,0.038978829193221445
2024-11-14,2024,11,14,Post-Monsoon,Extreme,True,True,3,368.72,351.33574464276256,17.384255357237464,17.384255357237464,302.21233432563946,0.04714757907690785
2024-11-15,2024,11,15,Post-Monsoon,Extreme,True,True,3,282.46,266.90561078183293,15.554389218167046,15.554389218167046,241.93902395023125,0.055067582022824635
2024-11-16,2024,11,16,Post-Monsoon,Extreme,True,True,3,391.94,352.09843260531613,39.841567394683864,39.841567394683864,1587.3504924651363,0.10165221052886632
2024-11-17,2024,11,17,Post-Monsoon,Extreme,True,True,3,364.7,338.55207366214944,26.14792633785055,26.14792633785055,683.7140517696585,0.0716970834599686
2024-11-18,2024,11,18,Post-Monsoon,High,True,False,3,196.03,238.8489262223399,-42.81892622233991,42.81892622233991,1833.4604428341884,0.21843047606152075
2024-11-19,2024,11,19,Post-Monsoon,Extreme,True,True,3,321.58,343.6134383099556,-22.033438309955613,22.033438309955613,485.4724037586197,0.06851619600085707
2024-11-20,2024,11,20,Post-Monsoon,High,True,False,3,195.67,221.1659197742921,-25.495919774292105,25.495919774292105,650.0419251371392,0.13030060701329843
2024-11-21,2024,11,21,Post-Monsoon,High,True,False,3,208.92,265.4201455954428,-56.50014559544283,56.50014559544283,3192.266452306238,0.2704391422335958
2024-11-22,2024,11,22,Post-Monsoon,Extreme,True,True,3,374.9,357.04075761673033,17.859242383269645,17.859242383269645,318.95253850437484,0.04763734964862536
2024-11-23,2024,11,23,Post-Monsoon,Extreme,True,True,3,290.09,324.30866766000554,-34.218667660005565,34.218667660005565,1170.9172164259107,0.11795879782138498
2024-11-24,2024,11,24,Post-Monsoon,High,True,False,3,238.79,226.3089497176632,12.481050282336781,12.481050282336781,155.77661615021904,0.05226789347266126
2024-11-25,2024,11,25,Post-Monsoon,Extreme,True,True,3,261.12,242.3443118771707,18.775688122829308,18.775688122829308,352.52646448575354,0.07190444287235488
2024-11-26,2024,11,26,Post-Monsoon,High,True,False,3,208.32,216.82534256327676,-8.50534256327677,8.50534256327677,72.34085211868745,0.04082825731219648
2024-11-27,2024,11,27,Post-Monsoon,Extreme,True,True,3,293.98,305.0362544010243,-11.056254401024262,11.056254401024262,122.24076138016837,0.03760886591272965
2024-11-28,2024,11,28,Post-Monsoon,High,True,False,3,240.21,248.77493134972391,-8.564931349723906,8.564931349723906,73.35804902548338,0.03565601494410685
2024-11-29,2024,11,29,Post-Monsoon,High,True,False,3,212.79,229.55863050144202,-16.768630501442033,16.768630501442033,281.1869688938921,0.07880365854336216
2024-11-30,2024,11,30,Post-Monsoon,Extreme,True,True,3,268.1,325.579149648144,-57.47914964814396,57.47914964814396,3303.852644273728,0.21439444105984318
2024-12-01,2024,12,1,Winter,Extreme,True,True,3,254.26,265.4161730041236,-11.156173004123616,11.156173004123616,124.46019609793655,0.043877027468432375
2024-12-02,2024,12,2,Winter,High,True,False,3,196.45,213.81366496336054,-17.36366496336055,17.36366496336055,301.4968609598347,0.08838719757373657
2024-12-03,2024,12,3,Winter,High,True,False,3,214.23,218.70532345737513,-4.47532345737514,4.47532345737514,20.028520048132176,0.02089027427239481
2024-12-04,2024,12,4,Winter,High,True,False,3,226.1,249.6895964173309,-23.58959641733091,23.58959641733091,556.4690591325513,0.10433258035086648
2024-12-05,2024,12,5,Winter,High,True,False,3,210.63,230.20690417186248,-19.57690417186248,19.57690417186248,383.2551769542866,0.09294451964042387
2024-12-06,2024,12,6,Winter,High,True,False,3,197.71,235.19789773987392,-37.487897739873915,37.487897739873915,1405.342476955244,0.1896105292593896
2024-12-07,2024,12,7,Winter,Extreme,True,True,3,260.93,234.29353498355903,26.63646501644098,26.63646501644098,709.5012685720842,0.10208280004767938
2024-12-08,2024,12,8,Winter,Extreme,True,True,3,290.42,245.35859262450788,45.06140737549214,45.06140737549214,2030.5304346600572,0.1551594496780254
2024-12-09,2024,12,9,Winter,High,True,False,3,223.04,220.126730600043,2.913269399956988,2.913269399956988,8.48713859672575,0.013061645444570428
2024-12-10,2024,12,10,Winter,Extreme,True,True,3,335.86,314.5001837427914,21.359816257208593,21.359816257208593,456.24175054171246,0.06359738062647707
2024-12-11,2024,12,11,Winter,Extreme,True,True,3,317.35,293.1094946535144,24.240505346485634,24.240505346485634,587.6020994529986,0.07638413532845638
2024-12-12,2024,12,12,Winter,High,True,False,3,229.59,241.01655936829476,-11.426559368294761,11.426559368294761,130.56625899716477,0.04976941229275997
2024-12-13,2024,12,13,Winter,Extreme,True,True,3,333.77,323.21090737580477,10.559092624195216,10.559092624195216,111.49443704633381,0.03163583492882888
2024-12-14,2024,12,14,Winter,Extreme,True,True,3,313.61,343.2235435584854,-29.61354355848539,29.61354355848539,876.9619620903115,0.09442793137490957
2024-12-15,2024,12,15,Winter,Extreme,True,True,3,313.99,257.6740494507743,56.315950549225704,56.315950549225704,3171.4862862628347,0.1793558729552715
2024-12-16,2024,12,16,Winter,Extreme,True,True,3,342.05,314.51921739366725,27.530782606332764,27.530782606332764,757.9439909171547,0.08048759715343594
2024-12-17,2024,12,17,Winter,High,True,False,3,240.4,258.79855910526663,-18.398559105266628,18.398559105266628,338.50697714998955,0.07653310775901259
2024-12-18,2024,12,18,Winter,Extreme,True,True,3,333.15,325.10353733709985,8.046462662900126,8.046462662900126,64.74556138544578,0.024152671958277434
2024-12-19,2024,12,19,Winter,Extreme,True,True,3,292.22,305.38724992103243,-13.167249921032408,13.167249921032408,173.37647048292794,0.04505937280484706
2024-12-20,2024,12,20,Winter,Extreme,True,True,3,366.69,364.89573069437506,1.7942693056249368,1.7942693056249368,3.2194023411077928,0.0048931503603178075
2024-12-21,2024,12,21,Winter,High,True,False,3,229.39,218.02252858733965,11.367471412660336,11.367471412660336,129.21940631764997,0.04955521780661902
2024-12-22,2024,12,22,Winter,Extreme,True,True,3,300.49,282.3431392569018,18.146860743098216,18.146860743098216,329.30855482939916,0.060390897344664435
2024-12-23,2024,12,23,Winter,Extreme,True,True,3,250.22,227.96275129820083,22.25724870179917,22.25724870179917,495.3851197737409,0.0889507181752025
2024-12-24,2024,12,24,Winter,Extreme,True,True,3,272.65,222.14865929063467,50.50134070936531,50.50134070936531,2550.3854134433977,0.18522406275211925
2024-12-25,2024,12,25,Winter,High,True,False,3,232.04,248.1503652582291,-16.11036525822911,16.11036525822911,259.54386875355544,0.06942925899943592
2024-12-26,2024,12,26,Winter,Extreme,True,True,3,268.11,259.9361705397955,8.173829460204502,8.173829460204502,66.81148804450702,0.03048685039798777
2024-12-27,2024,12,27,Winter,Extreme,True,True,3,292.67,257.7644673331628,34.90553266683719,34.90553266683719,1218.396210755638,0.1192658375195175
2024-12-28,2024,12,28,Winter,High,True,False,3,232.77,221.15085161680588,11.61914838319413,11.61914838319413,135.00460915068277,0.04991686378482678
2024-12-29,2024,12,29,Winter,High,True,False,3,242.44,256.5981136335033,-14.15811363350332,14.15811363350332,200.45218165919258,0.05839842284071654
2024-12-30,2024,12,30,Winter,Extreme,True,True,3,368.27,329.3895643408237,38.88043565917627,38.88043565917627,1511.6882770473458,0.10557589719275606
2024-12-31,2024,12,31,Winter,Extreme,True,True,3,348.83,357.56915671177865,-8.739156711778662,8.739156711778662,76.37286003302604,0.025052766997616785
