study_name,model_type,feature_set,trial_id,val_mae,params,state
ridge__set_b_pm25_history,ridge,set_b_pm25_history,0,28.3828,"{""alpha"": 0.1767016940294795}",COMPLETE
ridge__set_b_pm25_history,ridge,set_b_pm25_history,1,28.8854,"{""alpha"": 506.1576888752306}",COMPLETE
ridge__set_b_pm25_history,ridge,set_b_pm25_history,2,28.1532,"{""alpha"": 24.658329458549105}",COMPLETE
ridge__set_b_pm25_history,ridge,set_b_pm25_history,3,28.1322,"{""alpha"": 3.907967156822881}",COMPLETE
ridge__set_b_pm25_history,ridge,set_b_pm25_history,4,28.4955,"{""alpha"": 0.008632008168602538}",COMPLETE
ridge__set_b_pm25_history,ridge,set_b_pm25_history,5,28.4955,"{""alpha"": 0.008629132190071854}",COMPLETE
ridge__set_b_pm25_history,ridge,set_b_pm25_history,6,28.5081,"{""alpha"": 0.002231010801867922}",COMPLETE
ridge__set_b_pm25_history,ridge,set_b_pm25_history,7,28.521,"{""alpha"": 157.41890047456639}",COMPLETE
ridge__set_b_pm25_history,ridge,set_b_pm25_history,8,28.1306,"{""alpha"": 4.0428727350273315}",COMPLETE
ridge__set_b_pm25_history,ridge,set_b_pm25_history,9,28.1229,"{""alpha"": 17.71884735480682}",COMPLETE
ridge__set_b_pm25_history,ridge,set_b_pm25_history,10,28.3907,"{""alpha"": 0.15877002610239194}",COMPLETE
ridge__set_b_pm25_history,ridge,set_b_pm25_history,11,28.1459,"{""alpha"": 3.1333599620390524}",COMPLETE
ridge__set_b_pm25_history,ridge,set_b_pm25_history,12,28.1138,"{""alpha"": 5.978892858434558}",COMPLETE
ridge__set_b_pm25_history,ridge,set_b_pm25_history,13,28.225,"{""alpha"": 45.555820164123396}",COMPLETE
ridge__set_b_pm25_history,ridge,set_b_pm25_history,14,28.2829,"{""alpha"": 0.5511334276325339}",COMPLETE
ridge__set_b_pm25_history,ridge,set_b_pm25_history,15,28.15,"{""alpha"": 23.858728269382617}",COMPLETE
ridge__set_b_pm25_history,ridge,set_b_pm25_history,16,28.2052,"{""alpha"": 1.3742916541187924}",COMPLETE
ridge__set_b_pm25_history,ridge,set_b_pm25_history,17,28.9532,"{""alpha"": 586.5789846904775}",COMPLETE
ridge__set_b_pm25_history,ridge,set_b_pm25_history,18,28.341,"{""alpha"": 80.63302031938137}",COMPLETE
ridge__set_b_pm25_history,ridge,set_b_pm25_history,19,28.1041,"{""alpha"": 8.289818982561153}",COMPLETE
ridge__set_b_pm25_history,ridge,set_b_pm25_history,20,28.3716,"{""alpha"": 0.20426838201690434}",COMPLETE
ridge__set_b_pm25_history,ridge,set_b_pm25_history,21,28.1092,"{""alpha"": 13.095100696721184}",COMPLETE
ridge__set_b_pm25_history,ridge,set_b_pm25_history,22,28.1057,"{""alpha"": 10.951634887766494}",COMPLETE
ridge__set_b_pm25_history,ridge,set_b_pm25_history,23,28.1053,"{""alpha"": 10.601226994625582}",COMPLETE
ridge__set_b_pm25_history,ridge,set_b_pm25_history,24,28.2513,"{""alpha"": 0.7787139915931733}",COMPLETE
ridge__set_b_pm25_history,ridge,set_b_pm25_history,25,28.5398,"{""alpha"": 168.97444275803753}",COMPLETE
ridge__set_b_pm25_history,ridge,set_b_pm25_history,26,28.1042,"{""alpha"": 9.547581357420691}",COMPLETE
ridge__set_b_pm25_history,ridge,set_b_pm25_history,27,28.4509,"{""alpha"": 0.05661509435737046}",COMPLETE
ridge__set_b_pm25_history,ridge,set_b_pm25_history,28,28.2054,"{""alpha"": 1.3700892647280878}",COMPLETE
ridge__set_b_pm25_history,ridge,set_b_pm25_history,29,28.3427,"{""alpha"": 81.13788156713791}",COMPLETE
ridge__set_b_pm25_history,ridge,set_b_pm25_history,30,28.3185,"{""alpha"": 0.3767485299226555}",COMPLETE
ridge__set_b_pm25_history,ridge,set_b_pm25_history,31,28.1045,"{""alpha"": 9.825860418612866}",COMPLETE
ridge__set_b_pm25_history,ridge,set_b_pm25_history,32,28.1818,"{""alpha"": 1.8635509152895133}",COMPLETE
ridge__set_b_pm25_history,ridge,set_b_pm25_history,33,28.1046,"{""alpha"": 8.036778764209672}",COMPLETE
ridge__set_b_pm25_history,ridge,set_b_pm25_history,34,28.216,"{""alpha"": 42.65801674065316}",COMPLETE
ridge__set_b_pm25_history,ridge,set_b_pm25_history,35,28.1102,"{""alpha"": 6.552676496989556}",COMPLETE
ridge__set_b_pm25_history,ridge,set_b_pm25_history,36,28.2165,"{""alpha"": 42.813181556421576}",COMPLETE
ridge__set_b_pm25_history,ridge,set_b_pm25_history,37,28.1727,"{""alpha"": 2.1086533257348066}",COMPLETE
ridge__set_b_pm25_history,ridge,set_b_pm25_history,38,28.7665,"{""alpha"": 373.63592621269186}",COMPLETE
ridge__set_b_pm25_history,ridge,set_b_pm25_history,39,28.1088,"{""alpha"": 6.839671720123151}",COMPLETE
ridge__set_b_pm25_history,ridge,set_b_pm25_history,40,29.2952,"{""alpha"": 991.2304431814069}",COMPLETE
ridge__set_b_pm25_history,ridge,set_b_pm25_history,41,28.1061,"{""alpha"": 11.309617657845772}",COMPLETE
ridge__set_b_pm25_history,ridge,set_b_pm25_history,42,28.1436,"{""alpha"": 22.315570412818133}",COMPLETE
ridge__set_b_pm25_history,ridge,set_b_pm25_history,43,28.1363,"{""alpha"": 3.658652717369609}",COMPLETE
ridge__set_b_pm25_history,ridge,set_b_pm25_history,44,28.1048,"{""alpha"": 7.966838736981173}",COMPLETE
ridge__set_b_pm25_history,ridge,set_b_pm25_history,45,28.111,"{""alpha"": 6.421655790389836}",COMPLETE
ridge__set_b_pm25_history,ridge,set_b_pm25_history,46,28.1445,"{""alpha"": 3.20643796161217}",COMPLETE
ridge__set_b_pm25_history,ridge,set_b_pm25_history,47,28.2469,"{""alpha"": 0.8192493132122993}",COMPLETE
ridge__set_b_pm25_history,ridge,set_b_pm25_history,48,28.3459,"{""alpha"": 82.0908186565934}",COMPLETE
ridge__set_b_pm25_history,ridge,set_b_pm25_history,49,28.1743,"{""alpha"": 30.175375017729213}",COMPLETE
ridge__group_c_pm25_meteorology,ridge,group_c_pm25_meteorology,0,32.2104,"{""alpha"": 0.1767016940294795}",COMPLETE
ridge__group_c_pm25_meteorology,ridge,group_c_pm25_meteorology,1,29.6784,"{""alpha"": 506.1576888752306}",COMPLETE
ridge__group_c_pm25_meteorology,ridge,group_c_pm25_meteorology,2,29.142,"{""alpha"": 24.658329458549105}",COMPLETE
ridge__group_c_pm25_meteorology,ridge,group_c_pm25_meteorology,3,30.0152,"{""alpha"": 3.907967156822881}",COMPLETE
ridge__group_c_pm25_meteorology,ridge,group_c_pm25_meteorology,4,32.945,"{""alpha"": 0.008632008168602538}",COMPLETE
ridge__group_c_pm25_meteorology,ridge,group_c_pm25_meteorology,5,32.945,"{""alpha"": 0.008629132190071854}",COMPLETE
ridge__group_c_pm25_meteorology,ridge,group_c_pm25_meteorology,6,33.0591,"{""alpha"": 0.002231010801867922}",COMPLETE
ridge__group_c_pm25_meteorology,ridge,group_c_pm25_meteorology,7,29.2035,"{""alpha"": 157.41890047456639}",COMPLETE
ridge__group_c_pm25_meteorology,ridge,group_c_pm25_meteorology,8,29.9909,"{""alpha"": 4.0428727350273315}",COMPLETE
ridge__group_c_pm25_meteorology,ridge,group_c_pm25_meteorology,9,29.2105,"{""alpha"": 17.71884735480682}",COMPLETE
ridge__group_c_pm25_meteorology,ridge,group_c_pm25_meteorology,10,32.2519,"{""alpha"": 0.16184239017500474}",COMPLETE
ridge__group_c_pm25_meteorology,ridge,group_c_pm25_meteorology,11,29.3839,"{""alpha"": 287.6798611960125}",COMPLETE
ridge__group_c_pm25_meteorology,ridge,group_c_pm25_meteorology,12,29.1347,"{""alpha"": 25.920903758985595}",COMPLETE
ridge__group_c_pm25_meteorology,ridge,group_c_pm25_meteorology,13,29.1323,"{""alpha"": 26.37425010195855}",COMPLETE
ridge__group_c_pm25_meteorology,ridge,group_c_pm25_meteorology,14,31.3111,"{""alpha"": 0.7526036695997808}",COMPLETE
ridge__group_c_pm25_meteorology,ridge,group_c_pm25_meteorology,15,29.0935,"{""alpha"": 42.23657643181171}",COMPLETE
ridge__group_c_pm25_meteorology,ridge,group_c_pm25_meteorology,16,29.0998,"{""alpha"": 69.53694656881991}",COMPLETE
ridge__group_c_pm25_meteorology,ridge,group_c_pm25_meteorology,17,29.1323,"{""alpha"": 101.47988255649014}",COMPLETE
ridge__group_c_pm25_meteorology,ridge,group_c_pm25_meteorology,18,30.3039,"{""alpha"": 2.650252112100781}",COMPLETE
ridge__group_c_pm25_meteorology,ridge,group_c_pm25_meteorology,19,30.2363,"{""alpha"": 938.4878305906734}",COMPLETE
ridge__group_c_pm25_meteorology,ridge,group_c_pm25_meteorology,20,29.1224,"{""alpha"": 93.54767091393799}",COMPLETE
ridge__group_c_pm25_meteorology,ridge,group_c_pm25_meteorology,21,29.1062,"{""alpha"": 78.4157435731419}",COMPLETE
ridge__group_c_pm25_meteorology,ridge,group_c_pm25_meteorology,22,29.0945,"{""alpha"": 61.607024857549845}",COMPLETE
ridge__group_c_pm25_meteorology,ridge,group_c_pm25_meteorology,23,29.5085,"{""alpha"": 8.702112005151255}",COMPLETE
ridge__group_c_pm25_meteorology,ridge,group_c_pm25_meteorology,24,31.2853,"{""alpha"": 0.7787139915931733}",COMPLETE
ridge__group_c_pm25_meteorology,ridge,group_c_pm25_meteorology,25,29.0909,"{""alpha"": 52.053342870925285}",COMPLETE
ridge__group_c_pm25_meteorology,ridge,group_c_pm25_meteorology,26,29.3977,"{""alpha"": 298.00775955795626}",COMPLETE
ridge__group_c_pm25_meteorology,ridge,group_c_pm25_meteorology,27,31.0249,"{""alpha"": 1.087688843020755}",COMPLETE
ridge__group_c_pm25_meteorology,ridge,group_c_pm25_meteorology,28,29.4459,"{""alpha"": 9.821004873200842}",COMPLETE
ridge__group_c_pm25_meteorology,ridge,group_c_pm25_meteorology,29,32.3252,"{""alpha"": 0.13725847499004837}",COMPLETE
ridge__group_c_pm25_meteorology,ridge,group_c_pm25_meteorology,30,29.1069,"{""alpha"": 35.178894499465926}",COMPLETE
ridge__group_c_pm25_meteorology,ridge,group_c_pm25_meteorology,31,29.0922,"{""alpha"": 55.592318818144214}",COMPLETE
ridge__group_c_pm25_meteorology,ridge,group_c_pm25_meteorology,32,29.2511,"{""alpha"": 190.94234744310603}",COMPLETE
ridge__group_c_pm25_meteorology,ridge,group_c_pm25_meteorology,33,29.0898,"{""alpha"": 46.816487919967244}",COMPLETE
ridge__group_c_pm25_meteorology,ridge,group_c_pm25_meteorology,34,29.8598,"{""alpha"": 642.6444848339571}",COMPLETE
ridge__group_c_pm25_meteorology,ridge,group_c_pm25_meteorology,35,29.4022,"{""alpha"": 10.768163526712437}",COMPLETE
ridge__group_c_pm25_meteorology,ridge,group_c_pm25_meteorology,36,29.0929,"{""alpha"": 42.813181556421576}",COMPLETE
ridge__group_c_pm25_meteorology,ridge,group_c_pm25_meteorology,37,29.7783,"{""alpha"": 5.472437422207552}",COMPLETE
ridge__group_c_pm25_meteorology,ridge,group_c_pm25_meteorology,38,29.4026,"{""alpha"": 301.7010434659342}",COMPLETE
ridge__group_c_pm25_meteorology,ridge,group_c_pm25_meteorology,39,29.2899,"{""alpha"": 14.10209731717262}",COMPLETE
ridge__group_c_pm25_meteorology,ridge,group_c_pm25_meteorology,40,30.3377,"{""alpha"": 2.538833876627122}",COMPLETE
ridge__group_c_pm25_meteorology,ridge,group_c_pm25_meteorology,41,29.1015,"{""alpha"": 37.73789423607292}",COMPLETE
ridge__group_c_pm25_meteorology,ridge,group_c_pm25_meteorology,42,29.2254,"{""alpha"": 172.53024560251106}",COMPLETE
ridge__group_c_pm25_meteorology,ridge,group_c_pm25_meteorology,43,29.0914,"{""alpha"": 44.51538185678213}",COMPLETE
ridge__group_c_pm25_meteorology,ridge,group_c_pm25_meteorology,44,29.2077,"{""alpha"": 17.894905875681452}",COMPLETE
ridge__group_c_pm25_meteorology,ridge,group_c_pm25_meteorology,45,29.1941,"{""alpha"": 150.27208012351596}",COMPLETE
ridge__group_c_pm25_meteorology,ridge,group_c_pm25_meteorology,46,29.7942,"{""alpha"": 5.3458477696069995}",COMPLETE
ridge__group_c_pm25_meteorology,ridge,group_c_pm25_meteorology,47,29.0973,"{""alpha"": 39.8601659607592}",COMPLETE
ridge__group_c_pm25_meteorology,ridge,group_c_pm25_meteorology,48,29.6423,"{""alpha"": 479.43381344011004}",COMPLETE
ridge__group_c_pm25_meteorology,ridge,group_c_pm25_meteorology,49,29.1773,"{""alpha"": 20.45703545098776}",COMPLETE
ridge__group_e_pm25_met_fire,ridge,group_e_pm25_met_fire,0,32.6159,"{""alpha"": 0.1767016940294795}",COMPLETE
ridge__group_e_pm25_met_fire,ridge,group_e_pm25_met_fire,1,29.4673,"{""alpha"": 506.1576888752306}",COMPLETE
ridge__group_e_pm25_met_fire,ridge,group_e_pm25_met_fire,2,29.155,"{""alpha"": 24.658329458549105}",COMPLETE
ridge__group_e_pm25_met_fire,ridge,group_e_pm25_met_fire,3,30.0234,"{""alpha"": 3.907967156822881}",COMPLETE
ridge__group_e_pm25_met_fire,ridge,group_e_pm25_met_fire,4,33.5549,"{""alpha"": 0.008632008168602538}",COMPLETE
ridge__group_e_pm25_met_fire,ridge,group_e_pm25_met_fire,5,33.5549,"{""alpha"": 0.008629132190071854}",COMPLETE
ridge__group_e_pm25_met_fire,ridge,group_e_pm25_met_fire,6,33.7156,"{""alpha"": 0.002231010801867922}",COMPLETE
ridge__group_e_pm25_met_fire,ridge,group_e_pm25_met_fire,7,29.0683,"{""alpha"": 157.41890047456639}",COMPLETE
ridge__group_e_pm25_met_fire,ridge,group_e_pm25_met_fire,8,29.9955,"{""alpha"": 4.0428727350273315}",COMPLETE
ridge__group_e_pm25_met_fire,ridge,group_e_pm25_met_fire,9,29.2215,"{""alpha"": 17.71884735480682}",COMPLETE
ridge__group_e_pm25_met_fire,ridge,group_e_pm25_met_fire,10,29.6584,"{""alpha"": 657.6274461218085}",COMPLETE
ridge__group_e_pm25_met_fire,ridge,group_e_pm25_met_fire,11,29.103,"{""alpha"": 38.05031869993618}",COMPLETE
ridge__group_e_pm25_met_fire,ridge,group_e_pm25_met_fire,12,29.0801,"{""alpha"": 45.46665905866702}",COMPLETE
ridge__group_e_pm25_met_fire,ridge,group_e_pm25_met_fire,13,29.0567,"{""alpha"": 139.8675863389167}",COMPLETE
ridge__group_e_pm25_met_fire,ridge,group_e_pm25_met_fire,14,29.0946,"{""alpha"": 188.11705007430186}",COMPLETE
ridge__group_e_pm25_met_fire,ridge,group_e_pm25_met_fire,15,31.4018,"{""alpha"": 0.875245103811702}",COMPLETE
ridge__group_e_pm25_met_fire,ridge,group_e_pm25_met_fire,16,29.0593,"{""alpha"": 144.2265840253062}",COMPLETE
ridge__group_e_pm25_met_fire,ridge,group_e_pm25_met_fire,17,29.7591,"{""alpha"": 5.552661041119765}",COMPLETE
ridge__group_e_pm25_met_fire,ridge,group_e_pm25_met_fire,18,32.1576,"{""alpha"": 0.35063418121727663}",COMPLETE
ridge__group_e_pm25_met_fire,ridge,group_e_pm25_met_fire,19,29.9906,"{""alpha"": 950.7030302047702}",COMPLETE
ridge__group_e_pm25_met_fire,ridge,group_e_pm25_met_fire,20,29.0518,"{""alpha"": 129.9334851742391}",COMPLETE
ridge__group_e_pm25_met_fire,ridge,group_e_pm25_met_fire,21,29.075,"{""alpha"": 165.47504649829844}",COMPLETE
ridge__group_e_pm25_met_fire,ridge,group_e_pm25_met_fire,22,29.0475,"{""alpha"": 120.33942587862632}",COMPLETE
ridge__group_e_pm25_met_fire,ridge,group_e_pm25_met_fire,23,29.0474,"{""alpha"": 67.925647652496}",COMPLETE
ridge__group_e_pm25_met_fire,ridge,group_e_pm25_met_fire,24,29.2566,"{""alpha"": 15.706998973463422}",COMPLETE
ridge__group_e_pm25_met_fire,ridge,group_e_pm25_met_fire,25,29.0658,"{""alpha"": 52.053342870925285}",COMPLETE
ridge__group_e_pm25_met_fire,ridge,group_e_pm25_met_fire,26,29.2788,"{""alpha"": 356.56864459898077}",COMPLETE
ridge__group_e_pm25_met_fire,ridge,group_e_pm25_met_fire,27,29.5244,"{""alpha"": 8.132215896137225}",COMPLETE
ridge__group_e_pm25_met_fire,ridge,group_e_pm25_met_fire,28,30.6253,"{""alpha"": 2.0171700016254452}",COMPLETE
ridge__group_e_pm25_met_fire,ridge,group_e_pm25_met_fire,29,29.0378,"{""alpha"": 84.26043792933547}",COMPLETE
ridge__group_e_pm25_met_fire,ridge,group_e_pm25_met_fire,30,29.0501,"{""alpha"": 64.59245480631824}",COMPLETE
ridge__group_e_pm25_met_fire,ridge,group_e_pm25_met_fire,31,29.0599,"{""alpha"": 55.592318818144214}",COMPLETE
ridge__group_e_pm25_met_fire,ridge,group_e_pm25_met_fire,32,29.2955,"{""alpha"": 371.22453872172764}",COMPLETE
ridge__group_e_pm25_met_fire,ridge,group_e_pm25_met_fire,33,29.3654,"{""alpha"": 11.50557555169162}",COMPLETE
ridge__group_e_pm25_met_fire,ridge,group_e_pm25_met_fire,34,29.0583,"{""alpha"": 56.85571356198853}",COMPLETE
ridge__group_e_pm25_met_fire,ridge,group_e_pm25_met_fire,35,29.1411,"{""alpha"": 28.05158682294595}",COMPLETE
ridge__group_e_pm25_met_fire,ridge,group_e_pm25_met_fire,36,30.9522,"{""alpha"": 1.4380747061798598}",COMPLETE
ridge__group_e_pm25_met_fire,ridge,group_e_pm25_met_fire,37,29.275,"{""alpha"": 353.3065134036981}",COMPLETE
ridge__group_e_pm25_met_fire,ridge,group_e_pm25_met_fire,38,33.2968,"{""alpha"": 0.03386055834904385}",COMPLETE
ridge__group_e_pm25_met_fire,ridge,group_e_pm25_met_fire,39,29.0389,"{""alpha"": 93.77266289015247}",COMPLETE
ridge__group_e_pm25_met_fire,ridge,group_e_pm25_met_fire,40,29.1723,"{""alpha"": 22.14119539767864}",COMPLETE
ridge__group_e_pm25_met_fire,ridge,group_e_pm25_met_fire,41,29.0374,"{""alpha"": 86.9915013593473}",COMPLETE
ridge__group_e_pm25_met_fire,ridge,group_e_pm25_met_fire,42,29.0378,"{""alpha"": 89.05742394073293}",COMPLETE
ridge__group_e_pm25_met_fire,ridge,group_e_pm25_met_fire,43,29.0385,"{""alpha"": 82.48437326352581}",COMPLETE
ridge__group_e_pm25_met_fire,ridge,group_e_pm25_met_fire,44,29.1922,"{""alpha"": 281.7998960049697}",COMPLETE
ridge__group_e_pm25_met_fire,ridge,group_e_pm25_met_fire,45,30.0108,"{""alpha"": 969.9447726025899}",COMPLETE
ridge__group_e_pm25_met_fire,ridge,group_e_pm25_met_fire,46,29.1418,"{""alpha"": 27.865716465718794}",COMPLETE
ridge__group_e_pm25_met_fire,ridge,group_e_pm25_met_fire,47,29.3485,"{""alpha"": 12.000282790089763}",COMPLETE
ridge__group_e_pm25_met_fire,ridge,group_e_pm25_met_fire,48,29.0373,"{""alpha"": 85.87878668604696}",COMPLETE
ridge__group_e_pm25_met_fire,ridge,group_e_pm25_met_fire,49,29.1429,"{""alpha"": 236.20003767533913}",COMPLETE
ridge__group_f_pm25_met_fire_transport,ridge,group_f_pm25_met_fire_transport,0,32.6159,"{""alpha"": 0.1767016940294795}",COMPLETE
ridge__group_f_pm25_met_fire_transport,ridge,group_f_pm25_met_fire_transport,1,29.4673,"{""alpha"": 506.1576888752306}",COMPLETE
ridge__group_f_pm25_met_fire_transport,ridge,group_f_pm25_met_fire_transport,2,29.155,"{""alpha"": 24.658329458549105}",COMPLETE
ridge__group_f_pm25_met_fire_transport,ridge,group_f_pm25_met_fire_transport,3,30.0234,"{""alpha"": 3.907967156822881}",COMPLETE
ridge__group_f_pm25_met_fire_transport,ridge,group_f_pm25_met_fire_transport,4,33.5549,"{""alpha"": 0.008632008168602538}",COMPLETE
ridge__group_f_pm25_met_fire_transport,ridge,group_f_pm25_met_fire_transport,5,33.5549,"{""alpha"": 0.008629132190071854}",COMPLETE
ridge__group_f_pm25_met_fire_transport,ridge,group_f_pm25_met_fire_transport,6,33.7156,"{""alpha"": 0.002231010801867922}",COMPLETE
ridge__group_f_pm25_met_fire_transport,ridge,group_f_pm25_met_fire_transport,7,29.0683,"{""alpha"": 157.41890047456639}",COMPLETE
ridge__group_f_pm25_met_fire_transport,ridge,group_f_pm25_met_fire_transport,8,29.9955,"{""alpha"": 4.0428727350273315}",COMPLETE
ridge__group_f_pm25_met_fire_transport,ridge,group_f_pm25_met_fire_transport,9,29.2215,"{""alpha"": 17.71884735480682}",COMPLETE
ridge__group_f_pm25_met_fire_transport,ridge,group_f_pm25_met_fire_transport,10,29.6584,"{""alpha"": 657.6274461218085}",COMPLETE
ridge__group_f_pm25_met_fire_transport,ridge,group_f_pm25_met_fire_transport,11,29.103,"{""alpha"": 38.05031869993618}",COMPLETE
ridge__group_f_pm25_met_fire_transport,ridge,group_f_pm25_met_fire_transport,12,29.0801,"{""alpha"": 45.46665905866702}",COMPLETE
ridge__group_f_pm25_met_fire_transport,ridge,group_f_pm25_met_fire_transport,13,29.0567,"{""alpha"": 139.8675863389167}",COMPLETE
ridge__group_f_pm25_met_fire_transport,ridge,group_f_pm25_met_fire_transport,14,29.0946,"{""alpha"": 188.11705007430186}",COMPLETE
ridge__group_f_pm25_met_fire_transport,ridge,group_f_pm25_met_fire_transport,15,31.4018,"{""alpha"": 0.875245103811702}",COMPLETE
ridge__group_f_pm25_met_fire_transport,ridge,group_f_pm25_met_fire_transport,16,29.0593,"{""alpha"": 144.2265840253062}",COMPLETE
ridge__group_f_pm25_met_fire_transport,ridge,group_f_pm25_met_fire_transport,17,29.7591,"{""alpha"": 5.552661041119765}",COMPLETE
ridge__group_f_pm25_met_fire_transport,ridge,group_f_pm25_met_fire_transport,18,32.1576,"{""alpha"": 0.35063418121727663}",COMPLETE
ridge__group_f_pm25_met_fire_transport,ridge,group_f_pm25_met_fire_transport,19,29.9906,"{""alpha"": 950.7030302047702}",COMPLETE
ridge__group_f_pm25_met_fire_transport,ridge,group_f_pm25_met_fire_transport,20,29.0518,"{""alpha"": 129.9334851742391}",COMPLETE
ridge__group_f_pm25_met_fire_transport,ridge,group_f_pm25_met_fire_transport,21,29.075,"{""alpha"": 165.47504649829844}",COMPLETE
ridge__group_f_pm25_met_fire_transport,ridge,group_f_pm25_met_fire_transport,22,29.0475,"{""alpha"": 120.33942587862632}",COMPLETE
ridge__group_f_pm25_met_fire_transport,ridge,group_f_pm25_met_fire_transport,23,29.0474,"{""alpha"": 67.925647652496}",COMPLETE
ridge__group_f_pm25_met_fire_transport,ridge,group_f_pm25_met_fire_transport,24,29.2566,"{""alpha"": 15.706998973463422}",COMPLETE
ridge__group_f_pm25_met_fire_transport,ridge,group_f_pm25_met_fire_transport,25,29.0658,"{""alpha"": 52.053342870925285}",COMPLETE
ridge__group_f_pm25_met_fire_transport,ridge,group_f_pm25_met_fire_transport,26,29.2788,"{""alpha"": 356.56864459898077}",COMPLETE
ridge__group_f_pm25_met_fire_transport,ridge,group_f_pm25_met_fire_transport,27,29.5244,"{""alpha"": 8.132215896137225}",COMPLETE
ridge__group_f_pm25_met_fire_transport,ridge,group_f_pm25_met_fire_transport,28,30.6253,"{""alpha"": 2.0171700016254452}",COMPLETE
ridge__group_f_pm25_met_fire_transport,ridge,group_f_pm25_met_fire_transport,29,29.0378,"{""alpha"": 84.26043792933547}",COMPLETE
ridge__group_f_pm25_met_fire_transport,ridge,group_f_pm25_met_fire_transport,30,29.0501,"{""alpha"": 64.59245480631824}",COMPLETE
ridge__group_f_pm25_met_fire_transport,ridge,group_f_pm25_met_fire_transport,31,29.0599,"{""alpha"": 55.592318818144214}",COMPLETE
ridge__group_f_pm25_met_fire_transport,ridge,group_f_pm25_met_fire_transport,32,29.2955,"{""alpha"": 371.22453872172764}",COMPLETE
ridge__group_f_pm25_met_fire_transport,ridge,group_f_pm25_met_fire_transport,33,29.3654,"{""alpha"": 11.50557555169162}",COMPLETE
ridge__group_f_pm25_met_fire_transport,ridge,group_f_pm25_met_fire_transport,34,29.0583,"{""alpha"": 56.85571356198853}",COMPLETE
ridge__group_f_pm25_met_fire_transport,ridge,group_f_pm25_met_fire_transport,35,29.1411,"{""alpha"": 28.05158682294595}",COMPLETE
ridge__group_f_pm25_met_fire_transport,ridge,group_f_pm25_met_fire_transport,36,30.9522,"{""alpha"": 1.4380747061798598}",COMPLETE
ridge__group_f_pm25_met_fire_transport,ridge,group_f_pm25_met_fire_transport,37,29.275,"{""alpha"": 353.3065134036981}",COMPLETE
ridge__group_f_pm25_met_fire_transport,ridge,group_f_pm25_met_fire_transport,38,33.2968,"{""alpha"": 0.03386055834904385}",COMPLETE
ridge__group_f_pm25_met_fire_transport,ridge,group_f_pm25_met_fire_transport,39,29.0389,"{""alpha"": 93.77266289015247}",COMPLETE
ridge__group_f_pm25_met_fire_transport,ridge,group_f_pm25_met_fire_transport,40,29.1723,"{""alpha"": 22.14119539767864}",COMPLETE
ridge__group_f_pm25_met_fire_transport,ridge,group_f_pm25_met_fire_transport,41,29.0374,"{""alpha"": 86.9915013593473}",COMPLETE
ridge__group_f_pm25_met_fire_transport,ridge,group_f_pm25_met_fire_transport,42,29.0378,"{""alpha"": 89.05742394073293}",COMPLETE
ridge__group_f_pm25_met_fire_transport,ridge,group_f_pm25_met_fire_transport,43,29.0385,"{""alpha"": 82.48437326352581}",COMPLETE
ridge__group_f_pm25_met_fire_transport,ridge,group_f_pm25_met_fire_transport,44,29.1922,"{""alpha"": 281.7998960049697}",COMPLETE
ridge__group_f_pm25_met_fire_transport,ridge,group_f_pm25_met_fire_transport,45,30.0108,"{""alpha"": 969.9447726025899}",COMPLETE
ridge__group_f_pm25_met_fire_transport,ridge,group_f_pm25_met_fire_transport,46,29.1418,"{""alpha"": 27.865716465718794}",COMPLETE
ridge__group_f_pm25_met_fire_transport,ridge,group_f_pm25_met_fire_transport,47,29.3485,"{""alpha"": 12.000282790089763}",COMPLETE
ridge__group_f_pm25_met_fire_transport,ridge,group_f_pm25_met_fire_transport,48,29.0373,"{""alpha"": 85.87878668604696}",COMPLETE
ridge__group_f_pm25_met_fire_transport,ridge,group_f_pm25_met_fire_transport,49,29.1429,"{""alpha"": 236.20003767533913}",COMPLETE
ridge__domain_reduced,ridge,domain_reduced,0,28.2425,"{""alpha"": 0.1767016940294795}",COMPLETE
ridge__domain_reduced,ridge,domain_reduced,1,29.4807,"{""alpha"": 506.1576888752306}",COMPLETE
ridge__domain_reduced,ridge,domain_reduced,2,28.389,"{""alpha"": 24.658329458549105}",COMPLETE
ridge__domain_reduced,ridge,domain_reduced,3,28.2611,"{""alpha"": 3.907967156822881}",COMPLETE
ridge__domain_reduced,ridge,domain_reduced,4,28.2419,"{""alpha"": 0.008632008168602538}",COMPLETE
ridge__domain_reduced,ridge,domain_reduced,5,28.2419,"{""alpha"": 0.008629132190071854}",COMPLETE
ridge__domain_reduced,ridge,domain_reduced,6,28.2418,"{""alpha"": 0.002231010801867922}",COMPLETE
ridge__domain_reduced,ridge,domain_reduced,7,28.8048,"{""alpha"": 157.41890047456639}",COMPLETE
ridge__domain_reduced,ridge,domain_reduced,8,28.2618,"{""alpha"": 4.0428727350273315}",COMPLETE
ridge__domain_reduced,ridge,domain_reduced,9,28.3481,"{""alpha"": 17.71884735480682}",COMPLETE
ridge__domain_reduced,ridge,domain_reduced,10,28.2418,"{""alpha"": 0.0015082026802479354}",COMPLETE
ridge__domain_reduced,ridge,domain_reduced,11,28.2418,"{""alpha"": 0.0010266895107989367}",COMPLETE
ridge__domain_reduced,ridge,domain_reduced,12,28.2418,"{""alpha"": 0.0011099001648454435}",COMPLETE
ridge__domain_reduced,ridge,domain_reduced,13,28.2422,"{""alpha"": 0.10555340603900455}",COMPLETE
ridge__domain_reduced,ridge,domain_reduced,14,28.242,"{""alpha"": 0.05445641112218885}",COMPLETE
ridge__domain_reduced,ridge,domain_reduced,15,28.2419,"{""alpha"": 0.011039138369300509}",COMPLETE
ridge__domain_reduced,ridge,domain_reduced,16,28.2418,"{""alpha"": 0.001116732751124201}",COMPLETE
ridge__domain_reduced,ridge,domain_reduced,17,28.2419,"{""alpha"": 0.033313705281620865}",COMPLETE
ridge__domain_reduced,ridge,domain_reduced,18,28.2418,"{""alpha"": 0.0048497281897022775}",COMPLETE
ridge__domain_reduced,ridge,domain_reduced,19,28.2428,"{""alpha"": 0.2579772607386127}",COMPLETE
ridge__domain_reduced,ridge,domain_reduced,20,28.2419,"{""alpha"": 0.020121008624260344}",COMPLETE
ridge__domain_reduced,ridge,domain_reduced,21,28.2418,"{""alpha"": 0.0010520624396722594}",COMPLETE
ridge__domain_reduced,ridge,domain_reduced,22,28.2418,"{""alpha"": 0.0011470630649403019}",COMPLETE
ridge__domain_reduced,ridge,domain_reduced,23,28.2418,"{""alpha"": 0.0037394879405060117}",COMPLETE
ridge__domain_reduced,ridge,domain_reduced,24,28.2418,"{""alpha"": 0.00359298445264409}",COMPLETE
ridge__domain_reduced,ridge,domain_reduced,25,28.2418,"{""alpha"": 0.00112709591002927}",COMPLETE
ridge__domain_reduced,ridge,domain_reduced,26,28.2419,"{""alpha"": 0.01854078974989932}",COMPLETE
ridge__domain_reduced,ridge,domain_reduced,27,28.2418,"{""alpha"": 0.0045534526224173455}",COMPLETE
ridge__domain_reduced,ridge,domain_reduced,28,28.242,"{""alpha"": 0.057358816261787494}",COMPLETE
ridge__domain_reduced,ridge,domain_reduced,29,28.2426,"{""alpha"": 0.21162414884556197}",COMPLETE
ridge__domain_reduced,ridge,domain_reduced,30,28.2418,"{""alpha"": 0.0026461581509338652}",COMPLETE
ridge__domain_reduced,ridge,domain_reduced,31,28.2418,"{""alpha"": 0.0010658441287145636}",COMPLETE
ridge__domain_reduced,ridge,domain_reduced,32,28.2418,"{""alpha"": 0.0075071299417457426}",COMPLETE
ridge__domain_reduced,ridge,domain_reduced,33,28.2418,"{""alpha"": 0.002157911399040983}",COMPLETE
ridge__domain_reduced,ridge,domain_reduced,34,28.2418,"{""alpha"": 0.0011444694458819878}",COMPLETE
ridge__domain_reduced,ridge,domain_reduced,35,28.2419,"{""alpha"": 0.01649898892785432}",COMPLETE
ridge__domain_reduced,ridge,domain_reduced,36,28.2418,"{""alpha"": 0.005974109638350014}",COMPLETE
ridge__domain_reduced,ridge,domain_reduced,37,28.2418,"{""alpha"": 0.0021557920018817735}",COMPLETE
ridge__domain_reduced,ridge,domain_reduced,38,28.2418,"{""alpha"": 0.0029564756729326554}",COMPLETE
ridge__domain_reduced,ridge,domain_reduced,39,28.244,"{""alpha"": 0.5486054780596608}",COMPLETE
ridge__domain_reduced,ridge,domain_reduced,40,30.6136,"{""alpha"": 991.2304431814069}",COMPLETE
ridge__domain_reduced,ridge,domain_reduced,41,28.2418,"{""alpha"": 0.0010197602550120195}",COMPLETE
ridge__domain_reduced,ridge,domain_reduced,42,28.2418,"{""alpha"": 0.0010607092564424935}",COMPLETE
ridge__domain_reduced,ridge,domain_reduced,43,28.2419,"{""alpha"": 0.008934372269322309}",COMPLETE
ridge__domain_reduced,ridge,domain_reduced,44,28.2418,"{""alpha"": 0.002194079351354796}",COMPLETE
ridge__domain_reduced,ridge,domain_reduced,45,28.2418,"{""alpha"": 0.001833395202665057}",COMPLETE
ridge__domain_reduced,ridge,domain_reduced,46,28.2419,"{""alpha"": 0.011797849164052337}",COMPLETE
ridge__domain_reduced,ridge,domain_reduced,47,28.2418,"{""alpha"": 0.0056192093453594815}",COMPLETE
ridge__domain_reduced,ridge,domain_reduced,48,28.5862,"{""alpha"": 70.53362535173834}",COMPLETE
ridge__domain_reduced,ridge,domain_reduced,49,28.2418,"{""alpha"": 0.0010131239639593317}",COMPLETE
elasticnet__set_b_pm25_history,elasticnet,set_b_pm25_history,0,28.0875,"{""alpha"": 0.0745934328572655, ""l1_ratio"": 0.9056428757689245}",COMPLETE
elasticnet__set_b_pm25_history,elasticnet,set_b_pm25_history,1,30.432,"{""alpha"": 4.5705630998014515, ""l1_ratio"": 0.588792635777333}",COMPLETE
elasticnet__set_b_pm25_history,elasticnet,set_b_pm25_history,2,28.1521,"{""alpha"": 0.006026889128682512, ""l1_ratio"": 0.19039506830258235}",COMPLETE
elasticnet__set_b_pm25_history,elasticnet,set_b_pm25_history,3,28.3459,"{""alpha"": 0.0019517224641449498, ""l1_ratio"": 0.8295585311974416}",COMPLETE
elasticnet__set_b_pm25_history,elasticnet,set_b_pm25_history,4,28.8059,"{""alpha"": 1.0129197956845732, ""l1_ratio"": 0.6872653200164409}",COMPLETE
elasticnet__set_b_pm25_history,elasticnet,set_b_pm25_history,5,28.4174,"{""alpha"": 0.001267425589893723, ""l1_ratio"": 0.9229188669457948}",COMPLETE
elasticnet__set_b_pm25_history,elasticnet,set_b_pm25_history,6,39.31,"{""alpha"": 14.528246637516036, ""l1_ratio"": 0.24110519961044852}",COMPLETE
elasticnet__set_b_pm25_history,elasticnet,set_b_pm25_history,7,28.1431,"{""alpha"": 0.008111941985431923, ""l1_ratio"": 0.21506405886809044}",COMPLETE
elasticnet__set_b_pm25_history,elasticnet,set_b_pm25_history,8,28.1343,"{""alpha"": 0.033205591037519584, ""l1_ratio"": 0.522280788469014}",COMPLETE
elasticnet__set_b_pm25_history,elasticnet,set_b_pm25_history,9,28.412,"{""alpha"": 0.14445251022763064, ""l1_ratio"": 0.3121062261782377}",COMPLETE
elasticnet__set_b_pm25_history,elasticnet,set_b_pm25_history,10,60.7679,"{""alpha"": 57.23510936899938, ""l1_ratio"": 0.055397464660235485}",COMPLETE
elasticnet__set_b_pm25_history,elasticnet,set_b_pm25_history,11,28.2583,"{""alpha"": 0.09988151348099307, ""l1_ratio"": 0.48026779060388436}",COMPLETE
elasticnet__set_b_pm25_history,elasticnet,set_b_pm25_history,12,28.1458,"{""alpha"": 0.07301619300638301, ""l1_ratio"": 0.7375541248888503}",COMPLETE
elasticnet__set_b_pm25_history,elasticnet,set_b_pm25_history,13,28.1251,"{""alpha"": 0.02044749571764568, ""l1_ratio"": 0.48057061460297307}",COMPLETE
elasticnet__set_b_pm25_history,elasticnet,set_b_pm25_history,14,28.776,"{""alpha"": 0.5467530386354753, ""l1_ratio"": 0.3916438190782011}",COMPLETE
elasticnet__set_b_pm25_history,elasticnet,set_b_pm25_history,15,28.1426,"{""alpha"": 0.02533989267880571, ""l1_ratio"": 0.9012287479763417}",COMPLETE
elasticnet__set_b_pm25_history,elasticnet,set_b_pm25_history,16,28.5078,"{""alpha"": 0.3573504630361766, ""l1_ratio"": 0.7150275654903663}",COMPLETE
elasticnet__set_b_pm25_history,elasticnet,set_b_pm25_history,17,29.1298,"{""alpha"": 1.7291268484303124, ""l1_ratio"": 0.6075805488202393}",COMPLETE
elasticnet__set_b_pm25_history,elasticnet,set_b_pm25_history,18,28.16,"{""alpha"": 0.006313486264438953, ""l1_ratio"": 0.42408148086376063}",COMPLETE
elasticnet__set_b_pm25_history,elasticnet,set_b_pm25_history,19,28.132,"{""alpha"": 0.02162496258477145, ""l1_ratio"": 0.8039542944218661}",COMPLETE
elasticnet__set_b_pm25_history,elasticnet,set_b_pm25_history,20,28.5341,"{""alpha"": 0.17226300104623252, ""l1_ratio"": 0.07373127596522683}",COMPLETE
elasticnet__set_b_pm25_history,elasticnet,set_b_pm25_history,21,28.1483,"{""alpha"": 0.017480416893749972, ""l1_ratio"": 0.8303795160407804}",COMPLETE
elasticnet__set_b_pm25_history,elasticnet,set_b_pm25_history,22,28.1061,"{""alpha"": 0.04372139670859999, ""l1_ratio"": 0.8218263522610114}",COMPLETE
elasticnet__set_b_pm25_history,elasticnet,set_b_pm25_history,23,28.0842,"{""alpha"": 0.0734508913369577, ""l1_ratio"": 0.9464148785726918}",COMPLETE
elasticnet__set_b_pm25_history,elasticnet,set_b_pm25_history,24,28.0943,"{""alpha"": 0.06275212239442156, ""l1_ratio"": 0.9462947710997344}",COMPLETE
elasticnet__set_b_pm25_history,elasticnet,set_b_pm25_history,25,28.2367,"{""alpha"": 0.34485224058548297, ""l1_ratio"": 0.9398051412878029}",COMPLETE
elasticnet__set_b_pm25_history,elasticnet,set_b_pm25_history,26,28.157,"{""alpha"": 0.1831549402943224, ""l1_ratio"": 0.8772927640259814}",COMPLETE
elasticnet__set_b_pm25_history,elasticnet,set_b_pm25_history,27,28.8399,"{""alpha"": 2.7615159740375073, ""l1_ratio"": 0.9492424541625003}",COMPLETE
elasticnet__set_b_pm25_history,elasticnet,set_b_pm25_history,28,28.1309,"{""alpha"": 0.06477318714686435, ""l1_ratio"": 0.7598514857084215}",COMPLETE
elasticnet__set_b_pm25_history,elasticnet,set_b_pm25_history,29,31.7202,"{""alpha"": 10.420055798976444, ""l1_ratio"": 0.8585950637885518}",COMPLETE
elasticnet__set_b_pm25_history,elasticnet,set_b_pm25_history,30,28.7538,"{""alpha"": 0.7537558488955943, ""l1_ratio"": 0.6537564840490399}",COMPLETE
elasticnet__set_b_pm25_history,elasticnet,set_b_pm25_history,31,28.1135,"{""alpha"": 0.053446610652262146, ""l1_ratio"": 0.7851011570636979}",COMPLETE
elasticnet__set_b_pm25_history,elasticnet,set_b_pm25_history,32,28.2084,"{""alpha"": 0.010281593403530954, ""l1_ratio"": 0.8815552843391887}",COMPLETE
elasticnet__set_b_pm25_history,elasticnet,set_b_pm25_history,33,28.2669,"{""alpha"": 0.0044142496001239075, ""l1_ratio"": 0.8431156940009701}",COMPLETE
elasticnet__set_b_pm25_history,elasticnet,set_b_pm25_history,34,28.2879,"{""alpha"": 0.002737485803682838, ""l1_ratio"": 0.7831311158121288}",COMPLETE
elasticnet__set_b_pm25_history,elasticnet,set_b_pm25_history,35,28.1059,"{""alpha"": 0.04366996565323359, ""l1_ratio"": 0.9016767347638217}",COMPLETE
elasticnet__set_b_pm25_history,elasticnet,set_b_pm25_history,36,28.189,"{""alpha"": 0.2585199871938781, ""l1_ratio"": 0.9038256432827475}",COMPLETE
elasticnet__set_b_pm25_history,elasticnet,set_b_pm25_history,37,28.2139,"{""alpha"": 0.01261667457850999, ""l1_ratio"": 0.9289273063563455}",COMPLETE
elasticnet__set_b_pm25_history,elasticnet,set_b_pm25_history,38,28.1227,"{""alpha"": 0.04001629155745107, ""l1_ratio"": 0.6817033987555026}",COMPLETE
elasticnet__set_b_pm25_history,elasticnet,set_b_pm25_history,39,28.7133,"{""alpha"": 1.2143304834549713, ""l1_ratio"": 0.8661785374921276}",COMPLETE
elasticnet__set_b_pm25_history,elasticnet,set_b_pm25_history,40,28.0745,"{""alpha"": 0.10227066884737217, ""l1_ratio"": 0.9448270440514479}",COMPLETE
elasticnet__set_b_pm25_history,elasticnet,set_b_pm25_history,41,28.0747,"{""alpha"": 0.09318947727858382, ""l1_ratio"": 0.9448129875291078}",COMPLETE
elasticnet__set_b_pm25_history,elasticnet,set_b_pm25_history,42,28.0778,"{""alpha"": 0.11307059351261263, ""l1_ratio"": 0.9378728419523902}",COMPLETE
elasticnet__set_b_pm25_history,elasticnet,set_b_pm25_history,43,28.139,"{""alpha"": 0.11682996948666763, ""l1_ratio"": 0.8446271749891868}",COMPLETE
elasticnet__set_b_pm25_history,elasticnet,set_b_pm25_history,44,28.1143,"{""alpha"": 0.13116682058862805, ""l1_ratio"": 0.8997586783921208}",COMPLETE
elasticnet__set_b_pm25_history,elasticnet,set_b_pm25_history,45,28.401,"{""alpha"": 0.5061603452974996, ""l1_ratio"": 0.9490523574456772}",COMPLETE
elasticnet__set_b_pm25_history,elasticnet,set_b_pm25_history,46,28.1507,"{""alpha"": 0.08266878465211211, ""l1_ratio"": 0.7516267782256008}",COMPLETE
elasticnet__set_b_pm25_history,elasticnet,set_b_pm25_history,47,28.2427,"{""alpha"": 0.21794305306884854, ""l1_ratio"": 0.8034984714634534}",COMPLETE
elasticnet__set_b_pm25_history,elasticnet,set_b_pm25_history,48,28.1185,"{""alpha"": 0.03138378870470167, ""l1_ratio"": 0.87727502758368}",COMPLETE
elasticnet__set_b_pm25_history,elasticnet,set_b_pm25_history,49,28.0942,"{""alpha"": 0.1136415900025557, ""l1_ratio"": 0.9124472362814626}",COMPLETE
elasticnet__group_c_pm25_meteorology,elasticnet,group_c_pm25_meteorology,0,29.1308,"{""alpha"": 0.0745934328572655, ""l1_ratio"": 0.9056428757689245}",COMPLETE
elasticnet__group_c_pm25_meteorology,elasticnet,group_c_pm25_meteorology,1,31.3382,"{""alpha"": 4.5705630998014515, ""l1_ratio"": 0.588792635777333}",COMPLETE
elasticnet__group_c_pm25_meteorology,elasticnet,group_c_pm25_meteorology,2,30.0015,"{""alpha"": 0.006026889128682512, ""l1_ratio"": 0.19039506830258235}",COMPLETE
elasticnet__group_c_pm25_meteorology,elasticnet,group_c_pm25_meteorology,3,31.9278,"{""alpha"": 0.0019517224641449498, ""l1_ratio"": 0.8295585311974416}",COMPLETE
elasticnet__group_c_pm25_meteorology,elasticnet,group_c_pm25_meteorology,4,29.2793,"{""alpha"": 1.0129197956845732, ""l1_ratio"": 0.6872653200164409}",COMPLETE
elasticnet__group_c_pm25_meteorology,elasticnet,group_c_pm25_meteorology,5,32.4814,"{""alpha"": 0.001267425589893723, ""l1_ratio"": 0.9229188669457948}",COMPLETE
elasticnet__group_c_pm25_meteorology,elasticnet,group_c_pm25_meteorology,6,38.6574,"{""alpha"": 14.528246637516036, ""l1_ratio"": 0.24110519961044852}",COMPLETE
elasticnet__group_c_pm25_meteorology,elasticnet,group_c_pm25_meteorology,7,29.809,"{""alpha"": 0.008111941985431923, ""l1_ratio"": 0.21506405886809044}",COMPLETE
elasticnet__group_c_pm25_meteorology,elasticnet,group_c_pm25_meteorology,8,29.1977,"{""alpha"": 0.033205591037519584, ""l1_ratio"": 0.522280788469014}",COMPLETE
elasticnet__group_c_pm25_meteorology,elasticnet,group_c_pm25_meteorology,9,29.0813,"{""alpha"": 0.14445251022763064, ""l1_ratio"": 0.3121062261782377}",COMPLETE
elasticnet__group_c_pm25_meteorology,elasticnet,group_c_pm25_meteorology,10,53.4198,"{""alpha"": 57.65214751161096, ""l1_ratio"": 0.055397464660235485}",COMPLETE
elasticnet__group_c_pm25_meteorology,elasticnet,group_c_pm25_meteorology,11,29.03,"{""alpha"": 0.09988151348099307, ""l1_ratio"": 0.3629204439671533}",COMPLETE
elasticnet__group_c_pm25_meteorology,elasticnet,group_c_pm25_meteorology,12,29.1394,"{""alpha"": 0.27403562678437016, ""l1_ratio"": 0.4070544610856886}",COMPLETE
elasticnet__group_c_pm25_meteorology,elasticnet,group_c_pm25_meteorology,13,29.2213,"{""alpha"": 0.36411068192597834, ""l1_ratio"": 0.36900082868495615}",COMPLETE
elasticnet__group_c_pm25_meteorology,elasticnet,group_c_pm25_meteorology,14,29.0384,"{""alpha"": 0.057356234613819224, ""l1_ratio"": 0.38848715567088404}",COMPLETE
elasticnet__group_c_pm25_meteorology,elasticnet,group_c_pm25_meteorology,15,29.2925,"{""alpha"": 0.02533989267880571, ""l1_ratio"": 0.45331445759237377}",COMPLETE
elasticnet__group_c_pm25_meteorology,elasticnet,group_c_pm25_meteorology,16,29.5224,"{""alpha"": 1.1718558005463406, ""l1_ratio"": 0.5763893724482554}",COMPLETE
elasticnet__group_c_pm25_meteorology,elasticnet,group_c_pm25_meteorology,17,29.2369,"{""alpha"": 0.020481270530581727, ""l1_ratio"": 0.09669568008494267}",COMPLETE
elasticnet__group_c_pm25_meteorology,elasticnet,group_c_pm25_meteorology,18,29.323,"{""alpha"": 1.0862289420171258, ""l1_ratio"": 0.6757641369532336}",COMPLETE
elasticnet__group_c_pm25_meteorology,elasticnet,group_c_pm25_meteorology,19,29.0326,"{""alpha"": 0.06941912673558323, ""l1_ratio"": 0.3429391835346719}",COMPLETE
elasticnet__group_c_pm25_meteorology,elasticnet,group_c_pm25_meteorology,20,29.9354,"{""alpha"": 0.007407678940865716, ""l1_ratio"": 0.2929697099637434}",COMPLETE
elasticnet__group_c_pm25_meteorology,elasticnet,group_c_pm25_meteorology,21,29.0088,"{""alpha"": 0.06882392669417388, ""l1_ratio"": 0.46780352855611723}",COMPLETE
elasticnet__group_c_pm25_meteorology,elasticnet,group_c_pm25_meteorology,22,29.0211,"{""alpha"": 0.1516648503514875, ""l1_ratio"": 0.47685441439898685}",COMPLETE
elasticnet__group_c_pm25_meteorology,elasticnet,group_c_pm25_meteorology,23,29.0912,"{""alpha"": 0.25494263183846316, ""l1_ratio"": 0.47759852532598557}",COMPLETE
elasticnet__group_c_pm25_meteorology,elasticnet,group_c_pm25_meteorology,24,28.9275,"{""alpha"": 0.17088098623664638, ""l1_ratio"": 0.6672291814086855}",COMPLETE
elasticnet__group_c_pm25_meteorology,elasticnet,group_c_pm25_meteorology,25,29.1274,"{""alpha"": 0.5618454247934557, ""l1_ratio"": 0.7001369280849803}",COMPLETE
elasticnet__group_c_pm25_meteorology,elasticnet,group_c_pm25_meteorology,26,29.5064,"{""alpha"": 2.101622938004412, ""l1_ratio"": 0.7565839443533606}",COMPLETE
elasticnet__group_c_pm25_meteorology,elasticnet,group_c_pm25_meteorology,27,31.7442,"{""alpha"": 5.01178476918643, ""l1_ratio"": 0.5599048368584387}",COMPLETE
elasticnet__group_c_pm25_meteorology,elasticnet,group_c_pm25_meteorology,28,28.9567,"{""alpha"": 0.14695561491571482, ""l1_ratio"": 0.6032134252792593}",COMPLETE
elasticnet__group_c_pm25_meteorology,elasticnet,group_c_pm25_meteorology,29,30.3784,"{""alpha"": 0.01346808411449191, ""l1_ratio"": 0.8416525340538609}",COMPLETE
elasticnet__group_c_pm25_meteorology,elasticnet,group_c_pm25_meteorology,30,29.0957,"{""alpha"": 0.0469548476662106, ""l1_ratio"": 0.6326263181738031}",COMPLETE
elasticnet__group_c_pm25_meteorology,elasticnet,group_c_pm25_meteorology,31,29.0113,"{""alpha"": 0.14372868475382486, ""l1_ratio"": 0.4858704787396445}",COMPLETE
elasticnet__group_c_pm25_meteorology,elasticnet,group_c_pm25_meteorology,32,28.8653,"{""alpha"": 0.1766763549520047, ""l1_ratio"": 0.7537346101409794}",COMPLETE
elasticnet__group_c_pm25_meteorology,elasticnet,group_c_pm25_meteorology,33,29.0195,"{""alpha"": 0.4080064241358559, ""l1_ratio"": 0.7400969519661029}",COMPLETE
elasticnet__group_c_pm25_meteorology,elasticnet,group_c_pm25_meteorology,34,28.9243,"{""alpha"": 0.08736819689547133, ""l1_ratio"": 0.8016970822462237}",COMPLETE
elasticnet__group_c_pm25_meteorology,elasticnet,group_c_pm25_meteorology,35,29.0132,"{""alpha"": 0.6727189055424994, ""l1_ratio"": 0.845320505525983}",COMPLETE
elasticnet__group_c_pm25_meteorology,elasticnet,group_c_pm25_meteorology,36,29.4683,"{""alpha"": 2.2528159538097534, ""l1_ratio"": 0.7828650700468732}",COMPLETE
elasticnet__group_c_pm25_meteorology,elasticnet,group_c_pm25_meteorology,37,28.9543,"{""alpha"": 0.16718992877917033, ""l1_ratio"": 0.62552161964379}",COMPLETE
elasticnet__group_c_pm25_meteorology,elasticnet,group_c_pm25_meteorology,38,32.0331,"{""alpha"": 0.002584600417481393, ""l1_ratio"": 0.8997060819446261}",COMPLETE
elasticnet__group_c_pm25_meteorology,elasticnet,group_c_pm25_meteorology,39,28.9707,"{""alpha"": 0.23055397698150024, ""l1_ratio"": 0.6500997315451484}",COMPLETE
elasticnet__group_c_pm25_meteorology,elasticnet,group_c_pm25_meteorology,40,29.4337,"{""alpha"": 0.0357640833611464, ""l1_ratio"": 0.7846351039349928}",COMPLETE
elasticnet__group_c_pm25_meteorology,elasticnet,group_c_pm25_meteorology,41,28.9386,"{""alpha"": 0.11154425491992515, ""l1_ratio"": 0.6320116130626299}",COMPLETE
elasticnet__group_c_pm25_meteorology,elasticnet,group_c_pm25_meteorology,42,29.7172,"{""alpha"": 0.019898423602045582, ""l1_ratio"": 0.7024790441112181}",COMPLETE
elasticnet__group_c_pm25_meteorology,elasticnet,group_c_pm25_meteorology,43,28.9428,"{""alpha"": 0.09070052036064731, ""l1_ratio"": 0.8809881183016232}",COMPLETE
elasticnet__group_c_pm25_meteorology,elasticnet,group_c_pm25_meteorology,44,28.9457,"{""alpha"": 0.09417797451814085, ""l1_ratio"": 0.9003534600907778}",COMPLETE
elasticnet__group_c_pm25_meteorology,elasticnet,group_c_pm25_meteorology,45,28.9186,"{""alpha"": 0.5931169600403065, ""l1_ratio"": 0.9450993965275009}",COMPLETE
elasticnet__group_c_pm25_meteorology,elasticnet,group_c_pm25_meteorology,46,29.048,"{""alpha"": 0.6755674151217861, ""l1_ratio"": 0.8151959796441248}",COMPLETE
elasticnet__group_c_pm25_meteorology,elasticnet,group_c_pm25_meteorology,47,29.4345,"{""alpha"": 1.7102554794950113, ""l1_ratio"": 0.7332533026812496}",COMPLETE
elasticnet__group_c_pm25_meteorology,elasticnet,group_c_pm25_meteorology,48,31.7516,"{""alpha"": 12.454803532397177, ""l1_ratio"": 0.9368176628539862}",COMPLETE
elasticnet__group_c_pm25_meteorology,elasticnet,group_c_pm25_meteorology,49,29.6199,"{""alpha"": 4.24340840059329, ""l1_ratio"": 0.8714723614153779}",COMPLETE
elasticnet__group_e_pm25_met_fire,elasticnet,group_e_pm25_met_fire,0,29.1172,"{""alpha"": 0.0745934328572655, ""l1_ratio"": 0.9056428757689245}",COMPLETE
elasticnet__group_e_pm25_met_fire,elasticnet,group_e_pm25_met_fire,1,30.9238,"{""alpha"": 4.5705630998014515, ""l1_ratio"": 0.588792635777333}",COMPLETE
elasticnet__group_e_pm25_met_fire,elasticnet,group_e_pm25_met_fire,2,30.0167,"{""alpha"": 0.006026889128682512, ""l1_ratio"": 0.19039506830258235}",COMPLETE
elasticnet__group_e_pm25_met_fire,elasticnet,group_e_pm25_met_fire,3,32.2736,"{""alpha"": 0.0019517224641449498, ""l1_ratio"": 0.8295585311974416}",COMPLETE
elasticnet__group_e_pm25_met_fire,elasticnet,group_e_pm25_met_fire,4,28.9884,"{""alpha"": 1.0129197956845732, ""l1_ratio"": 0.6872653200164409}",COMPLETE
elasticnet__group_e_pm25_met_fire,elasticnet,group_e_pm25_met_fire,5,32.9686,"{""alpha"": 0.001267425589893723, ""l1_ratio"": 0.9229188669457948}",COMPLETE
elasticnet__group_e_pm25_met_fire,elasticnet,group_e_pm25_met_fire,6,37.0534,"{""alpha"": 14.528246637516036, ""l1_ratio"": 0.24110519961044852}",COMPLETE
elasticnet__group_e_pm25_met_fire,elasticnet,group_e_pm25_met_fire,7,29.8079,"{""alpha"": 0.008111941985431923, ""l1_ratio"": 0.21506405886809044}",COMPLETE
elasticnet__group_e_pm25_met_fire,elasticnet,group_e_pm25_met_fire,8,29.2185,"{""alpha"": 0.033205591037519584, ""l1_ratio"": 0.522280788469014}",COMPLETE
elasticnet__group_e_pm25_met_fire,elasticnet,group_e_pm25_met_fire,9,29.0061,"{""alpha"": 0.14445251022763064, ""l1_ratio"": 0.3121062261782377}",COMPLETE
elasticnet__group_e_pm25_met_fire,elasticnet,group_e_pm25_met_fire,10,30.0181,"{""alpha"": 1.1420061915668493, ""l1_ratio"": 0.055397464660235485}",COMPLETE
elasticnet__group_e_pm25_met_fire,elasticnet,group_e_pm25_met_fire,11,28.9776,"{""alpha"": 0.38921164215727355, ""l1_ratio"": 0.5230166540376862}",COMPLETE
elasticnet__group_e_pm25_met_fire,elasticnet,group_e_pm25_met_fire,12,28.9118,"{""alpha"": 0.6730780896119943, ""l1_ratio"": 0.6591978249421923}",COMPLETE
elasticnet__group_e_pm25_met_fire,elasticnet,group_e_pm25_met_fire,13,29.0653,"{""alpha"": 0.5449280398972814, ""l1_ratio"": 0.45264797191511374}",COMPLETE
elasticnet__group_e_pm25_met_fire,elasticnet,group_e_pm25_met_fire,14,56.6865,"{""alpha"": 54.3011943484829, ""l1_ratio"": 0.7145649902525187}",COMPLETE
elasticnet__group_e_pm25_met_fire,elasticnet,group_e_pm25_met_fire,15,29.0007,"{""alpha"": 0.21466005668658483, ""l1_ratio"": 0.41650256298244726}",COMPLETE
elasticnet__group_e_pm25_met_fire,elasticnet,group_e_pm25_met_fire,16,30.1949,"{""alpha"": 3.6532246877311567, ""l1_ratio"": 0.6598411632107771}",COMPLETE
elasticnet__group_e_pm25_met_fire,elasticnet,group_e_pm25_met_fire,17,29.369,"{""alpha"": 0.03756435188642075, ""l1_ratio"": 0.782271977162317}",COMPLETE
elasticnet__group_e_pm25_met_fire,elasticnet,group_e_pm25_met_fire,18,30.3332,"{""alpha"": 3.2893002535295657, ""l1_ratio"": 0.5825152723370537}",COMPLETE
elasticnet__group_e_pm25_met_fire,elasticnet,group_e_pm25_met_fire,19,36.7959,"{""alpha"": 15.216154598872949, ""l1_ratio"": 0.3988347836575648}",COMPLETE
elasticnet__group_e_pm25_met_fire,elasticnet,group_e_pm25_met_fire,20,28.9768,"{""alpha"": 0.3866158746659143, ""l1_ratio"": 0.5250010037270287}",COMPLETE
elasticnet__group_e_pm25_met_fire,elasticnet,group_e_pm25_met_fire,21,28.9776,"{""alpha"": 0.40502879346975285, ""l1_ratio"": 0.5217230012638601}",COMPLETE
elasticnet__group_e_pm25_met_fire,elasticnet,group_e_pm25_met_fire,22,29.3226,"{""alpha"": 1.3747215044198868, ""l1_ratio"": 0.6026488494814947}",COMPLETE
elasticnet__group_e_pm25_met_fire,elasticnet,group_e_pm25_met_fire,23,28.9498,"{""alpha"": 0.13256390641619997, ""l1_ratio"": 0.4893872830987399}",COMPLETE
elasticnet__group_e_pm25_met_fire,elasticnet,group_e_pm25_met_fire,24,29.0255,"{""alpha"": 0.0756635274186191, ""l1_ratio"": 0.34212187590052356}",COMPLETE
elasticnet__group_e_pm25_met_fire,elasticnet,group_e_pm25_met_fire,25,29.9995,"{""alpha"": 0.015153015381721535, ""l1_ratio"": 0.7456150279498321}",COMPLETE
elasticnet__group_e_pm25_met_fire,elasticnet,group_e_pm25_met_fire,26,28.9781,"{""alpha"": 0.20414271316963417, ""l1_ratio"": 0.4676917965051871}",COMPLETE
elasticnet__group_e_pm25_met_fire,elasticnet,group_e_pm25_met_fire,27,28.9547,"{""alpha"": 0.1011066796608568, ""l1_ratio"": 0.6302063167412771}",COMPLETE
elasticnet__group_e_pm25_met_fire,elasticnet,group_e_pm25_met_fire,28,28.9991,"{""alpha"": 0.07572012633458437, ""l1_ratio"": 0.6027357567383522}",COMPLETE
elasticnet__group_e_pm25_met_fire,elasticnet,group_e_pm25_met_fire,29,29.8168,"{""alpha"": 0.02443852381263657, ""l1_ratio"": 0.8416525340538609}",COMPLETE
elasticnet__group_e_pm25_met_fire,elasticnet,group_e_pm25_met_fire,30,28.9349,"{""alpha"": 0.11669990391363161, ""l1_ratio"": 0.6419661397806519}",COMPLETE
elasticnet__group_e_pm25_met_fire,elasticnet,group_e_pm25_met_fire,31,28.941,"{""alpha"": 0.11041692464823287, ""l1_ratio"": 0.6393323456839782}",COMPLETE
elasticnet__group_e_pm25_met_fire,elasticnet,group_e_pm25_met_fire,32,29.1661,"{""alpha"": 0.050005819756592476, ""l1_ratio"": 0.7541211913102952}",COMPLETE
elasticnet__group_e_pm25_met_fire,elasticnet,group_e_pm25_met_fire,33,30.0102,"{""alpha"": 0.012327770486325731, ""l1_ratio"": 0.6648471041128463}",COMPLETE
elasticnet__group_e_pm25_met_fire,elasticnet,group_e_pm25_met_fire,34,31.551,"{""alpha"": 0.004356338531005941, ""l1_ratio"": 0.8327526055413768}",COMPLETE
elasticnet__group_e_pm25_met_fire,elasticnet,group_e_pm25_met_fire,35,28.9267,"{""alpha"": 0.17368114997078554, ""l1_ratio"": 0.5776366638625504}",COMPLETE
elasticnet__group_e_pm25_met_fire,elasticnet,group_e_pm25_met_fire,36,29.0216,"{""alpha"": 0.6864700036759777, ""l1_ratio"": 0.5672254303560231}",COMPLETE
elasticnet__group_e_pm25_met_fire,elasticnet,group_e_pm25_met_fire,37,29.2856,"{""alpha"": 1.8352535025905257, ""l1_ratio"": 0.717795835375441}",COMPLETE
elasticnet__group_e_pm25_met_fire,elasticnet,group_e_pm25_met_fire,38,28.7466,"{""alpha"": 0.2652032650731302, ""l1_ratio"": 0.87364352642611}",COMPLETE
elasticnet__group_e_pm25_met_fire,elasticnet,group_e_pm25_met_fire,39,28.7373,"{""alpha"": 0.24497891125070018, ""l1_ratio"": 0.8729705528967378}",COMPLETE
elasticnet__group_e_pm25_met_fire,elasticnet,group_e_pm25_met_fire,40,29.8006,"{""alpha"": 6.946820722566084, ""l1_ratio"": 0.9309033253426703}",COMPLETE
elasticnet__group_e_pm25_met_fire,elasticnet,group_e_pm25_met_fire,41,28.7513,"{""alpha"": 0.2341644207150001, ""l1_ratio"": 0.8579215299286659}",COMPLETE
elasticnet__group_e_pm25_met_fire,elasticnet,group_e_pm25_met_fire,42,28.7251,"{""alpha"": 0.21262328928277055, ""l1_ratio"": 0.8749795137258951}",COMPLETE
elasticnet__group_e_pm25_met_fire,elasticnet,group_e_pm25_met_fire,43,28.7479,"{""alpha"": 0.2715392447030887, ""l1_ratio"": 0.8754893914143507}",COMPLETE
elasticnet__group_e_pm25_met_fire,elasticnet,group_e_pm25_met_fire,44,28.7485,"{""alpha"": 0.2991566798016411, ""l1_ratio"": 0.8795950197500959}",COMPLETE
elasticnet__group_e_pm25_met_fire,elasticnet,group_e_pm25_met_fire,45,28.7419,"{""alpha"": 0.31070208376471004, ""l1_ratio"": 0.8887931594162403}",COMPLETE
elasticnet__group_e_pm25_met_fire,elasticnet,group_e_pm25_met_fire,46,28.6569,"{""alpha"": 0.8830824306380245, ""l1_ratio"": 0.8992770401379653}",COMPLETE
elasticnet__group_e_pm25_met_fire,elasticnet,group_e_pm25_met_fire,47,28.6553,"{""alpha"": 0.7703274423071592, ""l1_ratio"": 0.916192645542476}",COMPLETE
elasticnet__group_e_pm25_met_fire,elasticnet,group_e_pm25_met_fire,48,28.6373,"{""alpha"": 1.8714106525644114, ""l1_ratio"": 0.9413792078237768}",COMPLETE
elasticnet__group_e_pm25_met_fire,elasticnet,group_e_pm25_met_fire,49,29.2411,"{""alpha"": 2.4209405123872494, ""l1_ratio"": 0.7976580964317381}",COMPLETE
elasticnet__group_f_pm25_met_fire_transport,elasticnet,group_f_pm25_met_fire_transport,0,29.1172,"{""alpha"": 0.0745934328572655, ""l1_ratio"": 0.9056428757689245}",COMPLETE
elasticnet__group_f_pm25_met_fire_transport,elasticnet,group_f_pm25_met_fire_transport,1,30.9238,"{""alpha"": 4.5705630998014515, ""l1_ratio"": 0.588792635777333}",COMPLETE
elasticnet__group_f_pm25_met_fire_transport,elasticnet,group_f_pm25_met_fire_transport,2,30.0167,"{""alpha"": 0.006026889128682512, ""l1_ratio"": 0.19039506830258235}",COMPLETE
elasticnet__group_f_pm25_met_fire_transport,elasticnet,group_f_pm25_met_fire_transport,3,32.2736,"{""alpha"": 0.0019517224641449498, ""l1_ratio"": 0.8295585311974416}",COMPLETE
elasticnet__group_f_pm25_met_fire_transport,elasticnet,group_f_pm25_met_fire_transport,4,28.9884,"{""alpha"": 1.0129197956845732, ""l1_ratio"": 0.6872653200164409}",COMPLETE
elasticnet__group_f_pm25_met_fire_transport,elasticnet,group_f_pm25_met_fire_transport,5,32.9686,"{""alpha"": 0.001267425589893723, ""l1_ratio"": 0.9229188669457948}",COMPLETE
elasticnet__group_f_pm25_met_fire_transport,elasticnet,group_f_pm25_met_fire_transport,6,37.0534,"{""alpha"": 14.528246637516036, ""l1_ratio"": 0.24110519961044852}",COMPLETE
elasticnet__group_f_pm25_met_fire_transport,elasticnet,group_f_pm25_met_fire_transport,7,29.8079,"{""alpha"": 0.008111941985431923, ""l1_ratio"": 0.21506405886809044}",COMPLETE
elasticnet__group_f_pm25_met_fire_transport,elasticnet,group_f_pm25_met_fire_transport,8,29.2185,"{""alpha"": 0.033205591037519584, ""l1_ratio"": 0.522280788469014}",COMPLETE
elasticnet__group_f_pm25_met_fire_transport,elasticnet,group_f_pm25_met_fire_transport,9,29.0061,"{""alpha"": 0.14445251022763064, ""l1_ratio"": 0.3121062261782377}",COMPLETE
elasticnet__group_f_pm25_met_fire_transport,elasticnet,group_f_pm25_met_fire_transport,10,30.0181,"{""alpha"": 1.1420061915668493, ""l1_ratio"": 0.055397464660235485}",COMPLETE
elasticnet__group_f_pm25_met_fire_transport,elasticnet,group_f_pm25_met_fire_transport,11,28.9776,"{""alpha"": 0.38921164215727355, ""l1_ratio"": 0.5230166540376862}",COMPLETE
elasticnet__group_f_pm25_met_fire_transport,elasticnet,group_f_pm25_met_fire_transport,12,28.9118,"{""alpha"": 0.6730780896119943, ""l1_ratio"": 0.6591978249421923}",COMPLETE
elasticnet__group_f_pm25_met_fire_transport,elasticnet,group_f_pm25_met_fire_transport,13,29.0653,"{""alpha"": 0.5449280398972814, ""l1_ratio"": 0.45264797191511374}",COMPLETE
elasticnet__group_f_pm25_met_fire_transport,elasticnet,group_f_pm25_met_fire_transport,14,56.6865,"{""alpha"": 54.3011943484829, ""l1_ratio"": 0.7145649902525187}",COMPLETE
elasticnet__group_f_pm25_met_fire_transport,elasticnet,group_f_pm25_met_fire_transport,15,29.0007,"{""alpha"": 0.21466005668658483, ""l1_ratio"": 0.41650256298244726}",COMPLETE
elasticnet__group_f_pm25_met_fire_transport,elasticnet,group_f_pm25_met_fire_transport,16,30.1949,"{""alpha"": 3.6532246877311567, ""l1_ratio"": 0.6598411632107771}",COMPLETE
elasticnet__group_f_pm25_met_fire_transport,elasticnet,group_f_pm25_met_fire_transport,17,29.369,"{""alpha"": 0.03756435188642075, ""l1_ratio"": 0.782271977162317}",COMPLETE
elasticnet__group_f_pm25_met_fire_transport,elasticnet,group_f_pm25_met_fire_transport,18,30.3332,"{""alpha"": 3.2893002535295657, ""l1_ratio"": 0.5825152723370537}",COMPLETE
elasticnet__group_f_pm25_met_fire_transport,elasticnet,group_f_pm25_met_fire_transport,19,36.7959,"{""alpha"": 15.216154598872949, ""l1_ratio"": 0.3988347836575648}",COMPLETE
elasticnet__group_f_pm25_met_fire_transport,elasticnet,group_f_pm25_met_fire_transport,20,28.9768,"{""alpha"": 0.3866158746659143, ""l1_ratio"": 0.5250010037270287}",COMPLETE
elasticnet__group_f_pm25_met_fire_transport,elasticnet,group_f_pm25_met_fire_transport,21,28.9776,"{""alpha"": 0.40502879346975285, ""l1_ratio"": 0.5217230012638601}",COMPLETE
elasticnet__group_f_pm25_met_fire_transport,elasticnet,group_f_pm25_met_fire_transport,22,29.3226,"{""alpha"": 1.3747215044198868, ""l1_ratio"": 0.6026488494814947}",COMPLETE
elasticnet__group_f_pm25_met_fire_transport,elasticnet,group_f_pm25_met_fire_transport,23,28.9498,"{""alpha"": 0.13256390641619997, ""l1_ratio"": 0.4893872830987399}",COMPLETE
elasticnet__group_f_pm25_met_fire_transport,elasticnet,group_f_pm25_met_fire_transport,24,29.0255,"{""alpha"": 0.0756635274186191, ""l1_ratio"": 0.34212187590052356}",COMPLETE
elasticnet__group_f_pm25_met_fire_transport,elasticnet,group_f_pm25_met_fire_transport,25,29.9995,"{""alpha"": 0.015153015381721535, ""l1_ratio"": 0.7456150279498321}",COMPLETE
elasticnet__group_f_pm25_met_fire_transport,elasticnet,group_f_pm25_met_fire_transport,26,28.9781,"{""alpha"": 0.20414271316963417, ""l1_ratio"": 0.4676917965051871}",COMPLETE
elasticnet__group_f_pm25_met_fire_transport,elasticnet,group_f_pm25_met_fire_transport,27,28.9547,"{""alpha"": 0.1011066796608568, ""l1_ratio"": 0.6302063167412771}",COMPLETE
elasticnet__group_f_pm25_met_fire_transport,elasticnet,group_f_pm25_met_fire_transport,28,28.9991,"{""alpha"": 0.07572012633458437, ""l1_ratio"": 0.6027357567383522}",COMPLETE
elasticnet__group_f_pm25_met_fire_transport,elasticnet,group_f_pm25_met_fire_transport,29,29.8168,"{""alpha"": 0.02443852381263657, ""l1_ratio"": 0.8416525340538609}",COMPLETE
elasticnet__group_f_pm25_met_fire_transport,elasticnet,group_f_pm25_met_fire_transport,30,28.9349,"{""alpha"": 0.11669990391363161, ""l1_ratio"": 0.6419661397806519}",COMPLETE
elasticnet__group_f_pm25_met_fire_transport,elasticnet,group_f_pm25_met_fire_transport,31,28.941,"{""alpha"": 0.11041692464823287, ""l1_ratio"": 0.6393323456839782}",COMPLETE
elasticnet__group_f_pm25_met_fire_transport,elasticnet,group_f_pm25_met_fire_transport,32,29.1661,"{""alpha"": 0.050005819756592476, ""l1_ratio"": 0.7541211913102952}",COMPLETE
elasticnet__group_f_pm25_met_fire_transport,elasticnet,group_f_pm25_met_fire_transport,33,30.0102,"{""alpha"": 0.012327770486325731, ""l1_ratio"": 0.6648471041128463}",COMPLETE
elasticnet__group_f_pm25_met_fire_transport,elasticnet,group_f_pm25_met_fire_transport,34,31.551,"{""alpha"": 0.004356338531005941, ""l1_ratio"": 0.8327526055413768}",COMPLETE
elasticnet__group_f_pm25_met_fire_transport,elasticnet,group_f_pm25_met_fire_transport,35,28.9267,"{""alpha"": 0.17368114997078554, ""l1_ratio"": 0.5776366638625504}",COMPLETE
elasticnet__group_f_pm25_met_fire_transport,elasticnet,group_f_pm25_met_fire_transport,36,29.0216,"{""alpha"": 0.6864700036759777, ""l1_ratio"": 0.5672254303560231}",COMPLETE
elasticnet__group_f_pm25_met_fire_transport,elasticnet,group_f_pm25_met_fire_transport,37,29.2856,"{""alpha"": 1.8352535025905257, ""l1_ratio"": 0.717795835375441}",COMPLETE
elasticnet__group_f_pm25_met_fire_transport,elasticnet,group_f_pm25_met_fire_transport,38,28.7466,"{""alpha"": 0.2652032650731302, ""l1_ratio"": 0.87364352642611}",COMPLETE
elasticnet__group_f_pm25_met_fire_transport,elasticnet,group_f_pm25_met_fire_transport,39,28.7373,"{""alpha"": 0.24497891125070018, ""l1_ratio"": 0.8729705528967378}",COMPLETE
elasticnet__group_f_pm25_met_fire_transport,elasticnet,group_f_pm25_met_fire_transport,40,29.8006,"{""alpha"": 6.946820722566084, ""l1_ratio"": 0.9309033253426703}",COMPLETE
elasticnet__group_f_pm25_met_fire_transport,elasticnet,group_f_pm25_met_fire_transport,41,28.7513,"{""alpha"": 0.2341644207150001, ""l1_ratio"": 0.8579215299286659}",COMPLETE
elasticnet__group_f_pm25_met_fire_transport,elasticnet,group_f_pm25_met_fire_transport,42,28.7251,"{""alpha"": 0.21262328928277055, ""l1_ratio"": 0.8749795137258951}",COMPLETE
elasticnet__group_f_pm25_met_fire_transport,elasticnet,group_f_pm25_met_fire_transport,43,28.7479,"{""alpha"": 0.2715392447030887, ""l1_ratio"": 0.8754893914143507}",COMPLETE
elasticnet__group_f_pm25_met_fire_transport,elasticnet,group_f_pm25_met_fire_transport,44,28.7485,"{""alpha"": 0.2991566798016411, ""l1_ratio"": 0.8795950197500959}",COMPLETE
elasticnet__group_f_pm25_met_fire_transport,elasticnet,group_f_pm25_met_fire_transport,45,28.7419,"{""alpha"": 0.31070208376471004, ""l1_ratio"": 0.8887931594162403}",COMPLETE
elasticnet__group_f_pm25_met_fire_transport,elasticnet,group_f_pm25_met_fire_transport,46,28.6569,"{""alpha"": 0.8830824306380245, ""l1_ratio"": 0.8992770401379653}",COMPLETE
elasticnet__group_f_pm25_met_fire_transport,elasticnet,group_f_pm25_met_fire_transport,47,28.6553,"{""alpha"": 0.7703274423071592, ""l1_ratio"": 0.916192645542476}",COMPLETE
elasticnet__group_f_pm25_met_fire_transport,elasticnet,group_f_pm25_met_fire_transport,48,28.6373,"{""alpha"": 1.8714106525644114, ""l1_ratio"": 0.9413792078237768}",COMPLETE
elasticnet__group_f_pm25_met_fire_transport,elasticnet,group_f_pm25_met_fire_transport,49,29.2411,"{""alpha"": 2.4209405123872494, ""l1_ratio"": 0.7976580964317381}",COMPLETE
elasticnet__domain_reduced,elasticnet,domain_reduced,0,28.2983,"{""alpha"": 0.0745934328572655, ""l1_ratio"": 0.9056428757689245}",COMPLETE
elasticnet__domain_reduced,elasticnet,domain_reduced,1,33.308,"{""alpha"": 4.5705630998014515, ""l1_ratio"": 0.588792635777333}",COMPLETE
elasticnet__domain_reduced,elasticnet,domain_reduced,2,28.2634,"{""alpha"": 0.006026889128682512, ""l1_ratio"": 0.19039506830258235}",COMPLETE
elasticnet__domain_reduced,elasticnet,domain_reduced,3,28.2433,"{""alpha"": 0.0019517224641449498, ""l1_ratio"": 0.8295585311974416}",COMPLETE
elasticnet__domain_reduced,elasticnet,domain_reduced,4,28.9661,"{""alpha"": 1.0129197956845732, ""l1_ratio"": 0.6872653200164409}",COMPLETE
elasticnet__domain_reduced,elasticnet,domain_reduced,5,28.2423,"{""alpha"": 0.001267425589893723, ""l1_ratio"": 0.9229188669457948}",COMPLETE
elasticnet__domain_reduced,elasticnet,domain_reduced,6,53.6223,"{""alpha"": 14.528246637516036, ""l1_ratio"": 0.24110519961044852}",COMPLETE
elasticnet__domain_reduced,elasticnet,domain_reduced,7,28.2703,"{""alpha"": 0.008111941985431923, ""l1_ratio"": 0.21506405886809044}",COMPLETE
elasticnet__domain_reduced,elasticnet,domain_reduced,8,28.3278,"{""alpha"": 0.033205591037519584, ""l1_ratio"": 0.522280788469014}",COMPLETE
elasticnet__domain_reduced,elasticnet,domain_reduced,9,28.6405,"{""alpha"": 0.14445251022763064, ""l1_ratio"": 0.3121062261782377}",COMPLETE
elasticnet__domain_reduced,elasticnet,domain_reduced,10,73.1914,"{""alpha"": 57.87661401538409, ""l1_ratio"": 0.055397464660235485}",COMPLETE
elasticnet__domain_reduced,elasticnet,domain_reduced,11,28.2423,"{""alpha"": 0.0010907785690006102, ""l1_ratio"": 0.9167407523454647}",COMPLETE
elasticnet__domain_reduced,elasticnet,domain_reduced,12,28.2428,"{""alpha"": 0.0010981997118930656, ""l1_ratio"": 0.7857718128494926}",COMPLETE
elasticnet__domain_reduced,elasticnet,domain_reduced,13,28.2447,"{""alpha"": 0.009304278048071614, ""l1_ratio"": 0.9379545190369877}",COMPLETE
elasticnet__domain_reduced,elasticnet,domain_reduced,14,28.243,"{""alpha"": 0.0012479566331963477, ""l1_ratio"": 0.7759445851944716}",COMPLETE
elasticnet__domain_reduced,elasticnet,domain_reduced,15,28.2726,"{""alpha"": 0.018765215527351286, ""l1_ratio"": 0.6548265698184821}",COMPLETE
elasticnet__domain_reduced,elasticnet,domain_reduced,16,28.243,"{""alpha"": 0.0041956750257403095, ""l1_ratio"": 0.9458076259525693}",COMPLETE
elasticnet__domain_reduced,elasticnet,domain_reduced,17,28.7216,"{""alpha"": 0.2567329719927011, ""l1_ratio"": 0.44888927354835456}",COMPLETE
elasticnet__domain_reduced,elasticnet,domain_reduced,18,28.2445,"{""alpha"": 0.003972005324312403, ""l1_ratio"": 0.8425359898087492}",COMPLETE
elasticnet__domain_reduced,elasticnet,domain_reduced,19,28.2811,"{""alpha"": 0.025655012403473714, ""l1_ratio"": 0.689907682898952}",COMPLETE
elasticnet__domain_reduced,elasticnet,domain_reduced,20,28.2444,"{""alpha"": 0.002597993889361097, ""l1_ratio"": 0.7617522183991506}",COMPLETE
elasticnet__domain_reduced,elasticnet,domain_reduced,21,28.2427,"{""alpha"": 0.0011876668313925722, ""l1_ratio"": 0.8370656473712078}",COMPLETE
elasticnet__domain_reduced,elasticnet,domain_reduced,22,28.2425,"{""alpha"": 0.0011503011452671855, ""l1_ratio"": 0.867200791833567}",COMPLETE
elasticnet__domain_reduced,elasticnet,domain_reduced,23,28.2424,"{""alpha"": 0.0010300512526390641, ""l1_ratio"": 0.8806011349645166}",COMPLETE
elasticnet__domain_reduced,elasticnet,domain_reduced,24,28.2469,"{""alpha"": 0.016450596874190603, ""l1_ratio"": 0.9465893212781193}",COMPLETE
elasticnet__domain_reduced,elasticnet,domain_reduced,25,28.2455,"{""alpha"": 0.003423133935755957, ""l1_ratio"": 0.7435246810294867}",COMPLETE
elasticnet__domain_reduced,elasticnet,domain_reduced,26,28.2474,"{""alpha"": 0.009445691359795404, ""l1_ratio"": 0.8693072584826804}",COMPLETE
elasticnet__domain_reduced,elasticnet,domain_reduced,27,28.2459,"{""alpha"": 0.0025188903157930837, ""l1_ratio"": 0.6090384837707791}",COMPLETE
elasticnet__domain_reduced,elasticnet,domain_reduced,28,28.2432,"{""alpha"": 0.0026439286836813895, ""l1_ratio"": 0.8816935519549809}",COMPLETE
elasticnet__domain_reduced,elasticnet,domain_reduced,29,28.3436,"{""alpha"": 0.07699505883514403, ""l1_ratio"": 0.8021503304698319}",COMPLETE
elasticnet__domain_reduced,elasticnet,domain_reduced,30,28.3186,"{""alpha"": 0.0469548476662106, ""l1_ratio"": 0.7235663466764231}",COMPLETE
elasticnet__domain_reduced,elasticnet,domain_reduced,31,28.2424,"{""alpha"": 0.001179469187991141, ""l1_ratio"": 0.8908161452490425}",COMPLETE
elasticnet__domain_reduced,elasticnet,domain_reduced,32,28.2428,"{""alpha"": 0.0018909013188348244, ""l1_ratio"": 0.8936727621456727}",COMPLETE
elasticnet__domain_reduced,elasticnet,domain_reduced,33,28.2444,"{""alpha"": 0.005569270729236302, ""l1_ratio"": 0.9000044889610529}",COMPLETE
elasticnet__domain_reduced,elasticnet,domain_reduced,34,28.2427,"{""alpha"": 0.0011348695571232804, ""l1_ratio"": 0.8169968075238361}",COMPLETE
elasticnet__domain_reduced,elasticnet,domain_reduced,35,28.2463,"{""alpha"": 0.010930233824248797, ""l1_ratio"": 0.9130581102955976}",COMPLETE
elasticnet__domain_reduced,elasticnet,domain_reduced,36,28.2455,"{""alpha"": 0.005104123901692665, ""l1_ratio"": 0.8320600512302012}",COMPLETE
elasticnet__domain_reduced,elasticnet,domain_reduced,37,28.2441,"{""alpha"": 0.0019541626567488777, ""l1_ratio"": 0.7152156136551843}",COMPLETE
elasticnet__domain_reduced,elasticnet,domain_reduced,38,28.245,"{""alpha"": 0.0021089199166335567, ""l1_ratio"": 0.6363199951494095}",COMPLETE
elasticnet__domain_reduced,elasticnet,domain_reduced,39,28.5534,"{""alpha"": 2.0090753682926126, ""l1_ratio"": 0.8945400625968241}",COMPLETE
elasticnet__domain_reduced,elasticnet,domain_reduced,40,28.2549,"{""alpha"": 0.006829809477769482, ""l1_ratio"": 0.5708640327032357}",COMPLETE
elasticnet__domain_reduced,elasticnet,domain_reduced,41,28.2425,"{""alpha"": 0.0010275504178251227, ""l1_ratio"": 0.8611494349845279}",COMPLETE
elasticnet__domain_reduced,elasticnet,domain_reduced,42,28.2427,"{""alpha"": 0.0010187786605969948, ""l1_ratio"": 0.8060858154403376}",COMPLETE
elasticnet__domain_reduced,elasticnet,domain_reduced,43,28.2431,"{""alpha"": 0.002016620885838227, ""l1_ratio"": 0.8568234845154317}",COMPLETE
elasticnet__domain_reduced,elasticnet,domain_reduced,44,28.2432,"{""alpha"": 0.003594949733200712, ""l1_ratio"": 0.9222889603400767}",COMPLETE
elasticnet__domain_reduced,elasticnet,domain_reduced,45,28.2435,"{""alpha"": 0.0016949890072197064, ""l1_ratio"": 0.770338548485654}",COMPLETE
elasticnet__domain_reduced,elasticnet,domain_reduced,46,28.2475,"{""alpha"": 0.013687793694837355, ""l1_ratio"": 0.9187092660912752}",COMPLETE
elasticnet__domain_reduced,elasticnet,domain_reduced,47,28.2461,"{""alpha"": 0.00708622015830885, ""l1_ratio"": 0.8623914338438061}",COMPLETE
elasticnet__domain_reduced,elasticnet,domain_reduced,48,48.8755,"{""alpha"": 12.454803532397177, ""l1_ratio"": 0.3641935705963699}",COMPLETE
elasticnet__domain_reduced,elasticnet,domain_reduced,49,28.2554,"{""alpha"": 0.003675226648216727, ""l1_ratio"": 0.13115664765268498}",COMPLETE
random_forest__set_b_pm25_history,random_forest,set_b_pm25_history,0,28.0342,"{""n_estimators"": 350, ""max_depth"": 10, ""min_samples_split"": 8, ""min_samples_leaf"": 6, ""max_features"": ""sqrt""}",COMPLETE
random_forest__set_b_pm25_history,random_forest,set_b_pm25_history,1,27.8685,"{""n_estimators"": 550, ""max_depth"": 8, ""min_samples_split"": 8, ""min_samples_leaf"": 2, ""max_features"": ""sqrt""}",COMPLETE
random_forest__set_b_pm25_history,random_forest,set_b_pm25_history,2,27.946,"{""n_estimators"": 250, ""max_depth"": 5, ""min_samples_split"": 4, ""min_samples_leaf"": 5, ""max_features"": 0.75}",COMPLETE
random_forest__set_b_pm25_history,random_forest,set_b_pm25_history,3,27.7885,"{""n_estimators"": 250, ""max_depth"": 6, ""min_samples_split"": 5, ""min_samples_leaf"": 5, ""max_features"": ""sqrt""}",COMPLETE
random_forest__set_b_pm25_history,random_forest,set_b_pm25_history,4,27.7134,"{""n_estimators"": 450, ""max_depth"": 4, ""min_samples_split"": 7, ""min_samples_leaf"": 3, ""max_features"": 0.75}",COMPLETE
random_forest__set_b_pm25_history,random_forest,set_b_pm25_history,5,28.1373,"{""n_estimators"": 550, ""max_depth"": 6, ""min_samples_split"": 2, ""min_samples_leaf"": 6, ""max_features"": 0.75}",COMPLETE
random_forest__set_b_pm25_history,random_forest,set_b_pm25_history,6,28.2733,"{""n_estimators"": 200, ""max_depth"": 10, ""min_samples_split"": 4, ""min_samples_leaf"": 6, ""max_features"": 0.75}",COMPLETE
random_forest__set_b_pm25_history,random_forest,set_b_pm25_history,7,28.2614,"{""n_estimators"": 250, ""max_depth"": 10, ""min_samples_split"": 8, ""min_samples_leaf"": 8, ""max_features"": 0.75}",COMPLETE
random_forest__set_b_pm25_history,random_forest,set_b_pm25_history,8,27.9184,"{""n_estimators"": 200, ""max_depth"": 5, ""min_samples_split"": 2, ""min_samples_leaf"": 4, ""max_features"": 0.75}",COMPLETE
random_forest__set_b_pm25_history,random_forest,set_b_pm25_history,9,27.8703,"{""n_estimators"": 350, ""max_depth"": 5, ""min_samples_split"": 6, ""min_samples_leaf"": 2, ""max_features"": 0.75}",COMPLETE
random_forest__set_b_pm25_history,random_forest,set_b_pm25_history,10,28.0887,"{""n_estimators"": 450, ""max_depth"": 8, ""min_samples_split"": 10, ""min_samples_leaf"": 8, ""max_features"": 0.5}",COMPLETE
random_forest__set_b_pm25_history,random_forest,set_b_pm25_history,11,27.5819,"{""n_estimators"": 400, ""max_depth"": 4, ""min_samples_split"": 6, ""min_samples_leaf"": 4, ""max_features"": ""sqrt""}",COMPLETE
random_forest__set_b_pm25_history,random_forest,set_b_pm25_history,12,27.5871,"{""n_estimators"": 450, ""max_depth"": 4, ""min_samples_split"": 6, ""min_samples_leaf"": 3, ""max_features"": 0.5}",COMPLETE
random_forest__set_b_pm25_history,random_forest,set_b_pm25_history,13,27.5871,"{""n_estimators"": 450, ""max_depth"": 4, ""min_samples_split"": 6, ""min_samples_leaf"": 3, ""max_features"": 0.5}",COMPLETE
random_forest__set_b_pm25_history,random_forest,set_b_pm25_history,14,27.6133,"{""n_estimators"": 350, ""max_depth"": 4, ""min_samples_split"": 10, ""min_samples_leaf"": 4, ""max_features"": 0.5}",COMPLETE
random_forest__set_b_pm25_history,random_forest,set_b_pm25_history,15,27.8833,"{""n_estimators"": 400, ""max_depth"": 6, ""min_samples_split"": 4, ""min_samples_leaf"": 3, ""max_features"": 0.5}",COMPLETE
random_forest__set_b_pm25_history,random_forest,set_b_pm25_history,16,27.5856,"{""n_estimators"": 600, ""max_depth"": 4, ""min_samples_split"": 6, ""min_samples_leaf"": 4, ""max_features"": ""sqrt""}",COMPLETE
random_forest__set_b_pm25_history,random_forest,set_b_pm25_history,17,27.6051,"{""n_estimators"": 600, ""max_depth"": 5, ""min_samples_split"": 7, ""min_samples_leaf"": 4, ""max_features"": ""sqrt""}",COMPLETE
random_forest__set_b_pm25_history,random_forest,set_b_pm25_history,18,27.8656,"{""n_estimators"": 600, ""max_depth"": 7, ""min_samples_split"": 5, ""min_samples_leaf"": 5, ""max_features"": ""sqrt""}",COMPLETE
random_forest__set_b_pm25_history,random_forest,set_b_pm25_history,19,27.5852,"{""n_estimators"": 550, ""max_depth"": 4, ""min_samples_split"": 3, ""min_samples_leaf"": 4, ""max_features"": ""sqrt""}",COMPLETE
random_forest__set_b_pm25_history,random_forest,set_b_pm25_history,20,27.7366,"{""n_estimators"": 500, ""max_depth"": 5, ""min_samples_split"": 3, ""min_samples_leaf"": 7, ""max_features"": ""sqrt""}",COMPLETE
random_forest__set_b_pm25_history,random_forest,set_b_pm25_history,21,27.5852,"{""n_estimators"": 550, ""max_depth"": 4, ""min_samples_split"": 3, ""min_samples_leaf"": 4, ""max_features"": ""sqrt""}",COMPLETE
random_forest__set_b_pm25_history,random_forest,set_b_pm25_history,22,27.6069,"{""n_estimators"": 550, ""max_depth"": 4, ""min_samples_split"": 3, ""min_samples_leaf"": 5, ""max_features"": ""sqrt""}",COMPLETE
random_forest__set_b_pm25_history,random_forest,set_b_pm25_history,23,27.6003,"{""n_estimators"": 500, ""max_depth"": 5, ""min_samples_split"": 3, ""min_samples_leaf"": 4, ""max_features"": ""sqrt""}",COMPLETE
random_forest__set_b_pm25_history,random_forest,set_b_pm25_history,24,27.5988,"{""n_estimators"": 500, ""max_depth"": 4, ""min_samples_split"": 2, ""min_samples_leaf"": 3, ""max_features"": ""sqrt""}",COMPLETE
random_forest__set_b_pm25_history,random_forest,set_b_pm25_history,25,27.6719,"{""n_estimators"": 400, ""max_depth"": 6, ""min_samples_split"": 5, ""min_samples_leaf"": 5, ""max_features"": ""sqrt""}",COMPLETE
random_forest__set_b_pm25_history,random_forest,set_b_pm25_history,26,27.5852,"{""n_estimators"": 550, ""max_depth"": 4, ""min_samples_split"": 4, ""min_samples_leaf"": 4, ""max_features"": ""sqrt""}",COMPLETE
random_forest__set_b_pm25_history,random_forest,set_b_pm25_history,27,27.5125,"{""n_estimators"": 400, ""max_depth"": 5, ""min_samples_split"": 3, ""min_samples_leaf"": 2, ""max_features"": ""sqrt""}",COMPLETE
random_forest__set_b_pm25_history,random_forest,set_b_pm25_history,28,27.8867,"{""n_estimators"": 300, ""max_depth"": 7, ""min_samples_split"": 9, ""min_samples_leaf"": 2, ""max_features"": ""sqrt""}",COMPLETE
random_forest__set_b_pm25_history,random_forest,set_b_pm25_history,29,27.5125,"{""n_estimators"": 400, ""max_depth"": 5, ""min_samples_split"": 2, ""min_samples_leaf"": 2, ""max_features"": ""sqrt""}",COMPLETE
random_forest__set_b_pm25_history,random_forest,set_b_pm25_history,30,27.7614,"{""n_estimators"": 400, ""max_depth"": 7, ""min_samples_split"": 2, ""min_samples_leaf"": 2, ""max_features"": ""sqrt""}",COMPLETE
random_forest__set_b_pm25_history,random_forest,set_b_pm25_history,31,27.5266,"{""n_estimators"": 350, ""max_depth"": 5, ""min_samples_split"": 3, ""min_samples_leaf"": 2, ""max_features"": ""sqrt""}",COMPLETE
random_forest__set_b_pm25_history,random_forest,set_b_pm25_history,32,27.5266,"{""n_estimators"": 350, ""max_depth"": 5, ""min_samples_split"": 2, ""min_samples_leaf"": 2, ""max_features"": ""sqrt""}",COMPLETE
random_forest__set_b_pm25_history,random_forest,set_b_pm25_history,33,27.6037,"{""n_estimators"": 350, ""max_depth"": 6, ""min_samples_split"": 2, ""min_samples_leaf"": 2, ""max_features"": ""sqrt""}",COMPLETE
random_forest__set_b_pm25_history,random_forest,set_b_pm25_history,34,27.5254,"{""n_estimators"": 300, ""max_depth"": 5, ""min_samples_split"": 3, ""min_samples_leaf"": 2, ""max_features"": ""sqrt""}",COMPLETE
random_forest__set_b_pm25_history,random_forest,set_b_pm25_history,35,27.5254,"{""n_estimators"": 300, ""max_depth"": 5, ""min_samples_split"": 4, ""min_samples_leaf"": 2, ""max_features"": ""sqrt""}",COMPLETE
random_forest__set_b_pm25_history,random_forest,set_b_pm25_history,36,27.6087,"{""n_estimators"": 300, ""max_depth"": 6, ""min_samples_split"": 4, ""min_samples_leaf"": 2, ""max_features"": ""sqrt""}",COMPLETE
random_forest__set_b_pm25_history,random_forest,set_b_pm25_history,37,27.7224,"{""n_estimators"": 300, ""max_depth"": 6, ""min_samples_split"": 5, ""min_samples_leaf"": 3, ""max_features"": ""sqrt""}",COMPLETE
random_forest__set_b_pm25_history,random_forest,set_b_pm25_history,38,27.5709,"{""n_estimators"": 250, ""max_depth"": 5, ""min_samples_split"": 4, ""min_samples_leaf"": 3, ""max_features"": ""sqrt""}",COMPLETE
random_forest__set_b_pm25_history,random_forest,set_b_pm25_history,39,27.9188,"{""n_estimators"": 300, ""max_depth"": 9, ""min_samples_split"": 3, ""min_samples_leaf"": 2, ""max_features"": ""sqrt""}",COMPLETE
random_forest__set_b_pm25_history,random_forest,set_b_pm25_history,40,27.8195,"{""n_estimators"": 250, ""max_depth"": 5, ""min_samples_split"": 2, ""min_samples_leaf"": 2, ""max_features"": 0.75}",COMPLETE
random_forest__set_b_pm25_history,random_forest,set_b_pm25_history,41,27.5254,"{""n_estimators"": 300, ""max_depth"": 5, ""min_samples_split"": 3, ""min_samples_leaf"": 2, ""max_features"": ""sqrt""}",COMPLETE
random_forest__set_b_pm25_history,random_forest,set_b_pm25_history,42,27.5254,"{""n_estimators"": 300, ""max_depth"": 5, ""min_samples_split"": 3, ""min_samples_leaf"": 2, ""max_features"": ""sqrt""}",COMPLETE
random_forest__set_b_pm25_history,random_forest,set_b_pm25_history,43,27.4653,"{""n_estimators"": 200, ""max_depth"": 5, ""min_samples_split"": 4, ""min_samples_leaf"": 2, ""max_features"": ""sqrt""}",COMPLETE
random_forest__set_b_pm25_history,random_forest,set_b_pm25_history,44,27.7501,"{""n_estimators"": 200, ""max_depth"": 6, ""min_samples_split"": 5, ""min_samples_leaf"": 3, ""max_features"": ""sqrt""}",COMPLETE
random_forest__set_b_pm25_history,random_forest,set_b_pm25_history,45,27.8478,"{""n_estimators"": 200, ""max_depth"": 5, ""min_samples_split"": 4, ""min_samples_leaf"": 2, ""max_features"": 0.75}",COMPLETE
random_forest__set_b_pm25_history,random_forest,set_b_pm25_history,46,27.729,"{""n_estimators"": 250, ""max_depth"": 6, ""min_samples_split"": 4, ""min_samples_leaf"": 3, ""max_features"": ""sqrt""}",COMPLETE
random_forest__set_b_pm25_history,random_forest,set_b_pm25_history,47,27.9109,"{""n_estimators"": 400, ""max_depth"": 5, ""min_samples_split"": 2, ""min_samples_leaf"": 3, ""max_features"": 0.5}",COMPLETE
random_forest__set_b_pm25_history,random_forest,set_b_pm25_history,48,27.7247,"{""n_estimators"": 450, ""max_depth"": 6, ""min_samples_split"": 5, ""min_samples_leaf"": 2, ""max_features"": ""sqrt""}",COMPLETE
random_forest__set_b_pm25_history,random_forest,set_b_pm25_history,49,27.8478,"{""n_estimators"": 200, ""max_depth"": 5, ""min_samples_split"": 4, ""min_samples_leaf"": 2, ""max_features"": 0.75}",COMPLETE
random_forest__group_c_pm25_meteorology,random_forest,group_c_pm25_meteorology,0,27.9603,"{""n_estimators"": 350, ""max_depth"": 10, ""min_samples_split"": 8, ""min_samples_leaf"": 6, ""max_features"": ""sqrt""}",COMPLETE
random_forest__group_c_pm25_meteorology,random_forest,group_c_pm25_meteorology,1,28.0267,"{""n_estimators"": 550, ""max_depth"": 8, ""min_samples_split"": 8, ""min_samples_leaf"": 2, ""max_features"": ""sqrt""}",COMPLETE
random_forest__group_c_pm25_meteorology,random_forest,group_c_pm25_meteorology,2,27.8122,"{""n_estimators"": 250, ""max_depth"": 5, ""min_samples_split"": 4, ""min_samples_leaf"": 5, ""max_features"": 0.75}",COMPLETE
random_forest__group_c_pm25_meteorology,random_forest,group_c_pm25_meteorology,3,27.816,"{""n_estimators"": 250, ""max_depth"": 6, ""min_samples_split"": 5, ""min_samples_leaf"": 5, ""max_features"": ""sqrt""}",COMPLETE
random_forest__group_c_pm25_meteorology,random_forest,group_c_pm25_meteorology,4,27.693,"{""n_estimators"": 450, ""max_depth"": 4, ""min_samples_split"": 7, ""min_samples_leaf"": 3, ""max_features"": 0.75}",COMPLETE
random_forest__group_c_pm25_meteorology,random_forest,group_c_pm25_meteorology,5,27.8952,"{""n_estimators"": 550, ""max_depth"": 6, ""min_samples_split"": 2, ""min_samples_leaf"": 6, ""max_features"": 0.75}",COMPLETE
random_forest__group_c_pm25_meteorology,random_forest,group_c_pm25_meteorology,6,28.0054,"{""n_estimators"": 200, ""max_depth"": 10, ""min_samples_split"": 4, ""min_samples_leaf"": 6, ""max_features"": 0.75}",COMPLETE
random_forest__group_c_pm25_meteorology,random_forest,group_c_pm25_meteorology,7,27.9337,"{""n_estimators"": 250, ""max_depth"": 10, ""min_samples_split"": 8, ""min_samples_leaf"": 8, ""max_features"": 0.75}",COMPLETE
random_forest__group_c_pm25_meteorology,random_forest,group_c_pm25_meteorology,8,27.8268,"{""n_estimators"": 200, ""max_depth"": 5, ""min_samples_split"": 2, ""min_samples_leaf"": 4, ""max_features"": 0.75}",COMPLETE
random_forest__group_c_pm25_meteorology,random_forest,group_c_pm25_meteorology,9,27.8871,"{""n_estimators"": 350, ""max_depth"": 5, ""min_samples_split"": 6, ""min_samples_leaf"": 2, ""max_features"": 0.75}",COMPLETE
random_forest__group_c_pm25_meteorology,random_forest,group_c_pm25_meteorology,10,27.8771,"{""n_estimators"": 450, ""max_depth"": 8, ""min_samples_split"": 10, ""min_samples_leaf"": 8, ""max_features"": 0.5}",COMPLETE
random_forest__group_c_pm25_meteorology,random_forest,group_c_pm25_meteorology,11,27.5745,"{""n_estimators"": 400, ""max_depth"": 4, ""min_samples_split"": 4, ""min_samples_leaf"": 4, ""max_features"": 0.5}",COMPLETE
random_forest__group_c_pm25_meteorology,random_forest,group_c_pm25_meteorology,12,27.5987,"{""n_estimators"": 450, ""max_depth"": 4, ""min_samples_split"": 6, ""min_samples_leaf"": 3, ""max_features"": 0.5}",COMPLETE
random_forest__group_c_pm25_meteorology,random_forest,group_c_pm25_meteorology,13,27.5987,"{""n_estimators"": 450, ""max_depth"": 4, ""min_samples_split"": 4, ""min_samples_leaf"": 3, ""max_features"": 0.5}",COMPLETE
random_forest__group_c_pm25_meteorology,random_forest,group_c_pm25_meteorology,14,27.5616,"{""n_estimators"": 350, ""max_depth"": 4, ""min_samples_split"": 6, ""min_samples_leaf"": 4, ""max_features"": 0.5}",COMPLETE
random_forest__group_c_pm25_meteorology,random_forest,group_c_pm25_meteorology,15,27.8029,"{""n_estimators"": 350, ""max_depth"": 6, ""min_samples_split"": 3, ""min_samples_leaf"": 4, ""max_features"": 0.5}",COMPLETE
random_forest__group_c_pm25_meteorology,random_forest,group_c_pm25_meteorology,16,27.5745,"{""n_estimators"": 400, ""max_depth"": 4, ""min_samples_split"": 6, ""min_samples_leaf"": 4, ""max_features"": 0.5}",COMPLETE
random_forest__group_c_pm25_meteorology,random_forest,group_c_pm25_meteorology,17,27.6515,"{""n_estimators"": 600, ""max_depth"": 5, ""min_samples_split"": 10, ""min_samples_leaf"": 5, ""max_features"": 0.5}",COMPLETE
random_forest__group_c_pm25_meteorology,random_forest,group_c_pm25_meteorology,18,27.6876,"{""n_estimators"": 300, ""max_depth"": 7, ""min_samples_split"": 5, ""min_samples_leaf"": 7, ""max_features"": 0.5}",COMPLETE
random_forest__group_c_pm25_meteorology,random_forest,group_c_pm25_meteorology,19,27.5745,"{""n_estimators"": 400, ""max_depth"": 4, ""min_samples_split"": 3, ""min_samples_leaf"": 4, ""max_features"": 0.5}",COMPLETE
random_forest__group_c_pm25_meteorology,random_forest,group_c_pm25_meteorology,20,27.8284,"{""n_estimators"": 500, ""max_depth"": 5, ""min_samples_split"": 5, ""min_samples_leaf"": 3, ""max_features"": 0.5}",COMPLETE
random_forest__group_c_pm25_meteorology,random_forest,group_c_pm25_meteorology,21,27.5745,"{""n_estimators"": 400, ""max_depth"": 4, ""min_samples_split"": 3, ""min_samples_leaf"": 4, ""max_features"": 0.5}",COMPLETE
random_forest__group_c_pm25_meteorology,random_forest,group_c_pm25_meteorology,22,27.5209,"{""n_estimators"": 400, ""max_depth"": 4, ""min_samples_split"": 3, ""min_samples_leaf"": 5, ""max_features"": 0.5}",COMPLETE
random_forest__group_c_pm25_meteorology,random_forest,group_c_pm25_meteorology,23,27.5975,"{""n_estimators"": 300, ""max_depth"": 5, ""min_samples_split"": 4, ""min_samples_leaf"": 5, ""max_features"": 0.5}",COMPLETE
random_forest__group_c_pm25_meteorology,random_forest,group_c_pm25_meteorology,24,27.5167,"{""n_estimators"": 350, ""max_depth"": 4, ""min_samples_split"": 2, ""min_samples_leaf"": 5, ""max_features"": 0.5}",COMPLETE
random_forest__group_c_pm25_meteorology,random_forest,group_c_pm25_meteorology,25,27.728,"{""n_estimators"": 300, ""max_depth"": 6, ""min_samples_split"": 2, ""min_samples_leaf"": 6, ""max_features"": 0.5}",COMPLETE
random_forest__group_c_pm25_meteorology,random_forest,group_c_pm25_meteorology,26,27.7672,"{""n_estimators"": 350, ""max_depth"": 4, ""min_samples_split"": 3, ""min_samples_leaf"": 7, ""max_features"": ""sqrt""}",COMPLETE
random_forest__group_c_pm25_meteorology,random_forest,group_c_pm25_meteorology,27,27.5975,"{""n_estimators"": 300, ""max_depth"": 5, ""min_samples_split"": 2, ""min_samples_leaf"": 5, ""max_features"": 0.5}",COMPLETE
random_forest__group_c_pm25_meteorology,random_forest,group_c_pm25_meteorology,28,27.529,"{""n_estimators"": 350, ""max_depth"": 4, ""min_samples_split"": 9, ""min_samples_leaf"": 7, ""max_features"": 0.5}",COMPLETE
random_forest__group_c_pm25_meteorology,random_forest,group_c_pm25_meteorology,29,27.705,"{""n_estimators"": 500, ""max_depth"": 5, ""min_samples_split"": 9, ""min_samples_leaf"": 7, ""max_features"": ""sqrt""}",COMPLETE
random_forest__group_c_pm25_meteorology,random_forest,group_c_pm25_meteorology,30,27.75,"{""n_estimators"": 400, ""max_depth"": 7, ""min_samples_split"": 9, ""min_samples_leaf"": 7, ""max_features"": 0.5}",COMPLETE
random_forest__group_c_pm25_meteorology,random_forest,group_c_pm25_meteorology,31,27.5218,"{""n_estimators"": 350, ""max_depth"": 4, ""min_samples_split"": 7, ""min_samples_leaf"": 6, ""max_features"": 0.5}",COMPLETE
random_forest__group_c_pm25_meteorology,random_forest,group_c_pm25_meteorology,32,27.5218,"{""n_estimators"": 350, ""max_depth"": 4, ""min_samples_split"": 8, ""min_samples_leaf"": 6, ""max_features"": 0.5}",COMPLETE
random_forest__group_c_pm25_meteorology,random_forest,group_c_pm25_meteorology,33,27.4931,"{""n_estimators"": 300, ""max_depth"": 4, ""min_samples_split"": 8, ""min_samples_leaf"": 6, ""max_features"": 0.5}",COMPLETE
random_forest__group_c_pm25_meteorology,random_forest,group_c_pm25_meteorology,34,27.6923,"{""n_estimators"": 250, ""max_depth"": 5, ""min_samples_split"": 7, ""min_samples_leaf"": 6, ""max_features"": ""sqrt""}",COMPLETE
random_forest__group_c_pm25_meteorology,random_forest,group_c_pm25_meteorology,35,27.4819,"{""n_estimators"": 300, ""max_depth"": 4, ""min_samples_split"": 7, ""min_samples_leaf"": 5, ""max_features"": 0.5}",COMPLETE
random_forest__group_c_pm25_meteorology,random_forest,group_c_pm25_meteorology,36,27.7405,"{""n_estimators"": 250, ""max_depth"": 5, ""min_samples_split"": 8, ""min_samples_leaf"": 5, ""max_features"": ""sqrt""}",COMPLETE
random_forest__group_c_pm25_meteorology,random_forest,group_c_pm25_meteorology,37,27.4819,"{""n_estimators"": 300, ""max_depth"": 4, ""min_samples_split"": 7, ""min_samples_leaf"": 5, ""max_features"": 0.5}",COMPLETE
random_forest__group_c_pm25_meteorology,random_forest,group_c_pm25_meteorology,38,27.7812,"{""n_estimators"": 300, ""max_depth"": 6, ""min_samples_split"": 7, ""min_samples_leaf"": 5, ""max_features"": 0.5}",COMPLETE
random_forest__group_c_pm25_meteorology,random_forest,group_c_pm25_meteorology,39,27.821,"{""n_estimators"": 250, ""max_depth"": 9, ""min_samples_split"": 8, ""min_samples_leaf"": 6, ""max_features"": 0.5}",COMPLETE
random_forest__group_c_pm25_meteorology,random_forest,group_c_pm25_meteorology,40,27.555,"{""n_estimators"": 200, ""max_depth"": 4, ""min_samples_split"": 9, ""min_samples_leaf"": 6, ""max_features"": 0.75}",COMPLETE
random_forest__group_c_pm25_meteorology,random_forest,group_c_pm25_meteorology,41,27.4819,"{""n_estimators"": 300, ""max_depth"": 4, ""min_samples_split"": 7, ""min_samples_leaf"": 5, ""max_features"": 0.5}",COMPLETE
random_forest__group_c_pm25_meteorology,random_forest,group_c_pm25_meteorology,42,27.4819,"{""n_estimators"": 300, ""max_depth"": 4, ""min_samples_split"": 7, ""min_samples_leaf"": 5, ""max_features"": 0.5}",COMPLETE
random_forest__group_c_pm25_meteorology,random_forest,group_c_pm25_meteorology,43,27.5975,"{""n_estimators"": 300, ""max_depth"": 5, ""min_samples_split"": 7, ""min_samples_leaf"": 5, ""max_features"": 0.5}",COMPLETE
random_forest__group_c_pm25_meteorology,random_forest,group_c_pm25_meteorology,44,27.4876,"{""n_estimators"": 250, ""max_depth"": 4, ""min_samples_split"": 7, ""min_samples_leaf"": 5, ""max_features"": 0.5}",COMPLETE
random_forest__group_c_pm25_meteorology,random_forest,group_c_pm25_meteorology,45,27.7632,"{""n_estimators"": 200, ""max_depth"": 5, ""min_samples_split"": 6, ""min_samples_leaf"": 5, ""max_features"": 0.75}",COMPLETE
random_forest__group_c_pm25_meteorology,random_forest,group_c_pm25_meteorology,46,27.5171,"{""n_estimators"": 250, ""max_depth"": 4, ""min_samples_split"": 7, ""min_samples_leaf"": 4, ""max_features"": 0.5}",COMPLETE
random_forest__group_c_pm25_meteorology,random_forest,group_c_pm25_meteorology,47,27.6162,"{""n_estimators"": 250, ""max_depth"": 5, ""min_samples_split"": 6, ""min_samples_leaf"": 5, ""max_features"": 0.5}",COMPLETE
random_forest__group_c_pm25_meteorology,random_forest,group_c_pm25_meteorology,48,27.7295,"{""n_estimators"": 200, ""max_depth"": 4, ""min_samples_split"": 7, ""min_samples_leaf"": 4, ""max_features"": ""sqrt""}",COMPLETE
random_forest__group_c_pm25_meteorology,random_forest,group_c_pm25_meteorology,49,27.4819,"{""n_estimators"": 300, ""max_depth"": 4, ""min_samples_split"": 7, ""min_samples_leaf"": 5, ""max_features"": 0.5}",COMPLETE
random_forest__group_e_pm25_met_fire,random_forest,group_e_pm25_met_fire,0,27.8008,"{""n_estimators"": 350, ""max_depth"": 10, ""min_samples_split"": 8, ""min_samples_leaf"": 6, ""max_features"": ""sqrt""}",COMPLETE
random_forest__group_e_pm25_met_fire,random_forest,group_e_pm25_met_fire,1,27.8651,"{""n_estimators"": 550, ""max_depth"": 8, ""min_samples_split"": 8, ""min_samples_leaf"": 2, ""max_features"": ""sqrt""}",COMPLETE
random_forest__group_e_pm25_met_fire,random_forest,group_e_pm25_met_fire,2,27.5836,"{""n_estimators"": 250, ""max_depth"": 5, ""min_samples_split"": 4, ""min_samples_leaf"": 5, ""max_features"": 0.75}",COMPLETE
random_forest__group_e_pm25_met_fire,random_forest,group_e_pm25_met_fire,3,27.5877,"{""n_estimators"": 250, ""max_depth"": 6, ""min_samples_split"": 5, ""min_samples_leaf"": 5, ""max_features"": ""sqrt""}",COMPLETE
random_forest__group_e_pm25_met_fire,random_forest,group_e_pm25_met_fire,4,27.4737,"{""n_estimators"": 450, ""max_depth"": 4, ""min_samples_split"": 7, ""min_samples_leaf"": 3, ""max_features"": 0.75}",COMPLETE
random_forest__group_e_pm25_met_fire,random_forest,group_e_pm25_met_fire,5,27.6093,"{""n_estimators"": 550, ""max_depth"": 6, ""min_samples_split"": 2, ""min_samples_leaf"": 6, ""max_features"": 0.75}",COMPLETE
random_forest__group_e_pm25_met_fire,random_forest,group_e_pm25_met_fire,6,27.6875,"{""n_estimators"": 200, ""max_depth"": 10, ""min_samples_split"": 4, ""min_samples_leaf"": 6, ""max_features"": 0.75}",COMPLETE
random_forest__group_e_pm25_met_fire,random_forest,group_e_pm25_met_fire,7,27.7487,"{""n_estimators"": 250, ""max_depth"": 10, ""min_samples_split"": 8, ""min_samples_leaf"": 8, ""max_features"": 0.75}",COMPLETE
random_forest__group_e_pm25_met_fire,random_forest,group_e_pm25_met_fire,8,27.667,"{""n_estimators"": 200, ""max_depth"": 5, ""min_samples_split"": 2, ""min_samples_leaf"": 4, ""max_features"": 0.75}",COMPLETE
random_forest__group_e_pm25_met_fire,random_forest,group_e_pm25_met_fire,9,27.7308,"{""n_estimators"": 350, ""max_depth"": 5, ""min_samples_split"": 6, ""min_samples_leaf"": 2, ""max_features"": 0.75}",COMPLETE
random_forest__group_e_pm25_met_fire,random_forest,group_e_pm25_met_fire,10,27.638,"{""n_estimators"": 450, ""max_depth"": 8, ""min_samples_split"": 10, ""min_samples_leaf"": 8, ""max_features"": 0.5}",COMPLETE
random_forest__group_e_pm25_met_fire,random_forest,group_e_pm25_met_fire,11,27.4181,"{""n_estimators"": 400, ""max_depth"": 4, ""min_samples_split"": 4, ""min_samples_leaf"": 4, ""max_features"": 0.5}",COMPLETE
random_forest__group_e_pm25_met_fire,random_forest,group_e_pm25_met_fire,12,27.4593,"{""n_estimators"": 450, ""max_depth"": 4, ""min_samples_split"": 6, ""min_samples_leaf"": 3, ""max_features"": 0.5}",COMPLETE
random_forest__group_e_pm25_met_fire,random_forest,group_e_pm25_met_fire,13,27.4593,"{""n_estimators"": 450, ""max_depth"": 4, ""min_samples_split"": 4, ""min_samples_leaf"": 3, ""max_features"": 0.5}",COMPLETE
random_forest__group_e_pm25_met_fire,random_forest,group_e_pm25_met_fire,14,27.4403,"{""n_estimators"": 350, ""max_depth"": 4, ""min_samples_split"": 6, ""min_samples_leaf"": 4, ""max_features"": 0.5}",COMPLETE
random_forest__group_e_pm25_met_fire,random_forest,group_e_pm25_met_fire,15,27.6466,"{""n_estimators"": 350, ""max_depth"": 6, ""min_samples_split"": 3, ""min_samples_leaf"": 4, ""max_features"": 0.5}",COMPLETE
random_forest__group_e_pm25_met_fire,random_forest,group_e_pm25_met_fire,16,27.4181,"{""n_estimators"": 400, ""max_depth"": 4, ""min_samples_split"": 6, ""min_samples_leaf"": 4, ""max_features"": 0.5}",COMPLETE
random_forest__group_e_pm25_met_fire,random_forest,group_e_pm25_met_fire,17,27.5406,"{""n_estimators"": 400, ""max_depth"": 5, ""min_samples_split"": 10, ""min_samples_leaf"": 5, ""max_features"": 0.5}",COMPLETE
random_forest__group_e_pm25_met_fire,random_forest,group_e_pm25_met_fire,18,27.6317,"{""n_estimators"": 600, ""max_depth"": 7, ""min_samples_split"": 5, ""min_samples_leaf"": 7, ""max_features"": 0.5}",COMPLETE
random_forest__group_e_pm25_met_fire,random_forest,group_e_pm25_met_fire,19,27.432,"{""n_estimators"": 500, ""max_depth"": 4, ""min_samples_split"": 3, ""min_samples_leaf"": 4, ""max_features"": 0.5}",COMPLETE
random_forest__group_e_pm25_met_fire,random_forest,group_e_pm25_met_fire,20,27.5596,"{""n_estimators"": 400, ""max_depth"": 5, ""min_samples_split"": 5, ""min_samples_leaf"": 3, ""max_features"": 0.5}",COMPLETE
random_forest__group_e_pm25_met_fire,random_forest,group_e_pm25_met_fire,21,27.432,"{""n_estimators"": 500, ""max_depth"": 4, ""min_samples_split"": 3, ""min_samples_leaf"": 4, ""max_features"": 0.5}",COMPLETE
random_forest__group_e_pm25_met_fire,random_forest,group_e_pm25_met_fire,22,27.462,"{""n_estimators"": 500, ""max_depth"": 4, ""min_samples_split"": 3, ""min_samples_leaf"": 5, ""max_features"": 0.5}",COMPLETE
random_forest__group_e_pm25_met_fire,random_forest,group_e_pm25_met_fire,23,27.506,"{""n_estimators"": 400, ""max_depth"": 5, ""min_samples_split"": 4, ""min_samples_leaf"": 4, ""max_features"": 0.5}",COMPLETE
random_forest__group_e_pm25_met_fire,random_forest,group_e_pm25_met_fire,24,27.4233,"{""n_estimators"": 300, ""max_depth"": 4, ""min_samples_split"": 2, ""min_samples_leaf"": 3, ""max_features"": 0.5}",COMPLETE
random_forest__group_e_pm25_met_fire,random_forest,group_e_pm25_met_fire,25,27.7154,"{""n_estimators"": 300, ""max_depth"": 6, ""min_samples_split"": 2, ""min_samples_leaf"": 2, ""max_features"": 0.5}",COMPLETE
random_forest__group_e_pm25_met_fire,random_forest,group_e_pm25_met_fire,26,27.6398,"{""n_estimators"": 300, ""max_depth"": 4, ""min_samples_split"": 5, ""min_samples_leaf"": 3, ""max_features"": ""sqrt""}",COMPLETE
random_forest__group_e_pm25_met_fire,random_forest,group_e_pm25_met_fire,27,27.5947,"{""n_estimators"": 300, ""max_depth"": 5, ""min_samples_split"": 7, ""min_samples_leaf"": 3, ""max_features"": 0.5}",COMPLETE
random_forest__group_e_pm25_met_fire,random_forest,group_e_pm25_met_fire,28,27.4737,"{""n_estimators"": 400, ""max_depth"": 4, ""min_samples_split"": 2, ""min_samples_leaf"": 2, ""max_features"": 0.5}",COMPLETE
random_forest__group_e_pm25_met_fire,random_forest,group_e_pm25_met_fire,29,27.6767,"{""n_estimators"": 350, ""max_depth"": 5, ""min_samples_split"": 7, ""min_samples_leaf"": 5, ""max_features"": ""sqrt""}",COMPLETE
random_forest__group_e_pm25_met_fire,random_forest,group_e_pm25_met_fire,30,27.5972,"{""n_estimators"": 300, ""max_depth"": 7, ""min_samples_split"": 9, ""min_samples_leaf"": 4, ""max_features"": 0.5}",COMPLETE
random_forest__group_e_pm25_met_fire,random_forest,group_e_pm25_met_fire,31,27.432,"{""n_estimators"": 500, ""max_depth"": 4, ""min_samples_split"": 3, ""min_samples_leaf"": 4, ""max_features"": 0.5}",COMPLETE
random_forest__group_e_pm25_met_fire,random_forest,group_e_pm25_met_fire,32,27.4351,"{""n_estimators"": 550, ""max_depth"": 4, ""min_samples_split"": 3, ""min_samples_leaf"": 3, ""max_features"": 0.5}",COMPLETE
random_forest__group_e_pm25_met_fire,random_forest,group_e_pm25_met_fire,33,27.4201,"{""n_estimators"": 600, ""max_depth"": 4, ""min_samples_split"": 4, ""min_samples_leaf"": 4, ""max_features"": 0.5}",COMPLETE
random_forest__group_e_pm25_met_fire,random_forest,group_e_pm25_met_fire,34,27.6084,"{""n_estimators"": 600, ""max_depth"": 5, ""min_samples_split"": 4, ""min_samples_leaf"": 5, ""max_features"": ""sqrt""}",COMPLETE
random_forest__group_e_pm25_met_fire,random_forest,group_e_pm25_met_fire,35,27.4728,"{""n_estimators"": 250, ""max_depth"": 4, ""min_samples_split"": 6, ""min_samples_leaf"": 5, ""max_features"": 0.5}",COMPLETE
random_forest__group_e_pm25_met_fire,random_forest,group_e_pm25_met_fire,36,27.6649,"{""n_estimators"": 550, ""max_depth"": 5, ""min_samples_split"": 5, ""min_samples_leaf"": 3, ""max_features"": ""sqrt""}",COMPLETE
random_forest__group_e_pm25_met_fire,random_forest,group_e_pm25_met_fire,37,27.4404,"{""n_estimators"": 600, ""max_depth"": 4, ""min_samples_split"": 4, ""min_samples_leaf"": 6, ""max_features"": 0.5}",COMPLETE
random_forest__group_e_pm25_met_fire,random_forest,group_e_pm25_met_fire,38,27.9298,"{""n_estimators"": 250, ""max_depth"": 9, ""min_samples_split"": 9, ""min_samples_leaf"": 2, ""max_features"": 0.5}",COMPLETE
random_forest__group_e_pm25_met_fire,random_forest,group_e_pm25_met_fire,39,27.5605,"{""n_estimators"": 200, ""max_depth"": 6, ""min_samples_split"": 2, ""min_samples_leaf"": 4, ""max_features"": 0.5}",COMPLETE
random_forest__group_e_pm25_met_fire,random_forest,group_e_pm25_met_fire,40,27.6208,"{""n_estimators"": 550, ""max_depth"": 5, ""min_samples_split"": 7, ""min_samples_leaf"": 6, ""max_features"": 0.75}",COMPLETE
random_forest__group_e_pm25_met_fire,random_forest,group_e_pm25_met_fire,41,27.432,"{""n_estimators"": 500, ""max_depth"": 4, ""min_samples_split"": 3, ""min_samples_leaf"": 4, ""max_features"": 0.5}",COMPLETE
random_forest__group_e_pm25_met_fire,random_forest,group_e_pm25_met_fire,42,27.4759,"{""n_estimators"": 450, ""max_depth"": 4, ""min_samples_split"": 2, ""min_samples_leaf"": 5, ""max_features"": 0.5}",COMPLETE
random_forest__group_e_pm25_met_fire,random_forest,group_e_pm25_met_fire,43,27.432,"{""n_estimators"": 500, ""max_depth"": 4, ""min_samples_split"": 4, ""min_samples_leaf"": 4, ""max_features"": 0.5}",COMPLETE
random_forest__group_e_pm25_met_fire,random_forest,group_e_pm25_met_fire,44,27.4593,"{""n_estimators"": 450, ""max_depth"": 4, ""min_samples_split"": 3, ""min_samples_leaf"": 3, ""max_features"": 0.5}",COMPLETE
random_forest__group_e_pm25_met_fire,random_forest,group_e_pm25_met_fire,45,27.6972,"{""n_estimators"": 400, ""max_depth"": 5, ""min_samples_split"": 5, ""min_samples_leaf"": 4, ""max_features"": 0.75}",COMPLETE
random_forest__group_e_pm25_met_fire,random_forest,group_e_pm25_met_fire,46,27.4397,"{""n_estimators"": 600, ""max_depth"": 4, ""min_samples_split"": 2, ""min_samples_leaf"": 3, ""max_features"": 0.5}",COMPLETE
random_forest__group_e_pm25_met_fire,random_forest,group_e_pm25_met_fire,47,27.4953,"{""n_estimators"": 350, ""max_depth"": 4, ""min_samples_split"": 4, ""min_samples_leaf"": 5, ""max_features"": 0.5}",COMPLETE
random_forest__group_e_pm25_met_fire,random_forest,group_e_pm25_met_fire,48,27.562,"{""n_estimators"": 550, ""max_depth"": 5, ""min_samples_split"": 6, ""min_samples_leaf"": 4, ""max_features"": ""sqrt""}",COMPLETE
random_forest__group_e_pm25_met_fire,random_forest,group_e_pm25_met_fire,49,27.6091,"{""n_estimators"": 400, ""max_depth"": 6, ""min_samples_split"": 3, ""min_samples_leaf"": 4, ""max_features"": 0.5}",COMPLETE
random_forest__group_f_pm25_met_fire_transport,random_forest,group_f_pm25_met_fire_transport,0,27.8008,"{""n_estimators"": 350, ""max_depth"": 10, ""min_samples_split"": 8, ""min_samples_leaf"": 6, ""max_features"": ""sqrt""}",COMPLETE
random_forest__group_f_pm25_met_fire_transport,random_forest,group_f_pm25_met_fire_transport,1,27.8651,"{""n_estimators"": 550, ""max_depth"": 8, ""min_samples_split"": 8, ""min_samples_leaf"": 2, ""max_features"": ""sqrt""}",COMPLETE
random_forest__group_f_pm25_met_fire_transport,random_forest,group_f_pm25_met_fire_transport,2,27.5836,"{""n_estimators"": 250, ""max_depth"": 5, ""min_samples_split"": 4, ""min_samples_leaf"": 5, ""max_features"": 0.75}",COMPLETE
random_forest__group_f_pm25_met_fire_transport,random_forest,group_f_pm25_met_fire_transport,3,27.5877,"{""n_estimators"": 250, ""max_depth"": 6, ""min_samples_split"": 5, ""min_samples_leaf"": 5, ""max_features"": ""sqrt""}",COMPLETE
random_forest__group_f_pm25_met_fire_transport,random_forest,group_f_pm25_met_fire_transport,4,27.4737,"{""n_estimators"": 450, ""max_depth"": 4, ""min_samples_split"": 7, ""min_samples_leaf"": 3, ""max_features"": 0.75}",COMPLETE
random_forest__group_f_pm25_met_fire_transport,random_forest,group_f_pm25_met_fire_transport,5,27.6093,"{""n_estimators"": 550, ""max_depth"": 6, ""min_samples_split"": 2, ""min_samples_leaf"": 6, ""max_features"": 0.75}",COMPLETE
random_forest__group_f_pm25_met_fire_transport,random_forest,group_f_pm25_met_fire_transport,6,27.6875,"{""n_estimators"": 200, ""max_depth"": 10, ""min_samples_split"": 4, ""min_samples_leaf"": 6, ""max_features"": 0.75}",COMPLETE
random_forest__group_f_pm25_met_fire_transport,random_forest,group_f_pm25_met_fire_transport,7,27.7487,"{""n_estimators"": 250, ""max_depth"": 10, ""min_samples_split"": 8, ""min_samples_leaf"": 8, ""max_features"": 0.75}",COMPLETE
random_forest__group_f_pm25_met_fire_transport,random_forest,group_f_pm25_met_fire_transport,8,27.667,"{""n_estimators"": 200, ""max_depth"": 5, ""min_samples_split"": 2, ""min_samples_leaf"": 4, ""max_features"": 0.75}",COMPLETE
random_forest__group_f_pm25_met_fire_transport,random_forest,group_f_pm25_met_fire_transport,9,27.7308,"{""n_estimators"": 350, ""max_depth"": 5, ""min_samples_split"": 6, ""min_samples_leaf"": 2, ""max_features"": 0.75}",COMPLETE
random_forest__group_f_pm25_met_fire_transport,random_forest,group_f_pm25_met_fire_transport,10,27.638,"{""n_estimators"": 450, ""max_depth"": 8, ""min_samples_split"": 10, ""min_samples_leaf"": 8, ""max_features"": 0.5}",COMPLETE
random_forest__group_f_pm25_met_fire_transport,random_forest,group_f_pm25_met_fire_transport,11,27.4181,"{""n_estimators"": 400, ""max_depth"": 4, ""min_samples_split"": 4, ""min_samples_leaf"": 4, ""max_features"": 0.5}",COMPLETE
random_forest__group_f_pm25_met_fire_transport,random_forest,group_f_pm25_met_fire_transport,12,27.4593,"{""n_estimators"": 450, ""max_depth"": 4, ""min_samples_split"": 6, ""min_samples_leaf"": 3, ""max_features"": 0.5}",COMPLETE
random_forest__group_f_pm25_met_fire_transport,random_forest,group_f_pm25_met_fire_transport,13,27.4593,"{""n_estimators"": 450, ""max_depth"": 4, ""min_samples_split"": 4, ""min_samples_leaf"": 3, ""max_features"": 0.5}",COMPLETE
random_forest__group_f_pm25_met_fire_transport,random_forest,group_f_pm25_met_fire_transport,14,27.4403,"{""n_estimators"": 350, ""max_depth"": 4, ""min_samples_split"": 6, ""min_samples_leaf"": 4, ""max_features"": 0.5}",COMPLETE
random_forest__group_f_pm25_met_fire_transport,random_forest,group_f_pm25_met_fire_transport,15,27.6466,"{""n_estimators"": 350, ""max_depth"": 6, ""min_samples_split"": 3, ""min_samples_leaf"": 4, ""max_features"": 0.5}",COMPLETE
random_forest__group_f_pm25_met_fire_transport,random_forest,group_f_pm25_met_fire_transport,16,27.4181,"{""n_estimators"": 400, ""max_depth"": 4, ""min_samples_split"": 6, ""min_samples_leaf"": 4, ""max_features"": 0.5}",COMPLETE
random_forest__group_f_pm25_met_fire_transport,random_forest,group_f_pm25_met_fire_transport,17,27.5406,"{""n_estimators"": 400, ""max_depth"": 5, ""min_samples_split"": 10, ""min_samples_leaf"": 5, ""max_features"": 0.5}",COMPLETE
random_forest__group_f_pm25_met_fire_transport,random_forest,group_f_pm25_met_fire_transport,18,27.6317,"{""n_estimators"": 600, ""max_depth"": 7, ""min_samples_split"": 5, ""min_samples_leaf"": 7, ""max_features"": 0.5}",COMPLETE
random_forest__group_f_pm25_met_fire_transport,random_forest,group_f_pm25_met_fire_transport,19,27.432,"{""n_estimators"": 500, ""max_depth"": 4, ""min_samples_split"": 3, ""min_samples_leaf"": 4, ""max_features"": 0.5}",COMPLETE
random_forest__group_f_pm25_met_fire_transport,random_forest,group_f_pm25_met_fire_transport,20,27.5596,"{""n_estimators"": 400, ""max_depth"": 5, ""min_samples_split"": 5, ""min_samples_leaf"": 3, ""max_features"": 0.5}",COMPLETE
random_forest__group_f_pm25_met_fire_transport,random_forest,group_f_pm25_met_fire_transport,21,27.432,"{""n_estimators"": 500, ""max_depth"": 4, ""min_samples_split"": 3, ""min_samples_leaf"": 4, ""max_features"": 0.5}",COMPLETE
random_forest__group_f_pm25_met_fire_transport,random_forest,group_f_pm25_met_fire_transport,22,27.462,"{""n_estimators"": 500, ""max_depth"": 4, ""min_samples_split"": 3, ""min_samples_leaf"": 5, ""max_features"": 0.5}",COMPLETE
random_forest__group_f_pm25_met_fire_transport,random_forest,group_f_pm25_met_fire_transport,23,27.506,"{""n_estimators"": 400, ""max_depth"": 5, ""min_samples_split"": 4, ""min_samples_leaf"": 4, ""max_features"": 0.5}",COMPLETE
random_forest__group_f_pm25_met_fire_transport,random_forest,group_f_pm25_met_fire_transport,24,27.4233,"{""n_estimators"": 300, ""max_depth"": 4, ""min_samples_split"": 2, ""min_samples_leaf"": 3, ""max_features"": 0.5}",COMPLETE
random_forest__group_f_pm25_met_fire_transport,random_forest,group_f_pm25_met_fire_transport,25,27.7154,"{""n_estimators"": 300, ""max_depth"": 6, ""min_samples_split"": 2, ""min_samples_leaf"": 2, ""max_features"": 0.5}",COMPLETE
random_forest__group_f_pm25_met_fire_transport,random_forest,group_f_pm25_met_fire_transport,26,27.6398,"{""n_estimators"": 300, ""max_depth"": 4, ""min_samples_split"": 5, ""min_samples_leaf"": 3, ""max_features"": ""sqrt""}",COMPLETE
random_forest__group_f_pm25_met_fire_transport,random_forest,group_f_pm25_met_fire_transport,27,27.5947,"{""n_estimators"": 300, ""max_depth"": 5, ""min_samples_split"": 7, ""min_samples_leaf"": 3, ""max_features"": 0.5}",COMPLETE
random_forest__group_f_pm25_met_fire_transport,random_forest,group_f_pm25_met_fire_transport,28,27.4737,"{""n_estimators"": 400, ""max_depth"": 4, ""min_samples_split"": 2, ""min_samples_leaf"": 2, ""max_features"": 0.5}",COMPLETE
random_forest__group_f_pm25_met_fire_transport,random_forest,group_f_pm25_met_fire_transport,29,27.6767,"{""n_estimators"": 350, ""max_depth"": 5, ""min_samples_split"": 7, ""min_samples_leaf"": 5, ""max_features"": ""sqrt""}",COMPLETE
random_forest__group_f_pm25_met_fire_transport,random_forest,group_f_pm25_met_fire_transport,30,27.5972,"{""n_estimators"": 300, ""max_depth"": 7, ""min_samples_split"": 9, ""min_samples_leaf"": 4, ""max_features"": 0.5}",COMPLETE
random_forest__group_f_pm25_met_fire_transport,random_forest,group_f_pm25_met_fire_transport,31,27.432,"{""n_estimators"": 500, ""max_depth"": 4, ""min_samples_split"": 3, ""min_samples_leaf"": 4, ""max_features"": 0.5}",COMPLETE
random_forest__group_f_pm25_met_fire_transport,random_forest,group_f_pm25_met_fire_transport,32,27.4351,"{""n_estimators"": 550, ""max_depth"": 4, ""min_samples_split"": 3, ""min_samples_leaf"": 3, ""max_features"": 0.5}",COMPLETE
random_forest__group_f_pm25_met_fire_transport,random_forest,group_f_pm25_met_fire_transport,33,27.4201,"{""n_estimators"": 600, ""max_depth"": 4, ""min_samples_split"": 4, ""min_samples_leaf"": 4, ""max_features"": 0.5}",COMPLETE
random_forest__group_f_pm25_met_fire_transport,random_forest,group_f_pm25_met_fire_transport,34,27.6084,"{""n_estimators"": 600, ""max_depth"": 5, ""min_samples_split"": 4, ""min_samples_leaf"": 5, ""max_features"": ""sqrt""}",COMPLETE
random_forest__group_f_pm25_met_fire_transport,random_forest,group_f_pm25_met_fire_transport,35,27.4728,"{""n_estimators"": 250, ""max_depth"": 4, ""min_samples_split"": 6, ""min_samples_leaf"": 5, ""max_features"": 0.5}",COMPLETE
random_forest__group_f_pm25_met_fire_transport,random_forest,group_f_pm25_met_fire_transport,36,27.6649,"{""n_estimators"": 550, ""max_depth"": 5, ""min_samples_split"": 5, ""min_samples_leaf"": 3, ""max_features"": ""sqrt""}",COMPLETE
random_forest__group_f_pm25_met_fire_transport,random_forest,group_f_pm25_met_fire_transport,37,27.4404,"{""n_estimators"": 600, ""max_depth"": 4, ""min_samples_split"": 4, ""min_samples_leaf"": 6, ""max_features"": 0.5}",COMPLETE
random_forest__group_f_pm25_met_fire_transport,random_forest,group_f_pm25_met_fire_transport,38,27.9298,"{""n_estimators"": 250, ""max_depth"": 9, ""min_samples_split"": 9, ""min_samples_leaf"": 2, ""max_features"": 0.5}",COMPLETE
random_forest__group_f_pm25_met_fire_transport,random_forest,group_f_pm25_met_fire_transport,39,27.5605,"{""n_estimators"": 200, ""max_depth"": 6, ""min_samples_split"": 2, ""min_samples_leaf"": 4, ""max_features"": 0.5}",COMPLETE
random_forest__group_f_pm25_met_fire_transport,random_forest,group_f_pm25_met_fire_transport,40,27.6208,"{""n_estimators"": 550, ""max_depth"": 5, ""min_samples_split"": 7, ""min_samples_leaf"": 6, ""max_features"": 0.75}",COMPLETE
random_forest__group_f_pm25_met_fire_transport,random_forest,group_f_pm25_met_fire_transport,41,27.432,"{""n_estimators"": 500, ""max_depth"": 4, ""min_samples_split"": 3, ""min_samples_leaf"": 4, ""max_features"": 0.5}",COMPLETE
random_forest__group_f_pm25_met_fire_transport,random_forest,group_f_pm25_met_fire_transport,42,27.4365,"{""n_estimators"": 450, ""max_depth"": 4, ""min_samples_split"": 2, ""min_samples_leaf"": 4, ""max_features"": 0.5}",COMPLETE
random_forest__group_f_pm25_met_fire_transport,random_forest,group_f_pm25_met_fire_transport,43,27.462,"{""n_estimators"": 500, ""max_depth"": 4, ""min_samples_split"": 4, ""min_samples_leaf"": 5, ""max_features"": 0.5}",COMPLETE
random_forest__group_f_pm25_met_fire_transport,random_forest,group_f_pm25_met_fire_transport,44,27.5311,"{""n_estimators"": 450, ""max_depth"": 5, ""min_samples_split"": 3, ""min_samples_leaf"": 4, ""max_features"": 0.5}",COMPLETE
random_forest__group_f_pm25_met_fire_transport,random_forest,group_f_pm25_met_fire_transport,45,27.4671,"{""n_estimators"": 400, ""max_depth"": 4, ""min_samples_split"": 4, ""min_samples_leaf"": 3, ""max_features"": 0.75}",COMPLETE
random_forest__group_f_pm25_met_fire_transport,random_forest,group_f_pm25_met_fire_transport,46,27.4509,"{""n_estimators"": 600, ""max_depth"": 4, ""min_samples_split"": 2, ""min_samples_leaf"": 5, ""max_features"": 0.5}",COMPLETE
random_forest__group_f_pm25_met_fire_transport,random_forest,group_f_pm25_met_fire_transport,47,27.4403,"{""n_estimators"": 350, ""max_depth"": 4, ""min_samples_split"": 3, ""min_samples_leaf"": 4, ""max_features"": 0.5}",COMPLETE
random_forest__group_f_pm25_met_fire_transport,random_forest,group_f_pm25_met_fire_transport,48,27.6649,"{""n_estimators"": 550, ""max_depth"": 5, ""min_samples_split"": 6, ""min_samples_leaf"": 3, ""max_features"": ""sqrt""}",COMPLETE
random_forest__group_f_pm25_met_fire_transport,random_forest,group_f_pm25_met_fire_transport,49,27.6091,"{""n_estimators"": 400, ""max_depth"": 6, ""min_samples_split"": 4, ""min_samples_leaf"": 4, ""max_features"": 0.5}",COMPLETE
random_forest__domain_reduced,random_forest,domain_reduced,0,28.8798,"{""n_estimators"": 350, ""max_depth"": 10, ""min_samples_split"": 8, ""min_samples_leaf"": 6, ""max_features"": ""sqrt""}",COMPLETE
random_forest__domain_reduced,random_forest,domain_reduced,1,31.3435,"{""n_estimators"": 550, ""max_depth"": 8, ""min_samples_split"": 8, ""min_samples_leaf"": 2, ""max_features"": ""sqrt""}",COMPLETE
random_forest__domain_reduced,random_forest,domain_reduced,2,28.3659,"{""n_estimators"": 250, ""max_depth"": 5, ""min_samples_split"": 4, ""min_samples_leaf"": 5, ""max_features"": 0.75}",COMPLETE
random_forest__domain_reduced,random_forest,domain_reduced,3,28.796,"{""n_estimators"": 250, ""max_depth"": 6, ""min_samples_split"": 5, ""min_samples_leaf"": 5, ""max_features"": ""sqrt""}",COMPLETE
random_forest__domain_reduced,random_forest,domain_reduced,4,29.391,"{""n_estimators"": 450, ""max_depth"": 4, ""min_samples_split"": 7, ""min_samples_leaf"": 3, ""max_features"": 0.75}",COMPLETE
random_forest__domain_reduced,random_forest,domain_reduced,5,28.6726,"{""n_estimators"": 550, ""max_depth"": 6, ""min_samples_split"": 2, ""min_samples_leaf"": 6, ""max_features"": 0.75}",COMPLETE
random_forest__domain_reduced,random_forest,domain_reduced,6,28.8933,"{""n_estimators"": 200, ""max_depth"": 10, ""min_samples_split"": 4, ""min_samples_leaf"": 6, ""max_features"": 0.75}",COMPLETE
random_forest__domain_reduced,random_forest,domain_reduced,7,28.5821,"{""n_estimators"": 250, ""max_depth"": 10, ""min_samples_split"": 8, ""min_samples_leaf"": 8, ""max_features"": 0.75}",COMPLETE
random_forest__domain_reduced,random_forest,domain_reduced,8,28.7425,"{""n_estimators"": 200, ""max_depth"": 5, ""min_samples_split"": 2, ""min_samples_leaf"": 4, ""max_features"": 0.75}",COMPLETE
random_forest__domain_reduced,random_forest,domain_reduced,9,32.788,"{""n_estimators"": 350, ""max_depth"": 5, ""min_samples_split"": 6, ""min_samples_leaf"": 2, ""max_features"": 0.75}",COMPLETE
random_forest__domain_reduced,random_forest,domain_reduced,10,28.5024,"{""n_estimators"": 600, ""max_depth"": 8, ""min_samples_split"": 10, ""min_samples_leaf"": 8, ""max_features"": 0.5}",COMPLETE
random_forest__domain_reduced,random_forest,domain_reduced,11,28.5024,"{""n_estimators"": 600, ""max_depth"": 8, ""min_samples_split"": 10, ""min_samples_leaf"": 8, ""max_features"": 0.5}",COMPLETE
random_forest__domain_reduced,random_forest,domain_reduced,12,28.5463,"{""n_estimators"": 450, ""max_depth"": 8, ""min_samples_split"": 10, ""min_samples_leaf"": 7, ""max_features"": 0.5}",COMPLETE
random_forest__domain_reduced,random_forest,domain_reduced,13,29.0096,"{""n_estimators"": 400, ""max_depth"": 7, ""min_samples_split"": 4, ""min_samples_leaf"": 4, ""max_features"": 0.5}",COMPLETE
random_forest__domain_reduced,random_forest,domain_reduced,14,27.8021,"{""n_estimators"": 300, ""max_depth"": 4, ""min_samples_split"": 3, ""min_samples_leaf"": 7, ""max_features"": 0.5}",COMPLETE
random_forest__domain_reduced,random_forest,domain_reduced,15,27.9311,"{""n_estimators"": 300, ""max_depth"": 4, ""min_samples_split"": 3, ""min_samples_leaf"": 5, ""max_features"": 0.5}",COMPLETE
random_forest__domain_reduced,random_forest,domain_reduced,16,27.8021,"{""n_estimators"": 300, ""max_depth"": 4, ""min_samples_split"": 3, ""min_samples_leaf"": 7, ""max_features"": 0.5}",COMPLETE
random_forest__domain_reduced,random_forest,domain_reduced,17,27.8202,"{""n_estimators"": 350, ""max_depth"": 4, ""min_samples_split"": 3, ""min_samples_leaf"": 7, ""max_features"": 0.5}",COMPLETE
random_forest__domain_reduced,random_forest,domain_reduced,18,27.8021,"{""n_estimators"": 300, ""max_depth"": 4, ""min_samples_split"": 5, ""min_samples_leaf"": 7, ""max_features"": 0.5}",COMPLETE
random_forest__domain_reduced,random_forest,domain_reduced,19,28.2586,"{""n_estimators"": 400, ""max_depth"": 6, ""min_samples_split"": 3, ""min_samples_leaf"": 7, ""max_features"": 0.5}",COMPLETE
random_forest__domain_reduced,random_forest,domain_reduced,20,28.0957,"{""n_estimators"": 300, ""max_depth"": 5, ""min_samples_split"": 2, ""min_samples_leaf"": 6, ""max_features"": 0.5}",COMPLETE
random_forest__domain_reduced,random_forest,domain_reduced,21,27.8021,"{""n_estimators"": 300, ""max_depth"": 4, ""min_samples_split"": 5, ""min_samples_leaf"": 7, ""max_features"": 0.5}",COMPLETE
random_forest__domain_reduced,random_forest,domain_reduced,22,27.8021,"{""n_estimators"": 300, ""max_depth"": 4, ""min_samples_split"": 5, ""min_samples_leaf"": 7, ""max_features"": 0.5}",COMPLETE
random_forest__domain_reduced,random_forest,domain_reduced,23,28.1896,"{""n_estimators"": 400, ""max_depth"": 5, ""min_samples_split"": 6, ""min_samples_leaf"": 8, ""max_features"": 0.5}",COMPLETE
random_forest__domain_reduced,random_forest,domain_reduced,24,27.811,"{""n_estimators"": 250, ""max_depth"": 4, ""min_samples_split"": 3, ""min_samples_leaf"": 7, ""max_features"": 0.5}",COMPLETE
random_forest__domain_reduced,random_forest,domain_reduced,25,28.0931,"{""n_estimators"": 350, ""max_depth"": 5, ""min_samples_split"": 4, ""min_samples_leaf"": 6, ""max_features"": 0.5}",COMPLETE
random_forest__domain_reduced,random_forest,domain_reduced,26,28.1109,"{""n_estimators"": 200, ""max_depth"": 4, ""min_samples_split"": 5, ""min_samples_leaf"": 8, ""max_features"": ""sqrt""}",COMPLETE
random_forest__domain_reduced,random_forest,domain_reduced,27,28.2313,"{""n_estimators"": 300, ""max_depth"": 6, ""min_samples_split"": 6, ""min_samples_leaf"": 7, ""max_features"": 0.5}",COMPLETE
random_forest__domain_reduced,random_forest,domain_reduced,28,27.9225,"{""n_estimators"": 450, ""max_depth"": 4, ""min_samples_split"": 3, ""min_samples_leaf"": 6, ""max_features"": 0.5}",COMPLETE
random_forest__domain_reduced,random_forest,domain_reduced,29,28.6573,"{""n_estimators"": 350, ""max_depth"": 5, ""min_samples_split"": 7, ""min_samples_leaf"": 6, ""max_features"": ""sqrt""}",COMPLETE
random_forest__domain_reduced,random_forest,domain_reduced,30,27.8172,"{""n_estimators"": 250, ""max_depth"": 4, ""min_samples_split"": 2, ""min_samples_leaf"": 8, ""max_features"": 0.5}",COMPLETE
random_forest__domain_reduced,random_forest,domain_reduced,31,27.8021,"{""n_estimators"": 300, ""max_depth"": 4, ""min_samples_split"": 5, ""min_samples_leaf"": 7, ""max_features"": 0.5}",COMPLETE
random_forest__domain_reduced,random_forest,domain_reduced,32,27.8202,"{""n_estimators"": 350, ""max_depth"": 4, ""min_samples_split"": 4, ""min_samples_leaf"": 7, ""max_features"": 0.5}",COMPLETE
random_forest__domain_reduced,random_forest,domain_reduced,33,28.047,"{""n_estimators"": 300, ""max_depth"": 5, ""min_samples_split"": 5, ""min_samples_leaf"": 7, ""max_features"": 0.5}",COMPLETE
random_forest__domain_reduced,random_forest,domain_reduced,34,28.6035,"{""n_estimators"": 250, ""max_depth"": 5, ""min_samples_split"": 7, ""min_samples_leaf"": 6, ""max_features"": ""sqrt""}",COMPLETE
random_forest__domain_reduced,random_forest,domain_reduced,35,27.9311,"{""n_estimators"": 300, ""max_depth"": 4, ""min_samples_split"": 6, ""min_samples_leaf"": 5, ""max_features"": 0.5}",COMPLETE
random_forest__domain_reduced,random_forest,domain_reduced,36,28.2816,"{""n_estimators"": 250, ""max_depth"": 4, ""min_samples_split"": 4, ""min_samples_leaf"": 8, ""max_features"": ""sqrt""}",COMPLETE
random_forest__domain_reduced,random_forest,domain_reduced,37,28.2455,"{""n_estimators"": 400, ""max_depth"": 5, ""min_samples_split"": 4, ""min_samples_leaf"": 5, ""max_features"": 0.5}",COMPLETE
random_forest__domain_reduced,random_forest,domain_reduced,38,28.6045,"{""n_estimators"": 350, ""max_depth"": 9, ""min_samples_split"": 5, ""min_samples_leaf"": 7, ""max_features"": 0.5}",COMPLETE
random_forest__domain_reduced,random_forest,domain_reduced,39,28.2646,"{""n_estimators"": 200, ""max_depth"": 6, ""min_samples_split"": 3, ""min_samples_leaf"": 6, ""max_features"": 0.5}",COMPLETE
random_forest__domain_reduced,random_forest,domain_reduced,40,27.9874,"{""n_estimators"": 250, ""max_depth"": 4, ""min_samples_split"": 8, ""min_samples_leaf"": 8, ""max_features"": 0.75}",COMPLETE
random_forest__domain_reduced,random_forest,domain_reduced,41,27.8021,"{""n_estimators"": 300, ""max_depth"": 4, ""min_samples_split"": 5, ""min_samples_leaf"": 7, ""max_features"": 0.5}",COMPLETE
random_forest__domain_reduced,random_forest,domain_reduced,42,27.8021,"{""n_estimators"": 300, ""max_depth"": 4, ""min_samples_split"": 5, ""min_samples_leaf"": 7, ""max_features"": 0.5}",COMPLETE
random_forest__domain_reduced,random_forest,domain_reduced,43,28.0574,"{""n_estimators"": 350, ""max_depth"": 5, ""min_samples_split"": 6, ""min_samples_leaf"": 7, ""max_features"": 0.5}",COMPLETE
random_forest__domain_reduced,random_forest,domain_reduced,44,27.8021,"{""n_estimators"": 300, ""max_depth"": 4, ""min_samples_split"": 4, ""min_samples_leaf"": 7, ""max_features"": 0.5}",COMPLETE
random_forest__domain_reduced,random_forest,domain_reduced,45,28.0849,"{""n_estimators"": 200, ""max_depth"": 4, ""min_samples_split"": 4, ""min_samples_leaf"": 6, ""max_features"": 0.75}",COMPLETE
random_forest__domain_reduced,random_forest,domain_reduced,46,28.1558,"{""n_estimators"": 250, ""max_depth"": 5, ""min_samples_split"": 2, ""min_samples_leaf"": 8, ""max_features"": 0.5}",COMPLETE
random_forest__domain_reduced,random_forest,domain_reduced,47,30.4941,"{""n_estimators"": 350, ""max_depth"": 4, ""min_samples_split"": 3, ""min_samples_leaf"": 2, ""max_features"": 0.5}",COMPLETE
random_forest__domain_reduced,random_forest,domain_reduced,48,28.5313,"{""n_estimators"": 550, ""max_depth"": 5, ""min_samples_split"": 4, ""min_samples_leaf"": 6, ""max_features"": ""sqrt""}",COMPLETE
random_forest__domain_reduced,random_forest,domain_reduced,49,27.8021,"{""n_estimators"": 300, ""max_depth"": 4, ""min_samples_split"": 3, ""min_samples_leaf"": 7, ""max_features"": 0.5}",COMPLETE
xgboost__set_b_pm25_history,xgboost,set_b_pm25_history,0,29.0344,"{""n_estimators"": 300, ""max_depth"": 4, ""learning_rate"": 0.032481928697702896, ""subsample"": 0.7496646210492591, ""colsample_bytree"": 0.5546065241548528, ""min_child_weight"": 4, ""gamma"": 0.11616722433639892, ""reg_alpha"": 8.795585311974417, ""reg_lambda"": 12.421185223120967}",COMPLETE
xgboost__set_b_pm25_history,xgboost,set_b_pm25_history,1,29.2757,"{""n_estimators"": 450, ""max_depth"": 2, ""learning_rate"": 0.04763628595029446, ""subsample"": 0.8081106602001054, ""colsample_bytree"": 0.5743186887373967, ""min_child_weight"": 4, ""gamma"": 0.36680901970686763, ""reg_alpha"": 3.7381801866358395, ""reg_lambda"": 10.97037220101252}",COMPLETE
xgboost__set_b_pm25_history,xgboost,set_b_pm25_history,2,28.4645,"{""n_estimators"": 300, ""max_depth"": 2, ""learning_rate"": 0.02677113724214592, ""subsample"": 0.6348734651630105, ""colsample_bytree"": 0.6022506269873263, ""min_child_weight"": 5, ""gamma"": 0.9121399684340719, ""reg_alpha"": 8.066583652537123, ""reg_lambda"": 4.793801861008835}",COMPLETE
xgboost__set_b_pm25_history,xgboost,set_b_pm25_history,3,28.4579,"{""n_estimators"": 350, ""max_depth"": 3, ""learning_rate"": 0.010776244716748864, ""subsample"": 0.7518862129753596, ""colsample_bytree"": 0.559683443290552, ""min_child_weight"": 3, ""gamma"": 1.8977710745066665, ""reg_alpha"": 9.690688297671034, ""reg_lambda"": 16.35954961421276}",COMPLETE
xgboost__set_b_pm25_history,xgboost,set_b_pm25_history,4,28.4859,"{""n_estimators"": 250, ""max_depth"": 2, ""learning_rate"": 0.030078651475264572, ""subsample"": 0.7100381234349002, ""colsample_bytree"": 0.5427133821956726, ""min_child_weight"": 6, ""gamma"": 0.06877704223043679, ""reg_alpha"": 9.18388361870904, ""reg_lambda"": 5.916819650400321}",COMPLETE
xgboost__set_b_pm25_history,xgboost,set_b_pm25_history,5,28.5533,"{""n_estimators"": 450, ""max_depth"": 2, ""learning_rate"": 0.023094679892576613, ""subsample"": 0.7366775698358199, ""colsample_bytree"": 0.5646990594339345, ""min_child_weight"": 10, ""gamma"": 1.550265646722229, ""reg_alpha"": 9.455490474077703, ""reg_lambda"": 18.001719658125328}",COMPLETE
xgboost__set_b_pm25_history,xgboost,set_b_pm25_history,6,28.6925,"{""n_estimators"": 400, ""max_depth"": 4, ""learning_rate"": 0.011530645080977573, ""subsample"": 0.6489957156047863, ""colsample_bytree"": 0.5158295511186883, ""min_child_weight"": 5, ""gamma"": 0.777354579378964, ""reg_alpha"": 3.442141285965063, ""reg_lambda"": 16.746012673886657}",COMPLETE
xgboost__set_b_pm25_history,xgboost,set_b_pm25_history,7,28.4453,"{""n_estimators"": 250, ""max_depth"": 2, ""learning_rate"": 0.023951255499127366, ""subsample"": 0.6352310562436907, ""colsample_bytree"": 0.7807689432639139, ""min_child_weight"": 3, ""gamma"": 1.9737738732010346, ""reg_alpha"": 7.9502029236699165, ""reg_lambda"": 4.775597949149276}",COMPLETE
xgboost__set_b_pm25_history,xgboost,set_b_pm25_history,8,28.9233,"{""n_estimators"": 100, ""max_depth"": 4, ""learning_rate"": 0.03119407275183074, ""subsample"": 0.7822517920102467, ""colsample_bytree"": 0.769944621340081, ""min_child_weight"": 3, ""gamma"": 0.7169314570885452, ""reg_alpha"": 2.0428215357261674, ""reg_lambda"": 17.398965091636278}",COMPLETE
xgboost__set_b_pm25_history,xgboost,set_b_pm25_history,9,28.2156,"{""n_estimators"": 400, ""max_depth"": 2, ""learning_rate"": 0.01107708224770985, ""subsample"": 0.6777455804289155, ""colsample_bytree"": 0.6138141627093614, ""min_child_weight"": 8, ""gamma"": 1.2751149427104262, ""reg_alpha"": 8.98491468318694, ""reg_lambda"": 9.972083578077036}",COMPLETE
xgboost__set_b_pm25_history,xgboost,set_b_pm25_history,10,28.9317,"{""n_estimators"": 600, ""max_depth"": 3, ""learning_rate"": 0.01573089306101593, ""subsample"": 0.8330725854779467, ""colsample_bytree"": 0.6758859261861787, ""min_child_weight"": 10, ""gamma"": 1.3087530455415064, ""reg_alpha"": 6.387815343890178, ""reg_lambda"": 9.433122119616426}",COMPLETE
xgboost__set_b_pm25_history,xgboost,set_b_pm25_history,11,29.1028,"{""n_estimators"": 150, ""max_depth"": 3, ""learning_rate"": 0.017737690956359183, ""subsample"": 0.6743507005378045, ""colsample_bytree"": 0.8462382039147076, ""min_child_weight"": 8, ""gamma"": 1.9097504188814736, ""reg_alpha"": 6.4646584662990305, ""reg_lambda"": 1.4594891223432995}",COMPLETE
xgboost__set_b_pm25_history,xgboost,set_b_pm25_history,12,28.4899,"{""n_estimators"": 550, ""max_depth"": 2, ""learning_rate"": 0.015771148246710283, ""subsample"": 0.606060620925029, ""colsample_bytree"": 0.6813792279313967, ""min_child_weight"": 8, ""gamma"": 1.4023251907875196, ""reg_alpha"": 6.936598270006787, ""reg_lambda"": 6.942088312363869}",COMPLETE
xgboost__set_b_pm25_history,xgboost,set_b_pm25_history,13,29.4383,"{""n_estimators"": 200, ""max_depth"": 3, ""learning_rate"": 0.04600354515127035, ""subsample"": 0.6728900476752911, ""colsample_bytree"": 0.6608604371213244, ""min_child_weight"": 7, ""gamma"": 1.11098381032856, ""reg_alpha"": 7.617960421628878, ""reg_lambda"": 1.7192734535143037}",COMPLETE
xgboost__set_b_pm25_history,xgboost,set_b_pm25_history,14,28.5892,"{""n_estimators"": 500, ""max_depth"": 2, ""learning_rate"": 0.02051257526788274, ""subsample"": 0.6015569893710224, ""colsample_bytree"": 0.7625434081526585, ""min_child_weight"": 9, ""gamma"": 1.699719292606726, ""reg_alpha"": 5.261938241097326, ""reg_lambda"": 8.319755779108998}",COMPLETE
xgboost__set_b_pm25_history,xgboost,set_b_pm25_history,15,28.2623,"{""n_estimators"": 350, ""max_depth"": 2, ""learning_rate"": 0.012979241873716784, ""subsample"": 0.6970676686418158, ""colsample_bytree"": 0.7545841021814546, ""min_child_weight"": 7, ""gamma"": 1.149365906808683, ""reg_alpha"": 8.168517153301392, ""reg_lambda"": 13.20487906665041}",COMPLETE
xgboost__set_b_pm25_history,xgboost,set_b_pm25_history,16,28.5058,"{""n_estimators"": 400, ""max_depth"": 3, ""learning_rate"": 0.012728371741535746, ""subsample"": 0.7013105163191969, ""colsample_bytree"": 0.6355795403204811, ""min_child_weight"": 7, ""gamma"": 1.1415022159076247, ""reg_alpha"": 5.631542765296692, ""reg_lambda"": 13.78323047655295}",COMPLETE
xgboost__set_b_pm25_history,xgboost,set_b_pm25_history,17,28.1718,"{""n_estimators"": 350, ""max_depth"": 2, ""learning_rate"": 0.013700811427803388, ""subsample"": 0.7090905702020965, ""colsample_bytree"": 0.7192676197430657, ""min_child_weight"": 8, ""gamma"": 0.49855404882928067, ""reg_alpha"": 9.995342636581107, ""reg_lambda"": 14.429804478773178}",COMPLETE
xgboost__set_b_pm25_history,xgboost,set_b_pm25_history,18,28.6957,"{""n_estimators"": 500, ""max_depth"": 3, ""learning_rate"": 0.013894386886986592, ""subsample"": 0.7331735775150845, ""colsample_bytree"": 0.7114554923254197, ""min_child_weight"": 9, ""gamma"": 0.48576845465413565, ""reg_alpha"": 9.728099206656132, ""reg_lambda"": 14.322363512718306}",COMPLETE
xgboost__set_b_pm25_history,xgboost,set_b_pm25_history,19,28.3795,"{""n_estimators"": 350, ""max_depth"": 2, ""learning_rate"": 0.01021776920565844, ""subsample"": 0.6726977242458501, ""colsample_bytree"": 0.8342131566702775, ""min_child_weight"": 8, ""gamma"": 0.4619624772180114, ""reg_alpha"": 9.993643294363695, ""reg_lambda"": 19.436035067900004}",COMPLETE
xgboost__set_b_pm25_history,xgboost,set_b_pm25_history,20,28.5075,"{""n_estimators"": 450, ""max_depth"": 2, ""learning_rate"": 0.01816667800031421, ""subsample"": 0.7818843156696039, ""colsample_bytree"": 0.6181953170415927, ""min_child_weight"": 9, ""gamma"": 0.27753987886119713, ""reg_alpha"": 8.803697932064974, ""reg_lambda"": 10.541229074802827}",COMPLETE
xgboost__set_b_pm25_history,xgboost,set_b_pm25_history,21,28.2008,"{""n_estimators"": 350, ""max_depth"": 2, ""learning_rate"": 0.01313647435179081, ""subsample"": 0.7030426666995762, ""colsample_bytree"": 0.7245293219552551, ""min_child_weight"": 7, ""gamma"": 1.0345763631806786, ""reg_alpha"": 8.374800855663846, ""reg_lambda"": 14.430257594255993}",COMPLETE
xgboost__set_b_pm25_history,xgboost,set_b_pm25_history,22,28.1971,"{""n_estimators"": 400, ""max_depth"": 2, ""learning_rate"": 0.014735499596644603, ""subsample"": 0.713965063417918, ""colsample_bytree"": 0.7198625258283881, ""min_child_weight"": 6, ""gamma"": 0.9308489988512448, ""reg_alpha"": 8.786302438482512, ""reg_lambda"": 15.405747432597929}",COMPLETE
xgboost__set_b_pm25_history,xgboost,set_b_pm25_history,23,28.1845,"{""n_estimators"": 300, ""max_depth"": 2, ""learning_rate"": 0.014934488790981996, ""subsample"": 0.7148257915853209, ""colsample_bytree"": 0.7224039145086089, ""min_child_weight"": 6, ""gamma"": 0.6739686669430746, ""reg_alpha"": 8.47711353665452, ""reg_lambda"": 15.270676768665844}",COMPLETE
xgboost__set_b_pm25_history,xgboost,set_b_pm25_history,24,28.2863,"{""n_estimators"": 250, ""max_depth"": 2, ""learning_rate"": 0.01529060661885509, ""subsample"": 0.7242455379070982, ""colsample_bytree"": 0.7167804114840342, ""min_child_weight"": 6, ""gamma"": 0.6571678458893544, ""reg_alpha"": 7.43990602381426, ""reg_lambda"": 15.40624154927203}",COMPLETE
xgboost__set_b_pm25_history,xgboost,set_b_pm25_history,25,28.1869,"{""n_estimators"": 300, ""max_depth"": 2, ""learning_rate"": 0.01831887769116525, ""subsample"": 0.7696321661129146, ""colsample_bytree"": 0.7999414060607135, ""min_child_weight"": 6, ""gamma"": 0.585427168213809, ""reg_alpha"": 8.491325672799062, ""reg_lambda"": 19.633212384397154}",COMPLETE
xgboost__set_b_pm25_history,xgboost,set_b_pm25_history,26,28.6395,"{""n_estimators"": 200, ""max_depth"": 3, ""learning_rate"": 0.018381305883056382, ""subsample"": 0.7702063623378129, ""colsample_bytree"": 0.8113303297786706, ""min_child_weight"": 5, ""gamma"": 0.5833328501854922, ""reg_alpha"": 7.214723713896039, ""reg_lambda"": 18.832651553082666}",COMPLETE
xgboost__set_b_pm25_history,xgboost,set_b_pm25_history,27,28.287,"{""n_estimators"": 300, ""max_depth"": 2, ""learning_rate"": 0.020593805943850938, ""subsample"": 0.808204399932693, ""colsample_bytree"": 0.79698566758749, ""min_child_weight"": 6, ""gamma"": 0.8372415831063231, ""reg_alpha"": 5.923119194418149, ""reg_lambda"": 11.823339713984833}",COMPLETE
xgboost__set_b_pm25_history,xgboost,set_b_pm25_history,28,28.1806,"{""n_estimators"": 200, ""max_depth"": 2, ""learning_rate"": 0.02070410997814958, ""subsample"": 0.7668919687953163, ""colsample_bytree"": 0.7382600345681883, ""min_child_weight"": 4, ""gamma"": 0.26983516355040665, ""reg_alpha"": 4.706880829662334, ""reg_lambda"": 18.712152531126574}",COMPLETE
xgboost__set_b_pm25_history,xgboost,set_b_pm25_history,29,28.6626,"{""n_estimators"": 100, ""max_depth"": 3, ""learning_rate"": 0.03704918807360527, ""subsample"": 0.7492974636112755, ""colsample_bytree"": 0.7408753603716579, ""min_child_weight"": 4, ""gamma"": 0.22420294569190863, ""reg_alpha"": 1.0931359507218676, ""reg_lambda"": 12.404582130276335}",COMPLETE
xgboost__set_b_pm25_history,xgboost,set_b_pm25_history,30,28.1488,"{""n_estimators"": 200, ""max_depth"": 2, ""learning_rate"": 0.02169120653563069, ""subsample"": 0.8469733450135954, ""colsample_bytree"": 0.6970384371278405, ""min_child_weight"": 4, ""gamma"": 0.010209432518795691, ""reg_alpha"": 4.34755308981365, ""reg_lambda"": 18.047337799477383}",COMPLETE
xgboost__set_b_pm25_history,xgboost,set_b_pm25_history,31,28.182,"{""n_estimators"": 200, ""max_depth"": 2, ""learning_rate"": 0.021242427467346642, ""subsample"": 0.8286018010165452, ""colsample_bytree"": 0.6851209615498313, ""min_child_weight"": 4, ""gamma"": 0.01855186643061868, ""reg_alpha"": 4.236614150530634, ""reg_lambda"": 18.118897680402405}",COMPLETE
xgboost__set_b_pm25_history,xgboost,set_b_pm25_history,32,28.2678,"{""n_estimators"": 150, ""max_depth"": 2, ""learning_rate"": 0.024877450946911725, ""subsample"": 0.8346291468751829, ""colsample_bytree"": 0.6850909894180368, ""min_child_weight"": 4, ""gamma"": 0.03239068823987934, ""reg_alpha"": 4.575784428357151, ""reg_lambda"": 17.9012435929258}",COMPLETE
xgboost__set_b_pm25_history,xgboost,set_b_pm25_history,33,28.2074,"{""n_estimators"": 200, ""max_depth"": 2, ""learning_rate"": 0.021306150730955327, ""subsample"": 0.8128768767557798, ""colsample_bytree"": 0.6511390444996896, ""min_child_weight"": 4, ""gamma"": 0.19678328403136916, ""reg_alpha"": 3.4195437783115246, ""reg_lambda"": 18.506422270203284}",COMPLETE
xgboost__set_b_pm25_history,xgboost,set_b_pm25_history,34,28.1653,"{""n_estimators"": 150, ""max_depth"": 2, ""learning_rate"": 0.02893422875488686, ""subsample"": 0.8484119423745482, ""colsample_bytree"": 0.7430278835708631, ""min_child_weight"": 5, ""gamma"": 0.3657389477206161, ""reg_alpha"": 4.215282203353961, ""reg_lambda"": 16.36626327683984}",COMPLETE
xgboost__set_b_pm25_history,xgboost,set_b_pm25_history,35,28.2553,"{""n_estimators"": 150, ""max_depth"": 2, ""learning_rate"": 0.028136259944439246, ""subsample"": 0.7950775516363109, ""colsample_bytree"": 0.743560381903217, ""min_child_weight"": 5, ""gamma"": 0.37476767715010706, ""reg_alpha"": 2.2982912159203748, ""reg_lambda"": 16.714781007409755}",COMPLETE
xgboost__set_b_pm25_history,xgboost,set_b_pm25_history,36,28.3458,"{""n_estimators"": 100, ""max_depth"": 2, ""learning_rate"": 0.03563129649456083, ""subsample"": 0.8459918631233407, ""colsample_bytree"": 0.5892641386584848, ""min_child_weight"": 3, ""gamma"": 0.33612541338658086, ""reg_alpha"": 4.591309660294343, ""reg_lambda"": 19.981445631135117}",COMPLETE
xgboost__set_b_pm25_history,xgboost,set_b_pm25_history,37,28.224,"{""n_estimators"": 150, ""max_depth"": 2, ""learning_rate"": 0.033795988168177145, ""subsample"": 0.820705739598609, ""colsample_bytree"": 0.7034342738041579, ""min_child_weight"": 5, ""gamma"": 0.1500296471700425, ""reg_alpha"": 3.0547009134803766, ""reg_lambda"": 16.20001112797901}",COMPLETE
xgboost__set_b_pm25_history,xgboost,set_b_pm25_history,38,28.3181,"{""n_estimators"": 250, ""max_depth"": 2, ""learning_rate"": 0.026714816061443908, ""subsample"": 0.8489539265265515, ""colsample_bytree"": 0.7434147100078499, ""min_child_weight"": 3, ""gamma"": 0.4438053154799302, ""reg_alpha"": 5.174211463606687, ""reg_lambda"": 17.123477697015925}",COMPLETE
xgboost__set_b_pm25_history,xgboost,set_b_pm25_history,39,28.422,"{""n_estimators"": 250, ""max_depth"": 2, ""learning_rate"": 0.028835193632918917, ""subsample"": 0.7911000519158264, ""colsample_bytree"": 0.7798904126309005, ""min_child_weight"": 4, ""gamma"": 0.12120808174128307, ""reg_alpha"": 2.9631814540448413, ""reg_lambda"": 15.884385748613019}",COMPLETE
xgboost__set_b_pm25_history,xgboost,set_b_pm25_history,40,28.147,"{""n_estimators"": 150, ""max_depth"": 2, ""learning_rate"": 0.02557218499695707, ""subsample"": 0.7522795790560122, ""colsample_bytree"": 0.6982527513400301, ""min_child_weight"": 5, ""gamma"": 0.3052826601970582, ""reg_alpha"": 3.969478166411757, ""reg_lambda"": 13.11089398891441}",COMPLETE
xgboost__set_b_pm25_history,xgboost,set_b_pm25_history,41,28.1829,"{""n_estimators"": 150, ""max_depth"": 2, ""learning_rate"": 0.025649929985058526, ""subsample"": 0.7506010783805602, ""colsample_bytree"": 0.7005750500258833, ""min_child_weight"": 5, ""gamma"": 0.29991375351993477, ""reg_alpha"": 4.00824288318887, ""reg_lambda"": 13.01302695644793}",COMPLETE
xgboost__set_b_pm25_history,xgboost,set_b_pm25_history,42,28.2388,"{""n_estimators"": 100, ""max_depth"": 2, ""learning_rate"": 0.039284957580109976, ""subsample"": 0.7698305516515032, ""colsample_bytree"": 0.6589806978010149, ""min_child_weight"": 4, ""gamma"": 0.4001800525046811, ""reg_alpha"": 4.770953087979171, ""reg_lambda"": 11.860583931265479}",COMPLETE
xgboost__set_b_pm25_history,xgboost,set_b_pm25_history,43,28.2973,"{""n_estimators"": 200, ""max_depth"": 2, ""learning_rate"": 0.02280803113669915, ""subsample"": 0.6885645767827292, ""colsample_bytree"": 0.7404426441933463, ""min_child_weight"": 5, ""gamma"": 0.5569682721410061, ""reg_alpha"": 3.693978023656684, ""reg_lambda"": 14.121005245203865}",COMPLETE
xgboost__set_b_pm25_history,xgboost,set_b_pm25_history,44,28.3192,"{""n_estimators"": 150, ""max_depth"": 2, ""learning_rate"": 0.023137154962451067, ""subsample"": 0.7430137744252128, ""colsample_bytree"": 0.6977919354029715, ""min_child_weight"": 3, ""gamma"": 0.22748132409144967, ""reg_alpha"": 2.607747516385712, ""reg_lambda"": 17.55656922056109}",COMPLETE
xgboost__set_b_pm25_history,xgboost,set_b_pm25_history,45,28.2702,"{""n_estimators"": 200, ""max_depth"": 2, ""learning_rate"": 0.03199264072601257, ""subsample"": 0.7620506458773576, ""colsample_bytree"": 0.7293125315101677, ""min_child_weight"": 5, ""gamma"": 0.07516078842467505, ""reg_alpha"": 1.6156492175558768, ""reg_lambda"": 15.008081209384057}",COMPLETE
xgboost__set_b_pm25_history,xgboost,set_b_pm25_history,46,33.4541,"{""n_estimators"": 100, ""max_depth"": 4, ""learning_rate"": 0.016522155574059644, ""subsample"": 0.7923072595074008, ""colsample_bytree"": 0.760804055345512, ""min_child_weight"": 3, ""gamma"": 0.3076135286412199, ""reg_alpha"": 3.9288679987364006, ""reg_lambda"": 18.984932189510715}",COMPLETE
xgboost__set_b_pm25_history,xgboost,set_b_pm25_history,47,28.468,"{""n_estimators"": 250, ""max_depth"": 2, ""learning_rate"": 0.03015193494539098, ""subsample"": 0.6461555992447313, ""colsample_bytree"": 0.779298842839958, ""min_child_weight"": 4, ""gamma"": 0.14633621157849638, ""reg_alpha"": 4.28669453562102, ""reg_lambda"": 16.373563456629856}",COMPLETE
xgboost__set_b_pm25_history,xgboost,set_b_pm25_history,48,28.6132,"{""n_estimators"": 150, ""max_depth"": 2, ""learning_rate"": 0.020001357764484223, ""subsample"": 0.7299477260323252, ""colsample_bytree"": 0.6727469785683104, ""min_child_weight"": 10, ""gamma"": 0.5358928222298744, ""reg_alpha"": 4.941564360499536, ""reg_lambda"": 17.17640334829182}",COMPLETE
xgboost__set_b_pm25_history,xgboost,set_b_pm25_history,49,28.3049,"{""n_estimators"": 300, ""max_depth"": 2, ""learning_rate"": 0.011852300613610941, ""subsample"": 0.8192800698389882, ""colsample_bytree"": 0.6350056616448321, ""min_child_weight"": 5, ""gamma"": 0.0015466469520154045, ""reg_alpha"": 5.752131576781521, ""reg_lambda"": 13.24892220147952}",COMPLETE
xgboost__group_c_pm25_meteorology,xgboost,group_c_pm25_meteorology,0,28.9717,"{""n_estimators"": 300, ""max_depth"": 4, ""learning_rate"": 0.032481928697702896, ""subsample"": 0.7496646210492591, ""colsample_bytree"": 0.5546065241548528, ""min_child_weight"": 4, ""gamma"": 0.11616722433639892, ""reg_alpha"": 8.795585311974417, ""reg_lambda"": 12.421185223120967}",COMPLETE
xgboost__group_c_pm25_meteorology,xgboost,group_c_pm25_meteorology,1,29.3526,"{""n_estimators"": 450, ""max_depth"": 2, ""learning_rate"": 0.04763628595029446, ""subsample"": 0.8081106602001054, ""colsample_bytree"": 0.5743186887373967, ""min_child_weight"": 4, ""gamma"": 0.36680901970686763, ""reg_alpha"": 3.7381801866358395, ""reg_lambda"": 10.97037220101252}",COMPLETE
xgboost__group_c_pm25_meteorology,xgboost,group_c_pm25_meteorology,2,28.4262,"{""n_estimators"": 300, ""max_depth"": 2, ""learning_rate"": 0.02677113724214592, ""subsample"": 0.6348734651630105, ""colsample_bytree"": 0.6022506269873263, ""min_child_weight"": 5, ""gamma"": 0.9121399684340719, ""reg_alpha"": 8.066583652537123, ""reg_lambda"": 4.793801861008835}",COMPLETE
xgboost__group_c_pm25_meteorology,xgboost,group_c_pm25_meteorology,3,28.3171,"{""n_estimators"": 350, ""max_depth"": 3, ""learning_rate"": 0.010776244716748864, ""subsample"": 0.7518862129753596, ""colsample_bytree"": 0.559683443290552, ""min_child_weight"": 3, ""gamma"": 1.8977710745066665, ""reg_alpha"": 9.690688297671034, ""reg_lambda"": 16.35954961421276}",COMPLETE
xgboost__group_c_pm25_meteorology,xgboost,group_c_pm25_meteorology,4,28.5217,"{""n_estimators"": 250, ""max_depth"": 2, ""learning_rate"": 0.030078651475264572, ""subsample"": 0.7100381234349002, ""colsample_bytree"": 0.5427133821956726, ""min_child_weight"": 6, ""gamma"": 0.06877704223043679, ""reg_alpha"": 9.18388361870904, ""reg_lambda"": 5.916819650400321}",COMPLETE
xgboost__group_c_pm25_meteorology,xgboost,group_c_pm25_meteorology,5,28.2646,"{""n_estimators"": 450, ""max_depth"": 2, ""learning_rate"": 0.023094679892576613, ""subsample"": 0.7366775698358199, ""colsample_bytree"": 0.5646990594339345, ""min_child_weight"": 10, ""gamma"": 1.550265646722229, ""reg_alpha"": 9.455490474077703, ""reg_lambda"": 18.001719658125328}",COMPLETE
xgboost__group_c_pm25_meteorology,xgboost,group_c_pm25_meteorology,6,28.7371,"{""n_estimators"": 400, ""max_depth"": 4, ""learning_rate"": 0.011530645080977573, ""subsample"": 0.6489957156047863, ""colsample_bytree"": 0.5158295511186883, ""min_child_weight"": 5, ""gamma"": 0.777354579378964, ""reg_alpha"": 3.442141285965063, ""reg_lambda"": 16.746012673886657}",COMPLETE
xgboost__group_c_pm25_meteorology,xgboost,group_c_pm25_meteorology,7,28.2458,"{""n_estimators"": 250, ""max_depth"": 2, ""learning_rate"": 0.023951255499127366, ""subsample"": 0.6352310562436907, ""colsample_bytree"": 0.7807689432639139, ""min_child_weight"": 3, ""gamma"": 1.9737738732010346, ""reg_alpha"": 7.9502029236699165, ""reg_lambda"": 4.775597949149276}",COMPLETE
xgboost__group_c_pm25_meteorology,xgboost,group_c_pm25_meteorology,8,28.8962,"{""n_estimators"": 100, ""max_depth"": 4, ""learning_rate"": 0.03119407275183074, ""subsample"": 0.7822517920102467, ""colsample_bytree"": 0.769944621340081, ""min_child_weight"": 3, ""gamma"": 0.7169314570885452, ""reg_alpha"": 2.0428215357261674, ""reg_lambda"": 17.398965091636278}",COMPLETE
xgboost__group_c_pm25_meteorology,xgboost,group_c_pm25_meteorology,9,28.0515,"{""n_estimators"": 400, ""max_depth"": 2, ""learning_rate"": 0.01107708224770985, ""subsample"": 0.6777455804289155, ""colsample_bytree"": 0.6138141627093614, ""min_child_weight"": 8, ""gamma"": 1.2751149427104262, ""reg_alpha"": 8.98491468318694, ""reg_lambda"": 9.972083578077036}",COMPLETE
xgboost__group_c_pm25_meteorology,xgboost,group_c_pm25_meteorology,10,28.6905,"{""n_estimators"": 600, ""max_depth"": 3, ""learning_rate"": 0.01573089306101593, ""subsample"": 0.8330725854779467, ""colsample_bytree"": 0.6758859261861787, ""min_child_weight"": 10, ""gamma"": 1.3087530455415064, ""reg_alpha"": 6.387815343890178, ""reg_lambda"": 9.433122119616426}",COMPLETE
xgboost__group_c_pm25_meteorology,xgboost,group_c_pm25_meteorology,11,28.9423,"{""n_estimators"": 150, ""max_depth"": 3, ""learning_rate"": 0.017737690956359183, ""subsample"": 0.6743507005378045, ""colsample_bytree"": 0.8462382039147076, ""min_child_weight"": 8, ""gamma"": 1.9097504188814736, ""reg_alpha"": 6.4646584662990305, ""reg_lambda"": 1.4594891223432995}",COMPLETE
xgboost__group_c_pm25_meteorology,xgboost,group_c_pm25_meteorology,12,28.3015,"{""n_estimators"": 550, ""max_depth"": 2, ""learning_rate"": 0.015771148246710283, ""subsample"": 0.606060620925029, ""colsample_bytree"": 0.6813792279313967, ""min_child_weight"": 8, ""gamma"": 1.4023251907875196, ""reg_alpha"": 6.936598270006787, ""reg_lambda"": 6.942088312363869}",COMPLETE
xgboost__group_c_pm25_meteorology,xgboost,group_c_pm25_meteorology,13,29.3161,"{""n_estimators"": 200, ""max_depth"": 3, ""learning_rate"": 0.04600354515127035, ""subsample"": 0.6728900476752911, ""colsample_bytree"": 0.6608604371213244, ""min_child_weight"": 7, ""gamma"": 1.11098381032856, ""reg_alpha"": 7.617960421628878, ""reg_lambda"": 1.7192734535143037}",COMPLETE
xgboost__group_c_pm25_meteorology,xgboost,group_c_pm25_meteorology,14,28.4006,"{""n_estimators"": 500, ""max_depth"": 2, ""learning_rate"": 0.02051257526788274, ""subsample"": 0.6015569893710224, ""colsample_bytree"": 0.7625434081526585, ""min_child_weight"": 9, ""gamma"": 1.699719292606726, ""reg_alpha"": 5.261938241097326, ""reg_lambda"": 8.319755779108998}",COMPLETE
xgboost__group_c_pm25_meteorology,xgboost,group_c_pm25_meteorology,15,28.0442,"{""n_estimators"": 350, ""max_depth"": 2, ""learning_rate"": 0.012979241873716784, ""subsample"": 0.6970676686418158, ""colsample_bytree"": 0.7545841021814546, ""min_child_weight"": 7, ""gamma"": 1.149365906808683, ""reg_alpha"": 8.168517153301392, ""reg_lambda"": 13.20487906665041}",COMPLETE
xgboost__group_c_pm25_meteorology,xgboost,group_c_pm25_meteorology,16,28.4117,"{""n_estimators"": 400, ""max_depth"": 3, ""learning_rate"": 0.012728371741535746, ""subsample"": 0.7013105163191969, ""colsample_bytree"": 0.6355795403204811, ""min_child_weight"": 7, ""gamma"": 1.1415022159076247, ""reg_alpha"": 5.631542765296692, ""reg_lambda"": 13.78323047655295}",COMPLETE
xgboost__group_c_pm25_meteorology,xgboost,group_c_pm25_meteorology,17,28.0375,"{""n_estimators"": 350, ""max_depth"": 2, ""learning_rate"": 0.013700811427803388, ""subsample"": 0.7090905702020965, ""colsample_bytree"": 0.7192676197430657, ""min_child_weight"": 8, ""gamma"": 0.49855404882928067, ""reg_alpha"": 9.995342636581107, ""reg_lambda"": 14.429804478773178}",COMPLETE
xgboost__group_c_pm25_meteorology,xgboost,group_c_pm25_meteorology,18,28.4252,"{""n_estimators"": 300, ""max_depth"": 3, ""learning_rate"": 0.013791530643395996, ""subsample"": 0.717336566940899, ""colsample_bytree"": 0.7258976168276651, ""min_child_weight"": 7, ""gamma"": 0.4754862805888293, ""reg_alpha"": 8.341568535785886, ""reg_lambda"": 14.527891456630035}",COMPLETE
xgboost__group_c_pm25_meteorology,xgboost,group_c_pm25_meteorology,19,28.0589,"{""n_estimators"": 350, ""max_depth"": 2, ""learning_rate"": 0.014030714354105859, ""subsample"": 0.7737687938905969, ""colsample_bytree"": 0.8315444030444502, ""min_child_weight"": 9, ""gamma"": 0.46749491517383623, ""reg_alpha"": 9.993643294363695, ""reg_lambda"": 19.436035067900004}",COMPLETE
xgboost__group_c_pm25_meteorology,xgboost,group_c_pm25_meteorology,20,28.2507,"{""n_estimators"": 500, ""max_depth"": 2, ""learning_rate"": 0.01816667800031421, ""subsample"": 0.6992643321094034, ""colsample_bytree"": 0.7252653974851218, ""min_child_weight"": 6, ""gamma"": 0.934430807504739, ""reg_alpha"": 7.4029572046480325, ""reg_lambda"": 14.61766245161745}",COMPLETE
xgboost__group_c_pm25_meteorology,xgboost,group_c_pm25_meteorology,21,28.1184,"{""n_estimators"": 400, ""max_depth"": 2, ""learning_rate"": 0.010221081750980248, ""subsample"": 0.6773686578850321, ""colsample_bytree"": 0.7192380092168893, ""min_child_weight"": 8, ""gamma"": 1.2155696119288746, ""reg_alpha"": 8.759271126110923, ""reg_lambda"": 11.154165160380705}",COMPLETE
xgboost__group_c_pm25_meteorology,xgboost,group_c_pm25_meteorology,22,28.0612,"{""n_estimators"": 350, ""max_depth"": 2, ""learning_rate"": 0.012287514774158376, ""subsample"": 0.7286396482777874, ""colsample_bytree"": 0.8084763329984398, ""min_child_weight"": 9, ""gamma"": 1.4969424818049357, ""reg_alpha"": 9.977228456328762, ""reg_lambda"": 12.562153124906136}",COMPLETE
xgboost__group_c_pm25_meteorology,xgboost,group_c_pm25_meteorology,23,28.1585,"{""n_estimators"": 450, ""max_depth"": 2, ""learning_rate"": 0.014814757180114498, ""subsample"": 0.6899564270038021, ""colsample_bytree"": 0.6147342855694854, ""min_child_weight"": 8, ""gamma"": 0.6518400847776323, ""reg_alpha"": 8.932638317107507, ""reg_lambda"": 9.93086743035196}",COMPLETE
xgboost__group_c_pm25_meteorology,xgboost,group_c_pm25_meteorology,24,29.4316,"{""n_estimators"": 250, ""max_depth"": 2, ""learning_rate"": 0.010116565363664785, ""subsample"": 0.6499824297615395, ""colsample_bytree"": 0.7037076350786301, ""min_child_weight"": 6, ""gamma"": 0.9421567153843091, ""reg_alpha"": 8.470346509231073, ""reg_lambda"": 12.68060039691432}",COMPLETE
xgboost__group_c_pm25_meteorology,xgboost,group_c_pm25_meteorology,25,28.0826,"{""n_estimators"": 350, ""max_depth"": 2, ""learning_rate"": 0.012493720173375822, ""subsample"": 0.6632322224359222, ""colsample_bytree"": 0.7523301528358026, ""min_child_weight"": 7, ""gamma"": 1.6379559969497466, ""reg_alpha"": 7.208296004637912, ""reg_lambda"": 14.797248946117936}",COMPLETE
xgboost__group_c_pm25_meteorology,xgboost,group_c_pm25_meteorology,26,28.4905,"{""n_estimators"": 400, ""max_depth"": 3, ""learning_rate"": 0.01756416783359181, ""subsample"": 0.7240432151354279, ""colsample_bytree"": 0.6481921676954636, ""min_child_weight"": 9, ""gamma"": 0.2530453787424711, ""reg_alpha"": 9.070176526814084, ""reg_lambda"": 7.797448282164961}",COMPLETE
xgboost__group_c_pm25_meteorology,xgboost,group_c_pm25_meteorology,27,28.0961,"{""n_estimators"": 500, ""max_depth"": 2, ""learning_rate"": 0.013278641868577183, ""subsample"": 0.6886808958390057, ""colsample_bytree"": 0.8156490019218535, ""min_child_weight"": 8, ""gamma"": 1.0764982884807954, ""reg_alpha"": 8.02621474457366, ""reg_lambda"": 10.988762784139725}",COMPLETE
xgboost__group_c_pm25_meteorology,xgboost,group_c_pm25_meteorology,28,30.1573,"{""n_estimators"": 200, ""max_depth"": 2, ""learning_rate"": 0.01128045738860879, ""subsample"": 0.7674722115022427, ""colsample_bytree"": 0.7911188195974638, ""min_child_weight"": 7, ""gamma"": 1.3401735483861255, ""reg_alpha"": 5.880387534164932, ""reg_lambda"": 15.684868061113066}",COMPLETE
xgboost__group_c_pm25_meteorology,xgboost,group_c_pm25_meteorology,29,29.0881,"{""n_estimators"": 300, ""max_depth"": 3, ""learning_rate"": 0.03704918807360527, ""subsample"": 0.6238323164923875, ""colsample_bytree"": 0.7388846084750669, ""min_child_weight"": 6, ""gamma"": 0.20579880716485122, ""reg_alpha"": 1.0931359507218676, ""reg_lambda"": 12.404582130276335}",COMPLETE
xgboost__group_c_pm25_meteorology,xgboost,group_c_pm25_meteorology,30,28.0022,"{""n_estimators"": 300, ""max_depth"": 2, ""learning_rate"": 0.01581136212869383, ""subsample"": 0.6590716089058151, ""colsample_bytree"": 0.6970384371278405, ""min_child_weight"": 5, ""gamma"": 0.8202863503958006, ""reg_alpha"": 4.8569563269939025, ""reg_lambda"": 18.948062502231817}",COMPLETE
xgboost__group_c_pm25_meteorology,xgboost,group_c_pm25_meteorology,31,28.0755,"{""n_estimators"": 300, ""max_depth"": 2, ""learning_rate"": 0.01546759880816964, ""subsample"": 0.6614755334307142, ""colsample_bytree"": 0.7028930305611217, ""min_child_weight"": 4, ""gamma"": 0.5855580436717914, ""reg_alpha"": 3.965228386545399, ""reg_lambda"": 19.315460822651037}",COMPLETE
xgboost__group_c_pm25_meteorology,xgboost,group_c_pm25_meteorology,32,28.0983,"{""n_estimators"": 350, ""max_depth"": 2, ""learning_rate"": 0.020310214506862188, ""subsample"": 0.6875474102603354, ""colsample_bytree"": 0.6900013037552833, ""min_child_weight"": 5, ""gamma"": 0.8181095953015303, ""reg_alpha"": 2.961762194041233, ""reg_lambda"": 19.98935506645921}",COMPLETE
xgboost__group_c_pm25_meteorology,xgboost,group_c_pm25_meteorology,33,27.9817,"{""n_estimators"": 400, ""max_depth"": 2, ""learning_rate"": 0.016883916722738722, ""subsample"": 0.748538967572352, ""colsample_bytree"": 0.6328687177807774, ""min_child_weight"": 4, ""gamma"": 1.015637439661345, ""reg_alpha"": 9.432203899121042, ""reg_lambda"": 18.24858645431073}",COMPLETE
xgboost__group_c_pm25_meteorology,xgboost,group_c_pm25_meteorology,34,28.0144,"{""n_estimators"": 250, ""max_depth"": 2, ""learning_rate"": 0.016511849659954586, ""subsample"": 0.7491847873208338, ""colsample_bytree"": 0.7426720611362676, ""min_child_weight"": 4, ""gamma"": 1.0279541029553376, ""reg_alpha"": 4.747504434667268, ""reg_lambda"": 18.313980054410454}",COMPLETE
xgboost__group_c_pm25_meteorology,xgboost,group_c_pm25_meteorology,35,28.0933,"{""n_estimators"": 200, ""max_depth"": 2, ""learning_rate"": 0.019539040712870673, ""subsample"": 0.7959034601021946, ""colsample_bytree"": 0.6319352950314382, ""min_child_weight"": 4, ""gamma"": 0.9981863286772006, ""reg_alpha"": 4.963177501294665, ""reg_lambda"": 18.308025007766176}",COMPLETE
xgboost__group_c_pm25_meteorology,xgboost,group_c_pm25_meteorology,36,28.0848,"{""n_estimators"": 250, ""max_depth"": 2, ""learning_rate"": 0.01687032404105536, ""subsample"": 0.7512802427332622, ""colsample_bytree"": 0.585555718431365, ""min_child_weight"": 4, ""gamma"": 0.8348499623468528, ""reg_alpha"": 4.326414278116301, ""reg_lambda"": 18.61396703518166}",COMPLETE
xgboost__group_c_pm25_meteorology,xgboost,group_c_pm25_meteorology,37,27.9825,"{""n_estimators"": 300, ""max_depth"": 2, ""learning_rate"": 0.02293897474408486, ""subsample"": 0.7443159141356627, ""colsample_bytree"": 0.6622810436676221, ""min_child_weight"": 5, ""gamma"": 0.564732836571638, ""reg_alpha"": 4.600294022678242, ""reg_lambda"": 15.952006380568106}",COMPLETE
xgboost__group_c_pm25_meteorology,xgboost,group_c_pm25_meteorology,38,28.2725,"{""n_estimators"": 150, ""max_depth"": 2, ""learning_rate"": 0.0226684167630909, ""subsample"": 0.7376127058435764, ""colsample_bytree"": 0.6685691387028918, ""min_child_weight"": 5, ""gamma"": 0.6839738193980385, ""reg_alpha"": 4.641336408896623, ""reg_lambda"": 15.91299328532104}",COMPLETE
xgboost__group_c_pm25_meteorology,xgboost,group_c_pm25_meteorology,39,28.0429,"{""n_estimators"": 250, ""max_depth"": 2, ""learning_rate"": 0.026236016032752964, ""subsample"": 0.8125523564704695, ""colsample_bytree"": 0.5882700810844974, ""min_child_weight"": 5, ""gamma"": 0.34281547336112633, ""reg_alpha"": 3.3311446094353845, ""reg_lambda"": 17.27155399217235}",COMPLETE
xgboost__group_c_pm25_meteorology,xgboost,group_c_pm25_meteorology,40,28.0237,"{""n_estimators"": 300, ""max_depth"": 2, ""learning_rate"": 0.021814429877357, ""subsample"": 0.7603968960273214, ""colsample_bytree"": 0.5413401101405565, ""min_child_weight"": 3, ""gamma"": 0.0029000235855067835, ""reg_alpha"": 2.2845597409478136, ""reg_lambda"": 16.64441119592524}",COMPLETE
xgboost__group_c_pm25_meteorology,xgboost,group_c_pm25_meteorology,41,28.2993,"{""n_estimators"": 300, ""max_depth"": 2, ""learning_rate"": 0.028674394018537497, ""subsample"": 0.764950597854171, ""colsample_bytree"": 0.5407098835177748, ""min_child_weight"": 3, ""gamma"": 0.08657425943238689, ""reg_alpha"": 2.104230547240714, ""reg_lambda"": 16.81294781503764}",COMPLETE
xgboost__group_c_pm25_meteorology,xgboost,group_c_pm25_meteorology,42,28.0667,"{""n_estimators"": 300, ""max_depth"": 2, ""learning_rate"": 0.021825353755190742, ""subsample"": 0.7409719698467969, ""colsample_bytree"": 0.5098229599651939, ""min_child_weight"": 4, ""gamma"": 1.0194183143878044, ""reg_alpha"": 2.9639697701706833, ""reg_lambda"": 17.88813876306549}",COMPLETE
xgboost__group_c_pm25_meteorology,xgboost,group_c_pm25_meteorology,43,28.1128,"{""n_estimators"": 200, ""max_depth"": 2, ""learning_rate"": 0.03428175789240901, ""subsample"": 0.787227753784966, ""colsample_bytree"": 0.5336967152095787, ""min_child_weight"": 3, ""gamma"": 0.8070634035892734, ""reg_alpha"": 2.139451642735753, ""reg_lambda"": 15.847218517737641}",COMPLETE
xgboost__group_c_pm25_meteorology,xgboost,group_c_pm25_meteorology,44,27.9453,"{""n_estimators"": 250, ""max_depth"": 2, ""learning_rate"": 0.01896153866309036, ""subsample"": 0.7604853000382996, ""colsample_bytree"": 0.6501576032926051, ""min_child_weight"": 4, ""gamma"": 0.047794593448330036, ""reg_alpha"": 1.3095427435790605, ""reg_lambda"": 18.84168578518697}",COMPLETE
xgboost__group_c_pm25_meteorology,xgboost,group_c_pm25_meteorology,45,28.1834,"{""n_estimators"": 150, ""max_depth"": 2, ""learning_rate"": 0.02439946310067927, ""subsample"": 0.8060954391065412, ""colsample_bytree"": 0.6494448016760755, ""min_child_weight"": 5, ""gamma"": 0.5602719281575745, ""reg_alpha"": 1.282653640642888, ""reg_lambda"": 18.84991982962029}",COMPLETE
xgboost__group_c_pm25_meteorology,xgboost,group_c_pm25_meteorology,46,28.6983,"{""n_estimators"": 250, ""max_depth"": 4, ""learning_rate"": 0.019091422307750735, ""subsample"": 0.747231518502189, ""colsample_bytree"": 0.6166679269922604, ""min_child_weight"": 4, ""gamma"": 0.8793531677947194, ""reg_alpha"": 3.916730278778553, ""reg_lambda"": 17.72413716136444}",COMPLETE
xgboost__group_c_pm25_meteorology,xgboost,group_c_pm25_meteorology,47,33.3481,"{""n_estimators"": 100, ""max_depth"": 2, ""learning_rate"": 0.016671139220636726, ""subsample"": 0.8492719680346527, ""colsample_bytree"": 0.6909441191556308, ""min_child_weight"": 5, ""gamma"": 0.3692310240060681, ""reg_alpha"": 6.222357686998035, ""reg_lambda"": 19.845129083681314}",COMPLETE
xgboost__group_c_pm25_meteorology,xgboost,group_c_pm25_meteorology,48,27.9863,"{""n_estimators"": 250, ""max_depth"": 2, ""learning_rate"": 0.01851048908898514, ""subsample"": 0.7788174481341305, ""colsample_bytree"": 0.6621058982158263, ""min_child_weight"": 4, ""gamma"": 1.0276746028903374, ""reg_alpha"": 1.51196182540746, ""reg_lambda"": 18.708946710277374}",COMPLETE
xgboost__group_c_pm25_meteorology,xgboost,group_c_pm25_meteorology,49,28.3375,"{""n_estimators"": 450, ""max_depth"": 2, ""learning_rate"": 0.02515751015299871, ""subsample"": 0.8186126442500529, ""colsample_bytree"": 0.6570063603959, ""min_child_weight"": 5, ""gamma"": 1.2308614168745042, ""reg_alpha"": 1.5968768553061539, ""reg_lambda"": 17.27747646712374}",COMPLETE
xgboost__group_e_pm25_met_fire,xgboost,group_e_pm25_met_fire,0,28.7154,"{""n_estimators"": 300, ""max_depth"": 4, ""learning_rate"": 0.032481928697702896, ""subsample"": 0.7496646210492591, ""colsample_bytree"": 0.5546065241548528, ""min_child_weight"": 4, ""gamma"": 0.11616722433639892, ""reg_alpha"": 8.795585311974417, ""reg_lambda"": 12.421185223120967}",COMPLETE
xgboost__group_e_pm25_met_fire,xgboost,group_e_pm25_met_fire,1,29.0969,"{""n_estimators"": 450, ""max_depth"": 2, ""learning_rate"": 0.04763628595029446, ""subsample"": 0.8081106602001054, ""colsample_bytree"": 0.5743186887373967, ""min_child_weight"": 4, ""gamma"": 0.36680901970686763, ""reg_alpha"": 3.7381801866358395, ""reg_lambda"": 10.97037220101252}",COMPLETE
xgboost__group_e_pm25_met_fire,xgboost,group_e_pm25_met_fire,2,28.2468,"{""n_estimators"": 300, ""max_depth"": 2, ""learning_rate"": 0.02677113724214592, ""subsample"": 0.6348734651630105, ""colsample_bytree"": 0.6022506269873263, ""min_child_weight"": 5, ""gamma"": 0.9121399684340719, ""reg_alpha"": 8.066583652537123, ""reg_lambda"": 4.793801861008835}",COMPLETE
xgboost__group_e_pm25_met_fire,xgboost,group_e_pm25_met_fire,3,28.1714,"{""n_estimators"": 350, ""max_depth"": 3, ""learning_rate"": 0.010776244716748864, ""subsample"": 0.7518862129753596, ""colsample_bytree"": 0.559683443290552, ""min_child_weight"": 3, ""gamma"": 1.8977710745066665, ""reg_alpha"": 9.690688297671034, ""reg_lambda"": 16.35954961421276}",COMPLETE
xgboost__group_e_pm25_met_fire,xgboost,group_e_pm25_met_fire,4,28.2643,"{""n_estimators"": 250, ""max_depth"": 2, ""learning_rate"": 0.030078651475264572, ""subsample"": 0.7100381234349002, ""colsample_bytree"": 0.5427133821956726, ""min_child_weight"": 6, ""gamma"": 0.06877704223043679, ""reg_alpha"": 9.18388361870904, ""reg_lambda"": 5.916819650400321}",COMPLETE
xgboost__group_e_pm25_met_fire,xgboost,group_e_pm25_met_fire,5,28.0365,"{""n_estimators"": 450, ""max_depth"": 2, ""learning_rate"": 0.023094679892576613, ""subsample"": 0.7366775698358199, ""colsample_bytree"": 0.5646990594339345, ""min_child_weight"": 10, ""gamma"": 1.550265646722229, ""reg_alpha"": 9.455490474077703, ""reg_lambda"": 18.001719658125328}",COMPLETE
xgboost__group_e_pm25_met_fire,xgboost,group_e_pm25_met_fire,6,28.41,"{""n_estimators"": 400, ""max_depth"": 4, ""learning_rate"": 0.011530645080977573, ""subsample"": 0.6489957156047863, ""colsample_bytree"": 0.5158295511186883, ""min_child_weight"": 5, ""gamma"": 0.777354579378964, ""reg_alpha"": 3.442141285965063, ""reg_lambda"": 16.746012673886657}",COMPLETE
xgboost__group_e_pm25_met_fire,xgboost,group_e_pm25_met_fire,7,28.002,"{""n_estimators"": 250, ""max_depth"": 2, ""learning_rate"": 0.023951255499127366, ""subsample"": 0.6352310562436907, ""colsample_bytree"": 0.7807689432639139, ""min_child_weight"": 3, ""gamma"": 1.9737738732010346, ""reg_alpha"": 7.9502029236699165, ""reg_lambda"": 4.775597949149276}",COMPLETE
xgboost__group_e_pm25_met_fire,xgboost,group_e_pm25_met_fire,8,28.95,"{""n_estimators"": 100, ""max_depth"": 4, ""learning_rate"": 0.03119407275183074, ""subsample"": 0.7822517920102467, ""colsample_bytree"": 0.769944621340081, ""min_child_weight"": 3, ""gamma"": 0.7169314570885452, ""reg_alpha"": 2.0428215357261674, ""reg_lambda"": 17.398965091636278}",COMPLETE
xgboost__group_e_pm25_met_fire,xgboost,group_e_pm25_met_fire,9,27.8771,"{""n_estimators"": 400, ""max_depth"": 2, ""learning_rate"": 0.01107708224770985, ""subsample"": 0.6777455804289155, ""colsample_bytree"": 0.6138141627093614, ""min_child_weight"": 8, ""gamma"": 1.2751149427104262, ""reg_alpha"": 8.98491468318694, ""reg_lambda"": 9.972083578077036}",COMPLETE
xgboost__group_e_pm25_met_fire,xgboost,group_e_pm25_met_fire,10,28.4844,"{""n_estimators"": 600, ""max_depth"": 3, ""learning_rate"": 0.01573089306101593, ""subsample"": 0.8330725854779467, ""colsample_bytree"": 0.6758859261861787, ""min_child_weight"": 10, ""gamma"": 1.3087530455415064, ""reg_alpha"": 6.387815343890178, ""reg_lambda"": 9.433122119616426}",COMPLETE
xgboost__group_e_pm25_met_fire,xgboost,group_e_pm25_met_fire,11,28.7316,"{""n_estimators"": 150, ""max_depth"": 3, ""learning_rate"": 0.017737690956359183, ""subsample"": 0.6743507005378045, ""colsample_bytree"": 0.8462382039147076, ""min_child_weight"": 8, ""gamma"": 1.9097504188814736, ""reg_alpha"": 6.4646584662990305, ""reg_lambda"": 1.4594891223432995}",COMPLETE
xgboost__group_e_pm25_met_fire,xgboost,group_e_pm25_met_fire,12,28.087,"{""n_estimators"": 550, ""max_depth"": 2, ""learning_rate"": 0.015771148246710283, ""subsample"": 0.606060620925029, ""colsample_bytree"": 0.6813792279313967, ""min_child_weight"": 8, ""gamma"": 1.4023251907875196, ""reg_alpha"": 6.936598270006787, ""reg_lambda"": 6.942088312363869}",COMPLETE
xgboost__group_e_pm25_met_fire,xgboost,group_e_pm25_met_fire,13,29.114,"{""n_estimators"": 200, ""max_depth"": 3, ""learning_rate"": 0.04600354515127035, ""subsample"": 0.6728900476752911, ""colsample_bytree"": 0.6608604371213244, ""min_child_weight"": 7, ""gamma"": 1.11098381032856, ""reg_alpha"": 7.617960421628878, ""reg_lambda"": 1.7192734535143037}",COMPLETE
xgboost__group_e_pm25_met_fire,xgboost,group_e_pm25_met_fire,14,28.1279,"{""n_estimators"": 500, ""max_depth"": 2, ""learning_rate"": 0.02051257526788274, ""subsample"": 0.6015569893710224, ""colsample_bytree"": 0.7625434081526585, ""min_child_weight"": 9, ""gamma"": 1.699719292606726, ""reg_alpha"": 5.261938241097326, ""reg_lambda"": 8.319755779108998}",COMPLETE
xgboost__group_e_pm25_met_fire,xgboost,group_e_pm25_met_fire,15,27.9899,"{""n_estimators"": 350, ""max_depth"": 2, ""learning_rate"": 0.012979241873716784, ""subsample"": 0.6970676686418158, ""colsample_bytree"": 0.7545841021814546, ""min_child_weight"": 7, ""gamma"": 1.149365906808683, ""reg_alpha"": 8.168517153301392, ""reg_lambda"": 13.20487906665041}",COMPLETE
xgboost__group_e_pm25_met_fire,xgboost,group_e_pm25_met_fire,16,28.3286,"{""n_estimators"": 400, ""max_depth"": 3, ""learning_rate"": 0.012728371741535746, ""subsample"": 0.7013105163191969, ""colsample_bytree"": 0.6355795403204811, ""min_child_weight"": 7, ""gamma"": 1.1415022159076247, ""reg_alpha"": 5.631542765296692, ""reg_lambda"": 13.78323047655295}",COMPLETE
xgboost__group_e_pm25_met_fire,xgboost,group_e_pm25_met_fire,17,27.9357,"{""n_estimators"": 350, ""max_depth"": 2, ""learning_rate"": 0.013700811427803388, ""subsample"": 0.7090905702020965, ""colsample_bytree"": 0.7192676197430657, ""min_child_weight"": 8, ""gamma"": 0.49855404882928067, ""reg_alpha"": 9.995342636581107, ""reg_lambda"": 14.429804478773178}",COMPLETE
xgboost__group_e_pm25_met_fire,xgboost,group_e_pm25_met_fire,18,28.2306,"{""n_estimators"": 500, ""max_depth"": 3, ""learning_rate"": 0.013894386886986592, ""subsample"": 0.7331735775150845, ""colsample_bytree"": 0.7114554923254197, ""min_child_weight"": 9, ""gamma"": 0.48576845465413565, ""reg_alpha"": 9.728099206656132, ""reg_lambda"": 14.322363512718306}",COMPLETE
xgboost__group_e_pm25_met_fire,xgboost,group_e_pm25_met_fire,19,28.2647,"{""n_estimators"": 350, ""max_depth"": 2, ""learning_rate"": 0.01021776920565844, ""subsample"": 0.6726977242458501, ""colsample_bytree"": 0.8342131566702775, ""min_child_weight"": 8, ""gamma"": 0.4619624772180114, ""reg_alpha"": 9.993643294363695, ""reg_lambda"": 19.436035067900004}",COMPLETE
xgboost__group_e_pm25_met_fire,xgboost,group_e_pm25_met_fire,20,27.8605,"{""n_estimators"": 450, ""max_depth"": 2, ""learning_rate"": 0.01816667800031421, ""subsample"": 0.7818843156696039, ""colsample_bytree"": 0.6181953170415927, ""min_child_weight"": 9, ""gamma"": 0.27753987886119713, ""reg_alpha"": 8.803697932064974, ""reg_lambda"": 10.541229074802827}",COMPLETE
xgboost__group_e_pm25_met_fire,xgboost,group_e_pm25_met_fire,21,27.9992,"{""n_estimators"": 450, ""max_depth"": 2, ""learning_rate"": 0.016952728241497343, ""subsample"": 0.784073271997152, ""colsample_bytree"": 0.6094813406251223, ""min_child_weight"": 9, ""gamma"": 0.2757185740912047, ""reg_alpha"": 8.759271126110923, ""reg_lambda"": 10.908172952643655}",COMPLETE
xgboost__group_e_pm25_met_fire,xgboost,group_e_pm25_met_fire,22,27.9307,"{""n_estimators"": 400, ""max_depth"": 2, ""learning_rate"": 0.019074943169753788, ""subsample"": 0.8473653138830287, ""colsample_bytree"": 0.6302093710664687, ""min_child_weight"": 8, ""gamma"": 0.6336704225152461, ""reg_alpha"": 8.786302438482512, ""reg_lambda"": 15.20739530190689}",COMPLETE
xgboost__group_e_pm25_met_fire,xgboost,group_e_pm25_met_fire,23,28.1057,"{""n_estimators"": 500, ""max_depth"": 2, ""learning_rate"": 0.019900939292912957, ""subsample"": 0.8498233692709432, ""colsample_bytree"": 0.623176115998061, ""min_child_weight"": 9, ""gamma"": 0.6739686669430743, ""reg_alpha"": 8.721703125911016, ""reg_lambda"": 10.883838197565028}",COMPLETE
xgboost__group_e_pm25_met_fire,xgboost,group_e_pm25_met_fire,24,28.4708,"{""n_estimators"": 400, ""max_depth"": 2, ""learning_rate"": 0.0379557733413218, ""subsample"": 0.8149255582389937, ""colsample_bytree"": 0.644712280642057, ""min_child_weight"": 10, ""gamma"": 0.20244192900737934, ""reg_alpha"": 7.414319616169315, ""reg_lambda"": 11.81440085274902}",COMPLETE
xgboost__group_e_pm25_met_fire,xgboost,group_e_pm25_met_fire,25,28.2957,"{""n_estimators"": 600, ""max_depth"": 2, ""learning_rate"": 0.019868359189825848, ""subsample"": 0.7837063565212858, ""colsample_bytree"": 0.5940610768192301, ""min_child_weight"": 7, ""gamma"": 0.9173474659451464, ""reg_alpha"": 8.655021184444958, ""reg_lambda"": 9.201589180929275}",COMPLETE
xgboost__group_e_pm25_met_fire,xgboost,group_e_pm25_met_fire,26,28.8357,"{""n_estimators"": 550, ""max_depth"": 3, ""learning_rate"": 0.02332237371611422, ""subsample"": 0.8161113831361969, ""colsample_bytree"": 0.6978862568843012, ""min_child_weight"": 6, ""gamma"": 0.008910670573570978, ""reg_alpha"": 6.977952954052428, ""reg_lambda"": 15.299580916308727}",COMPLETE
xgboost__group_e_pm25_met_fire,xgboost,group_e_pm25_met_fire,27,27.9384,"{""n_estimators"": 450, ""max_depth"": 2, ""learning_rate"": 0.017745217594735765, ""subsample"": 0.7690863617130964, ""colsample_bytree"": 0.5012106409751915, ""min_child_weight"": 9, ""gamma"": 0.5939073903570786, ""reg_alpha"": 8.402617560298674, ""reg_lambda"": 7.616546119640306}",COMPLETE
xgboost__group_e_pm25_met_fire,xgboost,group_e_pm25_met_fire,28,28.0092,"{""n_estimators"": 400, ""max_depth"": 2, ""learning_rate"": 0.015528358965935093, ""subsample"": 0.8397245210311224, ""colsample_bytree"": 0.6563571844413936, ""min_child_weight"": 8, ""gamma"": 0.8862058456303998, ""reg_alpha"": 9.251903914870768, ""reg_lambda"": 8.992996833428387}",COMPLETE
xgboost__group_e_pm25_met_fire,xgboost,group_e_pm25_met_fire,29,29.057,"{""n_estimators"": 300, ""max_depth"": 3, ""learning_rate"": 0.03704918807360527, ""subsample"": 0.7994623151189911, ""colsample_bytree"": 0.58906471205292, ""min_child_weight"": 6, ""gamma"": 0.2475032935130933, ""reg_alpha"": 1.0931359507218676, ""reg_lambda"": 12.404582130276335}",COMPLETE
xgboost__group_e_pm25_met_fire,xgboost,group_e_pm25_met_fire,30,27.7814,"{""n_estimators"": 550, ""max_depth"": 2, ""learning_rate"": 0.011817606630456926, ""subsample"": 0.7622405744738129, ""colsample_bytree"": 0.5379872032311903, ""min_child_weight"": 10, ""gamma"": 0.15350587303262975, ""reg_alpha"": 7.431676346151915, ""reg_lambda"": 19.27167194266313}",COMPLETE
xgboost__group_e_pm25_met_fire,xgboost,group_e_pm25_met_fire,31,27.8018,"{""n_estimators"": 550, ""max_depth"": 2, ""learning_rate"": 0.011729840159961816, ""subsample"": 0.7584733730487511, ""colsample_bytree"": 0.5347191714395587, ""min_child_weight"": 10, ""gamma"": 0.13849757768525667, ""reg_alpha"": 7.457382528695411, ""reg_lambda"": 19.409962445828853}",COMPLETE
xgboost__group_e_pm25_met_fire,xgboost,group_e_pm25_met_fire,32,27.8185,"{""n_estimators"": 550, ""max_depth"": 2, ""learning_rate"": 0.011597930481873384, ""subsample"": 0.7569014861215536, ""colsample_bytree"": 0.5425285062225529, ""min_child_weight"": 10, ""gamma"": 0.13919247975689572, ""reg_alpha"": 5.9826009777391365, ""reg_lambda"": 19.994403398295827}",COMPLETE
xgboost__group_e_pm25_met_fire,xgboost,group_e_pm25_met_fire,33,27.8074,"{""n_estimators"": 550, ""max_depth"": 2, ""learning_rate"": 0.012520879015669839, ""subsample"": 0.7589703755528479, ""colsample_bytree"": 0.5330939546082303, ""min_child_weight"": 10, ""gamma"": 0.14380755955114355, ""reg_alpha"": 4.8395238927063975, ""reg_lambda"": 19.564250912073486}",COMPLETE
xgboost__group_e_pm25_met_fire,xgboost,group_e_pm25_met_fire,34,27.8343,"{""n_estimators"": 550, ""max_depth"": 2, ""learning_rate"": 0.012016815631226963, ""subsample"": 0.754077909896577, ""colsample_bytree"": 0.5338880882799082, ""min_child_weight"": 10, ""gamma"": 0.140732373693872, ""reg_alpha"": 4.667272302131752, ""reg_lambda"": 19.80401018957538}",COMPLETE
xgboost__group_e_pm25_met_fire,xgboost,group_e_pm25_met_fire,35,27.8473,"{""n_estimators"": 600, ""max_depth"": 2, ""learning_rate"": 0.01012044521538894, ""subsample"": 0.7294731646552977, ""colsample_bytree"": 0.5302144668214008, ""min_child_weight"": 10, ""gamma"": 0.09335943335766364, ""reg_alpha"": 4.190054224435572, ""reg_lambda"": 18.677791841442083}",COMPLETE
xgboost__group_e_pm25_met_fire,xgboost,group_e_pm25_met_fire,36,27.8115,"{""n_estimators"": 550, ""max_depth"": 2, ""learning_rate"": 0.012072358472934945, ""subsample"": 0.7608607099329113, ""colsample_bytree"": 0.5763987305814419, ""min_child_weight"": 10, ""gamma"": 0.3333035372846024, ""reg_alpha"": 5.730801289107322, ""reg_lambda"": 18.47129295081026}",COMPLETE
xgboost__group_e_pm25_met_fire,xgboost,group_e_pm25_met_fire,37,27.8372,"{""n_estimators"": 500, ""max_depth"": 2, ""learning_rate"": 0.01443019417148163, ""subsample"": 0.76745740118895, ""colsample_bytree"": 0.5788942967996724, ""min_child_weight"": 10, ""gamma"": 0.307191449900448, ""reg_alpha"": 3.2146145321698736, ""reg_lambda"": 18.327426459255232}",COMPLETE
xgboost__group_e_pm25_met_fire,xgboost,group_e_pm25_met_fire,38,27.8471,"{""n_estimators"": 600, ""max_depth"": 2, ""learning_rate"": 0.012215629358388127, ""subsample"": 0.7418853260654762, ""colsample_bytree"": 0.5623964522654707, ""min_child_weight"": 10, ""gamma"": 0.3890838278713445, ""reg_alpha"": 5.071184618480008, ""reg_lambda"": 16.564314561333465}",COMPLETE
xgboost__group_e_pm25_met_fire,xgboost,group_e_pm25_met_fire,39,27.8447,"{""n_estimators"": 550, ""max_depth"": 2, ""learning_rate"": 0.0107368166953985, ""subsample"": 0.7216032204217389, ""colsample_bytree"": 0.5106871465115707, ""min_child_weight"": 9, ""gamma"": 0.36820103755181893, ""reg_alpha"": 6.177856742491918, ""reg_lambda"": 17.39345265969136}",COMPLETE
xgboost__group_e_pm25_met_fire,xgboost,group_e_pm25_met_fire,40,27.8346,"{""n_estimators"": 500, ""max_depth"": 2, ""learning_rate"": 0.0144839886890314, ""subsample"": 0.769736577220259, ""colsample_bytree"": 0.5538029858129069, ""min_child_weight"": 10, ""gamma"": 0.0029000235855067835, ""reg_alpha"": 4.4432402030833975, ""reg_lambda"": 18.659173213223387}",COMPLETE
xgboost__group_e_pm25_met_fire,xgboost,group_e_pm25_met_fire,41,27.8294,"{""n_estimators"": 550, ""max_depth"": 2, ""learning_rate"": 0.011480433436476218, ""subsample"": 0.75662907801465, ""colsample_bytree"": 0.5445341638188467, ""min_child_weight"": 10, ""gamma"": 0.16177553492486932, ""reg_alpha"": 5.671243335107246, ""reg_lambda"": 19.809715501868965}",COMPLETE
xgboost__group_e_pm25_met_fire,xgboost,group_e_pm25_met_fire,42,27.8637,"{""n_estimators"": 550, ""max_depth"": 2, ""learning_rate"": 0.013311783243496886, ""subsample"": 0.7966641896126929, ""colsample_bytree"": 0.5268417262840435, ""min_child_weight"": 10, ""gamma"": 0.13635352594489134, ""reg_alpha"": 6.062031087885985, ""reg_lambda"": 17.645426237951483}",COMPLETE
xgboost__group_e_pm25_met_fire,xgboost,group_e_pm25_met_fire,43,27.861,"{""n_estimators"": 600, ""max_depth"": 2, ""learning_rate"": 0.0119150524918168, ""subsample"": 0.7472273608674743, ""colsample_bytree"": 0.5761905117148013, ""min_child_weight"": 9, ""gamma"": 0.07382040170585069, ""reg_alpha"": 6.7542161215192476, ""reg_lambda"": 19.079876767914442}",COMPLETE
xgboost__group_e_pm25_met_fire,xgboost,group_e_pm25_met_fire,44,27.8079,"{""n_estimators"": 550, ""max_depth"": 2, ""learning_rate"": 0.010778616741648235, ""subsample"": 0.7609388939605601, ""colsample_bytree"": 0.5461009979772403, ""min_child_weight"": 10, ""gamma"": 0.37957682957454375, ""reg_alpha"": 7.6262554386085855, ""reg_lambda"": 15.984283432097328}",COMPLETE
xgboost__group_e_pm25_met_fire,xgboost,group_e_pm25_met_fire,45,27.8669,"{""n_estimators"": 500, ""max_depth"": 2, ""learning_rate"": 0.010751665512527287, ""subsample"": 0.7700792474109438, ""colsample_bytree"": 0.5683981478310892, ""min_child_weight"": 10, ""gamma"": 0.3905185024360534, ""reg_alpha"": 7.738507167846967, ""reg_lambda"": 15.69116279011774}",COMPLETE
xgboost__group_e_pm25_met_fire,xgboost,group_e_pm25_met_fire,46,28.3839,"{""n_estimators"": 600, ""max_depth"": 4, ""learning_rate"": 0.010020177120297657, ""subsample"": 0.7387422695067901, ""colsample_bytree"": 0.5125271370156819, ""min_child_weight"": 9, ""gamma"": 0.5393255247984987, ""reg_alpha"": 7.076039083014345, ""reg_lambda"": 16.754983710570972}",COMPLETE
xgboost__group_e_pm25_met_fire,xgboost,group_e_pm25_met_fire,47,27.8418,"{""n_estimators"": 550, ""max_depth"": 2, ""learning_rate"": 0.012820742005811177, ""subsample"": 0.7192962691318519, ""colsample_bytree"": 0.5483431203176784, ""min_child_weight"": 10, ""gamma"": 0.33051511598506544, ""reg_alpha"": 3.7760596872444845, ""reg_lambda"": 17.808855507595467}",COMPLETE
xgboost__group_e_pm25_met_fire,xgboost,group_e_pm25_met_fire,48,27.8895,"{""n_estimators"": 450, ""max_depth"": 2, ""learning_rate"": 0.015354026487134813, ""subsample"": 0.7969436800297646, ""colsample_bytree"": 0.5252508086259418, ""min_child_weight"": 9, ""gamma"": 0.22007144882104185, ""reg_alpha"": 7.311056234203185, ""reg_lambda"": 16.212634680793002}",COMPLETE
xgboost__group_e_pm25_met_fire,xgboost,group_e_pm25_met_fire,49,27.8823,"{""n_estimators"": 500, ""max_depth"": 2, ""learning_rate"": 0.011149054048577578, ""subsample"": 0.7601816959359169, ""colsample_bytree"": 0.5942862417485687, ""min_child_weight"": 4, ""gamma"": 0.7868675477876583, ""reg_alpha"": 8.051385521317924, ""reg_lambda"": 17.06841914307315}",COMPLETE
xgboost__group_f_pm25_met_fire_transport,xgboost,group_f_pm25_met_fire_transport,0,28.7154,"{""n_estimators"": 300, ""max_depth"": 4, ""learning_rate"": 0.032481928697702896, ""subsample"": 0.7496646210492591, ""colsample_bytree"": 0.5546065241548528, ""min_child_weight"": 4, ""gamma"": 0.11616722433639892, ""reg_alpha"": 8.795585311974417, ""reg_lambda"": 12.421185223120967}",COMPLETE
xgboost__group_f_pm25_met_fire_transport,xgboost,group_f_pm25_met_fire_transport,1,29.0969,"{""n_estimators"": 450, ""max_depth"": 2, ""learning_rate"": 0.04763628595029446, ""subsample"": 0.8081106602001054, ""colsample_bytree"": 0.5743186887373967, ""min_child_weight"": 4, ""gamma"": 0.36680901970686763, ""reg_alpha"": 3.7381801866358395, ""reg_lambda"": 10.97037220101252}",COMPLETE
xgboost__group_f_pm25_met_fire_transport,xgboost,group_f_pm25_met_fire_transport,2,28.2468,"{""n_estimators"": 300, ""max_depth"": 2, ""learning_rate"": 0.02677113724214592, ""subsample"": 0.6348734651630105, ""colsample_bytree"": 0.6022506269873263, ""min_child_weight"": 5, ""gamma"": 0.9121399684340719, ""reg_alpha"": 8.066583652537123, ""reg_lambda"": 4.793801861008835}",COMPLETE
xgboost__group_f_pm25_met_fire_transport,xgboost,group_f_pm25_met_fire_transport,3,28.1714,"{""n_estimators"": 350, ""max_depth"": 3, ""learning_rate"": 0.010776244716748864, ""subsample"": 0.7518862129753596, ""colsample_bytree"": 0.559683443290552, ""min_child_weight"": 3, ""gamma"": 1.8977710745066665, ""reg_alpha"": 9.690688297671034, ""reg_lambda"": 16.35954961421276}",COMPLETE
xgboost__group_f_pm25_met_fire_transport,xgboost,group_f_pm25_met_fire_transport,4,28.2643,"{""n_estimators"": 250, ""max_depth"": 2, ""learning_rate"": 0.030078651475264572, ""subsample"": 0.7100381234349002, ""colsample_bytree"": 0.5427133821956726, ""min_child_weight"": 6, ""gamma"": 0.06877704223043679, ""reg_alpha"": 9.18388361870904, ""reg_lambda"": 5.916819650400321}",COMPLETE
xgboost__group_f_pm25_met_fire_transport,xgboost,group_f_pm25_met_fire_transport,5,28.0365,"{""n_estimators"": 450, ""max_depth"": 2, ""learning_rate"": 0.023094679892576613, ""subsample"": 0.7366775698358199, ""colsample_bytree"": 0.5646990594339345, ""min_child_weight"": 10, ""gamma"": 1.550265646722229, ""reg_alpha"": 9.455490474077703, ""reg_lambda"": 18.001719658125328}",COMPLETE
xgboost__group_f_pm25_met_fire_transport,xgboost,group_f_pm25_met_fire_transport,6,28.41,"{""n_estimators"": 400, ""max_depth"": 4, ""learning_rate"": 0.011530645080977573, ""subsample"": 0.6489957156047863, ""colsample_bytree"": 0.5158295511186883, ""min_child_weight"": 5, ""gamma"": 0.777354579378964, ""reg_alpha"": 3.442141285965063, ""reg_lambda"": 16.746012673886657}",COMPLETE
xgboost__group_f_pm25_met_fire_transport,xgboost,group_f_pm25_met_fire_transport,7,28.002,"{""n_estimators"": 250, ""max_depth"": 2, ""learning_rate"": 0.023951255499127366, ""subsample"": 0.6352310562436907, ""colsample_bytree"": 0.7807689432639139, ""min_child_weight"": 3, ""gamma"": 1.9737738732010346, ""reg_alpha"": 7.9502029236699165, ""reg_lambda"": 4.775597949149276}",COMPLETE
xgboost__group_f_pm25_met_fire_transport,xgboost,group_f_pm25_met_fire_transport,8,28.95,"{""n_estimators"": 100, ""max_depth"": 4, ""learning_rate"": 0.03119407275183074, ""subsample"": 0.7822517920102467, ""colsample_bytree"": 0.769944621340081, ""min_child_weight"": 3, ""gamma"": 0.7169314570885452, ""reg_alpha"": 2.0428215357261674, ""reg_lambda"": 17.398965091636278}",COMPLETE
xgboost__group_f_pm25_met_fire_transport,xgboost,group_f_pm25_met_fire_transport,9,27.8771,"{""n_estimators"": 400, ""max_depth"": 2, ""learning_rate"": 0.01107708224770985, ""subsample"": 0.6777455804289155, ""colsample_bytree"": 0.6138141627093614, ""min_child_weight"": 8, ""gamma"": 1.2751149427104262, ""reg_alpha"": 8.98491468318694, ""reg_lambda"": 9.972083578077036}",COMPLETE
xgboost__group_f_pm25_met_fire_transport,xgboost,group_f_pm25_met_fire_transport,10,28.4844,"{""n_estimators"": 600, ""max_depth"": 3, ""learning_rate"": 0.01573089306101593, ""subsample"": 0.8330725854779467, ""colsample_bytree"": 0.6758859261861787, ""min_child_weight"": 10, ""gamma"": 1.3087530455415064, ""reg_alpha"": 6.387815343890178, ""reg_lambda"": 9.433122119616426}",COMPLETE
xgboost__group_f_pm25_met_fire_transport,xgboost,group_f_pm25_met_fire_transport,11,28.7316,"{""n_estimators"": 150, ""max_depth"": 3, ""learning_rate"": 0.017737690956359183, ""subsample"": 0.6743507005378045, ""colsample_bytree"": 0.8462382039147076, ""min_child_weight"": 8, ""gamma"": 1.9097504188814736, ""reg_alpha"": 6.4646584662990305, ""reg_lambda"": 1.4594891223432995}",COMPLETE
xgboost__group_f_pm25_met_fire_transport,xgboost,group_f_pm25_met_fire_transport,12,28.087,"{""n_estimators"": 550, ""max_depth"": 2, ""learning_rate"": 0.015771148246710283, ""subsample"": 0.606060620925029, ""colsample_bytree"": 0.6813792279313967, ""min_child_weight"": 8, ""gamma"": 1.4023251907875196, ""reg_alpha"": 6.936598270006787, ""reg_lambda"": 6.942088312363869}",COMPLETE
xgboost__group_f_pm25_met_fire_transport,xgboost,group_f_pm25_met_fire_transport,13,29.114,"{""n_estimators"": 200, ""max_depth"": 3, ""learning_rate"": 0.04600354515127035, ""subsample"": 0.6728900476752911, ""colsample_bytree"": 0.6608604371213244, ""min_child_weight"": 7, ""gamma"": 1.11098381032856, ""reg_alpha"": 7.617960421628878, ""reg_lambda"": 1.7192734535143037}",COMPLETE
xgboost__group_f_pm25_met_fire_transport,xgboost,group_f_pm25_met_fire_transport,14,28.1279,"{""n_estimators"": 500, ""max_depth"": 2, ""learning_rate"": 0.02051257526788274, ""subsample"": 0.6015569893710224, ""colsample_bytree"": 0.7625434081526585, ""min_child_weight"": 9, ""gamma"": 1.699719292606726, ""reg_alpha"": 5.261938241097326, ""reg_lambda"": 8.319755779108998}",COMPLETE
xgboost__group_f_pm25_met_fire_transport,xgboost,group_f_pm25_met_fire_transport,15,27.9899,"{""n_estimators"": 350, ""max_depth"": 2, ""learning_rate"": 0.012979241873716784, ""subsample"": 0.6970676686418158, ""colsample_bytree"": 0.7545841021814546, ""min_child_weight"": 7, ""gamma"": 1.149365906808683, ""reg_alpha"": 8.168517153301392, ""reg_lambda"": 13.20487906665041}",COMPLETE
xgboost__group_f_pm25_met_fire_transport,xgboost,group_f_pm25_met_fire_transport,16,28.3286,"{""n_estimators"": 400, ""max_depth"": 3, ""learning_rate"": 0.012728371741535746, ""subsample"": 0.7013105163191969, ""colsample_bytree"": 0.6355795403204811, ""min_child_weight"": 7, ""gamma"": 1.1415022159076247, ""reg_alpha"": 5.631542765296692, ""reg_lambda"": 13.78323047655295}",COMPLETE
xgboost__group_f_pm25_met_fire_transport,xgboost,group_f_pm25_met_fire_transport,17,27.9357,"{""n_estimators"": 350, ""max_depth"": 2, ""learning_rate"": 0.013700811427803388, ""subsample"": 0.7090905702020965, ""colsample_bytree"": 0.7192676197430657, ""min_child_weight"": 8, ""gamma"": 0.49855404882928067, ""reg_alpha"": 9.995342636581107, ""reg_lambda"": 14.429804478773178}",COMPLETE
xgboost__group_f_pm25_met_fire_transport,xgboost,group_f_pm25_met_fire_transport,18,28.2306,"{""n_estimators"": 500, ""max_depth"": 3, ""learning_rate"": 0.013894386886986592, ""subsample"": 0.7331735775150845, ""colsample_bytree"": 0.7114554923254197, ""min_child_weight"": 9, ""gamma"": 0.48576845465413565, ""reg_alpha"": 9.728099206656132, ""reg_lambda"": 14.322363512718306}",COMPLETE
xgboost__group_f_pm25_met_fire_transport,xgboost,group_f_pm25_met_fire_transport,19,28.2647,"{""n_estimators"": 350, ""max_depth"": 2, ""learning_rate"": 0.01021776920565844, ""subsample"": 0.6726977242458501, ""colsample_bytree"": 0.8342131566702775, ""min_child_weight"": 8, ""gamma"": 0.4619624772180114, ""reg_alpha"": 9.993643294363695, ""reg_lambda"": 19.436035067900004}",COMPLETE
xgboost__group_f_pm25_met_fire_transport,xgboost,group_f_pm25_met_fire_transport,20,27.8605,"{""n_estimators"": 450, ""max_depth"": 2, ""learning_rate"": 0.01816667800031421, ""subsample"": 0.7818843156696039, ""colsample_bytree"": 0.6181953170415927, ""min_child_weight"": 9, ""gamma"": 0.27753987886119713, ""reg_alpha"": 8.803697932064974, ""reg_lambda"": 10.541229074802827}",COMPLETE
xgboost__group_f_pm25_met_fire_transport,xgboost,group_f_pm25_met_fire_transport,21,27.9992,"{""n_estimators"": 450, ""max_depth"": 2, ""learning_rate"": 0.016952728241497343, ""subsample"": 0.784073271997152, ""colsample_bytree"": 0.6094813406251223, ""min_child_weight"": 9, ""gamma"": 0.2757185740912047, ""reg_alpha"": 8.759271126110923, ""reg_lambda"": 10.908172952643655}",COMPLETE
xgboost__group_f_pm25_met_fire_transport,xgboost,group_f_pm25_met_fire_transport,22,27.9307,"{""n_estimators"": 400, ""max_depth"": 2, ""learning_rate"": 0.019074943169753788, ""subsample"": 0.8473653138830287, ""colsample_bytree"": 0.6302093710664687, ""min_child_weight"": 8, ""gamma"": 0.6336704225152461, ""reg_alpha"": 8.786302438482512, ""reg_lambda"": 15.20739530190689}",COMPLETE
xgboost__group_f_pm25_met_fire_transport,xgboost,group_f_pm25_met_fire_transport,23,28.1057,"{""n_estimators"": 500, ""max_depth"": 2, ""learning_rate"": 0.019900939292912957, ""subsample"": 0.8498233692709432, ""colsample_bytree"": 0.623176115998061, ""min_child_weight"": 9, ""gamma"": 0.6739686669430743, ""reg_alpha"": 8.721703125911016, ""reg_lambda"": 10.883838197565028}",COMPLETE
xgboost__group_f_pm25_met_fire_transport,xgboost,group_f_pm25_met_fire_transport,24,28.4708,"{""n_estimators"": 400, ""max_depth"": 2, ""learning_rate"": 0.0379557733413218, ""subsample"": 0.8149255582389937, ""colsample_bytree"": 0.644712280642057, ""min_child_weight"": 10, ""gamma"": 0.20244192900737934, ""reg_alpha"": 7.414319616169315, ""reg_lambda"": 11.81440085274902}",COMPLETE
xgboost__group_f_pm25_met_fire_transport,xgboost,group_f_pm25_met_fire_transport,25,28.2957,"{""n_estimators"": 600, ""max_depth"": 2, ""learning_rate"": 0.019868359189825848, ""subsample"": 0.7837063565212858, ""colsample_bytree"": 0.5940610768192301, ""min_child_weight"": 7, ""gamma"": 0.9173474659451464, ""reg_alpha"": 8.655021184444958, ""reg_lambda"": 9.201589180929275}",COMPLETE
xgboost__group_f_pm25_met_fire_transport,xgboost,group_f_pm25_met_fire_transport,26,28.8357,"{""n_estimators"": 550, ""max_depth"": 3, ""learning_rate"": 0.02332237371611422, ""subsample"": 0.8161113831361969, ""colsample_bytree"": 0.6978862568843012, ""min_child_weight"": 6, ""gamma"": 0.008910670573570978, ""reg_alpha"": 6.977952954052428, ""reg_lambda"": 15.299580916308727}",COMPLETE
xgboost__group_f_pm25_met_fire_transport,xgboost,group_f_pm25_met_fire_transport,27,27.9384,"{""n_estimators"": 450, ""max_depth"": 2, ""learning_rate"": 0.017745217594735765, ""subsample"": 0.7690863617130964, ""colsample_bytree"": 0.5012106409751915, ""min_child_weight"": 9, ""gamma"": 0.5939073903570786, ""reg_alpha"": 8.402617560298674, ""reg_lambda"": 7.616546119640306}",COMPLETE
xgboost__group_f_pm25_met_fire_transport,xgboost,group_f_pm25_met_fire_transport,28,28.0092,"{""n_estimators"": 400, ""max_depth"": 2, ""learning_rate"": 0.015528358965935093, ""subsample"": 0.8397245210311224, ""colsample_bytree"": 0.6563571844413936, ""min_child_weight"": 8, ""gamma"": 0.8862058456303998, ""reg_alpha"": 9.251903914870768, ""reg_lambda"": 8.992996833428387}",COMPLETE
xgboost__group_f_pm25_met_fire_transport,xgboost,group_f_pm25_met_fire_transport,29,29.057,"{""n_estimators"": 300, ""max_depth"": 3, ""learning_rate"": 0.03704918807360527, ""subsample"": 0.7994623151189911, ""colsample_bytree"": 0.58906471205292, ""min_child_weight"": 6, ""gamma"": 0.2475032935130933, ""reg_alpha"": 1.0931359507218676, ""reg_lambda"": 12.404582130276335}",COMPLETE
xgboost__group_f_pm25_met_fire_transport,xgboost,group_f_pm25_met_fire_transport,30,27.7814,"{""n_estimators"": 550, ""max_depth"": 2, ""learning_rate"": 0.011817606630456926, ""subsample"": 0.7622405744738129, ""colsample_bytree"": 0.5379872032311903, ""min_child_weight"": 10, ""gamma"": 0.15350587303262975, ""reg_alpha"": 7.431676346151915, ""reg_lambda"": 19.27167194266313}",COMPLETE
xgboost__group_f_pm25_met_fire_transport,xgboost,group_f_pm25_met_fire_transport,31,27.8018,"{""n_estimators"": 550, ""max_depth"": 2, ""learning_rate"": 0.011729840159961816, ""subsample"": 0.7584733730487511, ""colsample_bytree"": 0.5347191714395587, ""min_child_weight"": 10, ""gamma"": 0.13849757768525667, ""reg_alpha"": 7.457382528695411, ""reg_lambda"": 19.409962445828853}",COMPLETE
xgboost__group_f_pm25_met_fire_transport,xgboost,group_f_pm25_met_fire_transport,32,27.8185,"{""n_estimators"": 550, ""max_depth"": 2, ""learning_rate"": 0.011597930481873384, ""subsample"": 0.7569014861215536, ""colsample_bytree"": 0.5425285062225529, ""min_child_weight"": 10, ""gamma"": 0.13919247975689572, ""reg_alpha"": 5.9826009777391365, ""reg_lambda"": 19.994403398295827}",COMPLETE
xgboost__group_f_pm25_met_fire_transport,xgboost,group_f_pm25_met_fire_transport,33,27.8074,"{""n_estimators"": 550, ""max_depth"": 2, ""learning_rate"": 0.012520879015669839, ""subsample"": 0.7589703755528479, ""colsample_bytree"": 0.5330939546082303, ""min_child_weight"": 10, ""gamma"": 0.14380755955114355, ""reg_alpha"": 4.8395238927063975, ""reg_lambda"": 19.564250912073486}",COMPLETE
xgboost__group_f_pm25_met_fire_transport,xgboost,group_f_pm25_met_fire_transport,34,27.8343,"{""n_estimators"": 550, ""max_depth"": 2, ""learning_rate"": 0.012016815631226963, ""subsample"": 0.754077909896577, ""colsample_bytree"": 0.5338880882799082, ""min_child_weight"": 10, ""gamma"": 0.140732373693872, ""reg_alpha"": 4.667272302131752, ""reg_lambda"": 19.80401018957538}",COMPLETE
xgboost__group_f_pm25_met_fire_transport,xgboost,group_f_pm25_met_fire_transport,35,27.8473,"{""n_estimators"": 600, ""max_depth"": 2, ""learning_rate"": 0.01012044521538894, ""subsample"": 0.7294731646552977, ""colsample_bytree"": 0.5302144668214008, ""min_child_weight"": 10, ""gamma"": 0.09335943335766364, ""reg_alpha"": 4.190054224435572, ""reg_lambda"": 18.677791841442083}",COMPLETE
xgboost__group_f_pm25_met_fire_transport,xgboost,group_f_pm25_met_fire_transport,36,27.8115,"{""n_estimators"": 550, ""max_depth"": 2, ""learning_rate"": 0.012072358472934945, ""subsample"": 0.7608607099329113, ""colsample_bytree"": 0.5763987305814419, ""min_child_weight"": 10, ""gamma"": 0.3333035372846024, ""reg_alpha"": 5.730801289107322, ""reg_lambda"": 18.47129295081026}",COMPLETE
xgboost__group_f_pm25_met_fire_transport,xgboost,group_f_pm25_met_fire_transport,37,27.8372,"{""n_estimators"": 500, ""max_depth"": 2, ""learning_rate"": 0.01443019417148163, ""subsample"": 0.76745740118895, ""colsample_bytree"": 0.5788942967996724, ""min_child_weight"": 10, ""gamma"": 0.307191449900448, ""reg_alpha"": 3.2146145321698736, ""reg_lambda"": 18.327426459255232}",COMPLETE
xgboost__group_f_pm25_met_fire_transport,xgboost,group_f_pm25_met_fire_transport,38,27.8471,"{""n_estimators"": 600, ""max_depth"": 2, ""learning_rate"": 0.012215629358388127, ""subsample"": 0.7418853260654762, ""colsample_bytree"": 0.5623964522654707, ""min_child_weight"": 10, ""gamma"": 0.3890838278713445, ""reg_alpha"": 5.071184618480008, ""reg_lambda"": 16.564314561333465}",COMPLETE
xgboost__group_f_pm25_met_fire_transport,xgboost,group_f_pm25_met_fire_transport,39,27.8447,"{""n_estimators"": 550, ""max_depth"": 2, ""learning_rate"": 0.0107368166953985, ""subsample"": 0.7216032204217389, ""colsample_bytree"": 0.5106871465115707, ""min_child_weight"": 9, ""gamma"": 0.36820103755181893, ""reg_alpha"": 6.177856742491918, ""reg_lambda"": 17.39345265969136}",COMPLETE
xgboost__group_f_pm25_met_fire_transport,xgboost,group_f_pm25_met_fire_transport,40,27.8346,"{""n_estimators"": 500, ""max_depth"": 2, ""learning_rate"": 0.0144839886890314, ""subsample"": 0.769736577220259, ""colsample_bytree"": 0.5538029858129069, ""min_child_weight"": 10, ""gamma"": 0.0029000235855067835, ""reg_alpha"": 4.4432402030833975, ""reg_lambda"": 18.659173213223387}",COMPLETE
xgboost__group_f_pm25_met_fire_transport,xgboost,group_f_pm25_met_fire_transport,41,27.8294,"{""n_estimators"": 550, ""max_depth"": 2, ""learning_rate"": 0.011480433436476218, ""subsample"": 0.75662907801465, ""colsample_bytree"": 0.5445341638188467, ""min_child_weight"": 10, ""gamma"": 0.16177553492486932, ""reg_alpha"": 5.671243335107246, ""reg_lambda"": 19.809715501868965}",COMPLETE
xgboost__group_f_pm25_met_fire_transport,xgboost,group_f_pm25_met_fire_transport,42,27.8637,"{""n_estimators"": 550, ""max_depth"": 2, ""learning_rate"": 0.013311783243496886, ""subsample"": 0.7966641896126929, ""colsample_bytree"": 0.5268417262840435, ""min_child_weight"": 10, ""gamma"": 0.13635352594489134, ""reg_alpha"": 6.062031087885985, ""reg_lambda"": 17.645426237951483}",COMPLETE
xgboost__group_f_pm25_met_fire_transport,xgboost,group_f_pm25_met_fire_transport,43,27.861,"{""n_estimators"": 600, ""max_depth"": 2, ""learning_rate"": 0.0119150524918168, ""subsample"": 0.7472273608674743, ""colsample_bytree"": 0.5761905117148013, ""min_child_weight"": 9, ""gamma"": 0.07382040170585069, ""reg_alpha"": 6.7542161215192476, ""reg_lambda"": 19.079876767914442}",COMPLETE
xgboost__group_f_pm25_met_fire_transport,xgboost,group_f_pm25_met_fire_transport,44,27.8079,"{""n_estimators"": 550, ""max_depth"": 2, ""learning_rate"": 0.010778616741648235, ""subsample"": 0.7609388939605601, ""colsample_bytree"": 0.5461009979772403, ""min_child_weight"": 10, ""gamma"": 0.37957682957454375, ""reg_alpha"": 7.6262554386085855, ""reg_lambda"": 15.984283432097328}",COMPLETE
xgboost__group_f_pm25_met_fire_transport,xgboost,group_f_pm25_met_fire_transport,45,27.8669,"{""n_estimators"": 500, ""max_depth"": 2, ""learning_rate"": 0.010751665512527287, ""subsample"": 0.7700792474109438, ""colsample_bytree"": 0.5683981478310892, ""min_child_weight"": 10, ""gamma"": 0.3905185024360534, ""reg_alpha"": 7.738507167846967, ""reg_lambda"": 15.69116279011774}",COMPLETE
xgboost__group_f_pm25_met_fire_transport,xgboost,group_f_pm25_met_fire_transport,46,28.3839,"{""n_estimators"": 600, ""max_depth"": 4, ""learning_rate"": 0.010020177120297657, ""subsample"": 0.7387422695067901, ""colsample_bytree"": 0.5125271370156819, ""min_child_weight"": 9, ""gamma"": 0.5393255247984987, ""reg_alpha"": 7.076039083014345, ""reg_lambda"": 16.754983710570972}",COMPLETE
xgboost__group_f_pm25_met_fire_transport,xgboost,group_f_pm25_met_fire_transport,47,27.8418,"{""n_estimators"": 550, ""max_depth"": 2, ""learning_rate"": 0.012820742005811177, ""subsample"": 0.7192962691318519, ""colsample_bytree"": 0.5483431203176784, ""min_child_weight"": 10, ""gamma"": 0.33051511598506544, ""reg_alpha"": 3.7760596872444845, ""reg_lambda"": 17.808855507595467}",COMPLETE
xgboost__group_f_pm25_met_fire_transport,xgboost,group_f_pm25_met_fire_transport,48,27.8895,"{""n_estimators"": 450, ""max_depth"": 2, ""learning_rate"": 0.015354026487134813, ""subsample"": 0.7969436800297646, ""colsample_bytree"": 0.5252508086259418, ""min_child_weight"": 9, ""gamma"": 0.22007144882104185, ""reg_alpha"": 7.311056234203185, ""reg_lambda"": 16.212634680793002}",COMPLETE
xgboost__group_f_pm25_met_fire_transport,xgboost,group_f_pm25_met_fire_transport,49,27.8823,"{""n_estimators"": 500, ""max_depth"": 2, ""learning_rate"": 0.011149054048577578, ""subsample"": 0.7601816959359169, ""colsample_bytree"": 0.5942862417485687, ""min_child_weight"": 4, ""gamma"": 0.7868675477876583, ""reg_alpha"": 8.051385521317924, ""reg_lambda"": 17.06841914307315}",COMPLETE
xgboost__domain_reduced,xgboost,domain_reduced,0,35.273,"{""n_estimators"": 300, ""max_depth"": 4, ""learning_rate"": 0.032481928697702896, ""subsample"": 0.7496646210492591, ""colsample_bytree"": 0.5546065241548528, ""min_child_weight"": 4, ""gamma"": 0.11616722433639892, ""reg_alpha"": 8.795585311974417, ""reg_lambda"": 12.421185223120967}",COMPLETE
xgboost__domain_reduced,xgboost,domain_reduced,1,36.8161,"{""n_estimators"": 450, ""max_depth"": 2, ""learning_rate"": 0.04763628595029446, ""subsample"": 0.8081106602001054, ""colsample_bytree"": 0.5743186887373967, ""min_child_weight"": 4, ""gamma"": 0.36680901970686763, ""reg_alpha"": 3.7381801866358395, ""reg_lambda"": 10.97037220101252}",COMPLETE
xgboost__domain_reduced,xgboost,domain_reduced,2,31.175,"{""n_estimators"": 300, ""max_depth"": 2, ""learning_rate"": 0.02677113724214592, ""subsample"": 0.6348734651630105, ""colsample_bytree"": 0.6022506269873263, ""min_child_weight"": 5, ""gamma"": 0.9121399684340719, ""reg_alpha"": 8.066583652537123, ""reg_lambda"": 4.793801861008835}",COMPLETE
xgboost__domain_reduced,xgboost,domain_reduced,3,31.5903,"{""n_estimators"": 350, ""max_depth"": 3, ""learning_rate"": 0.010776244716748864, ""subsample"": 0.7518862129753596, ""colsample_bytree"": 0.559683443290552, ""min_child_weight"": 3, ""gamma"": 1.8977710745066665, ""reg_alpha"": 9.690688297671034, ""reg_lambda"": 16.35954961421276}",COMPLETE
xgboost__domain_reduced,xgboost,domain_reduced,4,30.5611,"{""n_estimators"": 250, ""max_depth"": 2, ""learning_rate"": 0.030078651475264572, ""subsample"": 0.7100381234349002, ""colsample_bytree"": 0.5427133821956726, ""min_child_weight"": 6, ""gamma"": 0.06877704223043679, ""reg_alpha"": 9.18388361870904, ""reg_lambda"": 5.916819650400321}",COMPLETE
xgboost__domain_reduced,xgboost,domain_reduced,5,30.1678,"{""n_estimators"": 450, ""max_depth"": 2, ""learning_rate"": 0.023094679892576613, ""subsample"": 0.7366775698358199, ""colsample_bytree"": 0.5646990594339345, ""min_child_weight"": 10, ""gamma"": 1.550265646722229, ""reg_alpha"": 9.455490474077703, ""reg_lambda"": 18.001719658125328}",COMPLETE
xgboost__domain_reduced,xgboost,domain_reduced,6,31.2723,"{""n_estimators"": 400, ""max_depth"": 4, ""learning_rate"": 0.011530645080977573, ""subsample"": 0.6489957156047863, ""colsample_bytree"": 0.5158295511186883, ""min_child_weight"": 5, ""gamma"": 0.777354579378964, ""reg_alpha"": 3.442141285965063, ""reg_lambda"": 16.746012673886657}",COMPLETE
xgboost__domain_reduced,xgboost,domain_reduced,7,29.6175,"{""n_estimators"": 250, ""max_depth"": 2, ""learning_rate"": 0.023951255499127366, ""subsample"": 0.6352310562436907, ""colsample_bytree"": 0.7807689432639139, ""min_child_weight"": 3, ""gamma"": 1.9737738732010346, ""reg_alpha"": 7.9502029236699165, ""reg_lambda"": 4.775597949149276}",COMPLETE
xgboost__domain_reduced,xgboost,domain_reduced,8,33.3117,"{""n_estimators"": 100, ""max_depth"": 4, ""learning_rate"": 0.03119407275183074, ""subsample"": 0.7822517920102467, ""colsample_bytree"": 0.769944621340081, ""min_child_weight"": 3, ""gamma"": 0.7169314570885452, ""reg_alpha"": 2.0428215357261674, ""reg_lambda"": 17.398965091636278}",COMPLETE
xgboost__domain_reduced,xgboost,domain_reduced,9,29.1305,"{""n_estimators"": 400, ""max_depth"": 2, ""learning_rate"": 0.01107708224770985, ""subsample"": 0.6777455804289155, ""colsample_bytree"": 0.6138141627093614, ""min_child_weight"": 8, ""gamma"": 1.2751149427104262, ""reg_alpha"": 8.98491468318694, ""reg_lambda"": 9.972083578077036}",COMPLETE
xgboost__domain_reduced,xgboost,domain_reduced,10,32.3073,"{""n_estimators"": 600, ""max_depth"": 3, ""learning_rate"": 0.01573089306101593, ""subsample"": 0.8330725854779467, ""colsample_bytree"": 0.6758859261861787, ""min_child_weight"": 10, ""gamma"": 1.3087530455415064, ""reg_alpha"": 6.387815343890178, ""reg_lambda"": 9.433122119616426}",COMPLETE
xgboost__domain_reduced,xgboost,domain_reduced,11,31.0826,"{""n_estimators"": 150, ""max_depth"": 3, ""learning_rate"": 0.017737690956359183, ""subsample"": 0.6743507005378045, ""colsample_bytree"": 0.8462382039147076, ""min_child_weight"": 8, ""gamma"": 1.9097504188814736, ""reg_alpha"": 6.4646584662990305, ""reg_lambda"": 1.4594891223432995}",COMPLETE
xgboost__domain_reduced,xgboost,domain_reduced,12,29.6742,"{""n_estimators"": 550, ""max_depth"": 2, ""learning_rate"": 0.015771148246710283, ""subsample"": 0.606060620925029, ""colsample_bytree"": 0.6813792279313967, ""min_child_weight"": 8, ""gamma"": 1.4023251907875196, ""reg_alpha"": 6.936598270006787, ""reg_lambda"": 6.942088312363869}",COMPLETE
xgboost__domain_reduced,xgboost,domain_reduced,13,33.9773,"{""n_estimators"": 200, ""max_depth"": 3, ""learning_rate"": 0.04600354515127035, ""subsample"": 0.6728900476752911, ""colsample_bytree"": 0.6608604371213244, ""min_child_weight"": 7, ""gamma"": 1.11098381032856, ""reg_alpha"": 7.617960421628878, ""reg_lambda"": 1.7192734535143037}",COMPLETE
xgboost__domain_reduced,xgboost,domain_reduced,14,29.8867,"{""n_estimators"": 500, ""max_depth"": 2, ""learning_rate"": 0.02051257526788274, ""subsample"": 0.6015569893710224, ""colsample_bytree"": 0.7625434081526585, ""min_child_weight"": 9, ""gamma"": 1.699719292606726, ""reg_alpha"": 5.261938241097326, ""reg_lambda"": 8.319755779108998}",COMPLETE
xgboost__domain_reduced,xgboost,domain_reduced,15,29.051,"{""n_estimators"": 350, ""max_depth"": 2, ""learning_rate"": 0.012979241873716784, ""subsample"": 0.6970676686418158, ""colsample_bytree"": 0.7545841021814546, ""min_child_weight"": 7, ""gamma"": 1.149365906808683, ""reg_alpha"": 8.168517153301392, ""reg_lambda"": 13.20487906665041}",COMPLETE
xgboost__domain_reduced,xgboost,domain_reduced,16,30.3974,"{""n_estimators"": 400, ""max_depth"": 3, ""learning_rate"": 0.012728371741535746, ""subsample"": 0.7013105163191969, ""colsample_bytree"": 0.6355795403204811, ""min_child_weight"": 7, ""gamma"": 1.1415022159076247, ""reg_alpha"": 5.631542765296692, ""reg_lambda"": 13.78323047655295}",COMPLETE
xgboost__domain_reduced,xgboost,domain_reduced,17,28.9364,"{""n_estimators"": 350, ""max_depth"": 2, ""learning_rate"": 0.013700811427803388, ""subsample"": 0.7090905702020965, ""colsample_bytree"": 0.7192676197430657, ""min_child_weight"": 8, ""gamma"": 0.49855404882928067, ""reg_alpha"": 9.995342636581107, ""reg_lambda"": 14.429804478773178}",COMPLETE
xgboost__domain_reduced,xgboost,domain_reduced,18,30.2417,"{""n_estimators"": 300, ""max_depth"": 3, ""learning_rate"": 0.013791530643395996, ""subsample"": 0.717336566940899, ""colsample_bytree"": 0.7258976168276651, ""min_child_weight"": 7, ""gamma"": 0.4754862805888293, ""reg_alpha"": 8.341568535785886, ""reg_lambda"": 14.527891456630035}",COMPLETE
xgboost__domain_reduced,xgboost,domain_reduced,19,28.8322,"{""n_estimators"": 350, ""max_depth"": 2, ""learning_rate"": 0.014030714354105859, ""subsample"": 0.7737687938905969, ""colsample_bytree"": 0.8315444030444502, ""min_child_weight"": 9, ""gamma"": 0.46749491517383623, ""reg_alpha"": 9.993643294363695, ""reg_lambda"": 19.436035067900004}",COMPLETE
xgboost__domain_reduced,xgboost,domain_reduced,20,29.5974,"{""n_estimators"": 500, ""max_depth"": 2, ""learning_rate"": 0.018477526997024707, ""subsample"": 0.7818843156696039, ""colsample_bytree"": 0.8495096232029573, ""min_child_weight"": 9, ""gamma"": 0.3994201197109173, ""reg_alpha"": 9.836214707778222, ""reg_lambda"": 19.883012915944466}",COMPLETE
xgboost__domain_reduced,xgboost,domain_reduced,21,28.7531,"{""n_estimators"": 350, ""max_depth"": 2, ""learning_rate"": 0.013900419370754782, ""subsample"": 0.7804240989162531, ""colsample_bytree"": 0.8033410904376889, ""min_child_weight"": 9, ""gamma"": 0.6516376884694736, ""reg_alpha"": 9.82940888563863, ""reg_lambda"": 14.81119153424072}",COMPLETE
xgboost__domain_reduced,xgboost,domain_reduced,22,28.7173,"{""n_estimators"": 350, ""max_depth"": 2, ""learning_rate"": 0.014982850271674591, ""subsample"": 0.7796894749228447, ""colsample_bytree"": 0.8082621791741192, ""min_child_weight"": 9, ""gamma"": 0.6155492252130751, ""reg_alpha"": 9.977228456328762, ""reg_lambda"": 19.4372162931343}",COMPLETE
xgboost__domain_reduced,xgboost,domain_reduced,23,28.7826,"{""n_estimators"": 250, ""max_depth"": 2, ""learning_rate"": 0.01553896379173045, ""subsample"": 0.7891396736062419, ""colsample_bytree"": 0.8102556637795326, ""min_child_weight"": 9, ""gamma"": 0.6739686669430746, ""reg_alpha"": 8.88811868511544, ""reg_lambda"": 19.325480938720982}",COMPLETE
xgboost__domain_reduced,xgboost,domain_reduced,24,29.0622,"{""n_estimators"": 200, ""max_depth"": 2, ""learning_rate"": 0.016227470794271177, ""subsample"": 0.8468383460483684, ""colsample_bytree"": 0.8092090968937239, ""min_child_weight"": 10, ""gamma"": 0.68845933193923, ""reg_alpha"": 8.791921237008417, ""reg_lambda"": 15.571177680315037}",COMPLETE
xgboost__domain_reduced,xgboost,domain_reduced,25,28.6563,"{""n_estimators"": 250, ""max_depth"": 2, ""learning_rate"": 0.01874574054862427, ""subsample"": 0.80404409355558, ""colsample_bytree"": 0.8054948332167532, ""min_child_weight"": 9, ""gamma"": 0.9451767454061228, ""reg_alpha"": 6.956941045851183, ""reg_lambda"": 18.42196708798174}",COMPLETE
xgboost__domain_reduced,xgboost,domain_reduced,26,29.8576,"{""n_estimators"": 200, ""max_depth"": 3, ""learning_rate"": 0.019501159530004888, ""subsample"": 0.8086787055663367, ""colsample_bytree"": 0.799042348007932, ""min_child_weight"": 9, ""gamma"": 0.8821148339294567, ""reg_alpha"": 7.142991868015178, ""reg_lambda"": 18.08447949142218}",COMPLETE
xgboost__domain_reduced,xgboost,domain_reduced,27,28.9382,"{""n_estimators"": 300, ""max_depth"": 2, ""learning_rate"": 0.021387203317116306, ""subsample"": 0.8142205671717165, ""colsample_bytree"": 0.7267621363376824, ""min_child_weight"": 10, ""gamma"": 0.9729006987999373, ""reg_alpha"": 4.762929342065049, ""reg_lambda"": 15.491054589745888}",COMPLETE
xgboost__domain_reduced,xgboost,domain_reduced,28,41.3547,"{""n_estimators"": 100, ""max_depth"": 2, ""learning_rate"": 0.010026992089331499, ""subsample"": 0.7497598936072908, ""colsample_bytree"": 0.7911188195974638, ""min_child_weight"": 8, ""gamma"": 0.5931476950636142, ""reg_alpha"": 1.8466687404211894, ""reg_lambda"": 12.043965252890745}",COMPLETE
xgboost__domain_reduced,xgboost,domain_reduced,29,31.4835,"{""n_estimators"": 250, ""max_depth"": 3, ""learning_rate"": 0.03704918807360527, ""subsample"": 0.7656882418595199, ""colsample_bytree"": 0.8287767397643216, ""min_child_weight"": 9, ""gamma"": 0.17353144590517622, ""reg_alpha"": 1.0931359507218676, ""reg_lambda"": 18.314319549671378}",COMPLETE
xgboost__domain_reduced,xgboost,domain_reduced,30,29.323,"{""n_estimators"": 450, ""max_depth"": 2, ""learning_rate"": 0.01741867231264992, ""subsample"": 0.7998482955952573, ""colsample_bytree"": 0.7409755881281452, ""min_child_weight"": 10, ""gamma"": 0.246218683504135, ""reg_alpha"": 7.464176379000814, ""reg_lambda"": 15.901205805311815}",COMPLETE
xgboost__domain_reduced,xgboost,domain_reduced,31,28.6585,"{""n_estimators"": 250, ""max_depth"": 2, ""learning_rate"": 0.015063009410337813, ""subsample"": 0.8224005399448445, ""colsample_bytree"": 0.8146287270356081, ""min_child_weight"": 9, ""gamma"": 0.5984624762285405, ""reg_alpha"": 8.669334301306336, ""reg_lambda"": 19.101495341608462}",COMPLETE
xgboost__domain_reduced,xgboost,domain_reduced,32,32.1095,"{""n_estimators"": 150, ""max_depth"": 2, ""learning_rate"": 0.012520867078523755, ""subsample"": 0.8342163069037418, ""colsample_bytree"": 0.8211553295566855, ""min_child_weight"": 9, ""gamma"": 0.293233167643964, ""reg_alpha"": 8.632175372768222, ""reg_lambda"": 18.840241107721997}",COMPLETE
xgboost__domain_reduced,xgboost,domain_reduced,33,28.488,"{""n_estimators"": 300, ""max_depth"": 2, ""learning_rate"": 0.015337210895695933, ""subsample"": 0.8228585253805741, ""colsample_bytree"": 0.7859312116802972, ""min_child_weight"": 8, ""gamma"": 0.9867593939955881, ""reg_alpha"": 9.120170440710325, ""reg_lambda"": 17.126288528333625}",COMPLETE
xgboost__domain_reduced,xgboost,domain_reduced,34,28.6352,"{""n_estimators"": 300, ""max_depth"": 2, ""learning_rate"": 0.014962067804075104, ""subsample"": 0.8278846982829824, ""colsample_bytree"": 0.7830070718363372, ""min_child_weight"": 8, ""gamma"": 0.8261249975916997, ""reg_alpha"": 9.292234005459735, ""reg_lambda"": 16.964310574039544}",COMPLETE
xgboost__domain_reduced,xgboost,domain_reduced,35,28.7402,"{""n_estimators"": 300, ""max_depth"": 2, ""learning_rate"": 0.017392738194193715, ""subsample"": 0.8243563258733906, ""colsample_bytree"": 0.7739405054660101, ""min_child_weight"": 6, ""gamma"": 0.9828189794758914, ""reg_alpha"": 7.785989189756865, ""reg_lambda"": 17.05549088929323}",COMPLETE
xgboost__domain_reduced,xgboost,domain_reduced,36,29.1279,"{""n_estimators"": 300, ""max_depth"": 2, ""learning_rate"": 0.023494633668520337, ""subsample"": 0.844585794210764, ""colsample_bytree"": 0.7040967598422199, ""min_child_weight"": 8, ""gamma"": 0.8348499623468528, ""reg_alpha"": 9.175889533545119, ""reg_lambda"": 17.24537924968813}",COMPLETE
xgboost__domain_reduced,xgboost,domain_reduced,37,29.2733,"{""n_estimators"": 250, ""max_depth"": 2, ""learning_rate"": 0.011795653101619364, ""subsample"": 0.8207031054881208, ""colsample_bytree"": 0.7488611263800141, ""min_child_weight"": 6, ""gamma"": 1.0137320482756034, ""reg_alpha"": 8.431351615401661, ""reg_lambda"": 11.977126195199673}",COMPLETE
xgboost__domain_reduced,xgboost,domain_reduced,38,28.5955,"{""n_estimators"": 200, ""max_depth"": 2, ""learning_rate"": 0.026714816061443908, ""subsample"": 0.7996784410635687, ""colsample_bytree"": 0.7902622801405255, ""min_child_weight"": 7, ""gamma"": 0.8909426496052191, ""reg_alpha"": 6.539796358030836, ""reg_lambda"": 16.397355840880607}",COMPLETE
xgboost__domain_reduced,xgboost,domain_reduced,39,28.8033,"{""n_estimators"": 150, ""max_depth"": 2, ""learning_rate"": 0.02718867235113205, ""subsample"": 0.7599524642377056, ""colsample_bytree"": 0.779682693120709, ""min_child_weight"": 7, ""gamma"": 0.7913955136349982, ""reg_alpha"": 6.046620935873282, ""reg_lambda"": 16.476296401410668}",COMPLETE
xgboost__domain_reduced,xgboost,domain_reduced,40,29.962,"{""n_estimators"": 200, ""max_depth"": 2, ""learning_rate"": 0.034329432952548485, ""subsample"": 0.7925037327089844, ""colsample_bytree"": 0.7876069672355764, ""min_child_weight"": 5, ""gamma"": 1.0782916084243717, ""reg_alpha"": 3.860388462650987, ""reg_lambda"": 13.137210524772787}",COMPLETE
xgboost__domain_reduced,xgboost,domain_reduced,41,28.6513,"{""n_estimators"": 250, ""max_depth"": 2, ""learning_rate"": 0.026479475797969634, ""subsample"": 0.8017646622061714, ""colsample_bytree"": 0.8299084285199168, ""min_child_weight"": 8, ""gamma"": 0.9319113069907348, ""reg_alpha"": 6.8874716412643835, ""reg_lambda"": 18.072766623856324}",COMPLETE
xgboost__domain_reduced,xgboost,domain_reduced,42,29.2305,"{""n_estimators"": 300, ""max_depth"": 2, ""learning_rate"": 0.027192129515455552, ""subsample"": 0.8042851663897873, ""colsample_bytree"": 0.8333301005485152, ""min_child_weight"": 8, ""gamma"": 1.2415075026770617, ""reg_alpha"": 6.743319683003845, ""reg_lambda"": 17.695610532541252}",COMPLETE
xgboost__domain_reduced,xgboost,domain_reduced,43,28.7626,"{""n_estimators"": 200, ""max_depth"": 2, ""learning_rate"": 0.02918553414650449, ""subsample"": 0.8337826552025602, ""colsample_bytree"": 0.7585183901937921, ""min_child_weight"": 7, ""gamma"": 0.9144231002854506, ""reg_alpha"": 5.873189222085933, ""reg_lambda"": 16.41126418828873}",COMPLETE
xgboost__domain_reduced,xgboost,domain_reduced,44,28.8618,"{""n_estimators"": 300, ""max_depth"": 2, ""learning_rate"": 0.0214551205229033, ""subsample"": 0.7981304362712585, ""colsample_bytree"": 0.7813610761794141, ""min_child_weight"": 6, ""gamma"": 0.8138532979999397, ""reg_alpha"": 7.288358385106937, ""reg_lambda"": 18.235935201417192}",COMPLETE
xgboost__domain_reduced,xgboost,domain_reduced,45,28.7006,"{""n_estimators"": 150, ""max_depth"": 2, ""learning_rate"": 0.025205318936415675, ""subsample"": 0.8143549088867644, ""colsample_bytree"": 0.7938122203893595, ""min_child_weight"": 8, ""gamma"": 0.9388421461654509, ""reg_alpha"": 4.699313678056512, ""reg_lambda"": 15.222134893831102}",COMPLETE
xgboost__domain_reduced,xgboost,domain_reduced,46,33.5301,"{""n_estimators"": 250, ""max_depth"": 4, ""learning_rate"": 0.03934877788844578, ""subsample"": 0.8366047753977924, ""colsample_bytree"": 0.8407086637060218, ""min_child_weight"": 7, ""gamma"": 1.0564197535665831, ""reg_alpha"": 9.342468605942765, ""reg_lambda"": 17.063027926387303}",COMPLETE
xgboost__domain_reduced,xgboost,domain_reduced,47,28.7405,"{""n_estimators"": 250, ""max_depth"": 2, ""learning_rate"": 0.02515351357072604, ""subsample"": 0.7407827185473258, ""colsample_bytree"": 0.7623260587193222, ""min_child_weight"": 8, ""gamma"": 1.4432866023755504, ""reg_alpha"": 6.519186027122599, ""reg_lambda"": 16.267923863456033}",COMPLETE
xgboost__domain_reduced,xgboost,domain_reduced,48,30.6855,"{""n_estimators"": 400, ""max_depth"": 2, ""learning_rate"": 0.03286645800764435, ""subsample"": 0.8497267260591582, ""colsample_bytree"": 0.8187452720802473, ""min_child_weight"": 8, ""gamma"": 1.2078452496631744, ""reg_alpha"": 5.1675365191805565, ""reg_lambda"": 18.531030546929063}",COMPLETE
xgboost__domain_reduced,xgboost,domain_reduced,49,28.9273,"{""n_estimators"": 200, ""max_depth"": 2, ""learning_rate"": 0.01903513975284376, ""subsample"": 0.7952323630604505, ""colsample_bytree"": 0.7724582869712087, ""min_child_weight"": 4, ""gamma"": 0.7518437823793505, ""reg_alpha"": 6.875715549318221, ""reg_lambda"": 17.681206298508204}",COMPLETE
